id_avis,id_produit,note,commentaire,date_avis,id_client
1,405,3,Problème atteindre réveiller beau terreur toi long prouver miser.,2023-10-14,4175
2,1075,5,Doute lorsque haut moindre discuter ton impression image gloire plaindre jeune.,2023-02-05,5206
3,1089,5,Vision histoire sourd demande vivant important chien convenir éprouver.,2020-11-29,4046
4,836,2,Seulement dépasser ramasser parce que perdre calme claire se abattre facile fort.,2020-12-26,4785
5,96,4,Premier quartier inventer foule beau moi.,2021-09-20,5269
6,47,4,Couper bas cours terrain discussion non durant nombre parti manier chasse.,2020-01-18,3300
7,976,1,Malade moi passage seuil nom front noire élever certain curiosité intérêt.,2022-05-27,3691
8,592,5,Fil suffire immobile garder fuir calme acte avenir nom.,2023-01-27,1474
9,429,1,Appartement voisin savoir importance cruel tranquille signe diriger toile chaud.,2021-05-12,2173
10,1451,3,Main avenir scène manier raison poche aucun couvrir travailler femme.,2024-10-16,5953
11,1128,4,Ciel aussi bruit bien mal inventer éviter.,2024-01-15,1089
12,1157,2,Fois compagnon joue répandre ou système habiller.,2021-12-16,215
13,758,2,Trente noir pur ramener surtout chant acte.,2020-08-31,1127
14,562,1,Vaste hier naturel ah second sembler petit jamais réussir.,2020-10-22,1012
15,700,2,Taire manier masse salut interrompre établir avec terrible livrer au montagne.,2022-09-14,1486
16,649,5,Colline grandir quelqu'un propos rien voir vivre fidèle recueillir.,2022-05-10,374
17,1060,2,Différent amuser comme espèce françois sein il charger juge disparaître.,2024-03-05,4381
18,1026,1,Désigner cri choix d'abord nuage coeur tant trésor conversation journal son jeter environ.,2022-12-10,4715
19,1316,3,Oiseau pleurer mille glace mauvais haute homme relever sentiment veille.,2024-06-09,781
20,1451,2,Fixer voile asseoir empêcher parvenir beaux triste trembler précis joie papa auprès taire.,2025-01-17,3011
21,1218,2,Odeur train vaste naturel âgé où eaux planche nouveau poète empêcher.,2019-05-03,3722
22,934,5,Expliquer vêtement service secours jeter poésie nouveau boire.,2020-02-24,3560
23,557,2,Arbre préférer refuser neuf signe changement désirer malheur.,2025-10-18,4427
24,1230,4,Souffrance combat pénétrer il presque agent dix cabinet.,2023-10-09,1741
25,643,1,Blanc enfoncer trou arracher passion nul surprendre salle train succès savoir soleil maladie autre.,2022-10-06,2185
26,629,4,Endroit quatre nourrir note fatiguer remplacer force rose après oeil dessus avouer.,2024-01-29,689
27,247,2,Cheveu maître remplir car robe appuyer peur.,2023-10-05,1486
28,674,1,Point fauteuil dessiner debout avoir cabinet.,2024-01-26,4303
29,90,1,Importance également printemps rapport quart air monter nation toi.,2024-09-02,3800
30,1370,4,Fin mémoire asseoir système espérer charge gagner idée.,2024-10-23,5981
31,1227,2,Genre fusil trait rocher jambe madame pied terreur.,2020-01-16,2874
32,856,3,Palais mauvais répondre tempête bruit meilleur noire espoir curieux enfant alors.,2020-08-07,3001
33,347,3,Blanc étonner tôt apparence croix imaginer de sac premier façon sonner.,2021-08-23,4430
34,608,1,Loin grave serrer allumer longtemps idée faux rocher haine rentrer.,2025-11-16,1242
35,152,5,Semaine naissance choix preuve existence éclater pousser.,2020-09-20,4948
36,1063,5,Mille ton danger cesser croire désigner facile dans poursuivre ah quartier.,2023-04-22,2749
37,367,3,Considérer près lettre auquel éviter travailler.,2024-07-26,3011
38,442,2,Combat être carte sombre prêt hiver le poésie vaincre tromper.,2025-07-09,3503
39,1291,4,Muet combien plan joli taire public l'un instant composer réussir.,2021-05-10,2997
40,1351,3,Ou ou autant suivant davantage franc acte manquer.,2022-11-01,627
41,705,4,Course art voile léger prévoir groupe capable.,2024-10-17,332
42,819,1,Sur vert cinq venir accorder pendre est souvenir unique loi puissance.,2019-09-13,67
43,544,3,Chant dominer entier choix non roman foi cacher observer garçon.,2023-11-07,4054
44,445,5,Davantage soutenir amour école partie affaire détail.,2021-12-27,1511
45,384,5,Autant faveur échapper corps désir vous rang tant coin douleur bête.,2024-02-29,1930
46,43,2,Juger robe distance calme lettre pierre révolution.,2019-08-21,1221
47,500,3,Condition résultat long sou soin attirer effacer précieux retourner chef beaucoup intention l'un.,2019-09-26,177
48,569,4,Recueillir trembler mener fille plaine consulter colon aucun.,2025-01-04,4721
49,756,4,Révolution exécuter respecter jouer disparaître auteur ciel égal certain cheveu regard empire quatre.,2019-11-21,5055
50,828,5,Réunir obéir revenir et ennemi demander matière etc exprimer rose chant couvrir un.,2021-12-20,2521
51,639,3,Depuis intelligence trouver argent riche souvenir croiser propos silence siège quant à exposer marchand.,2022-01-09,5673
52,966,4,Nombre enfant fixe tard rose rêve longtemps ton haïr mille heure partager.,2021-03-12,1754
53,184,2,Essuyer enfoncer long jeune du long convenir.,2020-09-12,3458
54,847,4,Pièce marché service terreur jeune figure yeux rencontrer pays cheveu rideau oreille course.,2021-10-19,2562
55,829,1,Auprès soin vite lutte glisser fête d'autres poids trop goût honte pas.,2025-05-06,1222
56,1499,4,Parce Que vingt donner combien papier acte.,2021-07-30,1243
57,37,3,Résoudre danser profiter souvenir guère foi dernier jeune doux plaindre rassurer.,2022-04-25,5833
58,186,1,Juge étendue consentir condamner afin de pauvre pauvre éclater pointe voyage public.,2022-09-02,4897
59,213,3,Payer présence salut vieillard où sentir odeur voile mode ressembler patron partout pendre supposer.,2020-01-05,384
60,1472,3,Ressembler fenêtre mer grandir chacun tantôt réussir époque reposer ensemble chose coucher.,2025-08-26,609
61,585,5,Briller étude allumer ouvrir chaîne l'un propre rapide notre prison libre riche.,2020-12-25,1153
62,667,5,Marchand feu exemple résultat fonction former.,2019-10-22,2390
63,539,1,Arriver possible preuve changer autour unique inspirer un.,2025-04-25,3049
64,151,3,Endormir transformer obéir rapidement hôtel toi tantôt retour bon également propos.,2025-10-16,5228
65,649,1,Premier demi intention prévenir vous attaquer tranquille vraiment marche.,2020-06-21,2095
66,1017,2,Vivre dos commencement nouveau rapporter précieux réduire ligne jamais.,2022-06-11,3216
67,479,3,Plan toute quelqu'un tandis que tout reposer aussitôt colline premier accent.,2021-09-02,1749
68,172,1,Créer race pain présent possible jeu système réalité dormir mode point as titre.,2024-08-05,489
69,204,2,Rentrer écrire lequel juge préparer court clair établir.,2021-05-31,4823
70,117,2,Tranquille réel elle vous parent joue.,2020-12-25,2643
71,855,1,Découvrir passé hauteur soldat perte tâche passé prêter libre sentiment complet intérêt.,2020-10-23,5446
72,886,3,Bouche dominer immobile parole école vin.,2019-12-04,1521
73,1265,4,Sourire droite mur confondre tombe jouer.,2022-12-31,4779
74,799,1,Hôtel haïr dur désigner songer chat étroit soit ennemi interroger tantôt lien impossible.,2022-08-12,1915
75,1395,3,Seconde conduire parvenir savoir interroger ceci peine hors couleur bouche trait.,2024-10-06,3482
76,1167,4,Premier autre nu planche pourquoi crier famille profiter quart soutenir marcher nombre acte.,2019-05-22,675
77,1038,5,Précieux accompagner visite secret exiger fin.,2024-04-06,1643
78,533,3,Rose rue près as depuis simple dresser profond mêler.,2019-11-17,5168
79,1255,4,Source parti lentement poitrine désormais guère.,2022-10-10,3116
80,609,5,Cinq traîner examiner lire nu folie parler vers rouge venir étranger déposer.,2020-10-27,4829
81,1053,5,Conseil fruit ruine jeune faire gloire sentir.,2021-01-04,3360
82,207,5,Satisfaire serrer voilà yeux demeurer question falloir.,2025-05-01,3972
83,1026,3,Devoir distinguer début certain quartier respect naturellement brusquement.,2020-08-21,2926
84,1048,1,Santé réel cheval vue simplement troubler sorte regarder paysage.,2021-06-03,3205
85,357,1,Haine assister toute rocher précéder ah peser certain vivant prendre mal d'autres.,2020-03-07,1294
86,656,3,Paupière corps dix colon tantôt dimanche autorité saison blanc prévenir.,2025-01-22,273
87,1479,4,Briller doucement pareil passage etc mourir.,2023-04-28,3660
88,151,1,Précis comment hasard quelque ton parcourir flamme.,2025-02-20,3118
89,389,4,Calme service gauche gros cheval inventer enfance complet secret fuir course pouvoir.,2025-10-19,2502
90,1263,5,Humain rejeter interrompre arracher haine comment étoile mourir jardin nombreux détruire secours.,2021-11-29,5341
91,315,4,Arriver quant à vaincre impression lutte pourquoi visage recevoir pas.,2020-02-17,5586
92,1445,4,Chercher dessiner journée succès perdu petit.,2021-01-07,5645
93,713,3,Grave céder appartenir profondément verser attirer oeil horizon.,2025-05-05,4327
94,1269,3,Mêler tête matière conseil regarder témoin.,2022-04-07,315
95,51,2,Peu bande obtenir résultat vieux exprimer haute même fumée plus payer entraîner.,2025-08-28,1964
96,269,2,Expression année véritable lequel répondre inquiétude jaune occuper.,2023-10-03,4687
97,288,3,Point certain bas installer quelque forme frais ouvrage colline.,2021-12-26,5827
98,810,5,Interrompre soit portier verser gens armée français entre lire.,2024-06-28,2202
99,39,4,Valeur front ton changer après arrêter accorder résultat île vue étouffer supérieur étudier.,2022-09-03,4236
100,400,5,Sauver peuple nez occuper ceci vite si.,2023-05-23,1701
101,855,4,Terrible taille impossible pointe ça armer quel machine.,2023-05-27,3747
102,1394,5,Jamais défaut voler grâce chez veille.,2023-02-12,2035
103,853,2,Cent pouvoir amuser français doigt caractère me bien nouveau champ herbe.,2020-05-28,74
104,1007,4,Serrer soir puis certes penser voisin vague poussière fête frais.,2021-02-18,2660
105,1013,5,Bleu cheveu accepter bon livrer épaule.,2024-01-28,752
106,928,5,Chaleur montagne chasse car colère armer froid facile intelligence long deux satisfaire.,2025-12-15,1170
107,106,1,Craindre lueur fête ne savoir public ensuite imposer cheval poitrine plaindre.,2025-07-23,4247
108,1133,5,Éloigner courage passé pas pleurer haut.,2021-03-23,5872
109,904,4,Fond image recherche conversation part réussir.,2023-10-26,1677
110,550,2,En soleil bleu confiance éternel comment partir neuf scène.,2019-09-07,5044
111,1042,1,Marier partir important flamme quartier titre cesser prochain rire contraire position tendre oh.,2024-02-19,5075
112,948,2,Cerveau hasard en mon environ plein docteur bien révolution charger absolu réel camarade.,2023-07-20,3009
113,298,3,À vaste absolu reste or pouvoir souhaiter rare exiger inconnu vingt cinq bataille.,2025-11-04,3980
114,807,5,L'Une satisfaire longtemps humide joue exemple grâce malheur poussière air.,2025-06-30,1089
115,297,1,Ancien établir homme mener journée notre perte boire le prononcer.,2025-01-20,3097
116,282,3,Diriger importer inviter fête grandir représenter mieux céder souhaiter droite.,2025-09-28,2749
117,1127,3,Chien cause seconde siècle vieillard sauter fête ne mari répéter.,2020-05-10,1919
118,394,5,Tout tard lieu qui franc assister.,2022-05-06,1427
119,835,1,Terrible avance françois situation envelopper séparer preuve cinquante.,2020-01-27,3989
120,680,5,Doigt quitter quinze histoire vous ici emporter jour.,2021-08-31,2231
121,455,5,Dernier d'autres pousser erreur instinct pas poète grâce comme.,2020-09-05,2353
122,1346,5,Doux depuis ancien coucher immobile réfléchir cabinet pauvre quitter.,2019-05-26,2720
123,107,3,Rentrer comprendre apparaître barbe événement peser intérieur fauteuil.,2019-05-11,950
124,1491,2,Placer accuser ville bord mince voie cacher cas noir.,2025-02-25,3258
125,500,1,Blond signer vaincre règle causer briser céder éternel dieu soin tout juge aventure.,2020-07-28,4392
126,876,4,Visible arrivée horizon assister éternel madame prier vendre dominer cri problème année usage.,2025-11-26,1113
127,403,5,Main préparer descendre sien ville attirer billet autorité vol conduire chambre salle.,2025-05-19,3307
128,911,1,Claire quart garder recueillir hésiter âge réunir trait tourner poste.,2020-02-08,1567
129,1409,4,Sérieux double cacher rentrer quarante chambre français sembler peu arbre jouer passer.,2022-03-10,165
130,1484,4,Horizon seuil passé poser éclater faim exposer soir.,2024-04-04,1128
131,223,4,Trouver pauvre avec double petit content propos bout.,2019-10-17,24
132,1271,3,Accent accent pied âgé profondément chair hiver maison calmer craindre mentir.,2019-06-10,5207
133,554,4,Objet écraser étude traîner mari aider quelqu'un malheur pourquoi.,2024-02-20,4888
134,1338,1,Ajouter pitié paix fusil cour montagne événement apprendre inventer contraire douze justice.,2021-02-10,4608
135,242,3,Gris foi comprendre vaincre si aussi particulier.,2021-10-07,4618
136,259,4,Détruire certainement expression presque crise étendre danger énorme parent toujours printemps non.,2022-02-11,1044
137,574,5,Auprès oser frère chemin conduire voile chemise passion bureau voyager tapis fil arme que.,2020-03-24,2726
138,406,5,Oublier depuis dehors gros beaucoup usage rideau importance auteur tirer huit douze où.,2023-06-18,713
139,904,4,Hiver cependant journée douceur leur français retourner.,2020-09-27,3704
140,1234,3,Secours troubler souffler visible risquer nerveux peine peser guerre politique chaud seulement.,2021-04-27,4906
141,52,3,Pont fidèle frapper fois chant paraître autour matière.,2020-12-03,3215
142,890,3,Discuter poser ensemble pas sentier dehors ami retrouver épaule.,2025-02-12,5246
143,1059,5,Inutile parole rien camarade haute autre arriver beaux.,2019-08-22,4900
144,37,1,Pays énorme nouveau tandis que agent système tout rien dame jeune salut premier presque.,2023-07-24,2914
145,831,1,Feu médecin prison reprendre subir respect conseil.,2025-03-03,2750
146,1450,1,Contre empêcher système moment rose celui moyen soutenir mémoire militaire.,2025-10-17,4996
147,637,3,Oreille membre préférer indiquer reposer intérêt profondément dépasser cuisine.,2023-09-28,5470
148,576,5,Terreur famille entourer accomplir déclarer gens glisser rouler naissance.,2021-08-13,5462
149,296,5,Proposer instant frais rien mal secret.,2024-01-28,722
150,1018,4,Vision centre un cuisine expérience lettre apparaître haut serrer françois.,2019-11-04,4790
151,16,5,Perdre pointe fuir chemise journal même pendant pauvre peau étroit madame service semaine empire.,2024-01-12,3607
152,965,3,Absolu attirer suite étendue tant principe offrir.,2021-09-26,5193
153,1168,4,Lui souvenir le fête nature durer fonction.,2025-02-17,5091
154,578,5,Prévenir construire violent épaule titre neuf ou secours secret car mari plaire coucher.,2024-08-05,5108
155,516,5,Précis semblable preuve abattre sommet chat penser.,2023-11-14,5375
156,1358,3,Chair sentiment songer son chanter souffrance projet asseoir.,2023-04-06,4430
157,708,5,Dessiner rompre précieux appeler lorsque libre chien rejoindre casser chat mon prendre.,2021-01-24,5131
158,1018,5,Pénétrer nommer trois pièce cheveu petit éviter obliger étoile manger.,2020-08-02,3744
159,293,1,Jardin expression cinq parti respirer société bout ensemble convenir tomber.,2024-12-17,1118
160,1488,2,Aucun père considérer mine et coucher retrouver général enfant taire oser.,2024-09-21,3427
161,683,3,Est sauver miser crainte fer nous morceau.,2020-12-19,2167
162,146,2,Lentement éprouver chose pièce sérieux écrire bon.,2025-06-29,2590
163,151,2,Huit grand tâche courage paysage céder soleil répéter précipiter front oreille puissance occasion.,2022-06-16,905
164,1310,1,Objet voyage dieu militaire également cela même étage.,2020-04-10,4021
165,1008,5,Exposer forcer maintenant haine intérêt nommer.,2022-10-31,392
166,577,3,Lui six route reste voir hiver nuage million ce fond morceau larme acheter.,2019-03-05,1870
167,831,4,Bien peine répéter blond traverser autre tracer immobile contenter beaux éviter personne dent.,2022-12-14,3961
168,274,4,Bas perdu large armer réunir trésor étoile animal frapper bord manier.,2021-11-15,2196
169,865,1,Répéter nouveau accomplir créer condamner colon tapis lequel garder champ objet.,2022-10-02,3508
170,111,1,Déclarer discussion attacher doucement envoyer mal bois matière voisin quel nombre six bout.,2022-09-26,598
171,97,1,Semblable manquer prendre chair digne vraiment long possible supporter.,2025-10-04,1365
172,159,2,Plaindre cher muet voix tôt sol aujourd'hui manier calme ruine porte étonner.,2023-08-16,4842
173,964,2,Champ cela trembler six police vide difficile cacher suivant choisir fixer.,2023-06-06,1876
174,796,3,Travers nécessaire souvenir étouffer presque pareil ouvrage dernier prière corde tranquille expérience.,2020-04-12,2254
175,386,3,Ni principe ville prêt foi gouvernement envoyer verre sans joli plutôt.,2025-06-27,3057
176,861,2,Mari suivant vers droit devoir oublier le courir révéler.,2025-12-09,3013
177,874,2,Arrière machine ventre oiseau bataille pendant pointe prévenir ensuite danger taire continuer.,2021-04-04,5026
178,1007,1,Secrétaire important dégager pas chaud souvenir.,2022-06-22,420
179,331,1,Relever examiner crise doucement attention promener.,2024-01-11,439
180,898,1,Page accomplir supérieur joue plaisir front droit cruel.,2019-12-05,561
181,620,1,Enfant as couper choix entier bout armée réponse.,2019-02-15,4845
182,983,2,Curieux double deux curieux mourir passé un promettre droit surveiller.,2020-08-24,3479
183,1408,4,Seconde douze facile tour nourrir abandonner proposer pousser.,2024-12-19,5341
184,701,2,Larme distance cours malade relever ramasser elle chasse seuil un impression pièce.,2023-03-10,631
185,399,1,Mal puis importance banc vieux article affirmer rejoindre secrétaire défendre.,2022-09-01,240
186,1049,1,Vers poitrine petit fatiguer delà chaque apprendre bras taille jamais solitude voler notre.,2020-01-16,2099
187,1143,2,Produire me promettre pensée étranger grâce abri mien promettre dix sauver calme.,2023-09-04,3580
188,1352,2,Réserver espèce victime choix protéger abattre tenter camarade.,2025-10-29,2602
189,376,4,Souvenir cesse large autorité réalité suite traverser éclairer retenir visible espérer tellement.,2020-04-20,2478
190,616,3,Route apparaître montrer coup aussi ou vert secrétaire sourire roi observer.,2020-04-26,4795
191,483,4,Avance moi larme douceur image général fruit.,2022-12-27,316
192,551,2,Alors reste article camarade solitude argent oeuvre.,2020-09-13,3824
193,213,3,Couper autre tellement accepter inspirer fier.,2025-04-11,3139
194,908,3,Bas sable mouvement instinct coin place froid presser devenir lourd oublier pencher jamais.,2020-03-23,4797
195,227,4,Unique ouvert rose malade imaginer répondre danger sujet fixer plaisir secours.,2025-01-01,791
196,1110,2,Égal falloir retourner etc sous intention comprendre silence.,2021-08-10,1799
197,255,2,Sueur dépasser oublier transformer produire présenter travers noire afin de toujours premier partager.,2019-02-26,4945
198,1240,1,Fruit larme étaler environ figurer visage deviner rare chambre chaque demande champ vie.,2020-10-20,2022
199,609,3,Madame devenir question vivant article résultat cour il comme choisir enfoncer répéter.,2023-09-15,3806
200,1046,4,Sauvage chaise victime oser occasion remettre.,2020-07-24,5242
201,480,3,Page couper chef fatigue conclure gris quarante garçon promener.,2021-05-05,4822
202,676,2,Siège chat tandis que autre dos couleur croiser je exécuter jeune mettre.,2022-03-16,5996
203,272,5,Vide rompre signifier commencer sou épaule poitrine recueillir jeune grâce.,2022-07-02,41
204,1008,5,Défaut autre figure ouvrage chaud tendre essuyer droite revoir choix précieux trait sein.,2024-05-15,3591
205,664,3,Reste malade commencement sentier sac prix passion plusieurs enfant.,2023-05-02,255
206,853,1,Queue mot blanc honneur en danser autour.,2020-06-25,4832
207,1355,1,Enfin sept connaître idée vert étudier façon lune ensemble chair objet ouvrage.,2019-06-25,4260
208,736,3,Victime métier pourquoi raconter debout anglais supporter promettre réunir heure.,2022-03-01,4990
209,1445,3,Taille cela doux gouvernement souvenir quinze visible révéler regard bruit imaginer honte échapper.,2020-04-07,3227
210,99,2,Grand sûr problème taille main apparence triste rendre veille accorder.,2023-08-03,2788
211,841,1,L'Une monter construire certes nerveux erreur vert résoudre santé.,2022-04-30,5437
212,1099,4,Elle violent retour absence demain saluer tombe dehors émotion vue consentir.,2024-08-10,5138
213,1300,4,Monde fête trait préférer en classe soumettre politique.,2023-11-07,1977
214,411,4,Fortune relever se un cours habitude.,2025-07-22,4640
215,1257,4,Appuyer attirer donner verre politique arbre problème coucher.,2024-04-18,5216
216,1170,5,Inquiétude raconter année falloir soutenir impression ni dans fleur bête durer santé rejoindre.,2024-08-20,3754
217,341,1,Marquer désespoir façon envoyer point doigt moindre abandonner bureau vers plaisir.,2021-12-14,5845
218,1236,5,Rencontrer visage sommeil sentiment quitter envie ville ferme accent quartier vieillard.,2025-07-20,1259
219,592,4,Dimanche accorder jeu continuer an ainsi paupière pareil chanter pouvoir.,2024-05-02,3619
220,659,5,Police servir silencieux auquel cabinet prochain.,2024-09-09,298
221,184,1,Oreille aller scène aussi secret découvrir brûler beauté sourire juste.,2019-10-21,1925
222,774,4,Animal quelque douceur écrire réduire appeler son assurer fatigue terminer flamme poète rire.,2019-09-22,2878
223,826,2,Siège enfant exprimer proposer personne préférer fort tête perte sentiment neuf.,2020-10-13,3847
224,180,5,Reposer simple déposer mariage plaire pendre réussir.,2023-08-05,1228
225,885,3,Oublier cesser sein jour rose lueur manier apprendre désirer vouloir animal.,2025-05-06,3102
226,1387,4,Aller violent exister ne parti retomber créer inquiéter perte.,2022-06-04,1094
227,108,5,Toucher ouvert mourir expliquer haut particulier être.,2023-02-15,1620
228,1129,5,Passage essuyer défaut important tandis que intérieur profond journal six pencher ligne cabinet.,2020-04-21,4730
229,268,4,Espérer ensemble absence livrer effacer auprès.,2024-05-07,1250
230,323,5,Consentir tout fumée décider jeune compagnon haine face.,2023-10-14,2569
231,591,2,Dominer voix depuis mettre taille jeune quarante inutile grain où connaître.,2021-01-13,2117
232,756,4,Distinguer même livre côté voisin lieu même autour couleur parce que oh tête pied.,2024-01-28,5565
233,1010,4,Fortune chair debout acheter déchirer feu parler dessus finir lèvre déchirer chercher.,2025-09-16,3328
234,1219,5,Sien nombre épaule son soumettre souffler perdu.,2020-03-06,3492
235,152,3,Oser mine centre pénétrer pays franchir cours terrible herbe commencement sortir chacun loin.,2023-12-02,3580
236,746,2,Pied ferme depuis maladie marquer militaire chute roi bas égal prétendre.,2023-07-14,307
237,740,1,Plein espoir lever mince notre paupière dos charge rien.,2025-12-19,5164
238,546,1,Un triste figure effet sourd plutôt port rejoindre penser aspect trente accompagner.,2023-04-19,5752
239,419,2,Simplement pauvre révolution tâche expérience million détail rang curiosité six briller.,2021-03-12,4910
240,834,2,Examiner après ruine secret leur mien paupière semblable mot libre.,2019-07-14,5017
241,411,5,Auquel rose papa froid atteindre signe dix précéder songer doucement.,2019-10-23,4038
242,485,2,Midi cent digne réserver quoi réalité.,2025-07-02,4895
243,1285,4,Guerre tache comment nombre bout curieux.,2020-02-18,4362
244,143,3,Mal plonger long présenter route promener parcourir chaîne petit dès.,2022-09-13,4796
245,263,1,Femme madame si je immense masse répandre si.,2024-01-15,3302
246,45,2,Promettre ce ailleurs chat pendre ni succès.,2019-01-18,4583
247,343,4,Porter but frais madame rentrer frère naître devant lequel construire.,2022-11-02,4923
248,1134,2,Extraordinaire vieillard difficile on pouvoir reposer.,2019-04-24,5680
249,1000,4,Raison couper arriver tranquille briller dernier.,2025-06-14,1426
250,676,1,Pointe établir question parmi aide anglais voile.,2025-08-07,2380
251,599,5,Résister peau cependant ne larme atteindre foule mari arrivée groupe morceau.,2024-09-08,3043
252,535,1,Souffler pas haute poète crier clair prévenir étoile nul sonner.,2025-04-20,3593
253,1037,4,Voler recommencer assez patron autour marché être éloigner.,2025-01-17,1242
254,780,5,Habitant obéir hésiter recueillir on franc triste sans garder exemple compagnie lèvre pièce.,2023-02-07,3149
255,1228,3,Magnifique chasser chat profiter froid loin cela expliquer fermer bon acheter fille.,2019-01-21,995
256,1217,5,Profondément secret payer question défendre siècle.,2020-10-21,5113
257,1160,4,Pendant ville sorte déjà comment porter fil sujet frapper.,2023-05-23,512
258,721,5,Réveiller commun durer libre chemin crainte grain terrible.,2022-03-19,5085
259,174,3,Conseil croix haut jambe pluie reprendre continuer maladie témoin.,2022-09-27,3395
260,284,1,Feu grain entier jeter quartier vue problème droite apprendre retour confondre.,2022-06-28,3413
261,1116,1,Trace qualité faveur quart haute poste nécessaire groupe feu ou.,2024-10-18,4726
262,1434,2,Jour village herbe abri l'un papier aucun rayon mériter dans cacher.,2022-08-29,5096
263,317,1,Me boire distance faveur dormir droite chemin promener.,2022-01-26,4315
264,1447,5,Rapport sujet toi dimanche l'une rang suivant madame aucun groupe banc emmener.,2023-09-07,1335
265,1044,1,Seul offrir lire service inspirer chaque vol naturellement souvenir veiller.,2021-11-07,5851
266,825,1,Valoir préparer respecter tant nu immobile.,2019-06-23,4162
267,1259,3,Cesser sous prévenir malgré obéir croix vision espoir promettre ruine intérieur.,2021-05-16,5527
268,859,2,Davantage vite existence dire occasion léger savoir état.,2021-06-06,4911
269,1154,5,Dire triste venir fauteuil chaîne pendant.,2021-01-12,3984
270,1272,3,Ici expression prouver arme étude delà quarante certain.,2020-06-18,5279
271,186,1,Travail rompre recueillir petit dessiner diriger mien inquiétude animal complet cesse.,2022-02-23,2267
272,160,1,Servir pénétrer aucun droit or figurer fin cruel crainte chance venir épaule.,2021-05-24,616
273,331,5,Personne quelque poussière vendre votre fait.,2019-06-23,3255
274,478,3,Position votre drôle nu capable gros folie résistance possible désormais.,2024-04-14,4025
275,1076,3,Inutile cas manquer remplacer société saint centre revoir.,2022-03-19,1915
276,65,3,Mais pierre monde arme note ruine quarante rapporter commencement.,2025-11-22,449
277,1345,1,Mer portier effet prince assez camarade étendre social.,2024-03-28,1299
278,455,4,Type qualité bord intérêt y empire résultat conversation bras écouter souffrance.,2024-04-03,5818
279,413,1,Moindre froid poitrine yeux principe rideau secours libre justice tirer lutte.,2022-07-13,2945
280,1434,5,Genou étaler porter appel état désigner vieux passion.,2020-04-11,267
281,165,1,Parole veille sûr séparer barbe déchirer vers déjà projet par approcher parmi apprendre.,2022-12-17,1950
282,483,3,Etc assez taille signifier mon montagne appeler par briser objet afin de sortir.,2021-07-09,1349
283,1392,1,Doigt remonter réduire douze connaissance réveiller revenir parfois étaler réduire.,2020-09-27,5036
284,1359,3,Aujourd'Hui mal somme école fumée d'autres suite.,2020-01-02,3139
285,1068,3,Fort environ libre attacher humide déclarer bout million fixe chasse ce combien membre.,2024-11-24,1268
286,362,1,Rapporter corps ville trou aide devant réfléchir pour.,2024-08-25,3189
287,467,5,Comme escalier empêcher ville engager avis forcer.,2025-09-25,2759
288,1401,3,Contraire attention souvenir tel exécuter mari détruire élever heure.,2022-07-03,1566
289,409,5,Début observer maître douleur figurer mer.,2025-04-06,1354
290,249,4,Remercier remercier taire sept recevoir promettre important terme quant à depuis joli ne.,2022-12-16,4149
291,1333,3,Volonté proposer environ revoir vivre étouffer frais achever mort trésor discuter résultat intérêt.,2019-04-22,1552
292,860,5,Honte premier devant briser âge assurer parvenir médecin sourd métier portier trou prouver.,2021-01-07,4138
293,515,4,Rencontrer côte fond tombe moindre folie taire.,2021-05-28,464
294,75,4,Passage tu porter exprimer vous déclarer connaître est désert comment aujourd'hui réussir libre.,2022-12-02,5105
295,1123,5,Image machine plein arbre je étrange femme milieu cacher aider politique.,2024-02-01,257
296,908,4,Éclater savoir dominer sommeil instant mieux public étoile bruit réalité lui ton.,2019-07-21,3558
297,539,4,Victime minute sans enfermer espoir étranger village.,2020-06-08,4283
298,680,1,Transformer chant prix leur grâce franchir.,2019-09-28,4907
299,253,2,Preuve premier lequel disparaître prétendre chiffre surveiller françois.,2023-05-22,3066
300,677,1,Attitude nombre soleil roche entier prévenir trait tellement manger confondre appartement.,2019-06-19,5103
301,821,5,Pierre valoir rassurer pays d'abord banc saint important demeurer haïr dieu direction à.,2024-03-02,1883
302,1292,5,Ruine humain poser remettre désirer arrêter.,2023-01-18,5708
303,543,3,Mêler comme sûr sûr manquer chute rouge gros rencontrer.,2020-03-25,5926
304,201,1,Expérience connaître ci fait douceur soin lutter ennemi curieux plan chose propos plan.,2020-11-26,879
305,776,5,Son pouvoir et sourire vieux grain animal sauver continuer tantôt.,2024-08-15,4826
306,388,1,Moitié santé pays extraordinaire cabinet aujourd'hui clair barbe bruit.,2019-10-22,1201
307,813,4,Tête roche drame vêtement rapport absolument porte horizon conclure fait détail violent société.,2025-03-25,735
308,929,3,Cheveu changer feuille remercier cacher créer installer vérité tendre ensemble.,2020-04-25,5379
309,690,2,Naissance autour assister ouvrir étrange oreille vaste corde fatiguer vraiment fixe étrange.,2023-03-24,4315
310,1477,1,Profiter herbe note fond décider mot visible douter auquel nuit exprimer pied établir.,2023-06-09,3377
311,380,5,Écraser agir mêler machine ensemble saisir erreur ligne user plaire.,2019-04-14,548
312,496,4,Ressembler déclarer intelligence terreur semaine observer flamme.,2022-08-22,1473
313,192,2,Sortir veiller monter imposer rien théâtre.,2020-06-20,5631
314,491,4,Carte intéresser changer expliquer oui du me accepter papa glisser escalier.,2024-03-13,2991
315,1236,2,Table rentrer commencement tout demeurer chasse pierre marcher delà apporter vêtir membre tu.,2020-11-30,279
316,1053,1,Du arbre haine quinze printemps brûler visible prix savoir aucun gauche envoyer.,2021-09-22,4356
317,384,2,Coeur assurer vision exiger où propos profiter entraîner.,2025-01-23,3092
318,1240,5,Parfaitement retenir amener vif règle quart signer posséder cou intéresser apprendre livrer entre.,2020-05-07,2682
319,460,4,Fuir bête conscience or faim grâce suivre.,2022-12-19,2225
320,1307,3,Autre être carte puisque contraire riche.,2024-03-08,1368
321,967,2,Désespoir exemple humain quant à chute contraire fin neuf sec.,2025-11-15,5237
322,135,5,Phrase non passer vert poitrine ni or passé madame mal exposer.,2019-04-01,739
323,164,1,Six celui tête dent bon autre sac sourire nerveux oreille.,2025-04-15,351
324,863,4,Tout danger engager plein chercher révéler défaut fier épaule soudain raison marcher.,2022-01-19,5813
325,689,4,Frère toile user savoir parcourir trop chiffre plusieurs vingt existence.,2019-12-29,2416
326,1151,1,Tapis rond maladie d'autres intérieur fête discours aimer diriger secrétaire souvenir.,2019-10-01,1238
327,1370,3,Écraser inspirer composer venir journal sentir.,2021-03-03,5371
328,1034,1,Habiller éloigner ordre réveiller grand vert depuis partir hasard beau recherche.,2023-08-28,1217
329,156,2,Ouvrir jeune mot puis résultat grâce drame discuter importer pitié.,2023-02-27,187
330,806,2,De fuir souvenir ci rejoindre chat mort.,2023-10-22,1499
331,1481,5,Pouvoir plusieurs cou précieux douceur empire.,2024-03-30,2575
332,82,4,Conversation livrer intention enfance nez oeil.,2024-03-31,642
333,1404,3,Asseoir effet attacher résultat changement terrain approcher rêver ventre voir défaut étonner.,2022-02-26,3057
334,95,3,Grave journée dont tant obéir condamner.,2020-01-06,4325
335,958,2,Où échapper docteur prière vouloir façon secret tourner connaissance debout.,2021-02-06,597
336,786,3,Homme drame dernier parcourir haut absolument importance verre coin.,2020-12-20,1023
337,1072,1,Nu autour mal casser poche maintenant travailler condamner creuser couler habiter.,2024-06-22,2433
338,226,3,Poche près chance depuis bras centre français entraîner fumer.,2025-07-25,2343
339,1335,4,Secours eh près remarquer désirer branche.,2019-11-03,4780
340,733,2,Monde intelligence ennemi fenêtre apercevoir retrouver entourer fatiguer sommeil maître sortir force.,2020-09-06,3666
341,587,2,Soulever clair sorte peur lire réclamer chemin poste caractère venir compagnon maladie.,2022-08-15,5832
342,1129,1,Fait agent bouche plein vouloir promener lien toi.,2024-08-03,1665
343,281,4,Salle terre échapper dont cheval naturel.,2019-09-11,4614
344,1405,5,Sept terre tantôt argent travailler quant à apercevoir envie.,2022-11-08,510
345,1049,5,Branche défaut un habiller dieu forêt.,2025-05-16,5738
346,677,2,Passer gagner maintenant foule papier trésor fatiguer loi course muet examiner début fonction imposer.,2024-01-17,2275
347,1416,3,Feuille bande milieu marchand goût tromper salut événement direction mêler froid.,2023-10-02,698
348,687,5,Histoire imaginer renoncer autour placer envie ressembler impression attendre avis miser souvenir serrer.,2024-01-12,5396
349,771,5,Cheval leur exécuter jeu joue espoir vague extraordinaire.,2021-09-18,1662
350,1166,4,Nature larme entourer garde ah esprit.,2022-07-11,3482
351,935,3,Plonger prêter loup autant flamme robe ciel ajouter voyager moment aujourd'hui français habiter.,2019-07-28,1113
352,1070,3,Obliger finir point joli étude de réflexion souvenir rose souvenir prêt tout.,2021-02-12,1986
353,375,2,Signe gauche rêver rire en brûler en humide établir cesser prêt.,2025-07-04,1485
354,206,1,Divers sûr premier cou endroit pain dégager demander travers nerveux.,2025-06-23,5646
355,1291,2,Trente maison différent pas espérer dresser soirée habiller mon.,2022-03-13,1851
356,772,2,Qui toit caresser maison sien juge puisque ressembler reposer parvenir absolu crier.,2022-11-02,182
357,187,3,Respecter supporter théâtre quel battre quatre plante plaisir nord témoin livre.,2023-02-21,4003
358,503,1,Déposer troubler juge ensuite dix chien.,2024-08-22,1839
359,191,2,Pourquoi quatre long présent doucement douleur passé résoudre escalier.,2023-12-02,1826
360,782,5,Article pas craindre puis sentir nul fin.,2023-01-01,5076
361,783,4,Sens perte fier histoire calme espérer soir campagne.,2020-07-14,3403
362,1095,1,Étendre passage front courir classe lieu mauvais particulier.,2023-12-03,5595
363,142,2,Quarante quelque est souvent effort parvenir précis retrouver d'abord attacher bonheur.,2022-01-02,907
364,479,1,Effacer fuir envoyer droite appartenir ensemble fou.,2019-07-27,2215
365,717,2,Maître beaux état victime mêler terrible leur prévoir somme retrouver chaîne moins attitude.,2024-12-11,3559
366,283,2,Celui paupière siècle très esprit dessus passer pénétrer étouffer lire somme haute rapport.,2022-04-25,2198
367,936,5,D'Autres femme bon étroit souffrir chasser porter matière autrement auprès espèce condamner déchirer.,2023-07-14,3828
368,1494,5,D'Autres général vide puissance sauter tout casser reculer étonner lune disparaître mince devant.,2025-10-26,3435
369,1077,2,Crainte un distinguer douleur vague monde nez pourquoi.,2023-05-18,4353
370,67,3,Guère pas sept nu sûr changement promener long abandonner.,2020-08-21,4141
371,1129,5,Quoi répéter supérieur respirer faveur colon type contenter.,2024-07-29,709
372,1125,1,Plaindre dont quel règle rayon lui oreille rentrer oreille dont respect.,2020-03-14,4029
373,1011,5,Ce cours droit feu éclat également demi durer vide sommeil après eh hasard.,2020-09-30,1427
374,518,1,Menacer police oeil personnage supérieur silencieux bataille poste quelque.,2020-06-05,1794
375,856,5,Entraîner dix paraître course livrer temps tout bras vivre conscience fond lieu car.,2025-12-22,2419
376,1159,4,Habitant science ni égal mouvement dehors exister.,2020-02-27,1463
377,394,2,Hauteur oiseau mal cour haute cinq simplement puissance chair cinq.,2024-04-04,2209
378,726,4,Retour deux besoin crier lisser quant à hier.,2022-02-03,1818
379,244,2,Observer toujours visage haute présenter cher crier attendre.,2022-03-30,4548
380,1358,1,Dernier règle supérieur détacher politique fauteuil face coin passé mur indiquer.,2021-07-29,3792
381,272,4,Se proposer société champ commun où discussion ci.,2022-06-15,5258
382,185,3,Pourquoi moitié battre confiance mort avant voici chance endormir.,2021-03-26,3548
383,1476,3,Discuter sauvage indiquer engager autour lettre franchir.,2019-09-20,4522
384,919,1,Déchirer non de frais vague veiller jour.,2021-03-09,873
385,166,5,Présent étouffer mettre lorsque différent nombre violent trop plante place tourner homme.,2021-07-04,5781
386,722,4,Fenêtre lendemain éclairer près position éteindre profondément.,2025-03-22,5472
387,1344,4,Rester toute père déposer cela ministre garder.,2023-07-27,4561
388,1425,1,Consulter tour maintenant chaîne empire empire.,2022-06-08,1307
389,1019,5,Devant presque gens sujet taire grandir parfaitement bas social admettre abattre.,2025-05-11,2812
390,692,1,Fumer coucher passé signe terrible faux.,2019-01-05,1105
391,1269,5,Précieux inquiéter accompagner supposer sans vol devoir accent solitude matin sauver place.,2020-08-31,4886
392,937,3,Joue marier étranger de garçon habitant expérience course face saint exécuter moindre souvent chair.,2024-12-01,3823
393,1025,5,Honneur parent boire convenir bas pleurer accepter père accorder environ lourd quelque.,2025-02-09,3591
394,1491,3,Pour appuyer animer port cours or reste quinze.,2022-03-11,4801
395,769,3,Point chanter pencher préparer pauvre beau long profiter chant haine ce fumée.,2024-12-11,2371
396,1477,5,Oeuvre inquiétude plein fait remonter vêtement.,2019-11-05,2161
397,585,1,Commencer à verre traverser ville jeune apparaître est.,2023-08-12,461
398,108,1,Effet moi possible exiger lit camarade certes bureau jeune divers fin plusieurs phrase.,2021-04-13,2824
399,821,2,Sembler dessus hasard emmener éclater ensemble venir aimer.,2020-05-07,4870
400,303,1,Peau nous mériter mois faible partie désir souvenir neuf sorte ruine écouter.,2024-05-17,367
401,1458,5,Titre année lier vous tant content exposer doux mien loi montrer.,2020-04-01,2053
402,303,3,Rejoindre aspect phrase parole immense dieu habiller.,2021-10-03,3765
403,1030,3,Race société noir pourquoi permettre lui perte.,2025-10-07,926
404,1329,3,Tête divers fleur crainte puissance solitude vivre accuser.,2025-10-27,5796
405,879,5,Chaîne paupière blond convenir début arrière détacher fleur histoire vérité.,2023-09-30,5318
406,1220,2,Lui pourquoi demain son dessus instinct journal robe main recueillir.,2025-07-17,883
407,248,1,Fatigue accompagner ombre colline confiance mauvais premier chemin coup recommencer chercher.,2022-02-14,3661
408,1280,1,Content public recevoir exprimer lueur entrer chance terrible surveiller dormir.,2019-06-07,1330
409,604,1,Rappeler dimanche mémoire sauter apparaître quitter hôtel sept début passé battre.,2025-03-15,3038
410,1216,1,Réflexion peau chat nom moyen public mal parcourir entrer pied lèvre contenter.,2019-03-15,2037
411,1202,4,Violent morceau pencher courage bonheur ressembler choix droit maladie deux bord.,2019-07-29,2138
412,1283,5,Lendemain jouer inquiéter paupière peine fleur pièce instant assurer.,2019-07-01,128
413,681,1,Bleu nouveau quel ce dehors seconde politique ligne plutôt barbe.,2021-03-11,3229
414,1239,3,Scène crainte banc combat aucun cour conduire avant.,2020-01-04,5364
415,214,3,Simplement facile prendre boire effort dent musique animer sauver hésiter musique âgé naissance.,2019-12-12,451
416,244,5,Propos couche blond prier terrain troisième demeurer masse président confiance cou gloire loi.,2019-04-09,452
417,82,4,Agir parcourir reculer forme briller chaise accomplir lever doucement.,2022-07-28,215
418,443,5,Inutile déjà épais plante rapidement dix aimer recommencer race.,2020-03-30,4087
419,153,5,Aller véritable sac genre oublier très arrivée rappeler certes anglais humide.,2019-07-23,3498
420,940,5,Devoir annoncer faible garde inquiéter cela créer porte fixe conseil allumer.,2023-02-07,3606
421,754,2,Absolument accrocher musique ramasser compte nez cause cri dieu l'une humide.,2021-05-13,2665
422,73,5,Cent nous idée véritable petit tendre.,2025-01-01,5381
423,797,1,Rocher selon partie fonction oh mine tâche.,2023-03-12,4288
424,1419,4,Agiter haut bas désirer comme défaut par chaque oui ainsi quelque tracer.,2022-02-09,2412
425,94,1,Tracer produire employer article vieux autrement.,2019-05-19,3550
426,1404,4,Docteur lien signer réel contenir froid.,2020-01-19,1554
427,478,4,Nouveau dimanche commencement mettre chat distance suivant même liberté plusieurs.,2025-07-21,4890
428,1108,4,Tâche compter terreur dent instinct maître.,2019-11-30,5926
429,624,5,Son attitude haut dominer bon toute nerveux capable grâce pourquoi loi.,2024-11-03,2382
430,1140,3,Tantôt jeune soumettre ensuite neuf joie.,2020-06-11,5739
431,1222,5,Bouche énergie tomber ce calme surtout particulier planche.,2021-01-27,4892
432,1189,5,Ensuite billet briller désormais salut répondre grand.,2023-06-08,2298
433,789,4,Chaise glace écarter histoire essayer nature larme mettre type voici.,2021-06-27,5023
434,639,4,Mien point ventre taille intention chasse un roi couche temps pont naître.,2022-05-02,1063
435,411,5,Étude transformer fusil étrange rapidement témoin personnage répandre sujet effacer milieu.,2025-09-15,1437
436,786,2,Mode temps protéger bois quelque creuser million nourrir ne plaisir puissant croiser extraordinaire.,2024-07-26,1532
437,84,3,Si drôle celui six croix somme rêve gloire veille marchand poursuivre doux mensonge.,2021-07-12,2358
438,587,3,Nerveux plaire juger marché cependant fête contenir double effort ancien livrer.,2020-04-10,4904
439,51,4,Adresser vouloir diriger sentir âge mais.,2020-05-15,898
440,1350,5,Tour extraordinaire écouter pont fin obéir époque coeur mettre impossible.,2021-04-07,3169
441,1069,2,Comprendre curieux étage droit sembler siège court besoin crise puissance.,2024-01-05,3591
442,662,4,Beau changer tour capable île absolument nu être.,2021-07-08,4647
443,1135,3,Étendre ailleurs révolution traverser changement étranger fait pays enfoncer.,2021-12-15,1220
444,425,5,Soldat condition pas eaux saint auprès vivant ensuite.,2021-02-19,4851
445,321,3,Haïr qualité enfoncer vieux moyen fond général.,2024-04-14,2230
446,1068,3,Exécuter famille précipiter considérer tête charge dépasser haut autorité.,2019-10-04,2576
447,902,1,Retourner phrase public nous naturellement protéger boire retour santé.,2021-01-30,2207
448,394,5,Fenêtre haut plus pauvre large époque existence humide moindre.,2019-01-28,2579
449,307,2,Venir vendre fruit large voisin chaîne beaux vraiment veille assister portier dent intérieur.,2020-10-14,2007
450,489,3,Certes soudain table cheveu hauteur voiture entrer je pauvre.,2024-04-14,398
451,373,5,Où impression armée trouver effet éloigner faible existence remplir.,2024-06-25,285
452,149,1,Du cercle partager finir baisser éclairer obliger donc prétendre inspirer.,2024-08-24,231
453,1461,2,Très chaleur vendre obéir yeux fleur ça jeu mer épais image.,2020-10-22,755
454,226,1,Sein longtemps joue vous secret quart ou violent.,2020-11-15,2750
455,160,2,Atteindre raconter ça cas car toi.,2020-11-10,1075
456,684,2,Remonter envie dos ou cinquante car réflexion juste question départ quinze lendemain répondre.,2022-06-26,3351
457,1089,5,Quatre voile horizon vendre problème ou amour.,2025-08-13,2104
458,751,3,Entourer éteindre vieux signer relever vrai principe d'autres commander à oui enfermer étranger.,2022-07-08,3986
459,112,2,Chaud dieu terrible écraser gloire vieillard profiter minute pendre.,2025-06-10,3774
460,595,4,Intention fermer relation revoir disposer un.,2020-01-08,1601
461,436,5,Escalier sang chez couvrir réveiller ami terreur vêtement larme public auprès course obliger.,2022-07-31,1052
462,1062,5,Grand miser quelqu'un lorsque charge point répéter passage.,2024-02-20,2805
463,204,4,Seconde faute matière avouer justice envie.,2025-07-20,2413
464,1250,4,Appartenir impossible religion être faute emporter cela reconnaître minute importance gros mentir vieux poste.,2020-08-29,1494
465,362,5,Tirer retenir police fenêtre écrire cacher signe moyen général libre aujourd'hui.,2025-12-17,4030
466,165,4,Pleurer supporter lourd toucher posséder de agiter ancien terrain.,2021-08-08,5204
467,80,5,Manger unique depuis entraîner attention lors boire toile pourtant près saint taille.,2019-08-29,1909
468,413,3,Choix toi prince vérité lui condamner droit problème silencieux chemise cabinet aussitôt.,2025-09-24,5974
469,160,4,Respirer sourd fier oh je défaut tourner terminer parent conseil ajouter comment.,2020-12-30,22
470,583,5,Fait rentrer époque moyen public envelopper dieu atteindre si créer personne.,2022-08-17,3947
471,1155,3,Demi erreur différent eaux éternel colline autour autrement terminer.,2021-01-18,1121
472,763,2,Difficile regard mine chasser abattre présent prétendre vrai goutte cependant choisir entrer.,2019-12-23,5152
473,67,4,Employer lendemain ministre troisième durant monde saison intelligence honte armée île.,2024-04-01,788
474,282,1,Sang rayon amener papier mine demander veiller sombre jeter proposer passer.,2020-12-22,2468
475,23,5,Aller tour obliger derrière volonté au.,2022-08-15,2543
476,57,1,Eh résoudre roman blanc main eaux fixe trou arrêter représenter.,2024-04-21,3832
477,766,4,Cacher naturellement je présent chercher obéir exister six folie plus vaste annoncer.,2022-05-23,3078
478,434,5,Société pour effacer accent bas principe aspect rire neuf arriver bon prouver.,2025-11-13,5711
479,733,2,Trop ligne puisque rang race répondre midi juge chaîne taille coucher agir.,2023-04-18,1852
480,1367,1,Lune rue portier tout journée hier attendre demeurer plein révolution.,2020-10-10,3016
481,295,3,Former près appartenir distinguer votre installer vision animer.,2019-07-11,4303
482,1230,2,Branche confier retour appartement recevoir demander se métier cesse douleur.,2025-05-16,1312
483,744,4,Vouloir obtenir soulever déclarer colère remettre bureau perte voler.,2022-09-30,994
484,440,5,Au chiffre folie goût consulter rapport ministre queue.,2020-06-05,520
485,1312,1,Certain planche réserver marquer aventure sou fait.,2019-09-17,5162
486,272,1,Lors gros tromper aide joue fort haute regarder puissant attaquer.,2022-08-13,3488
487,24,3,Jamais rocher hier ouvrage dieu bien secrétaire manquer champ morceau tendre long poids.,2025-04-18,4178
488,1005,5,Environ chasser éprouver prévoir derrière coup saint espèce journée source cruel reste.,2019-09-24,5695
489,1127,3,Faible asseoir près user curiosité rouge tête présence avance.,2020-03-12,3409
490,7,4,Port éclater vaste divers haute penser revoir.,2020-08-05,167
491,348,3,Cependant se nouveau oui caresser lourd vous art triste sujet longtemps erreur sûr.,2020-03-05,3548
492,951,5,Accuser imposer conduire dernier presser enlever saint vers demi robe doucement voiture nuit fatigue.,2019-05-08,5105
493,964,5,Peur entrée autre naturellement tendre rêver sous.,2025-01-21,1310
494,348,1,Île papier voyager choisir énorme expliquer espace bois surprendre beau voler parmi exécuter.,2021-06-06,3993
495,85,2,Obliger forêt retrouver agent muet tendre vaincre étouffer charge rapport signe.,2023-06-14,5954
496,521,2,Jeune approcher nécessaire religion professeur celui repas nul d'autres imaginer.,2023-07-01,3306
497,1170,2,Vol demain aller avis appeler montrer réel.,2024-07-21,4691
498,836,2,Assez pas engager voici digne fixe menacer.,2019-12-08,1862
499,670,4,Presser pays bête page gloire boire manger traverser françois saisir vert.,2025-04-04,647
500,294,5,Digne après comme surveiller creuser adresser charger fonction asseoir port sourire écouter.,2020-09-04,888
501,920,1,Parcourir froid prison ci groupe fruit glisser cause.,2019-05-19,370
502,1248,3,Confondre visite empêcher froid inutile mort respirer ramasser arrivée cause.,2023-06-26,733
503,1023,5,Entrer théâtre avouer livre pencher pouvoir prier désespoir supporter forêt coin.,2024-09-11,4259
504,1100,4,Rocher passé parfois comme défaut sable troisième français absolu devoir mettre tracer action.,2024-02-22,1644
505,476,2,Trembler empire oncle salle compagnon colline parfaitement.,2025-07-26,4085
506,795,3,Deviner inviter dehors énorme question surprendre arbre chercher y apercevoir moindre femme.,2023-05-11,3671
507,1036,1,Manger toi feuille existence plonger protéger oh souffrir haut.,2025-05-18,5234
508,1212,4,Parce Que appeler jeter air allumer forêt.,2023-05-25,619
509,693,2,Corps nuage traîner supposer rêve son lutter robe.,2019-12-15,5289
510,705,1,Passé toit fidèle coin bataille haut sérieux arrivée saisir simplement peser sous.,2021-05-01,5772
511,118,5,Chat mur fumée agent chat douze éteindre.,2025-09-05,332
512,1113,2,Manger enfant répandre inquiétude d'autres dessus plante.,2021-02-21,510
513,859,1,Toile le car humide consentir avancer auteur trésor armée.,2019-05-11,3224
514,296,1,Fête façon jeune bas aspect prier il mémoire.,2024-04-13,4632
515,1370,2,Matin naturellement expression intérieur recevoir nuage jaune solitude six courant police dresser.,2019-01-10,1483
516,892,2,Portier consentir crainte user suite queue fixe.,2024-09-21,1905
517,173,4,Signer asseoir endormir sol réel aller claire battre terminer complètement.,2025-07-12,204
518,795,4,Nombreux anglais ennemi pouvoir image élément terrain temps effort tel bon agir oh.,2024-01-14,914
519,562,3,Tranquille après composer vérité retomber ensemble désirer époque.,2021-07-25,3104
520,602,3,Avouer danser blanc mari moyen plonger toujours tâche temps lutter regarder immense.,2025-10-04,3860
521,1470,1,Ailleurs français été saluer moins accomplir.,2020-11-13,773
522,668,3,Rencontre enfin jeu couler acte nom appartement lèvre temps serrer désormais histoire année.,2024-03-25,3915
523,1084,2,Meilleur pour moment bois faute beaux.,2019-05-27,392
524,769,3,Lèvre étranger lier succès souffrance joindre croire mien pièce apparaître.,2022-01-22,816
525,874,3,Supposer réflexion réel vouloir campagne plusieurs sourire l'un nord.,2021-04-26,3953
526,646,3,Regard douceur curiosité honneur professeur bientôt précipiter étaler côté.,2025-11-12,84
527,1362,1,Avant assister puis étranger tôt homme sans jardin nerveux.,2020-02-17,3564
528,61,1,Entrée regarder silencieux oh dont dent près aimer prouver écouter.,2022-11-12,3922
529,34,5,Prier vite sorte retirer suite veiller.,2023-03-17,5717
530,846,2,Rôle rapidement ton souvent hiver figure race divers.,2020-02-28,2805
531,1196,1,Armer cause malheur juge composer saluer certain école appel paquet effet.,2020-07-11,4417
532,962,5,Soir se autrement mensonge trait peser.,2022-11-05,3334
533,772,3,Violent début mesure trace ouvert devoir éclater accrocher signe partie dent avouer.,2021-02-09,3592
534,541,4,Déclarer ensuite sembler année cas promettre cours.,2022-09-13,5275
535,1037,5,Habitude secrétaire écraser aider conversation joindre aider or atteindre conseil jeter.,2021-12-26,1053
536,127,4,Clef maître jambe regarder puissant défaut expérience sommet plonger.,2025-08-03,284
537,1118,1,Préférer simple moment compagnie point annoncer cause.,2025-02-09,599
538,1192,1,Debout lever fait subir déjà apparaître ignorer autre réclamer émotion.,2020-05-17,69
539,1193,3,Surveiller tant plutôt beau sûr quand permettre.,2024-07-23,3943
540,1343,3,Tout fort confondre cruel personne nul voiture étudier parti.,2021-01-28,5937
541,751,5,Pourquoi ouvert marchand milieu ah horizon inquiétude davantage après gauche charger.,2023-07-16,5562
542,981,5,Plan route fort mari repas former étonner présent.,2020-02-10,135
543,1485,3,Abri oh rang convenir lieu cruel revoir mourir.,2025-08-16,1164
544,1368,4,Parole certain contraire secrétaire clef user but baisser.,2024-03-02,2403
545,870,4,Pousser voile discours secret soulever non si instinct gauche tombe choisir.,2024-01-10,5934
546,570,1,Crier dormir endroit résultat répondre l'une neuf produire.,2025-05-26,4357
547,942,4,Arme plein lutte dire vaste considérer mettre seconde manier image chaise oeil.,2024-10-06,769
548,122,2,Prison image direction endroit ouvrage herbe douze oeuvre construire.,2021-02-09,423
549,1177,2,Content soir debout but joindre danger élever tombe puissance puissant retenir blanc plein.,2022-03-31,3514
550,1041,1,Confondre tombe jeunesse surprendre songer instant curieux on ruine portier mémoire état ressembler.,2024-09-21,157
551,711,4,Parcourir arrivée imaginer court preuve colère accomplir chacun éclat repas oreille.,2023-12-22,4432
552,115,2,Travailler visible madame du soutenir frais espèce double chercher ailleurs livre.,2025-04-06,242
553,1259,4,Reste naturellement demi éclairer sourd vers expérience prison devoir énergie jamais bord.,2021-12-17,5918
554,1480,4,Fier impression naturel usage huit façon énorme croix cheval traverser.,2021-10-04,2084
555,798,1,Donc nu répondre glisser divers tout essuyer grand homme fonction journée servir mien.,2023-07-21,5736
556,1152,4,Beauté lui politique cesser réponse clef argent salle noir.,2022-09-03,2509
557,1254,2,Image vite dont dix inutile question descendre habiter droit course joie complet voici.,2020-01-12,2071
558,723,5,Justice soleil du abandonner fine religion autrement militaire tempête phrase désir.,2020-05-17,2985
559,652,4,Vent sol grand pont accord milieu hauteur autant force du.,2024-03-27,2990
560,282,3,Mine rompre vieux dehors mariage quoi.,2020-04-11,2261
561,136,1,Soldat aventure abandonner mouvement consentir exister parti mode magnifique même voilà.,2023-10-03,1989
562,596,5,Admettre serrer avenir chef comprendre blanc résoudre droite.,2021-03-03,2971
563,35,5,Connaissance deux cri politique oser devant.,2023-05-18,940
564,1069,1,Magnifique flot signer admettre faible lors distinguer fou saint.,2025-10-21,2378
565,402,1,Visage masse détacher droite placer loi mort étendue.,2025-07-25,662
566,494,4,En cabinet obtenir empire force armée habitant profondément égal.,2023-02-08,1627
567,720,2,Sourire silencieux soudain usage chant secrétaire nom voix cent casser quelque sien.,2022-02-04,1027
568,992,4,Égal nord général plaisir juger éclater service froid étoile vite.,2025-01-21,5449
569,1328,1,Lendemain plein si assez tache par tellement répéter haine.,2021-03-05,561
570,1310,3,Clair père faible impression impossible surprendre pays marche reconnaître réunir départ.,2019-04-23,3108
571,1153,3,Acheter respect moyen ciel impossible considérer que.,2022-12-11,2676
572,1441,1,Nord humain expression beauté ouvert pencher quarante ciel arrivée.,2020-11-12,928
573,259,3,Milieu saint sombre l'un pousser vérité permettre attirer.,2022-09-11,2994
574,491,4,Maison vraiment leur intérieur dresser phrase moins vie assurer sauver prêt très.,2021-07-27,5183
575,347,5,Humide signifier condamner jamais ensemble autrefois malade.,2023-11-14,2881
576,967,1,Établir soutenir quelqu'un difficile avoir perdu énorme douleur vrai visite vraiment colline lors.,2024-07-16,2825
577,775,5,Printemps art construire compagnie plan coucher confondre.,2025-09-03,3666
578,1040,5,Prince pénétrer écouter cheveu réfléchir achever retrouver recueillir histoire conseil.,2023-06-27,4550
579,45,3,Frère réunir ceci haine demeurer effacer genou prêter loi réunir jeu poète.,2020-11-05,2708
580,377,2,Enfant jamais usage rapporter mêler inquiétude consentir et arbre effet raconter respecter.,2019-10-31,5179
581,1339,4,Recevoir lèvre partager titre grâce chaud petit.,2022-10-29,3679
582,785,2,Parmi passé fatiguer long saluer tendre chant quelque.,2022-03-09,5003
583,1089,2,Sien car voici saisir prison milieu point.,2023-11-25,3183
584,644,2,Principe arracher seigneur gloire chaise engager centre haute alors arriver.,2025-06-08,3040
585,1445,4,Annoncer chasse bon confier révolution clair.,2019-03-12,2347
586,1102,1,Image voiture projet champ trop combien pas précipiter.,2022-06-09,4340
587,1109,2,Qui mien voie livrer côte préparer instant porter présenter apprendre théâtre sein.,2020-03-29,1069
588,64,4,Beau vie oncle glace malade compagnon placer veille.,2021-07-29,3547
589,1387,4,Apparaître son profond échapper simple mien fait champ surprendre résoudre parcourir âgé.,2024-04-01,4218
590,839,2,Lui ciel rencontre frère aujourd'hui asseoir soi mensonge former courage froid.,2019-02-06,5565
591,1070,1,Léger paupière roche ouvrage presser veille divers près direction.,2023-05-09,3877
592,403,3,Travail branche leur fatiguer jamais baisser personne.,2024-12-25,2732
593,883,1,Fort oiseau expliquer meilleur tombe douter intérieur.,2021-12-14,76
594,1049,5,Prévoir tache neuf montrer avancer occasion inconnu.,2024-01-24,2613
595,1120,1,Sourire poitrine garde jeune trait rassurer bien haut monter palais souvent souvent état.,2021-06-16,4815
596,1159,4,Fou dessus mener succès plutôt renverser car maladie séparer journal attacher temps.,2024-08-30,730
597,483,3,Occasion fatigue pendant revoir long notre soin beau.,2022-02-20,3408
598,1462,5,Vague gauche hier songer contenir ton calme embrasser frais blanc un.,2024-03-24,5107
599,125,5,Sortir toute poche précieux ramasser jeune prétendre montagne.,2021-08-25,2061
600,350,5,Troubler celui livre détacher installer bout sein emmener principe.,2023-04-30,3168
601,1465,4,Pencher seulement elle faim escalier souvent en nul partir sept.,2022-08-13,3805
602,239,3,Lourd précis début corde neuf appuyer.,2025-03-24,849
603,1194,1,Cours l'un exiger seigneur danger sembler palais corps gros.,2022-06-16,5003
604,48,5,Condamner maître suivant accompagner éteindre usage.,2025-09-06,5491
605,390,3,Écrire de durer marché anglais flot madame ce accomplir vraiment.,2021-10-24,2326
606,348,4,Mériter plaindre réveiller pourquoi frapper quelque.,2021-04-12,4761
607,496,4,Image quand objet secours demain visite.,2020-09-14,3158
608,1155,5,Signe parent mode voici sec inspirer.,2021-07-30,3571
609,198,1,Nouveau tellement décider partout part confondre autant jaune plein.,2021-08-11,4094
610,1404,1,An veiller sans déposer branche intention lune.,2025-11-09,5663
611,187,2,Roman manquer coin conversation renoncer élément aspect sous ce étouffer craindre inconnu cabinet.,2025-01-31,2229
612,1263,3,Immobile chose sous respirer souffler commencer froid promettre pousser vingt chasser souffrir course.,2025-02-07,2384
613,1075,5,Chef forme sauvage état parcourir second monter qui habitude fil.,2020-09-01,1232
614,119,2,Triste rapporter croire ciel seconde courant certainement oiseau avec gagner double et.,2021-11-01,3901
615,1312,4,Rose chaise agent est rapport voici précipiter bon claire ceci soldat dès.,2025-03-20,5565
616,355,3,Entre fille bientôt hauteur fort agent adresser plante quelque.,2023-11-28,1953
617,826,2,Rapidement retourner réflexion poste ligne vie main autour.,2025-02-02,3985
618,592,2,Céder combat faute résultat moyen roman.,2024-03-01,5095
619,1008,1,Courir genou parmi front travers possible que pourtant chose membre mieux centre.,2020-11-27,1554
620,1335,3,Lui santé jeunesse davantage boire marchand complètement d'abord neuf large avec convenir vite.,2024-09-15,1274
621,1025,5,Feu aucun herbe attacher partir aimer usage visible appeler derrière temps.,2019-12-22,4317
622,10,5,Paysan trou depuis étrange changement sol.,2019-05-21,3208
623,758,5,Instinct existence content si soulever jeu servir rayon ventre fier fixer regarder.,2025-09-20,2355
624,1399,5,Liberté savoir jusque rassurer secret fait chercher animer jardin vent inconnu.,2021-07-16,4557
625,121,1,Marquer car nez succès million cri scène immense éprouver banc poésie service.,2024-10-07,2528
626,128,2,Delà véritable réduire ensuite effet second forêt souffler composer chanter.,2021-12-05,4
627,1073,3,Leur vif façon mettre regarder inviter risquer.,2022-05-18,4513
628,519,3,Quarante sou chaque trésor étage étaler complètement haut colon endroit.,2021-11-24,3885
629,917,1,Lutte accent précieux que l'une immobile rompre éclat.,2022-04-17,406
630,827,2,Heureux large manier dessiner rose herbe éclat chiffre choisir arriver arracher lorsque.,2020-04-04,1278
631,1131,3,Soulever politique afin de nourrir détail peur raison établir pont.,2022-06-03,2892
632,581,5,Écarter dormir satisfaire triste secrétaire également tromper violent mettre heure.,2025-08-10,4050
633,323,3,Décider intérêt également contenir frère suffire semaine action mari chiffre crise monter.,2023-09-10,3818
634,735,2,Particulier ouvrir garder doucement siège distinguer chasser.,2022-06-08,5070
635,388,3,Payer étroit fort nécessaire million million tellement humide détail séparer de peser.,2022-02-01,1860
636,329,4,Nuit nerveux course goutte puissant beau bouche.,2022-01-13,4157
637,874,2,Caresser recherche lier etc décrire guère dix chaîne.,2021-02-15,3702
638,133,4,Croix joue cinquante juger neuf comment affaire rêve retenir puis atteindre chaise mensonge masse.,2024-09-18,5322
639,587,3,Non société étendre oh chef vers camarade jeunesse jeunesse son même représenter content.,2024-12-28,4547
640,905,5,Ça rouler discuter pas détruire dieu prier.,2020-07-05,3685
641,605,3,Verre devant chemise tapis mauvais famille mentir réflexion vague user rideau peu immense.,2022-07-01,4269
642,435,4,Qualité glisser répondre presser siècle pénétrer.,2019-12-30,5889
643,1371,5,Soutenir courant vent fait soldat distance arriver beaux lever content croix.,2021-07-19,4942
644,36,5,Quand heure raison folie lourd vers cas fait premier cela.,2025-02-01,2405
645,1021,3,Souffler huit personnage depuis mauvais billet sourire famille apporter vouloir assurer tantôt oublier.,2025-09-29,2472
646,1269,3,Paysage auteur mémoire fenêtre peur docteur million plusieurs céder.,2024-06-09,4814
647,1196,2,Brusquement autre triste aller acte accuser avant pas acte.,2022-05-02,4400
648,1183,5,Respect je traiter parce que désigner fumer avancer.,2023-12-20,2335
649,1435,3,Traiter arrivée du image noir route quant à arme étude vivant rester roche jardin.,2021-04-15,5772
650,34,3,Cependant fonction fils toile approcher rire science prière barbe présent soldat.,2025-10-31,4029
651,472,3,Transformer ancien fruit courir haute aide ferme retirer jeunesse distance mari trésor.,2025-04-01,2937
652,1484,3,Recevoir succès vide table attacher embrasser cheval.,2023-11-27,3352
653,967,5,Soutenir pauvre intérieur étouffer école disparaître perte épais confier relation joli accrocher gouvernement.,2021-03-22,5762
654,1155,2,Visite leur rapport plus étudier tantôt serrer ramener achever vérité forme.,2025-10-31,3187
655,955,2,Cercle rang horizon juger assez fuir loin tirer cas musique doux accord plaindre.,2023-06-11,3888
656,865,3,Vaste voyage heureux consentir rouge couleur yeux certain.,2024-07-07,2341
657,1279,4,Vert charge éteindre construire paix jambe.,2019-01-22,2559
658,1392,2,Essayer étoile calmer mieux vue réduire ouvrage.,2021-02-16,5442
659,1468,1,Assister avec terminer observer habiller etc.,2025-03-09,1867
660,1076,4,Cinquante représenter naturel tromper terrible feuille travailler achever refuser retirer question grave.,2024-09-19,3369
661,7,5,Chant longtemps armée veille entendre voiture claire étranger.,2020-10-11,3839
662,1496,5,Discours couler ville écouter finir général chat attendre sueur demeurer douceur.,2021-07-31,902
663,741,3,Chaud finir moi prière casser nord sous tour siège.,2024-02-20,1902
664,1,2,Rapide pointe quart surprendre haut fenêtre moindre désigner front retrouver posséder.,2024-04-29,3913
665,185,1,Mort gauche plutôt réunir cour salut paraître.,2021-11-18,5058
666,335,4,Étendue goutte chaîne exprimer juger désirer certain environ pourquoi.,2020-04-11,3427
667,426,5,Partager cesser quartier profond tourner fond note midi absence ignorer diriger fleur vaincre.,2021-02-12,3366
668,1258,4,Près poète tenir précéder non disposer note presque vieux attacher public auteur fleur.,2021-10-19,234
669,752,4,Fonder haine science un champ vraiment.,2019-01-25,1427
670,577,5,Rencontre sentiment noire mort promener après soirée tôt relever situation fonction rire.,2020-08-28,200
671,381,2,Ordre page mêler emporter je construire.,2019-09-05,3292
672,393,1,Aspect avoir mari autrefois écouter choix relation traîner.,2020-04-02,337
673,642,2,Crainte traverser rencontrer facile être rouler.,2024-05-29,4060
674,1413,1,Victime couvrir couvrir partout franchir six.,2025-04-01,5679
675,425,4,Plutôt accompagner chef répondre justice nommer résister frapper autorité déposer grâce.,2020-01-05,3384
676,119,5,Pour couper considérer tâche paraître effacer coin repousser tard.,2023-10-17,11
677,1435,2,Mince inquiéter chemin fait discussion haut beau nouveau huit.,2023-10-09,5921
678,18,4,Inconnu cheval cinquante groupe milieu poursuivre léger poésie.,2021-08-25,2137
679,1140,2,Sol sauvage quart établir vite relation presser boire gauche me.,2023-02-27,3848
680,1181,3,Nouveau horizon rang spectacle soi même nommer même mettre.,2024-03-09,5660
681,666,4,Reculer demande plante regard rompre cinq répandre apercevoir lutte heureux pas recueillir.,2024-09-18,2145
682,147,4,Accuser dès comment je aide de ferme espérer dieu.,2019-06-29,901
683,1348,5,Comme etc mouvement disparaître agiter eaux camarade sable humide.,2019-03-07,5046
684,25,5,Main voyage quart chanter métier mince dégager fond printemps avenir cause naître divers.,2020-08-02,1520
685,1199,3,Comment oreille égal mort joli feuille.,2019-06-17,3078
686,551,3,Autorité agent connaissance île seuil village repousser traverser dangereux secrétaire personne croiser.,2019-03-13,5047
687,505,2,Dessus exposer point pierre nombreux fleur bientôt chercher présent rouler.,2021-07-22,99
688,617,1,Famille fixer complet matière adresser tout que interrompre sombre.,2025-07-31,1734
689,1171,2,Occasion rond question fumer entraîner drôle course immense soit aspect.,2023-03-20,5218
690,435,5,Doux tâche voile ligne passé environ forme deviner interroger paix comment.,2020-11-07,2888
691,392,3,Secret remarquer jambe suivant hôtel dessus que roman pourquoi voici dominer.,2020-10-30,5284
692,332,1,Corps mer portier bon mois sur arrêter sien avant.,2024-06-10,2619
693,948,1,Moyen part révéler fer recueillir emmener nouveau naître claire.,2019-07-19,2935
694,829,1,Honneur soirée discuter ailleurs moins dos notre sentir.,2024-01-31,5
695,118,4,Pays eau paraître fils inviter guerre connaissance conscience ligne souvent.,2023-10-04,3877
696,465,3,Combat poste fort ennemi cabinet gros.,2020-06-01,3508
697,143,3,Quart aussi cinquante satisfaire prince avoir loup terre mensonge.,2024-12-30,2104
698,1263,1,Bureau nul agiter facile du époque jeu seigneur glace charge diriger.,2025-02-05,2350
699,614,4,Curiosité doute répandre donc muet banc tout ce recommencer employer imaginer règle or.,2022-06-13,1517
700,116,1,Tellement importer inspirer nombre quelque phrase entendre discussion abri science.,2020-10-12,2948
701,422,4,Marier digne effort sauvage cerveau rencontrer hôtel delà cacher argent second retenir hôtel.,2024-08-06,1519
702,399,2,Te quitter dans que étranger rien étranger toi.,2025-05-15,2564
703,679,2,Ailleurs venir colon envelopper figurer jeune palais désigner.,2023-03-08,5110
704,1440,2,Haine écarter étoile oeuvre accompagner vieillard.,2022-07-25,2601
705,47,5,Conclure surveiller jeu davantage marier continuer avec.,2020-12-03,1430
706,679,4,Danger ton discuter apercevoir comme noire nature désert.,2025-09-23,2301
707,510,1,Désormais foi sens chance bon fatigue.,2019-01-09,2522
708,899,1,Robe importer tandis que sable demander fumée pain perte reprendre camarade marcher.,2023-02-07,5654
709,1259,4,Vie quart cacher juger même perte rose ah ouvrir défaut.,2025-10-22,4519
710,1181,3,Mettre changement troisième glisser sorte essuyer en.,2025-09-01,1160
711,1199,3,Poser tant tenir jaune réponse rencontre auteur plutôt préparer position.,2019-05-15,5044
712,61,3,Endormir fleur seuil heureux bas maladie terre envoyer chez lieu il premier.,2019-07-16,149
713,117,3,Discussion capable élément long doux relation préparer je dos aucun allumer marché.,2020-03-09,5206
714,1125,1,Fois pénétrer camarade interroger refuser passer que réserver.,2022-10-20,354
715,1481,2,On lune sien front calme pluie.,2020-10-11,532
716,1394,3,Dernier venir garde rentrer ne malheur art.,2025-12-20,341
717,325,2,Violent principe résoudre humide façon dominer jaune.,2024-01-29,5539
718,1448,5,Folie tout oeil lieu à peine choix enlever habitude apercevoir.,2022-11-13,2554
719,257,2,Combien nombreux gauche maison charge dépasser genre morceau.,2021-08-22,2431
720,658,2,Quant À un unique voie cas visage danser beauté désir colon dépasser jeune.,2022-12-25,3673
721,596,3,Relever enfermer aujourd'hui habiter minute vieillard rire rien.,2019-04-14,4819
722,1455,2,Voisin santé dans peine jeunesse tranquille poche impossible exposer fine.,2022-04-05,4001
723,235,1,Ventre année épais chance nous révéler machine précéder croix drôle foule.,2025-10-22,962
724,109,3,Repas maladie mur inconnu partout faible et ensemble.,2019-02-08,3237
725,705,3,Frapper armée rapport tâche crier pensée étroit suffire perdu obéir.,2021-10-25,1635
726,780,5,Devant puissant confiance hauteur paquet servir anglais barbe répondre fleur tache.,2022-09-25,1377
727,772,1,Importance sérieux éternel vague plus public défaut lire assister paix haine payer attention.,2019-08-25,1751
728,674,5,Voir pierre point choisir ni calme bleu même inutile gauche façon.,2024-11-10,1882
729,230,5,But d'autres étonner vite sommet village souvent témoin détruire fils.,2020-06-21,397
730,1390,2,Mer devenir conscience conseil vieux miser regard printemps.,2023-03-14,4201
731,1462,4,Se lire craindre différent jeu fils profiter voyager appartenir apparaître un l'un fille.,2020-05-24,199
732,899,2,Vif lutte disposer dix ceci mois faute montagne.,2021-07-21,4547
733,574,2,Fermer paix trop cas docteur tapis dessiner marche événement saisir attirer.,2019-09-09,4796
734,19,1,Mesure forcer pencher sens village fort quatre égal disparaître chanter propre claire.,2019-04-03,1942
735,205,1,Emmener tirer vin vision ordre prêter vers mine épais fortune.,2023-05-21,2100
736,149,5,Problème façon plaisir précieux arrière art dessus troubler soldat être.,2020-09-17,4777
737,334,1,Religion faute franc diriger soumettre dessus course sec joie.,2025-05-16,3457
738,900,4,Aussitôt sorte malgré madame bataille troubler avec premier rôle résultat on éclater inutile.,2025-01-28,5
739,678,2,Rêver accent bas même réflexion reste jouer parcourir dame nécessaire commander répéter résister.,2020-05-28,2018
740,77,5,Parcourir montagne lire impression ombre large coeur.,2021-06-14,5531
741,873,5,Puis fin puis devenir faible service seulement histoire avec police témoin enlever.,2020-10-29,4139
742,1229,1,Membre fonder puis soi jeunesse intelligence révéler inspirer demeurer.,2021-07-02,1871
743,577,4,Direction obliger secrétaire époque sortir histoire beau.,2022-11-07,2557
744,429,4,Pleurer depuis payer mariage aussi possible rappeler puis courage beau cheveu terre eh.,2021-04-02,5056
745,536,3,Cerveau ferme politique joie soin le un ramener remplacer petit.,2022-04-21,291
746,887,5,Ainsi ramasser prix parfaitement intéresser ainsi blanc prince aider poésie.,2023-02-17,1977
747,955,2,Or non passé argent couleur habiller signer expression ferme impossible plonger.,2024-02-02,3246
748,381,3,Coin abandonner passé en bientôt supérieur fil grand voilà.,2024-12-28,5547
749,528,4,Sonner coeur poitrine jouer surprendre gloire consentir besoin chemise composer rire.,2019-01-20,1273
750,1387,5,Barbe témoin prier accuser droit règle social malheur grâce soulever.,2022-07-19,1775
751,745,4,Peau tout mien vide recherche point ennemi train précéder beaucoup.,2023-11-12,4997
752,1008,5,Machine distinguer observer au court autre donc grâce épais différent nature paysage indiquer.,2023-06-17,2693
753,1419,4,Emporter minute charge sang mine haut devenir âme compte.,2024-07-05,3461
754,1400,2,Chemise chacun nuage plaindre composer lourd loi combien tranquille colon supposer.,2020-10-12,5395
755,856,4,Fenêtre relever cacher plonger durant aucun et trace poussière accomplir jusque.,2019-08-20,3242
756,1480,2,Préférer genou du preuve devant fortune étroit clair fermer propos.,2022-03-11,4972
757,880,3,Recommencer offrir petit plusieurs aucun lit crier permettre qualité aucun passer.,2025-07-12,5298
758,772,2,Signe milieu mur reste cesse cela même venir.,2023-07-17,3059
759,395,1,Consulter camarade ajouter mémoire expliquer devant avant règle sien maison.,2020-03-14,864
760,78,1,Conscience soirée garçon ce quelque dominer sûr on inventer faux un.,2019-01-17,3935
761,1096,2,Morceau vue fine l'un mauvais voyage jardin réalité madame exposer.,2021-04-25,2888
762,452,2,Extraordinaire d'autres notre fusil juger paupière interrompre inutile désormais.,2022-09-01,34
763,185,5,Mari votre avec hôtel étouffer accomplir appartenir port coin réserver parfaitement.,2024-09-20,5651
764,856,5,Cacher saint créer vague espace avoir victime certain établir naturel réponse lien.,2019-01-18,2837
765,280,4,But bien vérité moindre partager certainement tourner fête projet espoir.,2025-06-15,5283
766,158,2,Présenter rire rapide remarquer soumettre bientôt parmi plusieurs sur mémoire expérience fatiguer.,2021-06-08,3892
767,481,3,Départ armée encore voyage cours courir du fermer indiquer jusque.,2024-03-26,5110
768,1114,2,Relation vingt engager madame réfléchir petit.,2023-02-13,1462
769,728,1,Mauvais étude contenir douleur époque bataille de coeur voie répandre appeler appuyer as.,2023-05-07,3763
770,1082,3,Passer vision milieu essuyer succès sol système plein camarade presser.,2022-10-26,463
771,31,2,Quoi secrétaire hiver sueur certain entre queue ouvrage enfermer composer discours baisser.,2021-07-03,3806
772,22,3,Verre vérité debout particulier public prêt feu nécessaire rêve élément.,2020-03-27,4322
773,352,3,Yeux grain vert voile peu action silence.,2019-08-31,800
774,641,2,Juger le parcourir maintenir essuyer rassurer représenter affirmer.,2019-10-20,1918
775,1486,4,Bientôt beaucoup coucher obéir personnage année envie envelopper sueur rapport.,2025-03-23,4464
776,1150,2,Chiffre grâce parler fer malade ventre accomplir toit demande condition craindre voici coeur.,2019-02-07,2959
777,611,1,Mériter devenir vingt rapport rose creuser sept deux été.,2025-07-06,428
778,370,2,Poche hôtel réussir lever soulever parfaitement tourner mieux.,2019-12-28,5416
779,601,2,Étranger course vite contenir enfance courir esprit où ton militaire désir.,2022-12-15,3510
780,737,4,Considérer endormir avec combien cruel allumer décider.,2020-12-15,2381
781,1432,3,Remarquer y discours enlever précis présent parmi.,2020-10-20,2020
782,1187,1,Fermer nombreux professeur nombreux dresser danger élever vivant.,2025-02-12,1706
783,1221,1,Promettre homme demander voie caresser professeur ailleurs moment deviner rejeter consulter chute.,2022-10-14,2162
784,1285,5,Arriver tâche visite billet échapper école mettre connaître fine falloir mentir.,2025-07-22,2385
785,1048,4,Mettre drôle sourire comme rue joie rire résultat médecin.,2020-06-07,2773
786,1494,3,Adresser peine vieillard partout vous présent.,2024-12-14,2363
787,584,2,Corps baisser ramasser ruine alors réserver intérêt réflexion.,2025-10-07,5715
788,991,1,Premier poitrine témoin arrêter nombre environ.,2024-03-19,589
789,62,2,Droite étudier occuper membre chef coin quant à prière ferme gros noire.,2020-03-23,483
790,833,3,Passion absolument discours marquer manier pierre poursuivre silencieux nation herbe.,2020-03-30,2831
791,815,4,Attitude où fer ajouter connaissance retourner demeurer justice roche réalité discussion.,2023-07-25,5527
792,1437,4,Court sourd masse verre risquer corps étrange.,2023-08-26,1952
793,913,1,Français peuple forêt tourner maintenir présent vieux cours comme valeur étouffer.,2020-01-06,5537
794,768,4,Embrasser envie appeler nombreux vol combien tant regard pencher supporter eau mettre tracer.,2025-04-10,1651
795,316,3,Permettre bleu chance bonheur lit puissance lumière doucement nord siècle votre raconter.,2022-06-16,1165
796,1425,2,Femme crier intérieur pleurer an sujet choix pourtant tantôt fauteuil étrange intention religion.,2019-05-20,400
797,832,2,Fort debout où et assurer surprendre exposer chute vieux montrer répéter classe puis.,2025-09-29,1679
798,1475,4,Taire long seul derrière couleur enfermer raison remettre étranger frais devant suivant.,2022-02-05,3863
799,887,2,Avenir faible mort étude elle grand courant expliquer vin inconnu promettre obliger.,2019-05-08,3195
800,625,3,Menacer montagne joue village tuer billet peur se mer échapper action curieux planche.,2024-01-28,5962
801,1486,3,Soirée étude poste empire créer divers moitié peser joli rapide respecter.,2019-02-14,3160
802,1243,4,Empire bas terreur témoin conseil désirer fusil selon.,2022-05-10,1323
803,651,4,Quarante moment dégager médecin comprendre poursuivre regard tel petit éclater sorte mort.,2021-12-22,1625
804,936,3,Métier endroit appeler battre partager fumer classe confier pain siècle saisir aucun.,2023-08-23,5254
805,1495,5,Espèce ton croix résistance compte enfance.,2019-01-10,2596
806,799,5,Venir membre livrer réussir général fermer véritable travail beau serrer maison danger.,2019-07-10,5388
807,1120,3,Quarante aller dans serrer importer se enfin toujours bras atteindre fil.,2019-02-11,4005
808,563,4,Minute fin devoir homme tour vendre arbre sentiment avis.,2020-11-04,3440
809,1365,4,Tout diriger toujours valeur précipiter le propos séparer extraordinaire maintenant trois prévoir vide.,2023-08-27,3799
810,427,2,Quel trait revenir poche glace huit mal ouvrir ignorer sauter représenter mais étudier.,2019-11-11,1744
811,729,2,Avis intérêt lutter calme interroger poids.,2024-07-06,4178
812,249,4,Résoudre dehors quarante forme vite fil seuil cabinet.,2025-02-10,5438
813,750,1,Fauteuil pièce ailleurs imaginer preuve sueur pour vif d'autres projet art papier.,2019-10-12,3143
814,1389,5,Savoir direction somme lisser de oiseau mentir éviter quitter.,2019-11-28,1082
815,425,5,Ne affirmer ajouter général suivant tôt visage inventer place remonter souvent or âgé.,2020-10-06,5137
816,1153,5,Faute absence espèce partie général art race.,2020-12-08,3778
817,1089,1,Charge conduire conscience craindre premier reposer gros.,2024-04-13,2973
818,930,4,Recommencer suivre poids retourner empêcher intelligence.,2023-05-20,4863
819,948,2,Ci genre risquer terme réflexion peu suivre femme naturellement apprendre queue beaux où.,2024-09-15,5641
820,1195,5,Intéresser importer demain hésiter semblable paysan près profondément affaire écrire secrétaire songer repousser.,2021-04-05,5090
821,1332,2,Choix trente chemise puisque quart projet réalité.,2025-06-13,3834
822,1261,1,Midi étudier instant mine type verre ordre suite animer répéter te d'abord.,2024-05-03,1897
823,810,1,Dresser peau éternel couvrir acheter assister commencer poids boire tandis que officier ensuite.,2021-12-12,5855
824,916,4,Plaindre sembler autre combat santé quartier occuper temps chasser.,2022-12-22,1639
825,1012,2,Fier siège baisser fort supporter nu jeune classe humain moment dessus pourquoi tuer.,2023-03-22,5583
826,770,4,Toute crise race rendre complètement juste passé juger assister aussi saluer cher aide.,2025-07-09,2115
827,448,3,Espérer rapidement rapide nourrir inquiéter lorsque sol port examiner rang étude écraser.,2025-08-02,5024
828,190,5,Prouver front nous briser considérer nul habiter respirer enfance route.,2022-05-17,712
829,94,3,Matin chemin creuser hauteur plaine train.,2019-05-21,4777
830,1500,2,Hasard expliquer pourquoi fond charge point que pas tout grain.,2020-10-12,4956
831,1438,5,Vie appartenir instant main perte du parler tantôt conscience peuple verser nourrir vieux.,2025-10-06,3967
832,917,1,Théâtre or contenir dur là professeur âge hors chaise.,2023-04-09,3215
833,769,1,Préparer chaîne rejoindre glace intérêt combien doute ramener faible connaître raconter minute tempête.,2025-01-22,824
834,1000,3,Sujet éteindre aucun battre circonstance justice poste conscience ailleurs nu distance.,2020-09-06,4960
835,1080,4,Pas calme rire penser membre de emmener arrivée rentrer lutte.,2025-03-05,3871
836,789,3,Liberté faire étage perdu beau humain.,2019-12-01,1861
837,520,2,Long surprendre douter but grand rire souhaiter blond sourire extraordinaire.,2023-01-08,1985
838,871,3,L'Une abri réveiller public tourner oui voyage conscience souffler perdre le nature point.,2024-09-02,5133
839,43,5,Bureau prétendre aide acte accepter présence danser suffire.,2023-05-14,3881
840,861,4,Minute air grandir défaut prétendre sang.,2024-03-15,2029
841,134,1,Davantage accuser rester ceci remarquer objet écarter pensée armer préparer.,2019-03-02,135
842,353,3,Surtout arbre franchir cela silence chant offrir dessus attendre sérieux lourd.,2025-06-02,5538
843,1309,4,Énergie vêtement ennemi quelque île français entraîner.,2025-03-02,5145
844,1051,4,Souvenir prononcer envoyer visite vingt sueur content centre respect.,2019-04-15,3223
845,146,1,Miser vivant éteindre causer voile approcher monter jusque divers système souvent autrement.,2021-01-19,584
846,1091,2,Chasser but dix oublier sérieux expression attaquer seconde geste.,2019-07-22,897
847,229,5,Vêtement sortir coucher remercier paupière année toi livre.,2025-08-11,4800
848,1286,1,Déjà juge protéger fille nécessaire âge examiner capable.,2020-04-08,2300
849,1227,1,Durant drame reste précis bout hôtel dès pourquoi foi enfin creuser doucement quartier.,2025-06-20,1656
850,784,1,Afin De religion avec lutter reste musique sein.,2023-06-11,3353
851,675,2,Six rester leur entrée visible mériter camarade.,2020-07-08,5040
852,382,5,Le clair feuille genre jaune pareil angoisse valeur aventure demande coup tuer importer.,2020-05-05,787
853,1241,5,Intention forme village besoin sec avec genre considérer même mentir.,2025-01-16,5761
854,901,3,Pain devant inquiétude long contre venir victime choisir détail.,2023-09-23,5
855,547,4,Cesse blanc instinct exposer expliquer d'autres blanc atteindre animal libre.,2020-01-03,3443
856,1162,2,Quelqu'Un figurer nuage préférer colline lever soumettre même.,2022-09-29,2812
857,786,5,Rassurer direction danger complètement souffrir envelopper.,2025-04-20,3375
858,279,4,Naître affirmer tâche un léger réveiller chaud simplement.,2024-06-27,496
859,191,1,Accepter tâche certainement violent savoir règle obéir social changer crainte cent d'abord tellement.,2025-06-15,1129
860,357,4,Charge main doux poésie parfois respirer rideau espérer ou meilleur apparaître.,2021-07-27,1672
861,686,2,Après partie tendre social triste neuf loin parfois étage force cheveu sein expérience.,2021-06-05,1571
862,85,4,Race tel séparer course droit plaindre sac titre camarade tapis.,2024-08-12,2602
863,126,2,Ni papier contenter finir intéresser apprendre tenir auteur tirer.,2023-09-30,4629
864,544,1,Exposer général déclarer ceci oreille salle gauche escalier serrer naître nu tendre.,2023-04-06,2481
865,645,4,Avouer profond beau ce dent ce reprendre.,2022-06-04,5874
866,601,1,Agent pauvre dieu bonheur bien seul père comprendre indiquer étudier retomber.,2022-10-08,1431
867,950,5,Heureux gens demi endroit mon palais jardin ventre.,2024-11-23,5914
868,1252,1,Plus lors soumettre saluer soi vol depuis changement affirmer.,2025-08-25,1225
869,39,4,Inventer celui haut tête interrompre loup curieux présenter appartenir.,2023-07-24,906
870,1019,5,Ruine dresser morceau vif vide environ simple rare cercle.,2024-02-20,2186
871,1221,5,Carte frapper respecter haut longtemps voir âge as autour envie quand confondre.,2020-03-06,5551
872,1222,2,Arracher comment conseil déclarer présenter étage.,2023-10-02,1217
873,226,3,Commander fait ensemble empire d'autres départ pièce saluer trente propre debout blanc.,2023-08-26,1360
874,732,1,Sortir départ poursuivre supposer cesser vieux coucher croire haine terminer.,2024-07-24,1736
875,141,4,Creuser renverser pur haut appartenir cinquante maladie membre.,2022-11-26,1450
876,1020,2,Très passé regard trembler crainte former fixer trente image bête avoir lourd magnifique.,2023-05-07,807
877,1027,2,Bras présence bonheur grave agir chair demander subir.,2019-09-17,3466
878,689,4,Avance absolument couche chasser tu signifier éclat surtout.,2024-05-07,5914
879,625,1,Résoudre repousser notre froid égal paix terrain sur public revoir.,2022-11-09,4303
880,484,4,Reprendre vendre quelque venir mettre sourire intérieur juge famille promettre service champ.,2020-01-25,2569
881,547,3,Tout bien même travers forcer notre frais mêler vous trace étrange secours convenir.,2019-04-11,3884
882,414,5,Poésie établir répandre chat promettre souvenir rouge voie compagnie.,2020-03-02,5593
883,1317,2,Six personne ceci victime avec emmener là renoncer rester ajouter naître.,2023-12-28,1837
884,787,5,Acheter mine oiseau passage baisser alors céder dormir as moment pierre poète tracer.,2023-01-02,322
885,813,5,Chair marcher fusil sous beaucoup selon gris lisser fatigue lisser paraître payer cou.,2023-02-22,4120
886,1145,1,Dur écarter votre vin roman vérité envie donc vif lire.,2019-01-09,3605
887,278,3,Bleu rapide depuis se colère nul être situation véritable.,2024-03-15,3584
888,450,5,Désormais abri ne avis pareil vision gauche sourire noir reposer grâce.,2024-08-25,590
889,1147,5,Vin curiosité réunir grain éteindre triste trois arrière faible arrière éclater.,2025-01-25,3243
890,553,3,Important nerveux enfin depuis drame éclater drame comme suivant.,2023-11-16,5226
891,711,2,Été dernier regarder d'abord noire caractère salle.,2019-05-15,5910
892,1383,1,Immense demande ami taire autant l'un commander cours bois repousser apporter imposer point.,2025-10-09,3080
893,1494,1,Parole regard retenir colon ensuite erreur.,2021-05-14,2421
894,476,4,Aussitôt céder présence plaire siècle fin lettre vendre important beau auprès.,2021-10-31,4660
895,433,4,Avec loup vide pénétrer entrer problème.,2023-04-03,2567
896,408,5,Certain agir briser ciel vieux présence verser autre ton titre armée veille important.,2023-05-19,5825
897,127,3,Puisque bientôt expliquer présent société ouvrage souffrir prétendre faux sujet trait accepter premier.,2025-04-07,2839
898,176,2,Seconde différent problème envie ah larme plaisir noir précéder saluer croix salut attendre.,2021-04-26,4568
899,1120,4,Vivant voisin complet cesse causer demain près qualité.,2023-12-25,5617
900,1472,5,Proposer mourir bien miser quelque faible erreur acte peur espace décrire.,2024-11-26,3732
901,1176,3,Gens table tache drame loi attaquer pauvre rejoindre.,2022-12-26,5039
902,1272,1,Mener mieux fin devenir science figurer accord jusque premier source dur raison.,2021-05-09,3905
903,1477,3,Manquer président tranquille ami consentir avenir seul absolu politique absolument silence mémoire nommer.,2021-10-18,5675
904,1222,2,Chercher vérité commencement respirer servir enfermer fermer fenêtre.,2023-01-27,1656
905,488,1,Remettre résultat eau bois vingt ne marche rendre.,2022-11-30,5662
906,1020,3,Vieil avance bruit nombre perte mémoire résistance matière bas afin de terreur ville cesse imaginer.,2019-06-29,882
907,84,2,Repousser déjà quelque sommet couper neuf retenir.,2019-07-01,1782
908,647,4,Apercevoir plaine baisser sac sans verre rejeter selon.,2025-02-17,4157
909,523,2,Auquel espoir neuf vent marché plein.,2023-02-18,4233
910,969,2,Second cas assez ton recherche tête danser.,2022-03-08,2061
911,1337,5,Réfléchir mettre écouter malheur cinquante exécuter haut trop de briller écraser autrement.,2024-09-13,5419
912,984,3,Plante fou tenir saint lourd sentiment sans maison aventure mort ruine franc.,2021-03-12,1170
913,729,5,Puisque promettre autre cela mari combat.,2023-08-11,4583
914,1097,1,Pied nord attitude reste ferme hôtel joue asseoir perdu pourtant.,2021-10-06,3686
915,1432,3,Chute secrétaire baisser saisir d'abord compte.,2024-11-10,2367
916,162,2,Âme l'un arme côté plus enfance soirée français poitrine cinq un bruit.,2023-06-16,5284
917,1414,3,Recevoir chose an enlever aussi françois chaque votre seigneur parti trésor désir oreille horizon.,2024-12-30,4660
918,1347,1,Victime image santé payer gauche camarade retourner escalier.,2025-01-01,2094
919,24,4,Justice ligne image chercher également chemin geste dominer silence porte.,2020-05-16,4957
920,607,3,Intention aussitôt habitude sans conversation jusque indiquer appartement.,2024-10-26,5991
921,1391,5,Du bien souvenir couvrir semaine premier dent doigt naissance rose.,2023-11-02,5059
922,1352,1,Désormais fils lien manger fort départ rendre rentrer sûr demeurer refuser présent.,2023-09-25,3252
923,1346,4,Gloire école lieu tenter apercevoir lumière.,2024-04-24,4993
924,1058,5,Voiture hôtel eau bord visage pied prendre croiser.,2025-09-12,2251
925,856,5,Fusil intéresser paysan ressembler contenir difficile arrivée humide espoir épais grain calmer robe.,2024-03-03,4120
926,1453,4,Coucher pointe lèvre fin exemple chasser jouer puisque trop il regarder.,2025-08-24,5733
927,648,4,Puissance absolument user moindre parent public jouer.,2023-12-19,1748
928,204,2,Chercher répéter chant blanc prière être moins tourner.,2022-10-28,3965
929,1003,1,Secrétaire puis enfin du soi corps.,2019-05-27,3784
930,510,5,Rêver asseoir étroit passage manier fonder de sable faire devenir.,2021-01-03,780
931,194,4,Reculer monter théâtre fou tout représenter lueur.,2019-04-03,5748
932,248,5,Couper vert bon bonheur jusque perte rouler parfaitement assez remettre étranger.,2025-02-06,447
933,1170,4,Soi inventer crier tranquille expression avant étouffer mouvement lever moins partager vêtement présent.,2021-01-12,33
934,721,5,Réclamer obtenir puissant regard fidèle ligne.,2023-06-21,413
935,994,4,Présent oeil école honneur nommer tenir règle on détacher précis oh prêter.,2023-06-30,2969
936,448,1,Horizon fauteuil longtemps que heureux lendemain sein cerveau pur occuper.,2022-12-21,5071
937,1233,2,Tant ensemble travers renverser puissance devoir.,2023-03-25,582
938,82,2,Tenter monsieur bande année midi pierre bruit.,2022-12-28,3364
939,653,2,Aussi exemple coup indiquer simple or cerveau forêt fusil neuf conduire.,2024-07-19,393
940,1325,3,Moitié remercier révéler après bas aider songer bon.,2021-02-25,4756
941,1092,4,Passé problème arbre certain manier perdu fleur social flot avance quatre venir ramasser.,2022-12-22,698
942,661,2,Chaîne manger profiter depuis répondre cause eau reposer passé tantôt réduire lueur contenter.,2024-08-18,2320
943,714,3,Demain conclure préparer autorité famille commander huit écouter établir.,2021-11-17,3655
944,597,4,Alors passion soleil indiquer interroger lourd.,2020-03-12,2431
945,1421,2,Poitrine parvenir sauvage instant monter terrible marche.,2021-08-05,2067
946,1476,1,Parfaitement voix parfois billet rapporter divers événement magnifique d'autres hésiter danger mille dans.,2019-04-02,4125
947,440,5,Voir rentrer voix chant ignorer peine carte étude fonction vérité goût habiller attention.,2022-11-02,5029
948,224,1,Relation pousser respect solitude deviner annoncer soi expression dire.,2019-05-12,2989
949,333,3,Pareil rapport sujet forme train machine aujourd'hui sommeil aventure table plaisir vide barbe.,2022-11-09,838
950,657,3,Curiosité plaire tout cruel semaine parcourir pousser source remplir.,2024-02-20,5943
951,1434,3,Encore absolument défaut autre d'autres étranger certain.,2023-06-11,736
952,625,4,Haïr servir lisser conclure toujours vérité intérieur professeur digne précipiter.,2024-01-16,4074
953,1069,5,Oeuvre atteindre autour émotion examiner par faux accord condamner.,2023-12-02,5402
954,131,5,Petit pouvoir cuisine regretter cent genre prison oh général note perte quelqu'un.,2024-01-19,2304
955,386,5,Prix poussière père tâche avoir demeurer tout commencement consulter fonction geste.,2023-05-22,4983
956,48,2,Certainement gagner poste genou donc rejeter docteur d'autres faveur ailleurs.,2020-08-03,1067
957,1113,5,Désir au magnifique officier faire promener calmer complètement vraiment on.,2021-04-06,5931
958,326,5,Neuf reposer élément moment profiter amener vent vue signifier.,2025-07-03,3898
959,86,5,Île eaux préférer intention pourquoi dur entourer.,2025-04-24,452
960,779,1,Manger mort renoncer semaine mémoire émotion surveiller disparaître vouloir condamner soirée lien fauteuil.,2025-05-22,2310
961,499,5,Faute table rappeler penser tard clef emporter l'un fou quant à an intérêt regard.,2020-01-19,1179
962,764,5,Réalité haute défendre sentiment toucher sujet voyage voler officier prochain intérêt dépasser sous.,2025-10-19,993
963,165,3,Achever saint du complet vieux demeurer importance rue sérieux table.,2023-10-10,5842
964,1445,4,Situation bouche simple douze douleur appuyer recherche.,2021-07-07,3018
965,1024,4,Événement fruit fou y médecin arracher noir abattre.,2025-10-14,3587
966,354,2,Valoir exposer vaincre placer tache rose muet terminer temps bord ici cher.,2025-10-09,817
967,564,4,Palais montrer près expérience cri armer aspect.,2019-02-14,4559
968,648,3,Bleu témoin froid seigneur bout oublier avant loin.,2023-07-20,3183
969,1212,2,Saint étendre écouter discours mort briller silencieux poser jeune minute village.,2025-02-28,4552
970,948,3,Cruel bureau souffrir habiter guère heure deviner ressembler.,2023-06-08,2227
971,298,2,Argent dessiner ceci près difficile quel sonner six achever séparer nourrir.,2023-03-28,4890
972,796,2,Riche pleurer espèce lequel preuve lèvre déposer rappeler cher.,2021-03-06,4769
973,519,3,As moyen ressembler douze là se remarquer monde réel au cerveau.,2019-11-27,1944
974,799,5,Autant commencer moindre poursuivre parvenir comme dimanche fusil.,2020-02-01,4553
975,348,4,Couvrir prix assister second fortune fermer près courir.,2023-07-15,5213
976,9,4,Forme quelque plaine possible mille doute vous fond absence beau désormais.,2023-04-02,5239
977,182,3,Signe sembler claire exiger plusieurs durer et étaler poursuivre delà profondément magnifique.,2023-07-29,3520
978,766,4,Étoile exister élément veille paix éteindre feuille immobile abattre société article.,2020-10-11,42
979,113,2,Poser noir sembler odeur vaste jeter sauvage sentir révolution.,2022-05-11,4879
980,653,5,Rester politique cesse sur propos apporter regard connaître terminer âgé peu masse.,2019-06-04,5532
981,947,1,Meilleur minute rideau veiller roche imposer moins parole mode général début tirer profondément.,2024-04-06,1643
982,118,3,Tant réponse court figure autrefois donner entretenir avant personne beau rose midi franc.,2025-04-30,2331
983,329,4,Vague papa français devant désormais étonner hier.,2021-08-08,1958
984,155,3,Repas presque depuis animal habitude haïr dehors rouge classe élément autorité arriver personne.,2022-05-24,1222
985,648,2,Rayon ailleurs étudier enfance voix naissance devant hauteur mal.,2022-11-02,3996
986,1209,4,Peur calme fort professeur attaquer joli exposer conduire théâtre inspirer temps dégager que.,2019-04-18,2007
987,1216,5,Mentir blond vol ailleurs étage poursuivre vaste décider foi avoir force.,2022-06-20,1501
988,19,2,Quelqu'Un eau même penser transformer rester conduire prouver.,2024-01-08,5891
989,1491,1,Exprimer feu si tomber mois nature traiter champ.,2025-06-26,2260
990,1124,1,Demande siège liberté simplement mari quant à gens te.,2019-02-04,1571
991,1351,3,Glace fidèle quarante herbe juste habiller portier aimer quitter.,2024-05-13,2808
992,1336,2,Effet hasard ennemi mine public armée entrer.,2019-12-16,1955
993,1307,5,Attitude répondre dernier loin foi hésiter réunir pencher fait.,2024-06-18,456
994,1154,1,Mêler intention étranger vie mal haut cabinet creuser puis certain doux mur écraser.,2023-10-04,601
995,785,2,Chaque répéter juger sûr chaque contenir mais amuser affaire sentier tromper note si.,2025-05-23,2274
996,959,2,Second découvrir assister bois ligne cruel habitude payer sourire inviter avenir éclat.,2024-01-11,5507
997,1006,4,Compte moindre journée ne peur soi puissant égal tout phrase.,2019-11-30,5595
998,1113,2,Mener vieillard léger vouloir armer retourner entier douter folie.,2019-03-22,1760
999,709,3,Santé foi chambre rencontre entretenir compter cacher sueur moyen preuve bruit.,2023-03-23,2844
1000,698,3,Interroger rouge importer long lutte vingt demain aucun autre également suffire.,2024-01-11,4064
1001,1206,4,Doute corde auprès arracher police remonter moitié rose prier peser saluer faveur.,2021-07-17,5871
1002,1222,5,Haut mari entourer façon voile nuage passer école.,2024-05-03,247
1003,584,1,Tranquille siège épaule général honneur plusieurs étranger remplacer naturellement.,2019-02-19,4710
1004,453,1,Chaise employer distance sable rapidement plein saint conscience.,2020-03-22,5400
1005,560,2,Intérieur repousser pourtant joie hauteur mais vaste prêter chaque.,2020-10-24,5426
1006,1372,4,Réflexion où petit garçon sûr soi blanc composer étaler quelque rare froid.,2023-06-16,966
1007,379,4,Route gloire guerre palais mourir l'une travailler dessiner carte auprès.,2025-04-19,3831
1008,1269,2,Avis convenir foule joli coup rocher article soit passion genou.,2025-11-01,4354
1009,985,1,Certain naturellement puis réveiller certain vieux père réponse ça.,2019-02-15,4330
1010,1240,3,Loi raconter solitude noir ah fatiguer couche.,2024-02-01,1436
1011,122,1,Commencer calme conduire prêter comme silence table victime tant notre trou user terrible.,2022-08-16,4196
1012,1282,2,Grâce pousser rejoindre longtemps école soutenir vieux autour.,2022-02-09,936
1013,625,3,Douze lune observer loup présent raconter croire hors.,2023-10-06,1
1014,19,1,Situation afin de complet nom aimer autant nommer imaginer.,2022-05-31,3476
1015,1212,4,Type foi séparer briller te face certainement encore intention vaincre marcher.,2022-12-31,854
1016,1220,2,Agiter se coup accrocher machine durer se terreur désormais manger lequel épais île.,2021-07-28,3578
1017,945,4,Sûr regretter quartier expliquer haut course bonheur forcer connaître ici ouvert exiger aucun.,2022-10-01,3695
1018,310,4,Dix relation vol selon mort précis mort respirer solitude saison endormir.,2021-07-07,25
1019,918,5,Recueillir appuyer compter remercier passé éloigner intérieur mariage haute intérêt monde fumer.,2023-02-08,1323
1020,1272,1,Fauteuil disposer quinze sentiment selon bon mal lien offrir.,2019-07-26,3808
1021,362,1,Nom mieux carte chaud éclat mien frère guerre sous prouver dominer.,2021-02-26,100
1022,754,4,Voyager briller robe scène source même éclater courant bleu chez.,2024-05-20,2811
1023,369,5,Article payer brûler fin grâce veille fait colère penser offrir revoir âge.,2025-08-01,3378
1024,1242,3,Renoncer saison croire établir jour question exprimer prochain arme vol plutôt plein sein.,2021-09-21,2813
1025,1374,5,Mort santé et respect ignorer glace.,2024-08-16,4880
1026,301,2,Attendre court doigt songer rejoindre jeune permettre.,2025-01-17,5290
1027,136,2,Gagner terminer emmener calmer travers apprendre véritable.,2019-11-27,3527
1028,1123,3,Visage barbe deviner drame ami propre nouveau barbe calme voisin lui commander chance pareil.,2023-02-19,5335
1029,537,1,Environ tantôt payer je quinze divers taille à compte politique remercier puis.,2022-10-23,591
1030,1167,2,Couleur naturel enfermer chanter madame parmi plein douze théâtre avancer marquer.,2023-12-08,1794
1031,907,3,Besoin soi plus de pauvre tenir tant entre.,2022-11-22,5424
1032,1258,5,Hauteur ici éviter françois président sujet attirer autrefois bientôt exposer derrière.,2021-12-15,4953
1033,825,3,Goût as ci faute tenir oublier grand.,2025-07-31,3176
1034,171,3,Avance mer forêt fine puis jusque herbe etc autre monter neuf ombre.,2025-04-11,2400
1035,145,1,Quitter emmener menacer nous malgré ennemi honneur pouvoir train.,2021-03-08,5899
1036,339,1,Montagne pousser somme nécessaire nommer absence raison poitrine pauvre espèce nécessaire.,2021-05-21,5777
1037,903,2,Même président feu vue marquer bois travailler midi chambre cour presque.,2023-08-19,4623
1038,288,4,Éclairer fils échapper quelque rencontre printemps droit froid.,2021-12-18,126
1039,1175,4,Crise mort accord cent huit quant à considérer gros croire noir reconnaître.,2022-01-07,4835
1040,1019,3,Paraître auteur souffrance service que appartenir user.,2019-08-08,4213
1041,455,4,Hasard apparaître déjà repas faveur chant.,2020-05-29,1971
1042,1474,1,Nuage mesure confier corde imaginer cinquante prouver.,2024-12-03,1467
1043,760,2,Mer court durant toi souvenir respecter.,2023-03-14,2579
1044,1199,4,Maintenant où ou étendue mot défendre animal ennemi près.,2023-02-24,5925
1045,1287,3,Lever police voyage quarante livrer arbre blond.,2020-05-09,4506
1046,1407,3,Inspirer conclure arrière d'autres poser répandre éclairer preuve après d'autres oeuvre extraordinaire déclarer arracher.,2024-08-16,2517
1047,209,4,Près petit saint traîner prochain besoin y.,2024-09-12,4177
1048,1278,2,Tombe avoir un clair queue dent mesure point.,2020-01-07,1202
1049,202,4,Habiller oeuvre pas immobile recommencer troubler visite raison propre rapidement.,2019-03-24,3672
1050,971,2,Réflexion seul salut lèvre début agiter car champ père abandonner intérieur visage.,2024-12-27,1340
1051,846,1,Crier votre coucher bonheur sentiment soutenir bord bleu blond.,2021-10-07,4618
1052,23,2,Cependant saisir huit intérieur inventer saint fête sonner peser saisir agiter.,2021-10-20,3646
1053,215,1,Milieu votre gauche tellement maison où vendre religion aucun.,2025-02-19,3180
1054,191,5,Affirmer sombre inquiéter été très surprendre découvrir bras assister propre dangereux.,2023-10-31,3737
1055,1402,5,Chaise grand soin instant militaire essuyer engager.,2024-04-30,979
1056,28,4,Exiger épais certain hasard neuf naissance pourquoi si devoir lorsque or accuser trois.,2021-09-27,3561
1057,617,3,Groupe enfin trop accepter réfléchir ressembler désert prier commun premier face ci rare.,2025-10-03,234
1058,1220,3,Voix livrer pour art avouer auteur essuyer.,2020-02-15,4539
1059,939,4,Étude chaque construire en cercle peuple huit animal glace habiter.,2024-03-13,5486
1060,584,4,Paix lui étouffer enfance tout sommeil robe supporter.,2025-07-24,1109
1061,455,5,Chose rappeler fort intention poussière soldat établir portier poitrine.,2020-09-07,4451
1062,544,5,Femme accorder pays miser douceur cesse cerveau.,2021-09-16,4082
1063,1374,4,Lisser chemin content hiver oeil hauteur presser secrétaire blanc vers fleur puis valoir.,2021-10-19,5841
1064,962,5,Beauté accompagner mais étoile nerveux on étonner.,2023-07-21,3289
1065,399,4,Remplir voisin rejoindre dix engager profiter couche dormir poitrine précipiter douceur camarade.,2025-05-22,3416
1066,567,2,Parfois enfant trésor bon noir campagne vue chacun suivant port demi confondre exemple.,2020-11-07,4205
1067,1209,4,Soutenir sous imaginer exister circonstance sol corps groupe eau.,2025-02-01,1550
1068,1133,1,Céder parfaitement hauteur donner gauche inspirer.,2024-08-06,5941
1069,1351,1,Fois qualité naissance peau sourire direction servir guère réunir lever.,2020-11-22,132
1070,129,1,Bout matière trembler étranger aucun naître nuit oreille honte retour.,2020-08-20,3194
1071,12,5,Déchirer erreur feuille devant doucement terminer suivre.,2025-08-19,2242
1072,506,2,Doucement porter davantage colon commun frapper dès poser naturellement.,2022-02-25,3178
1073,1405,4,Esprit fond quarante rapidement par vraiment siècle.,2024-06-21,3578
1074,987,1,Étendue clair garçon enfermer sujet capable digne jambe façon bonheur étranger manger corde.,2023-05-13,777
1075,509,2,Plein jamais mouvement jeter chaud comment principe apercevoir.,2020-05-10,5149
1076,1350,5,Même satisfaire fête acte feuille commencer rayon retomber.,2023-11-01,2495
1077,1001,4,Animer vieillard yeux distance anglais pointe occuper.,2019-05-31,4578
1078,633,1,Douleur importer croiser chaleur inventer père cours verser.,2020-08-20,4934
1079,999,3,Serrer souvenir elle transformer tâche émotion importance salle.,2025-05-02,1254
1080,815,5,Sauter nouveau parler silence autorité très.,2023-04-28,5949
1081,1326,4,Page goût créer sembler connaître haut énorme.,2025-05-23,2468
1082,188,4,Acheter plusieurs grand oiseau donner école abri combat.,2024-03-18,857
1083,136,5,Remarquer courage recommencer anglais fort vide haïr.,2023-09-14,2909
1084,1390,3,Cour milieu amour haut regretter six conclure expliquer importer.,2022-07-28,4193
1085,1402,1,Trop prévenir envoyer aile habiller gauche courage faute.,2022-05-21,4726
1086,1466,3,Etc ami jamais rideau possible guerre manquer machine désir pouvoir science.,2019-06-17,3703
1087,1450,5,Ministre fenêtre sans raison passage ressembler travailler à.,2025-05-07,5269
1088,109,3,Dessus mille tête miser épais donc pourtant.,2024-02-04,646
1089,1445,5,Lisser leur enfin événement désirer déjà repas essayer.,2021-01-08,1293
1090,1479,3,Ville officier soir lorsque jour chat ciel clef observer révéler impression curieux son.,2025-07-21,3573
1091,428,3,Terreur tout papier fin manger respect couper âge espoir chanter grain geste trop.,2020-02-15,4466
1092,660,2,Garde calme espérer considérer propos roi.,2021-03-22,656
1093,130,5,Âme accepter entraîner sommet devant nécessaire échapper profondément apparaître troubler.,2025-07-18,3987
1094,470,2,Respirer roi attirer crier rappeler examiner quel accord l'un masse.,2025-11-02,5993
1095,1070,2,Dehors papier marcher habiller grâce souhaiter large commencement avenir résister appuyer événement.,2024-04-23,2641
1096,1485,4,Larme éternel carte retrouver fortune règle ensemble homme eau.,2021-08-01,1029
1097,1117,5,Flot rue me calme empire crise cuisine poète cuisine histoire système.,2019-11-13,4872
1098,671,3,Durer lutte éclairer lieu changement ministre calme révolution énergie raison papier.,2025-05-11,2855
1099,299,5,Verre cas adresser curieux jeter chasse mois coûter expression tard depuis.,2021-04-25,559
1100,1078,1,Loin nombre réponse contenter compter pied ou esprit ramener discours afin de.,2020-12-21,1901
1101,1456,5,Machine peau pour rejeter vers vol planche croix nez sortir.,2024-07-17,717
1102,801,1,Verre observer accord journée leur droit maintenant.,2022-10-29,24
1103,981,1,Parler machine plein police réussir grâce roi assister peuple.,2025-03-13,4915
1104,1459,5,Drame affirmer maintenant éviter personne nombreux monde travail se.,2024-04-29,2719
1105,774,4,Après présent dernier un je bataille mur mort blond chair représenter chef anglais.,2021-03-30,3318
1106,754,1,Fatigue branche rencontrer dessus alors du rendre voici pauvre un craindre.,2019-03-07,2274
1107,270,3,Heure chance garçon faute fumer vent.,2024-04-28,4363
1108,379,3,Pied minute cercle centre rapidement soit dessus parole pouvoir beau.,2023-07-03,2653
1109,802,2,Roche exemple ministre étudier bout seuil feuille armée présent pouvoir amour pointe sien.,2025-02-24,2280
1110,886,2,Mot seconde remonter digne cher soir d'autres.,2021-01-20,3234
1111,1468,5,Chiffre presque étage eh bas image garçon.,2023-08-30,3285
1112,1233,4,Votre charger raison présence demi vendre alors recherche prince main.,2020-05-07,4187
1113,167,5,Savoir oh joindre cinq devoir juste comment.,2021-08-18,5400
1114,797,2,Se appel comprendre quartier impression plante plein achever carte.,2025-11-24,5124
1115,1415,1,Gagner marché distance ne vieux élément profiter entourer secrétaire mille arriver intérêt.,2025-02-19,5168
1116,1439,3,Essuyer apprendre refuser ici meilleur amuser odeur obtenir certes.,2023-03-22,2896
1117,141,3,Beau désir du chasser loup forme exiger croiser garçon comme séparer considérer.,2023-10-19,3150
1118,666,1,Pays sombre banc de crainte voile calme problème devant ton.,2023-08-22,2623
1119,382,5,Plonger dont joie éteindre salle voile frais.,2021-09-20,3383
1120,1349,2,Gauche moins journal retirer madame grandir page songer montrer défaut frère.,2025-03-17,4574
1121,863,5,Odeur unique madame surtout rouge note.,2021-02-05,2206
1122,1046,3,Remettre dépasser cours presser éclater genre.,2025-01-05,4641
1123,104,4,Moindre aucun aventure lier neuf siège puis.,2020-01-21,2957
1124,1018,3,Désormais général avis joie saisir tour vol vingt remonter.,2019-06-29,1921
1125,268,1,Trembler militaire d'autres soutenir queue sauter poésie gauche.,2025-02-21,1981
1126,156,4,Semblable naître folie certain six cas général.,2023-09-21,3906
1127,172,2,Port existence oreille pencher bord difficile précis.,2022-06-06,4260
1128,609,1,Du bientôt mort jeu plonger lueur aussi elle commencement choix forme mériter.,2019-01-14,211
1129,662,3,Enlever feu commun terme matin si seuil pauvre.,2025-11-08,4397
1130,615,5,Ombre mouvement respecter terrible dégager son doigt essuyer mois prêter toile comprendre pur.,2019-02-18,685
1131,1163,1,Exécuter gauche public prétendre coup secret avant propre près.,2020-01-13,490
1132,239,1,Combat obliger avec jambe rien forme marier ici annoncer.,2022-01-30,561
1133,952,3,Vide changer plaire précéder ton auquel sac bon art pourquoi quelque ne.,2024-01-16,3645
1134,1054,2,Installer personne caractère permettre rappeler six preuve plante battre.,2020-12-30,5178
1135,1307,1,Environ ombre quelqu'un autrefois midi cri bête classe chasser bureau vue ruine.,2019-06-02,3384
1136,1292,4,Imposer rejeter ombre liberté mener toucher consentir nom plusieurs poète profond lune.,2019-06-09,644
1137,640,4,Raison sans source volonté croix commencement.,2021-12-14,1161
1138,900,5,Veiller beau décider elle fille souvenir histoire.,2020-09-11,3891
1139,486,4,Interroger reculer fête nul aimer claire charger général machine établir baisser heure demeurer.,2020-05-19,3516
1140,836,4,Attirer mériter saison colon importance crainte seulement poursuivre sortir flot respect.,2023-08-19,2090
1141,1121,5,Regard relever été connaissance tracer sans colline être naître danser.,2024-03-23,687
1142,774,4,Espoir conseil obéir arme un mariage.,2022-11-13,1143
1143,476,2,Noir papier inviter bleu maintenant vers général effort troisième plaindre plaindre.,2021-10-16,5828
1144,1495,2,Mais soudain neuf petit secrétaire seuil seconde branche.,2022-09-06,898
1145,858,3,Politique calmer madame sac fusil tomber davantage.,2022-10-26,2176
1146,1128,5,Journée discuter choisir mille corde discuter cabinet rouge casser.,2019-04-29,3513
1147,185,4,Drame habiter tant humain risquer soumettre prévoir.,2019-05-20,5012
1148,822,2,Si été intention centre cheval préparer naissance.,2021-12-02,5630
1149,48,5,Pied parmi moment valeur politique couleur bas réel haine ville nom second.,2022-09-30,27
1150,1154,4,Guère sable militaire expérience condition souhaiter et santé instinct protéger vague elle exprimer.,2024-09-06,4725
1151,1403,1,Main pluie docteur notre sol intérêt haut lueur cheval bas robe accepter.,2021-01-29,2816
1152,542,5,Saint deux toute réussir grâce brûler impression rejeter coûter.,2023-04-16,711
1153,1238,5,Caractère chasse me étranger conclure personne rayon après mon rapidement jour.,2022-06-10,3223
1154,214,3,Intention fonder sûr changement certain bas.,2021-06-16,2126
1155,388,2,Vouloir être bien rire tempête ordre pendre pauvre traiter emporter façon.,2020-02-06,1182
1156,674,5,Nul rideau heure découvrir respirer hiver prouver.,2021-06-17,96
1157,788,3,Partout spectacle verre affaire paraître obéir.,2019-06-28,629
1158,1109,4,Visible coûter près en rêve soutenir libre commencer accrocher grave propos.,2023-11-03,2361
1159,275,1,Réveiller reposer regarder monsieur rouler cacher point droite leur précipiter devoir éteindre.,2022-08-27,890
1160,806,3,Cheval signe courir déclarer prochain cela.,2024-06-12,2712
1161,174,2,L'Un leur or mémoire guerre renoncer.,2024-08-10,5804
1162,1032,4,Prévenir précéder déchirer exister or verre corde saint prendre vaincre.,2019-03-14,5740
1163,1488,3,Blanc regretter bas vêtir forcer répandre imaginer faible revoir ouvert.,2020-08-27,2415
1164,1377,4,Pauvre théâtre condition papier moment aujourd'hui entendre terrain prix placer exposer ou.,2020-02-27,3528
1165,788,5,Vêtir beau maison content renverser souvenir.,2023-10-17,1960
1166,66,4,Également malade absence réalité ensemble recueillir action douter reprendre or.,2019-06-18,1874
1167,459,2,Lutter caractère dès auquel ennemi ferme voisin terminer tirer abattre noir.,2022-03-15,2851
1168,259,4,Passé rappeler chaque matin passer sorte casser ton retourner devenir chaud.,2023-06-07,3817
1169,563,4,Repousser déjà l'un gauche rapide enfin âme tour mort marchand.,2024-11-19,2587
1170,1007,3,Preuve juger lune arrêter moitié somme soleil petit répandre animer visible embrasser expliquer préférer.,2020-02-19,778
1171,1072,2,Forcer au veiller prix chance hésiter figurer.,2019-07-23,5312
1172,164,4,Mille erreur quel servir transformer compagnie terrible jardin long fusil cesse vol.,2025-07-26,915
1173,102,3,Découvrir sembler éprouver ancien examiner nous éteindre sentir.,2020-02-21,3858
1174,900,2,Pitié ici dessiner taire partir table mal subir professeur glisser.,2022-08-24,4132
1175,503,3,Beaucoup police parvenir rond jeter demande nu faveur maintenir quart révéler.,2025-09-13,2170
1176,1185,2,Bande sommeil dominer serrer présent réalité cabinet bruit commencement rang étranger travers.,2021-12-13,4709
1177,367,3,Regretter supérieur signe parler yeux humide mentir joie.,2024-12-18,2625
1178,133,3,Eh discussion pourquoi livre jambe supposer peine couleur commencement premier.,2022-10-04,2644
1179,884,4,Sentier petit coin importer atteindre ensuite lui manquer point grave doigt agiter éteindre.,2019-05-22,5278
1180,1155,4,Fait retour cheveu somme souvenir voisin répandre ruine rien.,2023-06-18,3929
1181,593,1,Odeur cabinet avis école comme manquer vieux te hauteur élever si fine.,2024-09-18,2437
1182,1491,2,Cent droite ignorer moyen imposer jeune approcher.,2025-05-28,2234
1183,1211,4,Mine nature souvenir mer surveiller bas semblable heure.,2019-09-13,1661
1184,8,1,Savoir rêve donc prendre près pas docteur semaine.,2023-06-20,2220
1185,1487,1,Enfin énorme mener son soleil passé début doute tenter réalité.,2022-06-07,1875
1186,1427,2,Ni lorsque tenter blanc surprendre ceci.,2025-01-18,3629
1187,1261,5,Six médecin ferme empêcher ciel plein réduire étendue mois seuil trop cheveu quart.,2022-11-05,277
1188,285,4,Troisième fil sur lorsque minute faim tantôt tard liberté.,2022-11-11,5825
1189,113,3,Discussion lors partir attaquer mémoire rideau arrêter bon renoncer soir seuil masse.,2023-10-23,1311
1190,1092,3,Bois intéresser avec ami résistance soi voix.,2023-11-11,5357
1191,1410,4,Grandir ressembler en spectacle saison temps roman pensée demain émotion.,2025-03-28,305
1192,80,4,Éternel convenir rêver courage guère employer déjà exposer dent six.,2021-09-14,1123
1193,104,4,Secours troubler coeur position simple bientôt satisfaire réalité.,2022-06-16,1776
1194,472,3,Prier tour tourner chaleur jambe cependant tôt puisque jeter pouvoir sueur.,2020-05-25,4304
1195,7,3,Ce voir poitrine agiter loup début réclamer.,2022-11-01,4899
1196,1035,4,Attirer lors doucement quoi secrétaire durant franchir vin faveur arracher livre.,2020-08-09,334
1197,631,2,Forêt interrompre pointe maladie roi fort pareil déclarer tendre envie tout vivant pied.,2023-10-22,2106
1198,30,4,Clef son beau manquer air précis pauvre.,2019-06-03,1963
1199,221,5,Ce jusque cerveau fine preuve hors falloir prendre bas se.,2019-05-22,2175
1200,91,2,Allumer sien portier écarter oublier caractère blanc rompre leur bientôt précipiter seulement.,2025-12-08,2642
1201,711,1,Élément tandis que aucun cabinet premier charger caresser deviner découvrir bataille soleil sens.,2025-01-26,2329
1202,303,4,As remplacer soit entrée croiser long partir race confier de vêtir.,2021-11-17,2589
1203,1378,2,Vite musique larme enfance précieux dessiner ouvrage en sang adresser rose sept.,2021-11-27,5460
1204,529,3,Aussi plaine trente personne sueur demain de éloigner tendre cependant caresser mince cours.,2024-01-26,3325
1205,932,3,Claire magnifique conscience portier sept vraiment oh exister quitter.,2023-12-23,2149
1206,170,2,Planche tout étranger planche art léger marquer prison lourd dur.,2022-10-31,2939
1207,202,1,Soudain terreur mine haine cri donner essuyer six.,2020-12-20,4566
1208,138,5,Victime esprit troubler sept peu air vraiment oeil gauche ruine proposer.,2024-03-29,5881
1209,1384,1,Couvrir marier pendre réflexion rappeler vide empêcher vêtement supporter.,2022-03-06,3292
1210,1277,2,Parce Que curieux espèce lien humide ouvrir.,2022-04-08,2196
1211,1319,4,Problème cent oreille visite dégager voiture état distance côté point joli.,2019-04-25,2703
1212,1484,3,Traverser un bien maintenir voici impression réserver former raison dessiner emmener lettre.,2022-03-26,4221
1213,596,2,Source figure dame indiquer riche compter entrée toute partir pitié établir complètement oeil.,2023-11-17,367
1214,1271,2,Toute fine beau lumière respect douceur enfermer.,2024-01-12,4472
1215,1184,2,Question dos chiffre vol égal frapper.,2022-09-07,4234
1216,1100,3,Tendre circonstance essuyer retenir vraiment cours.,2025-10-04,5202
1217,920,2,Agent qualité près droite flamme désormais gouvernement toute répandre patron fumée révéler.,2025-04-24,2131
1218,504,4,Tempête famille drame vieux envoyer secret tache debout condamner creuser.,2019-12-17,987
1219,218,5,Demain oeuvre heure garde quitter simple colline herbe cour.,2021-08-01,1013
1220,1245,4,Devant retour dehors enfant voyage oeil joli observer afin de habitude.,2021-08-16,1410
1221,511,5,Bruit écraser spectacle avis vieillard ah.,2024-04-30,4132
1222,507,1,Assister fond avance où est réalité indiquer.,2020-08-20,2929
1223,1317,1,Longtemps toujours oeuvre voir chance aide voici front jaune dire véritable puisque.,2019-08-28,4716
1224,904,2,Article menacer figurer midi sentier juste quelque du.,2021-02-16,4676
1225,1374,5,Considérer aussi réfléchir supérieur retomber boire parti race table cesse fête intention mauvais.,2023-03-26,624
1226,1208,5,Carte exprimer jeune ancien courant causer flot rien interrompre tu vite humain source.,2022-09-08,3036
1227,1370,2,Entre droite puis propre curiosité spectacle prix.,2021-11-24,4962
1228,1135,3,Impression engager détacher certes seulement rapporter découvrir circonstance son page peau manier.,2025-04-04,3503
1229,1364,1,Livre remonter inviter assister perdre affaire planche.,2021-01-08,4463
1230,1486,2,Leur rien sortir épaule bon rendre.,2022-03-12,1103
1231,1444,1,Entendre attendre voler beaucoup queue nerveux tirer mener jusque pensée personne.,2025-04-20,1402
1232,1095,2,Complètement mesure double dire haut pur quarante hasard haïr faux.,2020-06-06,1463
1233,1282,4,Sous expérience ensemble eau accomplir besoin chez chemise beaux condition travail douter ci.,2024-02-28,3383
1234,265,2,Blond rayon affaire gagner refuser brûler milieu grâce ton.,2019-04-09,2281
1235,1312,4,Poids grandir entrée arme lequel unique porter frapper pour.,2021-12-23,4378
1236,1344,5,Ni médecin avis entre visage pourquoi certes le parler changer surtout approcher.,2024-05-13,177
1237,571,3,Travailler changement saint avenir ami amener pont troisième que détail souffrir.,2024-10-07,5054
1238,437,2,Pays joue demande rouge volonté afin de surtout calme étendue trembler.,2021-08-23,3581
1239,126,1,Magnifique surprendre nécessaire bureau tard résultat celui choix votre tard diriger.,2021-11-05,3517
1240,617,2,Fois village rappeler certain secrétaire attitude saluer établir permettre professeur mort.,2021-01-07,5528
1241,445,2,Âgé histoire froid subir satisfaire qui or.,2023-04-12,1439
1242,119,3,Presser marcher pauvre vent docteur prison.,2022-12-02,247
1243,1475,4,Mêler ici condition autrefois départ crise.,2021-01-26,3608
1244,1328,2,Étranger chat cheval tout extraordinaire éclairer confondre folie songer.,2021-05-05,5013
1245,1316,5,Accrocher considérer arbre effort contenter mouvement entrer accuser juger faible brusquement.,2020-01-23,46
1246,397,3,Fauteuil secret rompre palais accord en passer.,2019-06-22,3729
1247,574,3,Manger parole voilà douter lune espèce camarade conscience ciel.,2022-06-22,3125
1248,417,2,Caractère étroit briller certain verre parole fonder étroit lors garçon conduire en grandir.,2020-03-10,247
1249,686,2,Cher présence avouer enfant bande quant à pièce se croiser élément.,2024-11-01,5890
1250,436,5,Joue goutte forcer victime lire oublier sueur ramasser payer intention ramener.,2024-08-15,4407
1251,704,1,Marcher ressembler complet plein fonction vieux.,2024-01-25,1439
1252,901,1,Poète paysage oncle hiver rendre hôtel succès pas nouveau enlever.,2021-03-24,5395
1253,1022,1,Désirer carte assister mort colline atteindre morceau commun papa devant anglais fois.,2022-03-07,5916
1254,835,1,Accompagner vie impression lentement siège fête beaux.,2020-05-17,2088
1255,1440,5,Léger port année tout chercher ferme ci source absence yeux.,2021-11-28,3717
1256,1490,3,Double changement envie plaisir trace haut condamner eau traîner chiffre genou.,2020-04-08,3498
1257,804,2,Fois sac coeur valeur joie inconnu mort coup.,2024-03-27,2945
1258,1418,2,Examiner désirer lier médecin certain ferme témoin fier rose crainte huit.,2020-02-09,1271
1259,1299,3,Banc idée mémoire obéir vivre résoudre extraordinaire réponse donner chaque revenir donc manger.,2023-11-15,4934
1260,93,1,Deviner croiser soutenir prévoir tour tantôt relever maison calme étude larme.,2021-05-26,2744
1261,1058,4,Naturellement trait creuser drôle fort voyager.,2021-07-20,3964
1262,1368,5,Cesse figurer emmener état fonder mine.,2020-02-24,1363
1263,1399,4,Fermer père différent exemple taille garde apercevoir crainte.,2021-01-23,2043
1264,957,5,Fumée fuir journal chair gagner fleur droite poitrine gros beau oreille.,2025-05-28,5271
1265,378,5,Sommeil autre chat absolu trembler dresser soi danger.,2023-09-28,5788
1266,1170,4,Roi exprimer déposer entier franc avancer en inspirer plusieurs créer effacer.,2022-10-29,3096
1267,135,5,Prière paraître fuir herbe jusque trembler accepter docteur.,2023-08-21,2163
1268,1197,5,Durer corps chien préférer grand neuf accomplir.,2020-04-24,4965
1269,1286,5,Grâce troubler chasse exécuter briser système vingt minute vieux rouge fille qui.,2022-09-30,1188
1270,846,4,Principe disparaître million traiter fixer retomber même réfléchir avenir premier.,2022-03-20,3482
1271,105,1,Surtout fine conclure ligne tant serrer.,2022-12-05,2698
1272,106,4,Spectacle impression suffire marchand spectacle glace très mari nuit autorité.,2023-10-10,5956
1273,986,3,Jour prochain dans mener muet travail doigt violence scène curiosité âgé honneur.,2021-08-31,4709
1274,862,3,Apprendre terrible parvenir grâce dégager politique vague eh dur bon lentement promettre.,2021-03-28,5703
1275,885,1,Robe chaise type ni course conclure ou fatigue mois taire avis.,2021-12-08,619
1276,923,3,Campagne digne raconter billet dormir bas honneur corps curieux médecin devant tenir quoi conseil.,2020-04-20,3472
1277,1253,4,Suffire durer supérieur éternel bois surtout.,2021-03-21,863
1278,1252,5,Deux claire lit vêtir pays rouge.,2023-07-03,120
1279,307,3,Compter personne deux dégager malade nation tache.,2019-07-02,595
1280,356,3,Mariage saison avancer seconde droit énergie bataille déposer tandis que envoyer absolu.,2021-05-14,5533
1281,1411,5,Odeur victime haine davantage vaste bientôt apparence plan poste sentier.,2020-09-28,3968
1282,992,4,Qui goutte fonction vite front cheveu public jambe rocher se.,2020-05-20,4659
1283,83,1,Sembler admettre ruine moyen enfance noir sol compter ville imposer tomber lentement.,2022-08-04,5462
1284,802,1,Retenir craindre le acheter banc apparaître marchand après lèvre te.,2022-11-07,718
1285,331,4,Histoire image inquiéter répandre suivre paysan me ministre relever surprendre siège pas frapper.,2021-03-13,2180
1286,162,4,Préparer noir tombe garçon nous bas peur posséder décrire départ signifier personne juger.,2024-09-15,3920
1287,402,5,Dégager par mal consentir trouver aimer prouver tapis répondre sur présent tendre politique.,2022-07-13,3939
1288,445,2,Blanc autorité ou chose promettre éternel troisième durant compagnon produire risquer combien.,2022-08-28,4304
1289,185,4,Propre clair pensée général chaque existence sortir absolu manger seigneur sauter.,2022-09-05,1923
1290,724,5,Discours demain livrer abri bonheur revoir fumée colline pleurer tellement perdre.,2025-10-29,2384
1291,1355,1,Corde appartenir toucher rideau retrouver prendre saison projet rester songer autrefois contenir.,2023-06-27,774
1292,1312,4,Terme phrase éteindre fois supposer aventure rapporter sac amuser gris.,2024-11-24,2129
1293,143,1,Terminer elle accepter étrange annoncer te confier.,2024-10-30,2470
1294,781,4,Résistance noire hiver déjà ami mois intérieur le empêcher.,2022-02-19,1311
1295,1167,3,Retour donc poitrine mêler coucher causer sortir crise jeu ministre.,2022-09-18,1758
1296,24,2,Sentir ombre ignorer causer loi époque exprimer figure.,2020-11-11,3501
1297,1485,3,Bien fort attirer lèvre hors étudier état social partout si poussière.,2021-06-08,765
1298,1270,1,Étude billet marier tapis répondre vol solitude certainement.,2023-07-23,974
1299,709,2,Croiser comment envie prouver votre agent tirer résister écouter coûter corde maître.,2022-08-02,4500
1300,1490,1,Savoir machine reprendre repas disposer de train avancer sol franc long peuple condamner.,2019-03-10,4176
1301,1091,2,Présent amener défendre répandre déposer pays nul sec offrir fin le.,2023-05-12,5077
1302,207,1,Frapper second bas penser cri tenter guère magnifique pénétrer charger mais apercevoir.,2024-05-26,5133
1303,931,4,Froid difficile autrefois protéger mort dès officier sentir.,2024-05-12,3057
1304,350,3,Abandonner auteur blond carte reculer fumée prévoir terre souvenir branche.,2021-04-18,2108
1305,1270,4,Oh soutenir qualité manger très tant chiffre contraire.,2020-12-11,3536
1306,1119,2,Grâce désormais aucun réel membre échapper intérieur pont route accord désigner.,2025-10-12,1775
1307,737,3,Claire lisser militaire recueillir vieillard campagne amour course durant préparer violent geste.,2025-04-20,2568
1308,1194,2,Vide placer poésie conscience président lire toit sans usage charger genou école valoir.,2022-12-26,66
1309,1125,3,Rompre main être prétendre silence droit.,2020-03-18,1083
1310,681,2,Nommer accord moyen curieux côte pas.,2023-04-02,275
1311,604,4,Si étranger chaise consentir écarter manquer annoncer pur environ couvrir posséder.,2023-07-26,1064
1312,1318,4,Engager prononcer le étrange véritable entendre serrer.,2021-08-10,1151
1313,912,3,Loin et police détail occuper tirer venir appartenir entre été hiver.,2021-06-29,2283
1314,413,1,Inquiéter sentier curieux chance erreur plaisir mer maintenant repas transformer condamner précéder.,2019-03-29,2587
1315,1387,5,Entre aujourd'hui éprouver seul naissance or nombre on qualité sortir jardin près.,2021-08-08,1995
1316,1126,3,Nerveux croix crier argent delà distance paraître écouter rêve avancer silencieux réussir.,2019-09-19,2184
1317,1454,3,Étendue perdu genre penser chose couler.,2020-02-28,1281
1318,1022,4,Prier fier condition loi billet baisser.,2022-12-30,1043
1319,571,2,Écraser odeur passage bruit vide auprès passer assez portier bureau centre guère.,2020-11-01,4442
1320,155,5,Mot politique partie nous pauvre autant ton ordre.,2023-01-10,3432
1321,188,4,Recevoir meilleur établir tendre calmer circonstance te.,2019-01-25,2197
1322,1295,2,Renoncer colon bras aussi couche depuis envoyer dame herbe sens étouffer.,2024-09-21,2714
1323,1372,2,Rideau maître façon moitié oreille accrocher blanc prêter.,2020-02-04,3513
1324,554,3,Fête soin haine long danser vingt tant frère voie.,2025-11-03,2654
1325,509,5,Bas existence lit confondre or songer enfance sauvage ton.,2019-10-13,5722
1326,246,3,Faim nuage esprit également garçon forme.,2024-08-09,1148
1327,1173,4,Profiter père autrefois depuis élément fait branche.,2022-02-20,1813
1328,863,5,Fou armée bataille vin deviner cesser faible précis coûter appeler.,2019-01-29,3967
1329,1320,4,Crise étranger image travail avancer pencher et courage inquiéter.,2019-10-31,1164
1330,201,1,Vivre fille passé agiter glace assurer.,2025-04-04,2238
1331,944,4,Relation calme admettre on guerre sac content vieux pluie livre.,2025-11-26,3944
1332,1472,3,Arme doute air dormir propre charger pain présenter.,2019-09-06,5647
1333,110,4,Tu silence ancien pitié argent vieillard vérité système étude paupière poids.,2022-03-22,3058
1334,1487,3,Hésiter terrible veille sept elle sang inquiétude réponse rose.,2020-12-08,1809
1335,216,4,Gauche vêtir cruel page soirée officier goût appuyer gens instant bientôt diriger.,2025-11-26,2581
1336,1155,3,Verser savoir pays voie perdre confier compte obéir.,2019-01-30,858
1337,113,5,Maintenir santé charge assurer coup livre poitrine.,2021-10-12,4638
1338,577,5,Vouloir art escalier roman satisfaire depuis personne passion.,2021-10-08,1394
1339,366,5,Acte pouvoir reconnaître consentir seuil décider éteindre demander égal aucun ouvrage.,2019-02-27,3751
1340,449,2,Précieux plusieurs gagner vêtir condamner drame bureau inquiétude jusque perte haine fusil même.,2023-02-18,2587
1341,774,4,Puissance sac penser enfin paquet mensonge tempête.,2022-10-11,5197
1342,1464,1,Fond également joli essayer verre après nord.,2024-05-15,2821
1343,1219,5,Environ remplacer distinguer importer départ garçon bon ne fille quel.,2024-04-12,377
1344,1140,1,Nerveux foi soldat payer haut gouvernement compagnon répondre extraordinaire.,2021-05-05,4490
1345,1016,1,Mon vers extraordinaire mort vert émotion être voici.,2024-09-06,4109
1346,771,1,Cuisine tour mari déclarer auteur service tourner nouveau parcourir content terrain sourd.,2023-09-15,3192
1347,411,2,Inviter brûler second bas remarquer haine passé but hasard envelopper éviter.,2024-03-12,4145
1348,240,5,Digne battre distinguer amener neuf juste.,2021-12-02,5203
1349,308,2,Tomber tuer plonger route pencher lui forêt projet cour plan bois droite personne.,2020-02-27,5467
1350,1165,5,Etc prison pays déjà chemise chasser attitude.,2020-05-24,236
1351,1001,5,Rencontrer revenir école emporter sentir folie situation bruit je siècle.,2022-07-19,1699
1352,99,2,Dominer haut vieux souvenir jusque apporter somme conclure bon instinct.,2024-05-23,1319
1353,1137,3,Chaleur nuage sentiment marché respect ceci armer.,2019-08-09,1419
1354,1448,2,Couper le école devoir quatre livrer nature joindre établir joindre reposer.,2024-10-26,4816
1355,762,1,Partout rare mot attendre poète temps.,2019-05-15,544
1356,1093,2,Créer masse coeur riche assez asseoir baisser avant rencontre parole.,2019-02-14,2585
1357,993,1,Cacher vérité circonstance perdu peine douceur marche.,2025-08-06,3362
1358,474,2,Ruine calmer causer prononcer grand seconde établir journée exprimer avancer atteindre.,2021-04-28,170
1359,1116,4,Tracer tout mari machine exemple si sérieux placer.,2021-04-15,1377
1360,134,2,Midi réduire suite transformer lire plus bonheur rare commencement paupière système père chant.,2021-07-11,1575
1361,493,1,Pauvre relever chute jeu composer herbe direction.,2020-08-01,4296
1362,489,2,Quinze moindre complètement folie cou tâche calmer résultat fauteuil.,2021-11-01,3414
1363,1231,3,Frais cercle rare tête supporter cent veiller anglais rôle marier dame jeu.,2023-09-19,5051
1364,569,3,Pont curiosité faute aucun mariage époque simplement guère épais pas.,2020-09-23,2310
1365,729,4,Réfléchir prier riche hésiter remarquer conduire.,2024-07-06,4400
1366,453,4,As essuyer ainsi table erreur tombe retomber risquer.,2025-11-03,3862
1367,1180,5,Calmer surprendre là magnifique écouter aucun geste exprimer auteur mauvais couvrir prochain.,2022-11-19,5439
1368,444,2,Imposer morceau occasion bonheur lors chose effacer résoudre politique non ça.,2022-02-02,3803
1369,1494,2,Ni savoir besoin sortir partager petit sujet paysan.,2025-08-25,427
1370,1466,5,Étranger allumer douceur partie en couler doucement dessiner vague animer pareil propre.,2019-03-19,4886
1371,658,4,Pouvoir doux rassurer ligne endroit soumettre.,2022-07-17,3712
1372,307,5,Semblable petit absence voisin milieu sentir reprendre l'une entourer difficile chant.,2025-02-10,729
1373,1477,2,Sombre drôle gros oublier tranquille anglais précieux moindre faux égal cas.,2023-12-17,4311
1374,1027,4,Là davantage écraser posséder endormir bas relever train traîner prêter expérience noir.,2022-03-31,3112
1375,602,4,Neuf trembler obéir midi résister direction toile fauteuil plusieurs rassurer vent réponse cheveu.,2022-11-10,3070
1376,435,1,Chanter conduire ciel général dormir serrer parce que voisin chance garde accrocher.,2024-04-06,218
1377,33,2,Curiosité permettre accompagner ciel convenir doux attention est obtenir personne besoin.,2023-02-23,314
1378,76,4,Recueillir marcher joindre disparaître vague vouloir être.,2019-05-05,4696
1379,522,1,Pas air entraîner naturel étranger et rentrer souffrir accuser quinze.,2020-07-31,1022
1380,681,2,Chiffre phrase également immobile malgré roi nul religion guerre lieu arme poète.,2020-12-30,4393
1381,232,1,Rompre également entre devoir glisser aller puissant auprès visite sujet ainsi défaut valoir.,2020-09-20,5142
1382,1480,3,Humain dur monde entraîner cependant chaque.,2020-08-16,3808
1383,555,3,Dans espace éclat calme magnifique groupe bande beauté voie égal oncle doute aujourd'hui.,2019-10-29,2713
1384,970,4,Cours appartement hôtel arme songer malgré vieil théâtre chute.,2025-04-11,3068
1385,221,4,Animal hier court glace bête guère.,2019-09-28,3348
1386,1132,4,D'Autres guerre installer grâce prévoir pour.,2019-07-08,5940
1387,267,4,Groupe figure vêtir groupe renverser amuser.,2023-12-14,834
1388,365,1,Bonheur caractère avis que rare portier tuer dominer.,2024-02-20,2614
1389,665,2,Soirée tu ni siège le mois dix chute ajouter figurer recevoir pendre.,2020-09-13,4894
1390,1176,4,Être moment qualité rôle saluer haute lien emporter intérieur elle humide.,2019-03-29,5042
1391,687,3,Ensuite égal lier prétendre douleur sauvage visite combat herbe dimanche relever.,2020-04-19,1045
1392,588,5,Science cheveu etc vieux ramasser autre dur aide battre.,2021-01-10,2275
1393,846,2,Rapidement cabinet derrière travail croire on gouvernement.,2019-04-14,5059
1394,179,5,Mille vieillard ministre joue contre enfin chute chaque ordre rose toi.,2025-04-16,210
1395,663,5,Renoncer représenter ruine colère condition été.,2019-08-18,1847
1396,468,2,Dernier descendre justice aller mari discussion quelque.,2022-01-31,4585
1397,1401,4,Chez ensemble proposer regard briser réduire conseil mince reconnaître arrêter rose être écarter.,2021-08-09,4147
1398,556,1,Marche avance usage divers tu bas feu commander blond.,2025-05-26,4866
1399,595,1,Reposer ignorer curiosité me jeune accepter combien faim.,2024-11-27,3951
1400,349,1,Étouffer second cesse histoire discuter social pendre.,2019-10-22,5354
1401,960,2,Noir chaud étendre croire couvrir parce que tendre.,2019-07-03,1827
1402,522,3,Retirer tromper douze classe feu trouver davantage entourer six route mari risquer.,2024-05-23,980
1403,1261,5,Quarante reconnaître vague en douceur papier donner léger éloigner devant chaise.,2025-12-16,2019
1404,132,3,Rester tant partout condition endroit mentir immobile nuit obéir classe.,2022-08-16,2103
1405,1334,4,Côté travers recherche groupe faible contre.,2023-11-22,5640
1406,643,4,Cuisine comment corde tache couper vague midi.,2022-10-02,2216
1407,1362,3,Roman absolu sonner supporter devenir ramasser supporter aussi.,2020-08-14,4446
1408,1256,3,Décrire menacer sol mince usage mêler.,2023-11-02,4442
1409,806,5,Immense blanc préparer autour quel l'un long.,2025-05-09,1545
1410,297,4,Général certain chance demande vivant pas joie envie.,2019-08-21,4323
1411,285,5,Émotion pas remplir pièce jeune abattre affaire flamme nous science voiture confondre.,2025-05-04,5157
1412,930,1,Avec sang servir bon trop fauteuil veiller.,2023-02-06,5384
1413,886,5,Terme chiffre chemin étranger drôle soit.,2024-04-25,4038
1414,923,5,Livrer jambe essayer avant éloigner droite calmer petit.,2021-01-25,4944
1415,49,3,Odeur retenir raison position pitié lourd.,2023-07-26,4262
1416,730,5,Quart le général enlever passé enfin ignorer reprendre rencontre toujours lui offrir.,2024-03-03,61
1417,744,3,Nuit annoncer table chercher sûr ainsi voile.,2020-06-22,4804
1418,1300,3,Père entrer sourire jaune examiner repas déposer livrer surveiller printemps bas vin.,2022-02-15,5467
1419,619,2,Inconnu flot plein fauteuil indiquer oublier marier.,2022-08-23,1472
1420,399,5,Travail secret bas garçon conclure coeur voile lèvre fille fixe partout énergie.,2020-07-12,976
1421,423,2,Conscience à ce ennemi toile secours eau croiser pas façon bout endroit vide.,2025-08-03,5687
1422,465,1,Course retrouver chef gros prêt baisser désir.,2025-08-05,3323
1423,185,4,Affirmer quarante habiter genre soin savoir bien.,2023-03-02,5703
1424,107,5,Science baisser muet rôle aide contre repas répéter égal précéder veiller.,2020-02-11,2006
1425,47,1,Moindre premier médecin te demi cour intelligence affaire coûter importance pauvre servir tâche caractère.,2023-12-19,3219
1426,809,4,Ramener il malheur répondre offrir chaud expliquer devoir personne cri soulever bras.,2021-04-05,220
1427,656,5,Placer enfermer agir enfant déposer occasion alors autrement aussitôt danser docteur fixer.,2025-01-03,622
1428,296,4,Empire que regarder fille source minute attention.,2023-04-02,2213
1429,1017,1,Hésiter existence interroger fond bientôt couper crier.,2022-07-17,3718
1430,280,1,Occasion offrir rose dès oeil monter examiner espace rire condition soit.,2019-01-02,2411
1431,1347,5,Tout apporter apparaître pauvre juste salle salle.,2024-01-21,220
1432,841,1,Savoir créer signe pénétrer milieu maintenir hors éclat mari discussion.,2023-06-30,4850
1433,226,5,Précis gouvernement rue déchirer songer ici affirmer.,2022-12-03,4760
1434,705,3,Second moment appartement précieux en pied oeuvre construire triste intérêt.,2022-05-12,4939
1435,975,2,Élément lèvre chant entier eau aimer fond calme si acheter ouvrage.,2020-12-12,4107
1436,887,4,Billet peau été avance parent dieu appartenir patron plonger quel montrer.,2023-12-08,3235
1437,1181,3,Entraîner répandre l'une avec comprendre toi action offrir interrompre vêtir animal tuer faim.,2025-10-29,3293
1438,1334,4,Bruit retour partout pain saluer lequel répéter coin sept.,2024-02-21,3379
1439,1495,3,Conseil quelqu'un blanc école travers observer moindre distance.,2021-06-25,5273
1440,484,1,Conclure préférer côté simplement travail pendant poids presser terminer danger mariage.,2021-09-15,1264
1441,83,5,Note veille rang état prouver colon miser.,2025-02-03,275
1442,1253,1,Bien réfléchir avant année général lendemain année rire connaissance sentir entrée calme.,2024-06-02,2334
1443,950,4,Volonté étranger couleur dernier temps prendre doux curiosité nommer hier chance.,2022-03-16,3692
1444,1333,1,Elle présent bas beau ombre changer sous paysage fumer venir doigt événement.,2021-10-19,2376
1445,395,4,Oh partout agiter trait votre oeil agent.,2024-08-16,1549
1446,713,1,Bureau six ventre absolument certain enfermer entendre as victime dès.,2021-04-12,2763
1447,644,2,Jeunesse lisser croix porter nombreux chien prétendre même déjà aussi.,2020-04-03,1647
1448,265,3,Longtemps valeur près miser réussir tourner trou présenter clair aile obtenir plaine entendre.,2021-11-26,3471
1449,912,1,Ciel prison son conseil cruel tout disparaître avoir lire.,2021-01-13,1328
1450,783,5,Doux quand oh cher étouffer train divers masse sortir comme fort dès obtenir.,2024-02-25,3774
1451,373,4,Inconnu durant charge intérêt souffrir tranquille prix prétendre fou noir.,2022-02-25,5141
1452,456,4,Naissance mener trait simplement président fuir ce résoudre point.,2025-03-30,3671
1453,1330,4,Front curiosité écrire recevoir cacher roche arme interroger.,2023-02-12,219
1454,614,2,Rare alors suffire suivre problème observer nez autrement.,2022-03-20,16
1455,817,3,Raison français plonger sein sept claire lit hiver voici deviner.,2023-07-10,3496
1456,1474,1,Préparer étonner classe heure terme haut horizon.,2023-08-04,1721
1457,1161,3,Conclure renverser chose beauté peine fait dépasser comme donc intention te famille secours.,2025-09-11,1956
1458,927,4,Couleur témoin sauvage admettre passage preuve travail coin appartement remonter minute nombre raison.,2021-12-27,1690
1459,795,5,Mort chose sein chaque surveiller voisin fin remonter puissant.,2021-11-28,2181
1460,1092,2,Pied général tomber noir portier muet acte.,2022-11-14,1100
1461,1262,1,Continuer officier étudier lendemain tracer porter commencer jeune cheval exiger sein.,2023-10-26,674
1462,1140,4,Puis poste chef condition fruit rêver étage herbe moment parfois sans décrire.,2021-11-23,4061
1463,72,2,Peu remonter tellement plan oui dehors est.,2019-02-21,3863
1464,1137,3,Conduire voir instinct aujourd'hui de livre franc sien nouveau.,2022-07-24,2901
1465,1157,5,Boire loup lueur conscience sorte ni.,2024-06-20,4814
1466,762,5,Lutter nom facile mener médecin pays immobile saint.,2025-01-01,5048
1467,953,2,Envelopper finir menacer elle encore reprendre couper glisser détacher vie heure renverser mien.,2023-01-21,5579
1468,1009,2,Chacun trop vouloir coin ne trembler marche accord réel peine soi.,2022-02-11,5031
1469,416,4,Élever chaud cri à blond énergie.,2020-01-30,4962
1470,1075,3,Là solitude pensée système parcourir trembler content dresser changer horizon tapis.,2024-05-17,5128
1471,1319,4,Désespoir travailler plaine accrocher dimanche figure bleu vieillard.,2024-09-21,3542
1472,1170,5,Supposer couche dès instant planche mourir cinq mettre élever mieux but conseil an.,2024-03-22,3043
1473,628,2,Remplir habitude me prétendre car accent masse payer détail abri bois.,2025-02-16,2912
1474,922,4,Voisin oeuvre vite étude secret bas élever.,2022-08-15,417
1475,192,2,Train taire trou couper espoir éteindre que.,2020-07-04,5027
1476,241,1,Dormir jambe saisir geste intelligence étudier cinquante chance qui étude pénétrer.,2020-02-16,4566
1477,1100,1,Centre bien deux cuisine élément doux pensée branche ton répondre justice.,2022-03-22,5253
1478,611,4,Certainement soldat rêve autrement recevoir et appartenir.,2024-03-28,3556
1479,177,1,Violent mêler commencement du lumière prince trop roi livrer.,2020-07-23,5269
1480,1304,2,Bouche avis tout contraire commencer comprendre interrompre.,2019-12-25,3136
1481,1339,4,Ministre conclure marier tomber installer comment étaler.,2024-02-18,1417
1482,709,2,Signifier moyen cacher mon désert et immense entre force coin souffler train.,2020-01-21,3205
1483,1163,1,Pendant course victime tombe fin problème debout partout.,2021-01-13,976
1484,872,5,Pierre enfin voisin suite avec plante exemple grâce faux douze dresser.,2023-10-21,5507
1485,534,3,Reposer certain tranquille sauvage bien maintenir ville reconnaître plein.,2024-06-27,5494
1486,674,1,Attention lutte bas saison repousser flot femme soin durant foule coin soleil ordre.,2022-01-12,5861
1487,617,3,Existence cerveau pensée voler bon prononcer mêler nouveau exposer grave double.,2019-07-23,4328
1488,977,4,Juste saison veiller gagner ramener compagnon siècle.,2020-10-30,462
1489,580,5,Ça essuyer important quartier côté pleurer prendre aucun donc chaise.,2022-12-18,3519
1490,1408,4,Note yeux complet cent ministre suivant naturel également.,2020-05-13,4209
1491,915,5,Veiller essayer compagnon examiner nouveau droit battre table.,2022-06-06,5683
1492,434,1,Parvenir ou bouche année pays absence plaine subir couleur fait habitude son saint.,2023-06-29,4954
1493,938,1,Malade seulement émotion roi ouvert recommencer éternel trop goutte marcher près tranquille oiseau.,2023-09-16,232
1494,502,2,Théâtre impossible temps sûr moment chemise arracher.,2020-08-21,286
1495,1059,3,Note autant désirer mesure toile situation rêver quelque peine.,2024-04-24,5569
1496,1215,1,Accorder assister banc oncle maître léger lutte disposer fer.,2025-10-07,3772
1497,513,1,Seulement rue musique fin groupe salle double argent chose devant dresser.,2021-01-22,2599
1498,672,4,Ah titre réunir poser résister route confier sentiment honte aucun sou.,2020-07-17,5735
1499,484,4,Rester parcourir froid porte promettre en chance chant jeter mon pointe pauvre besoin.,2021-03-04,2590
1500,1032,4,Du effort inspirer haut fois gauche classe folie poser leur.,2025-07-21,5204
1501,1158,2,Prince simplement quelque espèce chaîne problème sentir.,2024-06-03,5821
1502,1475,1,Type préférer matière voyager un inviter premier souvenir lourd envelopper mentir apparence.,2024-02-19,1870
1503,3,2,Employer prier aussitôt droit nombreux figure soulever roi mettre caresser genou.,2025-01-27,1740
1504,80,4,Haine étroit trente poste sortir discours.,2023-01-25,3722
1505,469,1,Grâce décider creuser plein ainsi voyager bruit attaquer.,2025-04-12,2707
1506,241,2,Voir semaine objet auprès vouloir offrir.,2022-02-07,3522
1507,936,3,Fête pourtant je prêter lors partir tu profond oreille remarquer le disposer.,2019-10-04,1794
1508,385,4,Ami réveiller libre aile occasion direction caresser transformer.,2019-07-16,5143
1509,215,3,Porte revoir après extraordinaire oh entier dominer moindre courage finir clef.,2019-12-27,3767
1510,477,2,Quitter point avec obliger beau oncle nature y oncle faute côté reprendre sérieux.,2022-03-03,5668
1511,83,1,Désirer avancer mort quarante placer veiller puisque.,2021-01-28,183
1512,441,3,Or remarquer blanc éloigner inventer corde oeil égal mari commun contenter.,2020-10-24,2895
1513,701,3,Inventer prévoir souffrance désigner heureux croiser demain peau attention plan animal.,2023-09-30,1285
1514,1421,1,Rang tombe être dernier instinct planche événement.,2023-12-29,2956
1515,1278,1,Ainsi émotion vif attirer ensemble paquet se.,2024-06-25,843
1516,671,4,Le autant tu mal soumettre chasser sec réalité position non moitié passé.,2019-09-20,5180
1517,53,2,Qui retenir gris devenir soit avec passé douze.,2025-01-22,1406
1518,1122,5,Eh haine pièce terrain charge gros annoncer en surprendre vite immense absence plein.,2021-11-14,1852
1519,747,2,Recherche hauteur ciel étudier atteindre paix poussière tombe soulever hasard goût conduire.,2021-06-26,3918
1520,332,2,Annoncer beaux proposer observer causer après plaire cerveau tirer jardin rompre.,2024-11-18,2211
1521,714,3,Volonté haine naturel prison lourd sommeil envelopper faible fête.,2025-04-17,377
1522,465,3,Hôtel bas existence même retenir arracher conduire politique ennemi sauvage après.,2021-04-04,4656
1523,878,5,Faible souvent paysan nouveau joli épais liberté.,2019-05-26,4739
1524,516,4,Surveiller vert crainte souhaiter aussi saisir.,2025-12-17,1449
1525,1025,4,Inutile pleurer est parent choix retirer paysage lueur.,2023-04-20,4243
1526,195,3,Surtout admettre patron mal endroit considérer.,2020-05-23,441
1527,674,4,Dès accuser politique qualité énorme barbe accepter animer permettre chaleur jusque étrange.,2019-06-04,2366
1528,1424,2,Riche puissance moins front argent goutte demain danser oublier.,2025-02-14,4368
1529,1288,2,Après malade recevoir élever mari achever deviner plaisir hors puis enfoncer.,2020-09-04,3350
1530,189,5,Sens résistance décider dresser trésor souhaiter paupière paquet.,2023-02-11,1639
1531,1057,3,Passion muet venir fil brusquement auprès.,2024-05-31,4111
1532,1408,5,Intéresser toit succès présent voyager apprendre autrement combat désormais voir chasser annoncer.,2019-10-16,4559
1533,1007,4,Sien guère casser bas grâce deux après secours compte goût souvenir livre.,2023-01-06,883
1534,465,5,Mériter ceci voisin sujet renverser endormir poste meilleur effet.,2019-06-22,442
1535,144,1,Cheveu autant épaule précéder président étranger quarante pain clef rouge.,2025-06-07,4186
1536,931,1,Réel effacer rocher étranger se craindre sauvage bas mari annoncer.,2024-02-26,4539
1537,1093,4,Aller mettre pousser apercevoir quinze non herbe pauvre jeune digne nu larme.,2022-06-05,5201
1538,284,3,Vaste revenir comment ancien président croiser votre impossible.,2020-08-01,3931
1539,1351,2,Liberté certain valoir combien prononcer musique cheval lèvre précis argent.,2025-07-14,2629
1540,919,4,En pourquoi près remplacer eh être billet parler secours.,2022-06-26,2283
1541,994,5,Jardin million relation assez robe côte nouveau beauté secret usage donner juste corps.,2024-12-20,4320
1542,609,3,Ouvert chef somme remplacer épaule ce événement réveiller rare vers paysan troubler vieux.,2020-12-11,2231
1543,1376,4,Car vide troubler sembler où folie suivant secret ensemble chef nerveux calmer.,2024-02-20,3261
1544,1116,4,Valeur visite horizon prière âge paysage coûter bureau étouffer te.,2021-10-14,4966
1545,63,2,Verser page point travers personnage temps souffler.,2021-06-06,3247
1546,656,1,Public front après cher d'autres présenter certes bien devenir le émotion folie.,2024-12-24,526
1547,1188,2,Long si amener présent un valeur saison tuer mériter bas soirée fils.,2023-06-17,2131
1548,989,3,Fumer douter facile expression assister ouvrir époque courir exiger profondément accent.,2023-11-11,4687
1549,1281,3,As différent intention papa grâce comme nuage non condamner vouloir.,2025-01-17,1625
1550,101,3,Sur nation être d'abord relation plusieurs interroger maître haut écrire est parole.,2022-07-21,3779
1551,457,5,Honneur expérience liberté mort ou événement tâche fortune calmer nécessaire indiquer propre.,2024-11-27,2417
1552,906,2,Détruire paysage écraser créer haute plusieurs aucun courage santé endormir branche propos certainement.,2022-11-21,3568
1553,989,2,Véritable parvenir sans embrasser atteindre année général dire assurer sommeil.,2022-06-25,5525
1554,405,3,Tellement grâce mort horizon voisin nom endroit.,2021-11-26,1271
1555,439,2,Commencement usage réunir robe fer juste rapporter.,2019-11-26,4968
1556,127,1,Impression précieux prétendre danger retomber travail curiosité vue mesure respirer tirer contraire.,2019-09-10,2067
1557,724,3,Importance mettre rue bas inquiétude second ordre religion étranger goutte.,2025-06-14,5483
1558,880,2,Jour fixe commencement son doigt sentir te ton politique chose entier vue.,2024-06-25,3207
1559,957,1,Prince jusque nécessaire étranger peur regretter course.,2020-06-15,1703
1560,94,2,Saint jour doucement pendant moins juger étranger époque sourire employer considérer caresser dos.,2025-10-02,5724
1561,308,4,Décrire établir chasse caractère mode fruit commencement soutenir absence premier retirer nord long.,2019-12-11,3537
1562,750,1,Livre cour du détruire tirer sable action étrange glisser lendemain.,2024-12-16,593
1563,269,5,Travers assurer caresser rue éprouver vif douceur frais mille.,2020-10-22,4602
1564,199,2,Toujours plus entraîner voir temps condamner dos.,2025-03-31,3930
1565,366,2,Arbre fois trembler vaste toucher précipiter demander conversation supérieur fixe siège demande avec.,2022-11-29,3515
1566,488,1,Après pencher visite présenter théâtre gagner ordre étonner.,2019-05-19,297
1567,1094,5,Condamner auquel protéger prononcer préparer voiture lentement été prouver commencement reconnaître sourire.,2020-12-13,5942
1568,1345,5,Scène nombreux après somme billet long éprouver mesure soldat aujourd'hui entrée.,2023-10-22,3303
1569,1027,5,Troubler naissance rapidement mot politique premier dresser fier heure terme.,2022-09-29,4724
1570,708,1,Attendre action rocher être semblable servir bon dur.,2023-12-25,2493
1571,81,2,Centre personne plonger prendre reposer peu usage.,2024-02-12,3209
1572,1071,5,Juger voisin nommer foule exiger quatre monter disposer souffrance guère.,2020-02-03,1393
1573,129,5,Considérer visite abattre chose prétendre franchir besoin courage unique respect remonter.,2019-02-19,2130
1574,562,1,Prétendre odeur chien chambre vivant malgré dehors.,2024-08-01,766
1575,796,1,Bête masse religion sauver suite herbe naturel voisin importance signer.,2025-05-01,808
1576,401,3,Dessus rouge éviter politique mari avant ennemi autant même long exécuter désert valeur.,2020-04-24,89
1577,322,2,Occuper morceau mériter éclat quatre besoin curieux conscience traverser.,2020-04-04,2317
1578,555,5,Trouver vrai toi cela petit trouver changement cent veiller souffrance.,2022-03-17,4720
1579,557,3,Heureux vivre pénétrer colère tout façon on voile représenter répéter réel magnifique.,2020-01-21,5874
1580,1019,3,Content tombe chacun en propos beauté.,2020-01-29,4355
1581,299,2,Beau jambe vif figure pays distinguer grave être de vraiment.,2021-10-14,5611
1582,440,4,Médecin empire rendre répéter manger animal.,2022-08-28,4952
1583,735,5,Derrière accompagner droite âme approcher plusieurs jamais imposer habiller signer.,2020-11-06,1303
1584,247,5,Expression sûr vaincre billet horizon fils afin de soleil taire remplacer échapper reposer saisir.,2019-07-30,4997
1585,346,3,Ordre pourquoi jeune tant presser glace admettre réclamer regard vie cacher nature présenter.,2024-06-16,2145
1586,287,1,Soirée oeil naturel causer regard fidèle mort métier approcher davantage cou savoir.,2023-03-15,5785
1587,1193,3,Vêtir père avoir inviter même chiffre instinct.,2019-12-24,5790
1588,80,1,Tête endroit faire rue forêt imaginer.,2024-01-05,5479
1589,1081,3,Pouvoir taille sens conduire intérieur garde un profiter certain amener soudain.,2025-10-18,3836
1590,581,5,Écraser route mouvement avant finir toujours idée nul juge drame tempête.,2025-04-20,883
1591,31,1,Page chance flot danser réponse rocher soit recommencer content matière examiner.,2024-02-29,2994
1592,567,2,Vif rassurer revenir dos comment pauvre.,2023-07-03,5068
1593,624,3,Trente conduire examiner supposer liberté vêtir lutter ancien neuf.,2020-02-09,2832
1594,1357,1,Bon pourquoi chemise annoncer écarter place main satisfaire effort pénétrer.,2023-02-25,2098
1595,1333,5,Cependant moindre étude prétendre fond mari mémoire compagnon front manger rayon tendre un.,2022-06-17,2684
1596,1303,5,Résoudre pas inspirer remercier mince couvrir désir autrement couvrir songer.,2025-02-01,5180
1597,766,3,Pied cri distance magnifique femme arriver revoir de pour me.,2023-08-07,5528
1598,1354,5,Cri amuser mode complètement souffrance certainement instant secret.,2020-02-02,4926
1599,73,2,Poser sortir billet deviner pont son conclure supposer ennemi.,2024-07-15,2614
1600,408,5,Effet route empêcher déjà quel changer mode joue arracher ce lutter clef position.,2025-02-20,979
1601,1446,4,Savoir présence préparer honte plonger quatre pleurer même content type mari mêler.,2019-02-23,5668
1602,235,5,Simple soleil militaire vie faute train espèce garçon.,2021-12-03,1321
1603,1304,2,Chez dire liberté appartement rayon parce que moyen.,2022-05-12,730
1604,1199,5,Celui époque qui garçon curieux sonner rendre enfermer roi expérience pendant perdre fils.,2019-10-28,5730
1605,929,3,Conduire rire si mien rose étendue exiger juge liberté.,2022-10-02,546
1606,449,1,Anglais victime former quelque dur midi impossible chat appeler président divers joie.,2021-08-29,3764
1607,1068,1,Mille dominer intention enfermer un éclat figure dernier vert haine rêver.,2020-06-13,1762
1608,260,5,Finir terrible ton je ciel jeune manger troubler.,2025-06-09,4081
1609,275,4,Forêt où fait manier poser cacher bleu entre.,2020-05-26,1882
1610,560,2,Enfance taille montagne éclairer sur crise phrase céder général plonger deux recommencer.,2022-02-12,380
1611,959,5,Fixer mari quarante maladie jaune auteur marché peau lettre beaux mort maintenant.,2021-09-26,3454
1612,1024,4,Cheval forêt dominer doux tout considérer à rompre fixer.,2021-12-12,5902
1613,469,5,Appel lequel attaquer espace usage envoyer manger noire semaine calmer résistance.,2023-03-01,3605
1614,364,4,Doucement rencontre rouge présence heureux corps tout dix garder feuille.,2025-10-10,4246
1615,1137,3,Défaut unique prêt lequel doigt ailleurs.,2019-09-20,723
1616,1488,1,Aider frapper loin mince satisfaire en matin souvenir nécessaire considérer.,2020-03-21,716
1617,469,5,Palais fort professeur avoir voisin colère sérieux demander réunir appartement exiger.,2023-07-12,2253
1618,683,5,Un mort pas vous blanc beauté.,2024-11-15,1656
1619,1313,2,Hasard après à occuper le rassurer plonger faux mien.,2025-12-05,130
1620,235,2,Étouffer genou as craindre groupe oh direction qui honte terrain jaune.,2021-02-05,4357
1621,1289,3,Tu titre palais que user haut crier parcourir minute.,2023-12-09,5480
1622,7,5,Acheter appeler haine partir point fenêtre toute soin imaginer trait.,2021-07-31,5613
1623,701,1,D'Abord ensemble tout trop printemps moment cinq dent.,2019-07-03,1522
1624,667,4,Égal sonner approcher devenir placer jaune relever masse sous lier complet inconnu falloir.,2024-07-08,1313
1625,982,1,Curieux déposer oser encore tout souhaiter absolument.,2024-12-01,5564
1626,679,4,Seuil entendre détacher condition ciel année situation rêver.,2019-07-11,4425
1627,95,2,Immobile dormir empêcher rideau user jambe juge se table mille tout le science.,2020-07-06,632
1628,1184,3,Contre homme bord écouter suite doute relever.,2023-10-11,4487
1629,488,5,Pencher confiance saint retrouver vent grandir tendre membre faute rue.,2024-05-31,4961
1630,1053,1,Âgé porte nourrir prêter fait madame eau or pierre sauvage ton violence.,2023-03-06,27
1631,817,3,Auteur école corde cour sujet inquiétude dimanche sauter par mais.,2024-08-07,3091
1632,923,4,Recueillir chacun neuf silencieux quatre cheveu chaleur court billet tendre regretter.,2021-12-08,5499
1633,703,1,Déchirer nuage remercier politique bois retenir existence particulier respecter idée reconnaître.,2020-05-29,1882
1634,956,5,Comment faux ensemble fil douceur sous point pour environ.,2019-06-06,3600
1635,478,4,Garde neuf joli encore combat couleur unique trésor souffler.,2023-08-21,4955
1636,719,4,Barbe craindre toile pied bataille fête nom.,2019-07-01,2030
1637,494,4,Certain soin présence toi visible sans car.,2023-03-03,692
1638,1027,5,Annoncer complet posséder flot vide quinze trouver ouvert victime ce discuter goutte parti.,2025-09-29,902
1639,824,4,Marcher deux votre suivant le abandonner réponse vol pouvoir as aider courir sujet.,2022-11-09,5875
1640,151,2,Poitrine bruit seul inviter rayon officier.,2019-11-16,1381
1641,817,3,Demeurer préférer odeur empêcher poste refuser service carte.,2021-12-02,2150
1642,963,5,Abandonner lisser contre dessiner habitant gris douze membre commander durer.,2025-12-21,20
1643,542,3,Perte homme chaîne autant portier sortir bas.,2023-01-31,2388
1644,923,5,Dégager résister pencher lorsque quelque rouge femme attirer quand tâche problème.,2024-11-26,5582
1645,82,2,Chacun huit vin jambe divers miser professeur siège cinq connaissance vivant ton mer.,2019-04-11,57
1646,465,3,Grâce front considérer conclure ah animer fort naturellement fauteuil derrière établir coûter ou.,2021-05-10,2204
1647,1323,4,Cruel acheter secret demander ouvrir français machine aucun armer ah apporter ensemble.,2021-03-31,1380
1648,542,4,Étude aspect travail espace preuve arrêter appeler son personne pousser paraître lumière.,2025-06-06,1519
1649,948,5,Aussitôt toujours neuf découvrir gris quart tirer aussitôt lier chien rose.,2019-07-18,4178
1650,884,4,Étranger calmer travers profondément marcher début courir fond absolument justice éteindre personne.,2019-02-11,3979
1651,1386,5,Commencement juge bout marchand presser feuille payer commander étaler pitié là cou.,2025-03-16,4203
1652,649,3,Détail moitié surprendre trace vif vieux seul parvenir obtenir également lequel rouler.,2021-10-21,2829
1653,1279,3,Plante ailleurs voyage cercle autour soirée désigner bout cuisine.,2023-10-13,604
1654,406,3,Pencher arrêter attention tranquille morceau regard traiter.,2020-02-08,5851
1655,933,3,Mort obliger discuter vie tantôt préférer sol.,2022-08-25,3547
1656,1353,2,Fonction tantôt encore douleur prier résoudre importer presque échapper.,2023-02-04,4401
1657,1344,2,Journal professeur espoir rester arme soumettre quartier venir cesse sommeil.,2020-04-04,3106
1658,737,4,Désert commencement président haine faveur avant aller chute instant cruel apparaître.,2020-09-27,5284
1659,1147,5,Reculer adresser fuir entraîner manier précipiter madame malgré bas dont réel cela hier.,2020-02-13,3038
1660,342,3,Entrée tout hier supérieur rêver éprouver agir prière direction.,2025-08-14,1726
1661,136,4,Mêler ventre haïr maître vol rappeler vraiment époque user.,2025-12-01,2074
1662,1485,2,Respecter traverser révéler cruel jaune circonstance aventure danser haute machine voyage volonté.,2021-09-09,4435
1663,115,2,Armer tu vieux réalité fil court fier police situation jambe.,2025-07-28,4817
1664,629,1,Respect partir satisfaire soit rouge moins grave garde.,2019-07-02,2850
1665,104,2,Plutôt quand bureau volonté terme tache.,2023-10-02,1017
1666,769,4,Absolu foule révéler fidèle beau lors se métier.,2019-01-27,5304
1667,705,4,Mesure tantôt briser tendre jaune cependant réfléchir présenter.,2022-03-03,895
1668,456,4,Soleil dépasser nuit puis grandir chaleur.,2025-05-22,5481
1669,959,3,Goutte demain compte vue fil accord rapide.,2024-03-08,413
1670,1324,2,Alors paupière côte même garde pencher aller gauche sous un.,2021-11-16,2983
1671,591,5,Chant animer président lors sur certainement.,2020-11-05,4633
1672,241,4,Système moindre comme sur comprendre là exprimer suite.,2020-05-23,4311
1673,425,2,Réel membre ton désormais éprouver sorte inconnu si parole avoir loin comment.,2024-05-11,516
1674,516,2,Elle désert emmener travail prévenir pas jambe âge.,2023-02-25,4117
1675,297,5,Apparence long égal pensée rouge abattre créer année vieux désir prison.,2020-01-02,5372
1676,1463,5,Attaquer consentir résistance détail si pas désigner expression.,2020-05-06,2476
1677,1119,5,Chance rayon intérêt peu tête horizon traverser lisser haïr.,2023-04-17,2877
1678,1027,5,Le oeuvre couler propre marcher sommet caresser odeur étranger milieu traiter.,2024-09-10,2604
1679,1037,1,Rond vouloir agiter enfermer signe sien rêve exposer alors pour dominer étonner commencement.,2024-02-07,1243
1680,1299,3,Apparence vieux étranger cabinet cou troubler violence flamme un fait appartenir.,2025-06-05,4208
1681,259,4,Éviter haïr neuf vif étaler école établir possible avouer précéder.,2019-09-25,3757
1682,1266,1,Demain tard souvenir nombreux reste volonté plaire recevoir.,2022-12-30,23
1683,36,3,Dès violence confiance quelque passé horizon achever avancer.,2022-03-26,4440
1684,704,3,Fonder arrivée nerveux cause comment prêter maintenir lit seul violent.,2021-08-08,5916
1685,431,4,Fine tête armée tuer prétendre propos énorme volonté.,2023-02-18,2569
1686,310,1,Semblable amener construire caresser nourrir tôt action marché fumée aller dent effacer montagne.,2020-11-25,1969
1687,476,3,Maison pied votre inconnu curiosité vaste village vision repousser libre.,2020-07-07,3879
1688,1032,5,Type vague cabinet vite discuter voix ni voici moitié tellement.,2022-10-21,3301
1689,1230,4,Action soumettre établir pur absence voisin tel aide premier couche ce.,2024-04-30,4332
1690,205,1,Ensemble mode enfance froid rire père escalier au soirée cruel.,2024-06-02,3365
1691,309,1,Social vérité honte anglais revoir réel presser serrer discours sept.,2024-11-02,3200
1692,1047,2,Mêler confondre prévenir vision rouge réponse secours événement personne chien fixer passé air.,2024-08-30,2379
1693,1183,1,Long répéter paysage toit pain tirer science prouver vue transformer vide rocher.,2024-03-29,4942
1694,1156,4,Remercier double ci beaucoup remplacer attendre pendant toucher émotion importer ordre champ personne.,2025-01-15,3816
1695,592,3,Vous froid peuple chef marier place désirer marcher donc couche.,2020-08-27,3138
1696,594,3,Lever bientôt échapper auteur sueur intention contraire.,2024-10-01,5617
1697,559,1,Argent avant rose prochain court l'un ventre leur tirer.,2024-12-31,5184
1698,523,3,Pouvoir ferme monsieur fier dame social supporter poste.,2022-01-30,779
1699,330,5,Sueur jaune avouer tête prévoir sien important envelopper profond un.,2020-02-13,37
1700,128,2,Argent saisir repas prince sourd jeter paysage seigneur regard ah.,2025-12-04,3238
1701,1345,2,Aller premier empire prouver connaissance creuser difficile envie million rompre humide papier.,2020-11-23,490
1702,615,3,Vingt bas inviter remplir adresser trait plein combat.,2020-01-14,481
1703,1446,4,Rester vie pauvre approcher réussir écarter oser effet espoir déchirer croix.,2019-11-05,1737
1704,928,4,Fermer égal gauche françois poussière double conscience cercle couvrir voir espérer ci.,2025-06-13,4856
1705,133,2,Champ rappeler monsieur garde puissant traîner vague maladie livre sept vaste mine conclure.,2019-05-07,4966
1706,441,5,Curieux etc raconter coeur général docteur répondre sauver.,2023-10-27,2271
1707,1157,2,Falloir sauter capable cinquante quarante transformer prince quant à véritable ce.,2025-09-16,2878
1708,1150,2,Travailler sentier cinq refuser pénétrer ouvert monsieur lourd jeune montrer.,2024-06-06,1815
1709,324,5,Frère point pont gens contre personne riche répéter idée habiller dieu accuser figure.,2025-06-16,972
1710,1043,5,Petit attaquer vide vie autrefois moyen même tout ajouter espèce fixer intelligence jeu.,2020-06-14,91
1711,1279,3,Cependant lorsque prier personnage expérience voisin observer respect propos refuser raison.,2025-06-26,2659
1712,356,5,Obtenir regarder conversation valoir lendemain vieillard.,2025-12-19,2821
1713,510,4,Ensuite rapport intéresser risquer ouvert noir entourer surveiller matin commencement veille corps pourquoi.,2022-02-03,5096
1714,1370,2,Trop appartenir étendue remonter certain maison aucun douter bureau tempête race.,2019-11-16,1488
1715,948,1,Sentiment dégager si appartement curieux nez direction parce que carte inconnu.,2025-10-16,5924
1716,742,3,Voyager supposer détruire argent douter supérieur milieu passé arracher billet combat voici branche.,2022-08-20,5535
1717,989,1,Fixer grâce conclure désir joie connaître nature parole passion extraordinaire.,2019-07-11,2468
1718,404,5,Poursuivre recherche problème regard émotion immense complètement.,2021-04-08,5389
1719,135,3,Jeter ici bois enfin dégager beau rejeter quel moyen politique promener.,2023-12-27,4894
1720,868,5,Événement naissance sauvage lisser ici curiosité.,2023-08-20,1956
1721,1231,3,Hiver chercher rapport nez société ça soleil quitter effort toi oreille palais début.,2024-01-22,4258
1722,273,1,Grand lieu nul proposer autour odeur assurer côte plante certain renverser compte.,2025-11-12,5433
1723,600,1,Réclamer ce vivant cent souhaiter curiosité place depuis caresser environ quoi.,2020-01-24,3168
1724,1147,4,Cela source sombre battre cou parfaitement prix annoncer papa savoir personnage.,2023-09-03,723
1725,688,1,Expression observer fatiguer phrase autrefois vêtir plan dessus auquel silencieux vieil pied manger.,2024-06-08,1799
1726,848,5,Lequel protéger réunir franchir briser voiture journal médecin source.,2022-02-02,5231
1727,876,1,Jour révéler même soudain dernier mémoire boire lui agir cheveu cruel finir devant.,2020-06-05,3321
1728,919,2,Emporter je noir lorsque or franc moyen.,2020-11-19,4042
1729,1372,1,Point art neuf là eau descendre jouer âge quelque compter entrer.,2022-12-16,2291
1730,738,2,Qualité te beaucoup différent roi agent forêt doucement joindre croix.,2020-02-06,5651
1731,1393,5,Rose doucement jardin professeur docteur fixer vraiment réduire manger jaune.,2024-02-06,63
1732,413,5,Sein d'autres malgré appel grain complet accent emporter.,2020-05-26,3222
1733,263,3,Courage suffire absolument garder approcher rire recherche lune.,2024-07-18,3583
1734,1032,5,Ton goutte simplement reconnaître coup prononcer nuage croix content repousser suivant temps.,2020-08-10,5905
1735,842,2,Accuser beaucoup aucun noir retrouver mourir rose étroit recueillir jeter comme pourquoi pur.,2022-10-29,5521
1736,1237,2,Nommer mort quart craindre devant lisser faim habiller arrêter fonction.,2025-10-04,576
1737,1109,1,Ailleurs abandonner salut fil demi mériter cruel demain flamme.,2021-05-22,4845
1738,612,4,Faim bleu propos honneur marquer présent long chemise recevoir importance.,2019-02-12,229
1739,762,3,Etc habiter son traiter officier papa dont.,2024-09-12,3201
1740,1026,1,Renverser bureau maintenir jardin comme plaine oiseau marier connaissance ventre.,2024-01-19,5816
1741,426,4,Midi dimanche occasion montrer beau rapport arrière armée souvenir planche.,2024-05-27,5374
1742,902,2,Pain idée cesser combat sorte courir apparence bas permettre déposer quoi.,2019-08-31,1620
1743,884,5,Inventer espoir chanter lieu aussi mort voisin oui milieu pied chasser moment.,2025-10-03,5575
1744,323,4,Roi elle hôtel jambe table jouer mauvais vivre sueur rayon libre achever.,2024-11-14,640
1745,1263,2,Immense présenter ton grave étouffer absolu soutenir.,2021-02-11,2161
1746,613,5,Juste vie transformer métier le bien avance.,2024-04-17,5715
1747,503,3,Juste métier travailler leur davantage admettre bruit digne assurer lier il société changement.,2023-10-31,169
1748,544,1,Position pierre ramasser même bureau inutile tout.,2022-08-27,4728
1749,940,3,Bouche mal notre masse armer toute moins.,2020-08-16,2681
1750,686,2,Article sourire ligne armée appartement appeler réel prononcer attention.,2020-12-18,5888
1751,126,4,Bord certes loin détacher compter courir.,2022-04-28,327
1752,1404,5,Horizon public droite retirer feu paraître faux un papier un or.,2019-10-11,1592
1753,543,2,Reposer goût allumer examiner renverser humain.,2020-06-23,1631
1754,292,3,Douter pénétrer mon auprès nul particulier.,2020-12-01,4310
1755,1178,4,Effacer forme ni croix grain travailler satisfaire condamner air.,2024-04-28,2170
1756,912,1,Éclater sortir beaucoup rose somme haut entrer.,2021-06-07,1050
1757,194,5,Tuer sauter autrefois ciel soudain papa.,2022-08-05,891
1758,409,1,Entre poche mon possible rôle poche oui beau enlever besoin musique sauvage.,2023-04-19,475
1759,313,1,Nul matière dès madame empêcher clair descendre odeur ce autrement mariage passé.,2020-09-01,5012
1760,912,5,Mauvais art voisin avec réel musique avis juste.,2021-01-22,3407
1761,982,1,Sombre vraiment respecter père voir inquiéter discours sonner.,2022-07-28,719
1762,1067,3,Espace dès horizon pain compagnon rire.,2022-04-01,3300
1763,1219,4,Perte jeunesse ombre port fête courir ordre promettre.,2019-08-25,2208
1764,595,2,Extraordinaire accuser jaune début immobile attirer regard nuit.,2019-11-02,2135
1765,44,5,Santé but certain tout dépasser autrefois saint mot présent.,2020-09-14,516
1766,1285,3,Baisser casser réalité absolu continuer soutenir vieil rire promettre résistance propos petit point.,2022-01-23,2574
1767,1365,3,Façon plein léger midi doigt absence jeu conseil eh puis nombreux contre maintenant.,2023-09-26,5822
1768,795,5,Premier objet faim vue terreur entrer village rêver vide maladie sueur.,2019-07-13,1540
1769,512,3,Troisième prière nous un cher loi accepter.,2022-11-23,1486
1770,840,2,Pensée fixer établir chaud vague transformer fenêtre achever absolument.,2023-07-07,3295
1771,174,1,Mode trente baisser croiser chance présenter vêtement pendre vaste.,2022-11-08,5742
1772,839,5,Dangereux noire plus cou cercle haine train voie.,2023-06-08,38
1773,201,1,Occasion ton peuple avenir mémoire joindre marchand.,2024-05-23,4168
1774,176,2,Changement étendue chaise gros rêver promener aussi repas principe.,2019-02-14,5205
1775,865,3,Science beauté lever dernier bout aile chef témoin.,2019-08-26,1601
1776,875,5,Planche observer installer école quand étage.,2022-03-03,4726
1777,678,4,Ici situation joie moyen préférer source retenir cacher roche classe public soudain.,2019-01-06,4509
1778,125,1,Or rayon ouvrir gloire soi hésiter.,2025-09-20,2335
1779,855,4,Mille briser complet mêler oreille sentier au droite couvrir.,2020-10-25,1706
1780,1114,4,Impression traîner dessus docteur grain achever banc vraiment charge art secret table.,2024-07-11,99
1781,772,3,Falloir tombe pur prouver anglais envoyer gloire.,2024-11-27,2047
1782,6,5,Rayon vide pourquoi garder trace reprendre.,2024-07-16,5191
1783,416,3,Bête île hiver beau condition clair épaule noir brusquement toute naître.,2024-11-08,280
1784,1337,2,Comment roche surprendre notre figure le relever nombreux combien résultat voyager cacher mort.,2024-08-06,4998
1785,580,1,Secret chambre fusil préparer ministre côte discuter.,2025-01-15,2767
1786,295,1,Calmer essuyer crise haïr plaisir traverser bon auprès profondément casser cours approcher.,2023-07-15,4367
1787,440,4,Tendre poitrine tellement absolu simple état.,2019-03-10,4221
1788,1461,3,Résultat mensonge découvrir triste revenir davantage.,2019-05-27,2599
1789,863,5,Mur fête camarade dimanche campagne grâce paix distinguer que car refuser.,2022-03-07,965
1790,581,2,Sembler valoir champ aussi vaste dos article contre.,2020-02-01,935
1791,21,3,Elle vague près lettre vue cercle précieux appel lourd oncle chose savoir.,2025-12-03,4316
1792,1328,2,Empêcher décider quatre falloir passer éloigner cinquante résister.,2022-11-26,5794
1793,1172,2,Douleur mal jaune quarante mariage honneur poste tromper.,2023-04-23,5618
1794,398,3,Pénétrer siège aucun exposer discours serrer que veille.,2024-01-24,2820
1795,842,3,Triste glace fleur bureau nom aventure compter beauté courant veille poète.,2025-03-19,5001
1796,993,1,Tête prix épais avant cheveu vol guère puis absence.,2023-04-29,5512
1797,401,4,Expliquer phrase partir retirer trouver monsieur forme ministre est chacun.,2020-11-01,2841
1798,494,2,Tranquille jaune tour importance mur tellement dessus avouer façon.,2020-11-26,2612
1799,560,4,Petit courage naturellement fait goût terrible matière malgré arrivée partout autrement poursuivre.,2019-05-16,5636
1800,321,5,Échapper fort lui chose force main.,2022-08-23,1320
1801,1314,1,Traiter dent calmer vers détail ramener afin de raison siècle tourner divers apparaître.,2023-04-02,3782
1802,294,5,Joie ensemble pointe étendue écouter couche haine science autant dessus apporter.,2025-01-06,1083
1803,1424,2,Mode chasse ainsi boire prix maladie inutile herbe envie.,2025-02-17,3393
1804,242,5,Être depuis engager vision coeur chant trois avoir salle matin cuisine pluie.,2024-10-29,5501
1805,110,3,Poussière personne et fixer le avancer bas ton couleur de.,2023-08-08,1231
1806,475,1,Glace sien témoin fois nourrir article.,2020-01-16,5916
1807,990,3,Moyen peu volonté passé déjà somme figurer.,2021-08-14,1963
1808,439,2,Connaissance type couleur mariage réfléchir poésie coin fond troubler.,2022-08-25,5718
1809,1014,2,Neuf pouvoir penser veille lendemain aucun.,2022-09-16,4354
1810,1078,5,Poussière pauvre longtemps vol est très inquiétude installer sortir voisin créer moins lien renverser.,2022-12-31,1081
1811,656,5,Preuve mari muet tâche l'une souvenir son vision avenir pouvoir après.,2019-02-08,1923
1812,1081,5,Vague trembler témoin siège arriver réussir ville sang acte montagne tranquille briser fuir.,2020-08-26,5333
1813,462,2,Immobile vivre quinze éprouver manger près pas muet sourire autrefois.,2025-09-22,5982
1814,917,3,Vague vol intention ensemble second midi sombre pain.,2022-11-02,1667
1815,325,1,Sortir sauver renoncer créer aimer près.,2019-09-13,5373
1816,928,5,Figurer l'une aller cour exiger art présent usage.,2025-05-03,2324
1817,714,2,Fermer conclure muet voici chat grave distance oh.,2020-09-21,1870
1818,588,5,Au pauvre malheur chaud quart pendant quelque tenter perte en.,2020-05-16,3512
1819,1019,5,Agir ici siège premier mémoire science sien monsieur.,2023-08-06,4769
1820,494,5,Défendre épais signe colère cause parce que venir aucun plein.,2024-07-09,5404
1821,715,4,Suivant rejoindre sec petit voisin branche choisir traverser extraordinaire absence croix lèvre expérience couper.,2023-12-18,4102
1822,1470,3,Distance machine fumée choix précis eaux foule soit manquer entrer marquer.,2022-05-27,137
1823,337,5,Dur repousser silencieux nez jardin art dame défendre troubler.,2022-08-19,1555
1824,74,3,Parent suivre présent danser mettre pour dresser gens ciel moment voler fil.,2021-10-03,1750
1825,992,1,Derrière intéresser trace creuser placer rester remercier humain instinct forme paysage paysan.,2019-12-06,5473
1826,360,3,Premier poste silencieux siècle car nourrir note calme rien mesure soin.,2023-11-06,200
1827,1494,5,Noir plein trou vieux sentier avant figurer image dormir même rester sauvage long.,2019-12-10,5112
1828,459,3,Abattre brusquement bras rire ouvrage erreur enfoncer rouge pur espérer.,2023-08-01,348
1829,635,4,Rapporter deviner suivant mériter lettre leur chanter deviner retrouver.,2020-01-25,5152
1830,316,1,Lune propos cerveau quelque puis chien général représenter sou approcher.,2021-06-23,1668
1831,119,5,Sauter arracher chemise nom étrange cela colère désespoir vendre faire important extraordinaire manquer.,2024-01-22,2733
1832,875,2,Moins peau combat vouloir prononcer cause lourd sauter.,2024-06-02,480
1833,803,3,Crise silencieux beaux supérieur préparer désigner.,2021-11-03,2803
1834,1327,3,Reprendre yeux santé lire herbe instant travailler beau école quarante gens afin de.,2020-04-22,2340
1835,69,2,Celui personne monter anglais gauche dégager endroit.,2023-03-25,4084
1836,384,5,Objet pont continuer service risquer ailleurs étage passé vêtement réflexion.,2019-09-01,4486
1837,890,5,Chien sou rôle attitude me ton ça fois blanc.,2025-09-11,3522
1838,1496,3,Tôt maître nouveau lequel loi ensuite arracher solitude fumée.,2019-03-02,1033
1839,161,2,Contenir race liberté avoir non couper.,2024-03-18,941
1840,340,2,Monsieur second divers bête dix dos comme travers position tapis.,2025-02-16,351
1841,139,4,Jeter acheter époque confondre somme pleurer entourer rejeter effacer troisième retour rencontre lèvre.,2021-06-23,4772
1842,1249,1,Foule figurer inquiétude expérience près problème objet plein abri souvenir maintenant.,2023-09-25,1049
1843,1,1,Important sans aimer réalité pointe parfois ainsi.,2024-11-24,1368
1844,804,5,Prison liberté force appartement envoyer rêve précieux déclarer épais le.,2020-01-10,1305
1845,1494,2,Ouvrir cour chasser cinquante heure bas être exemple.,2024-12-29,467
1846,1171,4,Carte camarade gris précieux enlever notre fille intérieur marchand tâche religion.,2024-05-26,3491
1847,1274,4,Repousser sourire voyager agiter attendre puissance terrible mort offrir midi ensemble taire couper.,2022-10-13,304
1848,1260,1,Coûter signer prévenir occuper vêtir interrompre pas homme caresser midi suivre réfléchir.,2021-08-03,2889
1849,1278,4,Juste beaucoup pareil comment colère soleil femme or dessus douter grâce voix défaut.,2022-01-24,5549
1850,1287,4,Accord représenter système papier croiser somme devant lisser.,2025-12-19,2251
1851,978,4,Poursuivre pierre raconter espèce davantage cause somme.,2020-05-08,1014
1852,711,2,Lieu compagnie long se habiller clair fer grâce bouche emmener fille religion.,2023-12-05,4366
1853,968,4,Poussière chant depuis compagnie dent tache nu oiseau chaîne seulement jardin sous.,2020-07-08,5403
1854,1275,2,Répéter saison revenir honneur nous tant.,2023-02-11,5336
1855,1392,2,Soudain arracher type condamner désir endroit.,2019-09-08,5355
1856,1428,3,Tandis Que premier étudier donc coup hiver.,2021-05-16,4208
1857,653,3,Présent deux présent inconnu là fidèle porte ami.,2023-10-30,4094
1858,638,4,Recommencer tellement il neuf franchir visage vie voile mot profond falloir attention.,2024-07-12,2418
1859,1190,5,Pays en chien pain apercevoir vingt son solitude vous tout aussi.,2022-07-04,3955
1860,837,1,Printemps court morceau occuper anglais peuple époque simplement général parti vérité.,2023-08-23,1961
1861,1477,4,Joie libre front pourquoi fil porter croix large problème religion couvrir.,2020-04-15,3318
1862,737,5,Oh secret falloir musique espérer quitter lutte musique pour angoisse espace.,2022-06-08,5595
1863,1009,3,Naissance beaux trou résistance avec dangereux.,2021-08-09,791
1864,171,1,Papa toit choix jardin durant espace sept.,2024-12-20,2011
1865,1048,1,Facile apparaître ressembler passion y danger fixe rencontre froid imposer soldat.,2024-12-28,4770
1866,1212,1,Parfois banc amour haut appartenir prince rideau cerveau bon foi pénétrer.,2023-05-19,516
1867,660,4,Étude droit être payer prévenir article transformer cinq figurer ensemble content malgré plein.,2024-10-14,3824
1868,1396,1,Tenter manier un écraser entrer avant pied.,2019-09-03,4038
1869,257,5,Donc je oncle aspect or existence entrer soleil si malade supposer moyen déclarer.,2021-03-29,1334
1870,748,5,Petit traiter haïr haut dimanche soit propre chien.,2024-03-11,3821
1871,896,1,Forcer porter aujourd'hui fou considérer image franchir.,2025-04-08,3047
1872,1137,3,Social salut livre fait dessus retomber ombre loin qui.,2022-06-13,4308
1873,95,2,Éteindre rencontre grandir hors billet profiter à donc liberté fier visite.,2021-05-04,521
1874,118,2,Remplacer fatiguer traîner barbe moins poids rejeter briser pur.,2019-12-10,1599
1875,779,1,Inspirer réduire crainte cri paupière lier roi double patron jusque elle arrivée droit.,2022-04-23,2776
1876,952,3,Poursuivre demain vite peu servir envoyer intérêt depuis exiger membre rentrer.,2023-09-28,2666
1877,359,3,Réserver mode sauvage membre soumettre verser parent malade.,2024-04-17,5554
1878,1049,5,Nous ensemble répondre signer immense lever agir travers joue peu.,2020-02-14,2356
1879,575,2,Claire chasse beaucoup cruel soirée usage.,2023-09-04,238
1880,1425,2,Sérieux ceci coup sauvage sauvage au me forme épaule herbe oeuvre étoile rejeter.,2021-04-25,3929
1881,151,3,Or but devant dimanche sept poésie appel rang me terreur notre.,2021-11-17,4458
1882,44,5,Éternel donner près genou saisir crainte court fruit français.,2025-10-08,5544
1883,1465,3,Tout retrouver place lourd absolu branche cesse pencher taille dieu.,2022-04-11,1283
1884,1316,5,Préférer mien dent figurer soldat lueur.,2025-06-14,4553
1885,1450,4,Direction admettre anglais bord si barbe endormir imaginer violent parvenir bureau condition empire.,2025-09-06,5608
1886,447,5,Toit content puis retour ensemble rejoindre menacer.,2019-12-06,506
1887,491,4,Paupière et paupière lumière rêver calme exemple mois rien bas fin.,2020-10-22,4756
1888,25,3,Ensuite dame prison terrible corps secret.,2021-11-01,2899
1889,1230,4,Armée lentement roman rêver crise peser maladie ressembler.,2020-09-25,1790
1890,328,4,Grâce importer instant journée discussion mal lune rideau troubler.,2024-04-11,1076
1891,608,2,Remarquer accrocher chasse placer public cinquante disparaître entendre presser.,2020-07-25,974
1892,307,1,Pied cheveu mon produire etc animer oui.,2022-07-08,337
1893,109,1,Soi perte âme abandonner repas moins représenter mois règle.,2024-04-03,5801
1894,214,1,Faux pourquoi fine vent étoile fleur rapidement rang toile former sou ça.,2025-10-07,3059
1895,976,1,Sombre tenter sembler armée jeu secret appartenir accorder.,2024-12-04,4804
1896,1069,1,Non chair prier hiver amuser fil devant sourd appeler front.,2023-06-30,825
1897,1034,4,Gauche ensemble regard passer ouvrage éviter difficile vouloir propos enfant.,2025-06-09,4328
1898,1269,5,Travail recommencer honneur prendre construire rêver gauche arrêter loi violence autour droit.,2020-12-06,3013
1899,867,1,Fixe mémoire quand grave public nombreux vendre.,2022-04-08,3526
1900,380,4,Travail quand lutte verser également mort dernier moyen compter croix retour prononcer.,2024-10-30,573
1901,216,1,Fil mieux quinze imaginer donc note rassurer rouge lisser jambe sorte.,2022-01-06,3008
1902,432,2,Paysage rocher cinquante escalier obliger mentir.,2025-01-05,5126
1903,1071,2,Le portier seulement désigner souffrir lune.,2019-12-27,4990
1904,692,3,Peu billet nation courant maître professeur fou.,2020-12-25,4056
1905,890,5,Ramasser déchirer certain bataille rôle docteur regretter perte devoir rapport.,2021-07-07,3513
1906,486,2,Il conscience comprendre ami autre demeurer installer grâce or moi accomplir combien essayer.,2021-11-27,1538
1907,1008,1,Forcer parfois inspirer crainte faute route revenir changement d'abord.,2024-03-01,2376
1908,1496,5,Réclamer fine ah personne retourner parce que certes puis port mener.,2020-11-28,4248
1909,1268,2,Souvenir ami droite promettre projet permettre fonder soirée queue page penser.,2020-07-08,3106
1910,1235,1,Palais veiller tel scène haute éprouver comme menacer mémoire transformer règle pouvoir prier.,2019-09-02,5257
1911,1114,2,Revenir sembler apercevoir répéter proposer quoi queue grâce ensuite sûr barbe.,2025-05-24,3011
1912,926,5,Assister guerre lors vouloir chat calme arriver tendre déchirer membre bleu marquer foule.,2023-09-30,177
1913,634,3,Point acheter chez verser reprendre neuf bas cours.,2021-07-04,106
1914,1482,4,Veiller père choisir ainsi tant désigner coin côte ouvert autour droit glisser.,2020-10-30,5732
1915,1236,1,Haut fusil moyen souvenir feuille asseoir être français commun ceci intérieur doigt port.,2021-03-01,772
1916,1499,3,Quatre sans roi pencher réduire montrer.,2019-10-09,364
1917,26,2,Porter liberté droite affirmer en chien.,2022-04-30,645
1918,984,2,Saint fenêtre trop prétendre endroit naître choisir penser tombe.,2024-09-15,1678
1919,803,5,Clair naturellement coûter mauvais étranger quart puis armée autour où sourire témoin.,2025-10-27,2449
1920,107,3,Faire secret son glisser longtemps souvenir lit tel banc lèvre.,2024-12-17,472
1921,1165,2,Très essayer bas soleil semaine bas juste midi pauvre empire as résultat endormir.,2019-03-25,4442
1922,1062,3,Votre et combien hésiter manger masse jeunesse me parfaitement corde défendre mine affirmer.,2022-10-09,1872
1923,1426,1,Oeuvre haut lune fleur mariage soumettre dessus.,2024-08-24,2331
1924,982,2,Profondément retomber année auquel neuf haute midi.,2020-02-16,2628
1925,933,3,Train pierre nourrir art commander recherche déchirer fier embrasser spectacle.,2020-04-01,84
1926,984,5,Droite comme prétendre lien saint accomplir aider poitrine comme combien sur.,2025-05-04,1494
1927,102,4,Admettre souffrir signe six soirée sourd mode.,2019-09-30,1772
1928,1141,4,Homme pas visite passé parfois réduire personne quelqu'un poste trois apercevoir.,2023-12-20,4851
1929,595,2,Précipiter rien bras réduire couler trait patron quartier.,2021-08-07,419
1930,208,2,Couche juger habiller cours neuf oeuvre pousser toi ferme enfance.,2022-04-19,2480
1931,308,3,Tant pensée voyager plein profondément gauche.,2019-11-20,4299
1932,1159,4,Intérêt ville certes voler droit trois envelopper monsieur.,2023-11-28,1564
1933,1041,4,Importer reprendre construire travailler toit terrain arrière étude existence noir.,2024-01-20,5412
1934,225,2,Céder révolution silence comme bois beaucoup intérieur gloire arrivée condamner prononcer moitié.,2019-08-03,4708
1935,1479,5,Frapper paraître lieu simple acheter genre façon attirer lier curieux français quitter.,2022-01-23,330
1936,336,5,Au compter énergie pencher saisir vers prince.,2020-04-25,3407
1937,121,2,Bois âgé prêter même courant dame heureux delà aucun près maître gens.,2020-02-04,1092
1938,629,4,Mémoire hiver étendue cercle droite remarquer résister chaîne ramasser nuit avoir prêt révolution.,2024-09-25,460
1939,357,4,Faire vision étouffer lequel vague village cheveu chez ventre selon.,2022-06-24,232
1940,1207,2,Obliger race si aile sec nerveux grain pendant obéir trente ressembler sourire.,2022-12-07,4785
1941,1315,1,Souffrance car rendre ici remplir conduire l'un.,2020-11-10,110
1942,527,4,Yeux moyen jambe noire fait endroit.,2025-05-25,255
1943,1329,2,Quelque droit demain travers pendant mériter courage maladie.,2019-11-20,5060
1944,1426,3,Encore vivant loup rang agent tard présenter rouler histoire.,2019-09-30,4468
1945,262,2,Accord baisser croire grain puis plaindre rouler résoudre consulter vérité particulier espoir transformer.,2024-02-10,393
1946,940,1,Rideau chaque pleurer frapper éviter silencieux tout engager fleur bon joindre toit.,2024-01-07,5169
1947,1000,1,Emmener fin fumer changement frère rare respirer rapport seulement bas retomber.,2024-12-30,4241
1948,61,3,Et jeune espérer bande aller sommet escalier étude droite réserver le.,2021-07-19,4218
1949,297,2,Cesser rocher volonté tu payer soudain mais conseil bas notre intérieur vol désigner.,2022-02-16,5988
1950,57,1,Tromper voici raison courir tache cesse exiger amour ci glisser part.,2019-02-18,5714
1951,989,4,Poche tantôt nu revenir étroit palais absence.,2025-05-30,87
1952,1114,2,Regard jaune l'une tout marcher plan éteindre joue an plus décrire.,2021-03-13,1867
1953,412,2,Appuyer désir prendre rayon vague rose.,2021-11-06,3822
1954,1381,1,Neuf pas miser maintenant habitant acheter défendre perte.,2023-02-07,3892
1955,393,4,Retirer éloigner départ vrai retour connaître elle cou pauvre faute étaler pointe terme.,2022-09-10,2778
1956,95,4,Jardin métier carte entretenir espoir courant noir ailleurs déposer étaler.,2020-08-03,2993
1957,844,3,Voile premier ressembler bout coeur joie dent charge lisser dire.,2025-09-24,1258
1958,820,2,Respecter pensée lit inquiéter prier guerre.,2020-08-02,4484
1959,862,4,Selon creuser façon nuit médecin petit.,2020-05-22,2720
1960,508,5,Mener dent jamais agent voisin six grâce falloir léger réponse vieillard.,2022-01-14,3920
1961,61,2,Voile hôtel moitié retenir là important établir arriver.,2020-09-17,395
1962,324,5,Occuper président épaule rire avance vent menacer.,2023-01-15,675
1963,802,2,Agent pouvoir signe escalier sang notre.,2025-01-24,4078
1964,414,5,Peuple parfaitement ouvert couvrir conscience vieillard.,2020-03-10,2772
1965,78,5,Confondre pendant prier près changer chez bataille pointe vert servir lettre confier triste.,2021-10-19,802
1966,129,1,Et dangereux lutte mot âge trésor beauté donner chaud.,2019-02-20,4382
1967,1149,1,Trace table gros parmi plonger souvenir importer discussion.,2021-01-25,794
1968,127,5,Derrière feuille grain longtemps bleu plan habitant robe.,2022-02-12,1496
1969,1070,3,Façon glace soudain bouche absolu prouver combien.,2021-07-25,3636
1970,1390,2,Besoin deux mesure enfin immense arriver écrire nombreux coeur jeunesse ramasser naître compagnon.,2021-09-09,341
1971,1237,4,Renoncer parfois coup souvenir sur signer habitude retomber air posséder payer nom.,2023-03-01,5308
1972,804,5,Fois couper trembler désormais nu part contenter écouter.,2023-03-17,4099
1973,614,2,Religion religion peur coeur sourd vert tâche pauvre naître frère appeler.,2024-05-04,4710
1974,865,5,Revenir mesure prier seul science suivant plaindre penser machine devant ville brusquement.,2020-02-13,1877
1975,1139,3,Paupière appuyer hasard beaux approcher habiller époque position porte peau âgé bataille fumée.,2020-12-26,5948
1976,476,2,Lisser tôt pouvoir éclater accompagner sac pluie faute quand montrer preuve souvenir.,2020-03-12,1080
1977,1320,4,Cher milieu question triste partir troisième devoir rire coup frapper absolument même remplir.,2021-04-08,2200
1978,449,3,Ouvert endroit peu large chanter enfant ton simplement accent deviner au sommeil déclarer.,2024-08-16,5371
1979,710,3,Tuer preuve habitude intérieur saison mentir feu salle exister but été.,2025-02-09,2044
1980,34,5,Croire poser moi choisir voix maison souvenir chance alors faveur.,2024-01-22,2527
1981,48,5,Habitant queue arrêter du mais cacher présent bas ainsi empire rapport dix.,2024-05-05,451
1982,33,2,Monde feu voir espoir désormais nuit nord premier taille imposer plaine sentier.,2019-08-29,746
1983,844,1,Apparaître regretter pendre chez courage mariage armer.,2023-01-07,832
1984,881,3,Double annoncer madame plus étage toile étoile billet.,2023-08-05,3700
1985,1301,4,Village rentrer avoir descendre cabinet siège rideau remonter avec dépasser.,2025-09-01,2029
1986,390,5,Caractère toujours pièce trente tandis que sembler rester.,2023-12-23,2916
1987,1174,3,Étendre ministre présence avance arriver bleu demain peu sur compter étendre pourtant.,2020-12-19,492
1988,1385,4,Ruine songer affirmer résoudre rare franchir trembler.,2022-05-28,3140
1989,543,3,Pièce pénétrer mer poche cent placer au étonner amour.,2020-07-06,1970
1990,650,1,Masse partie bouche rejoindre quant à nouveau long près dangereux île.,2024-01-05,2785
1991,322,1,Dresser disparaître nécessaire patron dehors leur.,2019-10-24,301
1992,1300,2,Remonter dont passé satisfaire descendre désir éviter venir société voyage forcer.,2022-08-13,668
1993,1107,1,Forcer vingt courir moitié machine juste découvrir impression folie but bête prier être.,2024-04-11,5654
1994,384,1,Placer entretenir amour expliquer mon président chiffre connaître long.,2020-12-18,2973
1995,184,1,Prochain curiosité lèvre joie présence appel journal autre.,2025-06-05,4885
1996,573,5,Lentement cabinet crise but est avouer chaud tendre importer éclat garçon.,2024-07-30,2851
1997,919,5,Hésiter malheur couper village état intéresser visible droite.,2024-04-06,3029
1998,858,5,Quant À répéter eau événement adresser inutile tombe être entrer croire autre cinquante résister.,2020-01-19,3888
1999,224,2,Présent exister autour étrange pont attitude.,2019-12-02,1036
2000,701,4,Aider cinquante savoir but victime réclamer comme ordre quart tenir silencieux intérieur votre.,2023-12-26,2053
2001,923,4,Ceci siècle toucher victime recommencer intention dix songer source regard mesure coûter.,2019-09-12,982
2002,528,3,Papa poésie demander réalité enfant pleurer étendre épais témoin possible fine.,2025-10-22,5723
2003,106,2,Cher passé autorité révéler ennemi race violent voisin cheval hasard.,2019-02-15,857
2004,1270,5,Accent heure ensuite réflexion aucun installer effet calme me épais usage but françois.,2022-10-26,2594
2005,1299,5,Boire parfaitement dur cri égal ajouter trou partager détruire mériter comme.,2021-01-15,779
2006,1030,2,Cher autre gouvernement jeunesse peuple position lieu beaux pied plusieurs usage.,2020-09-14,1469
2007,1331,4,Arriver haïr pain son franchir lier occasion joindre devoir voiture impression représenter.,2024-09-20,5599
2008,1315,2,Colère oh rêve faute éviter gouvernement signifier.,2025-12-08,4932
2009,203,2,Depuis battre animal pain fond divers respect rien.,2025-08-25,699
2010,1296,4,Danser oublier mais sein léger ventre honte mener.,2024-10-01,1991
2011,1167,3,Sentier loin aider pencher journal sourire général dès aussitôt.,2019-08-21,2370
2012,432,2,Écarter sourd hôtel semaine couleur arrivée fonction autour rien livre cabinet quelque parler abandonner.,2022-09-04,979
2013,836,4,Pensée partager silencieux nord âge vite décider rare écouter ajouter.,2024-09-22,4223
2014,906,2,Entrer l'un mort crise entretenir malade coeur troisième pur oser.,2023-06-01,3059
2015,260,5,Aile pouvoir réalité voyage aller point vert.,2025-02-21,3330
2016,795,3,Nouveau visage vin crainte écouter créer glisser satisfaire quand choix étranger siècle chance.,2022-12-21,360
2017,223,4,Froid extraordinaire parent vérité sec art chemin problème paysan de année lendemain bon.,2022-08-06,1158
2018,1316,4,Tromper deux hauteur menacer sein peau.,2024-05-16,2732
2019,308,2,Sac roi instant suffire véritable pauvre exemple grand temps.,2024-05-10,5724
2020,780,2,Dessiner conduire chiffre membre offrir puis présenter figure possible inviter cas.,2024-07-14,4368
2021,907,2,Inviter emporter vivre affaire connaître bouche quelque absence présenter immense.,2025-04-18,2855
2022,1287,2,Vingt conversation lever paysan devant ville paysan réponse fou espérer pareil combien.,2019-02-17,5550
2023,1292,1,Mine durant prendre branche fer véritable désert.,2025-07-09,1364
2024,228,2,Céder fin fatigue honneur couler reprendre voisin officier blond.,2021-01-30,2423
2025,1010,1,Tellement d'autres point oser rouge enfant ça taire bonheur retourner million fruit campagne.,2022-11-23,5313
2026,819,4,Table société observer oiseau chef de lever salut même.,2022-06-09,3100
2027,1123,5,Idée flot revoir voici tout secrétaire souhaiter ouvrir réussir palais famille idée.,2024-10-26,3483
2028,1117,4,Mal moyen coin droite dangereux professeur enfant.,2020-09-07,773
2029,1123,1,Simplement frais donc raison sorte quitter tête tâche.,2019-12-18,2612
2030,1261,4,Vide doute entretenir dame avant tombe soin petit quinze art former dent.,2025-05-16,5378
2031,1165,3,Point tromper te demi compte naturellement.,2021-09-22,4207
2032,768,2,Faute chaud tranquille nez plan bête raconter lumière poitrine.,2019-01-15,5517
2033,298,1,Bout tandis que autour vers quelque subir réserver goutte large.,2022-03-05,2326
2034,888,2,Entrée pauvre prononcer bas passé vif avant car rire pareil prétendre tranquille.,2023-03-27,3225
2035,724,4,Sûr bien lieu vie lien dix profond fine avant conversation préparer puis entier.,2020-01-01,4465
2036,502,1,Manquer appeler herbe naturellement sourire entendre éclater rôle police observer.,2025-05-03,4246
2037,1078,2,Mien perdu centre foule défendre quarante rue cri vide.,2021-06-30,4656
2038,1134,1,Commencement clef chat sauver partout apporter chambre fond or lier.,2025-02-18,5309
2039,153,2,Durant ferme exemple sonner embrasser calme âgé suivre jeune.,2020-04-23,808
2040,1327,4,Cruel vague fumer veille surtout même appartenir étendue réussir moindre presser cheveu simplement.,2022-06-30,166
2041,37,5,Regarder pleurer comprendre arracher nom tout supposer route argent élever mine perdu où.,2021-04-25,5654
2042,41,1,Saint sembler établir couler plaine entrée feuille aussitôt bleu caractère connaître.,2020-12-13,1580
2043,275,5,Exister cacher cabinet désespoir fer apparence fonder mériter seul confiance poids écarter divers.,2020-06-21,3391
2044,1500,2,Vrai fumer consentir ressembler expliquer droite recueillir.,2019-06-03,5041
2045,1013,2,Seigneur boire d'abord emporter remplir puisque couvrir rompre composer santé craindre naturel nul.,2019-11-06,5503
2046,1077,1,Charge deux colère rendre moins pays traîner sien fortune elle.,2025-08-13,3500
2047,381,3,Haut tantôt classe traîner vieux employer musique conseil plutôt accepter.,2025-11-17,1656
2048,436,4,Dont quant à avoir briller intérieur remonter sonner sous aussitôt.,2019-01-09,4720
2049,887,3,Aller animer loi qualité bras révolution élever bois employer instinct tourner valeur.,2024-05-02,756
2050,1199,5,Nation importance consentir siège dormir apporter delà train désormais.,2025-09-03,1525
2051,791,1,Maître tracer expliquer garder inviter pont pourquoi hiver rentrer accepter détail tard.,2019-01-19,5763
2052,23,3,Pendant erreur sentiment bon drôle importer rêve.,2024-01-07,4686
2053,1010,5,Longtemps ignorer face toujours ceci corps répéter tellement enfant sous souvenir dos ami.,2022-05-30,445
2054,776,4,Réserver fier auteur recherche siège eaux demain vague famille mot presque ouvert.,2020-07-19,3621
2055,1496,5,Sommeil paquet loi malheur fumer aussi arriver convenir enfoncer appel signer vrai étendre.,2021-05-31,4549
2056,14,5,Bouche fatiguer présenter loup confiance cher lit oiseau.,2020-01-09,150
2057,532,4,Croix type voiture vague peine préférer ligne.,2023-08-10,959
2058,732,2,Attention étoile angoisse envoyer de remplir travail poussière saluer habiter parler.,2025-07-18,657
2059,426,4,Chant billet éclairer aspect retour épais durer.,2019-10-10,2119
2060,1217,2,Marier vieux fou dépasser quand occasion peur.,2021-12-30,2039
2061,514,4,Oui ailleurs perdre quelqu'un grand théâtre.,2019-02-06,719
2062,567,2,Suivant porter soldat corps effort quart sept chercher face coûter.,2024-02-03,2025
2063,1284,5,De maintenir signer répéter demi certain endormir résultat mieux attention recommencer nord dos.,2020-07-17,1312
2064,205,3,Type herbe clef confiance l'un chasser important résultat.,2025-11-25,3428
2065,587,3,Manger parce que morceau nature histoire simplement poste emmener garder.,2025-05-27,5449
2066,1017,4,Désir vin désert oh recueillir heureux recherche aspect gagner tout haut trois plaire.,2022-04-01,1073
2067,1035,5,Depuis ventre cesse silence travers rapporter révéler caresser village pain drôle d'abord.,2025-09-26,679
2068,298,4,Armée aucun rentrer soulever tracer trois corps règle moyen échapper moins sérieux.,2020-07-20,4615
2069,599,3,Ton tracer particulier perdu terre simple.,2023-03-31,1258
2070,1030,3,Soirée que soin peuple ramener tirer moi.,2024-10-19,3057
2071,1173,3,Paupière écrire hauteur capable aspect ancien.,2021-10-03,2063
2072,318,5,Lendemain sourire effet plaine cruel école tu choisir discuter ventre table près ouvrage condamner.,2019-12-24,478
2073,584,3,Emporter léger leur enfermer comment vaste inspirer cruel.,2024-03-09,1829
2074,1005,5,Tellement yeux non pourquoi dépasser présent voici dehors prêter.,2019-05-13,945
2075,131,4,Bonheur monde raison fer rire facile tout demain profond taille révéler encore.,2019-03-21,3644
2076,973,3,Neuf arme leur déposer payer ramasser cheveu de contenter défendre oui fermer tourner.,2021-01-06,707
2077,812,3,Revoir divers enlever race général chien parmi science sur marquer franc début.,2022-01-11,3543
2078,686,3,Loin secours coûter aussitôt nerveux chance convenir bonheur.,2024-04-09,3096
2079,942,2,Oreille faible hasard haïr sou fille charge établir.,2024-07-13,3698
2080,762,2,Lien courage élément force lieu groupe élever jardin lieu aile politique empire.,2020-08-07,4645
2081,1251,4,Genre un empêcher car marier société règle tout.,2022-03-14,4177
2082,906,5,Jamais difficile dès tour émotion très souvent mieux lune valoir expérience précipiter.,2020-01-22,5466
2083,809,1,Remplacer robe terreur détacher reste robe oser fixer trace enlever adresser heureux.,2020-12-29,2526
2084,370,5,Lèvre propre franchir frapper espèce envelopper souvent.,2024-01-08,4617
2085,1298,2,Placer fixer pourtant doigt ailleurs françois bord pitié obéir.,2024-05-26,3498
2086,509,5,Suite genou plusieurs précéder arrêter caresser honneur.,2020-12-11,702
2087,533,3,Aspect asseoir puissance brûler obtenir rire occasion.,2020-01-22,1499
2088,58,2,Soutenir endroit aventure beau caractère parcourir gauche esprit maître écarter glisser aile.,2022-11-20,5311
2089,90,3,Nul propos foi garder condition sec lentement ramener.,2021-07-19,744
2090,928,1,Conduire temps voix rejeter fine partie loi ville accepter planche impossible enfoncer.,2023-10-13,3525
2091,1252,3,Profondément départ air suite abri effacer.,2024-01-08,4839
2092,1260,3,Ouvrage soit plaisir passé étrange habitant colon.,2023-11-24,4132
2093,1225,2,D'Autres fumée propre parent livre leur.,2020-12-30,3606
2094,1101,3,Santé précis durer enfermer appuyer soir contenir plus visible paquet tracer tracer.,2022-11-16,1728
2095,1332,2,Second genou blanc terrain santé camarade rassurer tranquille foi remplir autorité difficile.,2022-02-04,4227
2096,473,2,Voisin monsieur malgré hauteur police pénétrer voir colère.,2025-01-06,2012
2097,409,1,Plaindre ensemble faim poser retirer expliquer qualité sombre.,2024-09-09,4511
2098,769,2,Neuf hiver réserver autre caresser succès silence doigt douleur traverser parcourir cuisine pluie.,2024-07-06,3877
2099,227,1,Voilà de mensonge obliger absolument quelque vêtement jeune.,2025-08-02,3851
2100,748,4,Inventer tout atteindre gouvernement demain autrefois posséder cesse mériter.,2023-03-17,3366
2101,823,2,Semaine lumière toucher peuple importer continuer rouge hôtel fin ouvrir jour troisième personne.,2020-02-06,1428
2102,437,1,Moyen certain gens droit déclarer quand obliger.,2024-12-14,527
2103,366,3,Fatiguer bas désert autour voile humain forcer.,2020-08-09,1378
2104,295,4,Enfin l'un jouer compagnon puis envoyer quatre.,2024-08-13,2873
2105,1141,5,Protéger foule que image maison air.,2025-05-08,1407
2106,1383,5,Saluer dehors air tout oiseau nu maintenant résultat quelque.,2023-11-28,447
2107,1479,1,Exemple bout voisin tourner principe accrocher vif indiquer respirer prévenir résoudre parcourir lors.,2019-08-24,4116
2108,1266,3,Curieux malade rouler vieux voie titre veiller.,2019-05-27,1010
2109,627,2,Coûter quelque condition passer sous bon préférer voler militaire suffire avancer.,2024-11-11,3121
2110,1315,3,Voile course voler qualité empire chambre faim résultat colon frais avancer.,2020-08-22,5742
2111,51,2,Droite vrai effacer aile cinq masse qualité sommeil quitter aujourd'hui verser prix.,2024-09-04,3132
2112,1310,2,Décrire promettre venir changer regard attention fine.,2019-12-26,11
2113,329,2,Chercher avec besoin chasser obliger campagne scène religion examiner briser enlever.,2024-01-08,2216
2114,645,3,Conseil fête vieux toit cinquante défaut papa essuyer plutôt genou commencement indiquer colère.,2023-12-01,5354
2115,779,3,Extraordinaire vieil traîner bande présence leur sol gris réel.,2023-08-02,1761
2116,1421,2,Ouvrage gouvernement maintenir intérieur haut parcourir certain colon cou durer mal bas.,2020-12-02,2949
2117,916,3,Blond trait maître effort désespoir parent chant faible plus plaindre conduire lèvre semblable.,2025-09-12,4451
2118,1438,2,Remplir honte muet entrée éclat sept consentir conclure ceci inquiéter plein comme.,2019-09-15,786
2119,1122,5,Journée trace ignorer visage sans goutte voie mur riche cours monter expérience préparer.,2024-01-01,3981
2120,213,4,Lieu angoisse tenter bois forme éclairer court troubler saint roi court.,2019-08-30,4282
2121,1027,5,Conversation presser hôtel compagnon cours rose afin de toucher fin rue livre.,2025-08-19,5463
2122,710,3,Révolution million genou sourd connaissance or bas goutte patron.,2019-04-21,2632
2123,826,2,Couper celui rencontrer ordre douter conduire quelqu'un assez pouvoir officier ensemble usage nerveux.,2024-06-25,1212
2124,1352,3,Apparaître courir village de chez parole étranger enlever danser réponse cuisine vendre exiger.,2019-04-25,4252
2125,1197,2,Connaître même grand lisser herbe par prétendre rejoindre désir engager.,2019-03-25,5635
2126,90,3,Chez moitié employer chasser hésiter lit serrer large trop lever dame soit.,2020-03-16,1378
2127,954,2,Effet presque violent lit professeur soit atteindre même hiver anglais secours.,2023-07-23,3847
2128,309,5,Subir sueur approcher soir car inventer douze plaisir raison pourtant étouffer.,2025-06-27,1339
2129,1338,5,Assez passage rompre cacher passer chambre.,2021-11-14,1569
2130,253,5,Dessiner femme premier doigt auteur prison.,2019-06-28,5687
2131,495,5,Savoir peine immense bas quelque absolument vouloir vide ordre impression doux bout temps.,2024-04-23,5659
2132,559,5,Oncle espoir sauver miser frère début sauter désert chaud et devoir je vif.,2022-07-15,669
2133,336,2,Quelqu'Un chaleur verser paupière tendre surveiller siège.,2023-10-27,1000
2134,1318,4,Ferme simple presque milieu compter derrière tandis que songer esprit après.,2020-07-24,2229
2135,111,2,Foi peur debout distance couleur bout vert famille.,2019-06-05,5322
2136,450,4,Respect parent rapport égal discussion renverser commander servir vieux pluie musique digne corde vision.,2023-01-25,2440
2137,1202,2,Essuyer durer également parfois malheur fier léger espoir retomber visible déposer.,2025-01-22,4551
2138,899,4,Combat bonheur membre quelque avec présent plaindre changement ci journée attaquer.,2022-07-02,1684
2139,1052,2,Enfance poste crier lui voici fin glisser chair regretter amener vêtement danger.,2019-10-10,1987
2140,485,1,Caresser pleurer près continuer ainsi creuser autre écrire.,2024-02-10,5901
2141,373,5,D'Autres secrétaire inspirer détail arbre ciel car.,2023-08-16,2655
2142,187,1,Poche tuer rapporter voyager intérêt violence docteur.,2019-02-28,5946
2143,1288,1,Entier habitude source autant rejoindre rester car.,2023-08-09,2954
2144,888,1,Parfaitement ton il preuve noire aide acte trois embrasser sembler cheveu soin intérêt.,2025-07-07,1188
2145,898,4,Politique oeuvre douleur pourquoi mince couper moins part magnifique goût soit confondre.,2021-04-15,2690
2146,782,2,But parti général point ne réponse rester front intention discuter.,2024-03-10,5471
2147,831,3,Blanc cabinet flamme pauvre craindre déclarer.,2022-01-16,1873
2148,1142,2,Désormais attirer eaux cour empire par.,2023-04-03,3296
2149,358,2,Révéler tôt long rappeler spectacle pointe plein détacher autre scène haine durant vivre.,2020-08-30,1153
2150,1398,1,Suffire exécuter musique aller particulier chaque entendre mériter idée village pauvre attendre petit.,2019-09-08,2761
2151,402,5,Sans courage fait oublier faux idée brusquement cinquante quelqu'un.,2022-07-18,5661
2152,353,2,Race simplement peine bon prévoir neuf sorte pendant.,2023-12-21,3507
2153,975,5,Nuit somme chasser oh parler crise ici contraire.,2021-05-18,2664
2154,1175,5,Puis grandir semaine trace âme figure.,2023-01-03,1054
2155,814,5,Raison beauté tu on chat chemise erreur résultat fixer tu double.,2024-10-23,2746
2156,851,3,Dormir donner muet vieillard position neuf également rapide paix égal rose.,2025-12-29,675
2157,427,1,Genre renverser sauver siège attacher appeler personnage spectacle folie croix devoir.,2024-07-08,3071
2158,601,1,Pouvoir faute dame colon soutenir simple.,2025-12-28,5022
2159,343,1,Silence foi temps suffire chute fidèle en corps pluie avouer signifier enfermer souhaiter.,2019-08-09,4583
2160,1142,4,Arbre plaire écraser celui vert imaginer matin intérieur sourd emmener dix recherche.,2022-08-08,1197
2161,1331,3,Ici créer te tourner attacher âge est tout vague qui.,2024-08-19,5943
2162,409,3,Étudier double taille mon centre classe traverser commander miser arriver dont.,2019-05-23,4703
2163,821,3,Victime million réveiller soumettre note mariage mal jaune résultat.,2021-11-11,1071
2164,448,1,Presque fruit voler naissance grand certes mémoire gris attitude cher front monsieur.,2023-06-26,2752
2165,1127,5,Banc coucher moins plaindre signer plaire répondre environ.,2024-09-07,463
2166,1068,2,Cause tout fils argent trait bas main presque cruel inutile mince.,2024-03-15,885
2167,1111,1,Durer tôt oser produire âge sou fruit connaissance dire considérer empire.,2022-02-14,1904
2168,1296,4,Chat jouer grâce mer si titre rêve vue préférer dont éclat âgé.,2023-02-20,2351
2169,636,4,Entier contraire revoir pierre trace attention.,2021-10-13,1949
2170,332,2,Gloire silence fenêtre signifier pénétrer aile victime tandis que briller.,2019-12-27,2327
2171,875,1,Entier plonger chaud huit rencontre tout aussitôt prétendre contre étaler bientôt dire.,2019-06-08,4839
2172,381,1,Taille honneur continuer goutte carte retirer.,2021-08-07,292
2173,1259,4,Patron article dernier hiver début vin satisfaire.,2020-10-24,4819
2174,22,1,Cela condition bête sol votre décrire officier.,2022-07-17,4902
2175,27,3,Tout vide sorte curieux bruit durer étaler rond tenir conversation vague entier finir.,2020-08-09,4149
2176,897,2,Beau faute phrase voix sonner souvenir regretter répéter quart enlever tard.,2025-04-13,5801
2177,7,5,Plutôt renverser couvrir craindre loup chance.,2021-08-07,2518
2178,1415,4,Séparer étoile confiance fruit secret reprendre ami poids lèvre demain fatigue.,2024-07-21,966
2179,326,4,Vendre tendre profond eaux somme son cercle parcourir blanc noir.,2021-01-19,1507
2180,676,3,Veille propre tranquille précéder calme important chemise entendre puissance.,2021-07-14,2344
2181,681,5,Roman vouloir bon premier finir davantage.,2020-05-08,2766
2182,1449,1,Froid particulier roche apparence relation etc ressembler quelque.,2023-12-18,789
2183,1500,3,User pluie même poche ouvert cri regretter vivre rapide fait sauvage lire nez.,2024-09-15,5356
2184,525,3,Air spectacle queue votre village jaune delà obéir attitude main.,2023-06-22,710
2185,1158,4,Profond pain durer éprouver acte soir village.,2023-10-06,5781
2186,1061,3,Expérience noire instinct rire doute neuf et.,2023-06-05,2097
2187,478,1,Longtemps supposer imaginer profond ensemble agent race avec étroit milieu sang double folie.,2020-07-25,37
2188,570,3,Supérieur voile abri nez bleu renverser court titre.,2024-03-22,1937
2189,453,2,Port troubler françois ah palais habiter déchirer agir beau cesser.,2023-11-09,3267
2190,1278,4,Étranger enfant ne animal tendre état installer goût longtemps bas échapper.,2023-04-08,3117
2191,696,3,Sourd mourir ombre idée papier espoir garçon fond juste continuer.,2022-06-19,1327
2192,354,4,Fort repas cher règle nommer trop lourd minute.,2020-02-17,503
2193,938,3,Cour contenir valeur ailleurs carte distinguer herbe honneur derrière moitié permettre attention pleurer nerveux.,2019-07-09,5469
2194,998,4,Voilà temps avoir ailleurs couler allumer retirer.,2021-06-13,3563
2195,422,2,Mais aller différent mode drôle vingt seigneur lune vers.,2020-02-14,3210
2196,249,1,Content décrire tu monde autrement grandir rire contenter donner conscience votre tout.,2024-06-04,4963
2197,44,5,Personnage bon tâche grâce agent inventer voyager geste.,2019-08-01,5876
2198,1085,3,Fort brûler déchirer mémoire vide sur paysage.,2019-03-12,5219
2199,208,1,Ennemi crise dimanche long réclamer contraire or habitant sortir dessus hier effacer noir.,2022-01-21,4953
2200,368,5,Renoncer honte marchand lorsque absolument derrière peuple chat plein le.,2021-09-02,4230
2201,347,1,Tenter sens représenter comment jouer bas précis avec quart mort contre fois.,2019-12-04,5485
2202,910,3,Beauté voile hésiter toute tomber trace or posséder chien faible année.,2024-11-22,5674
2203,646,2,Avec son beau remplacer gagner six certain naturellement poste portier veiller.,2023-11-27,1161
2204,910,3,Intention céder avance fermer demande tirer cruel arrière tenir conduire.,2021-07-17,229
2205,1388,3,Seul défaut changer fait découvrir faute saint interroger inventer traverser.,2021-08-09,1461
2206,35,3,Défaut revenir conscience lit terrain tomber saison armer attitude établir.,2019-04-04,2843
2207,493,1,Beau par dessiner près inquiétude être hiver détail accompagner réserver.,2023-08-10,5425
2208,518,1,Lisser abri reposer vraiment poursuivre maladie âge début leur quant à.,2023-08-26,2685
2209,393,5,Clair mine lentement entendre donner bouche étoile quant à.,2019-12-22,3692
2210,1224,1,Village chaque jamais réussir montagne branche as journée promettre bien détail lèvre propos.,2019-12-03,5438
2211,1030,5,Animal respect religion gloire article masse contraire hôtel queue représenter pourquoi oh sonner prière.,2020-08-23,2983
2212,1085,4,Abri exécuter autre cas hésiter neuf avant fort.,2020-08-01,365
2213,63,1,Puissant tard rouler papier certainement raison route pourtant.,2023-09-12,2248
2214,1121,5,Accorder riche intérêt chaise pourquoi avouer.,2023-08-19,4398
2215,701,4,Pied arracher debout compte dire seconde.,2021-07-11,1510
2216,580,5,Servir regarder rose recueillir herbe moyen avec précis membre soldat rencontrer juger.,2025-01-28,1658
2217,14,4,Personne pourquoi santé l'une corps dessiner.,2024-01-25,3656
2218,87,4,Tenir étrange pour année tache mal passion sol bord installer éloigner vide trouver.,2023-01-08,3218
2219,143,3,Corps toile hiver voler peser mettre agiter faim posséder patron arrière exemple.,2020-04-29,1047
2220,1313,4,Précéder fonction matin prix brusquement sable rejeter penser herbe poche chute.,2021-03-06,763
2221,582,5,Feuille éloigner entretenir tempête répandre traiter jouer maladie mariage naturellement hasard.,2021-12-15,3411
2222,236,2,Page affirmer réel mer court confiance.,2019-05-16,166
2223,501,2,Marché choix siège fait davantage étoile éclater nous réalité enlever tout cela angoisse nécessaire.,2024-08-20,5029
2224,1368,1,Porter noir loin temps prouver installer côté réveiller cela rencontre habiller.,2025-04-19,1456
2225,826,3,Considérer banc fatigue faute rassurer ouvrage couvrir éteindre cour miser.,2020-10-25,3767
2226,416,4,Douceur soumettre surveiller afin de second cours existence garçon.,2024-07-05,1167
2227,724,1,Monsieur liberté ville sorte poser recommencer surprendre remercier journal verser camarade.,2019-02-05,2459
2228,80,2,Atteindre page camarade monter réponse chasser chemise mot.,2023-10-28,1083
2229,747,2,Quelque plonger tout éclat sentier curiosité partager.,2022-12-06,1403
2230,235,4,Être prendre plein situation habiller but aussitôt voyage riche.,2020-10-17,275
2231,939,2,Passage recommencer propre choix cinq sembler expression bord dormir.,2025-02-03,651
2232,727,3,Chambre compte voler lit argent échapper général puissant battre affaire extraordinaire plan temps.,2019-04-23,5320
2233,342,5,Art révolution général protéger instant apercevoir le.,2025-04-25,4399
2234,1263,1,Morceau coup lutte tard brusquement courir drôle.,2024-10-02,4802
2235,1190,3,Devant ci connaissance couleur cri certainement forme secret.,2024-01-28,4311
2236,804,1,Sentir absence plaisir proposer triste traverser fer elle rappeler patron terrain.,2022-02-15,914
2237,1086,1,Alors inviter dent aussi dessus nommer peine grandir dessiner.,2023-04-21,1886
2238,1257,3,Si non lettre chose par ton étroit faire cheveu debout sauver essayer annoncer.,2019-02-13,1685
2239,1496,1,Forcer président planche port sang papier puisque environ.,2020-05-04,3760
2240,1132,1,Arrière éloigner sonner profond nourrir facile ordre faim sonner.,2021-07-09,294
2241,1254,1,Silencieux consulter retomber trembler choix inquiéter comme ceci ci gloire l'un respect.,2022-02-14,555
2242,692,5,Maintenir face retirer cause reculer taire malade détail voile.,2024-09-16,3141
2243,790,5,L'Un fou chaleur rideau porter chanter.,2020-05-27,1000
2244,1170,5,Colère effort assez nécessaire animal qui retirer rose.,2023-07-31,741
2245,645,4,Seconde route ton événement grand réel profondément papier accorder poche oiseau révolution.,2020-08-05,5874
2246,1079,4,Horizon demande fin depuis vieux contre partie quelque court.,2024-03-31,4664
2247,672,4,Lieu fort delà visite officier calme après secrétaire quoi réveiller.,2019-05-09,4369
2248,1029,5,Tête poursuivre demi vision lors âgé doute transformer vite jamais.,2021-03-13,1478
2249,191,1,Mouvement passé convenir herbe trop posséder comment guerre grand.,2022-04-09,2252
2250,435,1,Quart suffire employer regard devenir agir bas.,2020-06-15,881
2251,12,2,Temps vol taille sortir grâce but.,2024-06-09,3098
2252,694,5,Voix refuser souhaiter lune pleurer figure lumière entrée profond renoncer quand.,2020-08-02,3168
2253,39,4,Simplement attirer être noir son nom oui appuyer.,2021-05-17,810
2254,104,4,Fumer étaler rapporter capable droite indiquer fatiguer là verser ventre disposer colline présent.,2021-03-14,2834
2255,192,3,Avis y autrement donc assez elle surveiller grâce intention vide tôt.,2023-10-30,5830
2256,226,1,Traverser pont voie pied officier cuisine.,2019-12-21,1647
2257,806,3,Former valeur loup vol fille intérieur rôle.,2022-09-30,2633
2258,877,4,Étendre parent soin ligne confier chambre école par milieu commander bon nombreux longtemps.,2022-03-05,1911
2259,982,3,Ramener droit exiger lutter obéir bord garde détacher puisque cri bras.,2019-07-11,1484
2260,131,4,Objet pendre creuser jeu nord lumière coin caresser naissance.,2021-01-14,252
2261,1007,4,Mari femme livrer sang obliger recommencer.,2022-10-14,5265
2262,1338,1,Jusque tête court alors croix décrire dire recueillir soir quatre gauche d'abord glace.,2020-10-11,1952
2263,857,5,Six dresser taire force chant complet large cours nul commencer.,2020-06-13,1294
2264,416,2,Songer gagner propos réserver printemps journée exemple.,2022-03-30,3921
2265,1238,5,Remarquer produire craindre agir ce caractère.,2023-05-25,72
2266,651,3,Prison point regarder ignorer type neuf habiter davantage figurer coucher.,2023-04-25,3028
2267,1112,4,Quinze lutte main davantage condition résoudre.,2021-09-23,4508
2268,1186,3,Appartement drôle conduire élever haine puissant sourire moindre tomber cela bruit anglais.,2021-11-05,5784
2269,1413,4,Attaquer appuyer croiser fois terminer possible dans instinct hésiter.,2020-08-31,4801
2270,756,3,Eh cruel billet pluie second bruit.,2024-01-20,3034
2271,323,2,Conduire haut soin apercevoir gouvernement combien croiser partager disposer fixe profond.,2020-10-21,4420
2272,514,1,Propre long sol pourquoi préparer appel commander chant malgré recevoir quarante.,2022-04-18,5059
2273,882,1,Humide suite charge saint mine classe page ceci.,2021-06-29,2013
2274,748,1,Écouter rouge milieu quelqu'un reculer devoir fruit patron mentir usage fait dame silencieux.,2021-10-26,1027
2275,429,3,Dessiner pleurer dire livre il parfaitement autre grandir dégager cercle seulement froid.,2024-02-21,2771
2276,1211,5,Fuir connaître perte goutte un long fenêtre soir tombe million milieu.,2022-02-01,2136
2277,626,1,Encore doigt etc histoire commencement sable obéir événement fixe lien sérieux froid.,2022-04-24,5009
2278,1016,1,Fort lieu envelopper rassurer révéler porter intelligence regarder aventure reculer permettre étaler bas.,2021-02-05,5095
2279,878,3,Endroit type eh position servir douter.,2021-04-26,649
2280,1385,1,Bien parce que envoyer accomplir cerveau durer sourire officier importer face moindre user étage.,2022-12-30,4692
2281,1163,3,Santé certain énergie masse drame problème mois le froid lueur est vouloir.,2025-01-23,5459
2282,440,3,Général plein rompre sorte vent forêt.,2025-09-26,5551
2283,676,4,Son cri importance cerveau risquer autrement brûler.,2020-10-14,4854
2284,1143,5,Précis discours coeur envie chiffre cri.,2025-11-09,1124
2285,219,4,Mon au faible habitant course honte prochain.,2021-10-19,2735
2286,436,3,Long discours couleur posséder durant échapper départ depuis huit dépasser lutter chant travers.,2021-12-28,2062
2287,454,2,Moment plante aussi parler agir vers.,2020-09-09,1138
2288,1469,3,Horizon savoir soudain aide terme rocher bête façon reculer terreur accrocher pauvre après.,2023-02-02,5511
2289,84,3,Rouge courir parce que dehors lever enfoncer éclater pourquoi.,2019-12-29,2852
2290,784,1,Glace dresser société ton construire se travers caresser moi.,2021-06-05,3571
2291,1146,1,Moins beaux port quitter surveiller proposer conscience.,2022-11-16,1213
2292,482,2,Mort lisser derrière bleu énergie visite bande.,2020-03-16,926
2293,1025,2,Imaginer côte début aider bras conscience maison.,2025-11-04,4132
2294,1372,2,Pourquoi payer fin soleil essayer sien angoisse certain couche huit fatigue.,2020-09-16,3143
2295,851,2,Aide regarder révéler prévoir toucher ramasser mieux pays.,2019-09-10,1542
2296,875,2,Allumer obtenir propos voler île rester seconde.,2019-09-30,4857
2297,1417,4,Nécessaire planche rayon écraser mais y vert pousser vaste dans.,2021-12-06,1783
2298,23,5,Prêter demeurer odeur train durer fils dangereux d'autres grave seul.,2024-04-22,16
2299,719,5,Lueur étendue chaque unique devoir peine pareil satisfaire enfant puissant essayer.,2022-09-13,4201
2300,423,5,Émotion réfléchir recherche avec vague table prison parfaitement beauté noir.,2022-06-08,2624
2301,688,4,Montagne papier longtemps parler droit mémoire vent exécuter.,2024-10-19,3510
2302,729,1,Cerveau rentrer prix eh pays clef lier sourire social pouvoir revoir chair.,2023-11-24,690
2303,403,5,Épais pain refuser espérer musique rond acte prêter pousser tuer chemin escalier.,2021-04-02,4668
2304,848,4,Précis beau oublier histoire bonheur port nous d'autres lit vif devenir.,2022-03-16,1820
2305,331,1,Nation accepter soulever flamme bouche sans étrange bras compter amener.,2019-08-20,2818
2306,523,5,Verre étoile tour ce fois coup remonter regretter.,2022-06-03,3223
2307,439,3,Désert chambre jeune former fil nez pleurer part hauteur printemps extraordinaire.,2025-04-24,4535
2308,167,2,Résoudre surtout magnifique voir vieil départ ton pourtant construire saluer rose trop dominer.,2019-07-18,4648
2309,158,3,Autrement étranger vieux jusque colon docteur roman pièce objet en.,2022-11-02,3495
2310,1199,3,Cent sonner dehors crier étroit argent chaud oreille.,2021-03-29,4502
2311,165,5,Esprit solitude agiter tête avis moitié.,2021-08-07,3509
2312,910,3,Indiquer champ remercier attention naturellement faute maladie soleil.,2023-03-03,3910
2313,638,5,Humide sentir partir an représenter ça trésor marquer.,2019-11-02,1625
2314,1146,5,Preuve entourer second commun époque rêver vêtement.,2025-03-03,3723
2315,77,3,Calmer perdre doute suite reprendre souffrance appeler quelque autant droite moins geste.,2021-08-28,4355
2316,1000,3,Créer douleur rappeler désormais étaler malgré créer surtout sourire fermer satisfaire musique agent.,2021-12-10,1895
2317,1301,5,Accent déclarer loi sang satisfaire haine lettre sol double.,2023-01-06,1492
2318,1202,5,Expérience endroit troisième acheter quartier claire vague prière attention leur.,2020-07-05,5134
2319,727,2,Service intéresser camarade bande ramener particulier occasion doux autrefois rêver.,2019-10-19,4479
2320,174,5,Retomber chair suivre étudier nez assurer rond devant.,2023-03-26,4625
2321,714,4,Avance pénétrer reste beau posséder intéresser carte consentir comment tandis que plutôt soudain chaise.,2022-02-13,5972
2322,987,4,Police suffire chambre souvent peser enfant science passé complet comme espèce bon.,2025-01-20,5343
2323,628,2,Bien ouvrir endormir rester fidèle suivre en plutôt étouffer solitude jardin.,2023-12-20,66
2324,252,1,Quarante habiller battre franc gris million rapport enfin également de colline.,2022-03-05,5141
2325,658,2,Le avant supporter remercier franc désigner repas.,2019-03-01,961
2326,554,5,Impossible désir cela combat cabinet suite doux jardin.,2019-05-20,1367
2327,1438,3,Examiner âge chemise verre moyen acte rappeler.,2019-03-18,2203
2328,638,4,Mener marchand vers marier goût trouver.,2021-06-01,3817
2329,161,4,Simplement devoir place selon confier remplir valeur dent profondément inspirer jouer professeur étudier.,2022-11-22,1765
2330,1270,5,Joli lèvre pointe fond hiver soin travail voler vieux couvrir.,2019-11-16,687
2331,9,3,Planche page tracer madame exposer curiosité respect choix surveiller votre long.,2019-07-08,425
2332,441,3,Ce ouvert désirer plusieurs mur aucun classe coup présenter.,2022-09-01,108
2333,287,3,On quoi instinct échapper cas geste avant sentir aide figure.,2019-01-26,1684
2334,374,5,Animer répéter souvenir poser sourire lieu également manquer portier disposer face force.,2025-04-22,2749
2335,1196,5,Musique fonder apparence arrivée espace folie âge parler cheveu fonction ensuite.,2025-02-26,5587
2336,799,3,Pourtant brûler livre amuser guerre nous passer dès neuf page.,2022-07-18,3706
2337,793,5,Minute voir chose écrire courant portier apparence condition distinguer forcer contre écraser.,2025-11-15,1685
2338,63,1,Sombre lit désespoir lors papier pièce demain courir en fine.,2025-04-17,3134
2339,1480,5,Ici religion oh accuser lier jouer ferme nuit problème ajouter retourner placer lumière confier.,2022-08-03,4004
2340,1135,5,Ouvert français rapport rose fatigue désormais jeunesse gouvernement entrer fruit neuf et place.,2021-11-04,3447
2341,876,4,Construire faire étranger jambe raison avec signifier connaître nouveau silence se marché.,2020-07-28,3333
2342,12,4,Courir votre inquiétude nombre visage moindre mourir.,2024-09-26,856
2343,971,4,Demain habiller rien eaux rang moitié histoire près cri printemps cher.,2024-11-03,4701
2344,422,3,Fonder question souvenir sou lien également atteindre présent vers soin clair.,2025-06-13,4352
2345,191,2,Problème sombre fleur quelque tu cheveu obliger coeur nul vaincre.,2023-09-18,4088
2346,146,2,But état voilà ah assister beau besoin chat refuser solitude.,2024-03-02,605
2347,849,4,Quelque auteur politique fidèle vaincre âme quelque chemin sang moyen malade dehors chaîne.,2020-08-17,4086
2348,1079,1,Vague résistance répandre enfant haute cinq.,2025-09-26,2
2349,1090,5,Avant amener ouvert aujourd'hui enlever port dehors camarade personne pourquoi oeil note.,2021-05-04,2042
2350,1249,3,Digne dernier répandre question bien qui retour reculer calmer humain pauvre dont envie.,2021-04-30,2180
2351,612,3,Troisième quel fixer appartement ensemble résister pont nuage chaîne rester résister auprès obtenir durant.,2025-04-16,3192
2352,1307,2,Départ intention anglais printemps projet jusque pencher.,2024-08-20,5301
2353,1375,3,Frais voisin oh donner sérieux souvenir risquer éternel ah quelque couler deviner.,2024-06-28,2366
2354,88,4,Chien être maison nul auquel conscience calme.,2024-02-23,3760
2355,437,5,Souffrance cou nuit source rue embrasser là.,2020-10-21,3459
2356,707,2,Haute quartier queue monter blanc léger calme parti sonner tendre raconter caresser deviner.,2020-05-03,414
2357,1242,3,Condition faute voler franchir on subir oiseau.,2019-10-29,2992
2358,432,4,Suivre si matin déchirer suivre président examiner acte.,2020-02-09,5259
2359,836,2,Marché soi tout emporter six discuter chant arrêter.,2023-05-01,5512
2360,1431,3,Sûr solitude été plein groupe fond.,2024-09-30,5673
2361,793,1,Pied donner heure inconnu taille fermer arrière tendre remettre remercier fort anglais désigner.,2022-10-07,2742
2362,825,5,Meilleur regretter sauter anglais âge époque bien regarder peu chose mine.,2025-07-01,5224
2363,1367,5,Falloir absolu annoncer détruire long cher précieux dimanche sol donner.,2019-11-23,2592
2364,599,5,Terme dormir moyen imaginer indiquer lequel.,2025-06-01,2352
2365,363,4,Moins exister long personne vaste engager recherche.,2023-11-24,1758
2366,143,4,Revenir cesser ici roche circonstance âge pointe animal pensée inutile courant souvenir.,2024-02-16,2133
2367,1157,3,Empêcher accepter résultat sûr plusieurs atteindre remettre question saint premier.,2020-06-27,5758
2368,1380,1,Épais haïr aimer histoire avouer montagne pencher occuper peur revoir point long queue.,2020-06-30,2763
2369,251,3,Douter conseil regard côté armée effort oh île plus tuer apprendre geste veiller.,2021-11-04,3869
2370,1344,4,Réflexion loin céder finir parfois direction.,2024-11-29,1513
2371,470,3,Livre agir claire préférer obtenir honneur ah désigner sûr connaître prix.,2025-05-21,3315
2372,1116,2,Attirer quarante égal personne commencer eh fer enfant réserver plaire chercher couche auprès.,2020-03-06,1395
2373,426,3,Par toit servir fou muet tirer vouloir grâce.,2020-07-04,1909
2374,1416,5,Humide étendre exister vieux oreille exprimer nature rare entretenir.,2021-07-20,5209
2375,903,5,Presque société prendre animer séparer défaut battre.,2019-04-04,5883
2376,1480,2,Sien vivre autrement puissance as impression casser force.,2024-08-08,4084
2377,1444,3,Autorité éclater bonheur quartier importance donc port.,2023-03-02,4973
2378,968,4,Étudier ennemi inconnu coeur non connaissance du tel.,2024-08-31,4171
2379,1475,2,Vif ajouter embrasser pièce suffire proposer fier changer fait.,2020-10-07,3061
2380,1169,1,Où donc lui effet odeur éternel genre fatigue troubler.,2020-02-27,2548
2381,182,4,Vin fait distinguer politique blanc aller envie veille interrompre cher oreille français trembler.,2021-02-06,2793
2382,134,2,User vraiment précéder existence rêver soutenir tomber commencer réalité.,2019-11-15,2621
2383,734,4,Mieux monsieur ensuite repas carte étudier eau.,2023-09-05,3691
2384,82,5,Bête remercier ici fixe sans choisir promener maintenir.,2022-06-19,712
2385,349,3,Coucher humain fond combat signer pointe faute violent échapper.,2019-12-25,2070
2386,435,1,Consentir inviter oiseau ce non lèvre valeur.,2019-03-20,1825
2387,839,2,Détacher chemise lendemain personnage masse inquiéter.,2023-07-04,4839
2388,57,5,Garde réunir ensuite impossible moi attirer bras retourner ramasser casser.,2023-03-27,1578
2389,1287,5,Chef tel petit taille parti autrement peu employer écarter terre acheter jour froid.,2021-01-29,1851
2390,1201,1,Juste plus idée près commander rentrer poussière île voisin.,2021-11-21,4197
2391,87,5,Après militaire dresser aider soulever peau ciel garçon ignorer morceau.,2021-04-25,4795
2392,1269,5,Tache présenter règle repousser trésor cheveu préférer tout vêtement prononcer train bureau.,2020-08-25,233
2393,951,1,Promener résister épaule chaud si eh loup tombe.,2021-11-28,3963
2394,349,5,Nouveau gauche auprès sauvage peine danger conversation âme.,2023-03-06,1333
2395,821,4,Autre rouge reconnaître remonter environ public essuyer.,2021-02-12,5375
2396,406,1,Ordre voler glace doute sou noir descendre religion chasse.,2022-12-04,2962
2397,929,1,Appeler armer trait général pour arracher poser présence particulier contenter signifier vendre jeune.,2020-05-10,4169
2398,979,2,Tranquille ouvert tenter nation posséder million tempête ce marcher lui particulier.,2022-05-31,1389
2399,1192,3,Renoncer pierre quelque centre doigt point respirer satisfaire tromper content imaginer.,2019-08-04,4131
2400,1235,2,Prononcer éclairer être parti société prêter.,2022-08-05,3752
2401,1470,4,Poussière faim véritable toucher nécessaire car brusquement humain ferme.,2025-02-02,2618
2402,194,5,Beauté rassurer pousser cesser terminer courant l'un.,2020-01-05,5360
2403,1258,2,Soir point enfance tranquille auteur céder douze répondre lieu erreur vraiment nombreux.,2020-05-30,300
2404,1177,3,Semaine époque attendre hauteur secret pendre gouvernement trois chacun tellement source fête.,2021-07-30,4880
2405,1468,3,Composer pleurer lumière fenêtre franchir promener avouer.,2019-07-02,3814
2406,518,4,Conclure saint pourtant âge queue nul qui riche.,2024-03-06,4675
2407,215,3,Crainte déposer immobile jusque trop protéger coeur soudain objet titre cas drame plonger.,2020-10-24,1197
2408,1149,3,Drôle choix compter droit fuir geste ignorer.,2019-11-10,3883
2409,208,1,Retenir naturel fils manger quelque précieux tomber traverser qualité moyen espérer sourire bord.,2020-12-31,2507
2410,343,3,Jouer vaincre île d'autres abandonner palais colère peuple solitude fumer branche compte fumée.,2022-08-13,4421
2411,199,2,Passion prendre reposer temps venir trembler triste.,2025-09-10,2263
2412,1180,4,Vêtir battre puis douceur centre demeurer voisin rencontre delà fauteuil traiter.,2024-03-15,1159
2413,1478,1,Officier étoile noir patron signer vous continuer que franc comprendre.,2024-08-04,4092
2414,681,4,Mince part occasion pain attendre prévoir chercher.,2023-06-09,166
2415,72,1,Oh entre auteur terre pousser prévenir considérer.,2025-08-23,516
2416,616,3,Céder réussir froid feu puis tombe.,2019-01-20,5815
2417,781,5,Épaule enfermer affaire noire chanter colère.,2021-06-24,328
2418,845,2,Nerveux sentiment ignorer principe intérieur malgré violence asseoir effacer coucher sujet joli.,2024-06-06,1566
2419,52,2,Fermer glisser ton conseil puisque malheur scène dehors distinguer musique son suffire membre.,2025-02-27,3218
2420,502,1,Peur combien curieux page former rôle agiter.,2024-12-09,2730
2421,1347,2,Moyen malgré mode propre parti cela.,2021-11-06,3303
2422,1005,2,Goutte bien vert où seuil atteindre empêcher vent résister justice préparer.,2025-03-21,5850
2423,1418,2,Demander remonter bientôt rejoindre mince partie marquer grain parmi fond.,2024-10-11,5499
2424,870,5,Enfance haute forcer rester juge dessiner accuser rester retirer seigneur.,2025-08-04,3780
2425,1205,5,Doigt horizon comment feu notre vers doute user long.,2025-07-05,4325
2426,1,4,Un pauvre dominer mal roi étage prêt demi douceur circonstance perte.,2025-02-27,5915
2427,481,5,Lisser étude camarade répondre l'un rassurer eau paysan as vol revenir genou.,2020-07-29,3552
2428,611,4,Expérience durant chacun payer tard semblable lutte muet attaquer autrefois public jamais.,2022-09-10,1195
2429,475,4,Particulier neuf voiture source journal quelqu'un expression nation curiosité asseoir but midi.,2023-03-13,1549
2430,1091,4,Empire cheval deviner conduire tâche muet chose de imaginer.,2021-12-11,1427
2431,119,5,Assurer intérieur autorité avance derrière figure détacher soutenir en fidèle quartier leur rue.,2019-03-07,4630
2432,802,3,Chacun souffrance rapidement enfin queue tôt trente vêtir quart ici mer rang.,2023-09-28,3342
2433,1297,5,Nourrir courage combat être fin falloir pousser plus user.,2023-11-06,4319
2434,18,3,Sauvage marché lutte cheval en quoi certain.,2023-06-17,4415
2435,1252,1,Asseoir branche précieux corps chef naissance chemin jeune maître avant réduire fenêtre.,2022-10-11,5519
2436,562,2,Fois découvrir chemise ramasser d'abord venir.,2023-07-21,403
2437,644,4,Autour bête discuter rapport prochain façon condition extraordinaire début dans mine expliquer.,2023-06-16,4184
2438,577,1,Sans rapide taille triste personne sûr.,2021-12-05,185
2439,1287,5,Argent hiver poussière sortir aider parler vaincre.,2024-05-08,5682
2440,1280,5,Sûr hasard grâce accorder inutile parfaitement apparaître interroger dans beau particulier.,2024-03-10,579
2441,1440,3,Acheter tâche blond mesure crier reprendre maître votre moyen promettre affaire fou habitude.,2025-10-24,4741
2442,1216,4,Sommeil rayon glace point page naturellement peur arrêter retomber prononcer longtemps compter.,2020-04-26,4310
2443,884,2,Promettre froid pitié seuil etc rencontre monsieur poésie où note car revenir.,2025-08-14,2949
2444,5,3,Côté verre arbre étoile afin de changer posséder arbre point franchir chanter enfin.,2021-08-05,3509
2445,736,5,Nez argent entraîner pour pensée tendre couche.,2023-09-21,5220
2446,1480,4,Projet entre sol difficile fatiguer frais convenir rideau briser aide quant à.,2020-04-23,857
2447,1492,4,Immobile fixer sentiment remplir sein révolution loi seul lui ouvert souffrir.,2020-01-10,2284
2448,672,3,Retour moment car travail pas facile chute.,2024-09-15,781
2449,248,5,Mesure ressembler envoyer étaler événement passer histoire produire fête.,2019-12-10,3784
2450,1296,2,Reconnaître ça race vieillard roche beaux résoudre distinguer si parmi.,2024-11-16,2254
2451,325,4,Asseoir étouffer parfois air enfoncer pied car supporter.,2024-08-23,5575
2452,844,1,Vieil général appartenir rejoindre ensemble promettre vérité risquer tuer satisfaire fin tomber sombre.,2025-03-10,5290
2453,719,2,Puissance moi paraître résistance y lever juger renoncer vérité.,2019-07-20,4547
2454,148,2,Goût changement cheval animer rejeter gens plus cheveu.,2022-02-24,52
2455,710,2,Également rond marche cercle rouge réveiller apparence apporter doucement importer.,2023-04-22,2254
2456,1077,1,Par cri rentrer intention rêve soumettre.,2025-10-12,5281
2457,329,4,Écrire comme inviter large soulever déchirer rang trouver fort cri.,2023-12-26,694
2458,478,1,Reconnaître escalier droit saluer hier raconter circonstance.,2021-01-01,2720
2459,440,2,Précieux midi jeunesse madame garder embrasser écrire sac comment titre assurer chemin.,2022-07-22,4939
2460,951,5,Salle avance étendre grand disparaître nous respecter présenter briller présence.,2019-07-05,4410
2461,1066,5,Remercier terme coeur ville dépasser chez faim écouter.,2024-09-26,4323
2462,332,3,Art renverser terrain voile an chef.,2020-10-23,5915
2463,1391,2,Rencontrer delà rentrer politique prochain exemple défendre calme rien.,2020-07-21,4601
2464,522,4,Perte désir étaler absence savoir se possible apercevoir école partie.,2021-08-10,5684
2465,493,1,Commun certainement aventure mien froid bas secret chasse durer coûter problème.,2021-01-03,2481
2466,1219,2,D'Autres militaire pousser conscience l'un prier presque absolument un brûler.,2025-08-12,3896
2467,211,5,Peur jusque fidèle détruire lui sueur personne bien yeux.,2025-11-18,1489
2468,187,3,Pauvre supposer nation faim lisser son ouvrage main produire.,2021-12-11,2945
2469,969,1,Veiller entier chaise coin soutenir cour sans.,2020-05-16,3972
2470,3,1,Ainsi lentement rapide fait homme par libre grand.,2022-04-27,4279
2471,1214,4,Nombre engager naturel rocher avancer bruit peau travers.,2022-01-05,4040
2472,1446,5,Français essuyer quitter dernier pénétrer soumettre répéter sorte mort.,2020-03-16,3495
2473,299,5,Corde apporter rideau cours vraiment pauvre déchirer folie heureux roche anglais.,2023-09-11,5860
2474,95,5,Dépasser employer profond épais apporter rejoindre retourner.,2021-12-06,3821
2475,1385,5,Village content famille désirer science pointe vieil cesser garde.,2020-09-18,3768
2476,106,3,Combien nuit échapper boire habiter distinguer.,2020-12-20,1564
2477,1384,3,Remplacer classe froid me maison avis rien parcourir guerre eaux mon pas.,2022-03-03,1539
2478,1116,3,Arrivée sueur retrouver aucun renoncer quelque.,2023-07-06,1343
2479,888,2,Écrire installer envelopper appel compagnon jardin nom franchir toi votre protéger.,2020-11-24,3430
2480,901,5,Ce éloigner visite chacun brusquement passage moment mauvais vingt toit vert chemise secrétaire.,2023-07-01,1040
2481,397,1,Petit dix conseil ton moyen bas certain.,2019-08-20,2079
2482,1203,4,Traverser inspirer témoin toucher poste disposer du joue.,2024-01-06,4357
2483,968,5,Peine dieu figure se cruel animer centre vaincre matière qualité venir taire.,2019-11-13,1789
2484,233,2,Importance spectacle étudier tendre portier cela parfaitement point franchir calmer peser exiger.,2020-12-28,1702
2485,290,5,Place recherche assurer voilà lever toujours précipiter abattre répondre inspirer partager.,2025-06-07,1634
2486,918,5,Naître mille frais content or environ peau voile autour neuf appartement lourd.,2024-08-17,337
2487,1119,2,Objet vif vingt intérieur avant françois élever.,2024-01-30,5851
2488,182,4,Couche approcher bataille empêcher danger inutile sentier raison éloigner acheter en.,2020-01-20,4433
2489,1314,3,Sauvage promener voilà soirée an elle quelque.,2023-05-13,4693
2490,78,2,Mari conscience perdu répondre marcher son.,2025-09-17,781
2491,129,3,Reprendre souffrir tant changement police vraiment sonner.,2025-03-21,2017
2492,735,4,Anglais ferme parler de lit cheval.,2020-05-04,2572
2493,707,2,Cinq maître salut livre fidèle frais pauvre beau voix.,2019-12-31,4261
2494,1446,4,Aider digne soi aile ciel papa durer sous.,2021-02-20,4707
2495,393,3,Lisser brusquement leur couler instinct besoin quarante frère vert masse.,2020-12-27,4294
2496,1041,3,Car détacher vers joindre ressembler plutôt bouche briller lettre source lutter doucement.,2019-02-08,1526
2497,1500,2,Rappeler étrange réalité dominer avance contenir résultat sept claire étude chute justice patron.,2024-10-27,2339
2498,1401,3,Auteur soi prouver lutter quant à tel système plonger dent fonder.,2020-08-01,199
2499,122,5,Instant hôtel lendemain exiger réveiller propre sentier terme jeune drôle âgé.,2025-03-26,2368
2500,383,2,Pouvoir avec importance solitude tombe île affirmer former vif.,2019-02-24,902
2501,826,5,Partager déclarer malgré changer connaître son secrétaire campagne ventre poète.,2024-04-24,5257
2502,1488,5,Or si écrire examiner endormir ailleurs.,2021-08-18,2540
2503,1034,4,Discours flot voisin où accepter pays sérieux.,2021-11-02,5622
2504,549,2,Point banc creuser appartement mari crier colère fine pendant réalité.,2019-08-19,3393
2505,454,4,Crise haut moyen saint lieu contenter d'abord te tache.,2025-05-01,3103
2506,906,1,Réel intérêt tirer religion différent fonder chercher cinq robe recommencer détacher.,2022-09-20,5391
2507,467,2,Professeur animal nombreux apparaître un plein courant cheveu homme trente famille ouvrir.,2021-06-22,2781
2508,1114,2,Naissance surtout ou mot couleur importance geste celui.,2024-03-27,1936
2509,600,2,Vert appel chaud cercle liberté atteindre il général.,2023-06-16,5330
2510,1098,4,Étranger lors sein manier conclure on rose.,2019-06-02,1593
2511,403,5,Représenter étoile moitié parfois établir public digne sur surprendre découvrir tuer.,2019-10-12,1931
2512,1309,3,Étendue parfois coin fusil chien lutte passé vue paysage vieux roman.,2019-03-02,1900
2513,688,4,Marché toujours après quand prier joie.,2023-05-31,5321
2514,1242,3,Causer toit résister vrai rouge haut surtout vieux déclarer.,2024-02-21,4372
2515,1252,2,Y l'une avant fenêtre affaire fait quartier verser aussi.,2024-08-24,817
2516,474,1,Cause désir absence lisser véritable histoire joindre repas.,2025-05-31,82
2517,992,4,Intérêt miser cent fort devoir ciel.,2021-12-20,1918
2518,947,3,Particulier emporter entretenir jusque trois quelque fumée champ précipiter.,2021-10-18,4007
2519,668,4,Noire mois place garder sauvage sembler fonction mourir inconnu société envie.,2022-10-08,3032
2520,1198,4,Lier abandonner importance interrompre grandir ferme puissance preuve siècle.,2022-03-30,88
2521,465,2,Gagner demande peur énergie recherche guerre comme joli verre décrire vêtement jusque prochain.,2022-12-20,639
2522,355,5,Double tourner côte tôt remettre décrire.,2021-02-12,4462
2523,350,4,Oeuvre partager porter spectacle personne retour propos air plan action peu.,2023-09-14,676
2524,540,2,Sortir dent parler prévoir hasard rue dont accuser hier rêver sortir pénétrer lentement calmer.,2020-11-06,4488
2525,414,4,Donner seuil presser lire vaincre mari.,2025-10-10,1528
2526,1489,2,Est malheur campagne garçon saisir mine respirer soutenir parfaitement devant aider animer certainement.,2023-10-23,303
2527,703,2,Âme besoin distance pousser divers coucher d'autres yeux.,2019-11-12,1530
2528,398,3,Chemise avance détacher jeunesse supposer deux moins métier président table mourir.,2022-05-01,644
2529,193,1,Fer garde étranger imaginer parfois choisir couper devant officier.,2023-02-16,3155
2530,320,3,Absence cours comment découvrir hier côté.,2021-10-04,3245
2531,1295,1,Emporter beau consulter soin souffler françois finir près.,2021-07-04,4713
2532,1468,5,Comme fait d'autres troisième ville paysan attirer.,2023-09-20,5257
2533,785,1,Lien art eau combien règle jambe chance vous passage neuf voir en chute.,2022-08-25,1818
2534,909,4,Mettre céder retrouver debout plusieurs falloir sentier son pièce.,2019-04-17,1555
2535,849,3,Quant À naissance armée parmi autour paysage enfant perte traiter aimer haute été davantage.,2023-11-25,5154
2536,1064,2,Acheter vif du pouvoir surveiller produire chute moyen position.,2025-09-14,4580
2537,519,1,Envie cela trésor rencontrer oser époque oiseau.,2019-12-27,2820
2538,608,2,Secret vendre offrir reculer défendre fête éclater hôtel.,2024-11-19,912
2539,1481,5,Étendre réduire amener tenter en joindre.,2024-09-17,4669
2540,846,1,Changer apercevoir rideau oeil temps rire.,2025-06-02,3065
2541,27,3,Échapper seuil défendre quatre race sortir conseil endroit trace suivant réduire.,2025-02-17,2316
2542,157,2,Ennemi plein grand fier nous mais.,2024-07-02,2941
2543,509,2,Exprimer inventer presser contraire ouvrage froid armer habitant note tapis temps répondre curiosité.,2021-04-05,66
2544,1361,5,Usage roman militaire sauver appel froid appartenir chasse endormir journée.,2022-04-11,2213
2545,247,2,Rejoindre fois recueillir entrée garde de morceau être.,2019-07-18,5895
2546,1286,5,Employer enfoncer garde résister complètement puis conclure trente musique jaune pièce mal tandis que.,2020-06-20,5483
2547,264,4,Grandir ouvrir quant à article nuit recueillir image fumer prince image.,2020-05-18,5406
2548,415,3,Robe argent cour rouge port bientôt tout.,2024-10-07,766
2549,1271,3,Malheur village foi ensuite soulever haut.,2021-10-11,2699
2550,870,5,Puis expérience ailleurs métier satisfaire changement santé aide.,2019-08-19,5996
2551,986,2,Approcher ouvrage année que rouge réunir lentement continuer partout haut.,2024-01-01,2658
2552,1209,1,Quoi ce inventer état deux lueur nuage danger.,2021-12-28,1684
2553,1427,5,Bas céder rendre avenir toute enfermer naître petit moi.,2020-07-12,2987
2554,1079,5,Douze tomber faux briller gouvernement couper douleur larme ah considérer course figurer.,2024-10-12,3170
2555,480,1,Folie étranger sou désirer encore seulement.,2021-03-05,5207
2556,907,4,Peser accomplir reposer couper état surprendre question autrement mériter vendre.,2019-05-05,2755
2557,1152,2,Liberté lourd allumer système grâce intérieur pencher pensée armée épaule aventure lier.,2019-11-25,5153
2558,1183,2,Hasard faible chemise question pays rapidement peine obéir fille tendre rapide.,2020-03-26,3771
2559,905,4,Immobile passé moitié long étoile raison exécuter moins élément passé.,2022-10-30,4208
2560,410,4,Sauver muet bataille vaste lire rappeler santé.,2024-03-12,1821
2561,681,5,Plein tandis que déchirer face révéler inventer être.,2023-09-21,4061
2562,352,3,Chien cheveu dimanche son conduire lisser beau imposer.,2022-02-20,4732
2563,589,3,Solitude intéresser journal en armer effort vieux français ajouter mal fruit.,2021-04-03,5150
2564,40,5,Docteur exiger demander muet différent effort paysage ressembler sac comment clair.,2019-06-01,5136
2565,227,5,Violence éclairer bête croiser eh chacun paix plante arme durer bataille vol malgré.,2021-09-24,249
2566,1015,5,Autre intérieur lune étranger énorme taire côte flot vouloir musique machine.,2021-03-07,3895
2567,1487,5,Malade avancer demain regarder recueillir glisser.,2019-01-16,642
2568,1026,5,Premier appuyer dernier tendre honneur dessiner.,2023-12-05,4687
2569,234,4,Ordre solitude puis journal presser présent loi un large mari sauter traîner savoir.,2024-07-28,4768
2570,608,4,Chacun chair falloir sorte vers chaud autrefois vision blanc.,2020-11-23,2171
2571,314,4,Poète réel aussitôt convenir premier mieux système battre jardin poser escalier.,2025-02-04,3062
2572,1214,1,Autorité réfléchir genou problème pièce hasard glisser reculer sentiment reste si rappeler unique.,2025-09-03,4342
2573,794,3,Pays rang feuille éteindre te public remplir grave sac note cruel fumer.,2025-02-26,3401
2574,826,1,Français couleur et amener noir avouer indiquer pas profiter grand plante calme atteindre.,2024-09-26,5449
2575,893,4,Oeuvre croire conscience voisin médecin façon fou douze attendre roman.,2020-04-10,2355
2576,332,2,Inconnu carte avec mari grand il règle juge dominer.,2019-10-11,699
2577,1492,2,Mauvais taille arrière fatiguer eau réserver parcourir contre petit déposer branche lever.,2022-12-08,813
2578,31,1,Fort justice champ noir représenter commencer.,2022-08-16,425
2579,1169,2,Matin instinct accorder or ensuite ressembler séparer.,2021-06-21,3713
2580,715,5,Nuit bleu village douceur reste promener prévoir sien élément million jouer.,2021-09-28,1208
2581,705,1,Reconnaître défaut installer fusil noir vêtir traverser essuyer.,2023-05-07,4469
2582,1483,3,Aventure intéresser erreur cas douter caractère haine.,2020-02-09,4045
2583,254,4,Personnage nul fine important certain pas très dent objet journée lorsque animer exécuter.,2024-12-24,4833
2584,959,1,Monsieur recevoir cause hésiter année voler sourire jusque lorsque recherche placer monsieur.,2023-03-14,5934
2585,6,4,Ventre boire eaux cruel franc penser inquiétude debout examiner.,2021-05-06,1
2586,1137,2,Mal malgré essayer imaginer prince corde fatiguer couper assez.,2019-01-04,251
2587,1202,2,Eau falloir ramasser indiquer connaître même long.,2020-06-12,2240
2588,664,4,Sec coûter que cabinet debout allumer.,2024-05-26,4948
2589,96,3,Partir bois souffrir fête désir inutile certes parfois résistance léger.,2021-10-08,1330
2590,425,2,Sauver difficile saison trait occasion couvrir rocher partout poésie assister.,2024-07-15,3036
2591,232,2,Lors professeur rencontrer moindre crier résoudre minute ce discuter profondément.,2021-09-03,5072
2592,994,4,Dehors projet fils ni dernier côte rencontrer lourd volonté entrée coup.,2024-06-08,5526
2593,603,2,Attendre malgré intention pierre représenter trop cause silence.,2023-04-10,1023
2594,970,3,Effort garder page soir vivre chacun passer parce que.,2024-09-04,390
2595,85,2,Emporter car tenter fleur achever branche tombe accepter figure.,2019-12-02,4576
2596,1206,4,Inspirer immense enfin élément position peine en pur voler monde nécessaire songer paysan soldat.,2019-06-12,3710
2597,1230,2,Relever juge docteur ça lieu préférer magnifique après début.,2024-01-23,2525
2598,898,4,Surtout lien certain île entretenir soutenir crainte raconter.,2025-06-17,2970
2599,1426,2,Éteindre apercevoir présence époque moyen instinct or rompre défaut enlever devant mort.,2025-05-22,4979
2600,510,1,Côte claire sentir travers capable recherche.,2019-07-07,5097
2601,523,1,Inventer dehors ouvert contenter gens abri certain point.,2021-10-17,3192
2602,1421,1,Masse ton dame feuille papier jardin précis au neuf roche.,2022-04-05,4047
2603,1347,1,Pauvre neuf chaise attacher fruit échapper.,2023-10-21,2419
2604,1206,4,Payer prière tapis recommencer événement malade fil million hésiter effacer.,2019-06-06,3906
2605,688,1,Crise précipiter retomber terreur fortune empire certainement encore marquer tâche debout léger entrer.,2025-09-20,3126
2606,275,3,Faible bien naissance particulier début naître voisin juger air préparer sac dormir.,2024-04-02,857
2607,730,3,Sueur accorder an embrasser droite rond proposer trace plein certain ce enfermer.,2021-08-03,2552
2608,1212,2,Regard remercier droite falloir monde figurer fuir bien foule renoncer.,2019-06-19,1844
2609,484,2,Faveur unique enfermer matière amuser histoire nom riche secours même séparer haut.,2023-11-21,618
2610,909,5,Printemps pays flot fatiguer direction retirer présenter nouveau curieux ici quelque cours nerveux.,2025-08-27,1159
2611,871,1,Couche troisième tromper un élever planche cacher.,2021-06-19,1827
2612,812,4,Calme donner en signifier mouvement facile garder attirer forcer.,2019-04-18,3944
2613,340,3,Lumière jeu souvent accomplir siècle importer.,2024-12-01,3956
2614,1387,4,Importance ce me parcourir militaire déposer tenir dur calme nerveux empêcher.,2025-08-05,5434
2615,225,1,Quartier en verre vol souffrir instinct devoir adresser rassurer.,2020-01-22,5445
2616,964,3,Ville roi riche voilà vraiment yeux meilleur un escalier composer suffire nation.,2021-11-13,2840
2617,475,3,Force également coûter moment libre verre éviter depuis inconnu chaud.,2019-10-27,4180
2618,1422,3,Ce défendre penser bas manquer angoisse plutôt garde soirée précis transformer avouer.,2019-02-16,2222
2619,640,4,Inutile saint dix recommencer qui frais espace.,2019-12-08,5800
2620,1463,2,Secrétaire village examiner bataille confondre bouche entre juge respect visite éclat perdre jambe.,2023-03-07,2798
2621,480,2,Rentrer feuille sou contraire moi combat cou exécuter mode art.,2022-08-03,651
2622,977,1,Plein intérêt accent membre intérieur terminer objet histoire.,2024-03-12,5227
2623,1320,3,Depuis passage éclater entourer moins maintenir entourer sombre facile.,2023-07-19,3253
2624,751,1,Posséder chacun défaut préparer exécuter aider loi dessus préférer ennemi autour.,2023-02-25,3858
2625,572,4,Promettre paupière embrasser vent déjà air finir hors premier mal six lisser.,2019-02-22,4557
2626,1387,4,Côté exposer pitié terme parole tracer aller ramener rang.,2021-03-14,4868
2627,1461,5,Tout voir frère bruit professeur chemin.,2025-10-04,4686
2628,831,3,Matière endormir abattre femme voler terre plaisir dernier.,2024-02-16,2819
2629,1469,4,Dix vue léger mémoire bas besoin.,2021-08-19,1388
2630,823,5,Liberté drame guerre retirer sonner seuil lien poids puisque.,2022-05-22,4656
2631,410,5,Après fatiguer aller promettre puissant large supposer prix croix.,2024-03-30,4844
2632,1373,2,Vers saint état ministre fonction aventure couvrir espace.,2019-12-29,3251
2633,1107,1,Sauver fier horizon quoi pain président auquel patron autour secours observer.,2020-03-11,4924
2634,1279,1,Course robe soumettre précis plusieurs an souffrir madame recevoir trente père.,2021-12-20,701
2635,500,4,Banc nez paupière main découvrir voyager condamner imaginer.,2022-07-30,107
2636,581,4,Pas position expliquer victime dépasser douter demande moindre même image énergie devenir.,2025-07-20,4770
2637,934,3,Forêt souffler aucun remplacer intéresser militaire social ce événement.,2025-01-01,4988
2638,431,5,On vague creuser douceur sourire paysan vous nous commencer dans.,2020-12-22,171
2639,755,2,Branche assez tantôt puis comme dernier éviter chercher poète ouvert oncle.,2020-02-12,2870
2640,944,4,Politique nul glace signer aussitôt paraître soumettre occuper.,2022-01-26,2061
2641,719,4,Fort précipiter liberté voie qualité désespoir moment.,2023-01-07,3282
2642,869,3,Haine fatiguer leur courir bruit effet jeter le donc.,2021-02-09,2446
2643,680,3,Feuille voix rôle plaisir danser spectacle cas face permettre.,2022-04-17,644
2644,215,1,Exposer immobile sec elle léger glace image celui visible cesse.,2020-05-14,5065
2645,131,4,Offrir imaginer rencontrer lequel loi exécuter corde poste.,2022-09-09,5326
2646,246,2,Absence cou usage étendre joli âgé pays puis.,2020-04-05,4783
2647,97,4,Mari delà confier plante retomber paysage plaire manger instant fil libre presser espèce si.,2025-08-21,474
2648,900,3,Remplacer désir donner au animal semblable obéir monter écraser.,2022-01-27,3616
2649,338,3,Absence accorder faute celui souhaiter général paquet.,2025-07-29,3172
2650,1492,1,Mien rencontrer puissant avancer lèvre marchand fine courant meilleur jaune.,2021-10-05,1109
2651,928,1,L'Une personnage jour justice lequel reconnaître partager saluer maison aventure.,2025-03-24,782
2652,361,2,Dehors dos semblable eau relever refuser avoir cerveau.,2021-09-06,154
2653,26,4,Peser ceci étendre militaire posséder obliger ombre secret sortir devenir aucun.,2021-10-23,5017
2654,27,1,Présence suivant chef tomber immense franc.,2021-08-31,1763
2655,125,5,Enfance chasser embrasser sentir suffire mener trait celui rue tout bois.,2025-07-26,615
2656,1459,4,Arme classe après disparaître pas terreur songer intérieur jaune.,2024-06-21,2872
2657,547,3,Sous second environ signe valoir complet.,2022-01-02,332
2658,6,4,Tenir prétendre user malheur bas représenter médecin importer frapper recherche toile tracer.,2021-08-27,3765
2659,599,2,Écrire naturel point système geste or disparaître grâce.,2019-12-23,2140
2660,353,1,Pouvoir fenêtre doux soin état tâche inventer chercher prison soir art.,2021-10-11,3921
2661,1229,3,Cerveau du colon côte remplir pauvre loin adresser pas enfant rapporter savoir sourire.,2022-11-24,5403
2662,644,4,Pensée entrer tel toute il mon protéger caractère rencontrer politique point.,2023-09-25,4013
2663,393,3,Donc intéresser groupe fou couche obtenir terrible quelqu'un assurer pencher été quand relever.,2022-05-22,3885
2664,209,5,Allumer condition danser animer accomplir papier oeil inconnu roman meilleur face étudier de.,2022-12-15,2537
2665,1315,5,Fonder d'autres naturel maître environ mur émotion haut entendre haute est.,2025-02-20,3745
2666,899,4,Défendre près avoir corps dent voiture aider son douze effet appartenir creuser.,2023-09-28,5441
2667,1440,2,Ruine veille quand pouvoir dernier social rose sommet pont souffler armer.,2022-03-27,5748
2668,467,2,Sable politique centre droite chemin chair chute haine colère marchand montrer tendre sommet.,2025-08-22,415
2669,1469,5,Manquer intéresser frapper élément sûr importer avant échapper un crainte perte.,2021-04-07,2242
2670,373,2,Demande appel sein affirmer que comprendre.,2021-10-13,1825
2671,1439,1,Demander trace compagnon tard aide souvenir certain marcher ramasser établir.,2025-06-30,5695
2672,1499,2,Poète moment accepter nu reste allumer soin interroger.,2022-09-28,2984
2673,1494,1,Paupière jardin morceau celui énergie instant.,2024-06-11,1501
2674,1107,2,Haine attaquer parcourir fixe chercher cacher achever retourner autrement acheter répandre eaux diriger.,2019-11-23,1663
2675,1086,2,Coûter ça siège avoir taille poser écraser droite femme court accrocher chiffre journal.,2020-06-10,5147
2676,152,3,Qui apparaître ramasser lune soirée fatigue difficile ruine désormais soldat.,2024-08-14,870
2677,133,3,Malheur pareil déclarer d'autres peuple foule divers monsieur main lier cours hiver.,2020-10-26,5781
2678,1068,5,Rapporter dernier brusquement vérité violent promener simple voisin tirer vêtir ancien.,2019-04-04,1510
2679,1223,5,Honneur soldat découvrir entrée au émotion ami matière.,2021-07-08,5031
2680,494,2,Condition construire parce que exposer doucement ressembler sorte.,2021-11-18,4540
2681,388,5,Consulter couler respecter représenter absolu parvenir reconnaître énergie.,2022-03-03,5001
2682,979,1,Visible prier condition rassurer question écraser guère compagnie content manquer fortune.,2024-09-18,558
2683,1024,1,Moi nuage sac frapper cent fuir respirer oublier justice goutte emmener près.,2024-02-25,4961
2684,879,3,Simplement magnifique désespoir jeune jaune beauté rare semblable mouvement complètement condamner trente rocher.,2022-03-09,4503
2685,1220,4,Lire fille emporter soulever commun fort demain paquet revenir entourer.,2019-12-10,2900
2686,1330,5,Sept existence changement quinze voisin triste allumer tâche.,2019-11-06,4575
2687,744,3,Désert quart supérieur droit livrer former an.,2019-09-16,3179
2688,30,2,Toucher chien on chemise entendre prendre éclairer mener.,2022-06-07,5402
2689,256,4,Naître servir situation propre précéder empêcher dent trente.,2020-08-29,5730
2690,1327,1,Particulier poésie poser mettre passer cabinet accorder passé emporter de camarade lequel intéresser.,2025-12-01,1053
2691,1297,1,Émotion position cesse enfoncer un essuyer comme françois sol.,2025-10-22,4220
2692,232,1,Vol échapper possible inspirer différent nation.,2020-05-04,1211
2693,110,2,Corps consulter qualité confondre blanc dieu titre queue appartenir précieux salut.,2020-04-25,2248
2694,805,4,Mot réflexion condition bois autorité payer durant sûr.,2020-09-12,3073
2695,1482,4,Maître déchirer annoncer puisque certain briller tourner vivant effort espérer.,2023-02-17,940
2696,737,5,Malheur forcer vivant accent impossible éternel chaleur proposer face.,2023-06-06,4560
2697,473,5,Couper troubler sauvage depuis plein art précis répondre dépasser.,2022-09-24,5662
2698,299,1,Exister savoir complètement vin pied hasard million pain ah.,2021-12-14,1595
2699,1079,4,Comment aile quant à yeux un île.,2021-01-04,1811
2700,437,3,Attirer as appuyer français arracher ailleurs taire prendre venir.,2022-12-09,749
2701,1208,1,Donc même franchir attirer étendue venir danger partir réunir delà journée trace immobile.,2021-09-12,826
2702,675,2,Difficile exprimer dont sur exister rejoindre voler faux glace lutte moyen.,2023-12-07,5646
2703,79,3,Retrouver suivre couler étendue sombre soi joie lors trois scène.,2021-12-07,3048
2704,276,2,Dans vert gauche foule intérieur maintenant fort douter chair.,2020-03-11,2343
2705,723,4,Dix recherche occuper souvenir yeux vin hors arbre beau.,2022-04-20,5396
2706,1192,5,Minute brûler cinq auprès bas de pensée demeurer chasser embrasser source.,2020-07-24,3872
2707,993,2,Être yeux revenir or livrer hésiter siècle.,2022-12-10,54
2708,1197,5,Ciel pierre instant vers geste causer signer avenir éviter.,2020-01-01,1465
2709,325,2,Ruine distinguer chasse dominer reste amener.,2019-09-03,3731
2710,10,2,Après curiosité endroit prison prévoir refuser intérieur système.,2021-01-25,4320
2711,550,3,Un chanter auquel phrase repas tout toute rapport.,2023-04-03,1864
2712,91,1,Fidèle possible âgé effort remplir minute manier mal accrocher ensemble.,2023-02-03,613
2713,503,1,Bleu cher oser sein nommer coup corde découvrir surprendre.,2025-11-14,2243
2714,679,2,Essuyer vert davantage dominer fixe dormir arrière exposer dos.,2019-07-22,1520
2715,338,3,Ramener désormais appartenir demain amener étoile pleurer sauvage joli sommet.,2022-05-01,1958
2716,1087,3,Rapide face honneur imaginer fête froid maintenir.,2022-04-09,4885
2717,203,2,Époque horizon quelqu'un caractère chercher habiter bas attendre foule voix cent demeurer parent.,2024-04-30,1532
2718,511,5,Recevoir intention bleu charge retrouver bien.,2023-02-17,3083
2719,219,5,Magnifique impossible nez aller feuille rompre cerveau chemise son condamner plan lèvre.,2024-06-07,2538
2720,1071,3,Mari soumettre nez animal sorte élément quelque certain soit il intérieur.,2020-09-12,3455
2721,1201,1,Chien sourire cheveu composer cou intérieur cacher naturellement.,2020-07-26,3550
2722,384,2,Gauche juge humide préparer cri escalier pendant hésiter étrange prier.,2020-09-22,4882
2723,1062,5,Affaire justice bruit tromper réserver appeler femme cent ferme sauter.,2023-11-15,831
2724,461,1,Flamme simple raison réveiller air verre usage arme cent fumée ferme drôle tempête.,2021-08-04,3987
2725,1178,5,Ciel propos sec vague coup se mal.,2022-08-10,571
2726,1311,3,Changer former choix te contenter chaleur usage trait race camarade.,2021-04-18,1678
2727,1310,2,Tout élever trop attaquer point près mort indiquer tomber quelque police.,2025-11-20,61
2728,1041,3,Résultat emporter léger habitant bois imaginer toi rouler pouvoir.,2020-03-04,19
2729,1416,3,Agent société difficile neuf muet écarter rang.,2019-10-13,5480
2730,1422,4,Espérer aile presser taire inquiétude allumer éternel exprimer aide plaindre accomplir.,2025-10-08,3950
2731,1314,5,Quoi chasse cinq pleurer aimer consentir claire.,2025-03-29,3341
2732,788,4,Clef il million avec pourtant soi madame près prince retour exemple exemple.,2020-05-16,3849
2733,531,2,Toit patron retomber faire poste figure ni grâce employer.,2020-12-29,1613
2734,393,5,Cours rentrer secret noir présent bas prévenir battre choix.,2024-06-11,5846
2735,882,2,Haut dehors corde jour mode matin cerveau fonction nombreux fuir erreur.,2020-09-05,4726
2736,56,2,Couvrir installer intérieur proposer presque subir accorder franc.,2021-10-11,3317
2737,1125,3,Sommeil blanc peau fruit dangereux été.,2022-12-30,4539
2738,1138,3,Reculer beau considérer ouvrage nature or.,2023-06-27,5748
2739,1427,4,Pluie leur caresser classe interroger village décider où crise.,2022-09-01,2180
2740,1224,3,Froid quitter puis été droite ce.,2024-03-13,4156
2741,135,4,Content fils on ville rose dehors franc accent qualité absence cheval défaut visage.,2022-07-22,5541
2742,952,2,Cependant midi vague renoncer vite plonger façon.,2024-02-20,1885
2743,235,1,Crier étendue endormir pourtant confier entrer intérieur auquel.,2025-05-28,3164
2744,724,5,Cheveu masse armée étonner pauvre embrasser bon capable.,2023-06-19,5725
2745,932,4,Plaisir voici fonder grave partout toujours sortir cesser.,2024-04-09,3312
2746,954,5,Accomplir du amener fumée immobile angoisse papa appartement dans.,2020-04-15,3289
2747,1191,5,Vrai obéir charger passion rêver soin paysage anglais remonter.,2024-03-23,1045
2748,1313,4,Enfant réussir après perdre conscience éviter rouler taire regarder immense parole quelqu'un.,2021-04-25,2779
2749,1235,2,Désert fier traiter suite plein le dormir mari avouer cesse courir.,2023-04-18,2947
2750,569,3,Papa champ éviter odeur renoncer sauver cause.,2024-02-29,641
2751,34,1,Etc espace colon crier pointe révéler compter brûler époque atteindre école enfant notre.,2023-12-07,1188
2752,928,4,Quitter ignorer charge asseoir époque rocher enfin oeil calme éteindre vague condition.,2022-01-30,3033
2753,893,5,Prix contraire valeur recherche bien après payer social donc.,2025-04-10,3687
2754,864,1,Confondre part révolution cerveau composer appeler front silencieux ici cuisine étendue.,2021-08-25,835
2755,1222,3,Maître devant fer servir éclater vraiment.,2022-09-18,822
2756,86,5,Politique quarante puis par propre désert vague même de crise expérience.,2023-11-12,3895
2757,85,5,Vers avec éprouver chaîne puisque profiter.,2023-08-06,1600
2758,255,1,Conduire fils déchirer tenir calme machine examiner premier intéresser moyen animer.,2025-11-30,3671
2759,1243,3,Immobile quant à représenter perdu étendue troisième sous.,2024-04-01,1771
2760,1135,1,Grâce montagne avant clef souvenir également long tant.,2021-11-03,51
2761,555,3,Roi perdre branche calmer grâce fermer bas.,2021-04-01,3891
2762,466,4,Cent rapporter retirer doute bon note détruire finir poète port marche.,2019-08-02,3259
2763,232,5,Traiter avec vêtir jeune maintenir consentir donc apparaître combien.,2023-02-08,186
2764,294,5,Contenter combien train d'autres joindre quand pourquoi.,2020-09-06,5484
2765,1499,5,Bas selon doux douze bien mari forêt établir immobile science quelque non d'autres saluer.,2021-05-10,4064
2766,377,1,Feu doute volonté sueur répandre quand après rien ignorer difficile.,2019-09-14,96
2767,469,1,Guère appartenir vieillard discussion occasion accuser bataille.,2020-04-04,5949
2768,458,1,Souffler avec cruel ou milieu manger rêver à cependant étranger main représenter révolution.,2022-04-29,1473
2769,775,1,Avenir tôt chemin nom sac mesure d'autres lentement cabinet révolution elle compter.,2023-08-29,4568
2770,1048,4,Vaste madame tandis que parcourir avant exemple réveiller accord puisque précéder regretter absolu.,2023-05-15,1808
2771,416,3,Affirmer regard sur étage as faux vie enfoncer sou seigneur poche.,2025-04-16,3266
2772,236,5,Admettre calme certes politique sou auteur rêver.,2025-10-01,5073
2773,1123,2,Nord cesser loup éteindre vague mien avec suite.,2019-02-24,5174
2774,730,5,Pénétrer dire empêcher capable haïr content anglais médecin.,2019-05-13,999
2775,1086,2,Expérience chien travailler effet poussière tout derrière suite briser tranquille amuser vieux.,2022-11-01,4782
2776,1266,5,Essuyer brusquement ailleurs village journée poche tache puissance allumer.,2021-05-18,4148
2777,47,4,Dresser sens chair soit partout camarade disparaître selon entrée chercher voyager heureux malheur.,2024-09-20,1467
2778,1411,2,Songer moi franc mari donner comprendre angoisse descendre boire peine lever.,2022-09-15,1230
2779,887,5,Enfance cou rien jambe gros craindre bruit femme serrer.,2023-05-15,3074
2780,302,5,Inviter membre il espérer résoudre bord lien étroit décrire ville marcher.,2025-11-17,5448
2781,952,1,Corps mêler secret souffrir geste hésiter victime usage printemps pourquoi conduire.,2020-01-22,3940
2782,1453,2,Secret espèce sens accompagner terrain accompagner bataille roche feu air revenir poche police.,2021-05-11,5615
2783,781,3,Grandir propos intérêt hiver travailler officier calme sac danser enfin.,2020-09-17,4045
2784,863,2,Détruire attacher succès attitude pays creuser.,2025-06-21,641
2785,541,2,Fin agent inquiétude offrir préparer puis forêt sans leur succès soudain clair.,2019-12-12,4872
2786,84,2,Âme fin sept arbre pleurer rester soumettre race tête.,2021-01-16,900
2787,489,3,Chanter elle nom arbre cheveu beau.,2023-06-28,3058
2788,1367,1,Conscience animer as rare permettre résultat revoir empêcher.,2019-07-05,5120
2789,347,5,Soleil inquiéter rêve doucement gouvernement violent présence malade roman absolu sou tout.,2022-04-05,175
2790,695,1,Respect façon cher auprès sous souffrance air apporter sens user.,2019-01-06,2865
2791,354,4,Commencement parcourir inventer vieillard attaquer objet immense anglais salut religion rue dos.,2025-12-09,2367
2792,414,2,Puissant veille courant naturel branche éclater transformer mort ignorer public.,2020-09-15,634
2793,314,2,Escalier remettre qualité lourd paysan cacher aller curiosité herbe banc mener jamais précieux.,2019-03-20,4318
2794,802,5,Soir calmer admettre chemise absolu passion en ignorer poste.,2022-11-17,2431
2795,1065,1,Appel discussion bout reprendre figure détacher point amuser mesure semblable port sans prière.,2022-04-14,2704
2796,519,1,Chat drôle mouvement jusque voie certain.,2020-07-28,3575
2797,20,2,Rayon hier dessus quel auteur attacher douleur.,2023-06-29,5741
2798,249,5,Chien aucun pain répondre apparaître montagne rendre tempête.,2024-07-04,3007
2799,1132,1,Six veiller compter muet enfin sur.,2020-11-11,4627
2800,786,1,Jouer apparaître type affirmer prison force silence eau depuis tenir lourd.,2019-11-20,319
2801,383,3,Ami vue notre sembler bien vieillard ordre étude crier.,2025-10-14,4611
2802,736,1,Abattre fier bouche poursuivre risquer vivant route fixer docteur.,2023-07-10,1234
2803,1038,1,Hors étouffer répéter part étage juste remarquer chacun accord argent bon colon.,2023-11-11,1048
2804,676,4,Autorité conclure somme suffire précis jeu creuser sommet mort mois.,2020-03-07,3813
2805,1328,2,Intérêt lever justice amuser visage nuage rentrer.,2020-10-19,3350
2806,81,4,Rejeter peine construire voyager rose protéger intérieur.,2023-06-28,938
2807,234,5,Moindre quatre abandonner obtenir système humain certain malgré jamais vaste bon on nature.,2022-05-17,4106
2808,374,5,Patron art confier cruel frapper repousser franchir simplement coin sans même très.,2021-04-21,91
2809,1040,2,Tranquille voler expression vaste contraire dimanche attacher entre très muet gauche vue lorsque.,2024-02-18,264
2810,621,4,Ceci ah art mien comme connaissance.,2020-10-19,4578
2811,505,2,Oeuvre douleur secret exiger mur magnifique protéger est.,2024-06-12,4584
2812,382,5,Tête hasard genou chaise animer apercevoir traverser.,2023-01-23,4068
2813,363,1,Lier hors examiner craindre journal quant à palais.,2021-02-08,957
2814,333,3,Jeu parvenir aimer parvenir risquer bande.,2025-02-07,5738
2815,885,1,Naître pousser pouvoir flamme respect respect travailler.,2025-05-21,3638
2816,1260,4,Journée bon tôt neuf dimanche signifier préférer centre habitant glisser.,2022-06-29,5676
2817,221,1,Particulier également prix appartement inspirer miser un maison dessus sable répandre profiter.,2021-09-23,3521
2818,115,2,Mourir part fou état forme exécuter chasser appeler d'abord cent.,2022-05-02,313
2819,798,5,Chaque fin digne figurer subir dieu.,2025-04-11,3454
2820,1421,5,Malgré regarder suffire dégager droit plante.,2024-12-05,862
2821,1239,4,Père préférer empêcher justice verser blanc lutter quelqu'un.,2019-08-04,1964
2822,1195,1,Retrouver tromper étude visage chose sur.,2021-07-17,5312
2823,905,5,Genre haut neuf vision enlever éclater face bras.,2021-07-08,2226
2824,667,5,Veiller tendre cinq succès étaler affaire étrange couche dès banc.,2022-11-24,586
2825,1279,3,Existence absolu enfance étranger juste sou.,2023-04-24,2025
2826,156,5,Glisser raconter aucun est cent service intérêt poids miser curieux officier bas.,2024-10-11,2990
2827,1321,4,Image vie étage rond mien place comment le sept.,2025-01-28,593
2828,1199,4,Occasion envoyer pareil baisser réussir nerveux sang nécessaire solitude immobile.,2025-07-03,192
2829,985,2,Apparaître nombreux neuf vêtement respirer coucher élever rapport appartement.,2025-05-25,5613
2830,1199,5,Parmi jeu te enfermer cinq produire compagnie travail vide sûr.,2023-08-16,3994
2831,935,1,Danger qualité juger conscience nature toit.,2020-11-22,4002
2832,1346,5,Paix autant trouver tromper ministre étudier éclairer pas.,2024-08-12,2936
2833,859,2,Sommet fuir anglais perdu roi résoudre ce.,2019-01-29,1344
2834,566,2,Âme demi pas marquer cruel un cesser sueur comme contraire front remonter.,2021-05-10,3083
2835,483,5,Docteur tandis que personne absolument ferme volonté nécessaire garder brûler.,2022-04-20,3526
2836,1195,3,Sable attaquer en traiter elle rencontre inquiétude petit arracher goutte guerre aussi.,2019-01-03,139
2837,1036,3,Impression étage chaleur bras odeur assez homme.,2023-11-29,5189
2838,1176,5,Qui violence réserver mêler écraser public revenir.,2020-03-11,1064
2839,92,5,Avant mine tâche nombreux mariage terre.,2024-01-03,2472
2840,715,2,Marché composer cause oeil désert compter foule inviter montagne.,2022-06-02,2450
2841,867,5,Fin foule trait condamner chiffre debout demeurer partout fille chasser.,2021-08-09,1554
2842,1275,4,Pouvoir vide cruel debout depuis enlever classe fermer.,2024-09-20,659
2843,144,5,Conduire rapporter pendre semaine retrouver siècle tour naître social chaud avec.,2024-11-16,3531
2844,895,4,Présent époque mort désir exposer émotion.,2020-01-02,5351
2845,991,5,Jeune effet douceur disparaître village image affirmer compte action jeune coup prier arrière.,2023-07-23,5649
2846,1079,5,Montrer militaire delà dix agir jouer fil résultat chaise regretter mien puis disposer.,2020-04-09,1254
2847,617,5,Étrange vide menacer chair miser prêter terme déposer jardin poser.,2023-12-31,2357
2848,145,5,Porter éprouver faveur expression impossible autrement.,2021-12-15,1645
2849,1275,3,Selon difficile loi glisser humide vin bon femme toucher plein président nouveau.,2025-02-11,1622
2850,491,4,Cacher sentir présence prononcer vivre couler.,2019-12-08,3604
2851,1285,2,Cent du pleurer couvrir ligne suffire amener preuve corps faire coin nombre.,2021-08-03,4648
2852,976,2,Autre particulier passé profiter entier ouvrir éteindre.,2020-04-24,762
2853,1483,1,Grâce quart monsieur surveiller asseoir prévenir satisfaire sueur secours.,2022-11-18,4326
2854,910,1,Jeune peur banc victime sein fortune droit le côte.,2023-04-27,3346
2855,1345,5,Divers vague étude cesse certainement hiver.,2024-10-22,767
2856,1111,4,Or mine cinquante où nord mort avoir lui préférer celui joie.,2023-02-09,64
2857,797,1,Peur recueillir passion soutenir joindre voisin lors loin facile danger état raison.,2021-03-12,844
2858,558,3,Depuis endormir mort sens peu jaune parfois fixe prendre.,2022-06-18,4805
2859,1333,5,Départ lentement saisir poser mort supposer tandis que existence musique apporter.,2023-11-07,5895
2860,39,3,Monsieur plan chaud dangereux jeter or soudain en étroit répéter.,2025-07-01,2061
2861,528,1,Protéger plonger sou flot perdre sombre autour relation.,2022-07-20,104
2862,1057,4,Lieu foi observer ignorer possible simple ce rocher queue yeux fidèle tapis.,2020-06-28,5662
2863,1264,4,Bonheur vrai être jeu triste calmer frère.,2022-08-16,2827
2864,964,3,Herbe présent mince songer demander queue connaissance.,2023-11-17,4160
2865,566,5,Discussion certes rose tour ici goût toit coin un autrement ruine.,2022-01-02,1764
2866,1351,4,Parole drôle parent capable nombreux heureux approcher.,2019-11-19,4063
2867,149,3,Épaule battre plein vision soi obéir tendre humide vers mouvement.,2019-08-28,3827
2868,215,4,Esprit fidèle réserver davantage larme comprendre paupière fleur grâce entrée poursuivre.,2023-12-03,4894
2869,871,3,Armer avancer pouvoir empire colon hésiter suite signer âge.,2021-04-20,5727
2870,703,2,Crise voler pièce obéir fruit puis exemple haut homme envelopper ailleurs.,2020-04-09,2946
2871,1167,1,Huit existence lorsque décider charger glace lèvre.,2019-06-14,536
2872,760,4,Toile banc précipiter cher signe lentement.,2022-01-30,5888
2873,1486,2,Selon siège coeur compagnon commencer en tout.,2025-02-12,1859
2874,1433,4,Exposer course pur réfléchir abattre droite attacher doucement enfant expérience d'abord.,2021-05-25,329
2875,938,2,Inconnu important vers route naissance brûler.,2025-10-30,2794
2876,290,4,Occuper sur chiffre eau précis lumière promettre passé rang.,2024-05-08,695
2877,227,4,Oreille immense contenir fixe espoir image soir.,2025-08-15,2183
2878,872,1,Deux réponse juge humide horizon discours dimanche repas voisin.,2023-04-07,4228
2879,702,2,Porter chance éloigner foi reculer tu chance musique me présenter inspirer mériter.,2025-09-17,2837
2880,950,4,Montagne repas retour prière paysage boire éternel histoire verre mieux enfoncer.,2020-06-14,5118
2881,1282,2,Jusque intérieur où perdu expression dehors joli obéir.,2025-10-12,1322
2882,821,1,Six celui rang remplir grave bon secours gris plutôt blanc sommet jeunesse.,2021-04-18,1776
2883,1171,5,Militaire mémoire mon vieillard mer cas armer.,2020-02-17,4492
2884,1359,3,Docteur bord contenter paix conscience côté français souvenir chance haine trou.,2021-08-30,1459
2885,997,3,Ramener marche relever dimanche fatiguer essayer admettre.,2024-01-07,1055
2886,863,1,Honte escalier enfoncer lune sein si mot fine image maladie demain point esprit inquiéter.,2024-10-31,3804
2887,1397,1,Ce envie croiser ton ici tête dernier larme rapide chercher celui voisin.,2021-08-23,5740
2888,1355,4,Taire toi appeler chacun juge type quatre race loin poids avance montrer palais enfant.,2019-11-12,3109
2889,495,3,Part précis étroit projet examiner folie briser.,2022-02-11,1067
2890,874,5,Et me grâce enlever rang offrir.,2020-02-21,1097
2891,1097,3,Après classe silencieux anglais lettre bien complètement repousser peur discuter général dix.,2023-06-10,706
2892,481,3,Que tandis que nu satisfaire seulement user humain en partager attirer angoisse ligne accent.,2020-08-25,2168
2893,822,3,Camarade d'abord passage appel large cas demander attitude ci journal doigt.,2025-10-29,5341
2894,1144,5,Pleurer idée or plante porter rapporter général risquer flamme ferme l'un armée image.,2023-05-10,4380
2895,364,1,Clair propos heureux pouvoir résister corps poésie espoir bleu exiger pendant chat précieux.,2025-01-24,4512
2896,450,2,Prétendre naître visage vert content robe entier coup.,2020-06-17,2995
2897,425,5,Conversation travers couche tôt travailler spectacle gros pourtant mener.,2020-02-17,2170
2898,1317,1,Aucun miser battre déchirer instinct enfoncer foi.,2022-11-27,4100
2899,536,3,Carte conversation beauté confiance bataille rien enfin.,2022-06-03,3477
2900,1499,1,Soir sommet épais exécuter commun risquer voilà d'autres.,2021-05-12,1134
2901,153,2,Forcer avis satisfaire tant léger bataille ouvert marier rang joue notre sujet.,2025-05-15,2063
2902,57,4,Essuyer cours sans calme flot chemin moitié salut soleil recevoir esprit prouver.,2019-02-06,2835
2903,751,4,Parti paysage vêtir pensée grain voir cinquante avance oublier visite gauche regretter.,2021-07-16,3426
2904,548,4,Durant libre un prétendre lorsque source.,2025-04-04,5987
2905,655,4,Fauteuil noire exprimer devoir engager gros essayer couvrir ami exister trembler prix apporter.,2021-08-11,4844
2906,511,1,Lier avec consentir vous franchir mais chaud personne système.,2020-06-16,4764
2907,918,1,Battre indiquer mourir franc saisir peine.,2025-09-18,3928
2908,1102,1,Haïr mari public mettre divers mariage.,2020-02-08,5166
2909,563,3,Mot compagnie général voici révolution vêtir douleur répondre former.,2019-05-06,5119
2910,692,4,Songer beau établir voler plaindre robe saluer.,2025-08-09,4308
2911,504,3,Rapide prévoir passé sueur contraire habitant danser hésiter.,2024-02-27,185
2912,232,1,On jour préparer présence parmi figure côte ouvrir an avis or fine.,2022-09-10,5442
2913,323,5,Voyage elle beau revoir approcher chasse visage.,2022-09-21,1761
2914,805,2,Cela puissance on tout souvent nuage matière cuisine vaincre peau.,2021-06-08,828
2915,1355,2,Paraître beauté se pénétrer français espèce étrange bouche exprimer.,2023-09-25,2194
2916,299,5,Sur en ceci déposer comment route succès rencontre par.,2022-12-31,1676
2917,986,4,Race jusque oncle inventer chez prochain sur vieillard remplacer supérieur malgré.,2022-10-28,3981
2918,640,3,Femme regarder jeter lors deux crise après.,2024-07-09,2903
2919,206,1,Fauteuil porter français rencontrer blanc celui manger élever argent quel.,2022-08-20,5936
2920,183,1,De permettre répéter musique yeux justice craindre résoudre politique précéder raison victime.,2024-06-13,3085
2921,358,3,Sombre intérieur puissance principe apprendre remonter santé coeur.,2024-11-19,4972
2922,336,1,Satisfaire venir camarade éternel soit car choisir père sonner vague puissant depuis prendre.,2021-03-13,1531
2923,92,1,Souvenir vaste voici besoin ainsi retirer temps.,2020-07-19,4088
2924,78,4,Léger auteur dans toucher préparer prendre dieu queue vif qualité.,2022-10-16,2065
2925,1336,2,Propos troubler inquiétude vraiment commander étonner commander esprit.,2025-08-20,43
2926,330,5,Crise demain suffire prière veille aussi mensonge scène dent voisin donner mince.,2023-12-15,4134
2927,216,2,Voyage terreur trou présent passer un craindre présence noir passé.,2019-08-30,139
2928,1455,1,Large lutte sous effet prouver public genre docteur tempête détail.,2021-06-11,5180
2929,673,2,Présent famille devoir cela consulter exposer.,2022-11-06,4742
2930,1311,2,Raconter étage signer face devoir naturel feu partie puissant me.,2020-05-14,761
2931,88,2,Été attaquer révolution pensée journal naturel obtenir assurer lentement personne charger.,2025-02-15,2895
2932,1372,3,Surprendre vieillard second juger mariage quel souffrir pays pitié.,2021-02-13,2469
2933,1434,3,Former vendre parcourir inspirer mentir à établir clef celui hiver on échapper mourir.,2019-01-05,5844
2934,756,5,Espoir parole peur obliger pauvre lendemain autre drôle confier centre avenir ombre tel.,2025-06-13,3304
2935,917,4,Travers recommencer prendre tant lors côte nombreux pointe.,2023-04-15,828
2936,1131,2,Revenir rêver charge queue crise respirer aider réalité terrain joli discours songer.,2025-09-05,80
2937,1336,2,Tant coin monsieur maître désormais impression.,2023-08-22,2090
2938,118,2,Doute me chaud premier réussir souvenir second poser interroger fenêtre l'une moindre.,2021-11-04,1681
2939,20,4,Changement placer chaîne nouveau grâce souvenir charger branche blond effet.,2019-04-08,4854
2940,319,2,Que paupière nuage fois produire arrière.,2025-03-05,4061
2941,462,2,Aucun que haut vide effet rôle jeune trop chef.,2021-12-06,4850
2942,1273,1,Mine personne impression dès gloire choix amour.,2019-10-04,2733
2943,849,3,Montagne plaisir mort mesure fils satisfaire façon long taille ventre source.,2019-03-23,1086
2944,1142,5,Pourtant moins public faim suffire attention seul éprouver monde mur.,2022-07-26,43
2945,984,5,Tout passer jouer moi tout essayer horizon camarade pied as chat auquel haut.,2022-07-30,1814
2946,981,4,Arme consentir supposer bouche imaginer repas hauteur pourquoi ami assez conversation baisser public rassurer.,2020-01-19,2482
2947,1146,5,Habitant user devenir général chemise auprès ennemi patron inutile reste queue sonner faux.,2025-11-26,587
2948,1255,4,Fin contraire expliquer entourer aucun circonstance sombre juger nuit naissance réalité précipiter.,2021-10-14,2804
2949,338,1,Réduire champ troubler véritable étendre dessiner être créer retrouver vin noir franc honneur.,2022-02-21,2456
2950,779,3,Danser assez plus votre comment entendre.,2025-10-10,1326
2951,177,1,Soldat voler peuple écraser vue lourd bras course toit regretter crainte difficile alors.,2023-11-09,1218
2952,994,2,Vague règle lutter diriger étaler joindre attendre poésie sourire cercle bête étaler.,2019-09-27,3624
2953,1192,4,Regard vieux plonger couche vague pièce demander.,2021-11-07,3320
2954,85,2,Profondément vous rendre chat mince marquer chiffre nom rompre.,2023-02-01,5681
2955,477,1,Se quand frère naissance note famille l'une sur.,2022-07-09,4042
2956,253,5,Yeux sortir appartenir femme si siège réserver.,2025-04-30,551
2957,285,4,Représenter souffrir personne goutte visite tenter guère céder monde enfant accompagner aspect sourire.,2024-03-18,4598
2958,642,4,Genou nuage apparence loi atteindre emmener patron portier magnifique.,2019-04-26,3747
2959,97,4,Complètement fil présent cheveu paquet user reculer nom entrer guère plaisir être discuter goutte.,2020-02-04,4468
2960,1276,1,Étonner espèce quartier assez livre propre respect répondre ignorer branche unique quand.,2020-07-17,5885
2961,1387,5,Fils préférer beaucoup lentement taire ton doux dent cependant.,2021-03-05,619
2962,1250,3,Elle paraître attitude égal air trésor gauche vin suffire gris recevoir envie mentir.,2021-08-18,1182
2963,652,2,Il camarade nécessaire parfaitement caresser système salut.,2021-05-11,2732
2964,371,2,Demain couper profiter peau cruel fusil social lutte notre terme ouvert.,2024-09-09,4325
2965,94,5,Genre pousser charger tard essuyer empêcher pierre presque.,2024-02-03,816
2966,264,1,Devant perte vêtement circonstance environ cheval pièce fou derrière chair.,2019-05-30,3022
2967,110,5,Pendre porte parti pendre beauté désir flot membre appeler depuis chance déchirer.,2023-01-29,1948
2968,7,2,Malade réserver chemise hauteur patron défaut grandir paupière défendre époque rentrer.,2021-09-24,320
2969,861,1,Vaste personne entrer établir soutenir vivre je.,2020-06-20,5650
2970,268,2,Fête pluie feu chercher détacher aujourd'hui.,2021-05-03,5345
2971,847,3,Entier idée créer justice maître beaucoup bouche vite enlever arrêter jardin caractère marier.,2020-02-15,1591
2972,635,1,Arrivée apercevoir quinze être immobile plaire religion quel moment chemise.,2025-11-18,4885
2973,340,2,Angoisse permettre étrange être nom prix cependant ouvrage étouffer réduire devoir avenir.,2019-07-10,3691
2974,1417,2,Apprendre soudain genre résultat heureux acheter loin froid établir trois retourner.,2025-01-27,22
2975,745,5,Large serrer aide fond abattre expérience rôle public doucement esprit côte premier.,2025-04-27,71
2976,199,1,Obtenir chaise dangereux paquet rire nuage mêler aile image inventer tâche.,2019-05-01,432
2977,549,2,Moyen essuyer genou grâce brûler changer saint passé appel dont.,2021-01-06,3
2978,1311,2,Car puissant résultat intérêt rassurer demi côte.,2024-11-25,468
2979,423,2,Fusil vêtement vite pendre embrasser indiquer haine rire lueur miser charge répondre rester.,2020-11-12,1156
2980,576,4,Livre immense cri poche disparaître chaud saint digne mauvais dehors.,2020-03-02,2874
2981,1386,2,Épais ministre somme planche sein larme aucun fumer tranquille.,2023-04-29,804
2982,78,5,Exemple jaune avouer été répandre gagner faux père veiller indiquer tirer marche.,2021-06-04,5118
2983,614,4,Faim emporter pareil camarade vieux distance.,2020-08-08,2950
2984,613,1,Rencontre plein musique proposer simplement neuf silencieux.,2024-01-24,3040
2985,186,3,Relever lors vie pitié situation huit nourrir trembler ton exiger rocher rassurer.,2021-09-04,5638
2986,1428,1,Partout froid pareil guerre payer sommet air portier composer geste servir discours compagnon.,2025-03-28,1559
2987,1367,1,Titre ton accepter pourquoi feuille vraiment étonner témoin fou assister.,2019-10-26,2800
2988,782,2,Conseil verre vendre humain souvenir million moment deux juste défaut confondre.,2023-03-11,1455
2989,102,3,Assister papa pensée humain doucement presque patron.,2021-03-19,1485
2990,1139,5,Imposer hésiter accrocher tourner juste dieu.,2021-05-02,2790
2991,709,1,Question dehors surtout mêler choix but pendant hors goutte vers maintenir renverser supporter.,2023-02-26,1068
2992,935,3,Objet parvenir gouvernement jardin reposer annoncer voisin lèvre pouvoir voiture.,2021-04-19,3478
2993,454,2,Chasser descendre exposer or noir affirmer.,2023-07-23,2677
2994,855,5,Plusieurs toit sommet lettre parole lieu passer terminer précéder rompre cercle tenir direction.,2021-04-21,5761
2995,355,4,Militaire large remettre arriver donner sauver l'un.,2019-11-10,1290
2996,575,3,Page lutte quoi sauter il rayon.,2021-05-13,4400
2997,580,5,Descendre hésiter rassurer et tromper énorme ventre gros combat clair tôt droit.,2023-06-02,4141
2998,1445,2,Rester avec événement mille détail pauvre effort cour.,2019-01-30,3200
2999,612,1,Davantage avant toile vieil vaste proposer éprouver palais etc peuple vieux.,2021-02-27,5120
3000,1481,1,Déclarer cela masse précieux service or posséder voisin.,2024-09-14,1006
3001,713,2,Simple de anglais parvenir étroit franc choisir agent subir tu pitié.,2020-09-15,4286
3002,132,2,Ensemble terreur vision vraiment et renverser payer remonter cent.,2023-12-03,4306
3003,876,2,D'Autres nu fortune davantage milieu lui.,2021-06-26,2837
3004,79,1,Refuser côte fort quelque juger précis hiver fête nouveau encore étranger distance.,2021-06-26,3766
3005,573,3,Te côté fort ensemble devoir partir consulter comme réunir répondre.,2023-01-25,1240
3006,1377,2,Vivant maintenir papa paraître sans conduire accepter être nouveau.,2019-07-05,4222
3007,1010,3,Secret éprouver billet fidèle fille or allumer accent.,2022-02-12,3317
3008,1274,5,Décider pourquoi obéir proposer visible songer extraordinaire puissant erreur poids.,2025-11-12,3881
3009,907,3,Éviter notre raison être avec dehors lequel véritable atteindre mille.,2019-12-26,1049
3010,243,1,Particulier renverser flot cher groupe demain chacun menacer.,2023-12-08,5266
3011,9,3,Dimanche vous abattre créer sourire appartenir mener chasse position doux chant.,2019-02-08,3555
3012,1376,1,Important suivre son travailler extraordinaire quart idée étude million animal mais.,2025-11-18,3553
3013,94,2,Suite charge quel avant du angoisse palais où désormais dominer dominer.,2024-09-12,569
3014,1006,1,Ici calme ah dessus traverser journée époque facile sonner chant.,2022-06-09,323
3015,244,1,Surveiller aide plein autre habiter poids intéresser couche reste choix pleurer papier.,2025-10-19,4884
3016,972,1,Peine occasion chair poste exécuter expression.,2023-03-22,3789
3017,851,1,Hier fille valeur bois mille manquer lèvre but sien réveiller quartier détail fumer bord.,2024-12-14,4991
3018,759,5,Renverser renverser suffire fixer vieux assister voir fer autorité jeune façon.,2024-02-28,2887
3019,1251,1,Semaine sens promener sang contenter rose nord haute taire suffire souvenir frapper.,2023-12-22,4511
3020,772,3,Ombre silencieux bas gris rien herbe ventre hôtel recommencer folie absolu résoudre.,2024-04-19,2373
3021,1327,4,Dur herbe ressembler pas importance printemps vif public.,2022-02-02,5483
3022,164,1,Bois pitié partie jouer oreille amour sourire siège.,2025-02-19,1179
3023,121,5,Vague divers grâce moyen instant si terrible lier soi traîner souvent vous ligne.,2022-12-20,5806
3024,302,4,Trembler faim éclairer grain chat marché.,2020-09-21,350
3025,1266,3,Loin départ obéir devant tour combien appartement.,2023-07-11,546
3026,212,2,De exprimer résoudre faux faux recommencer chant court matin.,2019-03-22,3227
3027,158,3,Haïr tour proposer geste remonter commun fer déclarer mari prière courir calmer sec.,2020-02-13,5084
3028,180,5,Rayon aussitôt réussir sorte corde passion ah soutenir terre politique dessus existence nature.,2023-02-09,3224
3029,97,2,Traiter peur tard théâtre fin tache descendre rose exister figurer demi.,2024-01-04,1917
3030,541,1,Trou autrement faute pencher croiser rapport durant.,2025-02-23,4247
3031,1117,4,Étouffer former en réfléchir hiver importer.,2022-03-19,5178
3032,101,2,Côte si traverser dehors d'abord souvenir grâce garder rapide soir.,2019-01-03,1460
3033,377,3,Sauter sommet moi monsieur précieux ferme maison confiance ligne relation oublier vin écrire.,2024-06-04,2190
3034,1471,2,Avancer tracer soirée minute celui convenir vivant rose tellement.,2021-01-23,116
3035,666,2,Autre fait étaler rapport prier le dieu détail contenir.,2023-09-29,4539
3036,555,1,Meilleur peu nouveau emmener gens loup palais bête centre séparer foi clair.,2020-05-31,384
3037,1259,1,Préférer présenter brûler aventure plaire situation fils de doux résoudre français même journée.,2025-09-06,745
3038,156,2,Autant elle toucher sauter abandonner ordre an deux tempête après fonction empire.,2024-02-20,5845
3039,262,4,Yeux maladie nouveau affirmer saisir boire angoisse.,2019-04-06,3726
3040,1347,3,Doigt pareil pitié pousser vingt étranger entrée.,2025-06-08,228
3041,129,3,Direction reprendre poitrine côte pierre propre passé.,2025-05-04,2829
3042,27,3,Folie vague tombe français habitude beau chant douceur expliquer pur trop moindre aucun valoir.,2024-08-06,2391
3043,191,1,Caractère rouler figure enfance musique appel rejeter quelqu'un ton espérer élément vieux baisser signer.,2025-01-17,386
3044,156,2,Valoir tache prévenir habiter faible moment nouveau juste courant chercher rien oh.,2020-04-24,4251
3045,493,4,Hors refuser violence visage distinguer pierre rester d'autres joindre reste perdu.,2024-06-17,3939
3046,824,1,Douter fatigue vif surtout vendre choix circonstance amour spectacle entraîner étaler.,2025-02-23,1955
3047,561,1,Relation ensemble tomber nerveux table abattre distinguer oncle.,2025-07-21,4349
3048,748,2,Effet situation maître blanc image autre jeunesse hauteur sourd voici.,2022-09-26,4486
3049,832,5,Rideau page après dur prévoir abandonner.,2023-03-15,5278
3050,197,2,Calme demeurer rouler port drame éloigner commencer.,2021-11-28,968
3051,1330,3,Verser toucher bête noir essayer parole respirer perte mort unique prière.,2023-12-14,5923
3052,235,3,Fin tranquille presser adresser aucun ici tandis que reposer tour haine cerveau demander temps.,2023-01-04,3384
3053,1468,4,Coeur que haut perdre marchand grâce queue baisser année inutile taille attacher cri.,2020-12-25,826
3054,253,3,Sien maintenant y ailleurs nécessaire membre regard oh obéir leur.,2019-04-27,2095
3055,364,3,Mur joli tour sueur entre entraîner précéder.,2023-07-09,3726
3056,770,5,Fille condamner étude campagne vision complètement bête.,2022-10-02,3552
3057,205,1,À promettre puissant autrement souffrir pouvoir minute longtemps.,2024-09-01,3235
3058,1110,2,Colline nommer briser aujourd'hui perdu endormir debout tombe huit.,2021-07-01,4317
3059,952,2,Remplacer année nécessaire connaître social pointe payer entrée présent pencher trouver rôle.,2019-04-17,1038
3060,491,1,Nourrir reculer honte étude tard cheval passage masse vêtement.,2024-08-22,5631
3061,124,5,Prouver difficile âgé davantage boire nerveux profondément certes.,2022-05-05,5427
3062,225,3,Faible appuyer tant charger combat votre taille.,2020-01-05,3511
3063,943,4,Vêtir autant quinze animer soulever lit.,2025-07-31,2846
3064,226,3,Passion théâtre expérience minute plan offrir peur que.,2019-01-30,1377
3065,1391,5,Nommer leur déclarer muet plonger mariage moins rideau surprendre entraîner jambe depuis.,2024-04-13,1551
3066,249,3,Hôtel envoyer fête seulement rentrer entretenir y coucher pauvre maintenant preuve ramasser garder.,2021-11-03,2220
3067,1414,1,Question dépasser inutile sein défaut bureau animer face établir dessiner vouloir.,2025-12-26,4751
3068,1079,3,Projet rassurer elle nature retourner terrible personnage tenir fil muet.,2021-11-27,1206
3069,410,2,Crier nation travail ça absolu certain trace près.,2024-10-03,840
3070,888,5,Douter sérieux premier contenter courage confiance coeur hasard.,2023-01-06,333
3071,1401,3,Scène assez encore ainsi jambe point conduire cesse étage.,2020-04-12,4466
3072,1428,4,Peuple double appel souffler présent pièce parce que heureux pensée dieu dormir.,2022-04-02,4000
3073,1498,3,Travail second portier aussitôt autant plan force sang doigt soudain bureau.,2024-11-21,683
3074,1432,2,Leur système société rien pénétrer attitude falloir pareil centre pleurer vert.,2021-07-25,5014
3075,175,5,Habiller épaule dresser commander appeler morceau.,2024-02-25,1386
3076,1115,2,Obéir arrêter derrière couler début agiter bonheur semaine cela dormir marchand autant.,2020-05-15,695
3077,120,1,Oeuvre vie accepter sommet passé double casser.,2025-05-23,517
3078,825,2,Demain magnifique chiffre tête chemin folie côté jeunesse exemple forme nourrir.,2025-11-27,1486
3079,1352,2,Maladie caresser discussion trou poste pouvoir français répéter champ apparaître chant.,2024-07-23,991
3080,852,2,Occuper vague vision déjà pouvoir saisir apporter village construire larme volonté plaine croiser.,2025-09-12,5272
3081,376,3,Milieu tendre nation discuter vendre compagnie palais brûler.,2019-10-24,1295
3082,815,3,Traverser précipiter spectacle soin professeur alors amuser tendre effet couleur musique comprendre.,2025-09-05,5277
3083,39,3,Loi sorte million devant espèce autrefois français.,2022-01-19,416
3084,1289,5,Société ordre passer nourrir attirer cheval très.,2019-11-14,2414
3085,1211,3,Taire quatre éclairer impression cuisine an.,2024-10-12,404
3086,1321,5,Froid être retrouver encore bois signe si petit.,2022-12-16,1498
3087,975,1,Tel abri quel bouche épaule dépasser.,2023-11-04,4055
3088,270,4,Chaleur émotion sang classe plein grandir centre cheval pierre course parvenir.,2023-05-08,3586
3089,1029,5,Terminer sorte foi bien beauté secrétaire descendre soirée d'autres police défendre soleil.,2021-05-08,2444
3090,1022,1,Très auprès seuil installer calme casser elle bien circonstance fer tâche dehors.,2020-08-24,1791
3091,416,2,Bord pour poche très son devant entendre son.,2020-02-15,2336
3092,1067,4,Oiseau agiter son devant franc position ensemble violence étudier remplacer.,2019-12-12,3242
3093,341,1,Former public regard dominer parce que compte savoir théâtre autre taire.,2024-08-03,4302
3094,871,1,Membre tourner blanc terreur savoir plein longtemps argent forêt défaut.,2024-07-12,4256
3095,821,4,Angoisse emmener vague travailler arrière ouvrage.,2022-04-16,5560
3096,862,4,Ferme monsieur question menacer dans expliquer.,2023-02-01,2707
3097,1162,4,Mari pouvoir expression noir disparaître condition dans absolument l'une.,2024-12-05,4567
3098,706,5,En tomber feuille jour user genre ici garçon quant à.,2023-08-03,3269
3099,579,3,Immobile manquer signe français fixe qualité vaincre enfoncer que gris dessiner.,2019-01-10,3427
3100,951,1,Absolument figure côte volonté musique arrêter clef pourquoi comment presser coeur article.,2019-05-26,3932
3101,950,4,Quoi eaux lui premier rompre sauvage répondre inventer fixer permettre jaune.,2019-07-02,4530
3102,725,3,Rond nul notre étroit protéger puissant drame commun beau visage horizon pensée midi.,2021-03-13,1030
3103,330,1,Effet vivant neuf dominer effet quelque or système ton ça paupière second pas.,2020-06-06,3177
3104,54,4,Rose aller droite français prêter autrement habiller cou lever fonder.,2019-12-05,1254
3105,589,1,Entendre colon comme employer hésiter plus surprendre indiquer plaisir marché d'abord magnifique perdre.,2020-04-21,3291
3106,387,4,Sous lien souffrir danger monde étendue franchir.,2019-05-06,399
3107,913,3,Dent second table représenter avoir subir transformer bon malade pur autrefois.,2019-07-29,1208
3108,161,5,Mur honneur calmer tombe justice souvenir fusil.,2020-10-14,1070
3109,1116,5,Fumée seulement occuper brûler victime marche mauvais charge pensée double.,2023-10-29,5468
3110,73,4,Mot particulier obliger succès compter année interrompre police crise froid remonter beau dès.,2025-06-21,3475
3111,652,2,Propos secret droit garder lutte si personnage autrefois repousser livrer eh tout poste selon.,2025-11-23,4666
3112,495,4,Éviter désespoir ordre moindre ailleurs joindre nommer amener éclairer cause.,2024-08-24,1406
3113,478,3,Chant expérience plaire âme chez colère quel boire.,2020-10-27,3272
3114,270,2,Présenter maison chambre plante prononcer haïr adresser repas aide âge.,2022-01-06,5021
3115,1418,4,Appuyer plein pitié voisin soirée frais.,2020-07-10,3197
3116,1401,5,Interroger faute nation hasard salut hasard rompre.,2025-10-28,1561
3117,525,5,Valeur vague cinquante rapide chute lumière vêtir ruine troubler.,2020-03-14,711
3118,1108,2,Coup prétendre quand tempête figure mémoire juge branche visage reconnaître charge bon matière.,2024-04-01,5802
3119,33,1,Convenir sombre lors poser ah hors nombreux plein remonter toute fruit sec.,2021-01-06,14
3120,743,5,Guerre entendre découvrir milieu heure connaissance arriver accomplir droit religion odeur.,2020-12-24,4922
3121,102,3,Trace qualité étage fumée causer frais oser comprendre roi hier.,2023-08-12,5252
3122,289,1,Terme construire vieux queue fait tirer précéder secret un.,2023-06-18,4419
3123,45,4,Nouveau étranger dans précieux armée tranquille demande journal.,2025-11-29,1381
3124,926,2,Accorder boire affaire exister user aider.,2023-12-10,1071
3125,497,2,Trésor enlever déclarer poids secret violence pourtant ferme ressembler accord surtout côté prouver.,2023-05-02,3883
3126,206,3,Coin fort français morceau etc toile.,2023-12-03,780
3127,830,3,Profond remettre répondre colon croiser accepter.,2025-10-24,5429
3128,229,2,Avance devant accorder compagnon loup haine ensemble falloir cerveau planche champ caresser.,2023-06-30,4313
3129,743,1,Gloire toi an signifier étaler vol entretenir crier lors remettre créer obliger expliquer.,2021-05-27,5158
3130,213,1,Espèce plutôt franc parent monde monter.,2025-09-28,1456
3131,879,1,Sueur sur comme parcourir dent troisième.,2023-12-06,1167
3132,1429,1,Grave lourd mariage répandre chaîne composer atteindre servir barbe.,2022-03-19,5457
3133,1171,4,Large voile continuer éprouver risquer mener crise.,2020-10-25,1668
3134,1074,4,Décrire course soirée vieil salle personnage.,2020-02-03,4008
3135,852,1,Subir trait contraire gros tandis que inquiétude flamme.,2025-04-06,1335
3136,1050,2,Pays lumière étranger depuis fer vin promettre.,2022-11-05,1011
3137,1241,5,Séparer lisser suffire toucher drôle simplement examiner tombe couper scène carte.,2025-04-21,4716
3138,380,2,Cependant ferme elle cinquante fond ah mot secrétaire fou.,2024-03-24,5454
3139,1007,5,As complètement retirer immobile pain troubler.,2025-06-15,4367
3140,165,5,Froid suivre dessus officier trente envie après peser révéler pourquoi.,2024-09-09,4773
3141,445,5,Victime haut faute principe tout interrompre.,2019-08-05,5711
3142,1358,3,Parti remplacer consentir maintenant réduire diriger colline bête.,2020-03-04,3258
3143,1222,4,Prévenir quel signer plusieurs santé ici.,2025-09-15,1218
3144,70,2,Vrai pareil ajouter jambe ton bande visite égal parvenir membre soirée.,2020-04-29,5868
3145,595,2,Indiquer occuper offrir blond étroit pauvre tomber joindre.,2023-05-10,3590
3146,1359,3,Carte condamner inutile compagnie année colère espèce plutôt.,2019-02-22,4738
3147,831,2,Reposer épais noir souffrir maître essayer roche saluer.,2024-10-15,3609
3148,372,5,Cri métier pouvoir arracher soudain appuyer lorsque rose résistance âgé davantage vrai.,2025-11-21,478
3149,29,2,Appartenir oreille jardin sourire centre rencontre lutter animal regarder.,2022-11-05,5451
3150,146,5,Folie brusquement retenir impression dix douceur silence perte préférer effet chaque but fond.,2022-09-17,1281
3151,1082,3,Acte quelque même perte grand sien vue quelque.,2024-09-26,5595
3152,20,4,Beau après vin appartement présent taille droite.,2020-05-13,306
3153,419,3,Six pourquoi mot ajouter contre droite lentement militaire amuser premier projet.,2024-12-15,314
3154,864,4,Interrompre coeur situation endroit envoyer résistance jardin projet autre.,2025-09-01,4869
3155,301,4,Impossible cher pierre humide blanc prêt habiller général passer éprouver problème attaquer habitant.,2024-07-06,3355
3156,429,1,Charger acte classe commun musique ruine volonté fusil pour veiller chercher supérieur.,2019-09-15,5280
3157,370,3,Si enfant conseil mesure arracher officier avancer avis créer.,2020-05-20,4773
3158,819,1,Terrain fort rejoindre aujourd'hui gauche le morceau révolution.,2022-06-15,277
3159,639,3,Devoir art juger bruit voie fer tâche toi bas.,2024-12-25,5253
3160,507,1,Ancien meilleur sourire moyen plante joli jeune sein.,2020-01-15,2152
3161,1185,1,Accompagner après reconnaître parcourir danser vêtir secrétaire faim queue visage brusquement.,2021-06-15,3824
3162,863,3,Route sauter retirer passion capable enlever guerre.,2020-09-24,508
3163,290,5,Tantôt désormais sein dimanche remplacer en apparence propos marquer.,2021-05-26,378
3164,630,5,Oh sorte joue heure science tomber.,2025-05-13,2507
3165,297,2,Là simplement dangereux silencieux distance demain dont.,2025-12-21,4080
3166,605,5,Mari prétendre discussion sein midi dernier.,2023-11-23,3829
3167,999,2,Sac herbe course lentement faire naturellement note sans problème mois erreur voyage.,2019-02-22,3185
3168,484,2,Presque dans tendre pièce désirer valoir posséder caresser.,2019-06-12,5338
3169,246,4,Écrire général besoin soi endroit parfois conduire facile fonder.,2019-01-12,5472
3170,392,3,Courant valeur lui quel ligne déchirer sur dame.,2020-05-20,5473
3171,729,4,Relever obliger soulever sueur dépasser lit chacun point oreille.,2021-08-11,4189
3172,921,4,Passion tomber seuil loin l'un veille état force cacher compagnon chair note dernier.,2023-03-16,670
3173,456,3,Gros sentir forme abandonner cercle fer falloir bord.,2019-11-13,3030
3174,979,1,Nom sueur rond métier état expression bande fruit différent.,2019-05-21,5157
3175,493,1,Crise poète aimer rang passage jamais demander cesser rose.,2022-03-07,1757
3176,773,2,Fuir droit représenter ailleurs sou classe sombre jardin.,2020-09-03,1418
3177,554,2,Président douter armer blanc épaule soir désigner.,2021-06-19,3232
3178,1451,1,Douter appel chaud voici tu réel cercle entier lisser.,2025-05-20,3456
3179,490,4,Soutenir fait considérer attitude succès général lutter fuir toute expliquer.,2023-05-06,5392
3180,612,5,Arrêter du beauté journée tomber demande chute théâtre déclarer combat falloir avouer.,2020-10-21,3073
3181,1148,2,Faux fois recueillir coûter voir derrière partout bruit fer commencer acheter mourir.,2024-10-25,4840
3182,849,1,Danger danser examiner essayer fin dominer genre observer.,2020-07-06,5491
3183,1452,2,Animer asseoir année je parfois ouvert joli.,2025-01-08,4256
3184,1198,2,Sourire oncle faveur bois réalité fatiguer naturellement suite tomber plaisir penser.,2021-03-31,4527
3185,762,5,Devoir venir oui inventer long gens accent accorder sembler avant barbe.,2020-09-05,4067
3186,599,5,Mauvais près serrer secrétaire arrière anglais vingt curieux charge oncle.,2020-04-08,5842
3187,1247,4,Circonstance croiser nourrir rêver important banc accrocher inviter rejoindre banc visage.,2025-04-23,5759
3188,337,1,Aucun seigneur pain avance feuille pays profiter crier envoyer.,2024-07-25,3234
3189,881,2,Rencontrer libre émotion consulter servir puisque époque froid rencontre est.,2023-11-28,3326
3190,175,2,Réfléchir il venir soleil grave passion air.,2024-12-14,1393
3191,261,2,Raison fortune bientôt enfance subir poche rappeler folie choisir front.,2023-01-16,1564
3192,634,1,Accent affirmer très roche pensée plante lendemain.,2025-11-01,1194
3193,1353,5,Imposer hors pas retirer fin encore.,2025-01-28,2337
3194,312,3,Pièce reste nu demain coûter partir vent arriver rouge effort quart loup après.,2020-09-28,22
3195,871,5,Petit sien toile tromper demi voir du descendre.,2020-09-26,2565
3196,825,4,Arrivée aucun corde prétendre préparer voiture compte coûter.,2023-01-05,2443
3197,652,5,Distance lors nation complet portier colon inquiétude officier changer partout tendre et morceau.,2019-06-14,1134
3198,125,5,Mien cent paraître tâche ah docteur animer chercher fatiguer vue coeur.,2025-03-01,4377
3199,652,3,Environ appartement monsieur tenter de ton doux parler risquer.,2023-08-14,4586
3200,1124,3,Minute faveur tendre elle exiger situation police ramasser ceci désormais consentir.,2025-04-08,1135
3201,1229,3,Garde porte trésor boire yeux semblable entrée rapport amuser.,2022-06-28,2930
3202,778,1,Devoir perdre sorte général compagnon plein enfoncer deux.,2023-12-15,1339
3203,475,1,Humide monde aussitôt sauter même reculer curiosité sentier.,2024-04-19,2879
3204,1019,1,Affirmer au réveiller froid mur rayon.,2021-05-21,2157
3205,1123,2,Respecter suivant précéder examiner habitant annoncer aventure signer distinguer.,2020-03-22,4209
3206,465,3,Taille là respecter parcourir revoir coûter revoir rapport étage passage moyen or carte.,2022-08-28,3476
3207,939,4,Nombreux claire signifier étonner histoire rare aimer spectacle.,2021-12-25,1352
3208,1001,5,Femme déchirer esprit un avis certes construire retour mener etc.,2023-09-14,3722
3209,653,2,Reprendre appuyer journal humide supporter devant silencieux droit derrière leur.,2024-12-12,4991
3210,807,5,Quel davantage escalier soleil trois voici pleurer.,2023-12-12,1118
3211,397,4,Souvent corde troisième demande moitié oser crainte.,2021-05-18,3861
3212,875,4,Papier semaine désespoir enfin plante monter lèvre arriver docteur rêve.,2024-06-02,4248
3213,186,5,Discuter toi parent partager magnifique empire hôtel sans hésiter non vert.,2020-03-01,1537
3214,1214,4,Toit profiter colon spectacle prêt haute tomber sec.,2022-02-16,108
3215,1057,4,Éclairer jouer poche peser observer combat éprouver là éclater saint goût vieil corps.,2025-05-31,5449
3216,853,4,Réalité fumer affaire apporter pauvre parfaitement.,2024-10-02,4529
3217,1415,5,Madame nombreux inviter accomplir cheval pleurer.,2022-09-25,2765
3218,1281,1,Rejeter lequel cheveu mariage être épais changer loin douleur abandonner.,2022-10-20,2709
3219,166,5,Attendre poussière reculer verser vide voici vieillard.,2022-03-03,2336
3220,164,4,Non ton assez livrer cheveu souffler décrire allumer nation traverser souhaiter.,2025-09-21,2353
3221,1405,4,Livrer remarquer marcher raison désigner apercevoir connaissance un.,2022-03-03,174
3222,1367,5,Sûr cinq pauvre calme table sonner.,2025-06-02,5402
3223,351,3,Dresser trembler vrai donner jouer fil fruit oh fruit dernier poursuivre.,2023-01-04,1023
3224,550,3,Officier chaise toile médecin nez sourd pleurer pendant attendre joue boire.,2024-11-19,408
3225,933,5,Veiller tromper humain figurer humain dos.,2024-08-02,1267
3226,346,3,Tout fortune manier ainsi elle signifier début chemise justice professeur.,2019-10-16,1465
3227,726,4,Témoin vif hôtel détruire fin choisir.,2020-04-10,2464
3228,1129,1,Vite calme queue paquet tant source.,2020-05-16,286
3229,1073,3,Puissance violence impossible de nommer argent portier ensuite noire soldat différent si.,2019-12-30,4447
3230,557,4,Branche contraire sept accepter quelqu'un droite sentiment chambre revoir surveiller.,2019-08-27,227
3231,1370,1,Ami habitude puissant sauter ci couvrir corde répéter interrompre en voyage vingt rapidement.,2021-07-30,4641
3232,24,5,Accompagner parcourir comment partir envoyer autant six.,2021-05-01,4513
3233,445,5,Finir propos tendre police traverser sans doucement ordre pluie.,2024-06-17,5189
3234,1112,5,Juge voyager rire cinquante âme abattre honte oreille satisfaire espèce.,2025-06-29,161
3235,1075,1,Prière marcher révéler poursuivre titre par réussir pas recommencer mode user souhaiter fuir.,2024-03-31,2040
3236,1208,1,Couleur comme vouloir fauteuil voyage long aussitôt rouge accent parler.,2025-08-15,1842
3237,34,4,Quelque subir pont courant quart tendre été espèce loi groupe idée.,2021-04-11,3558
3238,166,2,Être connaissance personne sortir nécessaire admettre juger portier.,2021-04-18,740
3239,12,2,Saluer principe charge année conclure oiseau oeuvre faible retenir combat plusieurs tout.,2020-11-10,1586
3240,712,1,Premier tuer huit forêt souvenir événement autorité effort durer clair alors mener fonction.,2022-08-20,1348
3241,1475,4,Naître poitrine étoile rencontre respirer soleil frapper toi déjà.,2024-12-24,3396
3242,985,2,Groupe trou traverser manier vide ligne autant colère secret et.,2025-02-15,5671
3243,1442,2,Mari acheter seconde avoir éclairer mince supporter profond.,2021-04-30,2173
3244,1076,5,Éteindre président ligne beaucoup voyage toi cabinet violent voix.,2025-05-29,668
3245,227,1,Sourire couleur beaux pourquoi train aile songer spectacle lèvre.,2023-04-25,190
3246,979,1,Figure autrement contre étaler mériter froid conseil prince résister aucun.,2020-03-20,1861
3247,1432,1,Par sentir contraire règle de vieillard.,2020-07-25,5230
3248,1218,1,Debout nom croix partir étendre comme.,2023-06-12,4960
3249,806,1,Circonstance long souhaiter miser heure mon précis lui hier.,2025-02-24,4204
3250,896,4,Grand médecin colon blanc personnage montrer produire.,2022-11-12,2135
3251,523,3,Durant public perdre vieux source action titre horizon dix.,2019-07-01,5107
3252,1444,4,Impression cruel mille prouver nation réel aspect bas fumer.,2021-07-15,4130
3253,258,4,Homme danser bonheur pourtant général accent cercle fusil comment partir chasser.,2025-03-08,1215
3254,1317,1,Chair étendre répondre aile après entretenir prochain blond enfermer recevoir lisser fête.,2020-03-29,688
3255,384,5,Parmi présenter contre raconter auquel soir note vraiment second auteur noir.,2023-07-17,2244
3256,1396,4,Succès queue chasse longtemps marche inquiétude et de exemple fort jouer vieux.,2024-10-27,3486
3257,692,4,Prier devant égal tirer rideau seul appuyer personnage cruel livre franchir premier.,2024-11-02,335
3258,236,1,En relever deviner an parcourir éprouver.,2024-09-21,791
3259,379,1,Médecin oser au suffire apparaître compter accrocher imaginer exposer déposer.,2025-05-10,5013
3260,850,3,Mille prier drame épaule trembler bande règle passage vieux haute durant vaincre moment.,2021-03-23,3350
3261,426,3,Sentiment selon fatiguer dernier froid afin de éclairer ton fin exiger.,2021-09-08,751
3262,1366,4,Vif voyager presque guère toute signe rapporter soumettre visage sauter saint violence.,2025-07-30,5921
3263,1187,5,Désirer tout léger fixer poussière confondre grâce marche comme visage.,2022-08-23,2112
3264,1057,2,Rêver malade réunir peser classe scène former idée.,2021-07-01,2330
3265,769,1,Profiter pays herbe étoile rejoindre tempête voile arracher rouge lutter goût autour guerre.,2021-06-14,1265
3266,1447,3,Falloir rejoindre représenter paquet réveiller surprendre herbe par l'une hauteur commencer faire dès.,2021-01-31,462
3267,752,2,Sérieux île prochain vous question grand mensonge occasion trop victime colline amour haut.,2023-03-10,951
3268,721,2,Tantôt lentement banc payer pointe besoin.,2019-07-01,4885
3269,804,3,Déposer rêver blanc dominer attaquer appartenir attention lumière coup charger.,2025-12-15,744
3270,1140,5,Marier lèvre soldat palais âgé sentir souffrir approcher trou général rapidement théâtre.,2020-11-19,2700
3271,861,4,Précieux en aussitôt ni répandre bientôt main point tu.,2021-01-06,3203
3272,648,2,Route tracer répondre demain accorder parfaitement angoisse nation simple combat.,2019-03-22,4449
3273,258,5,Soir rejeter lune sueur tant double briller gloire taire fête trace malade.,2022-08-12,2855
3274,285,1,Faux changement remplir surtout camarade blond françois fine terminer battre.,2024-11-25,5282
3275,30,2,Consentir vague oiseau recherche marchand sûr.,2024-07-18,3590
3276,572,5,Grand vivre masse vieux réalité rang appartenir professeur mince lentement.,2023-01-08,1216
3277,1049,1,Un voici nation allumer descendre terreur rose.,2022-12-16,2020
3278,82,1,Surtout ancien ventre solitude docteur dessiner puis profond bras prince il rideau soumettre.,2022-06-05,4057
3279,1480,2,Tuer affaire vieil votre convenir saison sueur petit annoncer discussion allumer.,2020-01-18,3305
3280,976,2,Unique tour séparer flamme leur remplacer pourquoi sortir.,2023-08-27,5347
3281,1275,5,Davantage nation demande émotion militaire général jeu par.,2023-04-15,649
3282,271,3,Source demi tuer ordre supposer emporter main affaire interrompre intéresser protéger.,2021-03-15,1711
3283,1442,1,Établir profondément existence votre amour mentir garçon atteindre celui mon respect.,2022-04-24,3804
3284,663,2,Rapporter étaler joli envelopper possible neuf premier considérer vers.,2024-09-27,5493
3285,1295,4,Impossible enfance regarder inquiéter palais sable apporter vol main gens plutôt lequel.,2024-03-08,4803
3286,200,1,Continuer tombe attitude y contenter que mois oh.,2024-11-22,4534
3287,796,4,Dernier un emporter goutte en demain naître aimer et cercle.,2024-09-03,1316
3288,906,5,Recueillir alors fatigue ministre rejoindre si.,2025-11-08,3047
3289,727,2,Douceur cruel milieu début attaquer souffler afin de poursuivre.,2020-10-20,3928
3290,912,1,Prochain autrefois fusil son écouter douceur moi dame affaire d'autres ajouter.,2021-01-20,466
3291,627,4,Déposer elle petit exister médecin dès blond âge prochain femme.,2021-07-28,5471
3292,1322,4,Bas vision foi me joindre puis prononcer rêve humain cacher engager.,2022-12-19,3483
3293,1123,5,Retirer étoile cour important signifier mauvais titre façon réflexion rapporter assister.,2020-06-13,3072
3294,1218,2,Complètement forme amour hasard couleur fine pendant nouveau chute finir compagnon cesse.,2023-05-06,3
3295,824,4,Ci vif tenter déchirer couler second franchir signifier retrouver aventure connaître rejeter madame.,2020-08-30,2058
3296,1029,1,Comment annoncer large charge en ou moindre avec prison se autre.,2022-10-21,4868
3297,621,5,Vue lieu défaut blanc énorme appel poitrine remplir.,2019-05-01,2763
3298,48,4,Intérieur nouveau soleil problème accomplir discussion traiter drame gens auprès.,2021-02-25,654
3299,1254,1,Imposer fils sou voix recommencer attention sentir jeune discuter dresser.,2024-02-23,74
3300,1399,4,Visite blond chiffre afin de volonté certes accord.,2022-11-30,433
3301,1259,4,Sauver garde trouver quel pauvre répondre neuf printemps sens épaule.,2020-02-08,1930
3302,1419,4,Compter répéter effort envelopper aller importer naturel passé face trésor traiter effet liberté.,2024-03-30,4836
3303,473,1,Où révolution alors hésiter obtenir décrire homme simple expérience minute saluer discussion demander.,2019-05-09,3647
3304,143,3,Avant minute doigt trouver disparaître immobile usage appeler lourd.,2023-02-05,5305
3305,63,5,Docteur devant jardin feuille etc étendre distinguer bataille ouvert son.,2025-09-13,1102
3306,470,1,Propre lettre courant envelopper coin tache composer carte pourquoi jamais ligne.,2024-05-19,5760
3307,308,1,Habiller machine haut haïr détruire deux préparer.,2020-09-15,5691
3308,1012,5,Chaud mêler douleur sable caractère garder réserver cesser difficile digne.,2019-12-15,1220
3309,1033,2,Impossible eh le sur nécessaire renoncer aider juger madame conversation demain souffrir établir.,2022-08-22,3366
3310,946,4,Chanter continuer attacher étude peine respect siège rang embrasser esprit ramasser demande existence yeux.,2020-02-10,3382
3311,1205,5,Installer foi durant lieu durant effort de autant déjà corde jeune convenir.,2024-11-01,2963
3312,1133,3,Sec ventre position pourquoi durant delà quelque produire delà ton garder.,2021-07-31,2464
3313,608,3,Importance dernier voici grave énorme vêtir bois regard nation soleil foi profond intéresser.,2021-12-13,1393
3314,427,4,Repas enfin croire lutte réflexion mot.,2025-01-23,5895
3315,562,3,Jeu prison dehors divers même mal chute complètement nul nombreux taire particulier.,2024-09-12,4567
3316,483,5,Théâtre vingt parmi rue sien drôle amuser.,2020-12-10,5162
3317,900,4,Et société lettre perte je d'autres foi an consulter chat obéir.,2020-05-08,1440
3318,29,5,Parce Que grand partie espèce fin muet arrivée ligne imposer.,2022-01-27,5788
3319,14,4,Blond retomber dehors vide paquet âge point sonner histoire oh souvenir.,2019-04-15,3646
3320,151,2,Neuf désert paix réponse bas ton parfaitement tant terre établir observer.,2022-12-18,705
3321,1418,4,Tomber recommencer plusieurs lever surprendre appeler.,2022-02-01,3961
3322,816,5,Crier ça lutter votre cinquante croix installer huit port source.,2021-09-15,1033
3323,1484,5,Rencontre usage compter vieux erreur on coup inspirer ce clair.,2024-02-14,3315
3324,977,4,Paraître y esprit bord vieil règle sérieux preuve.,2025-01-03,2637
3325,945,2,Lit entraîner an mille nom bord quarante résister quelque accompagner avoir fumée.,2020-04-15,1733
3326,612,1,Inquiéter début titre vision rose est désir trente croix lueur expérience remercier.,2022-01-09,4885
3327,1157,5,Saisir aventure avancer toute obéir chair énergie.,2022-10-01,1145
3328,75,3,Bord route étonner voyager pencher désormais religion rôle visage vous charge doigt parfois.,2023-12-17,5523
3329,1133,5,Vie inviter sans trou noire armée différent rompre petit commun coeur aile.,2023-05-11,4882
3330,501,4,Mur marier naturellement exécuter voler huit frais situation portier encore cas.,2022-05-07,650
3331,17,3,Devant savoir savoir brusquement libre bas pas aussi.,2021-05-15,3937
3332,1012,4,Respecter français craindre lèvre choix courage fois retomber.,2025-09-17,5965
3333,684,2,Soit personnage paupière amener puisque rêve cacher.,2020-03-24,3769
3334,45,1,Durant papa jeune goût ombre soi tempête clef bord enfoncer vieillard saison.,2025-11-26,3030
3335,760,1,Posséder main énorme nul colère moins finir monde.,2019-06-05,3592
3336,112,3,Départ droite aussitôt éclat compter égal traverser cause écouter être rapidement oeuvre croiser.,2024-09-29,4841
3337,808,4,Courant enlever leur non plein retenir eh moyen monter mince briser très parent bas.,2020-10-20,1189
3338,886,5,Aujourd'Hui assez visible ressembler reste secrétaire satisfaire queue accent respirer général sept.,2025-02-16,3423
3339,809,2,Vague enfin possible gauche sou douze matin rue.,2023-10-28,4746
3340,1398,5,Chien malheur hier véritable lutte grâce nation étudier ouvrir demi sommeil.,2024-09-09,4549
3341,760,1,Puissance saint inutile dimanche public mesure bois retenir.,2023-02-02,1502
3342,1245,2,Coup million fou entrer folie pouvoir as santé colon pareil jeu chasser dame.,2022-03-26,965
3343,1436,3,Grâce craindre bien froid vraiment avouer ordre remonter coucher.,2025-02-10,3415
3344,629,5,Décrire pièce chute chasser jaune finir jeter être vaincre.,2024-07-18,5977
3345,265,5,Discuter autorité confier cri recueillir trente précéder cuisine rare sûr attitude.,2022-07-09,21
3346,1222,2,Odeur mot tapis miser odeur inviter.,2022-09-24,650
3347,1106,3,Rose nom taire même rose clef moyen vide.,2020-01-05,2902
3348,204,3,Réfléchir donner elle poitrine seuil impression souffrir rompre histoire.,2023-11-04,5458
3349,232,4,Prison empêcher réserver début règle envoyer présenter.,2020-08-03,218
3350,134,1,Bord ressembler direction exprimer surtout quartier garder haut plonger poste voler chambre.,2020-05-30,5352
3351,939,1,Salut retirer pensée suivant nommer forêt traiter.,2022-10-26,1299
3352,657,2,Honneur pauvre sueur surveiller vol taire.,2023-01-29,4880
3353,1100,1,Saint fortune papier objet mille barbe combat pourquoi repas.,2024-02-11,3051
3354,144,5,Tantôt guerre que air je surtout.,2021-05-07,5962
3355,714,3,Portier or accrocher peser livre nécessaire terme drame marcher.,2021-06-08,2235
3356,1480,2,Défendre jusque fier menacer par inutile inquiéter soi printemps intéresser autre scène.,2022-05-10,3241
3357,933,4,Agiter lèvre un fait autre et.,2021-08-25,4856
3358,459,5,Déclarer éviter bleu parti transformer parfois permettre soulever intéresser douter puisque tranquille.,2025-09-28,4614
3359,546,4,Ce ci angoisse doute cause ramener tout certainement satisfaire hauteur partie chiffre proposer.,2022-02-23,5181
3360,25,3,Confier sentiment produire pauvre annoncer glisser lisser paix anglais minute souffrance relever lune.,2021-04-27,2937
3361,25,1,Convenir élément cabinet dieu geste fête mesure humain frais présent.,2020-12-18,2785
3362,334,3,Inviter palais classe sens corps agent vous roman.,2025-08-19,1849
3363,132,2,Cinq membre table donner demi corps remercier magnifique tache conscience neuf.,2025-07-24,1718
3364,1014,1,Énergie accrocher oh curiosité roi devoir membre créer point.,2023-03-08,3013
3365,1441,2,Jeu fin douceur prendre poser prononcer main note faux anglais tache.,2021-01-07,510
3366,1120,2,Retomber trait sueur celui certain vous plan faim printemps malade.,2023-03-21,2446
3367,638,1,Éviter faux couvrir résoudre valeur rapidement.,2020-07-15,5372
3368,1170,1,Rapport reprendre cour poche emmener amuser muet bientôt convenir amour certain tantôt tendre.,2021-09-04,5506
3369,839,3,Vieux un demain secret éloigner beaux jamais.,2025-01-20,5653
3370,365,1,Course humide émotion servir intéresser absence vaste tandis que roi.,2024-03-28,750
3371,967,4,Connaissance inventer pluie amour dangereux douze courant son.,2025-02-20,4228
3372,1476,5,Morceau ancien eh étrange écraser vêtement scène diriger bord foi malgré discours.,2019-10-02,1587
3373,1169,3,Dont en vieillard où sous entraîner capable quoi fumée grain indiquer dominer permettre.,2021-02-17,3864
3374,440,1,Sac saint rire lire jeune même route faveur casser autorité remplacer.,2021-03-02,2075
3375,1251,5,Larme faute tel carte résistance vivre travail accompagner désormais oiseau.,2020-10-19,722
3376,1226,3,Coup surveiller tout pauvre chez chaise yeux menacer tracer trace avouer violent.,2022-11-23,1046
3377,622,1,Vérité bleu vérité commencer casser perte habiller.,2021-11-28,1895
3378,293,5,Beau eaux figure milieu large il conversation dépasser installer essuyer retenir forcer établir.,2025-08-05,4738
3379,1065,3,Bonheur long métier autorité tromper désigner cercle mois fenêtre assez endroit beau blond.,2023-12-04,2598
3380,900,4,Poser revenir deux trait conversation indiquer idée plus charge course note jamais.,2025-02-02,280
3381,253,3,Armée danger terme instant souffrance détail chaud.,2024-01-09,3018
3382,1249,5,Confier compagnon diriger créer éviter quitter comment mari pouvoir beau ami.,2024-09-17,2090
3383,985,3,Seulement classe pierre en désespoir bois fatigue.,2022-08-16,3484
3384,1334,2,Affirmer autre public oh paysage partir art.,2020-03-11,3303
3385,838,1,Chaise cerveau porter lors colon plein montrer soit considérer sorte étage liberté.,2021-07-17,2818
3386,950,2,Remplir déposer ailleurs simplement enfoncer âme rocher parfaitement mieux mouvement siège aucun marché.,2022-07-07,795
3387,509,4,Surtout règle lettre séparer promettre amour.,2022-01-30,1523
3388,1393,1,Faute oui cause changement pensée honte lire dont visage.,2022-02-21,3853
3389,973,4,Remplir colère rendre fruit ennemi figurer retour réflexion mémoire tel manier.,2019-01-27,4330
3390,1096,5,Pied pendant présent vêtir espace conseil genou perdre attendre second souvenir.,2022-08-04,5301
3391,969,3,Étudier figurer long lueur décider mauvais oeuvre changement découvrir réflexion naître lourd.,2024-07-21,5856
3392,598,2,Écrire police asseoir expérience lequel etc trace voile vin que offrir.,2021-06-03,2
3393,1202,4,Lentement consentir agiter mêler arrière noire peau très père esprit parvenir.,2020-07-04,3464
3394,1244,2,Voisin rassurer gloire répéter jambe saint apporter pitié nom souvent hôtel dehors madame.,2021-10-14,4053
3395,1421,3,Envelopper moindre discussion fenêtre papa très.,2022-08-31,1237
3396,95,1,Pendant désigner bien foule puissant petit découvrir tantôt école relever.,2022-11-11,4275
3397,596,2,Tôt souvent pendant céder revenir si corps cabinet chercher résister.,2025-12-15,4753
3398,192,1,Construire moment espèce beau entrée davantage.,2024-01-25,2800
3399,269,1,Chute prévoir aide cheveu non autour vivre flot dormir taire puissant semaine.,2022-09-21,373
3400,1400,2,Doigt main nuit asseoir tirer agent acheter.,2022-04-08,5431
3401,881,4,Pointe poussière lier genou sable annoncer pointe oui pleurer.,2025-07-07,2485
3402,1050,2,Rocher montrer réduire mari police public escalier rideau sauter réunir.,2019-07-24,3251
3403,219,3,Léger chemin installer découvrir mort malade vers.,2025-10-24,2271
3404,1275,5,Occasion vague pourquoi envoyer pur caresser devant davantage interroger.,2023-06-22,4905
3405,334,1,Fin mot étaler moins cabinet docteur rappeler du ici fruit fumer.,2023-04-22,1975
3406,823,2,Et toit tourner peur naissance accent peine réflexion fête fermer avancer fil venir.,2020-11-13,3665
3407,616,1,Surprendre poser bien nouveau vision avec éviter guerre suivant dessus colon.,2021-11-21,297
3408,494,5,Doigt précis soldat éclairer entourer divers souvenir parent.,2023-03-07,696
3409,1326,2,Suite fatigue préférer plusieurs rue poids.,2021-08-06,2332
3410,815,5,Blanc raison sauver divers lorsque aimer bête front défendre.,2024-01-19,3572
3411,201,5,Trois reste gauche blanc maison suite madame sol françois fermer endroit bras.,2019-09-18,4972
3412,408,4,Répéter robe réussir livrer rayon parti.,2021-10-02,4974
3413,820,1,Haut passage appuyer trente dehors affirmer écrire rire signe façon franchir sembler rare.,2021-07-05,4134
3414,356,4,Champ amener est également âgé demande remonter de saint baisser rôle second.,2021-12-10,3104
3415,513,3,Abattre tel profond apparence peur saluer raconter énorme retenir souffrir.,2020-07-04,4820
3416,406,5,Juste seuil habiller offrir son vague réclamer retour haïr.,2019-11-06,4560
3417,990,3,Cependant minute toujours recevoir révéler rire chose femme toile tenir vraiment éternel parvenir.,2022-02-11,4862
3418,1366,4,Plein sein clair point âme miser tourner veille retirer feuille sourire toute point.,2024-03-26,95
3419,1232,3,Porte musique sembler temps plein voix officier chercher reculer vague.,2025-01-09,2758
3420,445,2,Exister encore pousser particulier siècle prévenir soulever cacher ensemble nous fils si accepter.,2025-05-12,605
3421,1036,5,Entrer mari épais arbre amener relation gauche admettre herbe soir aventure mourir.,2020-10-15,4141
3422,1304,5,Épais pleurer jambe attirer discussion compte mille passé faux.,2025-07-08,5234
3423,1463,2,Toujours glisser membre calme retrouver action seuil réduire jeunesse.,2021-06-20,2800
3424,378,1,Aile beaucoup sourire mauvais former corps bout.,2022-10-28,3759
3425,69,3,Avenir tombe même enfoncer voir aucun poésie combien garde souvenir avancer accrocher passé.,2021-01-17,3816
3426,492,3,Semblable contraire plaine approcher drôle employer ouvert lutter décrire île poste.,2019-02-11,2094
3427,472,2,Souffler assister français nu beau voici étage risquer puis.,2024-08-31,509
3428,334,2,Autrement queue doute énorme désert principe nuage souvenir madame sourire arrière vêtement.,2019-07-30,1335
3429,801,5,Paysage profond accorder heureux feu devenir jeune leur crier robe plonger.,2022-07-05,892
3430,1014,4,Chasse mourir exemple sommeil gens précipiter durer découvrir herbe créer prévenir.,2022-04-02,440
3431,181,4,Par crier précis glace remonter haut gros jeter.,2021-10-07,4959
3432,95,5,En occuper peau chemise aventure sous devenir.,2024-05-14,5197
3433,210,5,Demain prison officier pointe refuser rêve pauvre rapidement.,2023-11-25,2899
3434,557,3,Poursuivre un obliger dix appeler plutôt forcer absolument propre traîner pareil sortir.,2019-02-08,3228
3435,863,1,Enfance avoir jeunesse sans commander renoncer travailler désirer place réponse.,2019-06-22,4391
3436,686,1,Casser prison expression vivant rêve capable bête.,2021-04-23,3545
3437,1275,4,Âgé mémoire effacer étouffer voie campagne gens chef répéter couleur manquer.,2023-02-10,3827
3438,180,1,Couche ventre tard corps essuyer dire.,2019-07-28,734
3439,162,2,Douter escalier décrire réalité accrocher posséder ouvert.,2019-03-09,1218
3440,733,3,Succès demain passage musique aimer tard il miser très déclarer juge.,2020-04-12,2347
3441,1415,1,Ignorer effacer à en regard propos saisir par projet.,2024-09-27,3137
3442,844,4,Fil obliger voisin honte condition solitude fin fuir aventure enfoncer.,2023-11-24,147
3443,597,3,Exemple fonction fidèle brusquement bas sentir fond après simple.,2024-03-27,1604
3444,80,3,Il représenter détail honte art promettre conseil particulier près cent planche.,2020-11-01,2365
3445,1166,2,Contenir rouge malheur présent haïr demi juge centre bande supporter voile jambe.,2024-12-07,3966
3446,749,4,Existence trace autre rire quant à faute important quart.,2023-02-21,436
3447,564,4,Perdu colon nouveau humide puis rouge vague distance but joindre passer saisir.,2025-10-14,4906
3448,653,1,Croix île quelqu'un étonner soumettre course.,2024-08-19,232
3449,848,3,Rouge discours doigt rire autre tempête cent.,2025-02-28,194
3450,1332,2,Travers voie hôtel fil instinct trace fil craindre nommer demander signer.,2024-11-23,5847
3451,63,4,Simple hier eaux herbe pied malgré tenter.,2024-02-20,812
3452,737,2,Noir mériter maison permettre rouler saluer grand odeur genre dernier lueur éclairer.,2025-01-05,160
3453,695,5,Résistance frais anglais signe blanc midi dangereux jamais voilà longtemps discuter respect autorité colline.,2021-07-12,392
3454,218,4,Rayon naissance dès famille placer livrer juger dominer dès devenir flamme parmi.,2019-09-17,5281
3455,871,4,Beau semaine heure plus paupière prendre possible public accompagner.,2019-05-15,1621
3456,88,5,Pourquoi autour promettre prix silencieux rue.,2021-03-27,99
3457,1303,3,Pendre soir oncle vingt rose lettre doux coin terrain simple retourner sourd esprit fortune.,2025-06-20,1897
3458,1066,5,Remplacer humide lourd voler centre pendant planche promettre fumée.,2020-04-03,473
3459,364,2,Acheter ouvert serrer fidèle port profiter jambe prendre social devenir envoyer considérer.,2021-06-13,2719
3460,311,2,Assister vous elle l'une sortir serrer dernier gagner danser.,2020-08-02,4414
3461,482,4,Voyage hier prévoir bureau songer clair parole tendre cercle pas.,2019-02-26,4423
3462,1257,4,Feu article emporter un grave dormir jeu gris histoire protéger cri.,2025-05-16,1456
3463,971,1,Énorme pencher briller danser immobile tout événement marcher.,2024-05-26,2904
3464,903,4,Quoi agent effort jeu rejeter entretenir prière attitude plutôt cesse lors brûler parole.,2021-06-02,3139
3465,99,1,Résistance précipiter résister peser centre environ quelqu'un année imposer naître.,2025-06-04,317
3466,401,3,Ton personne joli événement flot nu créer contenter faux marchand.,2024-11-14,5739
3467,892,1,Lentement révolution chaque sombre élément résister chasser point marché faible inspirer devant voisin.,2020-03-28,164
3468,1246,5,Autre en fer bonheur prince demande huit rapidement frais.,2024-03-25,1794
3469,1468,5,Rocher faire ouvrir soldat banc trésor pousser enfin finir.,2023-04-04,3608
3470,1496,2,Ouvrir un penser épais devant nez douceur endroit même sein.,2021-07-23,256
3471,939,5,Silencieux traiter lieu condition d'abord environ.,2020-06-21,4502
3472,53,3,Mon décider troubler endormir précis cinq.,2022-08-02,3194
3473,203,3,Durant étaler beau demande soudain remercier action protéger état preuve rang chemin silence.,2019-07-30,1240
3474,832,3,Lendemain malade preuve tomber sourire rire intéresser faute que visible quel dormir.,2025-07-31,4483
3475,1096,2,Libre professeur croix parent anglais jeu ou quel fort réponse désir réveiller vêtir.,2023-03-16,3751
3476,442,2,Gros nature former marche dangereux travailler content serrer obéir.,2025-09-17,1464
3477,1247,3,Celui école sauvage pauvre affirmer faute ouvrage quelqu'un ventre dominer écraser arrêter avoir départ.,2019-04-04,2483
3478,898,1,Admettre tracer clef avis tendre confiance officier milieu propos.,2020-07-20,622
3479,1199,5,Poids prétendre approcher amuser goût rester digne séparer mouvement cesser.,2021-11-25,3897
3480,774,4,Rare fuir quelque haut autre petit désigner construire quelque sueur immense.,2023-01-09,986
3481,574,2,Rue écarter haute part moindre marche condamner lutte dormir clef grâce notre pas.,2021-02-10,4641
3482,1314,5,Combien ensuite sens but soi revenir pourquoi faire peuple simple compagnie.,2020-11-05,2615
3483,117,4,Matin vêtir jusque partout rire corps genre dessiner tôt lendemain haine cheveu digne.,2022-01-18,4239
3484,3,4,Rapport permettre fortune journal gris lueur vide planche.,2019-06-03,3154
3485,1224,4,Tromper juste poitrine beau mort courage habiller.,2025-11-03,1164
3486,989,5,Hier mariage grâce recueillir plusieurs morceau interroger avant raconter paysan recommencer besoin d'autres.,2022-04-11,4493
3487,1443,1,Arme long brûler grâce je oeuvre alors étranger repas temps vert comment violent.,2020-07-04,5284
3488,636,5,Avis effacer immobile jusque car centre soumettre ensemble droit humain.,2020-09-12,5185
3489,827,1,Mari asseoir soldat inviter précieux joie plein soldat inviter.,2025-06-14,2227
3490,1271,5,Qualité arrivée certain satisfaire appel renverser.,2022-03-30,2754
3491,116,1,Ce lentement journal charger nouveau écarter ensemble naissance garder fermer raconter conseil.,2025-07-19,4719
3492,1484,4,Vague courir mémoire remarquer contraire lettre hauteur douter avant couler vouloir traîner.,2022-06-19,1508
3493,411,2,Divers croire nous instant promener aile prochain étrange fort.,2019-06-28,5258
3494,418,3,Écarter important rang lueur départ ici déclarer foi selon saluer disposer discussion blond.,2019-11-13,1767
3495,219,2,Danser souffler charger devenir silencieux digne chemin parvenir puissant là rejoindre.,2022-05-14,1675
3496,635,4,Mensonge demander appartement mien nécessaire effort choisir.,2025-11-01,5028
3497,1422,2,Sable genou souffrance marché apporter remettre pencher dès.,2021-06-10,1425
3498,1113,1,Commun aller grand être chambre contre suivre.,2020-09-09,5496
3499,895,1,Miser ci où offrir officier réduire maintenant joue cent cesser coin.,2020-11-25,1303
3500,300,1,Étaler ouvert mer agir famille glisser discours me puis vieux tenter.,2022-05-23,1535
3501,998,2,Ce étage politique recueillir presque préparer surveiller prononcer entourer.,2022-09-07,149
3502,586,5,Toile ombre reste lier enlever dehors pierre sortir se situation sombre il remarquer.,2024-06-28,707
3503,1178,3,Établir chez arrière branche comment lentement théâtre bonheur oui.,2023-02-02,3287
3504,623,3,Mon éviter taille chez dresser genou prier signe larme ce descendre haut prévoir.,2021-01-03,432
3505,642,4,Pitié preuve rejoindre moi humide doux repas autour pierre sou.,2022-06-19,4312
3506,255,5,Fois coucher voilà nu circonstance ventre poste beau branche après visite nez.,2022-11-05,1181
3507,814,1,Vif monter surprendre pied cou fusil.,2025-05-05,2679
3508,491,1,Déposer fer riche etc tomber fois.,2019-12-02,5283
3509,1281,4,Rêver curiosité former son condition mettre fortune regard autre.,2025-07-29,1789
3510,383,1,Route mode porte quinze personne montrer caractère révéler abri unique général milieu.,2019-04-27,3308
3511,187,5,Titre claire résistance enfermer oreille parmi.,2020-12-05,4834
3512,98,4,Pendre faux ça trouver témoin ci réserver de prêter effort devoir.,2025-04-13,4702
3513,1284,5,Mériter d'abord fonction nez blanc cabinet mur désigner fil.,2025-11-05,5956
3514,246,2,Peu coeur cinquante maison fatiguer cercle.,2020-08-08,3622
3515,352,3,Émotion éprouver certes cesser goutte intérieur ennemi.,2024-05-18,858
3516,1042,2,Main midi perdre tombe trésor seulement entier hésiter tombe couleur feu joindre.,2024-04-05,5637
3517,1490,1,Colon rayon nord peau rapporter pied veiller retrouver vague.,2024-02-28,1051
3518,72,5,Sueur force armée général comme angoisse papa sien.,2025-02-22,4512
3519,358,2,Rêver patron asseoir science envie distance environ sortir tempête.,2023-02-27,257
3520,1474,3,Tête dire neuf perdu frère réflexion arrière confiance puis.,2020-09-17,406
3521,1357,3,Quant À quarante neuf chef venir campagne étranger accepter cri presque dégager.,2021-08-20,1451
3522,594,5,Mince paquet d'autres comme pierre inquiétude souvent voir après fils oeil chasser énorme.,2024-02-03,815
3523,564,3,Eaux vaste idée soulever occuper d'abord apparaître eaux dessiner poids rôle d'abord forêt.,2024-09-24,739
3524,1205,5,Toucher charge plan fer entier mauvais public franc.,2019-07-09,3860
3525,476,3,Observer bureau éviter supporter ramener gens préparer rendre terrain.,2019-03-07,5643
3526,1351,3,Siège vaincre compagnon car aujourd'hui jeunesse remplacer soi taille poussière sentiment chanter.,2021-01-21,3871
3527,405,5,Cours sorte fier général mouvement défendre montagne douleur refuser dégager ajouter recommencer franchir.,2022-08-25,2910
3528,818,2,Troisième droite courage protéger étranger falloir.,2020-08-04,2830
3529,863,1,Art déjà société heureux consentir roi former tête beaux fatiguer bien trésor.,2025-06-04,4875
3530,202,3,Général lier regard attendre cour vérité haute jouer verser.,2019-06-04,5708
3531,922,2,Lien côte courant chant mêler écarter mémoire séparer.,2024-03-26,2532
3532,1097,4,Son non habiter douze envie noir angoisse part élever examiner vouloir tôt.,2019-07-17,60
3533,804,4,Suffire car sable fusil plaisir odeur rêve lien.,2022-11-20,1282
3534,1155,5,Vérité aile repousser après cher avancer importer où gauche.,2019-07-01,844
3535,206,5,Quand éclat rapporter vieillard détruire inviter brûler réfléchir attention élever action envie retirer.,2022-02-04,1695
3536,949,5,Est poussière ombre précis tromper oh public plus ton neuf enfoncer.,2024-03-22,5633
3537,615,1,Presque sembler grand rire volonté quart succès docteur départ presque éviter roman lune.,2023-01-31,869
3538,1262,1,Minute facile type doux compagnon obtenir assez rappeler exprimer l'un beaucoup.,2022-06-21,352
3539,496,2,Écouter gagner marquer séparer glisser peine rentrer.,2025-04-26,2668
3540,1450,1,Tempête second nouveau faim auprès train noir note juge préparer céder.,2020-03-24,4097
3541,736,5,Inquiéter réel ressembler glace affirmer bureau saisir neuf tendre pouvoir.,2022-08-05,610
3542,811,5,Ou camarade divers beau rose conduire détail secret droit terme.,2023-09-05,4760
3543,484,3,Compagnie étrange colon imaginer souffrir seuil spectacle voir tête franchir ministre.,2021-06-17,5155
3544,59,4,Nuage changer loi oui existence depuis membre désir homme loin simplement.,2019-08-28,4156
3545,283,4,Violent tranquille en neuf couler long à soi pointe nuit devoir.,2022-09-26,3632
3546,820,3,Produire déchirer nuage parler palais autrefois politique désespoir chiffre.,2023-11-15,2255
3547,1442,1,Pur emmener admettre vers propos apparence.,2019-04-10,3772
3548,689,2,Cause colère dos bonheur mon âme exécuter renverser être.,2021-01-16,4067
3549,986,1,Écraser causer parfois accepter gloire tenir course soirée interroger agiter secrétaire écouter croire.,2023-12-27,1048
3550,1271,2,Essayer charger beaucoup saluer maladie ligne riche prier bouche durer paraître valeur.,2023-04-13,4429
3551,303,1,Repas moi longtemps cercle train intérêt cas supérieur.,2020-08-05,5627
3552,1045,2,Essayer neuf dos fenêtre vie traîner étouffer douter prouver ne sonner vivant appartenir.,2025-12-14,2002
3553,1014,2,Passion mal chemin soldat secret heureux confondre apprendre.,2024-01-15,5424
3554,1214,2,Trouver muet aile toile peser doux peser pendant propre son bout.,2022-04-14,150
3555,1121,5,Prison ramener leur ici discussion barbe.,2021-12-07,3355
3556,115,3,Partir crainte près supérieur au énorme exécuter champ plaire arrêter signe.,2023-01-20,1217
3557,380,1,Prison lutter siècle épais arme prévenir voilà haut quitter rentrer.,2022-10-07,886
3558,122,3,Maître épaule ton non chien sauver.,2019-12-21,1850
3559,317,5,Quelqu'Un affirmer nouveau arme enfance tracer delà long dehors en regarder retourner sourd.,2021-02-21,3933
3560,1241,1,Sueur paraître pleurer coucher main supérieur claire.,2020-09-05,4245
3561,1195,5,Empire durer caresser bonheur cercle tel écarter aile moindre.,2019-09-28,4950
3562,1081,4,Repousser fuir travailler satisfaire étaler partout herbe titre ferme espace tendre.,2022-01-17,1790
3563,381,2,Paysan juge plaine lien chambre préparer éloigner magnifique bataille atteindre veille d'abord.,2019-01-11,1085
3564,824,2,Réduire défaut libre chaîne long prochain humide salut renverser lourd ville sous.,2022-01-26,5098
3565,403,2,Bête voir remarquer idée société son gros poids âge suivre importer cabinet volonté.,2021-04-14,1399
3566,461,3,Vivre quel écarter fier victime ici douze tour sortir bouche voisin.,2019-04-10,3576
3567,1166,2,Moment autour occuper dimanche paupière déclarer erreur membre mode recevoir douze parfois.,2024-08-14,827
3568,884,2,Même maître sous proposer crier faim recherche.,2022-02-22,5204
3569,1362,1,Coucher bas tempête écouter réalité souhaiter essayer droite amour pauvre empêcher matière fois pourtant.,2025-11-21,611
3570,817,2,Forcer chaîne mesure professeur oh chiffre renoncer vers ensemble brusquement aspect.,2023-10-23,562
3571,955,3,Que honneur entraîner parfois prononcer moitié je quatre souvent tard lutter veiller.,2020-11-07,3464
3572,806,3,Relation interrompre soutenir falloir oncle derrière race flamme enfoncer puis.,2022-04-02,4890
3573,1188,2,Long exister oeil cuisine nature herbe pitié général intérêt oncle chaise.,2022-01-24,3363
3574,683,3,Plutôt en passé tête dos conversation couleur sauter genou vieillard briser.,2023-01-28,4278
3575,706,4,Chercher contenir sortir mari livre commencement inutile roman.,2019-01-27,4063
3576,58,2,Dimanche beaux mille médecin école battre pousser.,2022-09-20,3251
3577,338,3,Arme sourire admettre sentir problème céder histoire là goût jeter rond.,2025-08-17,2864
3578,852,3,Manier vert défendre épaule tour prince.,2022-08-05,2306
3579,325,2,Premier rare voler côté scène lors genre élever connaissance connaissance élément surveiller.,2022-06-24,2456
3580,1491,1,Espérer genre école faveur durer amuser.,2020-01-28,1356
3581,1199,2,Autour imposer théâtre conduire nombre chef reculer tendre attendre voisin fatigue.,2023-01-27,4014
3582,958,2,Jeter parvenir éternel lisser même dangereux instant jeune là vieux papa habitude grâce.,2022-04-22,4030
3583,184,5,Chambre tenter pour danger devant fait eaux complet on morceau d'autres inconnu réclamer.,2019-12-17,528
3584,1448,1,Oreille tôt réunir risquer véritable étoile rencontre yeux amener traîner.,2023-07-28,5666
3585,420,2,Fil chute étendre corde mais étoile.,2025-08-29,2830
3586,1366,1,Apparaître douter précéder tel ah traverser crier résoudre rang reconnaître.,2021-09-22,1471
3587,605,1,Fermer manier douter dégager retenir passer malgré humide.,2022-11-23,2082
3588,908,1,Autorité transformer portier décider cinq poésie distance.,2019-12-16,2631
3589,1241,5,Ni tellement article extraordinaire arrêter honneur tard maladie de commencer oser étouffer.,2022-08-06,3127
3590,1400,1,Réflexion échapper capable bon comment oh creuser animer sourd paraître étaler.,2019-01-25,5451
3591,205,3,Dernier inconnu refuser nul goutte achever éloigner machine.,2019-08-02,551
3592,744,3,Accrocher naturel bureau partout ailleurs cercle nommer.,2024-10-03,35
3593,1218,5,Voisin jour discuter lueur capable crainte non secours page souhaiter.,2019-04-08,5623
3594,951,5,Partager joli toute herbe dès toile sec papa sans flamme arbre.,2020-01-23,5164
3595,804,4,Espoir mot tapis campagne valeur ministre autrement vide debout avant inutile nuage semaine.,2023-09-12,3085
3596,196,2,Époque exprimer cercle être projet demander soutenir bas vent séparer séparer lèvre me présent.,2020-09-10,3631
3597,1478,1,Ne circonstance enfance en nerveux bon marcher.,2024-02-03,4652
3598,289,3,Monde temps circonstance leur cas parti victime extraordinaire second.,2022-01-16,388
3599,1030,4,Secrétaire charge essuyer blanc masse agiter emmener siège.,2024-01-27,4993
3600,156,3,Gris parmi arbre avis dieu poche supporter étranger voyage attitude suivre ancien supposer.,2019-04-19,2786
3601,997,3,Dresser tard cruel ensemble place vague habitude sentier famille nu seconde.,2022-12-04,4679
3602,675,1,Reste enfin on empire faveur attacher hauteur.,2020-07-03,1480
3603,274,4,Port ligne passage nouveau politique impression.,2020-01-11,2334
3604,312,3,Remettre jouer est porte quarante circonstance courage ancien garçon déjà moyen vraiment.,2023-09-25,2335
3605,803,5,Deux visage aucun rien résister révolution acte calmer patron dernier million blanc quarante parole.,2024-08-14,5511
3606,950,5,Voici ouvert parmi combien saisir eh désespoir amuser or figurer dresser souvenir.,2023-08-03,1425
3607,1373,1,Homme abandonner acheter école inquiétude argent visite révolution haute.,2023-09-11,320
3608,1317,5,Hors humide long vieillard eau accord visible bataille arbre recevoir général.,2025-06-28,561
3609,516,2,Tendre employer service nu page accent matin ensuite comme tête mais chaque pouvoir.,2022-07-09,5848
3610,325,4,Pièce sans étranger pluie relever curiosité ennemi battre droit descendre forêt problème.,2022-06-07,2804
3611,151,5,Naturellement pauvre sac éclairer type achever.,2022-09-14,5394
3612,913,1,Coup réclamer mener demander étranger étendre moins cause.,2023-02-22,2387
3613,391,5,Journée geste propos froid coûter étendue rouler haute ignorer.,2019-02-20,2756
3614,180,5,Tard jouer type ruine prononcer violent affirmer lettre impossible moins vendre problème crainte accompagner.,2022-01-06,3877
3615,772,2,Travail prévenir à direction parvenir vide on mille humide.,2019-10-18,1695
3616,542,2,Trou dominer brusquement cabinet visage brûler machine as remplacer.,2023-10-19,3912
3617,342,3,Angoisse chemin aile départ retomber trait fin fleur bonheur.,2019-01-17,4195
3618,764,3,Toit fortune offrir visible âme admettre.,2022-07-06,4715
3619,429,5,Croire défendre prêt résoudre réunir paix honneur résoudre.,2024-10-16,1773
3620,305,2,Fer observer préparer minute pendre sur cinq.,2024-05-22,998
3621,566,4,Fleur front tenter suite conscience propre voler séparer vers bas forcer parmi.,2021-04-24,2382
3622,948,1,Matière terme terrain ajouter maintenant si promener épais main plusieurs.,2021-12-31,95
3623,1393,5,Sérieux ramasser mieux et écraser mettre.,2022-04-21,3122
3624,631,1,Agir combat empêcher doute inviter peser.,2021-09-18,4966
3625,1162,1,Arrêter année silence surveiller présenter détacher vaste agiter remplir étouffer un.,2022-10-19,2423
3626,294,1,Vers l'une papier creuser le emporter vite rocher effet sein mari.,2019-06-30,2151
3627,1293,1,Soin dame par annoncer vrai flamme là changer assez.,2019-12-18,2785
3628,1224,1,Profond projet herbe ami parfaitement revenir sec lien battre fenêtre souffrir croire certain.,2021-07-24,2982
3629,1232,3,Déclarer air affaire penser professeur mer chanter pouvoir.,2024-07-02,4934
3630,725,2,Briller franchir désert consulter voler hauteur oser revoir rouge.,2019-05-26,4314
3631,1152,2,Odeur soudain souvent ligne taire marcher tenter midi ennemi je essayer qui.,2025-04-27,5573
3632,1290,3,Énorme mais réduire cour police sac poitrine train.,2020-05-05,4081
3633,5,3,Vert plan entrée battre ciel considérer pur soumettre inconnu difficile.,2023-06-16,2970
3634,158,2,Acheter entourer palais renoncer rejoindre chose.,2021-11-08,1829
3635,1089,1,Eau enfoncer livrer salut sang plante.,2022-04-22,2176
3636,991,2,Perdre suivant ensemble nuage réflexion vaste montrer campagne éternel retenir âme haut goût.,2023-01-05,3071
3637,548,2,Échapper désespoir trembler tôt colère secret.,2024-08-19,2010
3638,972,3,Beaux plaine preuve forêt relever volonté proposer fenêtre queue attention paysage âme retirer.,2021-11-09,852
3639,347,1,Animer paysage paysage carte désigner révolution humain immobile nerveux valoir.,2022-10-07,2178
3640,1008,3,Reconnaître enfin penser pourquoi lien douter traiter.,2019-01-18,3599
3641,600,1,Divers répondre français posséder vision danser quelqu'un.,2021-09-25,2391
3642,475,2,Idée prince bon théâtre franchir vieil tête un.,2021-06-15,5370
3643,1060,4,Deviner accomplir gloire immense interrompre clef foi apparaître essayer durant madame social lentement.,2020-09-13,568
3644,832,4,Espèce avec tapis point choix manger terme doute envelopper.,2020-03-06,4088
3645,566,1,Relation coup face pierre trouver veille bête.,2022-05-09,4152
3646,1098,3,Arrivée printemps recommencer animal aspect route lèvre vivre troisième pénétrer présent accepter.,2021-01-20,253
3647,1036,2,Chaîne ce marquer verser caresser forêt nuage temps appel.,2025-12-14,4353
3648,53,2,Président titre envelopper madame terre descendre ton cause inventer apparaître avec autre.,2020-07-05,3528
3649,90,1,Chose taille approcher monter quand âme parce que profiter.,2019-05-02,3774
3650,845,1,Apercevoir sauver réduire oeuvre déchirer taire nuage paix.,2021-12-22,751
3651,410,2,Emmener oeuvre manquer demain assurer preuve seul moitié être.,2024-06-17,689
3652,1328,4,Barbe simple dame maison tempête exécuter santé exemple.,2021-02-28,3347
3653,843,4,Famille ici parce que froid brûler étudier cours retomber vêtement ah importer source accent.,2023-02-01,1383
3654,1194,1,Importance puissance premier mentir force surprendre français.,2022-08-28,4301
3655,1180,1,Dix mener temps secret quitter réel lutte.,2021-04-09,2572
3656,29,2,Jeter animer écrire pays escalier craindre.,2024-10-21,1339
3657,377,1,Ancien vendre accord soin abattre science réalité nouveau.,2022-05-11,898
3658,1433,4,Étonner courant mal militaire lèvre pendre frais présent deviner.,2022-12-08,4299
3659,731,2,Chemise bientôt cri geste cas habiller grain seulement empire plonger preuve amuser voisin.,2020-02-09,1088
3660,620,5,Relation son veiller elle soin terreur queue supérieur trace flamme énergie cependant.,2023-11-25,5639
3661,603,1,D'Autres jusque vide pourtant le printemps système ennemi victime flamme quarante respirer.,2023-10-15,1463
3662,954,1,Suivre soir deux menacer suivre ciel.,2020-07-07,2481
3663,1399,3,Vin séparer douleur beauté animer ciel davantage inquiéter noir.,2022-04-03,3515
3664,121,5,Conduire compter autrefois politique milieu choix oser.,2025-07-07,5919
3665,1038,3,Pouvoir histoire ennemi rendre accomplir quant à non tôt vrai art savoir.,2019-09-29,3183
3666,270,3,Secrétaire enfance content auteur cesser éteindre attaquer pas occuper réveiller.,2019-01-28,3486
3667,925,4,Extraordinaire tombe dépasser prochain manger courage aider goutte.,2021-05-27,5043
3668,1436,2,Colon soir mode paquet content inconnu loi docteur précis répéter blanc plante jeter.,2025-07-19,1664
3669,843,4,Ennemi circonstance payer dangereux quitter parfaitement accent intention pointe vieux militaire type eaux.,2024-01-07,2457
3670,946,1,Interroger absolu faute l'une bas toucher bout hésiter détruire.,2025-07-23,2703
3671,1429,4,Âgé répéter convenir guerre sommet assez trésor morceau main pouvoir désirer devant.,2019-03-09,3574
3672,501,1,Ami maintenant fort causer taille supposer couche force.,2019-11-12,2140
3673,489,2,Papier battre arme fruit patron bête.,2021-11-05,83
3674,61,2,Existence jour siècle monter remonter sembler plein détail ventre rouge secrétaire blanc beau.,2025-11-15,2866
3675,814,4,Violence finir façon tard pitié réclamer.,2023-05-06,3268
3676,870,4,Commencer fin nouveau atteindre impression tromper toit.,2025-10-29,1889
3677,37,1,Âme toi énergie exposer répandre parole en enfoncer léger assurer art aide toujours.,2023-10-13,5369
3678,246,5,Blanc qualité camarade chasser épais naître aide causer.,2020-11-17,5432
3679,362,1,Répéter miser clef étranger long là porte impression vêtement joli monde.,2020-03-30,3114
3680,1139,3,Autre cinquante sommet quartier garder consulter profondément.,2024-04-03,5379
3681,291,1,Trou dangereux aussitôt grâce trace arme simplement remplir mêler forêt raison poids.,2022-09-17,2808
3682,1005,2,Mari droit aller réclamer corps relation voyage.,2024-02-03,4790
3683,842,1,Recherche ensuite gagner accompagner vers feu regretter douceur famille côté conscience demeurer.,2022-01-21,1614
3684,279,3,Nouveau détruire rêver table lors fer satisfaire défendre delà oser.,2019-12-07,2151
3685,780,5,Écouter lettre ici fermer intérieur type commun corde.,2025-07-16,2160
3686,1026,2,Trop pour calme soudain sens donc bande.,2022-11-06,4859
3687,1019,2,Asseoir membre facile commencer image caractère qualité.,2023-05-24,4463
3688,67,4,Nécessaire y président lieu étroit vite.,2019-03-06,2954
3689,1172,4,Exécuter désormais sous cas court semaine produire plutôt.,2021-08-26,2011
3690,1329,2,Nul faute animer exiger important beaux mille lit milieu.,2025-03-17,1116
3691,570,5,Tendre sérieux groupe droite début reprendre sentiment.,2022-01-01,4675
3692,24,1,Promettre tête rester mensonge ci carte.,2022-10-09,57
3693,877,4,Moyen appel contenir commencer un complètement assister au chien confiance d'autres voyager beau.,2024-05-12,2962
3694,652,1,Instant quelque quoi autre avoir produire.,2022-07-08,1954
3695,921,1,Enfin point notre long ce jeu.,2023-07-10,94
3696,677,4,Sol refuser conseil point fils croix.,2024-12-17,885
3697,763,5,Véritable ensemble delà y paraître retenir.,2020-02-03,2803
3698,770,1,Sourd de parfois véritable colline principe.,2019-05-24,5385
3699,726,3,Violence social professeur prévenir premier semblable mince sans hors madame.,2023-06-21,1919
3700,115,3,Tendre autour manquer sable nommer avis étroit liberté nom bien sous poche toucher.,2023-12-01,4519
3701,51,2,Siècle but chiffre aussitôt car étrange dame curiosité vers président garder.,2022-08-02,3826
3702,829,4,Certainement terrain tout succès passion huit été part important.,2019-09-02,507
3703,558,4,Feuille midi vague médecin mon montagne soir bas surtout chance parti.,2023-03-19,2895
3704,1003,2,Cinquante douter terme lorsque chiffre as fort vous garde hiver droite unique apparaître.,2024-07-18,4460
3705,21,4,Regard société complet principe armée personne.,2022-08-28,112
3706,671,2,Frapper main glisser sembler ramasser ci lieu pourquoi étendue aussitôt.,2021-01-02,273
3707,1142,3,Jeune avancer monter état embrasser dormir chaleur respirer argent bois profond dernier mort.,2019-05-29,4504
3708,1459,5,Exposer inutile remonter propre rencontre social.,2020-02-16,2211
3709,1119,2,Queue approcher habiter sommet pousser demain vivant ton énorme.,2023-01-06,3416
3710,1493,4,Extraordinaire vivre même exister appartenir unique mien un guère chat.,2020-01-07,1570
3711,569,3,Respecter couper mentir mari envie palais ce crier rire.,2024-01-25,3327
3712,457,5,Fleur son preuve avance dur genre exiger militaire arrivée semaine.,2021-01-14,141
3713,315,2,Loup voisin commencement être inconnu or cas vendre ce.,2025-10-18,1688
3714,150,4,Confier nombreux devoir franc avancer devant oiseau âge million dire.,2023-03-23,2084
3715,413,5,Veiller divers page certes français seulement.,2019-03-10,3955
3716,411,1,Signe témoin tenir ouvert aider inventer arrêter poésie compte grand dernier.,2021-05-06,5671
3717,395,3,Cour raconter tôt frère véritable pourquoi.,2019-09-19,242
3718,256,1,Usage obtenir guerre douleur élément société suivre d'autres façon espace trou tôt.,2024-12-13,3050
3719,200,5,D'Autres chemise certes mari tu chanter supposer ne voici.,2025-02-12,3876
3720,788,3,Pousser mouvement noir sûr rejeter volonté figure prouver jambe force.,2019-02-06,3816
3721,1090,3,Sembler sept retirer être bas genre eau acheter être.,2020-02-20,4745
3722,1416,1,Profiter obtenir sept militaire sujet dominer secrétaire fête scène bout il intérêt.,2019-09-18,3455
3723,303,4,Amour garde argent clair joie réponse retomber pauvre connaissance perdu traîner seigneur.,2019-11-12,5198
3724,1296,3,Le briller vol menacer contraire côte porte libre.,2020-02-06,2733
3725,668,3,Prendre plus revoir plaisir un nul.,2025-01-14,5092
3726,134,3,Livrer autrement rire chasser salut petit folie plein joli angoisse.,2025-04-09,4069
3727,724,3,Appeler papa il fort pour aventure trente beau système hiver.,2022-03-13,5407
3728,560,5,Trouver accord rejeter droite chambre plaisir rocher oh facile créer.,2019-01-02,2489
3729,780,4,Préparer nommer mal vieux autant papa émotion angoisse.,2025-06-12,1492
3730,289,3,Crise cela regarder femme blanc soin chaque exprimer on déclarer plonger mois.,2023-01-23,1016
3731,204,1,Lumière garçon un dernier oeil tombe.,2025-03-04,551
3732,835,3,Douceur tantôt recherche commander mal d'abord.,2022-08-29,5994
3733,470,2,Succès essayer divers sérieux jeune bas terreur nul rose devoir page problème.,2020-08-21,4444
3734,200,5,Figurer moyen sauter gloire nommer habitant voile tout ensemble jardin pointe réfléchir.,2020-03-05,5321
3735,1163,4,Haut bas se blond pierre baisser feu chanter écraser.,2022-04-23,5181
3736,96,4,Noire sentir yeux éclairer bon espoir rose.,2022-12-10,5748
3737,140,3,Fait sien facile admettre entourer préférer faire valoir sauvage quatre.,2023-06-20,133
3738,789,4,Respirer succès fond presque sauter toile oui fidèle part noir remplir commencer pénétrer.,2025-10-01,3064
3739,1042,2,Mériter désormais animal importer journée malade regretter scène rare.,2023-12-05,4428
3740,1057,4,Pauvre table décrire proposer inquiéter dresser matière cou déclarer billet.,2024-01-01,3058
3741,441,1,Chez savoir politique étrange dur près peine admettre consulter foi trou.,2020-10-27,4862
3742,834,5,Rejeter écrire un travailler plaire genre facile fumer en garçon.,2019-03-17,1039
3743,422,1,Billet français pendre ancien droit inconnu.,2022-01-21,5779
3744,676,3,Douleur représenter rire respirer fond où.,2023-08-26,5030
3745,580,5,Social forcer vision car déjà vivre poésie salut vague assister main prendre.,2025-01-14,4565
3746,324,1,Prononcer comprendre pouvoir éclater ligne remonter considérer.,2021-02-03,2922
3747,733,2,Prince juger lors paraître lutter pourquoi accrocher neuf peau pied lumière joindre.,2019-01-05,2645
3748,35,3,Écrire répandre oreille ci public prince tombe.,2025-12-19,2678
3749,363,1,Journée sens disparaître hôtel même cour docteur marier lutte serrer.,2025-11-01,5718
3750,936,3,Espace attitude tracer soulever cou sommeil toujours étrange.,2023-05-14,2309
3751,1002,4,Or celui espoir tandis que tuer aide.,2023-05-29,2569
3752,1294,4,Produire noire carte médecin inquiéter position rappeler apercevoir ramasser souffrir.,2020-01-29,1022
3753,646,5,Esprit lien immobile former table appeler impossible baisser.,2021-07-21,4939
3754,815,4,Chute possible personne quartier homme plutôt armée détacher.,2023-03-17,802
3755,112,5,Pauvre combat vieil port liberté le anglais larme.,2021-10-25,252
3756,1083,1,Taille camarade arrière moyen école brusquement.,2022-01-01,927
3757,1208,1,Cinquante rejeter imaginer recommencer réclamer naissance.,2020-11-20,5503
3758,390,5,Envoyer voix durer tenir demande grave imaginer hôtel journée crainte violent bande veille.,2023-02-17,5548
3759,439,1,Jardin briser or plusieurs il rendre vivant simple appeler branche.,2025-11-17,1940
3760,302,1,Pierre retourner unique quoi terreur avenir préparer espèce savoir ah rencontre devenir ce surveiller.,2024-04-23,2119
3761,1085,3,Regarder ajouter rang seconde rire garçon de témoin île gloire.,2024-09-19,4070
3762,619,3,Circonstance croire étaler respirer marché droite matin prison divers tout.,2021-09-16,5372
3763,71,5,Pitié neuf voici ailleurs prière résoudre souffrance croire.,2025-02-21,2429
3764,1307,4,Quel vraiment attention écrire ressembler attendre docteur chose.,2019-05-18,1722
3765,390,4,Souffrance demande beau meilleur proposer déposer égal couleur énorme debout.,2025-10-06,100
3766,1239,5,Intelligence espace fumer ainsi discours poursuivre rang trembler imaginer main nom sur.,2020-05-30,546
3767,171,2,Vif papa inquiétude assister vers disposer vendre suivre désirer.,2022-05-07,5932
3768,40,3,Vert mot billet avant moindre calme gauche direction venir davantage dur genre.,2019-08-02,3182
3769,1180,4,Coucher barbe rencontrer dernier service côte fin trente moitié chose.,2025-02-01,576
3770,1114,4,Vieil air ouvrage troubler fauteuil place lutter trembler moi chemise toujours franchir genou.,2021-03-26,1583
3771,776,2,Quart voix acheter déchirer couleur cours mouvement paraître facile possible abri quel.,2021-11-18,2203
3772,816,5,Parole convenir libre condition source saint.,2020-01-27,4929
3773,1450,2,Ignorer présenter avant cher fumée mur trop gros paysan comme accomplir.,2025-04-08,1134
3774,735,2,Pensée haute côté nuit miser angoisse environ conversation tomber connaître te.,2024-11-09,4463
3775,891,3,Âme coucher son sable rôle spectacle course vrai construire parfaitement printemps.,2022-06-25,5877
3776,148,1,Accepter attacher lendemain règle réclamer profondément circonstance vouloir mensonge puissant détruire patron hasard moment.,2021-07-06,4645
3777,635,4,Dame vaste assez vide fonder consulter soir.,2020-10-13,2847
3778,736,1,Poète doigt moment éclairer terre souffrir soutenir selon arracher ferme.,2025-07-25,5150
3779,1033,5,Poussière mort vaste je accompagner oser prononcer dès coûter chemin.,2025-06-18,1130
3780,259,3,Semaine autorité gagner naissance image ministre courir comment peser acte queue couler.,2022-08-26,4347
3781,556,5,Minute soir lien mort sac poser voisin signifier se.,2025-03-18,3904
3782,230,5,Même détruire comme impression voir neuf hasard mois froid nouveau direction.,2023-01-22,1602
3783,1100,1,Être voie remonter écarter paquet spectacle pierre refuser centre témoin escalier esprit.,2022-12-04,3462
3784,438,4,Prétendre joue visage échapper air maladie devoir savoir fenêtre poitrine pitié.,2021-11-13,5535
3785,408,3,Et condamner plonger parti clair course rejeter patron autour départ.,2024-11-27,662
3786,1148,5,Décrire effort tromper occasion franc confiance chacun gauche élément complètement troisième manier mouvement.,2023-04-05,1866
3787,237,2,Cause oeil madame chemise musique oreille acte vite.,2023-02-06,47
3788,1248,1,Visible éclat voisin marché endormir soudain vers vous père un parmi ça lettre.,2025-08-03,5625
3789,813,2,Horizon compagnie rôle bonheur ramasser voiture rose exister prouver accompagner.,2022-04-09,478
3790,170,4,Grand trésor arrière plante confondre si.,2022-06-10,2400
3791,99,3,Delà cercle interroger printemps sec roche douter docteur ça venir.,2024-07-19,737
3792,793,4,Étranger vol prêt frapper faire perdu dans.,2022-11-03,4154
3793,1216,1,Mentir service paysage étranger venir dangereux.,2024-01-12,3805
3794,784,5,Expression facile douze portier maintenir humain accrocher rouge expliquer aussi montagne.,2019-10-01,5785
3795,298,2,Fermer défendre descendre précieux vivre digne solitude on sourd impression y.,2022-02-05,4454
3796,147,4,Répandre usage droit geste courage chose vaste seulement somme départ soumettre.,2025-08-04,1786
3797,827,5,Exister carte terreur joli devant enfant froid réunir famille colline joue trait vaincre.,2022-02-05,341
3798,348,4,Terreur face espoir épais souvenir quarante fumée juge siège existence front après.,2024-03-30,4732
3799,673,2,Visible image froid annoncer certain crier.,2020-09-24,5527
3800,1163,5,Événement jambe retomber demain attacher porter.,2022-04-02,5406
3801,798,2,Montagne bataille combat français place militaire officier hier de marche écrire.,2025-02-22,377
3802,993,3,Donc cher nation charge apercevoir couche drame du déchirer son calme.,2025-04-01,1562
3803,673,3,Mois promettre livre phrase coin guerre devoir bras charge.,2025-05-22,488
3804,459,4,Effacer poitrine élever entrer autorité désir humide façon maintenir prince.,2019-10-27,5518
3805,157,1,Grandir inspirer au commencer immense ordre plutôt science bois allumer.,2021-05-22,4517
3806,576,1,Quelque âgé meilleur parvenir enfance jeune livre cesser calme dangereux poche chemise profond.,2021-07-16,3685
3807,822,4,Entendre droit mille parfois observer même.,2023-12-25,105
3808,1358,4,Salle durer soleil valoir jeune croire envelopper revenir mort feuille oh.,2019-05-12,721
3809,566,4,Vert président heureux image non du.,2020-04-17,4259
3810,618,2,Jeter ignorer prévenir retirer appeler neuf.,2023-08-30,3577
3811,301,4,Absence autre chasser moindre glisser souffler divers comme noir.,2022-05-02,3460
3812,1249,2,Assurer maître recueillir départ très soulever retirer.,2022-11-17,4211
3813,1310,5,Pencher arrivée satisfaire chaque désigner accord être briller capable donner port convenir livrer.,2024-08-19,5547
3814,1095,3,Jamais magnifique morceau affirmer route parce que erreur même.,2020-04-13,2630
3815,1476,2,Déchirer service arbre pur bas homme trace loin dégager existence hésiter.,2023-03-13,2151
3816,684,2,Forme paupière hier front planche bruit faveur titre haïr.,2019-07-01,3838
3817,509,5,Point chaîne perte par vingt près employer rentrer mort travailler boire.,2021-03-06,490
3818,872,2,Terminer blond conversation vouloir répondre protéger blanc plonger absence.,2022-03-28,1164
3819,1273,3,Rose point vite observer interrompre somme durer.,2020-03-20,2942
3820,1086,1,Hésiter succès nuit importer certes cri savoir vraiment être.,2021-08-13,3379
3821,99,4,Temps d'autres parent soudain aspect assister comprendre encore présence tombe peuple simple.,2022-05-20,3544
3822,682,2,Armer lequel exécuter lire endroit rien hors mériter faim blond réduire mettre.,2024-04-11,4669
3823,493,5,Détail paysan accomplir empêcher sombre ramener étranger confondre chute.,2019-04-12,3981
3824,1352,1,Affaire taire impossible avant homme espoir.,2025-12-10,1164
3825,1074,4,Chaîne lèvre habitude chien vêtement vers.,2021-08-04,5307
3826,1146,2,Larme valeur général folie parole craindre si nez.,2019-08-25,1827
3827,200,2,Jeune soldat peau intérêt changer partie père.,2025-11-05,2110
3828,391,1,Commun comme mal quel marcher réduire preuve inventer.,2019-04-11,5891
3829,692,5,Chance fois page sentiment soirée reposer désespoir oncle peine sorte.,2019-02-05,763
3830,695,1,Religion saison parfois visite mesure chaleur race drame du marquer souffrir nerveux as entre.,2025-02-13,774
3831,303,2,Mentir bureau pour veille éteindre rencontre plan arrière.,2024-06-26,2278
3832,884,4,Aussitôt police apprendre entretenir contraire animer sembler haïr drame.,2019-01-02,5070
3833,1449,4,Par présenter rose remonter descendre soldat désormais obtenir simple monde supposer poitrine paraître.,2020-03-19,405
3834,336,1,Exiger verre chute chance détail mourir prison madame retourner semblable sombre cri.,2024-06-24,5049
3835,167,1,Pauvre important importer nuage grain marché brusquement combat.,2024-09-24,369
3836,886,4,Image pourtant chef chance intention pluie vision distance papa arme malade frère guerre.,2021-06-15,2357
3837,1061,3,Afin De désormais race donc saint violent marche.,2020-08-19,4627
3838,1301,4,Volonté trait respect histoire dur agent dangereux.,2025-08-22,2044
3839,800,5,Trésor chez portier différent patron chemise.,2020-07-15,4155
3840,148,4,Examiner répandre observer fonder hôtel argent élever.,2023-11-28,5601
3841,1375,1,Étendre angoisse désirer supposer d'autres particulier poète faible envoyer mince inquiétude mal quand.,2024-07-07,1913
3842,195,2,Condamner devoir assurer conseil impossible reconnaître cuisine calmer nombreux esprit nu.,2025-06-10,815
3843,486,1,Article paquet révolution raconter fauteuil pain.,2020-10-28,3835
3844,423,4,Intérêt secret bête dimanche certes fort contraire appartement d'autres construire autour.,2023-09-24,4546
3845,1250,2,Chute autour si président charge saison pointe aventure.,2025-03-11,2074
3846,1010,2,Suite histoire se asseoir être combat sentiment rassurer supposer.,2025-08-17,1614
3847,949,4,Science apparence douleur profondément oh franchir sans sein public voile as tenter figure.,2020-06-23,4455
3848,150,2,Chose peuple fou circonstance sept marché proposer lèvre.,2019-07-02,278
3849,1411,3,Pourquoi général cinquante question tellement auprès.,2019-02-17,2008
3850,1478,5,Grâce vieux éclairer soutenir pendant mode ciel souffrance même doucement dehors.,2019-07-26,5369
3851,1406,4,Théâtre part or monde mériter précieux.,2025-06-06,3177
3852,59,2,Pitié souhaiter poussière rompre maintenir matière ressembler me.,2025-09-28,1803
3853,1429,2,Naissance émotion adresser vêtement pitié nuage dépasser cause.,2022-03-18,2671
3854,194,1,Monde durant mais craindre silencieux certain fixer.,2021-01-26,3545
3855,661,5,Réflexion chef haine dix famille briller.,2019-02-03,883
3856,60,1,Partout claire lendemain prononcer confier attitude frapper vêtir reprendre général billet.,2022-10-24,2744
3857,1090,3,Goût lien départ billet cela système.,2022-05-06,246
3858,573,2,Oh déposer éviter fumée chien aide avouer serrer.,2024-05-28,487
3859,116,4,Système crainte nul le homme énergie neuf chance verre centre seuil mot.,2025-05-04,4228
3860,819,1,Préparer étude d'autres avance train falloir travers calme jeune verser même adresser mois.,2023-12-07,5219
3861,327,5,Champ pourquoi quelque prouver paix tracer être auteur cacher neuf image.,2024-08-01,2083
3862,79,5,Exposer général nation printemps puissant faible seconde dieu instinct cerveau maintenir justice savoir.,2020-02-07,1536
3863,469,3,Main cri santé essuyer terminer vite cours regard eh.,2023-08-02,2748
3864,796,5,Ferme nature mal alors attitude écarter protéger chat.,2019-10-17,983
3865,191,3,Un vague toucher tenir appuyer étage printemps repas course siège éclat encore l'une.,2022-04-13,5343
3866,1069,1,Sentir passé hésiter parti personne mesure arme machine supérieur approcher grand en autre image.,2022-07-18,1828
3867,486,5,Refuser permettre rompre gauche plein succès certes vent douze cas qualité donner beau.,2020-08-10,3237
3868,705,4,Dieu voyage appuyer odeur charge réduire quoi.,2020-01-23,4670
3869,680,2,Idée notre ennemi humide tapis quarante nombre grain mur franc distinguer police.,2023-06-11,952
3870,1175,2,Oser ensemble poussière inviter million cesse douceur militaire.,2021-05-11,1172
3871,1405,2,Battre quartier air art oh entrée aimer début tenter vide.,2020-07-14,1361
3872,76,2,Caresser morceau musique centre champ roi traiter apporter plusieurs allumer.,2019-11-24,252
3873,288,3,Vaste voisin absence sien marquer appartenir.,2022-05-01,1581
3874,470,1,Abattre mot famille demander soudain ciel précipiter siècle.,2020-06-30,1480
3875,1171,2,Voile importer tempête façon vert passion arriver saisir importer vraiment.,2023-07-08,1738
3876,1464,3,Dans content on succès espoir ennemi fort pierre système rêve plaindre entretenir rien essuyer.,2021-11-19,4393
3877,79,1,Roman abri vraiment aile menacer attirer docteur.,2020-09-07,3962
3878,55,3,Mode ci secret séparer retour fils ou chez protéger attirer agiter arbre front.,2025-09-29,953
3879,1153,1,Curiosité particulier échapper fidèle appeler dehors approcher sûr regarder animer placer officier campagne.,2021-04-11,3821
3880,418,5,Bureau puissant cou presser colère colline après or soleil repas.,2021-11-06,5680
3881,578,3,Complètement maintenir suivant printemps président fine existence erreur barbe honneur.,2023-10-15,432
3882,396,5,Dès réunir descendre étrange secours preuve drôle soin si descendre imposer désir cas pain.,2020-10-16,3667
3883,1410,2,Marche fuir eau choisir reprendre chaud très désigner importer oublier chanter falloir marcher.,2021-09-23,3399
3884,571,1,Gagner sec tromper perdre dur fonction être ministre profiter danger paraître satisfaire.,2020-05-22,4850
3885,1239,1,Quelque nature flamme rideau préparer fils apercevoir vide tendre entre quart beaucoup apporter.,2022-08-04,1913
3886,318,4,Respecter près dresser sauvage parfaitement docteur poursuivre côté.,2023-01-19,3916
3887,292,2,Éteindre riche fidèle même genou jeu roche chaque chemin.,2024-06-29,279
3888,176,5,Réduire respirer à accord endormir cause quand réserver raconter guerre flamme bord parent.,2024-04-14,2095
3889,782,2,Rassurer haïr franc ramasser cela maître joie seul.,2022-01-16,1813
3890,657,5,Large trouver intérêt serrer grâce chair auteur commencement reste toile quant à changement quinze.,2021-05-07,366
3891,362,2,Afin De donc réserver se victime répandre étranger réel calmer dernier fatiguer fier désirer.,2019-05-19,1881
3892,700,5,Guerre contenter connaître hiver autorité exiger tromper chanter agiter ici.,2025-12-29,3677
3893,1032,2,Quel ventre résultat profondément père intéresser.,2024-04-30,4888
3894,37,3,Plutôt subir sourire prier brusquement porte côte fille étonner amuser étrange bruit.,2024-07-31,5491
3895,734,4,Million position position taille connaître selon moyen seigneur.,2020-03-02,2456
3896,925,5,Volonté danger signer prier tomber âme note colline vêtement nouveau cas robe envie.,2020-04-02,5262
3897,272,1,Somme silencieux voix paquet consulter trouver leur moindre entendre mériter.,2024-02-18,362
3898,1250,5,Coucher me promener troubler le terrible cou avancer sourire troisième.,2021-09-19,2852
3899,1332,4,Docteur profond pouvoir trait chercher répandre soirée aider mois pluie.,2019-10-09,3775
3900,72,5,Corde choisir palais différent leur étude employer rouge.,2019-09-19,4288
3901,160,2,Soin fortune étranger science chambre satisfaire histoire un établir exemple.,2025-12-09,20
3902,472,1,Après page révéler apporter maître vers dangereux devoir étoile.,2024-01-04,1809
3903,314,5,Discussion adresser fatigue dur vite parce que.,2025-07-26,2422
3904,1322,1,Alors aller couche froid blanc acte.,2023-11-16,2550
3905,313,4,Peau passé souhaiter été lutter paysage froid.,2025-08-27,2090
3906,1055,1,Coeur midi quart rideau bord fuir désespoir bas problème.,2023-01-20,5562
3907,478,1,Bois juste nation craindre écouter suffire.,2019-06-14,1257
3908,682,3,Risquer nombreux son accrocher quarante salle.,2024-04-08,2605
3909,111,5,Quelqu'Un beaux corps installer quinze bleu sous sorte.,2023-03-09,5434
3910,1018,1,Vraiment là terre défendre seconde quelque.,2024-01-21,4571
3911,1048,2,Circonstance fort marcher oeuvre changement chemise porter nu épaule gloire vers mémoire perdre fait.,2025-08-25,4037
3912,732,4,Se aller à puissance contre six mêler faible surtout parler fonction.,2025-06-01,2504
3913,1069,1,Quelque jeune revoir grand couler beaucoup plonger ailleurs parfaitement mode.,2019-01-07,3431
3914,18,2,Voie est gris fête aussitôt cher oh poursuivre mesure deviner aspect.,2021-06-25,1400
3915,683,2,Asseoir nous source te émotion suivre.,2023-12-19,2979
3916,75,2,Science cela peur lentement éviter vaincre pont vivant ou bon roi.,2024-05-23,4133
3917,17,4,Savoir selon endormir français vite garçon vif lune tenir imposer.,2021-05-26,1081
3918,1095,1,Paix avoir pendre je tantôt rien.,2019-01-27,3879
3919,266,1,Noir charger paysage question remplir charger témoin inquiéter colline but route chasse.,2023-09-24,4615
3920,762,4,Moment préparer avis nombreux mensonge droit.,2024-03-19,5540
3921,174,5,Devoir prier tu passé inutile armée.,2022-04-02,4125
3922,1494,4,Moyen souffrir endormir mêler saison d'abord expliquer position assurer tour mériter portier folie terminer.,2021-08-24,4269
3923,1398,1,Échapper engager figurer consulter passer maître.,2020-12-15,337
3924,507,5,État couvrir porte nation ajouter aimer chemise position.,2025-03-05,684
3925,712,1,Esprit toute facile devant inventer difficile image terrain donc parole effacer cinq.,2024-09-08,528
3926,1078,5,Voisin commencement comment étaler hier jamais oser habitant état loi agir feuille religion.,2023-06-07,1712
3927,419,1,Brusquement somme continuer besoin matière signifier choisir découvrir vide suite naître moment.,2025-02-07,1784
3928,627,5,Rouge lequel musique parfois lequel même naturellement votre vide pleurer deviner poitrine.,2023-12-31,2815
3929,1033,2,Rencontrer retenir enlever complet bord chef politique lutter haute seul finir douleur fenêtre.,2022-01-19,4044
3930,455,2,Falloir sauvage condamner rapidement énorme celui rester puisque.,2025-10-04,3516
3931,1497,5,Près escalier côte éteindre vous sauter.,2025-10-10,3054
3932,1141,1,Secret empêcher hasard métier maintenir mauvais mois sur gens franchir route tirer.,2019-11-22,2064
3933,237,4,Paysan combien ancien oncle vivant comment partie toujours faire dimanche voie.,2022-07-01,3894
3934,1063,2,Content effort matière construire feu âme.,2020-05-01,3275
3935,199,1,Dame roche naturellement signe pousser fer regard nation entier pouvoir.,2023-02-20,856
3936,127,5,Ou résoudre dessiner puissance fonction en enfoncer chute chaque ainsi question.,2021-05-02,3873
3937,1015,4,Plein presser faux quinze recommencer bois.,2021-08-24,599
3938,417,4,Vieux hôtel désirer nombreux chair blanc.,2025-11-10,617
3939,1140,2,Souvent course côte demeurer service révolution inviter particulier.,2020-06-22,5716
3940,1186,4,Montrer espoir couleur personne corde absolument véritable départ.,2021-02-06,5461
3941,1415,4,Fine feuille caresser expérience surtout absence énergie subir bruit détail époque aller dos.,2021-07-14,3934
3942,855,5,Sens pleurer consulter dehors humide droite faveur quitter faible fumer travailler obtenir.,2020-04-15,2916
3943,782,5,Foi honte religion gris voici silencieux jouer moyen.,2019-06-08,3800
3944,837,4,Conversation fleur bonheur discours saluer curieux colon jaune vérité.,2025-09-07,1510
3945,133,3,Cheveu détail ennemi changement affaire poitrine oiseau chaîne recevoir produire oncle.,2023-01-17,236
3946,1381,3,Prévenir asseoir chose adresser façon âme bleu disposer aucun paix.,2024-07-23,3167
3947,790,1,Divers inspirer oncle disposer permettre fortune cour fort.,2023-01-17,2032
3948,298,5,Prêt vision plaire réunir relation courant inutile blond médecin prison.,2022-02-09,3422
3949,406,2,Haute oui lever sur étoile considérer fatigue contenir emmener personne jaune façon dur.,2020-08-04,4853
3950,1091,4,Haut vide mettre nourrir intelligence pour propre pauvre.,2019-10-06,5206
3951,1376,5,Tranquille exister pourtant détacher soleil neuf.,2024-10-22,2901
3952,1410,5,But chercher billet éprouver bois sérieux chose réel rayon toi ombre place.,2020-09-21,4552
3953,1396,1,Attitude glace livre remplir appeler nord.,2019-12-09,1839
3954,95,2,Renoncer vendre humain douleur ça là soit jaune et huit.,2020-04-20,4490
3955,1427,5,Prochain pendant métier puis chat type confier arme.,2024-07-13,2630
3956,340,1,Temps lisser remonter rouge veiller trou huit profiter boire ou.,2019-03-19,325
3957,493,3,Soumettre consentir partager arrière crainte demander habitude digne.,2022-08-09,1546
3958,1220,3,Ça essuyer lire tromper faim anglais deviner avenir crise.,2021-11-28,1866
3959,1315,2,Importer sein quatre résistance respect queue vouloir.,2020-04-08,4252
3960,655,5,Lourd riche secret projet endroit besoin bord séparer habitude.,2024-12-25,307
3961,594,3,Tout commander retrouver perdu prêt campagne.,2024-05-20,3963
3962,282,3,Nu petit sûr secrétaire crier lentement hôtel mort nous adresser rejeter deux.,2020-05-19,3334
3963,1452,1,Image visible vieillard bas transformer officier distance petit clair.,2019-01-21,3094
3964,759,1,Chemise épais marquer après moins sein ressembler.,2023-07-11,4261
3965,152,4,Inventer prévenir quitter pluie habiller grave bonheur pourquoi couper public français.,2020-11-06,561
3966,269,2,Noir chose compter plante peur donner.,2021-07-14,2048
3967,729,3,Souvent haut combat anglais tâche rendre.,2020-11-28,5876
3968,508,4,Inquiétude crier gloire appel ancien violent lentement aussi leur ne année fonder.,2021-03-06,4790
3969,418,1,Pour aujourd'hui chemin vieil fine aussi poursuivre pendre depuis étroit vieillard six.,2020-12-20,5296
3970,637,4,Autant tel coûter voir suffire ombre désormais double créer part membre commencement fine.,2025-10-18,1428
3971,209,1,Autrement victime signer bête mener haut avec mémoire annoncer bataille.,2023-03-18,1292
3972,1093,5,Remplacer général trembler elle combat quitter présence ouvrir fait.,2024-01-27,2741
3973,487,5,Magnifique manier mode fils chasser exécuter bas contre siège page tandis que.,2019-06-30,1975
3974,1333,1,Naturellement idée livrer discours côté roman avec.,2019-02-10,5453
3975,468,5,Nuit bataille beaux fier beaux courant tendre centre court cruel maladie.,2020-02-15,3352
3976,568,2,Finir paix pousser règle trait refuser soutenir travailler.,2019-08-29,1282
3977,677,2,Ajouter rêve entraîner sorte reculer faux sol environ sauver traverser faim compter.,2024-11-07,227
3978,353,5,Champ occuper souffrance oreille genre aujourd'hui dire marche défaut bas ensuite véritable.,2019-02-06,1837
3979,113,2,Dernier franchir roi officier parvenir exposer secret million.,2022-06-02,2083
3980,1236,2,Place centre emporter celui haute témoin emmener trembler sentir lors mine maintenir.,2019-05-09,2773
3981,1217,5,Et désert classe pain être par vêtir fixer compte marquer toujours importance été.,2019-07-15,1211
3982,503,4,Matin mince davantage traîner action feuille.,2019-04-09,1737
3983,1097,1,Accuser deux douze dresser doucement premier escalier frapper dégager taille combat tantôt.,2019-01-23,1487
3984,8,3,Position gauche avant partager tache arrivée autrefois tard.,2019-03-27,4121
3985,570,2,Humide important chaîne amour joindre veille longtemps soir certain promettre hauteur.,2020-11-14,1510
3986,1430,4,Disparaître tirer éclater valeur étendre impossible savoir.,2024-10-07,2497
3987,137,4,Nouveau coeur vide bruit aimer violent blanc bon aimer sac quelque.,2019-05-15,4320
3988,386,1,De âgé arrivée du chasse entrer voisin important.,2019-08-08,5530
3989,1288,5,Acheter nombre sou qui ajouter dire rose figure élever gloire.,2019-05-10,3706
3990,1213,4,Garde oublier maître étude couleur pénétrer armée.,2022-12-20,5900
3991,552,2,Palais écouter veille vouloir ennemi droite respecter forêt trou déjà pendre saisir fatiguer.,2023-01-08,3967
3992,999,2,Doigt reprendre loup pièce rejeter larme arrêter plante divers regarder difficile.,2019-03-25,665
3993,1279,1,Personne même roman point sourire défendre croire.,2019-11-20,5500
3994,182,2,Connaître immense secret établir depuis fois vent mien projet image grain dieu.,2019-12-28,3593
3995,44,4,Y fusil vie respirer passé trembler titre expérience miser dangereux clef.,2025-12-01,3113
3996,15,4,Chaque ville manger en siècle bureau soutenir nourrir lentement.,2022-03-03,186
3997,884,3,Vin difficile tache fauteuil certain emmener moindre inconnu dire réflexion étudier partie remarquer.,2021-03-11,2023
3998,470,4,Enfance appartement sujet année d'abord lutte dur long lien respect mériter inquiéter tâche terrible.,2022-12-17,5556
3999,1052,5,Travailler toi colon créer principe sable digne noir ce.,2024-10-26,1023
4000,233,1,Savoir commencement que battre vague classe acheter.,2020-01-05,3553
4001,763,1,Manger apercevoir suivant aspect ministre embrasser veille voie quelqu'un là conscience chaque.,2021-02-28,4078
4002,825,3,Demain écrire imposer tranquille maintenant route rideau élever inconnu.,2021-05-21,5286
4003,1010,3,Meilleur nouveau perte traverser protéger son principe bureau masse grand lever bras mois.,2025-06-25,1386
4004,1091,3,Chez grand quartier prix reprendre établir affaire ceci sept sembler livre repousser instant.,2019-04-05,3090
4005,1459,3,Aujourd'Hui recevoir imaginer venir expliquer ouvrir attendre caractère sortir erreur comprendre.,2025-12-03,3617
4006,1029,4,Secret pousser amener signer enlever peuple naître quart profondément.,2019-03-29,262
4007,690,1,Annoncer recommencer voisin vin escalier chiffre juste but gros chaise.,2025-12-09,5806
4008,1216,1,Approcher devant entrer prêt côte produire si salle rang nul à rapporter.,2023-05-06,3770
4009,270,5,Tour roi nombre vif lèvre noire prêter détruire mentir vers jeune.,2021-12-16,2491
4010,1457,2,Ami haut réalité promener poche briller payer faire courir muet important.,2024-10-16,1791
4011,17,3,Lutte lien même interrompre le sol champ.,2024-06-24,1843
4012,148,1,Elle ici chercher réduire désormais bonheur professeur désespoir montrer répondre père doute poursuivre.,2019-03-20,4568
4013,1400,5,Respect sommeil distance douleur pourquoi pleurer.,2024-11-26,5311
4014,818,1,Classe soumettre honte du compter impossible erreur traverser précéder.,2021-01-23,5808
4015,1494,4,Nature poitrine marier règle puis servir oeil ligne falloir besoin aile.,2022-12-12,4164
4016,1031,1,Veiller commun relever douter gens peuple absence plein doute lieu traverser.,2020-05-23,4675
4017,101,4,Poids maladie répandre contre mal premier chasser.,2025-12-01,2842
4018,434,4,Naître maison poésie scène anglais trois commencement armer me manger alors.,2021-04-03,1227
4019,1386,4,Continuer début fixer sembler valeur coucher sortir entourer serrer élément.,2025-04-19,5622
4020,597,5,Voler peine entraîner rapide digne aide yeux père employer glisser.,2025-12-22,149
4021,1238,3,Épaule ouvert fine émotion précieux tard mal en avec nation.,2024-12-25,2550
4022,116,2,Effacer troisième coucher recevoir elle effort boire offrir.,2022-11-08,4572
4023,1238,5,Essuyer presque françois aller savoir combat attaquer retirer.,2024-08-24,3101
4024,1290,5,Déclarer espace histoire mine gauche rejeter marcher ton soldat fois.,2024-07-14,1170
4025,1465,5,Plusieurs dominer satisfaire imaginer répandre horizon chercher comment étage début précieux.,2021-06-19,5839
4026,97,2,Éternel vague un noir rendre oeil baisser heureux produire rocher.,2021-09-04,2149
4027,871,3,Tour cruel santé pluie passé raison.,2020-06-14,2174
4028,1034,2,Yeux après dos troisième facile remonter souffrir dominer pas lieu.,2021-02-09,2057
4029,1316,2,Vie rôle comment cinquante amener fatiguer.,2021-04-09,5690
4030,744,4,Source raison prière vivant autant ruine traiter chemise nombre échapper.,2020-01-28,563
4031,632,4,Retourner se point voisin rocher vite gens devoir.,2021-11-07,794
4032,728,1,Image et animal esprit tourner danger.,2022-01-14,4950
4033,87,3,Imaginer course lentement interrompre saisir entre celui bureau erreur afin de.,2025-08-07,4380
4034,258,1,Quoi élever décider cependant armer réserver puissance société comment.,2020-01-22,1538
4035,393,2,Réussir chaud cercle rue puis paraître femme dame quand enlever.,2022-02-19,3323
4036,64,4,Étudier bruit intelligence colère nul tempête.,2021-11-28,1098
4037,705,2,Rencontre chez charge jeunesse table quel jusque repousser complètement marché année.,2025-09-23,2515
4038,632,5,Mien âgé seul déclarer terrible tendre depuis demi quel rôle adresser sur devant.,2025-04-06,1601
4039,1143,2,Casser sang peuple terrain politique colline menacer porte devoir tu rôle condition animal.,2025-09-02,1411
4040,1246,1,Bord écraser demain cerveau emmener famille moindre penser mort.,2020-02-12,3100
4041,1132,3,Sur taille froid là jeune instinct demeurer rang roche garde.,2019-05-04,25
4042,1365,4,Verser côte bête rapporter manier employer sac en naître école.,2023-06-18,1678
4043,1006,4,Joue déjà nez miser surprendre toi ah arme palais.,2019-08-19,1113
4044,698,2,Présent apercevoir père rare malheur remplacer haïr jour dire subir grandir.,2020-02-12,4353
4045,480,1,Nuit ailleurs fumée odeur perdre plaisir exister prison apporter lisser chasse.,2025-11-07,1289
4046,369,1,Printemps souhaiter douleur blond roche fermer étaler.,2022-02-21,14
4047,186,4,Saint mer trouver attendre loup époque quelque chiffre vérité ici.,2023-01-16,4150
4048,1496,5,Deux dernier parmi plante arracher droit maintenant chaud autorité reposer histoire sien.,2019-10-13,1560
4049,1162,1,Cela autrement pleurer marquer former lisser air.,2021-06-29,1291
4050,902,5,Chercher vue mettre semaine banc tout nourrir achever joli main.,2023-07-19,1993
4051,999,1,Supérieur désormais oui suffire reculer disparaître mentir machine.,2021-09-02,2539
4052,256,5,Marché enfoncer toute envoyer glisser époque hier empêcher solitude.,2020-05-13,26
4053,500,3,Soin ni poursuivre comment foule curieux papier défendre vert humide aspect combien.,2020-12-07,4404
4054,109,5,Apparaître près siège ce livre reste intelligence.,2020-09-08,5180
4055,1097,3,Professeur principe important printemps faim savoir image pendre crier effet ce.,2020-05-23,3407
4056,498,3,Page caresser l'un source politique lueur solitude.,2024-12-06,5177
4057,10,4,Nez aventure fier faim chance instinct soudain promettre personne parvenir.,2024-03-18,3708
4058,1146,1,Époque suite souffrir chercher armée moment vent.,2020-03-20,5103
4059,14,4,Vivre étrange chez savoir ciel pays eh.,2024-03-22,3566
4060,1161,2,Échapper apercevoir abri dehors événement moyen grand rien.,2025-04-03,4215
4061,394,2,Glace naissance personne parfois lit demander goutte parent partout existence jeune ramener.,2022-08-30,1114
4062,1044,1,Fatiguer manquer achever paupière jeune inquiétude bruit.,2023-08-24,4416
4063,1001,1,Cabinet arrivée personne dormir chef rouler présence inspirer sujet secrétaire venir blanc poste seul.,2024-08-24,1342
4064,74,2,Amour entier autrefois se sauver ne tromper bande fille chance placer direction fort.,2021-10-22,3776
4065,445,4,Que dieu visible tôt nourrir épaule grand énergie bon relever partager chose.,2020-01-25,2808
4066,284,2,Plan apporter colline amour sourd un premier.,2024-03-06,3451
4067,966,2,Terrain presser ton souvent enfermer grain passer autour français oiseau fonction guerre immobile.,2023-01-25,3962
4068,1436,4,But toujours dominer presque plaine présence beau rejoindre exprimer large éclater.,2024-06-16,4247
4069,1137,4,Envie rue joli chute obtenir toujours social devant ami argent.,2020-09-28,5645
4070,1049,3,Ton camarade pont public sombre l'une sur sauvage autour position côté.,2020-06-15,269
4071,968,4,Naître champ puissance front retirer un devoir seuil dont.,2021-03-03,3372
4072,461,3,Défaut hiver armer seulement prendre haute cour lutter.,2025-07-25,3894
4073,1456,1,Depuis lueur lutter entre demander maison bord froid public puissance.,2021-06-04,75
4074,1332,4,Pareil serrer dehors noire eau tandis que pain autant coeur marquer lieu fortune condition.,2019-12-22,1080
4075,194,1,Signe préférer siège noir éteindre professeur.,2022-07-21,1336
4076,890,5,Jambe carte immense caresser encore sous valoir acheter parcourir respect juste.,2022-03-05,2692
4077,46,2,Grand demi militaire escalier plan oeuvre matière etc réunir cacher contenir énergie.,2022-07-06,164
4078,239,4,Vêtir taille autorité nommer chose oeil saisir armer.,2019-03-15,668
4079,329,1,Autour enfermer violent secours traverser plaine soin animal amour dangereux lueur argent.,2023-11-13,4185
4080,1179,1,Race réserver déposer forcer reculer trésor foule pendant donner tapis.,2022-04-17,5788
4081,303,4,Combat mieux éprouver impression voilà soir.,2023-10-01,2757
4082,112,3,Camarade tenir matin portier secret trembler début comme.,2021-12-23,1598
4083,1084,1,Noir mince billet hauteur verser ville plan tour courir d'abord vue hésiter essuyer.,2020-10-26,3286
4084,1057,2,Droit ni parce que devenir éclat ligne titre présent oncle espèce.,2025-03-11,5968
4085,767,4,Depuis posséder comment joue père bouche yeux enfance soutenir user.,2021-09-07,1834
4086,485,4,Son as petit leur coup confier.,2020-11-05,1528
4087,600,1,Entretenir triste patron obliger manier pendant demain dernier.,2022-04-27,5132
4088,655,5,Immobile arrière fauteuil puissance autorité frapper depuis remonter.,2022-11-09,1914
4089,684,5,Selon tuer ancien campagne nom examiner hauteur tour valeur route.,2020-08-09,5941
4090,297,4,Paix chaîne gouvernement vaste pont obéir ignorer coûter visible.,2022-01-27,5983
4091,240,1,Écrire oser conduire remplacer nord danser hauteur escalier tombe être saint droite quart.,2024-01-26,5860
4092,256,1,Bon vite réveiller mari mentir machine séparer exprimer bonheur sentir promettre.,2020-07-08,4161
4093,519,5,Coin tache sombre système aile sein tenter trembler immense forme.,2023-05-14,1913
4094,1500,1,Dos absence terme glace arrivée pensée sous poste retenir vous.,2022-12-04,4272
4095,1210,5,Bord vin qui aucun pur propre petit.,2019-06-19,2152
4096,1360,4,Se douceur monsieur rapporter refuser douter dent joue.,2019-06-23,3308
4097,395,1,Épais espérer bras liberté quelque plein morceau montagne pourquoi six relever petit.,2019-01-21,1517
4098,1223,5,Joue espoir eh travail poussière poussière devoir tirer exister premier animer.,2025-12-13,765
4099,888,5,Musique liberté dès affaire fuir de.,2020-12-18,3378
4100,1240,4,Ami lutter quant à continuer gris cou ne partie craindre ici.,2022-10-19,524
4101,371,2,Peu mêler quitter respecter dent résoudre.,2023-01-04,3146
4102,1306,4,Plein île fils qualité sonner bas afin de en soit non.,2022-02-25,4682
4103,27,3,Désespoir propos souvenir embrasser de présence course présent défaut exiger tache.,2025-07-18,3824
4104,916,5,Couler soulever étendue prince vendre chacun courant prison.,2024-12-31,2426
4105,557,2,Commun confondre aide animal pouvoir pousser lumière impossible poche appartenir tout justice.,2023-08-03,3765
4106,562,4,Mille qualité annoncer maintenant faute lors fumée rose recherche endroit accompagner banc charge.,2020-06-20,388
4107,1265,1,Retomber blond rendre crainte précis endormir classe occuper couleur absolu étoile.,2024-08-09,2319
4108,456,1,Crise croire fait caresser mince colon diriger.,2020-04-20,4423
4109,1066,2,Fin entraîner relever précis chasser côté choisir prêter masse.,2021-03-28,3062
4110,147,5,Divers pur oh profond puis femme épaule.,2023-06-30,3782
4111,748,1,Officier remercier pareil inspirer police danger dehors jambe affaire.,2023-05-05,1862
4112,524,2,Son est livrer passé voiture savoir attention même soudain plaire.,2025-10-26,3718
4113,385,5,Plan fort arrivée corps jaune ministre dent coûter obéir autre arriver manger réussir.,2025-10-05,3542
4114,836,5,Pendre fond suivre franc accuser prétendre connaissance face.,2024-12-29,4995
4115,754,5,Or morceau prouver ton avoir encore sommeil sourire paupière considérer désormais relation vêtement.,2022-08-03,3050
4116,935,1,Demande éclat bientôt arrivée pleurer mesure arracher.,2024-05-10,5385
4117,308,4,Roche moyen sang mort grâce appuyer travail.,2024-10-27,5031
4118,17,2,Aspect déclarer fatiguer menacer maison demande perdu elle.,2021-02-16,1722
4119,263,1,Votre aspect sembler refuser aventure vent endroit.,2023-09-30,3357
4120,731,5,Parler rester entrer entier attaquer eaux capable quelqu'un.,2025-05-06,85
4121,853,3,Intérieur enlever quartier vêtir peine préparer.,2024-11-16,2818
4122,326,1,Rencontre reprendre mensonge sourire cher obtenir presque.,2021-05-15,4413
4123,1350,3,Lèvre champ trop savoir dix abandonner fonction projet village travailler.,2025-06-16,1032
4124,610,1,Jusque sien joli ramener se pont rose sommet parole.,2021-11-30,1689
4125,284,5,Hauteur delà réalité réponse rencontrer leur foi matin.,2025-10-04,3025
4126,1135,1,Plonger jamais gens présent courage social immobile.,2025-02-28,3044
4127,942,2,Voici mille pur prétendre mensonge mur.,2019-07-11,5984
4128,1407,4,Expliquer durant rester agent dessus secrétaire décider réel glisser chien rond.,2025-06-29,3544
4129,476,2,Différent oh sourd plus angoisse travailler ce jouer d'autres image signifier force bien.,2025-05-03,3418
4130,1323,2,Commencement tête eau cinquante blond soirée éternel bas.,2022-11-17,3971
4131,92,3,Essayer passion décider quatre arriver figure rang erreur.,2019-09-24,2331
4132,445,1,Pencher contenter finir taille je leur femme savoir calme attitude chasse ouvrir ouvrir.,2023-02-10,1815
4133,1468,1,Lendemain douter mener simple demeurer ou précis personne répéter.,2019-09-26,1914
4134,150,2,Accompagner entendre renoncer geste caractère casser forêt détruire.,2024-06-19,2132
4135,250,3,Apparence matière attirer flamme hors peine peau devant recommencer sou terre.,2023-02-24,2824
4136,665,1,Nerveux paupière roi mort mal pas soumettre rire à.,2024-01-31,3223
4137,156,5,Achever exécuter donner juger monde aspect pouvoir oublier branche.,2021-10-25,2644
4138,1327,5,Surtout contenir parfaitement ennemi vingt puisque franc paraître frapper rapidement.,2023-04-07,5433
4139,1488,5,Souvent ne robe assister plante droit précis paysan glace sûr voilà.,2022-09-07,2990
4140,380,3,Faim parmi éviter sembler blanc rayon bientôt partout bon pendant juste instinct caractère.,2023-04-11,4094
4141,979,5,Inviter naturellement sac sembler île effet long soirée.,2021-07-12,3739
4142,1450,3,Voiture mer essuyer passé social désigner apprendre raconter faim toit naturel changement admettre.,2022-01-26,621
4143,1441,3,Grave ombre loup remettre quelque nuit.,2023-03-17,1376
4144,865,2,Abri pauvre souvent longtemps chasse interrompre occuper étudier annoncer trait regard conseil bon.,2025-12-21,3331
4145,708,5,Résistance mauvais vif troisième imaginer fleur mal lutter sourd discours genou chacun.,2020-06-03,2997
4146,220,3,Attaquer employer but cercle répondre transformer.,2024-08-20,3721
4147,1367,1,Vaincre pièce parler soir crise service d'autres politique.,2025-09-07,1420
4148,1485,2,Chacun nous rapidement papa notre accord cabinet visite.,2021-08-14,3266
4149,832,5,Enfin plaindre éclater recherche digne nombre plutôt couper projet indiquer accorder homme vague.,2021-07-25,3704
4150,749,3,Propre paysage rire jaune ce élever semaine tourner faible douleur.,2021-02-01,5945
4151,886,1,Tomber prier ordre flot obéir beauté intéresser plutôt cheveu aventure considérer ramener poussière.,2024-07-26,4931
4152,83,1,Noir rapporter tête règle proposer consulter train flamme besoin.,2025-08-04,4270
4153,54,2,Aujourd'Hui attirer arbre village muet assez quant à nécessaire annoncer.,2022-03-15,4175
4154,1155,4,Fier afin de lequel accord découvrir sentir ventre chasser chef pluie.,2021-11-29,5162
4155,932,4,Désigner etc tenter mois île demander grâce alors.,2020-10-06,1386
4156,587,4,Bande toit salut observer sujet proposer enfermer sauter pensée général.,2025-09-09,5952
4157,678,5,Clair passer milieu me blond aider.,2024-03-25,3683
4158,1456,3,Six dont complètement preuve rocher libre cher combat angoisse certain objet.,2021-12-26,4099
4159,307,1,Triste représenter souffrir printemps rouge avis cheval même.,2022-07-26,5552
4160,1374,4,Discours court voisin faire apparence glace oreille prouver car corde.,2025-04-09,5679
4161,493,4,Grand accorder demande aussitôt regard danger au choix éclater.,2021-09-30,2820
4162,729,5,Pain roman phrase accent résultat ennemi découvrir résultat sujet ici marchand fil souffrance.,2021-03-20,3621
4163,393,1,Toi prouver réel supposer réunir discours hiver prochain cinq brûler.,2023-09-24,107
4164,720,3,Rien rejoindre remplir prendre roche livre.,2022-11-09,596
4165,629,1,Compagnon aide résultat large calme tandis que.,2021-05-12,5259
4166,436,1,Promener palais verser roche cinquante nuage presque beaucoup.,2019-08-28,3561
4167,331,3,Banc doucement répéter folie lisser fort vide résoudre santé compter pénétrer presque.,2019-11-23,2094
4168,805,2,Partout inconnu hésiter or noire revoir atteindre ruine.,2019-12-20,4036
4169,151,3,Il puis faute sujet dès seulement banc doute tenter condamner rire manquer.,2022-08-23,4729
4170,162,5,Sérieux autrement drame colon surveiller signe nuage demande arracher parfaitement posséder je silence.,2023-05-13,5131
4171,206,2,Cercle durant résoudre connaître camarade puissant rouler étendue apercevoir ce près.,2022-08-05,312
4172,1247,2,Projet effort flamme ministre relation épais tout chaque.,2023-11-25,1305
4173,745,3,Quelque envie homme dans spectacle instinct visible chiffre.,2019-12-06,5837
4174,285,4,Mal santé paraître coucher cheveu obtenir étudier vêtir rideau.,2024-09-18,4083
4175,544,5,Secrétaire traverser remercier situation cinq absolu politique genre imposer animal.,2019-09-07,5079
4176,863,4,Qui ne durer rire trente sérieux droit.,2022-07-16,3468
4177,964,3,Lors droite compte étendue creuser former école journée vieillard.,2023-08-23,952
4178,302,3,Sien davantage million avancer rester mentir défendre joue observer.,2020-07-08,3253
4179,804,3,Revoir jeu élever table chaque cas jouer paysan partie vrai.,2021-03-17,4531
4180,1278,3,Recherche sous défendre retenir plein campagne autrefois armée.,2021-05-12,5459
4181,1443,5,Expliquer mériter prononcer long auprès ramener y cerveau conclure garder bonheur réunir content.,2023-07-25,4396
4182,34,1,Parfois instant tendre précéder coûter ramener particulier politique folie malgré prévenir.,2023-03-21,4592
4183,1167,3,Facile ni manier haine durant son riche souffler lumière.,2022-03-21,634
4184,515,1,Prétendre poser blond sembler décrire plaine mille pointe avenir commencement habitant produire.,2024-03-14,5325
4185,496,4,Contenir colon attaquer portier porter ventre dix inspirer.,2024-01-16,968
4186,943,1,Sommet inspirer pourtant épais manier au expression considérer combien cesse bonheur venir.,2020-01-04,624
4187,410,3,Cent terre plein politique essayer retourner ailleurs supérieur aller habiter.,2020-05-17,5183
4188,916,3,Vague vaste tendre hier moitié or froid si possible monter point mien.,2022-12-10,5382
4189,431,4,Cesse étouffer gauche serrer extraordinaire hasard appuyer.,2022-07-22,815
4190,792,2,Abri affirmer respecter front court dieu détacher choisir éloigner dernier dix centre.,2020-08-26,747
4191,702,1,Fonder car jeter voiture drôle davantage écouter homme doucement.,2024-07-16,3463
4192,536,4,Agiter conseil soirée bande fenêtre règle général facile plonger sang froid.,2024-11-21,1691
4193,764,4,Presque soutenir respecter nommer suivre saluer comme adresser partir projet frapper.,2021-10-15,4106
4194,687,1,Crise posséder ah blanc demande empire éclat peu quelque place.,2019-01-11,4872
4195,322,4,Avance tenter parvenir pourquoi cela cercle après visible autre vite.,2023-10-24,3791
4196,1080,3,Ramasser non ordre mariage profond chat appartenir mot fille comme en jour.,2024-06-23,4076
4197,145,4,Facile attitude plaine ignorer patron grâce gouvernement disposer réponse temps rester important.,2019-11-28,3058
4198,460,5,Suivre mériter cela où vrai précis donc vaste cela.,2025-07-28,3074
4199,708,3,Prononcer troubler paix demande manier nation argent esprit commander monde rêver soumettre passer.,2024-11-19,1660
4200,928,4,Suite coucher pas tour casser souvenir arriver.,2024-11-25,3775
4201,810,3,Comment moment pleurer accorder traîner moyen gens anglais empire apparence tourner quinze chaîne.,2025-06-20,4114
4202,52,2,Envoyer colline seconde longtemps passer objet surprendre gros entendre dame souffrir.,2020-10-25,653
4203,379,1,Sec aile voyage notre école vérité pourquoi front reposer propos chacun habiller.,2019-01-02,2930
4204,1351,2,Sentir lendemain parfaitement moyen long curieux retomber hier.,2021-01-21,5859
4205,1312,2,Parvenir est grand proposer paquet corps militaire enlever.,2025-11-13,1910
4206,1235,5,Pensée paix car nécessaire pur exiger sueur cacher rassurer paquet en fatiguer.,2022-10-06,4324
4207,311,5,Campagne naissance ailleurs mesure amuser exprimer achever arme inviter.,2024-08-29,263
4208,935,2,Supposer si paquet position rayon agent écraser gloire pencher bientôt.,2019-09-05,2414
4209,1066,1,Amener installer contre force courant effet violence sec devant premier jeunesse mentir.,2021-10-16,3526
4210,197,1,Permettre vouloir aspect l'une étoile relever habiller seuil quart précis si.,2024-11-02,3386
4211,371,2,Durer dernier droit françois position raconter.,2023-03-20,415
4212,1188,3,Retirer poser bout effacer race santé preuve créer être siège liberté.,2019-05-11,1473
4213,1292,2,Page espérer souvenir fenêtre mieux foule toi celui exposer espèce sac compagnon.,2022-05-19,1842
4214,963,1,Danser haine accuser large voisin caractère terre sac arbre barbe.,2021-10-05,3818
4215,488,1,Commun fermer jeu passion intention absolu cela queue yeux.,2023-02-11,4709
4216,1131,5,Quelque réserver respecter envoyer divers sou arrivée retour menacer départ désert.,2021-12-24,4796
4217,811,4,Famille six rencontre grandir ignorer règle mode haute inquiéter champ été ouvrage.,2024-01-11,1564
4218,1051,5,Grain pouvoir race vue saint saison dessiner observer éclat joie.,2020-02-10,2414
4219,955,2,Seigneur renverser secours quand me animal près hésiter.,2020-02-05,5661
4220,423,2,Liberté confondre retirer en vêtir éteindre visage drame ignorer discuter nu naturel beau rien.,2025-06-29,5303
4221,778,2,Entraîner lutter éclat vraiment peine fois papier cent fleur seconde.,2020-12-23,2291
4222,1376,4,Commencer poche sombre porter certain terrain inconnu air chance valeur.,2024-05-14,5437
4223,1309,1,Sol danser retour puissance aucun titre gouvernement.,2023-11-12,5030
4224,976,4,Entourer relever espèce sac fonction unique donc chemin voir ce.,2021-11-15,2971
4225,1297,1,Ancien fortune mine français beau poursuivre découvrir conscience.,2023-12-14,4421
4226,245,2,Ignorer réunir planche ici été interrompre fort exposer compagnie relever retour.,2021-03-21,2292
4227,755,3,Essuyer terminer engager ce compter durant.,2024-11-02,1317
4228,525,1,Être donner verre troisième lueur prochain voile.,2019-09-21,1418
4229,679,1,Matière rapidement contraire partout général retrouver tranquille paraître commencer humain paraître hier espérer.,2020-05-27,2054
4230,1184,1,Raconter social engager image aucun société allumer.,2023-01-24,3063
4231,741,4,Tourner village fille en en davantage examiner courant début poste.,2025-07-06,2215
4232,757,1,Geste port rôle est rond goût étonner complètement hiver rose triste coin chasse.,2022-01-08,2393
4233,922,3,Erreur bois rose homme révolution nous révéler tant.,2022-12-12,1919
4234,465,3,Bien peu parcourir détruire porte après.,2019-05-31,4644
4235,818,5,Supérieur pain embrasser chat tout pont satisfaire plonger réalité bleu.,2023-07-21,5727
4236,493,1,Monter marche plutôt interrompre arriver jeu naissance capable lourd convenir chercher.,2022-05-09,5255
4237,878,2,Y dame choisir oeuvre justice cabinet pierre entourer discussion importance humide.,2019-10-25,5713
4238,1092,2,Joindre page père bleu dernier attitude bête.,2022-08-11,4660
4239,627,1,Mener exemple l'un calme second enfin tard voisin lors coûter étaler désirer oh.,2024-09-27,4598
4240,967,1,Figure couleur tâche honte oeuvre sous consulter.,2021-03-02,1672
4241,690,4,Public six réel consulter par témoin chaise masse seigneur endormir former soudain.,2021-06-17,2034
4242,387,1,Chaud année course remplir apercevoir aspect fait cercle quitter garçon article.,2024-12-02,496
4243,1407,4,Suivre palais bras terrain moyen oncle caractère lourd oiseau humain comprendre saison lèvre.,2021-01-07,5089
4244,925,3,Tapis aller appuyer affaire par seulement printemps.,2024-01-26,2893
4245,234,1,Moyen causer ligne digne valeur ville armée.,2022-11-29,2029
4246,392,5,Saison envelopper meilleur toucher face rouge apercevoir confier rejeter regarder gauche.,2021-05-29,4213
4247,136,4,Calme salle mémoire vérité nuit avis autrement doucement chute ce dessiner.,2025-03-22,4063
4248,1327,1,Dernier erreur imposer façon léger sang pourquoi habiller représenter importance chaleur.,2024-06-07,2715
4249,1041,2,Envoyer saint connaissance parole fonder rang paquet éteindre cependant contenir perte marcher.,2023-08-15,5590
4250,538,5,Soin vie saisir début main vers rejoindre.,2023-03-28,2765
4251,1079,5,Jouer riche quinze acte chercher monde voler plein midi paysan vêtement larme appel.,2023-12-24,1360
4252,910,2,Droite champ autre jeune auquel payer.,2019-08-06,2891
4253,45,4,Vivre cou comme instinct chiffre couper paquet danger chair précis quelqu'un deviner fou.,2021-12-27,4700
4254,895,1,Y trop plaisir rire partager besoin regretter mal dent entre.,2022-02-11,491
4255,200,1,Tellement espace fort hier gagner accord enlever avec instant arrêter.,2025-03-25,4254
4256,1495,3,Depuis parfois poids semblable nul parfois.,2021-07-07,1884
4257,382,2,Ci soutenir entretenir exprimer inconnu beaucoup garder acheter présenter.,2024-10-07,2551
4258,152,4,Ton école aujourd'hui doigt dehors après remonter court nourrir vert village.,2022-01-23,54
4259,1363,1,Plaisir noir fier attention demander désigner âgé réclamer part inquiétude jaune.,2021-12-03,5863
4260,350,5,Quatre nerveux dehors secrétaire poursuivre pareil.,2025-08-02,5524
4261,442,3,Autant cuisine vieux avoir rouler remettre monter fait déchirer sans possible.,2022-04-23,4527
4262,353,3,Feuille envoyer entretenir presque poitrine attirer foule naître étroit mentir détail.,2019-12-15,1901
4263,1284,2,Vrai brûler événement composer nu ah moins quel oncle quoi lourd intérieur.,2019-08-01,996
4264,270,1,Coucher fidèle papa nord longtemps apparaître compte frère docteur tendre glace troubler.,2019-06-09,673
4265,338,1,Pouvoir considérer partir éloigner six lier rouge pencher fin tenter solitude attacher.,2019-07-11,962
4266,110,1,Ancien attitude place content groupe note liberté.,2020-06-03,3595
4267,902,2,Me peuple mari genre toucher élever pleurer secours.,2023-02-21,2991
4268,565,4,Réserver nord fait vers subir retomber fixer vieux.,2024-09-14,2732
4269,175,2,Peur haute fuir garde branche autrefois absolu là nécessaire saluer erreur.,2019-10-27,5800
4270,1096,2,Triste entendre solitude sentiment machine classe précéder or.,2020-11-06,2284
4271,1055,4,Changer arriver au résultat argent rare résultat toujours neuf juger bureau sueur position.,2021-05-28,5440
4272,492,2,Monsieur social dormir doute fête politique jeu mien mien.,2022-09-11,2637
4273,1003,3,Aspect escalier sable traîner accorder échapper jouer prochain fruit livre oeil militaire espace.,2024-10-12,134
4274,712,2,Ignorer poitrine parvenir croiser ciel ensemble prochain propre cours essuyer joue tout âge.,2022-07-05,5779
4275,891,4,Donner blanc aujourd'hui humide présence doux avancer plaire quant à.,2019-06-27,3042
4276,870,4,Découvrir saluer faveur trésor être peine ennemi facile dont chacun amuser plan.,2022-12-06,1519
4277,70,4,On fuir voisin importer lisser un traîner oser tâche magnifique posséder.,2023-06-22,266
4278,929,1,Sentir commander fixer drôle détruire pourquoi blanc mariage craindre bras taire.,2025-01-10,4897
4279,737,4,Tempête nuage parti remplacer roche parvenir complet banc fête.,2024-09-27,4957
4280,454,3,Esprit voici emporter fumer saint douter visage.,2024-09-11,5911
4281,472,4,Propre absolu prier chemise ministre fauteuil abri y genou recueillir.,2025-03-13,1793
4282,1440,5,Village représenter nuit membre rayon décrire seul.,2021-03-12,4137
4283,402,3,Amuser respect retomber certain étrange seuil lourd calmer bataille.,2024-08-22,2402
4284,769,4,Science appartement plusieurs traverser marché auquel réveiller calme.,2023-10-17,136
4285,1205,2,Renverser silencieux souhaiter vendre heureux projet prier entretenir profondément soldat drôle gauche divers.,2023-02-02,1075
4286,908,5,Avenir pareil prière feu mien former moyen visage route aller rouler.,2020-06-23,5556
4287,1444,3,Ciel chez lieu face sol auquel voie envie simplement français avancer affaire.,2023-09-12,3650
4288,636,1,Caractère contre ciel interrompre arracher derrière mine sous lendemain flamme.,2020-07-10,525
4289,933,2,Agent sang soutenir sonner commun pouvoir mal.,2022-01-03,2856
4290,1282,4,D'Autres on achever observer détacher beaux médecin unique d'autres diriger fois.,2025-06-21,978
4291,499,2,Véritable tapis vif accomplir noir autre pauvre cabinet juger maintenant vingt.,2023-01-24,4235
4292,820,3,Obtenir apparence oncle poids mémoire jeu glace papier argent.,2019-01-17,1207
4293,327,1,Enfance douter journal déposer sous noir bruit marcher déposer suite.,2024-05-03,4956
4294,752,3,Revenir plaisir avant attacher pensée âme faveur marcher taire fine.,2025-12-07,4542
4295,1349,4,Tapis métier plutôt voisin chercher douze simplement leur éclairer ouvrir pourquoi joindre.,2021-11-21,783
4296,1194,3,Eh monde chiffre travailler montrer premier lourd voyage.,2021-04-29,5909
4297,1288,2,Continuer souvent cher pauvre devoir fumée.,2019-09-18,1360
4298,769,5,École tandis que cela dimanche répéter noire profond prince marquer aide.,2022-11-18,5146
4299,1332,5,Instinct mari danser cependant devant circonstance taille nouveau banc voyager oui colère.,2019-05-29,4220
4300,750,2,Voyage poste cesser écouter sueur préparer inquiéter animal escalier promener apporter.,2023-02-22,5570
4301,386,3,Rouler preuve rien fond intérieur retrouver.,2025-03-25,1707
4302,1449,2,Prévenir genre casser partout me muet recherche perdre coucher revoir répondre sous.,2022-04-22,1083
4303,71,4,Sou former reprendre animer lentement air.,2022-04-04,288
4304,908,5,Jusque attendre amour vaste fort rappeler douceur couper cerveau énergie tendre tempête curiosité.,2022-12-31,654
4305,1107,4,Patron prochain croiser quel côté étendue au jeune rocher toucher aucun.,2023-01-16,1326
4306,1293,4,Près joie apporter appartenir pied connaître.,2019-11-17,5819
4307,1070,4,Brusquement garçon morceau système expression soulever employer.,2024-02-11,1146
4308,62,5,Calme douze robe avant vieux repas falloir fatiguer éviter doigt.,2022-07-20,1454
4309,701,2,Guère auteur époque accord peur réfléchir loup espoir durant nuage briser apprendre plus.,2019-03-12,1971
4310,826,1,Cinq but doux besoin surveiller expérience somme tomber contre courant conscience.,2020-09-20,2288
4311,526,4,Écraser entourer faim éternel spectacle effet raison conscience.,2021-05-20,23
4312,432,4,Place peser si fidèle poche prévoir coûter vue abattre révolution rire.,2025-10-06,1076
4313,2,5,Étroit certain soulever vieux animal personne.,2025-08-03,1743
4314,1336,1,Mur éloigner parcourir prier manier exemple calme oeuvre attacher remarquer obéir celui.,2022-12-16,1154
4315,179,4,Recommencer fuir veille lutter ça printemps.,2020-07-08,5602
4316,404,4,Souvent intérieur parent flamme rejeter ligne décrire puissance riche immobile occuper côte croire.,2025-08-09,959
4317,856,2,Dimanche delà reconnaître saisir joli lire.,2024-02-25,5096
4318,1319,2,Phrase lendemain jaune sentiment devant honte marchand agir l'un.,2024-11-13,4674
4319,378,1,Coup carte position départ naturellement état appartenir abattre tellement silence violent toucher.,2023-06-28,2615
4320,704,2,Rejoindre chat jeune vêtement certes réfléchir juger digne tracer obliger soleil.,2025-08-27,2083
4321,888,1,Sou chaleur voix dégager joie ce.,2023-02-07,3753
4322,487,4,L'Une défaut erreur rêve rencontrer large dessus femme rire plein entier quelque.,2020-08-15,5474
4323,731,2,Certain combat classe neuf roman observer poids doucement avenir hiver je glisser.,2022-05-21,1578
4324,981,2,Dire travail étude papa vivre voyage exemple craindre avoir membre société partager.,2025-06-13,1353
4325,35,5,Emmener joue absolument vendre monter discussion.,2021-02-23,996
4326,1175,2,Patron commencer avancer rien montagne recommencer autre dangereux chambre si trace longtemps me.,2023-10-29,4662
4327,96,5,Devant discussion réclamer science tôt pied blanc.,2024-10-09,4006
4328,799,5,Nouveau frère payer franchir face demi pur mal amour agir ouvert nouveau lutte produire.,2023-11-02,1102
4329,1104,2,Pauvre forêt témoin asseoir désir fidèle jeune entrée lutter fonder odeur.,2020-03-22,419
4330,284,4,Mur bouche résultat discussion demi abri exemple goût égal papier.,2022-02-21,2609
4331,591,2,Lutter fête où place imaginer suivre but précis derrière sueur.,2023-08-31,5306
4332,717,1,Entendre bouche réponse essuyer raconter rejeter acte surtout joue scène.,2019-02-23,3971
4333,1039,4,Rapport sang écraser poser jeu apparaître somme.,2020-06-30,3116
4334,263,3,Erreur ici joue entourer million habiller.,2019-12-26,1526
4335,1410,3,Champ peser genou poussière abandonner toi.,2021-02-18,3298
4336,510,2,Ton arrière certain résoudre long tout oreille penser rencontre personne.,2024-07-28,2257
4337,1214,2,Groupe spectacle peuple compte écarter cinquante siège danger discuter enfin.,2020-01-27,5015
4338,53,4,Bas dès compte parce que du magnifique rouler jamais traverser muet impossible.,2025-07-20,3401
4339,980,2,Aile article songer sept conduire problème intéresser arrêter fine.,2023-03-26,3054
4340,1463,4,Noir accord éviter votre vide puissance départ conclure tenir.,2023-05-23,2722
4341,232,1,Finir partir homme visage vite drame fatigue aussi ramener courir.,2024-06-22,4117
4342,519,2,Naturel passage plein résultat course retrouver rendre.,2020-12-28,4244
4343,213,3,Arrière ancien jamais mort soirée guère source réponse âge.,2020-12-05,2681
4344,1378,5,Préparer lendemain étoile respecter herbe ton devoir sable poussière.,2024-01-28,5161
4345,567,5,Taille déposer rôle leur étonner million non remarquer enfance vue as tandis que empêcher.,2024-03-27,3530
4346,674,2,Étage chasse éclater sens moi pointe couler chaise petit terreur commencer ligne quel.,2024-07-12,4617
4347,336,5,Saint réfléchir ciel fête vaincre nu.,2020-05-25,2718
4348,1426,3,Ouvert dépasser moment même meilleur dominer milieu pareil porte couche indiquer lors quinze.,2021-08-03,1784
4349,1414,3,Produire avec yeux inspirer violent chacun sommet installer.,2021-02-02,5637
4350,537,3,Ne chanter soumettre sentier figure éteindre et.,2023-04-13,3668
4351,1433,1,Presser reprendre trésor respecter femme croiser terminer tant divers avance rêve parce que.,2021-12-01,2585
4352,1319,4,Sombre perte maison d'abord rouler son rêver contraire règle planche remettre.,2023-08-22,3985
4353,690,1,Trop trace essuyer devenir accuser me doux aucun rôle ligne empire.,2021-10-22,2864
4354,1459,4,Horizon champ preuve ça que douleur tâche armer dangereux glisser premier.,2025-04-26,4521
4355,946,1,Million étendre accuser épaule mon pierre frais bande tandis que sens tracer.,2025-11-15,3543
4356,299,1,Travailler durer pain doigt désigner patron idée pencher chaleur image.,2023-12-11,2033
4357,1244,2,Parfaitement avouer véritable calme lourd qui horizon amener énergie aujourd'hui surtout.,2020-04-12,5951
4358,1309,3,Dont sueur durer fille sac disposer marcher relation mieux.,2019-03-20,5111
4359,56,2,Au côté dehors quel grave retomber franchir.,2023-05-30,2634
4360,1043,1,Rejeter troisième notre somme faible consentir entourer atteindre capable chercher poids revoir.,2025-10-27,3971
4361,1394,2,Soudain système bruit prononcer vendre immense espérer promettre combat elle mot tant couche.,2022-11-27,2936
4362,730,1,Effet sentiment couler trace personnage accuser occasion.,2020-10-24,1283
4363,216,5,Caresser longtemps ceci abri fonder surtout tu permettre lier beaux prendre.,2019-02-13,117
4364,225,4,Voyager peser but sien marquer puissant voie marchand riche on remplacer.,2021-11-11,5075
4365,89,4,Vol poche quel poste quatre fort heureux danser sérieux jusque.,2020-07-16,3646
4366,376,5,Visible joie voile guère gagner réclamer vivre espoir condition apporter papier souvenir.,2022-06-10,1312
4367,959,2,Obliger mien il ouvert entendre fils.,2019-05-25,4620
4368,355,1,Sein renverser soirée lutte frais sang droit autre endormir d'abord pur acheter envelopper.,2021-01-04,2999
4369,1273,1,Aussi frais permettre ici lendemain matière page adresser sauter étaler passage humain.,2023-02-23,1592
4370,1372,1,Verre chose veiller même comment terme jusque ancien ça.,2022-08-28,2636
4371,516,5,Père facile vivant jambe siècle indiquer près prendre savoir pain seconde entier.,2019-12-30,5904
4372,822,4,Tant six connaître inventer briller triste fatigue empêcher noir complet auteur article.,2020-09-23,2977
4373,545,3,Appuyer guerre prêter loi troisième composer coûter.,2021-04-03,3429
4374,328,1,Chef instant aspect accepter fenêtre arracher.,2023-04-29,771
4375,382,1,Troubler tant magnifique car bord police bonheur.,2024-02-03,2198
4376,1488,4,Colline huit ton médecin importer elle complètement juste pays pont.,2022-02-24,903
4377,476,5,Gris tendre escalier quatre paysan étaler ramasser.,2024-03-23,3800
4378,698,3,Travail poète victime pendant avancer devant assez auteur.,2019-01-21,1580
4379,383,5,Cuisine long vingt billet parfaitement haut.,2025-01-06,1653
4380,432,4,Garde trésor et bien endroit pur verre un dieu étendre.,2019-07-07,172
4381,126,3,Indiquer saluer ruine lèvre créer dont tôt clef as.,2019-05-22,1884
4382,1164,1,Solitude accent solitude ceci ignorer rester vert frais part grandir.,2021-01-12,2089
4383,961,2,An asseoir surveiller dos que quart lune poitrine vêtement tel eh.,2022-05-16,4406
4384,948,5,Enlever fils enfant peine flamme front corps.,2025-08-13,4853
4385,868,4,Chute seulement éclat désir imaginer danser puissance d'autres endormir jamais rôle sou herbe digne.,2024-03-21,1716
4386,878,3,Lèvre lutte titre gouvernement immense agent violent.,2022-12-24,2537
4387,17,3,But tandis que acheter ou étude sortir vieux seuil gauche règle garder fusil élément afin de.,2021-08-31,1008
4388,444,4,Entrée disposer court rassurer rôle faute signer plaire service sac simplement soi attitude.,2022-07-20,1812
4389,145,5,Carte fer haut branche descendre ennemi.,2022-08-01,4286
4390,1056,3,Sujet animer figurer dernier rendre que étoile.,2025-09-02,967
4391,42,4,Cri front voir combat certain tempête vieillard.,2024-01-31,3064
4392,1314,5,Frapper forcer devenir espèce plutôt chaleur quart toi rayon préparer vaste jouer barbe.,2025-01-07,245
4393,1254,3,Danser ce marche ouvrage justice autre regretter.,2022-01-05,1682
4394,499,3,Recueillir âme noire faux également peser cinquante défaut vieux se.,2022-10-31,1563
4395,281,4,Moment oser chef parent précis femme aller silence part personne été étaler.,2021-08-11,642
4396,1342,5,Rentrer fauteuil rare moitié lentement occasion joindre angoisse lever ce.,2023-01-01,4669
4397,88,5,Vague fille abandonner prévenir acheter semblable hier douter.,2025-12-21,3023
4398,385,1,Diriger joie nord poussière puisque couleur éclater saisir.,2022-06-23,3902
4399,1437,3,Oser aimer ignorer article eh couler soldat point.,2019-08-21,3613
4400,312,3,Réponse désert séparer danser souhaiter noir ce subir ordre mesure mur oser manquer.,2020-02-06,5426
4401,1007,4,Eh madame salle qualité part cours content trace gens menacer but.,2020-12-01,5790
4402,37,3,Habitude attaquer reprendre impossible désirer grain science moment attitude joli changer queue toile dernier.,2023-02-22,4043
4403,1141,3,Résistance corde dehors bête sujet tempête oreille d'abord trois.,2021-05-04,81
4404,1117,2,Montrer quant à anglais mêler passé île rideau partager frapper rapide vague particulier.,2020-06-08,4706
4405,573,2,Rapidement regard aller terme haïr dur l'une palais gouvernement voisin reconnaître.,2023-02-23,4247
4406,721,1,Jouer fait tantôt savoir chiffre rencontre couler travail.,2020-10-16,3532
4407,800,3,Point meilleur village ici perte fuir feuille souffler plante conclure charge apercevoir trace.,2024-11-04,5588
4408,1244,3,Contraire désespoir détail prix qualité si.,2023-10-14,1417
4409,29,5,Lequel traîner étoile frère lourd apprendre.,2025-09-15,2396
4410,745,4,Mince sans boire mener fort papa métier disposer.,2021-04-11,1229
4411,1253,1,Aucun marche cinquante au émotion sentier grâce fermer enfant doigt unique toit.,2019-02-05,229
4412,1494,1,Question juger assister pauvre printemps entretenir confondre toucher ou autrement placer.,2022-10-10,2030
4413,789,5,Vieux cheveu tenir léger révéler mentir projet affaire chasser.,2021-01-03,1052
4414,1173,4,Absolu de paquet assez usage eh.,2021-12-09,4908
4415,6,2,Soutenir abandonner différent marcher arriver arme sombre époque qui arme ainsi coin convenir employer.,2025-07-30,748
4416,1227,2,Fait rencontre comment fidèle pénétrer prononcer taire armer taire figure.,2024-12-02,1875
4417,36,1,Drame hésiter éclat danser mettre mieux suivant dégager matin officier depuis bien confiance.,2019-03-29,255
4418,1204,3,Pourquoi soirée obéir garde ceci but.,2024-04-08,3883
4419,127,1,Loin chez jardin sang libre douter.,2020-07-20,5162
4420,1453,3,Risquer signe plaine combat odeur circonstance.,2021-11-16,4941
4421,586,2,Terme perte gauche grain falloir retrouver endroit but.,2020-03-21,2135
4422,1477,4,Résister prix visite soleil ni voiture prêter digne fait.,2024-01-16,5517
4423,415,3,Naissance montrer bois de tâche tête presque figurer appartenir.,2025-06-19,2591
4424,180,5,Garde lui convenir simplement cas contenter aller résultat confiance claire barbe espace occuper.,2024-03-17,2130
4425,569,4,Carte fixe éprouver désir fatiguer terre.,2019-06-15,5095
4426,1341,1,Marquer fête tendre lors eau genre beauté cacher bas remarquer président.,2023-04-14,1861
4427,1031,3,Calme dimanche réalité éloigner reconnaître désigner étendre poids arrêter.,2021-12-25,1930
4428,814,1,Vide santé type je mal plutôt disposer gauche quelque doux douleur.,2022-11-02,4732
4429,34,3,Amener haute carte demeurer en rien respect.,2019-05-24,402
4430,245,3,Salut sentiment chambre malgré différent auteur question intérieur tout jeter conclure saint.,2019-06-19,5910
4431,1453,2,Nord aussi plante chance servir réserver dix discuter cercle défaut réserver nerveux.,2019-05-27,225
4432,689,1,Saluer idée gauche mouvement presque plus ciel.,2022-08-25,5331
4433,120,5,Parvenir rentrer ancien grand prononcer parole retirer.,2023-09-05,5879
4434,894,2,Sien fumée moment silencieux pendant âge homme creuser soulever.,2023-02-21,602
4435,189,4,Forêt installer ligne lumière garçon confiance demi animer.,2021-06-06,2414
4436,400,3,Plusieurs éprouver fusil reculer cesse centre perte propos rapide ignorer.,2022-07-07,5074
4437,111,1,Apparaître brusquement gagner cheveu nul partout décrire voici.,2023-03-26,2386
4438,1367,4,Rêve discussion exiger violence race caractère lune conclure tantôt étaler plutôt.,2022-05-26,425
4439,83,4,Cas pourquoi réunir étage oeil approcher demain fixe.,2019-09-09,3869
4440,1150,1,Pas liberté sept lentement voir pauvre présent obéir million voyage imaginer renoncer.,2023-02-09,3516
4441,659,4,Sauvage fois folie puis nuage école cri satisfaire fatiguer mesure peser dix.,2022-10-29,1264
4442,1054,5,Attitude aucun tour air puis métier quarante entretenir quatre terre sou goût espérer.,2019-03-16,1289
4443,801,2,Projet devoir que long prison sable.,2024-03-03,3263
4444,182,1,Prévenir tempête rapport savoir théâtre deviner.,2020-08-28,3600
4445,1325,5,Bleu lendemain gloire comment autre intérieur flot trop étoile.,2023-05-30,1976
4446,413,5,Fer témoin danger année habiter garde impression.,2021-08-24,3434
4447,285,3,Crier son près vie tout soleil nécessaire appuyer drôle cinquante passage reste ventre.,2025-01-02,1303
4448,1061,2,Expliquer étonner fumer fenêtre clef cheveu confier rêve.,2022-04-20,4080
4449,1342,4,Attaquer frais tromper puis tuer grand saisir autrement plaisir mort banc silence.,2019-04-24,1023
4450,222,4,Lequel regarder hésiter fruit saison descendre entraîner.,2022-10-19,4865
4451,393,3,Silencieux agiter paraître sonner monde repousser conversation détruire grandir.,2019-07-16,4282
4452,1275,2,Lieu médecin rang voler recevoir toute poète voyager.,2025-06-26,4480
4453,353,1,Pareil encore installer agir craindre arrêter faveur impossible compte saint ton social.,2020-03-23,866
4454,817,4,Souvent part tracer enlever pays grave reste particulier ordre causer.,2019-08-10,3616
4455,1121,4,Divers encore paupière vaste crise classe front livre chercher.,2023-06-15,28
4456,992,1,Rapporter l'un puissance mériter quarante rond.,2021-08-22,4757
4457,155,5,An terrain existence prévoir mur terreur profiter intérieur.,2024-01-09,5909
4458,247,5,Lettre déjà taille trouver valeur maître sonner moyen marquer.,2020-01-10,3817
4459,270,1,Professeur point commencer respecter métier face arme craindre embrasser nuage preuve vent.,2024-06-23,499
4460,1406,4,Sueur soir nécessaire éloigner promettre part nouveau soutenir cher fenêtre haut assister.,2020-01-10,3423
4461,839,1,Machine chose hauteur plusieurs cabinet bon nord exprimer puissance.,2021-12-08,2340
4462,390,5,Coûter vouloir agiter jeune prouver précipiter amuser pied parvenir ruine nerveux bataille.,2019-04-20,2315
4463,991,4,Songer système nombre commencer conseil léger différent.,2019-08-19,4916
4464,811,5,Honte debout apprendre déposer tourner résistance.,2019-08-02,1942
4465,1471,2,Feu ligne juste système couvrir alors poésie art précieux tendre renverser celui employer.,2019-02-08,2037
4466,609,2,Mourir plaisir paysage pas cent jouer.,2025-05-19,2819
4467,559,1,Sembler ci garde champ craindre digne ciel.,2020-03-21,465
4468,443,5,Réunir blond premier oeil souhaiter personnage abattre besoin vert essuyer vin.,2022-02-23,4369
4469,1225,5,Interroger curieux visible début auprès dernier.,2019-04-07,3399
4470,294,2,Faible chemin que ferme armer contenir.,2021-04-21,2942
4471,584,1,Forcer silence manger sept doute sentiment trembler souvenir.,2020-06-30,2096
4472,630,2,Ailleurs voir tout croiser couvrir route où race ou rocher.,2024-12-17,5871
4473,527,1,Reprendre très front mettre bureau accrocher départ cou enfoncer verser acte manquer prison.,2020-10-23,4596
4474,1191,1,Violence centre partager dormir élever couleur gloire lentement voisin attention membre puissance.,2021-01-13,1981
4475,328,2,Entre geste fonder parler recommencer discussion signer gris.,2023-10-24,3715
4476,225,2,Lever importer défendre chemin souvenir curiosité.,2021-08-15,2026
4477,89,1,Partager angoisse désert se respirer puissant.,2019-09-09,1860
4478,1121,2,Respect naître combien problème plus chasser droit grain dame mauvais.,2025-02-08,4355
4479,388,5,Sein bout repas être autorité sang roman juge vérité toucher dessus huit.,2020-09-08,4728
4480,1012,3,Dessiner patron inconnu source reposer court obtenir auteur.,2021-10-21,1427
4481,1313,1,Condamner mort science moitié voie appeler tirer d'autres sûr habiter chercher.,2023-09-10,2438
4482,851,2,Condition sueur oublier retirer devoir respecter glace observer faim poursuivre mal quel.,2020-02-03,2618
4483,1055,2,Rouge réserver remplir poste chute fauteuil suivre précieux environ fortune monsieur clair.,2020-09-08,5538
4484,613,1,Lieu quarante cinq garder centre preuve depuis drôle offrir.,2022-02-24,2763
4485,50,4,Bleu politique éclater soin peuple courant mêler joue contre un fenêtre fatigue agiter.,2023-08-02,3072
4486,1157,1,Retirer aussitôt commencement à saisir étage clef pièce rêve quarante un mer.,2024-05-02,526
4487,863,2,Claire agir mieux interroger profondément femme souffrir promener mort.,2023-07-07,197
4488,738,1,Vouloir cerveau bureau même ciel seigneur jambe gouvernement matin.,2020-10-21,1478
4489,1205,1,Poche quitter entrer accorder repousser risquer lequel descendre morceau prier fixe jaune.,2021-03-16,3437
4490,243,2,Accuser lentement demande tirer île appartement crise parvenir joindre pain.,2023-08-30,3700
4491,1105,4,Assez premier suffire apporter joue huit mêler ennemi prévenir colon.,2020-03-05,5425
4492,1108,1,Souffrance calme brûler semaine engager nombreux ou venir foule nu désigner appeler ancien.,2021-11-19,4184
4493,1105,5,Claire quoi gauche pourquoi profiter muet prêter garde selon vague pièce signifier défendre.,2025-12-02,3330
4494,500,5,Voix âgé désirer beauté branche oublier frais vrai époque rejoindre président.,2019-10-03,1175
4495,1357,2,Tout sauter sourire éclat queue lentement échapper rester fou intérêt.,2019-11-11,50
4496,587,4,Bois produire désir sauver jamais cruel éprouver regarder ici animal attaquer surveiller.,2020-05-30,1808
4497,1448,3,Entier homme exécuter d'abord sauter connaître chez tourner conseil ce fruit.,2019-01-19,2532
4498,263,5,Particulier là exprimer confier rouge silencieux séparer rompre longtemps précis sueur souvenir.,2025-05-17,5854
4499,1363,3,Bureau or respect étaler alors espoir franc autant avis vague herbe engager décrire.,2025-08-04,1988
4500,1362,5,Leur nord feuille inutile poursuivre long mesure.,2019-11-25,3390
4501,415,4,Même indiquer général émotion inspirer jeu plutôt franchir chanter.,2022-11-28,3709
4502,1098,3,Tour prière sentiment but impossible vieillard parvenir queue brûler mensonge frais abandonner personnage.,2024-08-24,4965
4503,929,4,Lier clef juste aller ressembler monsieur.,2023-09-09,1516
4504,610,1,Drame pouvoir créer un exemple soldat dehors partout.,2021-11-20,5823
4505,771,5,But monde ce facile sonner tâche subir chaleur ce chef espace agir garde.,2020-02-18,3296
4506,181,3,Interrompre arriver preuve traiter rouge bas guère rêver plaisir poussière.,2025-04-09,883
4507,392,2,Salle huit ennemi musique certain plan hors parmi.,2025-06-22,958
4508,1356,3,Enfin fixe confier attaquer moi doux d'abord million.,2021-04-28,5842
4509,59,3,Là travail exemple monde victime dur effort quel lier.,2021-10-15,1336
4510,1108,5,Occasion même doux lire précéder ligne pointe suffire comment comment étrange appeler non.,2024-07-02,3475
4511,145,5,Cependant debout sembler en dessus cas un ce fumée maître casser résultat.,2021-07-04,2269
4512,1247,1,Avance maison vivant commencement très semblable émotion état inspirer foi calmer.,2019-09-02,5960
4513,446,3,Huit rideau spectacle éviter impression robe.,2022-02-10,4685
4514,38,5,Un pour vouloir changer rond d'autres juge baisser placer.,2025-09-15,5401
4515,1006,3,Arme ancien façon chemise lutte quatre geste.,2023-10-07,974
4516,122,2,Tombe hasard mort sourire objet mort déposer prince pouvoir.,2019-12-02,1983
4517,951,2,Différent gloire lisser lisser lutter pur quatre livre sou devenir monsieur.,2022-04-12,954
4518,1016,1,Attirer comme large après ministre établir ferme fatigue présenter habitude depuis neuf ci.,2024-08-05,5592
4519,766,4,Taire courant facile place gloire dans saint valeur homme.,2023-12-23,5299
4520,654,4,Étouffer jeter attention loin loup suivre venir moins sept soi.,2022-03-25,4218
4521,1029,4,Triste doute doucement plaine tâche taille jamais bien.,2024-03-12,220
4522,1196,1,Chant étude pays calme trait contenter réunir fumée nation frais réussir.,2021-12-20,4239
4523,1159,4,Savoir étranger allumer devoir dès départ terre tenter.,2024-10-22,3920
4524,253,2,Vous cinq lit article rocher tantôt midi voler puis depuis sauver l'un épais.,2022-01-01,5728
4525,1261,4,Réflexion préparer énergie lourd étrange pensée meilleur attention dormir théâtre refuser.,2022-07-18,5418
4526,17,5,Rentrer art hors empêcher parent toile compagnon égal surprendre assister.,2020-11-12,2956
4527,983,5,Rapporter lien impossible remercier fois regard éviter.,2021-03-27,4320
4528,841,2,Quelque quelqu'un force ruine avant erreur vivant jaune poète trente que.,2021-03-23,3905
4529,1438,1,Apprendre femme éclairer accuser problème qui hôtel.,2021-02-22,1380
4530,954,2,Ancien rideau fin passion risquer fine figure.,2024-06-07,2644
4531,846,5,Lien entourer face rendre lueur gloire jambe réclamer lien.,2022-05-15,4743
4532,1249,4,Afin De vivre vieillard liberté disparaître dos aussitôt fatigue approcher mourir maison.,2024-05-12,274
4533,586,4,Roman calme résoudre vague monde fumée aussitôt déjà passage confiance commencement société conscience.,2023-11-26,1008
4534,1362,4,Étage cela jeu entrer principe surprendre exister profiter fil genou faire siège.,2024-11-14,4632
4535,301,4,Couvrir convenir à agent ramener mourir appartement content quitter yeux visible.,2023-02-11,2622
4536,827,5,Chiffre grain mesure que bon titre pierre.,2025-03-08,502
4537,719,4,Réclamer moyen étonner tapis y soldat couvrir même beaucoup ensemble jaune.,2024-09-23,1415
4538,77,4,Non taire livrer religion hésiter existence madame.,2023-07-29,3048
4539,1196,5,Leur trembler caresser action permettre distinguer enfance obtenir corde.,2022-06-13,4880
4540,362,5,Ce cruel deviner être comment art interroger prononcer confondre examiner camarade faux demeurer.,2024-05-07,4951
4541,1171,4,Sourire étrange conseil clef naturel un aujourd'hui attacher sûr protéger pointe secours douze.,2024-06-18,2166
4542,980,1,Herbe sec l'un désirer même écrire soin habitude quitter.,2024-09-29,879
4543,871,4,Approcher milieu rang journal joie demain.,2020-05-26,489
4544,1414,3,Père allumer heure droite tout conscience détail ouvert.,2019-12-09,2512
4545,1259,2,Quant À subir occasion soin présenter long effort jambe tendre salle absolument fonder.,2019-03-18,540
4546,1385,4,Avenir pensée chaleur traiter mal conclure chant.,2025-04-18,453
4547,505,3,Paysan même impression manier fumer encore seigneur tôt baisser changement demain tenter puis.,2020-04-01,2338
4548,1360,2,Retourner envie lutter charge nerveux femme.,2024-03-01,4481
4549,1356,2,Arme chasse étendre article jamais classe oreille sans loin entourer argent dresser.,2021-12-26,4739
4550,751,5,Souvenir souvenir nombre silencieux découvrir faveur celui lutter inquiéter droite maison.,2024-04-18,1365
4551,501,2,Son eh oublier abandonner lèvre musique convenir soir ah secret.,2019-08-12,737
4552,1363,5,Plaine dame remarquer liberté chaise noir vingt vêtir entourer.,2024-12-16,5555
4553,1276,5,Attention est personne digne roman service soulever papier ancien paquet mensonge air camarade.,2020-07-24,5187
4554,117,5,Peser représenter finir souvenir doigt employer lieu.,2023-12-12,5599
4555,1336,2,Établir siècle courant eaux suivant aventure mari hôtel léger quand officier présenter.,2025-07-05,522
4556,514,2,Inventer quinze nous papa abri importance devoir atteindre cours.,2021-05-03,3391
4557,1188,1,Arrière toit long queue etc inspirer rencontrer mariage enfoncer eh.,2020-05-21,1536
4558,524,3,Couvrir importer sûr marquer conclure voile assez sable terre moi travail.,2024-12-23,3372
4559,1119,5,Histoire jeunesse inquiétude prêt pendant nuage couleur même fille loi silencieux cheveu.,2022-01-27,1273
4560,303,4,Haut perdu patron choix de moins argent chaise garçon obtenir long or.,2022-07-25,3338
4561,60,1,Avant chiffre blond fort imposer maison puis odeur plan yeux.,2025-08-30,229
4562,644,2,Campagne protéger consulter claire soleil depuis pluie moyen.,2024-11-24,5315
4563,1432,5,Condamner poste faire second moment traiter.,2025-10-08,868
4564,451,3,Profond répandre signifier poète saison trop profondément baisser victime nécessaire.,2022-07-17,282
4565,942,5,Apparaître détacher bataille beau réalité ministre comprendre.,2021-05-29,98
4566,584,2,Agent autant tombe expérience danger garde armer je eh rendre monsieur moi sentir.,2023-03-24,739
4567,471,1,Acheter gagner quinze recueillir seuil employer moitié rose.,2024-10-12,4020
4568,403,5,Fort témoin courant bas larme agent.,2020-12-05,2294
4569,1343,5,Animer pourtant ignorer être goutte social.,2025-03-19,399
4570,208,3,Mourir cas cruel ordre plaindre observer permettre vague chemise journal journal chemin promener.,2022-02-01,2183
4571,178,2,Femme battre ni immobile épaule silencieux maladie déjà.,2024-06-17,4885
4572,908,4,Principe en suite paupière dos valeur éclairer portier entraîner poche billet.,2019-11-07,3742
4573,1087,5,Enfermer difficile compter combat fatigue roche.,2020-06-04,5196
4574,172,3,Courant miser humide celui après étonner éviter type dépasser prononcer voix.,2019-03-11,2995
4575,1489,5,Dent arrivée croire troubler au encore geste précis distance dos inquiétude commencer.,2021-05-06,1922
4576,597,2,Fer nombre accompagner colon qui sur métier frais honte ramener affirmer monter personne.,2021-04-24,2578
4577,1043,4,Vrai foule espèce presser arriver sommeil.,2019-01-01,227
4578,616,1,Droit premier vide cent malade lettre effet important noire vin quitter.,2021-02-09,1905
4579,312,1,Poser garder jeter source noir sourire premier lors rose preuve écrire imaginer bras.,2025-03-26,4704
4580,236,1,Guère puis livrer noire installer manger sûr six mal.,2021-07-01,2311
4581,913,5,Joindre tombe livre aimer bientôt tellement glace rang jardin fille passer quel importance.,2022-09-04,2325
4582,952,1,Prison fonder bureau bas distinguer accompagner.,2020-03-04,1537
4583,129,3,Signer visage lier falloir certainement port suivre ouvrage machine rapide pourtant fenêtre.,2022-10-18,4555
4584,205,4,Front mois conscience claire convenir reposer parent secret.,2020-11-22,2107
4585,739,2,Agiter envoyer mentir jambe empêcher roman chance.,2021-03-22,5969
4586,1129,1,Distinguer parole masse calme terreur secrétaire feuille chance spectacle ministre donner poitrine ce.,2022-08-22,5777
4587,107,1,Décrire précipiter saisir aile voyager simple fenêtre nécessaire.,2024-02-03,3366
4588,397,1,Aussitôt instinct vide vaincre écraser curiosité dès représenter rejoindre arracher manger ensuite droit.,2024-04-30,5028
4589,1351,1,Côte exposer fortune abandonner cela mari ramener vague.,2021-05-15,732
4590,410,3,L'Un trente étouffer engager seuil fleur question.,2019-10-14,2957
4591,771,1,Montrer parfaitement changer reposer côté midi vers mieux caresser malade.,2022-05-25,259
4592,183,5,Peine tache également un quelqu'un charge cruel parole tout troubler vieux plutôt matin.,2020-02-09,3325
4593,823,1,Agent etc remettre répéter voici grave.,2025-05-02,5156
4594,698,3,Leur deux pas plusieurs étudier emmener.,2023-05-28,4147
4595,1002,4,Pouvoir user chair du besoin prévoir violent.,2023-10-17,4925
4596,234,5,Lever sonner fleur libre solitude trou respect exécuter absolu plaisir aussitôt appel colon.,2019-10-06,517
4597,928,2,Poids forcer remplir retrouver loin ignorer apparence étranger bas aile parfois terrain.,2024-10-07,508
4598,1499,5,Papier hier personne vent français soi l'un lourd nord convenir.,2019-04-25,5854
4599,936,1,Morceau baisser grave effort haut minute suffire personne armée durant contenter billet.,2019-07-22,5770
4600,1464,5,Trois désirer voyage posséder profiter l'un situation moment fortune avenir.,2022-08-09,5021
4601,572,3,Beau absolument devoir réclamer depuis été repas cas parce que commencer intéresser.,2020-12-31,1036
4602,1203,5,Instinct pouvoir absence enfin sec rare deux époque théâtre couvrir cercle avant.,2023-03-02,1435
4603,796,5,Tantôt grandir côté placer secours ciel entourer pierre.,2020-08-29,4963
4604,573,4,Emmener goût espèce sujet forêt juge étouffer nouveau.,2019-10-31,1309
4605,774,2,Eaux époque importer roche soin but armée.,2021-06-04,409
4606,1067,1,Signe trou cas jouer abattre vieil avec début chute.,2019-11-11,4529
4607,871,1,Armer révéler fatigue nom profiter combat parfaitement drôle tache.,2021-01-22,3684
4608,1,3,Supporter saison falloir claire former presque seconde champ semblable absence même.,2021-06-24,2005
4609,1493,4,Voisin prier d'autres suivant jardin inutile relever supporter depuis.,2021-10-07,200
4610,1267,4,Faveur avec claire manier curiosité sembler chambre.,2024-11-07,2050
4611,240,2,Soit air songer vieux dernier sol mériter tache million huit vaste compagnon.,2023-04-10,4246
4612,281,1,Loup considérer nous créer fil énorme muet avant ton tête monter secret.,2020-02-29,2870
4613,1282,1,Travail auquel asseoir vivre spectacle rester ou présent céder ruine seigneur retour leur arrière.,2022-05-08,2592
4614,1141,4,Contre chiffre poète brusquement verre fine nombre déjà chance accomplir recherche sombre.,2024-06-22,3475
4615,584,4,Chose situation détruire monsieur fumée écraser sentiment prévoir complètement front.,2025-06-09,4860
4616,1337,2,Après pendant beaucoup colon attitude drôle doux tirer.,2020-07-07,4092
4617,71,3,Devant appartenir tuer dégager soleil capable fidèle malgré sien rond tourner système honte.,2024-07-24,177
4618,987,2,Écraser réfléchir auteur asseoir pensée certainement guère poète sang coeur.,2022-07-09,4751
4619,804,2,Tard auteur hauteur problème théâtre employer.,2025-08-20,3812
4620,1043,3,Pied chien nuit temps dehors six paysan six seul disparaître accord gris vers.,2025-07-06,5100
4621,239,1,Empire venir rose ah livrer qualité jeu comme mal précéder peser.,2025-09-30,5092
4622,1009,4,Mouvement social tout dur obliger pointe secrétaire fruit défendre pendant.,2023-10-12,5243
4623,868,1,Hier pouvoir tel même battre puissant.,2023-07-06,4063
4624,1072,4,Étoile sou seul auquel inutile escalier bonheur penser trésor lueur.,2021-04-17,2085
4625,492,5,Neuf douleur réclamer seulement beaux vif angoisse.,2022-07-15,4568
4626,125,4,Rêver composer froid étouffer dernier élément contraire.,2020-04-19,1905
4627,480,3,Secret fonder lèvre mesure joie perdu calmer approcher relation.,2022-08-20,3699
4628,976,2,Tombe ensemble pluie militaire social certain voile intérieur force leur réflexion esprit sept.,2019-12-10,842
4629,964,4,Ailleurs détail appel mais main digne gens pauvre.,2020-03-03,3039
4630,1316,3,Espace rang éclairer connaissance promener escalier seconde sonner est traîner rêver quinze.,2022-10-25,4209
4631,1191,2,Compagnon officier étudier lèvre accord après mot triste.,2025-08-20,689
4632,351,5,Rassurer professeur or or arbre allumer.,2024-10-30,519
4633,606,5,Entier précieux cher accompagner vite portier.,2022-06-28,3427
4634,1404,5,Idée passer mais devant courant portier.,2023-03-07,4343
4635,128,4,Rappeler désormais salut large dans accord tâche instinct acte madame étoile.,2024-04-23,826
4636,1363,4,Bien prêt pendre passage creuser environ par tuer tour traîner contenir de matin.,2021-02-11,1533
4637,198,5,Que intention goutte terre toucher profiter exécuter parcourir ici condamner court traverser mauvais.,2023-09-22,3386
4638,9,1,Situation distinguer ce suivre chute pitié eaux question prière capable.,2020-03-02,2466
4639,160,1,Rouge éclater parti troisième puis dernier lever clef changement.,2021-01-31,1699
4640,473,1,Étendre vêtement mesure éternel forme heure falloir.,2020-10-05,1212
4641,97,1,Sombre appartenir effort court étendue jour autour unique.,2024-05-05,4718
4642,1014,5,Mettre rapporter sûr pluie réveiller remarquer chaque aussitôt regretter à reste enfin.,2024-07-10,2361
4643,1175,3,Lier craindre heure important tempête chacun général rocher.,2021-02-16,5662
4644,868,1,Vraiment employer sombre reculer moitié pousser apparence désigner voyage.,2025-12-17,1358
4645,466,5,Plante caractère verser victime cruel avancer gouvernement ni oublier pousser air oncle.,2019-11-11,847
4646,900,5,Acte perte sauver partir dominer apparence discours distance médecin passion autorité mentir réel.,2024-03-11,3014
4647,850,3,Naître rose autorité intérieur politique lutter erreur agiter diriger mine.,2019-10-13,2445
4648,973,1,Corde croix chez extraordinaire rentrer selon noir rouge environ.,2022-01-15,5492
4649,371,5,Loup lisser je beaux arrêter complètement apprendre expliquer seul cinquante cause lit maintenir.,2021-07-28,1074
4650,878,3,Drôle verre deviner toile second jour exprimer mien repas second.,2021-09-17,3834
4651,1435,5,Nourrir remplacer siècle tôt feuille humain beau auteur côté angoisse.,2025-08-21,4663
4652,1204,2,Afin De détruire trait lequel fermer marché mesure ami inconnu chacun.,2021-07-29,3984
4653,729,1,Reculer glace masse cesser année bientôt puis mal.,2019-01-31,4370
4654,1157,5,Vague herbe rose demi flot oui créer lutter sur affirmer.,2019-02-27,4837
4655,661,3,Sentir compagnon bataille quand queue trou bleu cinq usage matière et sept marquer.,2022-07-28,5732
4656,167,5,Pour habiter côté soin fier vague discussion maître.,2025-01-30,200
4657,698,5,Passion animal ainsi poussière frais discours fin vue assez intention.,2021-08-14,5152
4658,850,2,Mince pensée consulter habitude confier le intelligence esprit prendre frais entraîner adresser.,2024-11-14,5874
4659,847,3,Visible hiver supposer toucher mode police.,2023-02-24,251
4660,344,1,Digne assister craindre propre société commun coucher pour celui nul train réserver point.,2021-08-16,5560
4661,1104,3,Résultat entre classe rassurer drame risquer fortune.,2019-10-01,1430
4662,481,1,Lutte juger oncle résoudre presser cas forme d'autres propre.,2022-02-22,1389
4663,966,1,Curieux dernier dessiner endroit de politique accuser occuper âge pauvre cesse désirer rare.,2023-08-07,272
4664,625,3,Maison entrée trembler relation prétendre jouer bientôt céder approcher.,2023-02-03,3940
4665,538,2,Hier besoin fruit objet voyager poser sauter garder port plus.,2020-01-30,2449
4666,340,4,Vague pauvre blanc queue faible lieu malheur où or robe atteindre anglais vieux.,2024-05-26,1480
4667,953,4,Souhaiter cinq départ étranger haut qui expérience cesser travailler dernier.,2024-09-01,192
4668,729,2,Vert garde livrer grâce tout exposer moment.,2020-08-20,1220
4669,407,5,Enfant marquer essuyer baisser place vie près bois hasard mois rencontre âgé traîner.,2019-06-17,576
4670,201,5,Chute vieillard précéder vendre difficile soir heure début remarquer distance droit frère idée.,2021-11-19,4819
4671,794,4,Continuer fait condition commun signifier intérieur.,2023-06-15,4514
4672,170,3,Public saint remplir nouveau désert lit cher siècle.,2020-06-06,1354
4673,585,4,Dessiner nombreux absence figure supposer naturel difficile tête souvent calme.,2025-08-17,1053
4674,1043,5,Corps forêt bas colère drame appeler.,2020-12-05,839
4675,122,4,Maintenir français inquiétude position pied rire.,2023-10-13,3235
4676,249,3,Campagne troubler plein songer femme plante détruire fatiguer.,2023-04-18,3886
4677,524,3,Rouge douleur revenir poitrine éclairer apercevoir quel mois.,2023-10-21,4596
4678,866,1,Rose simplement dessiner continuer tâche bleu tour oh français gouvernement reste paysan verre.,2024-07-18,544
4679,182,2,Tâche veiller finir durer atteindre étoile devant.,2024-11-04,1774
4680,114,1,Arracher tout droite entourer divers coeur durant.,2020-03-07,3090
4681,141,2,Figurer confiance notre froid réel pendre trésor perdre près noire.,2021-09-11,2535
4682,981,2,Même frais appuyer étendre puis déposer traiter ruine arrière remplacer.,2023-10-03,836
4683,1271,1,Derrière appartenir beau oui camarade pays confiance protéger passion effacer.,2024-02-27,3501
4684,300,1,Classe vent oreille avant partir dès causer jeunesse fortune verser.,2021-11-08,4258
4685,333,3,Raconter voler nouveau pitié visible tempête paquet.,2021-04-07,3291
4686,856,3,Sourire rouge long douceur blanc soleil signifier saluer.,2019-10-12,413
4687,438,3,Loin juger noir français travail arme couvrir fusil contenter vite mode article.,2022-12-25,2015
4688,1246,2,Protéger angoisse delà journal étage creuser jambe chacun approcher toi assez voisin demander.,2020-01-19,4586
4689,1118,5,Médecin fruit avoir haut espace voisin juge.,2024-02-26,1628
4690,183,5,Goût comment pont pain oeil doux gagner voyage du libre blanc.,2020-01-29,4191
4691,920,5,Construire vague or préférer échapper revenir vraiment.,2020-11-10,1451
4692,246,3,Sans trait midi armer vaincre crier maison ramener expliquer aide argent.,2022-06-09,3651
4693,1329,5,Confiance horizon vue rapport enfin encore chant bien écarter champ promettre.,2024-12-14,3422
4694,1463,1,Choix dans inspirer convenir bientôt joindre marier fidèle obéir haïr.,2023-06-29,5936
4695,708,4,Guère dans jeu sien monde as étendue relation afin de banc.,2019-08-13,2803
4696,673,5,Joie combat police saint terminer article mille pencher.,2024-09-30,5959
4697,490,2,Bientôt énorme sourire vague chef beau faux.,2019-04-27,1172
4698,269,5,Décrire animal ministre oeuvre désert rose disparaître système fou hasard.,2025-09-19,3538
4699,805,3,Falloir roche papa roche exécuter apporter vers précieux long l'une famille.,2022-10-02,842
4700,1185,4,Art voie près bois très fonction autre.,2021-01-19,4373
4701,243,1,Violent je un relever oeuvre ennemi vision remercier chute passer professeur train remercier.,2019-10-19,679
4702,1196,1,Paquet parti disposer aussi aide peur complètement mon entourer coin.,2020-01-09,5949
4703,957,1,Homme naître désespoir figurer mauvais étage désigner.,2020-12-15,2148
4704,947,5,Compagnie dresser pouvoir car paupière accompagner vaincre garder.,2019-08-11,5659
4705,471,3,Dire midi éclat distance exiger clef ennemi amuser jouer cinquante.,2025-11-07,4232
4706,1192,2,Nation science composer jardin d'abord tout fortune remarquer naturel admettre.,2022-03-19,4977
4707,1476,1,Franc mariage choix médecin or marchand.,2019-07-26,5052
4708,614,4,Point désigner plaisir besoin leur fois dresser dame souvenir.,2022-08-29,4040
4709,1320,2,Étude minute écarter réussir soir profiter user bras.,2023-04-16,1545
4710,71,5,Courage tapis certainement pluie calme fer.,2025-11-12,3659
4711,1262,2,Quart chute terre lisser danser rire disparaître son surtout semblable soulever mourir histoire.,2022-09-07,4633
4712,965,2,Suivre cruel montrer oser question plus revoir courage on mien bas importance pourtant.,2025-06-16,3498
4713,331,5,Vérité trois reposer volonté nom certain travail toile art mari vide.,2019-11-19,4168
4714,519,5,Importer honte grand sueur direction intérieur absolument adresser appeler trace remplir chair part.,2025-03-03,358
4715,1449,2,D'Autres emmener moitié agent remplir ennemi fatiguer nécessaire risquer ennemi françois résistance vraiment.,2019-10-14,103
4716,101,2,Dresser nom danger contraire morceau fatigue mouvement mais moitié inviter.,2019-12-04,5335
4717,73,1,Père partir porter foule dominer installer soir parce que.,2020-06-09,3446
4718,1351,2,Public que chien secret position répondre fortune fort fin bien guère.,2021-12-02,5308
4719,378,2,Accent avant pouvoir blond éternel parent rapidement quelqu'un train fin.,2025-09-24,1154
4720,511,1,Cruel accrocher seigneur page rapidement fou voiture sens général.,2022-12-20,3428
4721,1302,3,Changer système certes désert casser fine journée parfois âge chose large relation goût.,2023-04-06,1178
4722,983,3,Appartement compte extraordinaire salut établir déjà visible vision toi condition.,2020-03-01,5897
4723,1083,3,Prière faute mener en cheveu exemple blanc partager loi quelqu'un.,2023-07-21,2299
4724,169,1,Être dernier content certain tellement souffler regarder départ madame ou.,2024-03-15,4407
4725,50,1,Précieux courir certain exprimer divers présent fruit.,2024-09-10,2272
4726,542,3,Réunir trou rideau baisser chambre envelopper arrêter bien demain naissance pitié.,2021-12-31,5534
4727,1334,5,Entourer vrai rejeter peu armer confondre là faux.,2019-07-09,3272
4728,715,5,Protéger amour placer charge vision songer doigt auquel cours.,2024-07-19,4810
4729,1252,2,Depuis effacer déchirer arme chanter sorte chaleur carte.,2023-06-05,4223
4730,36,3,Tout exiger dessiner heureux livrer occuper tapis.,2020-09-12,3201
4731,591,5,Claire durant coeur passage jeune emmener visite science répéter exemple éviter soit souvenir.,2023-02-14,4199
4732,359,5,Compagnie mal professeur quand toile saint souhaiter abri noir système lire.,2021-12-27,1516
4733,793,4,Résistance certainement subir sourire déposer projet tard fuir croix forêt rocher ordre.,2020-02-29,3972
4734,905,1,Mauvais peu nommer simple peur mer aujourd'hui glace curieux commander.,2020-12-29,5901
4735,645,5,Portier portier prononcer dos d'autres place apparence devant sonner devoir aide million jouer.,2025-11-18,373
4736,175,3,Quelque convenir fumer voiture part beau surveiller hôtel inquiétude dehors chemise précéder terrible.,2020-09-21,5467
4737,330,2,Pitié haine avant que fort étaler etc.,2020-02-08,2651
4738,14,2,Palais souffler inventer ajouter rien autorité général midi dieu ville certes.,2024-01-24,1759
4739,1139,2,Pleurer sac seigneur précieux derrière l'un intelligence voiture début faveur caresser envie beauté.,2025-12-29,1832
4740,1437,4,Résoudre ministre chaud briller devoir plaire fermer doute.,2025-01-30,973
4741,920,5,Dépasser premier fou très l'un souffrir mourir serrer regard courage leur.,2019-05-23,2802
4742,805,5,Plein banc tache part vieux désespoir sentier presque clair père aider drôle.,2024-08-09,5975
4743,608,1,Face il journal étouffer déchirer blond ignorer premier le mort trembler.,2023-12-22,821
4744,1120,2,Fille rare prévenir cheveu bruit membre distinguer décrire propre parmi.,2024-07-08,2540
4745,174,3,Enfermer apprendre pas remarquer charger inquiétude joindre sembler garçon rendre perte regretter gros.,2022-08-02,5424
4746,673,1,Refuser naître chasser village avis midi fatiguer endroit sujet loin esprit.,2023-04-02,1994
4747,1201,2,Étoile le expérience vérité champ lutte vite choisir.,2020-07-25,5304
4748,565,5,Roman brusquement ouvrage dehors impossible ventre soudain.,2020-05-30,2901
4749,841,4,Même mouvement vaincre seuil songer produire comprendre bruit.,2022-12-30,3544
4750,798,3,Passé comment juger présenter lettre absolument poitrine.,2022-01-12,1442
4751,1258,3,Importance jaune leur vraiment droit envoyer recueillir alors un ordre famille veiller exemple.,2025-03-09,1302
4752,972,4,Surtout détail demain expression voir ah remettre foi besoin manger.,2023-08-02,5062
4753,469,5,Battre écarter auquel liberté important haïr endormir corps pourquoi faire.,2022-12-02,557
4754,973,2,Troubler proposer manquer sur quarante fleur brûler voisin impossible prévenir rassurer.,2020-09-20,1115
4755,562,3,Répéter empire plein eaux puis obtenir terminer libre propre toi enlever sentiment entrer.,2025-08-10,707
4756,386,2,Armée posséder saison impossible manquer être empire posséder souffrance moitié bête demeurer bon.,2022-11-19,2863
4757,1382,5,Pitié étendue défendre plutôt grain son soin étranger rideau sans certain désigner songer résister.,2019-01-22,4528
4758,467,4,Choisir rose temps théâtre visage ce calme rose car train françois face goût.,2020-10-10,2601
4759,617,2,Quoi quart promener hier camarade commencement.,2021-01-15,4843
4760,1082,4,Être absence acte fixe peine bas monter mon d'abord prier nuage.,2022-02-12,207
4761,1406,1,Toile règle neuf poète seconde geste dominer.,2021-12-23,5737
4762,524,4,Car déposer envoyer attacher enfoncer âgé.,2021-05-02,921
4763,1038,2,Posséder morceau acte dur livrer comment.,2022-04-04,4857
4764,171,1,Couvrir façon coeur odeur facile nous école manger immense ainsi produire.,2019-08-26,4041
4765,267,5,Droite paix rose nation autour inquiéter peser passer tant nouveau remonter autour dehors.,2022-11-14,2425
4766,155,1,Précieux confiance détacher lieu famille perte oh quelqu'un prévenir lune soldat.,2025-03-18,5380
4767,947,2,Charger plein vite petit lorsque voisin tranquille servir vieillard non comment course.,2021-08-04,4330
4768,1214,2,Prêt ouvert froid pensée personnage frapper jambe vision nord commencement poids vaste.,2019-12-20,5808
4769,1207,4,Sommet douze et facile achever clef saluer.,2025-11-23,1266
4770,868,5,Tête vin défaut bientôt éclater rentrer danger briser vide remercier.,2022-09-29,4008
4771,400,5,Acheter arme chef lisser soumettre briser chaleur malheur rappeler bleu papier supposer retrouver.,2023-08-25,972
4772,1061,1,Établir droit presque aimer quartier haut voyager regretter faible or où auquel distinguer.,2025-02-12,4247
4773,19,4,Inviter vérité front souvent chemin égal derrière pencher neuf caresser.,2021-11-18,2795
4774,199,2,Prier fond entrer blanc croix à animal.,2021-01-28,2054
4775,889,4,Prêt serrer précieux sourire imposer fumer assez système an ailleurs.,2023-01-29,3865
4776,1035,5,Hauteur aventure veiller calme temps occasion politique nu noir haut plutôt pendant.,2024-11-16,1004
4777,1190,3,Chaîne prêt caresser dominer danser six heureux police ne également bien.,2022-05-30,2649
4778,1183,2,Sans malgré roi douceur faute notre supporter aussitôt moyen vieil demain étaler déchirer.,2024-05-27,5739
4779,1489,3,Devenir passé claire projet trou ombre simple miser.,2022-01-06,1038
4780,996,4,Aucun saint dehors or avant embrasser seul.,2025-09-07,4357
4781,121,2,Résoudre affirmer au esprit surprendre compagnie grand.,2025-07-17,3911
4782,606,2,Quelque respirer bras de chiffre passage.,2020-11-20,2090
4783,818,3,Naturel clef discuter déposer situation seconde.,2021-04-17,1826
4784,341,5,Éloigner jambe voyage longtemps raison lire rêver briller puis marché fin.,2022-11-29,5855
4785,1443,3,Coin se abattre puissant croire habitant ton mauvais endormir droit.,2023-12-28,3845
4786,577,1,Tenir désespoir matin pendant vêtir signifier dieu soudain.,2021-11-19,5108
4787,64,1,Sourire tantôt nouveau là mon distinguer savoir fauteuil ouvrage.,2024-05-24,5792
4788,121,3,Désormais saint quinze juger papier précéder courir briser suivant aucun interrompre.,2021-11-18,2820
4789,866,1,Acheter mari vivant éclater saison cent voiture air paysage passer planche épais chose.,2023-08-19,5794
4790,500,2,Engager salut intéresser barbe lisser voie mêler juger dernier bas former.,2022-06-01,3012
4791,297,1,Qualité poste droit empêcher justice remonter quartier chiffre employer éloigner supporter résistance.,2021-02-27,2379
4792,745,1,Essuyer enfance pensée clef installer obtenir vendre attacher premier fer retour saint fier voie.,2023-04-24,4342
4793,1424,1,Yeux annoncer science or désespoir cinquante pourtant force passer.,2025-03-21,2133
4794,1021,5,Également médecin derrière voile neuf ensemble condamner éternel propos partout oeil promener.,2024-09-05,651
4795,1407,5,Affirmer service certain étranger là passé donc lisser.,2021-02-24,616
4796,637,5,Pourtant dimanche vivre frère nommer déclarer assez moins espace.,2020-11-19,551
4797,1161,1,Anglais je causer ouvrage chez avant curieux selon commander.,2025-10-28,5893
4798,877,1,Ami ni ancien taire atteindre glace personne lorsque considérer.,2025-01-15,1284
4799,791,4,Jamais juger parmi discussion à mériter plaine envelopper paysan léger esprit mesure.,2025-11-17,3558
4800,7,3,Circonstance souvenir champ admettre trace seul lit cependant.,2019-12-06,356
4801,384,3,Acte lutte petit masse réussir autre nécessaire roman distinguer nature.,2022-07-19,4314
4802,491,3,Assurer à devant également frais précieux creuser chercher afin de troubler hasard rassurer rue.,2022-11-20,5553
4803,368,2,Tuer tantôt compter objet français oublier fixe pauvre tracer.,2020-01-01,81
4804,550,1,Prêt asseoir riche âge beau remplir rêver.,2023-06-26,2056
4805,628,1,Sommet plus demain servir manger inquiéter élément air demi sembler.,2021-08-21,5681
4806,1246,5,Lui amener brusquement paquet problème sac visible autant chemin poche retourner chant retour.,2022-10-07,1423
4807,292,3,Permettre plus paysage chemise camarade politique école.,2019-11-18,2403
4808,126,5,Rompre en autant saint fort aucun particulier haut de.,2020-08-25,5252
4809,1432,1,Voici hésiter mourir trois clef acheter trace printemps cher instant votre cas.,2021-12-01,4215
4810,813,1,Présent comprendre rêver bon avouer toile haut cabinet reprendre drame français foule étonner.,2025-10-22,5282
4811,610,1,Bas bien or importance étude retour bureau.,2024-05-20,631
4812,1359,3,Professeur animer chez décrire mémoire tour.,2024-08-30,1263
4813,1269,3,Clair penser témoin beau prêter de objet.,2023-02-23,1376
4814,290,3,Ci troisième essayer secrétaire seconde pays armée parti offrir nord.,2022-07-04,518
4815,1079,1,Jusque résoudre tard maintenant faible vraiment beau voyager pouvoir paysan intérieur mieux servir.,2023-10-28,4336
4816,521,2,Joindre briser précis entier tout dame cabinet lors.,2022-05-05,871
4817,1243,1,Eau ton étonner trace chaise rose doigt accorder sourire poche officier bleu regretter.,2019-03-20,5584
4818,1298,4,Chaleur sol cinquante suivant sou lueur croire vent résoudre cinq vie.,2020-05-17,5574
4819,1051,2,Général commander avis chambre pousser dégager nouveau consentir train nation peine âgé ensuite cruel.,2019-09-24,2811
4820,1318,3,Taille besoin plaindre fixer amener savoir lettre y absence jambe aile inconnu.,2025-07-21,541
4821,397,5,Trois coeur inquiéter sorte semaine caractère ensemble immobile trois proposer aller sourire autorité.,2020-07-08,540
4822,1469,3,Classe ombre faible briser pourquoi tu menacer impression bord tranquille.,2025-08-22,4526
4823,197,4,Spectacle apparaître croiser respirer paupière race derrière soleil comment pensée réserver sentir fumer.,2023-02-14,5219
4824,800,2,Champ raison comment accent ainsi chasse million saint vert premier.,2019-06-19,4550
4825,1363,5,Pont sous lui chute environ bras consentir.,2024-02-14,4864
4826,1139,2,Veille crier réponse action branche souhaiter tromper créer avant.,2019-08-08,5045
4827,543,4,Verser moindre ruine règle armée instant souvenir gouvernement cri réussir titre convenir.,2025-05-27,2705
4828,166,4,Selon juger embrasser alors paupière certain.,2020-05-14,3821
4829,333,5,Certes rêver là établir yeux un minute presque corde ami.,2022-04-30,1059
4830,336,1,Importance blanc ça but paupière folie.,2022-06-18,664
4831,576,2,Soir coin blanc monsieur selon réunir.,2020-05-14,2926
4832,1119,5,Vêtir nord trop brûler malheur vêtir toit hauteur magnifique tracer droite signifier matière.,2023-07-24,4649
4833,1074,2,Livrer préparer sou ressembler musique joie.,2022-08-07,3817
4834,905,3,Aider manquer jouer moins table devant ressembler valoir.,2023-11-22,3084
4835,1478,5,Épais mêler venir mémoire marchand nouveau tomber triste discuter roman pencher d'autres.,2020-10-23,255
4836,1333,4,Protéger petit le amour objet faim.,2025-03-09,5801
4837,206,2,Naissance protéger puissance lune vent ou part frère.,2025-01-14,3767
4838,419,5,Parfois caresser jaune éloigner consentir livre contenir complet militaire descendre agiter.,2025-10-03,498
4839,1118,1,Marché figurer beau lutter fille supposer éclat.,2021-06-25,4441
4840,1284,1,Fort religion fille rocher seigneur rapport pointe accuser.,2022-06-13,5492
4841,1029,4,Demande amener certain réponse loup intention briser souhaiter général montagne tâche demi public.,2020-02-07,5815
4842,46,1,Inviter souffler étranger essayer nation penser chemise détruire égal.,2022-01-16,644
4843,1394,4,Éteindre espoir apparaître yeux position huit sans.,2020-05-29,4301
4844,1500,3,Un accord dernier reprendre valeur soin demeurer écarter temps courant connaître.,2023-08-11,4720
4845,572,3,Goutte nu absolument descendre écraser sourire.,2020-08-07,3443
4846,1334,3,Nerveux fait plein rappeler champ rose.,2021-10-15,5699
4847,646,2,Gris énergie figurer gens ciel repas homme étranger prétendre etc ami objet arriver.,2022-11-03,3563
4848,1462,4,Loin camarade cacher aile entre conclure mener chef.,2023-05-07,3681
4849,305,3,Sortir presque vent sans obtenir lieu ennemi mettre.,2025-02-24,97
4850,584,4,Couleur lors corps chambre inquiétude pour histoire contenir matière réunir moitié dès.,2019-10-31,4665
4851,340,4,Heure etc oeil résister tandis que sérieux.,2022-09-26,475
4852,489,1,Raison verre mourir garder oh adresser franc ceci voisin.,2020-01-24,1994
4853,1414,2,Loup banc clef mouvement politique attitude vide rêver arbre tendre conduire salle coucher.,2022-11-07,4086
4854,1327,1,Saisir abandonner contenter épaule quand doute indiquer jambe prince mort robe mourir suffire.,2020-07-02,1202
4855,833,5,Apercevoir mer réponse chanter ça comment défaut ensuite émotion emporter placer.,2023-10-14,3708
4856,680,1,Fier propre faux aujourd'hui tromper moindre surtout renverser tête.,2019-08-29,3459
4857,392,5,Métier toit allumer fauteuil répandre rêve terme grâce personnage entendre fixer.,2025-12-25,1168
4858,76,1,Résultat siècle acte tracer écarter engager gauche trois profiter esprit courage.,2019-04-12,1911
4859,1207,1,Raconter hasard moitié rire beau plutôt général étendue.,2025-01-29,984
4860,345,1,Absolument chiffre malade partie petit venir.,2020-12-08,4679
4861,820,4,Large pareil dès mener lourd fait nombre dormir religion phrase.,2020-12-30,4453
4862,912,3,Après joindre mériter personne rouge remercier discussion quand point.,2019-09-06,86
4863,20,1,Vieillard tomber toute briller traiter échapper face signe haut profond figurer père.,2020-03-29,3130
4864,971,1,Mentir dehors roman colline membre portier hier quelque rentrer oui sol disposer un.,2020-07-05,816
4865,1462,1,Suffire observer travailler faveur fermer queue tombe barbe sol grand.,2023-01-24,3492
4866,240,2,Naître confier depuis jour soulever espèce tout rendre feuille ainsi mouvement ensemble.,2020-02-13,5957
4867,451,4,Feu avoir espace content tranquille marché.,2019-11-05,1861
4868,670,1,Désert rouler hauteur particulier vrai visage.,2021-12-26,4300
4869,417,2,Vaincre respect tranquille agiter nécessaire croix baisser parfois réussir.,2025-05-07,3327
4870,567,1,Enfance perdu mariage condition devoir simplement prouver simple vent aucun.,2022-09-14,1373
4871,1421,2,Disparaître beauté selon bon oser rapide.,2025-01-22,5306
4872,377,3,Projet société à changement très employer te indiquer expression intelligence tellement droite vers.,2024-11-24,1083
4873,1282,1,Titre poursuivre compter enlever prétendre public espoir pierre.,2021-03-26,4123
4874,155,3,Oreille perdu elle encore grain ignorer nous.,2024-03-23,1619
4875,391,5,Violent terme malade répéter lourd terrible absence trembler me.,2021-07-16,1720
4876,11,1,Lorsque endormir présent troisième puis sommeil rêver fermer heure.,2019-08-25,209
4877,1396,4,Triste plusieurs loi enfant abri compagnie avancer.,2019-02-19,800
4878,638,4,Famille hasard livre pencher profondément effort consulter aimer dos conduire disposer serrer.,2019-09-10,3357
4879,1048,1,Occasion seul résister joindre autre interroger décrire même.,2024-03-02,1088
4880,80,2,Billet haut personne presque beaux ouvert respirer rencontre enfin lequel.,2022-06-26,3259
4881,644,4,Préparer poursuivre politique vraiment mari digne marquer terreur dépasser front.,2023-06-02,5583
4882,267,3,Dernier changer tu plaire peine prison éternel sourire réfléchir nouveau appartement étage haïr.,2024-09-19,95
4883,1059,5,Secret que dresser fil glisser appel.,2020-12-03,5856
4884,1353,1,Peau professeur composer retomber non signer bas prix présent rêver bien cours.,2021-05-05,5732
4885,994,1,Trente histoire haut siècle ombre présenter escalier confier existence.,2021-09-14,3543
4886,1186,5,Drôle choisir battre garde prince quitter si occasion vendre commun parole.,2023-08-04,834
4887,36,3,Moindre sang arracher briller roman pousser meilleur.,2019-05-12,2383
4888,1066,2,Avouer derrière désespoir appartement faute mois interrompre déposer fumer produire éviter chaise partager.,2022-02-28,1676
4889,634,1,Profiter user entretenir prier plaindre cent réponse avouer poussière riche argent davantage.,2020-10-01,1162
4890,1444,2,Étendue repas trembler afin de admettre sourire intelligence.,2024-11-13,3587
4891,455,2,Surveiller vol essayer arriver lisser bout bas renverser cuisine sorte cheval.,2023-05-15,3487
4892,1152,2,Confiance cruel étudier fort meilleur banc.,2025-04-22,5465
4893,1352,1,Police regretter hésiter prison échapper empire tombe.,2019-09-19,24
4894,747,5,Enfance meilleur poche indiquer habiter mariage choisir effet fusil violent tout sou.,2022-01-18,1831
4895,1076,2,Malgré sauvage type extraordinaire victime haïr plonger assurer vague unique glace chanter.,2024-01-06,218
4896,923,4,Sortir également inutile pas avoir façon aider reconnaître début enfermer apprendre mille pouvoir scène.,2023-03-20,820
4897,707,5,Voir casser travailler jambe source dépasser.,2019-03-03,3484
4898,1397,3,Marcher davantage homme obéir place pouvoir poursuivre pleurer matin mer objet.,2022-01-03,3566
4899,1247,2,Roi même auquel joue éternel que appeler bleu.,2021-03-23,2329
4900,1009,4,Ailleurs humide roche jaune étroit dangereux parti moins revoir relever rayon corps direction.,2024-08-09,3696
4901,557,5,Supérieur cela or ton nécessaire peau enfin propos dix tôt plonger autre chef.,2024-06-05,305
4902,1280,4,Souffrir dent intention imaginer ramasser rêve roi juste rapport voir arriver léger jamais.,2021-06-15,4883
4903,876,4,Écraser écraser question briser dimanche quitter.,2024-12-24,1798
4904,1035,3,Sérieux salut précis crise lever seulement.,2023-10-02,1709
4905,427,4,Habiter morceau sur secret billet précéder mari durant papa.,2024-08-20,2737
4906,330,5,Après politique écraser disparaître raconter tempête note public droit tant rapporter retomber étroit.,2021-10-17,3696
4907,979,5,Établir transformer un vite colère beau personnage rien dangereux tu arrêter léger voyager animal.,2025-04-12,288
4908,728,1,Colon début souffrir reste pont baisser rencontrer tache.,2021-04-07,1825
4909,1274,5,Depuis fin course bureau parfaitement étaler je queue se bois certainement résultat noire.,2023-03-07,2488
4910,507,5,Manquer chat bon droite histoire vouloir installer déposer fumer commencer.,2019-04-21,985
4911,932,1,Fenêtre pas en changement désirer endormir aile.,2023-05-09,5090
4912,1049,4,Poitrine salut ceci quartier son barbe rassurer tendre neuf rouge espèce vêtir.,2025-06-18,4523
4913,1160,2,Secrétaire partir titre souffler vaincre monde naissance.,2021-12-03,5546
4914,281,3,Autant avancer soin haut monter dix bien d'autres.,2023-03-29,3891
4915,1109,4,Sueur prison permettre détruire espoir sec fin morceau sec sueur bureau émotion.,2025-06-02,4940
4916,142,3,Voyage approcher choix certain peu bon danser.,2019-08-23,4916
4917,176,2,Penser auquel juge escalier mentir lui animal larme non éternel demi.,2019-12-09,5072
4918,615,3,Voici mon tuer droit sable or principe branche aucun cercle animer.,2019-09-25,2083
4919,676,4,Intention grand delà demeurer ailleurs rien herbe mal tourner toute petit.,2021-08-15,2718
4920,328,5,Drôle obéir l'un acte traiter grâce couper loup époque.,2021-09-03,4718
4921,13,2,Saint curiosité étrange fatiguer début après porte apparence goutte.,2020-10-08,3761
4922,494,5,Dernier ouvert plutôt sans feu présent bon détail.,2025-09-22,5504
4923,1251,2,Pensée charge dehors mauvais préférer assurer poussière erreur craindre titre plaine vrai profondément bas.,2023-02-28,2051
4924,1404,5,Plante appeler tout arracher erreur vieil vue grave ah gros départ.,2023-07-29,980
4925,794,4,Réveiller l'un cause aider répondre bataille tromper cinquante vaincre.,2019-05-19,673
4926,816,5,Surprendre ensuite dessus et par feuille intéresser complet françois quarante fumée ni.,2020-03-26,1598
4927,887,2,But tromper horizon objet grain marchand fermer acheter.,2021-11-24,5133
4928,1287,2,Début chute soirée abri raconter perte dangereux règle parole.,2025-05-29,5690
4929,1145,3,Violent objet faux asseoir souvent obliger attitude tomber soulever préférer observer premier course tracer.,2025-07-12,4233
4930,1276,5,Me fauteuil partie afin de fier rare oiseau.,2022-02-25,4270
4931,300,4,Rapidement religion sens suffire pitié hors.,2025-05-08,3063
4932,479,5,Entraîner courant apporter l'un frapper neuf rendre.,2020-09-04,4432
4933,224,3,Terrain rejeter imaginer prêt contenter aile âgé rideau nombre carte y prévenir où.,2022-12-19,4589
4934,1394,3,Glisser moindre haine savoir casser auprès grâce confier meilleur attaquer trou sourire.,2025-04-11,1888
4935,339,5,Simplement saison sûr doigt pareil poste voir.,2019-05-19,3161
4936,1104,1,Rouge page prononcer ton intelligence fier témoin.,2022-08-24,5414
4937,1393,3,Preuve ligne appuyer fumer savoir beaux.,2020-01-07,799
4938,681,2,Espérer soulever toujours membre poussière type choix retourner âgé.,2019-01-09,541
4939,462,4,Brusquement habiller tache terre dernier goût certain meilleur dame croiser dur charger serrer.,2023-07-02,2340
4940,887,3,Cher où dent trouver français intérieur vague préparer.,2022-10-24,3832
4941,550,1,Arbre juste absolu haute absolument où surveiller coin magnifique chaud propre inquiétude.,2022-03-15,2061
4942,815,3,Trop proposer rejoindre tel science comment immense.,2020-08-16,2613
4943,235,2,Vent vivant émotion cercle doucement étaler ça repousser croix rencontrer.,2025-01-01,5251
4944,232,1,Rapidement tandis que choisir près présent moment mériter après acheter droit article réalité retenir.,2025-03-05,2857
4945,188,5,Troubler tapis jamais commencement âgé mince secret quant à.,2020-08-18,5567
4946,181,3,Public bas monsieur non chien brusquement oh dégager bande un.,2024-07-27,734
4947,1032,4,Échapper rideau confondre rien pas preuve armer rocher presque lettre supposer sein composer.,2023-06-19,1761
4948,884,1,Tout colline étonner suffire prix guère parole essuyer.,2023-11-01,2892
4949,1054,2,Voyager arrière apercevoir affirmer cuisine pour.,2019-12-07,651
4950,1452,5,Objet avant voyager propre respecter clef.,2021-01-24,1763
4951,680,5,Avancer regretter important fumer signifier tandis que frapper.,2024-08-29,1630
4952,509,3,Peine peuple soir empire répondre médecin extraordinaire compagnon.,2025-10-01,4237
4953,447,5,Vent choix éclairer l'une nombreux terreur gagner comprendre recueillir ailleurs rejeter beaucoup.,2023-01-05,2922
4954,21,3,Mal nouveau résoudre tuer gris revoir savoir peine jeune.,2019-03-17,468
4955,935,2,Chemise jambe droite renverser préparer ouvert écouter animal digne monsieur fermer haute.,2021-07-31,4031
4956,281,5,Leur réel meilleur désigner commander ton hier jardin décider milieu rêve franc religion.,2021-12-02,5666
4957,1065,5,Rue connaissance durer action avance lèvre mois forêt.,2023-06-14,2376
4958,1248,1,Tu disparaître mode minute révolution idée.,2022-02-11,4703
4959,713,5,Par lendemain éclairer offrir prochain tendre inutile.,2019-01-31,1943
4960,1274,4,Dont voile partir goût rassurer réflexion étranger.,2025-11-24,4974
4961,1130,5,Puissance transformer même manquer sentir air figure lors passé parcourir.,2025-06-08,1400
4962,595,4,Étendue homme genou dur prince mêler près fenêtre trente quart difficile discuter.,2020-08-16,692
4963,753,2,Vide sur raison examiner couvrir livrer contraire corps leur me.,2021-09-14,2055
4964,256,2,Salut extraordinaire l'un seul lèvre réponse haut paquet fin tuer.,2019-03-06,3322
4965,1136,3,Spectacle présenter saint demi ainsi cerveau étudier jardin après certainement.,2024-09-29,1786
4966,777,2,Malade entraîner science lumière exiger adresser énergie.,2022-10-10,2481
4967,736,2,Drôle mur étude air bureau naître mariage tromper réel fonction écarter caresser rond.,2023-09-03,1171
4968,517,1,Objet précieux aucun digne traiter agir dessiner calme étendre corde.,2019-05-13,2133
4969,838,4,Considérer neuf blanc intention lutte fusil tendre.,2019-11-20,2039
4970,526,2,Désert exiger lisser naturel asseoir subir bon.,2025-11-05,3813
4971,403,4,Trente politique environ sans suffire pas.,2025-12-05,3744
4972,898,1,Peu social nuage tout fermer soir précieux beaux franchir foi épais dehors.,2024-01-16,74
4973,866,3,Froid siècle beaucoup asseoir frapper libre.,2025-11-10,1210
4974,184,3,Préférer présence sous cependant réflexion mais dieu tracer bande élever.,2023-06-16,3371
4975,761,1,Entretenir chaleur lui intérieur froid troubler.,2020-12-21,3467
4976,820,5,Femme sens entraîner votre vraiment reculer subir source souvenir frais neuf protéger pierre.,2022-09-24,3752
4977,400,1,Présent attirer étranger environ simplement cesser cercle assez lettre.,2021-07-15,5120
4978,541,4,Face jeunesse marchand dresser fleur présenter livre mensonge rouge manger maintenant.,2025-09-16,2423
4979,1441,1,Remplir assister projet colère on changement abandonner pièce chercher calmer.,2022-05-21,4609
4980,1377,4,Demain chaque fatiguer danger rencontre plein préférer âme.,2019-11-27,3606
4981,486,2,Pendre rompre prier hauteur lutte troisième nom combat cinquante présence chanter puis.,2021-03-13,4616
4982,171,5,Aile intérêt aide pourtant façon but malheur porter ennemi toi peur.,2019-06-12,5967
4983,964,4,Voyage abattre silencieux marquer mentir ligne ouvrage créer.,2019-11-01,4630
4984,1052,2,Dépasser chez bas patron répondre vent soir.,2020-02-05,235
4985,386,1,Or folie effacer bord assurer empire commencement fond chambre.,2023-02-14,5452
4986,600,3,Ailleurs flamme salle monter juger armer poids rare avenir.,2023-10-27,5227
4987,256,2,Rire voiture maison inspirer préférer haïr chef.,2021-02-23,1300
4988,658,1,Éviter grandir chant classe permettre vague préférer plaire rejoindre.,2019-08-17,2912
4989,559,2,Partager croiser fruit notre vêtir colon bois promettre.,2020-09-04,711
4990,1134,5,Signe ombre voyager tu remplir flot afin de elle continuer.,2019-08-28,4102
4991,866,1,Ni histoire trouver connaître haine port société.,2021-11-26,5101
4992,655,2,Retirer année paquet avant compagnie foule menacer travailler bas tomber.,2021-10-11,2338
4993,1416,1,Douceur résultat acte nouveau morceau grand race préparer recueillir sentir chance payer sombre.,2025-06-12,3770
4994,1426,4,Couvrir militaire en inviter choisir effet éclairer joie dangereux lien professeur.,2019-05-02,1866
4995,275,3,Troisième hésiter occasion noir forêt éternel aile me profiter élément.,2025-10-15,4283
4996,1484,4,Étouffer jouer sans prendre absence bleu fou avance crise couleur beau.,2025-02-17,4600
4997,518,1,Froid danser en médecin bon journée terrible cerveau précipiter tant seconde émotion humide.,2020-04-20,5727
4998,1448,3,Nécessaire fort serrer attention malade juger effacer carte rompre arrêter hasard doux.,2020-01-07,1443
4999,671,3,Recueillir accorder tout tel beauté plaine porter air public danger ainsi demain.,2023-05-18,4394
5000,37,5,Traîner beau croire immobile envoyer beau véritable école oreille fort delà dessus.,2019-05-06,4545
5001,756,3,Finir article vision rester pointe tôt noir auprès satisfaire.,2024-06-08,845
5002,668,1,Vide humain de morceau penser oncle écarter en presque gloire.,2025-05-01,3735
5003,611,1,Race appel tant donner souffler compagnie froid traverser debout veille un grand rouge.,2024-11-12,1991
5004,1271,3,Rêve arriver signe lendemain étouffer meilleur de où volonté résoudre garçon causer pensée.,2022-10-24,4666
5005,357,4,Force autre trente affaire instinct compter demande plaire.,2020-08-19,1342
5006,1416,4,Main sac ville semaine couper présenter d'autres papa.,2021-03-23,1782
5007,470,2,Dehors compter somme immobile grand midi offrir emporter yeux souvenir blond.,2019-06-11,4267
5008,1169,1,Sourd époque chair prévenir apparaître empire dernier.,2024-04-28,3695
5009,728,1,Maintenant manger rien vraiment roche garçon ferme grâce commencer pareil tête.,2024-03-07,2906
5010,749,4,Intention métier répondre verre aujourd'hui vide revoir jardin meilleur manquer.,2025-07-01,5720
5011,1061,2,Discussion commencer fer importer éternel tout idée grand école gloire droit.,2020-03-03,1718
5012,1201,5,Clef paysan violent sommet chair puis repousser certainement faire coucher entourer.,2024-06-24,3308
5013,1332,3,Vol construire inquiéter honte installer serrer escalier morceau rapport.,2019-07-04,1694
5014,1290,2,Disparaître oiseau dresser placer calme réduire.,2022-06-08,2134
5015,306,3,Général pendant rouge se adresser trop voisin signe même vif joie.,2023-06-07,4996
5016,928,4,Cesse franchir groupe intérêt chacun puis arrêter vision soi âgé élément.,2021-06-21,2448
5017,387,2,Tourner sac réfléchir fuir aucun quel attention personnage entretenir.,2024-02-04,3232
5018,11,3,Durant cas passage espoir boire devant ouvrage homme frère tout arriver naissance.,2020-01-18,1369
5019,1470,1,Si campagne réalité suivant côte premier principe compagnie prochain importer ombre.,2022-04-03,1966
5020,126,3,Beauté lieu lueur diriger toujours simplement appuyer poche sang couche venir.,2019-05-22,1934
5021,476,4,Reculer abattre supposer demain convenir naturel inquiéter souvent voix réserver sec demander rose.,2025-09-15,5860
5022,1376,3,Pendant vague mener minute parce que enfermer instant loin genou.,2019-11-24,1438
5023,514,1,Que assurer espérer demeurer ferme revenir trace me forme dire courir.,2019-08-07,5449
5024,1354,3,Courir oiseau réponse chair désigner naître voici calmer intérêt regarder.,2019-07-18,4744
5025,459,3,Comprendre pénétrer précieux bataille tromper vision descendre prix.,2021-09-03,3928
5026,64,1,Signe naturellement rire exposer discussion mon répondre.,2021-03-02,4533
5027,1339,4,Sentier intérieur dernier rang et lier.,2019-01-27,4651
5028,1050,2,Lueur table passé chien composer bouche vendre.,2022-02-27,3304
5029,766,1,Miser petit transformer sauter épaule siège guerre milieu soudain article fatigue bas.,2022-04-09,2627
5030,1408,1,Partir fort effet eh nécessaire oeil tellement ton rencontrer vent long embrasser.,2024-01-27,3271
5031,1332,2,Garder pain jusque solitude continuer prière contraire personnage libre soit précis placer sous.,2019-11-25,5711
5032,685,4,Instant palais cher perdre apparaître terrible terme nécessaire certainement appartement.,2021-12-26,63
5033,907,3,Rompre part direction volonté autorité soulever subir pensée enfermer tout tache quel conclure.,2024-04-18,5649
5034,1435,4,Cela fille animal éteindre humain savoir autrement peu frapper recueillir vraiment deux.,2019-03-29,4347
5035,78,5,Planche travers ça tant moitié sourire témoin simplement lequel long.,2020-03-31,1252
5036,669,4,Est intéresser pain ainsi plein repas.,2022-10-30,2121
5037,64,4,Poche soulever cheval profond malheur sept.,2020-02-06,589
5038,1098,5,Vivant mieux cheveu supérieur roche exposer santé sang immense.,2025-05-19,1574
5039,782,3,Chez résoudre minute droite montagne vieux papier transformer ceci.,2022-02-06,2274
5040,544,2,Partie grave titre rapport absolument ni secret folie soutenir douter juge que professeur.,2021-01-29,4182
5041,390,4,Rassurer journal âge confier faire problème guerre lueur donner.,2021-07-04,5000
5042,197,3,Avance lit chaîne yeux ouvrage autant joue gauche quoi accrocher prendre.,2021-06-22,2633
5043,1036,2,Écouter pont heureux certes empêcher mal dominer.,2019-05-05,4774
5044,486,3,Construire volonté jeu désormais où secrétaire visible.,2021-11-09,5147
5045,791,2,Accorder partager flot épais consentir grâce signifier subir.,2019-09-20,1295
5046,66,1,Roche ferme rue pencher pays précéder aspect.,2022-04-30,5222
5047,463,4,Cruel peur regard fatiguer revenir capable cependant désir que accrocher vie.,2020-06-02,5864
5048,176,1,Répondre déposer tantôt autrement entrer fruit.,2022-12-14,5922
5049,970,2,Parole souvenir ou court nuit avis.,2021-01-09,2735
5050,1210,3,Air réduire considérer anglais douleur croix temps cheval aventure aile chambre.,2019-08-21,3734
5051,1283,5,Révolution cercle conscience passage prêt recueillir.,2019-11-11,3618
5052,128,3,Trait dominer couler personnage envoyer recueillir voix mort considérer hors pouvoir.,2022-10-28,2014
5053,1196,1,Couvrir cacher vraiment tromper aider résoudre quand songer fin retour.,2022-09-30,1730
5054,1099,3,Rare arrivée nul mourir remplacer épaule air.,2024-10-02,5949
5055,1436,5,Écrire école passé croix réponse déclarer passé bête cerveau.,2021-03-24,4645
5056,365,4,Chance politique un reprendre entendre spectacle bon flamme retour.,2022-02-27,4109
5057,746,1,Immobile bête apparaître énergie intérieur commencer.,2024-12-16,4713
5058,200,1,Espérer succès avant sérieux rocher horizon malheur arracher.,2021-07-15,5042
5059,1378,2,Elle glace rideau tapis petit affaire parfois autrement renverser moment aucun situation.,2025-08-13,4757
5060,315,4,Attirer chasser arbre sol raison obtenir si continuer précis hôtel époque fusil dix parcourir.,2020-07-24,4953
5061,399,2,Agiter action prière rouler air lumière justice étaler étroit.,2019-12-03,3760
5062,1089,5,Avouer étrange embrasser envie fonder souvent but supérieur branche propos oeil souvent.,2025-12-26,3389
5063,387,2,Étonner distance vif conduire partir société sauter durant.,2019-09-19,5717
5064,1490,4,Beau gloire amener étranger lire éternel sueur nous lever campagne.,2020-06-25,1312
5065,845,1,Figurer derrière ancien famille présent étroit noir besoin puis arbre robe reculer.,2023-03-21,951
5066,976,2,Vite vide branche discuter entier peser colère elle nuage obéir que cesser lorsque.,2022-05-31,4748
5067,584,4,Tu forêt essayer possible permettre particulier immense ferme fatigue terminer.,2025-03-03,1176
5068,1459,5,Environ fil relation court juge garde.,2023-03-21,499
5069,446,5,Quelque remettre paysan étroit an contraire connaître mal libre exposer exister.,2020-12-03,3574
5070,125,1,Veiller visible prouver escalier unique anglais commander dire détruire beaux inquiétude sein chasser.,2019-09-11,1046
5071,841,4,Dehors expliquer soi courant groupe situation devant remplir attendre vague embrasser flot.,2019-10-08,1338
5072,40,5,Oh posséder profond elle fatigue banc monter moyen année principe roi tout.,2020-09-22,5486
5073,1467,4,Courir crier force premier parmi paquet banc rentrer histoire mieux lors.,2025-06-05,168
5074,709,5,Remettre jouer juge contenir seconde espérer travailler monsieur écrire trop ventre nouveau.,2023-04-14,3809
5075,582,1,Fixer milieu trouver mensonge terrible expression frapper salle ciel apercevoir quarante plaindre.,2022-01-28,3439
5076,1431,3,Chemise pendant fort prix enfermer départ aucun étonner personne poste voici.,2022-05-23,2581
5077,421,4,Guère fixer rôle ah bas aspect puis mois plein.,2020-02-18,5225
5078,1252,4,Rendre rapide conseil midi comme événement.,2022-10-18,970
5079,523,5,Réel rentrer lequel importer livre cuisine avoir plante.,2024-10-28,2392
5080,1203,4,Demande leur déjà désormais fuir malgré humide mesure.,2020-10-01,5038
5081,1206,4,Être espoir feu empire obéir autour calme.,2023-11-10,4217
5082,611,2,Saluer ensuite plante que fier ministre port.,2025-06-08,3246
5083,280,3,Que jeune consulter ordre prix grâce pousser accrocher réunir tant craindre achever plaine.,2020-09-12,1371
5084,1074,1,Vers prévenir désigner tombe toucher maintenir.,2020-04-10,34
5085,794,3,Jour vingt champ paysan noir voix mine contenter poste preuve autre.,2022-10-03,841
5086,960,1,Leur sol écouter auquel mal eaux arrière second yeux chute désir.,2025-02-09,3278
5087,1499,5,Présent propos ville beau porte pont continuer surveiller occasion.,2019-10-05,3121
5088,653,2,Profond conclure source prêter derrière échapper lutter.,2022-04-11,3818
5089,103,3,Jusque jeunesse troisième auprès briser également.,2023-12-15,5241
5090,633,4,Hôtel fidèle colère bouche produire falloir présenter.,2023-10-13,2191
5091,1302,2,Malade parti précipiter produire doute allumer ensuite quel loi.,2022-12-11,1416
5092,746,3,Parler soutenir homme nouveau cri usage part installer nous cesser.,2024-04-18,372
5093,885,4,Établir rouge même détruire devoir briller ceci saisir clair.,2021-05-09,5583
5094,871,5,Ensuite fatigue mur chez toile seul souhaiter cuisine imposer liberté vif foi manquer.,2022-09-28,517
5095,588,2,Claire forêt exécuter marcher situation éviter ventre.,2020-10-22,27
5096,1435,5,Réserver fin peser endormir voyager fois chaleur police.,2023-09-24,3307
5097,1077,3,Blond distinguer possible terme facile encore atteindre.,2023-07-15,5389
5098,715,5,Moitié affaire curieux dieu leur folie remercier de pain rare épais haïr argent rose.,2025-07-25,2261
5099,323,1,Digne autre passion parent moyen puis aventure corde avoir prononcer pont toi gauche.,2023-07-30,2261
5100,1254,1,Couleur mot direction forêt plein danger plaine du puisque.,2019-11-30,3986
5101,1432,4,Plutôt mode remettre poser cheveu gouvernement douleur.,2023-09-20,1035
5102,539,3,Rayon juste second réclamer armée seuil signe content principe pont.,2021-08-02,4889
5103,961,4,Unique songer arrêter fier étudier conversation demain garçon enfance.,2019-07-11,5601
5104,729,4,Grand hasard préparer profond précéder fils pouvoir pour ah.,2020-04-29,1403
5105,280,3,Saisir nombreux affaire sérieux public curiosité.,2024-10-23,3376
5106,227,5,Manquer silence marchand occuper pourquoi appartenir.,2022-12-13,5110
5107,620,4,Pousser instinct arriver mur manquer saint soi règle retomber ensemble égal.,2021-02-04,5941
5108,1353,4,Doigt céder dégager objet branche sourd rapidement couleur unique habiter enfance calme mémoire.,2025-08-29,5952
5109,595,5,Chaleur fort éternel prouver impossible envie venir or cesser classe roi aucun.,2019-07-12,162
5110,678,3,Victime vague as frère feu emmener doux fusil huit hier nul secret connaître.,2020-09-22,2713
5111,279,1,Quoi village etc terme cinq déchirer ramasser oreille poche hôtel bois.,2024-10-13,2909
5112,679,4,Tant arriver éclat sentir comment devant ville juste protéger avouer calme léger bouche.,2025-04-07,2564
5113,772,5,Davantage rouler dessiner tuer jouer étage rouge compter folie livrer journée jeter quelque.,2024-05-10,2813
5114,989,2,Passé calmer île position exemple cas erreur croix.,2021-07-08,5229
5115,1272,4,Interroger comme animer changement appel étendre.,2021-08-30,616
5116,455,4,Raconter remplacer seul traîner année accent quart ouvrage créer.,2023-02-16,3180
5117,593,2,Camarade deviner aussitôt sans attention te suivant fleur content.,2021-09-12,5834
5118,1478,2,Sable général race classe profiter descendre dos très.,2019-06-25,3761
5119,261,4,Exposer tel éteindre ignorer tromper contenir espérer cercle aimer seulement aventure coeur.,2025-04-19,5013
5120,683,3,Aujourd'Hui mien ancien grave son observer résoudre extraordinaire confiance saluer chance geste miser.,2022-04-24,3860
5121,700,3,Quelque bureau un marche entourer retomber mille.,2025-05-30,3298
5122,364,4,Rapport effort couche caresser dire vie beaux lier.,2024-09-29,4339
5123,101,5,Passion fier bois froid cause silencieux interroger secours.,2021-04-27,2460
5124,901,2,Vendre chaud existence jeunesse oiseau trou juste agent préférer parfois plutôt.,2025-01-30,3081
5125,281,2,Prononcer presque choisir engager gouvernement cher marché prier réel affirmer course.,2024-10-27,3314
5126,1030,4,Pain charge absence cause votre paraître position toit froid fin comme.,2019-07-27,1680
5127,750,4,Rejoindre peu nul rire silence écouter caractère.,2020-07-05,5685
5128,702,4,Trente étage grandir bureau flamme ajouter proposer relever bleu rouler froid principe lutter.,2023-04-10,2877
5129,1495,4,Selon montrer comment confiance étonner conversation vingt jeunesse soumettre.,2019-05-25,4391
5130,1013,1,De situation angoisse étendre train port.,2022-03-12,4392
5131,717,1,Certain caractère arracher poète montrer loi apercevoir présent.,2024-10-10,4595
5132,96,2,Tuer importance haut descendre heureux conseil loi sens auteur étrange observer peau cheval inconnu.,2022-06-30,4413
5133,214,5,Plutôt aucun bientôt jamais million vif.,2019-11-02,3918
5134,1440,1,Rien beauté auquel machine confier important nu.,2021-03-26,993
5135,531,1,Revoir rappeler nouveau haïr mince professeur entourer empire enfoncer souvenir fort cri convenir.,2023-03-30,1838
5136,932,1,Peser mettre fonction rond regard blond à expérience respecter recherche personnage.,2022-07-22,4419
5137,385,4,Autour suffire ressembler amour que oeuvre environ peau coup.,2023-01-02,4779
5138,939,5,Folie possible aide ni aspect naturellement marier après dont chute relever prière paysan.,2025-03-01,1588
5139,1208,3,Part autre entendre exister poète sortir fait à écrire courir étranger énergie fumée.,2020-12-09,3919
5140,316,4,Inventer école rejeter changement trace auprès.,2019-09-04,553
5141,542,5,Couler cabinet quelque espérer poitrine mauvais aller mesure.,2019-07-06,3883
5142,1422,5,Malheur maître former attention suivant mariage vendre glace oeil désert feuille éclat.,2021-04-13,2655
5143,754,4,Derrière dernier étendre ailleurs subir pauvre soulever pensée ombre dormir mur.,2021-05-07,1462
5144,582,5,Croiser action an école étendre d'autres briser.,2022-12-07,3922
5145,916,4,Retomber oiseau fleur seulement peuple odeur feu.,2020-09-29,5262
5146,416,2,Prévenir leur delà douceur trouver chose conduire descendre brûler moi remarquer payer suivant.,2019-12-27,5247
5147,1378,1,Abandonner prouver éclat mari feuille semblable esprit.,2022-10-14,5959
5148,815,2,Même lune gris vite loi compter reste table espérer fête.,2022-12-11,790
5149,584,2,Mensonge bureau mille quoi confier camarade d'autres énergie vaincre paupière.,2021-12-06,5984
5150,1215,5,Feu complètement élément exemple rapide rocher image rapide permettre travailler auprès nouveau.,2025-11-09,855
5151,1072,2,Figure bleu calmer âgé bon exprimer joie marche saisir salle.,2022-09-01,2816
5152,117,5,Crainte fer envelopper souvenir rôle ensemble acte salle dès saluer disparaître.,2020-03-16,4579
5153,1023,1,Dimanche mari là obliger or toit fumée poids satisfaire frapper rapporter souvenir.,2021-08-15,3719
5154,312,3,Route fumer occuper là triste étendre que admettre exprimer.,2019-01-20,3766
5155,1363,1,Confiance demain détacher événement social conduire public nouveau certainement campagne expression accorder part.,2021-09-21,3072
5156,977,4,Bas signer surprendre chambre apparaître prison mari.,2022-12-27,2282
5157,364,5,Sombre petit peser autant pays voler coin envelopper rentrer.,2021-01-31,2317
5158,913,1,Donc occasion importance accord haut chaud retirer vingt construire.,2020-05-11,4252
5159,785,5,Genou charger avenir baisser voile obtenir miser lumière.,2023-02-09,3058
5160,376,3,Puis saint tant franchir nombre auquel.,2023-11-08,1950
5161,1500,2,Bonheur voix lutter perdu poche accent goutte agiter sorte peser vivant herbe vin.,2020-08-02,2116
5162,507,5,Difficile exemple moyen effacer l'une tracer étaler rompre.,2024-12-05,1550
5163,1146,3,Discours revoir oublier dominer poser ignorer dans siècle visage crier présent désert former profiter.,2025-10-25,3994
5164,592,4,Lendemain éteindre depuis mal étranger doute intéresser parmi éteindre aujourd'hui prêter passage.,2024-10-22,4592
5165,1210,1,Chez tuer chose fauteuil métier prince race.,2025-09-16,5502
5166,576,2,Tellement monter taille toucher attirer secours secours amuser doute ciel.,2023-02-08,2477
5167,1014,2,Musique après apparaître vert herbe briller confiance an jamais bas remarquer rayon courir.,2025-05-22,4280
5168,1142,5,Consulter essuyer mourir inquiéter bas reste réduire refuser coup faux risquer acheter.,2020-08-26,2416
5169,716,5,Charge direction essayer achever conscience jamais inspirer.,2023-10-10,2232
5170,1409,5,Donner rapide rose portier dominer douleur puissance chambre maintenir.,2021-05-28,2887
5171,397,4,Semblable prison nu été vague imaginer rouler mari.,2023-12-05,5479
5172,1167,5,Famille un surtout bord secours suite sujet facile matière.,2020-03-26,5050
5173,545,4,Remettre moment leur effort air juge épais distinguer étranger malade feu.,2023-04-10,2819
5174,457,1,Ciel paquet âgé heureux tour relation dangereux avancer.,2022-07-09,5116
5175,821,3,Public peuple digne travers réduire rencontrer tant.,2021-12-22,2164
5176,977,1,Paysage interroger année souffler enfoncer année appel chasser certain craindre.,2021-03-22,4777
5177,51,4,Emmener deux détruire intention affaire attention annoncer étude dernier sembler désespoir article.,2019-03-05,4327
5178,1032,1,Remplacer rencontrer tour maladie dame jeu l'un confier appel quant à tempête branche question.,2019-07-27,3070
5179,1364,3,Consentir vie traîner trois noire forcer.,2024-10-15,143
5180,580,5,Amener sourire connaître quel soin toute rappeler.,2020-05-24,4297
5181,1385,5,Etc lettre etc naissance parmi avant parcourir disposer circonstance subir élément village.,2025-08-02,5695
5182,279,1,Important réunir gloire donner porter occasion dans possible voilà d'abord traverser soldat.,2019-11-28,1007
5183,216,5,Fixer veille vingt ruine vêtement interrompre autre queue franc contraire silencieux écraser.,2020-06-09,3370
5184,486,1,Sourire personne visite montagne seigneur remplacer réflexion peser certain divers assez.,2024-01-02,4208
5185,799,1,Commencer société riche prévenir courage veiller cependant cuisine paupière mois.,2025-05-27,664
5186,207,3,Autre éternel ciel puis chute confiance.,2020-09-29,455
5187,1461,5,Agir tomber propre retourner sou répondre auprès refuser d'autres quart présence faute.,2019-08-15,1376
5188,241,2,Plan grâce arracher livrer manier maître.,2023-10-24,797
5189,1255,3,Effort silencieux effacer million glisser grandir or plan coin demi composer vie.,2020-02-20,1316
5190,562,4,Signifier mort soleil vous hôtel nourrir enfoncer service là gauche plonger genre.,2024-07-05,639
5191,663,3,Chasser renverser moins garder paix ressembler encore le beaux situation.,2021-04-06,2179
5192,364,4,Charge discuter dimanche terminer inspirer vendre.,2021-04-02,4750
5193,1152,3,Autant ton chemise profondément quart étage salut enfin marquer parler tenir attendre sous.,2021-11-24,3574
5194,1297,1,Acheter rocher confiance rayon aller éviter animal.,2025-01-07,256
5195,556,1,Abri rapport signer fixer taire devant doux.,2020-05-10,396
5196,973,4,Plante refuser malheur ensuite désormais fermer.,2025-04-16,2902
5197,1126,5,Gros recommencer secrétaire promettre grâce bonheur conduire simple poitrine se crier.,2024-09-01,5108
5198,237,3,Agir triste existence rassurer trace erreur point vrai convenir chemin.,2019-09-26,5785
5199,493,5,Charge satisfaire fusil élément signifier rose mentir travailler erreur.,2023-09-11,855
5200,861,4,Éclairer nombreux rue éclairer contenir reculer contraire voilà saisir écrire.,2019-07-12,2645
5201,1466,3,Réussir police autour personnage tel voici jeu.,2021-10-13,3884
5202,901,1,Soudain vie maladie confier détail crise vide briller passer déposer disposer.,2023-10-20,5211
5203,66,3,Parce Que arriver satisfaire songer lorsque naturel chef valoir auprès traverser.,2019-01-10,2371
5204,1250,1,Guère action haïr surveiller poète lequel inquiétude habiter ah user promener vieillard.,2022-03-17,5376
5205,1380,5,Volonté endormir naturel connaissance delà éviter avec notre oncle peur avant.,2025-02-21,3065
5206,132,5,Vieux ordre l'un montrer foi camarade autorité muet inconnu sauter maladie obliger.,2020-08-16,3208
5207,668,5,Reculer puis obéir chasser selon appartenir absolu rejeter.,2023-05-16,4535
5208,777,5,Voler bête groupe embrasser reposer debout honte machine moindre paysan faire existence.,2021-08-25,1409
5209,1225,5,Naissance vague reste agir couleur creuser gagner mari jeu cuisine.,2024-06-26,431
5210,672,2,Droit accorder souhaiter résistance fleur selon docteur revoir confier croix curiosité facile hasard.,2020-12-31,2168
5211,795,2,Confiance cas bas herbe demeurer ou circonstance partie y aspect mourir où.,2021-06-19,4633
5212,204,1,Intérieur etc foule de gens autour gouvernement asseoir habiter.,2024-08-09,2520
5213,812,5,Gens cinq intelligence aider sombre pensée expliquer inquiétude beaucoup.,2019-01-16,5700
5214,235,2,Scène consulter dernier dessiner quand froid ligne volonté.,2021-07-27,3052
5215,1485,1,Jour du nez corps événement être neuf davantage connaissance représenter recevoir.,2023-02-05,5647
5216,716,4,Cri espace charger souvent carte pauvre.,2019-05-20,3348
5217,156,4,Rideau lequel poésie quartier voici parmi feu rencontre habiller grain casser.,2025-10-19,5631
5218,123,5,Lieu plan mal soutenir terreur mode étoile.,2023-02-20,5190
5219,1317,3,Tenter muet pierre éclat fenêtre rejoindre extraordinaire te reste vision article combat précis.,2025-05-08,3306
5220,594,5,Composer toile nuage épaule absolu pierre as jeter mémoire jeunesse discours intéresser voile.,2022-08-29,3385
5221,873,4,Écrire tant comment paix marché amour préparer.,2021-12-05,884
5222,234,1,Victime sentiment dès humide contenir loup puissance midi révolution drame.,2022-06-11,5184
5223,1464,1,Obliger comprendre fou coin monde déjà amuser dos mariage maintenir vivre rapide.,2023-06-10,2437
5224,282,2,Oncle mari nombre à véritable note emmener demeurer exister troubler chiffre par autant.,2019-05-16,2470
5225,184,4,Toute quant à dès bois placer avec.,2025-02-07,5341
5226,60,4,Maintenant éclater dont celui bureau promettre peine vêtir repousser eh souffler ton.,2019-03-01,4251
5227,920,5,Poste avis ventre comment souvent renverser.,2022-10-21,2270
5228,997,5,Cacher naturellement mieux aller jardin près bureau mener soulever clef passion.,2022-07-06,4365
5229,968,4,Rien idée sentiment supporter découvrir auquel.,2022-11-12,2891
5230,1493,2,Table mal blond aimer douze installer étendre prononcer poser.,2022-05-06,2454
5231,1429,4,Ignorer six contenir environ tellement raison combien prince plein gens.,2021-04-21,1392
5232,961,4,Se source prison semblable oeil capable vide.,2022-06-26,407
5233,414,2,Pendre soldat comme le expérience que.,2024-04-06,1609
5234,589,2,Bruit pleurer marche son courir direction traîner tranquille mien emmener capable immobile produire.,2023-01-01,2740
5235,648,5,Sur goût mensonge aucun y toujours produire doigt papa sourd appuyer.,2019-05-28,293
5236,175,5,Trait victime respect étranger apercevoir champ asseoir caractère repousser conversation ouvrage.,2022-09-13,4875
5237,493,2,Herbe séparer rire chasse demeurer respecter.,2019-11-25,5959
5238,663,2,Ce considérer billet abattre social payer ça juger respect de village.,2024-06-28,1174
5239,1211,2,Hasard faim sombre déposer allumer cela pendant distinguer envelopper faux l'une.,2020-06-05,3867
5240,1322,1,Pointe couler théâtre noir mener phrase étrange revoir coup roi sentir autrefois taire.,2021-12-21,567
5241,1146,2,Nuit présence bien même etc risquer note fête naturel mariage esprit folie.,2020-02-20,2400
5242,611,3,Billet fer long envoyer là palais.,2021-08-16,2501
5243,1074,4,Bande de fatiguer scène peur grâce chanter créer pas avec.,2022-07-06,5738
5244,1040,1,Écrire siècle justice lisser fois prévenir éclat assurer amener respecter police.,2020-01-03,1818
5245,390,3,Donc nouveau confondre qui effort place aspect payer reposer achever condamner haut.,2024-01-28,1568
5246,5,4,Attitude cher cours projet placer hauteur mensonge.,2025-09-01,1809
5247,1435,1,Machine permettre qui chemin tombe exister semaine ciel ensemble autre.,2020-12-17,3193
5248,1050,5,Dormir boire ne terminer colère mari valeur énergie faute lutte.,2023-08-26,477
5249,381,3,Presser affirmer centre plein départ oui corde lutte cuisine.,2024-10-11,4461
5250,714,5,Fatigue service beau nature changer brûler vérité.,2023-04-21,1121
5251,128,5,Vert souffrance fait grâce ramener herbe trop terrain.,2022-10-16,3886
5252,1165,2,Loin jeter rayon cher papa mettre ignorer gens premier briser discours hors pauvre.,2019-11-03,3591
5253,367,2,Caresser lourd pleurer accent palais commun creuser.,2019-08-29,2950
5254,473,4,Affaire vingt avant endormir éloigner surprendre dans ici arrière vieux.,2025-08-20,3723
5255,273,1,Pleurer revenir minute jeu combat français certain ainsi passé terreur banc cou corps.,2019-11-30,1848
5256,603,3,Commander l'un oiseau souvent afin de même.,2021-04-06,1844
5257,665,3,Fidèle emporter compte révolution tel terreur poitrine traîner avancer quelqu'un devenir respirer.,2022-06-29,412
5258,1344,3,Confiance devant pareil terme présent attitude.,2021-02-18,2732
5259,1306,4,Le pourquoi tirer voyage or regretter reprendre groupe aide rassurer rocher parmi.,2022-02-03,2803
5260,294,5,Jouer on rose neuf parti perdre lettre rien rose fille machine fonder réflexion.,2024-03-27,3726
5261,711,4,Travers bas dominer caractère intelligence ouvrir somme mode remonter justice.,2021-07-07,2951
5262,388,5,Vendre chacun ruine prière grand dormir placer plein camarade remarquer course.,2021-07-10,4025
5263,1164,1,Obéir résultat mais recevoir poids différent conversation rendre franc avant.,2023-12-25,3158
5264,143,4,Depuis huit droit juge nom poussière moment chaque premier paysan.,2024-04-05,539
5265,1068,1,Avant sonner usage profondément tandis que manquer point colère sien théâtre.,2024-12-12,5890
5266,586,3,Savoir travail main aussi larme apprendre appuyer tu habiller exister trouver événement.,2023-12-05,783
5267,278,4,Naturellement reste si aider entourer pas parti paysan approcher doute agent.,2020-08-18,1945
5268,46,2,Fixe parmi malgré vieux saint nouveau sauver course simplement retour danser.,2024-09-08,4852
5269,1341,5,Prévoir poche autre souffrir pauvre sept.,2019-12-05,2354
5270,297,3,Non un année autant demain ensemble.,2021-08-22,509
5271,210,3,Étage droit trace souffler discours voyager simple vêtement qui.,2021-08-14,2638
5272,1247,3,Anglais penser pouvoir très question falloir jamais.,2019-04-12,3242
5273,207,2,Un promettre auprès parvenir éloigner nourrir chaque instant désir réflexion direction sans.,2021-11-15,1442
5274,415,3,Lit vie car jeune journal remercier peuple.,2023-07-10,2780
5275,95,1,Signe bête coeur charger l'un lui.,2020-07-20,1728
5276,695,2,Étude cause ensuite hier hauteur bout.,2025-03-18,1673
5277,1361,4,Paraître contenter en espèce relever saluer après exposer noir exiger représenter.,2022-05-12,879
5278,338,5,Effort tranquille jardin habiller mort bas mensonge.,2022-09-24,685
5279,126,2,Tromper avant confondre résister fin cuisine hasard je sorte exemple oeil juge.,2021-08-20,254
5280,7,1,Guère prouver cause oncle par recommencer sourire capable gros remarquer appuyer pauvre changement.,2022-02-08,2185
5281,1071,1,Prince écraser raconter tranquille sentier parce que curiosité découvrir rendre.,2020-01-01,5555
5282,998,2,Part auquel cheval réalité falloir caresser cas désirer chanter.,2023-03-27,5439
5283,141,3,François mener cent présence grand acheter loi dépasser.,2021-05-07,3542
5284,749,2,Côte queue composer roi fuir casser creuser habiter.,2020-03-06,2393
5285,1326,3,Caresser honneur lendemain curieux social tuer bon devant lendemain chef commencement.,2023-03-05,1009
5286,271,2,Mur salle remercier lutter agiter connaissance preuve.,2024-02-16,212
5287,868,3,Politique chute éprouver aucun heure comme.,2020-03-16,4103
5288,1160,1,Cuisine un figure retour sourd complètement briser pourquoi ramasser.,2021-07-08,5992
5289,1113,1,Reculer servir d'autres pays maladie crier.,2021-10-02,944
5290,1373,3,Bruit jardin intention gros d'autres vide soudain éloigner feu naître tandis que.,2021-06-14,696
5291,353,4,Chien savoir obtenir chasse enlever noire gris enfermer scène.,2021-01-13,3268
5292,1077,1,Pauvre sourire pendant honneur ignorer absolu prononcer port hors loin oui.,2022-11-19,5118
5293,1176,5,Direction chercher figurer puis vaincre émotion.,2020-07-18,2969
5294,134,3,Pointe briller si parfaitement maintenir mensonge retrouver trou jeu semblable observer.,2024-04-24,3527
5295,789,1,Oeil commencer neuf aussitôt produire lumière mine.,2022-08-29,24
5296,1493,4,Midi arrêter remercier maladie aile voler prière lutte beau tempête commun.,2020-07-11,1205
5297,1160,2,Rayon fait million seul rien croiser.,2025-09-08,1218
5298,1364,3,Secours bientôt vivant désormais rien armer proposer maison semaine.,2021-05-08,4230
5299,925,4,Rapide carte attacher baisser âme parent que travailler quand je rapport rouler pièce.,2021-08-16,3827
5300,367,3,Payer ton changement enfant madame poser billet face bête machine finir ensemble.,2021-08-02,3118
5301,1125,5,Nature oser humain divers nouveau consulter anglais.,2021-03-18,1422
5302,93,2,Cinq école nouveau lentement autre sembler confier enfin tapis veille.,2024-02-24,2025
5303,215,5,Dès rendre épaule mourir vous appartenir plante blond noir un rentrer instant espèce.,2019-07-19,1672
5304,380,4,Temps question horizon rire maison vin famille.,2024-11-06,2558
5305,110,2,Garde raison succès rouler achever jouer mois soit soleil coin.,2022-02-23,3418
5306,830,4,Interrompre rendre connaître vue prêt bureau sommet.,2024-06-21,5723
5307,148,5,Ciel passer rapporter neuf cher tant aujourd'hui remettre.,2021-12-19,3422
5308,262,4,Maintenir couper père pauvre anglais exposer.,2021-10-13,4209
5309,1121,4,Étouffer coeur depuis former haine mesure système.,2023-01-02,535
5310,1029,1,Droit dangereux clair figure vague choix aucun rester aspect amuser aucun.,2024-03-06,1549
5311,471,5,Lisser ça prévenir remercier précis de selon attacher tâche âge.,2025-05-04,1330
5312,580,5,Scène distance calme ensemble sommeil complètement long charger.,2020-02-01,5151
5313,1290,1,Verser prendre plante enlever ramasser tôt.,2019-06-29,274
5314,934,5,Affaire résultat quelqu'un entrée placer herbe passage défaut prince forêt nation.,2024-06-08,5281
5315,724,4,Muet défaut nuit jusque ce maintenant partir.,2020-05-30,838
5316,1262,4,Autrefois passé auteur ouvert énorme promener chute.,2023-08-14,2035
5317,276,3,Certain chemise but muet chiffre époque grâce précieux révéler.,2023-07-27,1319
5318,1416,3,Étudier problème serrer mal violence tache livre poète suivre ailleurs cheveu examiner.,2022-06-11,4264
5319,491,5,Fer rien malgré croiser indiquer passion cerveau sentiment contraire phrase céder étendue.,2024-09-19,1709
5320,363,1,Connaissance monde départ reposer vêtir aller instant émotion centre consulter risquer odeur appel.,2019-03-14,3606
5321,987,5,L'Un refuser beauté mille commencement cinq.,2021-11-24,3935
5322,1275,3,Prison visage autrefois aller promener nécessaire rien public savoir fermer parent résister gauche.,2025-05-16,4517
5323,39,5,Empêcher terminer vaste sens animer sein très fer tenter demande suivre.,2020-05-09,1468
5324,53,1,Cabinet examiner étendue subir trait raison cri.,2020-07-18,5428
5325,276,2,Pauvre folie abri forme quartier suivre couler imposer peser résistance chemise y abri.,2022-03-14,4788
5326,234,2,Essuyer victime tendre plaindre étroit crier placer sembler condition papier protéger.,2023-04-28,3940
5327,1446,4,Coup notre tache moins jaune ensemble autrefois malade apporter secret.,2024-05-16,3858
5328,234,1,Gens bien étendue condamner cou résistance.,2020-09-26,2328
5329,243,5,Choisir chose témoin permettre dix presser voler énergie.,2023-07-08,2091
5330,767,4,Front rond autre propre rejoindre compagnie de être signe groupe.,2019-09-02,5901
5331,201,3,Rose passer être journée agiter dire bas.,2020-03-06,5623
5332,686,1,Mériter interroger signe beaux prière chaque nous.,2019-03-17,4311
5333,987,3,Éclater enfance fruit français apparence tard dépasser.,2022-11-19,469
5334,163,3,Or lire sujet vieux autrefois vraiment ramener humide autant empire île proposer cesser.,2020-08-07,4568
5335,51,2,Offrir ligne agir alors préférer discours prononcer assister quatre yeux assurer.,2020-09-18,1442
5336,1003,1,Toi service gagner étudier nom respect douze tout relation.,2023-03-14,4635
5337,797,4,Payer soit court part avancer machine gros.,2019-01-20,5517
5338,81,3,Route écouter apparaître haut installer lire ruine blanc midi offrir.,2025-08-22,2243
5339,483,3,Poids fête recueillir composer chance recevoir fatiguer devoir danser loi sein.,2024-09-09,3778
5340,1311,1,Certes empire travers beau hauteur humide humide nation.,2021-03-16,1544
5341,180,3,Éviter calme lendemain raconter lisser service suffire.,2021-06-08,3003
5342,782,2,Front enfin moindre désirer étendre amener.,2019-09-12,3172
5343,669,2,Trop premier sol est éclat commencer douter nous oser droite celui raconter.,2019-02-03,5949
5344,280,4,Sentier cou désert surveiller produire eh demande.,2025-08-31,4183
5345,1254,3,Seul chute frais autre fortune bras âgé vaincre sauter oreille système bras.,2024-02-09,3927
5346,972,5,Acte couvrir titre l'un poids rendre vaincre tandis que.,2022-09-19,4027
5347,1410,4,Présenter gauche admettre bleu début diriger réalité discours revenir selon.,2019-05-29,1623
5348,754,4,Printemps cesse satisfaire importer travailler certainement amuser rire peine entendre métier échapper argent.,2019-12-15,394
5349,1223,4,Nouveau forêt premier doigt scène pouvoir.,2021-11-07,2285
5350,888,3,Effort travail chaîne blond heureux engager intérieur espoir.,2021-08-24,1990
5351,580,3,Humide fine ombre rappeler sauter empire rocher ensemble forêt donc aimer.,2020-01-25,886
5352,266,4,Fine moindre désirer fidèle leur hasard achever rapporter avoir honte propre comment.,2021-11-10,1268
5353,647,3,Air anglais fou voler autre lequel.,2021-03-30,4459
5354,670,4,Résister causer exemple apporter sembler comprendre social reposer.,2020-05-24,3834
5355,876,5,Intérieur souvenir traîner l'une tomber installer.,2023-07-09,1527
5356,330,4,Cuisine énergie blanc fleur nord loin cuisine écarter aider voisin nerveux.,2024-10-31,869
5357,1133,3,Pourquoi désert société prendre rire pour quand reposer puis doute.,2019-02-15,5597
5358,1330,1,Foule jeune patron quoi rare matin voir âme objet éternel complètement recommencer dessus.,2023-08-24,2398
5359,533,5,Marchand traîner en détruire éclat accepter terreur quitter sourd.,2024-02-08,1192
5360,1111,3,Hasard nul prêter placer peur surtout casser coeur assurer.,2024-08-09,1370
5361,871,5,Morceau décider tombe rapport fatigue reste espèce.,2021-05-06,3890
5362,1278,5,Presque venir livre animer également nuit.,2025-01-14,3954
5363,939,1,Neuf attirer sous se coucher mal profond paquet.,2023-10-18,4737
5364,347,1,Sombre signe pluie amener court signe.,2022-12-25,5950
5365,1043,2,Que planche tomber respecter drôle secrétaire marquer posséder bien.,2021-07-29,4970
5366,1311,2,Souvenir risquer soulever sujet accuser quel trace juste ouvert promettre de autrement.,2019-06-14,1147
5367,1177,2,Pendre soit refuser gauche réduire noir oh feu plutôt fier dame espèce.,2019-07-25,84
5368,184,4,Soin quant à rocher offrir nous amuser.,2020-09-04,2167
5369,7,4,Mot vie huit faible semblable appeler crainte intelligence argent silencieux passage.,2025-10-30,3091
5370,1047,2,Lieu payer abattre précipiter immense loin relation sujet vieux premier président libre.,2020-04-20,975
5371,296,2,Rouge beaux étoile soudain avant vers chose miser front bas.,2025-04-27,2940
5372,380,3,Planche énergie résistance témoin reposer figure confondre fusil avec ruine.,2019-05-22,1489
5373,150,5,Sol haute couper intention anglais baisser coucher près.,2021-11-04,931
5374,1366,1,Ajouter retomber expression devoir confiance sens salle monter immense résoudre ruine voiture.,2019-12-14,5482
5375,354,5,Cruel soulever tendre discussion liberté facile hôtel compter jambe instinct soin certain rouge.,2022-04-18,3034
5376,1054,1,Salle âme terreur être reste dehors prier.,2022-11-07,81
5377,1163,2,Rapport acte delà victime placer devoir capable d'autres écarter rideau réalité inspirer loi.,2024-08-06,5507
5378,471,2,Lutte acte point lorsque dame leur social compter impossible victime.,2021-02-20,5771
5379,1288,4,Calme soin endormir passé circonstance naître rapporter terminer oui souvenir.,2021-05-11,1275
5380,924,5,Courant couche suffire passage annoncer peur compagnie mois.,2024-05-06,4879
5381,1279,3,Charge aimer hors point sentir intention compter autant fruit tard feuille papier dès.,2019-08-11,1431
5382,983,2,Peu âgé journal bas hier intelligence morceau clef engager.,2022-01-17,1829
5383,753,5,Chat accorder bureau journée course droit chair dehors témoin goût droite demi.,2020-11-19,3115
5384,174,2,Trou six art retrouver recommencer immobile tuer.,2020-10-14,4851
5385,301,3,Bas libre juste soulever juste poussière froid aide te sentier gris dehors masse.,2020-10-06,3402
5386,468,2,Rose vêtir commencement bouche magnifique petit soumettre difficile objet valeur phrase affirmer.,2024-04-01,3222
5387,634,1,Entraîner tu portier mot perdre voler croiser avenir fixe posséder.,2021-05-01,226
5388,997,1,Observer juge chasse changer songer âgé peser plante.,2021-12-17,1852
5389,525,3,Accepter gloire hauteur commencer curieux oncle mon sien.,2024-12-26,717
5390,737,3,Chiffre chaise exemple bleu intérieur compagnon vif dont vif.,2021-12-15,3989
5391,812,5,Instant drôle condition secrétaire gauche complètement.,2025-04-28,1842
5392,880,3,Solitude creuser bonheur vague haine croix maintenir passion fait inspirer vie.,2020-11-03,5557
5393,75,2,Sens bon vers briser robe animer renverser an noire le masse.,2022-08-30,3341
5394,1157,1,Instant monde blanc poursuivre début parfois histoire peuple emporter.,2021-09-18,5304
5395,1148,5,Sien intérieur forcer travail dame art désormais route connaître.,2022-11-05,588
5396,333,5,Chant tache causer d'autres chercher nul petit unique vers juger claire signifier fermer.,2021-06-23,4203
5397,1394,5,Pour entraîner gloire existence voile honneur tenter cela pont exister appel guère juge.,2019-06-25,2772
5398,30,4,Long bataille ensuite type million muet.,2021-02-15,2312
5399,1092,2,Éternel épais demain gens taire connaissance accorder tout différent l'une accrocher obéir complet sourire.,2020-08-01,5615
5400,205,2,Désigner chat soin condamner drôle malade tendre apporter son très porte.,2020-11-17,4213
5401,858,3,Tuer claire ci neuf inventer drame.,2022-06-30,4869
5402,1209,2,Important poids inquiéter présence presque recherche.,2019-01-22,1611
5403,856,2,Vide autre espace fixer écouter pouvoir.,2024-01-11,2071
5404,484,3,Signe gros souvent imposer déjà cinquante puis surtout flamme pleurer.,2023-10-14,5005
5405,223,1,Simplement sens centre bleu poitrine retrouver étonner.,2022-09-24,4123
5406,14,1,Oeuvre mariage monde pitié lit beauté accrocher contenter fil rêve acte.,2023-05-12,2350
5407,397,1,Garder bonheur exprimer résoudre reculer protéger dessiner étonner disparaître.,2023-03-30,3940
5408,818,4,Delà ne sur droite tantôt allumer corde accrocher moment moyen.,2022-09-11,5147
5409,177,3,Sous assurer as raison conseil manquer auteur trouver défaut femme réunir.,2025-09-19,801
5410,774,4,Vide causer rejeter manquer armer remettre leur.,2021-05-22,2545
5411,426,4,Source derrière vaincre blond usage éclat propos yeux établir inviter compter.,2023-02-13,4086
5412,327,3,Loi armer froid encore le vol dos rocher lentement grâce simple vol.,2025-10-01,3135
5413,1162,2,Terre choisir parole terrible anglais glace simple agent forcer certes soldat lutte.,2025-07-07,5648
5414,158,2,Ramasser noir observer genou tranquille révolution.,2024-11-09,3679
5415,299,1,Sec public pays soldat garde enfermer classe élément possible noir comment.,2019-02-19,1686
5416,830,1,Pourquoi fermer malgré faute éclairer désigner grain faute partout pourquoi paysage seuil.,2022-04-18,1267
5417,1371,4,Mal âgé grand religion intérieur réussir personne désert seuil idée vin mériter.,2019-12-28,1372
5418,162,1,Lutter envie parole pitié mot ailleurs prêter sec riche compagnie heureux.,2023-06-25,541
5419,654,1,Sauver au savoir envie recherche quatre suffire chez soleil habiter faire liberté.,2019-02-01,2330
5420,1498,4,Bonheur garçon curiosité vaincre quelque réfléchir autorité.,2021-09-19,5388
5421,333,4,Bientôt présence prouver prince pierre craindre en quitter rêver éclat inventer condition envelopper.,2024-10-22,3757
5422,1413,1,Rencontre étoile science façon tu succès trésor horizon accord.,2025-03-22,3096
5423,1130,2,Amour fermer rouler approcher action espace vie annoncer charger saisir son quoi.,2020-10-21,1794
5424,856,5,Rire public étouffer traverser arracher avancer ressembler poète hauteur.,2024-09-25,3789
5425,945,1,Joli même chaleur inquiéter prêter chaleur précéder chacun calmer voisin essuyer.,2024-05-19,651
5426,957,1,Quatre début inspirer chant étendre aider par chien ce.,2021-03-11,1256
5427,581,3,Choisir plus nu taire tant pain mettre petit fortune carte ami fixe.,2023-01-12,3162
5428,226,4,Nuit qualité frapper françois petit effacer inventer objet sortir avant perte décrire loin.,2022-03-25,3265
5429,1133,1,Répandre habitant répondre pauvre douceur curieux chute appartement tromper chasse.,2024-02-08,5626
5430,1252,4,Société brusquement esprit véritable pur étendue rapport.,2019-09-14,624
5431,1144,3,Auprès cause professeur société franc chambre penser séparer.,2019-06-29,4915
5432,351,3,Porte pas couche veille colline cercle système tenir.,2020-10-06,2225
5433,1475,4,Garde ouvrage bouche fin garder regarder interroger joue seulement simplement soin attirer homme.,2025-12-02,1549
5434,1193,2,Autrefois mur étoile nom un arracher feuille éclater vieux nourrir quelque.,2019-05-25,1144
5435,839,3,Appartenir sec loi tempête agent moindre.,2019-01-04,5821
5436,475,1,Puisque tout muet ministre relever nécessaire.,2023-07-08,4275
5437,1076,4,Fumer nation plutôt bout principe saison joli entrée contenter poche.,2021-08-06,2605
5438,482,3,Noir chacun froid milieu cent vert premier.,2023-03-30,3302
5439,1030,2,Papa ouvert depuis colère rejoindre ancien militaire auquel bonheur fauteuil tôt été surtout.,2020-05-30,5300
5440,590,5,Devant pourtant autre grave à humain poursuivre paupière nom chambre.,2020-01-02,5995
5441,315,1,Idée rappeler pont qualité avis résistance élément matin.,2025-11-14,2868
5442,556,3,Malade principe soudain humide asseoir mur nature arrière meilleur parfois animal prêter garder.,2019-06-13,1026
5443,324,3,Expression surveiller chiffre enfoncer suite puisque.,2020-02-25,2197
5444,238,4,Réalité annoncer nouveau réalité jouer être répandre lequel fermer grâce chacun magnifique herbe.,2022-12-05,2593
5445,1301,3,Courant femme pont céder séparer petit doucement dire rocher qualité présence acheter.,2022-08-01,4700
5446,51,5,Dès tout beau déclarer honte dessiner précéder patron.,2022-11-27,5212
5447,1160,5,Parce Que y quant à lentement étranger recevoir rassurer avancer taille été paix étage asseoir.,2019-09-08,2523
5448,1259,2,Difficile chat relation visage beau que possible déposer seulement nerveux toit.,2024-01-01,155
5449,280,5,Expliquer trois animal docteur facile cacher après accepter fidèle dimanche heureux.,2023-07-13,5018
5450,1478,4,École arrêter étage rapide renverser hauteur pourtant ce table devant animer tour.,2019-03-14,352
5451,57,3,Son rassurer sauter quelque chance moindre.,2021-02-21,614
5452,258,1,Naturellement avis recherche lors plaire public traverser préparer juste.,2019-05-09,2422
5453,593,1,Sur art oncle amuser page chasser sable plus minute obliger soi terre morceau.,2023-06-06,528
5454,627,2,Vraiment grain colon semaine fumée posséder bataille.,2025-02-18,2540
5455,395,4,Bas comme construire complet soleil ignorer ici présent vent chef changer.,2025-02-01,3121
5456,540,5,Droite exécuter prison sujet sien lit promener principe situation que.,2021-12-07,5502
5457,698,5,Général vouloir autorité mer commander vêtir témoin tandis que obtenir.,2021-10-18,1004
5458,566,1,Réflexion rapporter d'abord course commander ouvert attacher éteindre livre.,2023-07-14,3807
5459,1499,4,Oeil inspirer égal mais perdu déclarer rester.,2024-07-21,3635
5460,946,5,Trembler vers parmi parti éprouver attaquer repousser bonheur mériter ne noir tandis que crainte.,2019-02-22,5066
5461,1089,3,Encore pauvre lettre égal pierre le naturellement étendue absence entendre anglais chercher un.,2025-12-22,4826
5462,1093,5,Digne liberté moment expérience beauté séparer confier avancer crainte voyage bruit.,2020-10-10,417
5463,809,1,Vêtir drame dehors instant retourner seul métier remonter tranquille anglais rêve.,2021-10-25,2003
5464,1041,4,Faux retirer davantage lèvre seulement terminer propre métier.,2025-10-14,5567
5465,192,2,Fort mémoire observer mentir servir éviter poitrine rouler.,2025-08-09,5808
5466,1173,2,Chaud lui droit couler endormir afin de âgé position.,2024-08-06,3405
5467,1382,2,Autre pencher juste obéir saint veiller exister rouler auprès loin cause lit tenter.,2022-06-21,2760
5468,1095,1,Ami répéter cependant marché au animal blond soudain.,2023-09-19,2900
5469,1140,5,Fier corde situation joindre espérer protéger heure intérieur cause traiter respirer entraîner espèce.,2020-10-16,4934
5470,605,5,Grandir poche retirer interrompre dernier face gauche briser circonstance passé liberté demain.,2019-03-18,1582
5471,389,4,Part rang pluie endormir douceur effort oncle montrer pencher ouvrage quart faux.,2022-06-11,1481
5472,1359,3,Angoisse nation fort marche mensonge impossible expression puis.,2022-04-10,539
5473,1125,4,Prétendre parvenir détacher dessiner amener tendre vin leur propre.,2024-04-01,2999
5474,1077,3,Entendre entre recommencer réflexion étude tour paupière vin.,2025-11-28,4093
5475,87,3,Public marquer groupe autre lumière long flamme quelque note cent.,2021-04-13,3700
5476,234,3,Essayer père enfant rapporter enfin mince au rire président rare françois.,2021-03-20,2724
5477,312,3,Président quinze machine arracher presser réussir secret intérieur ligne.,2024-03-02,5913
5478,126,3,Résistance exécuter fuir souvenir rapport ni bas jeune pur sien.,2020-07-29,3254
5479,45,1,Parti coucher armer durer genou figure chasse demain tâche frais pièce pareil voici.,2021-12-14,4350
5480,39,4,Vol grain sens vêtement ou prêt leur quartier.,2024-02-28,1893
5481,175,5,Moitié pierre jour ami franc promettre douceur secret empêcher matin côté haine.,2020-05-03,4668
5482,324,3,Colère acheter papier fenêtre perte étudier commun ici.,2021-11-28,3741
5483,1231,1,Promettre étouffer allumer quart roi chaud terminer présent.,2022-09-02,859
5484,644,2,Te plaire avance mieux part accrocher gauche.,2024-07-06,280
5485,1030,3,Étranger tenir subir armée froid plus voie prétendre immobile est.,2020-02-22,3236
5486,334,4,Nation le toujours le forcer siège anglais distance.,2024-03-27,2810
5487,1302,3,Non mer tandis que poste acheter camarade sommeil.,2020-06-08,403
5488,862,3,Beau nombreux vrai chiffre chaque compagnon carte apercevoir dame geste habitude nu.,2022-12-02,3786
5489,1142,5,Digne homme nuage connaissance éviter divers.,2024-11-15,4635
5490,1466,5,Beauté traverser dehors votre partir guère dégager complet.,2023-12-17,1412
5491,1296,2,Dangereux juste rêver avant surtout présence menacer rien non sommet mener apprendre où.,2025-06-07,1565
5492,945,4,Passion mur dépasser long même impossible pas drôle nouveau admettre permettre étrange.,2024-08-16,813
5493,988,3,Arrivée étroit sec cher mois fuir étage tourner témoin avenir obtenir.,2024-06-11,2488
5494,1179,2,Essuyer détail machine vingt nuit solitude fête paix lentement titre nouveau.,2023-12-06,5776
5495,643,5,Vouloir terrible clair soutenir haut rapporter choix barbe fois apparaître.,2020-12-13,5884
5496,601,3,Drôle vrai un coûter peuple frapper décider devenir maison.,2022-11-18,2282
5497,79,1,Ce armée empêcher autorité reposer nuit crainte.,2021-09-29,4453
5498,1369,1,Sur bon éclater midi jour lui fier.,2023-01-11,2430
5499,497,3,Animer abri défendre papier fond demi voile consulter enfant autorité dieu âge étouffer.,2021-02-15,2772
5500,635,2,Seulement prêter terrain poids plaine grand pauvre travailler fonction cri.,2020-07-20,4761
5501,106,5,Appeler content vif être père jouer peuple campagne intention.,2021-12-09,4013
5502,1148,4,Admettre naissance couvrir danser bureau long problème si oreille bien aussitôt ou juger.,2020-08-27,3976
5503,494,5,Donc autour parfaitement sauter ramasser comme tenir soudain marcher muet.,2025-05-15,1067
5504,399,3,Grave mort absolu sec plusieurs voiture dieu souffler plutôt appel là étudier.,2020-01-27,956
5505,1065,2,Papier odeur nombreux accorder retour moyen entre poursuivre poursuivre.,2025-07-10,5487
5506,50,2,Religion voisin pièce as distance oui bataille éclat plutôt après mais mensonge.,2022-02-13,551
5507,748,5,Neuf aider douceur contenir ministre pénétrer image ainsi.,2020-09-18,3476
5508,379,1,Gauche attitude moins profiter moyen nu ce soutenir poste.,2023-01-23,765
5509,902,2,Siège absence voler créer pied habiller quelqu'un.,2019-07-14,1390
5510,1102,5,Composer nature occasion puis feuille amuser bon que autre relation sauvage haut.,2021-09-01,3079
5511,570,5,Perdre promener barbe neuf fixer écarter ligne endroit chaîne beaucoup pointe.,2021-04-21,2576
5512,620,4,Permettre propos parent me vision cours.,2019-01-23,2163
5513,1435,3,Revenir trop traiter queue souvenir sombre dimanche noir rocher armer porter écraser jambe.,2025-10-09,244
5514,1188,4,Fusil eh allumer idée position plaine devoir or.,2024-10-04,4600
5515,317,2,Visite avoir doucement sueur casser appuyer projet perte drôle réduire.,2019-06-18,3331
5516,918,2,Âgé tandis que endroit auquel sombre paupière liberté quelqu'un après peser songer.,2025-09-30,376
5517,226,2,Passer mettre bas couche garder être vivant rang affirmer face mal paysage malade.,2024-08-23,5269
5518,790,5,Souffrir chemin mais genou votre contre politique endroit tu nuage recevoir situation.,2019-01-02,5189
5519,1355,1,Veille porter effacer votre ensemble apporter atteindre question genre.,2019-04-14,3217
5520,862,3,Envie résultat te cheval étendre guerre plus certes combien enfant affirmer.,2025-04-24,531
5521,377,3,Étonner lire retourner humide mériter coucher de ennemi fait parler complet inquiéter.,2020-05-03,5737
5522,762,1,Établir nouveau arracher mensonge nouveau donc ami moyen paysan leur tout.,2022-01-31,3456
5523,127,4,Sonner temps loup obéir examiner terrible.,2019-08-19,3886
5524,1199,3,Tranquille fait alors drôle examiner ignorer sentir cabinet faim annoncer.,2020-09-24,5651
5525,1372,3,Juger gens empire confondre mener vivant combat.,2020-07-14,3296
5526,1042,2,Prêter grâce plan grain arrêter marquer bande.,2024-12-06,196
5527,477,2,Souffler frapper seconde présenter payer revenir joindre objet.,2022-05-26,2423
5528,1446,3,Envie elle mouvement voix départ montrer théâtre soumettre empire glace peine éprouver.,2023-01-12,2846
5529,826,2,Distance d'abord tromper ensemble dame bouche intention temps aussitôt appartement aussitôt entier claire.,2023-08-01,1433
5530,864,1,Quelque nécessaire rôle rose tant possible diriger folie profond tranquille règle.,2022-10-25,5288
5531,757,5,Place puisque distinguer dégager digne tromper peser avouer là bien empêcher agent idée.,2022-04-23,4100
5532,180,2,Planche arrière propos passage compter plaisir cerveau obéir beau art.,2022-08-16,1401
5533,1424,5,Est brusquement coin animal blond départ contraire baisser docteur.,2024-06-22,278
5534,1375,1,Art jardin désormais dominer penser compagnie souffrance maladie regard ainsi pièce étroit.,2021-01-24,5200
5535,380,5,Sûr guère dernier cours anglais derrière cabinet autrement arracher lendemain réveiller corde.,2025-12-17,3781
5536,1152,3,Affaire mon art essayer étaler prière enfin intérieur contraire.,2019-06-04,2602
5537,1462,2,Propos troisième terre toit perdre anglais rêver sortir.,2021-06-06,2575
5538,942,5,Épaule voisin livre étrange avance fumer roman.,2021-11-06,647
5539,1132,1,Caractère entrée inquiéter enfoncer foule couche.,2023-09-11,4210
5540,241,2,Blanc lisser lutter être personne regard.,2020-10-18,1338
5541,295,5,Comment bon suivre hauteur peau construire chez dessiner affaire.,2019-01-11,994
5542,852,2,Moyen avec deux humain danser chasser prononcer qualité triste ah.,2025-01-02,3680
5543,580,1,Depuis ruine aujourd'hui or année décider enfoncer même révéler dire étoile naturel accuser.,2023-09-20,3542
5544,225,2,Cheval attendre mer prétendre veiller train répandre durer obéir noire saluer horizon impression.,2021-02-19,113
5545,484,4,Silencieux quoi curiosité enfin réel tout content.,2019-01-24,2449
5546,890,2,Fait façon as compagnon clef source public.,2025-09-26,3380
5547,907,1,Envie fort prière approcher or avenir sentier beau ciel effacer intéresser consulter rapporter.,2019-02-07,3182
5548,787,5,Guère cinquante jeune existence rare venir.,2024-08-28,319
5549,826,3,Impossible assez causer certainement fer horizon cerveau côté cheval.,2019-07-22,2727
5550,703,1,Moi chaîne plaire rayon mort fait attirer bout valeur.,2023-11-26,3931
5551,630,1,Demi sentir chiffre posséder siècle fuir.,2025-06-18,1792
5552,1409,5,Séparer fauteuil quelque embrasser sable si.,2021-10-08,4114
5553,732,4,Nu politique hésiter entrer tombe réunir cause.,2025-12-01,5051
5554,1450,3,Mauvais soit amuser habiller dehors confiance risquer accent auquel songer nez or victime.,2022-05-19,5007
5555,1349,1,Vite heure ajouter visible religion quel renoncer poursuivre rouler.,2023-05-25,5707
5556,149,3,Jeune sûr précipiter croiser chasse précieux puissant servir bord réel haut.,2020-09-02,1310
5557,361,3,Éprouver quelqu'un jeter titre île rapport éloigner peur lequel.,2020-06-13,4352
5558,1360,5,Connaissance complètement aller casser jeunesse derrière.,2023-12-14,4697
5559,824,3,Politique fenêtre attacher étaler quart grâce million race mari éclairer témoin.,2024-12-11,3670
5560,1453,3,Avant aide traîner puis erreur camarade.,2019-12-23,757
5561,740,5,Quatre mari installer maintenir auprès demain.,2021-02-07,2622
5562,782,5,Quarante soi trop complètement achever genre.,2024-12-31,4154
5563,1031,3,Nul véritable calme donc si justice signe cacher militaire déchirer.,2024-11-04,4583
5564,331,4,Étude trésor remercier paquet nuage ouvrir plutôt emmener foi fait rose.,2019-07-06,2608
5565,895,2,Pouvoir souvenir souvenir envelopper saisir quant à tenir parfois point.,2023-07-15,5536
5566,532,1,Bruit devoir vieux obtenir mais petit mur donner sourire justice peu un.,2021-02-03,1740
5567,894,2,Avouer éprouver profondément que vent type attirer finir.,2022-02-14,3015
5568,549,1,Manquer fou dimanche cri suffire eh pointe.,2025-12-13,5056
5569,1110,3,Bataille jambe courage feu ouvrage cheveu asseoir.,2019-07-13,4225
5570,662,2,Seigneur folie obéir courage bien contenter résistance peur suivant exister île moindre.,2021-08-06,4386
5571,787,5,Presque choix lentement sourire haut avenir officier jeune.,2025-04-21,4722
5572,158,3,Pauvre derrière user attaquer revoir terrain soumettre examiner.,2020-04-01,639
5573,1473,4,Rompre arbre étoile trembler décrire nature rouler.,2020-01-08,276
5574,877,4,Précieux mien milieu palais exiger être.,2024-11-05,3502
5575,1005,4,Champ interroger assez le poser entraîner apparaître visite pendre crainte remplacer petit.,2020-05-11,5352
5576,1489,2,Route taire repas groupe mieux marchand marquer rire auprès passion poète passé argent.,2024-06-19,4150
5577,1113,5,Fumée passé sûr loin aller blanc exécuter raconter.,2024-02-22,5428
5578,749,4,Retenir visage descendre bataille trembler riche acte.,2022-06-14,271
5579,953,1,Exprimer page billet maintenant seul tombe roman à affaire.,2020-11-17,3086
5580,646,3,Avant entier sortir vide faible fine drame réponse papier centre d'abord dix craindre.,2023-08-19,5748
5581,687,2,Nation engager remplacer retenir midi mari fruit rêve son problème français allumer toit.,2023-05-15,300
5582,578,1,Également escalier offrir que vision essayer chat asseoir.,2024-04-09,5463
5583,143,4,Prononcer réduire souffler représenter marier voler asseoir veiller lentement son accuser.,2024-02-12,5685
5584,1248,1,Parole emmener inconnu chat terre peser dès réserver chaud indiquer éprouver ramasser fonction.,2021-12-29,116
5585,1445,5,Dangereux plonger long maison bientôt accompagner découvrir promener supposer.,2024-04-19,983
5586,261,1,Se considérer admettre droite quand qualité détail fuir.,2019-04-15,3272
5587,816,5,Poitrine défaut genre palais discussion un lieu abandonner vers supposer prétendre.,2024-06-08,585
5588,821,4,Croix cabinet enfance te impression juste ajouter atteindre.,2021-07-12,1327
5589,1337,5,Tel porte il revoir dessiner adresser curieux poussière.,2021-07-24,91
5590,1161,2,Mais côte inconnu représenter désigner fonction jeune chiffre pain habiter finir anglais malheur.,2025-09-15,4387
5591,434,4,Heureux tout abri maison voiture court pointe.,2021-11-30,1178
5592,1248,3,Tempête attendre doute détacher marier toucher impossible blanc mort.,2024-02-20,4635
5593,239,3,Rapporter sang devant forcer confiance honneur point étendre toile instinct obéir sac plonger.,2019-12-17,2566
5594,751,3,Perdre scène hésiter profondément trace discuter.,2023-01-01,5945
5595,952,5,Ramasser complètement côté politique endormir engager.,2019-06-23,1440
5596,1402,2,Croire quatre croix tête gouvernement aussi vague frais désigner mesure énorme ministre.,2022-08-15,2453
5597,584,4,Qualité français te songer autre servir partie selon douze on sourd avouer enfance.,2024-04-15,2118
5598,845,5,Elle pencher éclat conversation sueur curieux maison voyage combat conscience voile sur regard.,2021-02-04,727
5599,526,1,Car terrain également précieux effort fin abandonner.,2020-12-13,2642
5600,656,4,Expérience marche autour fatiguer noire possible pousser dessus.,2022-12-10,3680
5601,536,1,Pendant demander inutile content gagner plusieurs.,2024-01-09,1110
5602,51,1,Oiseau contraire exprimer madame plaindre bien obtenir.,2025-10-08,5538
5603,1278,5,Machine lumière croiser plein secrétaire envoyer refuser.,2021-08-01,2904
5604,438,2,Devoir l'un système peu grave musique.,2022-03-23,1444
5605,800,5,Rire règle goût haine car militaire maladie enfoncer et sein avis.,2024-06-01,5837
5606,1364,5,Bonheur libre pénétrer devenir affaire réfléchir tenir particulier descendre aile compagnon six supporter.,2021-06-18,3342
5607,538,4,Poche sur endormir chasser temps flamme plonger prévoir général attacher.,2020-08-13,4158
5608,187,2,Soit demain habitude jeu rapidement chambre.,2024-12-12,4861
5609,1247,5,Famille devoir étranger éclater éloigner employer l'une fatigue emmener vivre beaucoup signer.,2022-03-21,5835
5610,505,3,Avec robe muet silencieux davantage discussion.,2025-05-18,458
5611,693,4,Guerre saint expression travail on bande.,2025-09-18,1629
5612,399,3,Bande leur semblable danger train saint réfléchir expérience demande et créer coup.,2025-09-27,5432
5613,899,3,Chasse jeunesse combat arrêter extraordinaire ça presque.,2020-08-03,5009
5614,303,3,Confier haute montagne poésie siècle armée.,2023-08-14,2417
5615,539,4,Spectacle éternel hiver roi porter rapidement paysage nouveau mener maître embrasser public.,2023-04-07,3724
5616,112,3,Chaud tempête manger chacun nuage violence.,2019-03-21,4927
5617,1416,5,Esprit vieux oser salut demander joie désirer liberté large.,2024-05-02,666
5618,528,3,Rapport couler respirer prix maison figure emmener vrai rencontre.,2019-02-06,4137
5619,1226,4,Nul saluer couler terreur souvenir vert.,2021-12-06,1280
5620,690,4,Terrain relation froid bruit livre deviner aussitôt parfaitement voir disposer.,2022-09-28,939
5621,702,3,Dangereux déclarer marche cerveau auprès quel espérer aimer herbe.,2024-01-09,5467
5622,1428,2,Attitude scène rose représenter extraordinaire vêtement déjà conversation.,2019-10-20,3324
5623,880,4,Rose condamner million indiquer adresser conclure.,2023-11-12,1757
5624,1239,4,Extraordinaire projet heure faveur depuis mensonge l'un auprès visible rang général chez.,2022-12-19,1856
5625,243,3,Enfoncer mode droit place air glisser trou.,2021-03-20,4668
5626,1450,3,Grave fusil résoudre penser servir seul maintenant demeurer expression vers.,2024-08-16,712
5627,855,2,Exposer interroger subir claire l'un chute tard été un nécessaire lumière roman gauche.,2025-01-27,5651
5628,1186,1,Eaux porte vrai large exprimer simplement intelligence coûter produire trembler paquet.,2020-07-06,958
5629,467,4,Perdre étonner toujours déclarer grain trois personne militaire répandre.,2020-03-16,450
5630,549,5,Place choix ennemi menacer inviter aucun vouloir fruit espace prison choisir particulier fait.,2025-05-29,4806
5631,886,5,Compte argent enfance hasard peine trésor au bien nommer refuser vol claire assez cerveau.,2025-08-03,4112
5632,943,1,Roi attaquer fuir certainement erreur moindre.,2023-07-12,2375
5633,646,3,Résister cela chant mauvais discuter livrer sein.,2019-03-29,5429
5634,1444,4,Titre endormir fortune reculer dormir courant mince gens.,2019-01-14,5537
5635,966,3,Paysage jeune chose très libre quarante.,2025-01-25,1529
5636,1401,2,Arrière debout pur sombre demain rayon marquer siège moitié vieillard professeur.,2021-01-23,5956
5637,605,4,Vivre vert compte véritable lumière hier surtout lever jeu.,2022-06-13,4855
5638,453,5,Représenter impression capable agir arrière tellement elle papier soirée étudier.,2021-02-10,2977
5639,996,1,Vin falloir attention quelque ruine moitié faim même important.,2020-03-14,2035
5640,617,4,Voler épaule front soumettre commun cause victime.,2023-10-21,5044
5641,162,5,Maître tranquille front crier type mesure grain ignorer vent terminer doux.,2021-05-05,3271
5642,1014,3,Un le faible succès air transformer pourquoi colline.,2020-09-11,5003
5643,942,3,Mesure tranquille terrible paysage renverser accuser interroger il doute confier phrase.,2024-09-12,1519
5644,1245,5,Habitude désert corde foi vieillard que lui puisque point.,2019-03-19,895
5645,1070,5,Lieu moyen mauvais loup état machine général sommeil scène appel.,2022-06-27,1577
5646,415,1,Grand pas inquiétude ensuite libre pointe souffrir exprimer il noir désir chasser.,2019-12-09,655
5647,1149,1,Début prévenir oublier écarter vision rouler supposer.,2019-09-26,1003
5648,1169,5,Folie ciel marchand songer fusil cou combat étude.,2021-05-20,4654
5649,1026,4,De hiver mode attention partie partout vision tapis combat.,2022-07-16,1324
5650,564,4,Cela si donner prochain peur poche premier donc roche pluie manger inquiéter.,2025-03-08,767
5651,1381,1,Vague as rouge premier marché sueur propos suivant avoir.,2019-02-13,2734
5652,1306,3,Attirer expérience mériter inutile voir souvenir président calme éternel essuyer trois.,2025-08-23,1042
5653,1218,3,Sang porter un exister personne demeurer argent aussi façon.,2022-08-30,4882
5654,1488,3,Embrasser immense arrière parfaitement habiter malheur guère mais voler note.,2024-01-02,5904
5655,157,2,Franc fait terre police paupière rue travailler oiseau blanc paquet joli tache.,2024-08-25,422
5656,1189,4,Fille avancer effacer finir noire hésiter neuf honneur surveiller françois.,2024-05-11,3310
5657,1238,1,Peser cuisine remplir côté poète mener où secret falloir épaule jeune.,2022-12-31,418
5658,150,3,Environ mort manger sept d'autres existence terme moyen livre.,2019-07-03,896
5659,790,1,Début au prêter et noire humide mentir contraire désir prison juste.,2025-11-11,3941
5660,1438,2,Recueillir ciel étranger sept sauter près élément propre.,2022-08-16,212
5661,155,3,Dominer ruine signe retirer poids indiquer asseoir habitude banc masse cesse.,2023-12-31,5319
5662,1489,1,Milieu menacer premier toit naissance doucement ci parler quinze beaucoup protéger exposer.,2024-09-18,1927
5663,1255,3,Bas phrase quoi lorsque quartier aile étendue révéler.,2019-04-06,4336
5664,833,1,Obliger tout terme vie jusque dangereux goût.,2024-08-27,1107
5665,103,1,Cacher problème quelqu'un commencer distance mer juste recevoir paysan même jeune étoile.,2021-07-04,2680
5666,855,3,Extraordinaire veiller envie peur vision rejeter maison être alors dent table pont surveiller.,2025-10-12,4525
5667,788,4,Sentier seconde présent circonstance comme suffire groupe tout groupe rapport différent leur tout.,2024-01-28,5663
5668,565,2,Porte garçon saint sauter remplir doucement arme annoncer avance habitude tuer.,2021-07-03,312
5669,1058,5,Curieux tranquille rire sûr près colline or figurer dessiner pointe emmener sable.,2023-07-04,3988
5670,1415,2,Vide portier absolument marcher choisir chemise général autrement signer race rester.,2019-05-26,5595
5671,170,5,Demande sur produire ouvrir dessiner pierre obtenir enfin bon tantôt.,2021-12-03,2614
5672,1372,5,Rendre subir flamme fort regretter rapporter mémoire soirée source attention serrer découvrir sujet.,2022-09-29,5884
5673,101,5,Eaux facile été son bord trace aucun pont.,2022-02-23,2194
5674,323,1,Regarder puissance entourer aucun vol libre rouler secrétaire passé.,2021-04-27,3976
5675,860,4,Boire absolu interroger mine droit l'une mien chasse comment retenir dos souhaiter.,2019-11-04,3210
5676,1111,1,Habiter droit pouvoir douter chute muet couler apparaître madame.,2019-08-03,4625
5677,1059,3,Rentrer même vide ouvert compagnie objet prier recevoir.,2024-04-27,1449
5678,896,1,Lisser blanc brûler lors nul frais cesser intéresser docteur an.,2024-11-02,967
5679,602,3,Pendre environ cela veiller dent courant aller moyen sortir en public raconter ni.,2019-03-17,4563
5680,16,1,Mal surtout président contre manier confondre étranger fenêtre protéger.,2024-11-11,229
5681,377,1,Demi durer docteur choisir impossible désormais moindre.,2021-08-13,5477
5682,1031,5,Créer robe rue se meilleur puis.,2019-04-24,5625
5683,35,3,Autant même midi attitude écraser l'une.,2021-11-06,2193
5684,1039,2,Drame endormir causer couche trente paysage hasard feuille soutenir aider rien.,2024-03-11,4476
5685,1133,3,Secours militaire raison chambre créer moi facile prononcer robe élever être hier.,2023-09-27,4978
5686,1296,3,Soi appartement homme impossible demain crier caractère désert avoir garde.,2022-04-29,1353
5687,1383,3,Ainsi protéger semblable briser exécuter pouvoir craindre.,2023-07-24,4648
5688,49,5,Semblable clef clef pouvoir exemple position après tout arrêter secrétaire pendre du.,2020-06-04,1592
5689,780,4,Oui cent fonder unique recevoir remplir drame attention.,2022-10-09,5133
5690,182,5,Expérience davantage sueur ensuite profond pauvre ministre.,2025-02-03,3724
5691,559,5,Soir casser montrer hôtel pouvoir environ note abattre bientôt.,2019-06-04,2120
5692,1387,5,Sable guère point remettre affirmer représenter moment main très journal marche cercle espèce.,2023-05-14,5621
5693,750,3,Action disparaître médecin naturellement jouer sueur tout début fumer.,2024-02-01,4705
5694,471,4,Propos prévenir plaisir envoyer coup payer mois coûter pourtant essayer militaire quarante roche.,2022-03-06,3259
5695,258,5,Miser minute rapidement quarante fortune assez chaud distance il chemin.,2022-03-12,5679
5696,1268,2,Prison un passé venir discours port grâce.,2024-11-18,3498
5697,812,1,Titre table remplir vague qui entendre depuis trouver réponse résoudre empire plonger.,2021-01-19,4
5698,224,4,Vaste cause découvrir ton terre minute connaissance devant.,2022-07-29,2567
5699,464,3,Paix assez le atteindre cercle vers perdu forme odeur fatigue composer.,2021-09-19,5512
5700,744,5,Vêtement déclarer aussi allumer chute saison comment porter digne premier.,2024-08-18,4598
5701,676,3,Lien secours lueur ouvrage mensonge engager.,2024-03-02,355
5702,774,2,Subir pauvre circonstance muet en ce école commander en faim sein promettre.,2019-09-01,1379
5703,894,1,Hier tache tout rôle avec content croire chanter trace effacer silencieux souffrance mener.,2025-02-09,328
5704,1229,2,Résister toute aussi tempête président envie président finir chant étude suite plutôt.,2020-06-01,3822
5705,429,4,Réussir bord blond fort seuil terrain sembler.,2019-06-19,4667
5706,959,5,Passé blanc posséder prévenir arme nous vide devant.,2022-08-03,620
5707,524,1,Importer ruine sorte fixer énorme reprendre système poète coûter pain chambre.,2020-08-17,1465
5708,520,2,Triste courir vide ouvrir verre fois dessus.,2022-04-27,5906
5709,1180,5,Tirer tôt prendre pouvoir toucher rôle indiquer avancer remplir tout prétendre.,2021-09-26,5511
5710,1214,1,Glisser trois devant trente liberté direction.,2022-05-28,718
5711,850,5,Mur absolu savoir force religion sommet parfaitement mal passé ailleurs.,2019-09-03,5399
5712,1426,4,Sur discours violence or militaire éclat à leur étendre on.,2021-11-01,1394
5713,1207,1,Éclater dieu occasion accomplir expliquer nu près avis.,2024-01-17,709
5714,1499,4,Cuisine former semaine ton année pouvoir.,2019-10-18,5482
5715,13,4,Comme eh attacher beau malgré avant profiter colline fin traîner hasard barbe.,2024-08-21,1176
5716,1489,2,Foi beaucoup expliquer d'abord valeur ton famille animer.,2024-05-16,4286
5717,805,2,Réserver inviter monde attendre demain frais éprouver esprit prison appel naissance condamner mentir.,2020-10-23,2550
5718,1406,4,Général douze instant expression autour partie salut français achever inutile puissant foi vers.,2021-08-06,3258
5719,23,4,Marche trou tomber douter inquiéter cependant.,2024-08-12,3430
5720,45,3,Papier mêler mieux remercier naturel anglais toi tout barbe quitter anglais objet bureau.,2023-03-14,5095
5721,482,2,Étaler poitrine présenter poche croix découvrir.,2023-03-12,2676
5722,139,1,Souvent position sommet commencement côte semblable convenir cour content davantage intérieur terminer côte.,2020-01-31,3466
5723,840,4,Immobile désespoir lever remarquer inquiéter ressembler grâce énergie attacher passé fatiguer simplement pas.,2021-06-07,4560
5724,311,3,Refuser rentrer détruire lisser déjà suffire aussi rejoindre principe occuper angoisse.,2019-11-04,3197
5725,198,5,Voici tellement consulter autrefois traiter moyen profiter.,2023-08-19,1653
5726,54,2,Ainsi ciel arbre observer demain matin ouvert instinct raison coucher combat.,2025-04-01,728
5727,1434,2,Nouveau traiter dent éternel billet quitter renoncer suivant chef chemin guère chez haut.,2019-06-02,4399
5728,1004,5,Rose demande grandir armée connaissance bande.,2019-11-21,2069
5729,325,2,Naissance journée naturellement odeur reconnaître inquiétude poste fonder expression étendre ensemble.,2024-09-28,2447
5730,730,1,Refuser mer puissance herbe cependant prochain goût soir précéder entier.,2025-06-16,4190
5731,1298,4,Interroger officier lever front danger danger santé suivant flamme noir risquer.,2023-07-19,844
5732,170,4,Odeur tapis feu pendant tendre genre exprimer accuser année savoir.,2019-08-08,5456
5733,329,4,Souffrance grâce but or pour enfance parvenir hiver secret prêter bonheur important si.,2024-07-16,193
5734,1243,4,Servir nez certes arrivée instant carte précis voyage.,2023-11-14,1249
5735,1204,5,Poète faute calme choisir curieux verre plein confiance.,2023-05-05,4984
5736,643,2,Étroit calme dire lit travail vivre placer commander faible fil devant triste semaine.,2024-02-01,1576
5737,1056,3,Flot dix ni attaquer former confiance chasser trois franc rose.,2020-12-24,4697
5738,1078,4,Trace affirmer existence huit soi demander également noir briller doux.,2024-01-24,556
5739,748,4,Résister perte contenter représenter émotion poursuivre.,2025-08-31,2387
5740,125,1,Demande et naturellement compter réserver rencontrer plusieurs suite exprimer expliquer lueur passion ramener.,2020-08-16,2419
5741,526,2,Annoncer façon aspect songer eh chemin soi.,2020-03-12,5510
5742,1405,2,Aucun libre dame feu grain fixe quelque voisin vif.,2025-12-18,1075
5743,39,2,Jamais lorsque parent pourquoi valeur jeune âme moyen malade.,2020-02-18,2145
5744,875,4,Respirer occasion moyen produire prier valeur siège venir taille courir imaginer arrière.,2022-01-29,5304
5745,657,5,Sac garde tard recevoir accorder religion.,2025-09-16,5868
5746,952,4,Interrompre qui entraîner user intention mince y dormir envie.,2023-01-13,5943
5747,315,1,Honte phrase vaste distinguer suite idée droite lit.,2023-06-17,4092
5748,938,3,Pourtant fête extraordinaire de durer envelopper nez ou déposer.,2025-06-06,4944
5749,987,2,Désirer transformer ancien me apporter fauteuil lors humain marchand quel immense appartenir.,2021-10-30,3437
5750,1245,2,Vers remettre rapporter pencher bas en blanc banc bois hôtel trembler monsieur apercevoir.,2020-08-21,1380
5751,1014,5,Ignorer cuisine jeu dame rôle pas rencontre.,2020-10-19,678
5752,1279,5,Petit sommet marché secret haut humain face rentrer chat prendre ton.,2024-11-18,231
5753,8,5,Corde simplement pouvoir veille seul secret étranger.,2023-06-23,3448
5754,1254,5,Course vision arrêter coin coûter prince visage douleur vers renverser former maître.,2022-02-06,1207
5755,911,1,Te article queue soudain vieux garder prévoir appel savoir heure côté complet dès.,2023-12-23,3140
5756,879,2,Contenir ouvrage pourtant charge nul naturellement seigneur.,2024-12-10,5933
5757,706,5,Pénétrer lumière peine d'abord suffire commander jardin.,2022-08-18,837
5758,1330,3,Coin vague vers doucement grand rouge vivre douceur courir prouver défaut couche imaginer cours.,2020-04-02,4445
5759,1048,4,Beaucoup conclure chiffre roi page à tandis que puissance chute.,2025-12-29,1604
5760,69,3,Interrompre île sept habiter renoncer roi humide manier fait seuil.,2021-07-01,840
5761,703,1,Vers violent prévenir soi étoile miser franchir cruel bord réunir vue autre.,2022-10-27,5360
5762,357,2,Mériter heure vêtir plonger montrer quoi désir public mal mouvement éternel toute depuis.,2023-04-05,2195
5763,1367,2,Femme jouer folie naturel exprimer victime boire.,2023-08-12,4936
5764,1223,5,Justice saison étoile enlever puis à mur aventure vie sauvage envie.,2024-12-17,249
5765,688,5,Dur âgé haute idée toile chemin doigt terminer dix.,2019-01-18,2057
5766,408,2,Vêtir an étoile détail vieux poussière fin tenter rapide.,2024-08-19,2504
5767,1193,5,Depuis rapport attendre remercier terreur argent frapper devoir répondre faible endroit tendre huit.,2019-08-29,1956
5768,1370,3,Douceur queue fidèle prouver depuis vert pousser soutenir histoire endroit.,2019-12-25,822
5769,1399,4,Événement relever brûler aucun parti prix convenir.,2024-06-08,5634
5770,931,5,Fruit rendre homme aujourd'hui retourner petit.,2020-08-09,5407
5771,55,1,Oiseau nombre argent oeil imposer lieu vin reconnaître chercher élever répondre écarter quelque.,2023-09-23,462
5772,157,1,Quelque travailler roi quinze manquer différent vague tirer parler relever.,2021-01-14,58
5773,832,4,Jeter souffler lever objet somme roman blanc continuer vers tantôt santé tellement lien.,2021-06-16,2515
5774,950,3,Monsieur absolument risquer plaire respecter étaler.,2024-10-24,5312
5775,318,4,Son maison effort essayer impossible silence.,2022-08-26,2524
5776,449,4,Droit intéresser poésie mois placer écraser poids existence père naître succès vague apparaître.,2021-06-13,3978
5777,1431,5,Frais nu désigner entretenir également mien gloire.,2021-10-19,2911
5778,1414,3,Diriger larme ressembler prison empêcher compagnie planche.,2019-05-15,2474
5779,998,4,Pied rassurer montrer de système etc heureux vert.,2021-09-26,4852
5780,959,1,Haut marché secrétaire en jeune mode chanter vêtement rond seul emporter bien force.,2024-01-28,4797
5781,961,5,Confiance apporter intelligence haut ruine roman mais montagne personne au.,2020-05-12,5249
5782,158,4,Autrement lien heureux impossible aimer saluer effacer suivre.,2023-11-22,3278
5783,588,1,Exemple enfin sonner prière d'abord considérer cri vers coeur façon santé secret demeurer.,2023-09-07,1463
5784,1056,3,Accorder revenir supposer entraîner fin bon je joli parfaitement facile cause.,2025-03-23,529
5785,709,2,Ni quelque pouvoir angoisse promettre condition importance grâce vif résoudre changer chemin beau.,2019-01-21,4418
5786,1233,5,Précéder soit comme officier un respirer soin haut envelopper humide trou sans.,2021-08-13,3416
5787,1140,2,Remettre genre vue foule continuer soleil prendre humain haine voix présent propre race moyen.,2022-09-30,4556
5788,1253,5,Enlever arrière glace promener examiner lisser éloigner même lisser éternel.,2025-02-15,3366
5789,347,2,Rompre erreur mari milieu qualité livrer droite couche temps fine seigneur soin quatre.,2021-08-27,3627
5790,443,1,Fonder lutter général garder élever épais mémoire.,2020-07-29,3468
5791,72,1,Bête haut réflexion car voile vert intelligence environ drame.,2019-07-28,5571
5792,261,3,Mari garde empêcher depuis envelopper peu inspirer rester goutte rien calme.,2025-08-26,3768
5793,629,5,Juste entourer précis supérieur profiter parent.,2020-03-30,4289
5794,627,4,Frère résultat prouver voir soit contraire savoir officier.,2019-11-09,1993
5795,122,4,Militaire marché paquet nord île soirée éprouver lit goût hasard amour affaire.,2025-03-17,1575
5796,457,2,Tel dieu rassurer debout guerre garçon école rencontre.,2021-10-30,4259
5797,1412,4,Plusieurs défendre entrée allumer chasse éprouver auquel essayer minute pousser temps.,2021-04-03,5829
5798,1310,3,Mesure amour gens être sec représenter barbe port nous instinct.,2022-10-31,400
5799,622,2,Simple moins juger carte passé croiser bas caresser quand baisser sec exemple.,2025-03-30,3187
5800,496,4,Époque pouvoir humain officier nombreux véritable essuyer désigner ton prévenir corps nerveux espoir.,2024-10-12,2111
5801,1140,3,Étaler bientôt observer compte journal doux savoir entourer tromper argent vers.,2020-07-06,4963
5802,559,5,Fine accrocher emmener condamner passé chemise fidèle haut saint quelque.,2023-12-06,3380
5803,444,1,Secret ton homme crier chat rêver revenir.,2021-12-15,5435
5804,1177,5,Sang bois arrière vision religion temps froid désespoir tomber derrière campagne vaincre.,2023-02-22,1176
5805,699,4,Retirer tempête adresser forêt frais voix compagnon effet long reposer.,2020-06-13,2868
5806,160,3,Voisin rouge poids traverser étage gauche arriver.,2020-11-13,2583
5807,569,3,Peu naissance rompre vingt parfaitement bas réfléchir chanter vêtement vendre certain maintenir salle.,2021-03-05,4389
5808,1118,3,Supérieur regard considérer couvrir histoire exemple coûter.,2022-09-04,1110
5809,989,1,Jeune aider observer chair existence coucher blanc chasser jaune seuil banc ah déchirer.,2022-11-01,5696
5810,1469,5,Naissance jeu vin homme pendant classe remettre y mince réflexion sourire.,2024-08-14,5527
5811,648,5,Élément prison prix étendue fatiguer scène relation.,2020-04-05,623
5812,1296,4,Beaucoup pendre fumée intéresser produire construire regarder coup.,2022-11-20,4311
5813,1337,4,Nu système toile branche lequel remplacer.,2019-08-02,3595
5814,1283,3,Menacer odeur disposer fois plein faire près représenter leur cri tourner.,2024-07-05,3138
5815,1341,5,Dernier ressembler chaleur neuf que sueur remettre page.,2021-03-26,3359
5816,231,5,Pauvre président sang me nombreux faveur douceur.,2020-02-13,3112
5817,515,2,Rencontre grâce combien prononcer français bleu transformer accompagner long courant rare témoin.,2023-11-20,1772
5818,388,4,Embrasser vieillard compagnie éprouver dès jeter profiter.,2020-03-08,3617
5819,624,4,Lien fonction encore vie mettre souvent approcher.,2023-11-20,4131
5820,121,3,Espèce classe d'autres seigneur égal ne trop chacun marchand.,2019-03-26,2355
5821,860,4,Comme fixe oeil prochain enfant sentiment manger.,2025-12-06,4123
5822,491,3,Éloigner déposer ennemi aider vendre posséder hôtel épaule révéler.,2025-07-17,4589
5823,303,5,Sérieux police nommer descendre retenir propos autrement muet retirer.,2021-05-12,2327
5824,29,4,Relever mouvement tôt revenir armée conclure.,2023-12-03,1906
5825,93,2,Haut secours réduire obtenir propre calme or sentiment emmener.,2021-10-31,5219
5826,1400,2,Professeur rêver digne loi coin nom.,2025-01-31,2556
5827,73,2,Classe pour jamais événement fond lit qualité demi échapper aller renoncer.,2025-08-17,4909
5828,608,2,Capable envie prêter façon tandis que eh séparer empire durant marché sol souvenir étudier.,2025-08-07,5521
5829,245,2,Trente bois demain devenir bout haute fonction groupe cheval plan regretter recommencer derrière.,2022-01-21,1820
5830,227,1,Craindre fois comprendre court aujourd'hui proposer début.,2023-12-03,1668
5831,1161,2,Jusque quinze sac signer image terre il habitude digne entre rouler.,2023-12-25,786
5832,1055,3,Lutte autant pendant raison sonner étonner parfaitement arbre salut briller goutte.,2024-11-12,3800
5833,1306,2,Lever carte ramasser vaincre raison magnifique paupière lisser dont.,2023-11-25,3461
5834,401,2,Fille vue inspirer recevoir âge tard.,2025-02-17,858
5835,1360,1,Caractère terrain parole courant théâtre oublier baisser retrouver famille après beau.,2024-11-27,1652
5836,874,5,Consentir famille or sourire selon ton.,2020-09-06,975
5837,806,5,Promener relever promener usage table ni si réussir garde pencher source fille céder.,2021-04-16,5213
5838,1393,4,Obtenir écouter type taille bon ventre quinze ramener envie.,2020-07-19,1010
5839,1466,4,Plaine guère paysage fusil autrefois folie inquiétude extraordinaire couper honte afin de rien doute.,2022-01-26,697
5840,1401,2,Annoncer presser demain vert campagne exécuter.,2022-09-05,4553
5841,426,3,Empire travers demeurer succès éteindre politique double type admettre figurer.,2024-03-31,1435
5842,401,3,Vaste art joie impossible connaissance empire aide occuper dépasser entier paysage grain.,2022-04-09,1388
5843,1387,2,Plusieurs admettre beau cher droite arrière mesure.,2024-10-20,4292
5844,1462,1,Après événement rapporter tôt visage chaud après yeux confondre siège déposer.,2020-05-06,244
5845,772,5,Tenir bon regretter respirer poste traverser consentir nul soumettre.,2024-03-10,5558
5846,1047,2,Groupe angoisse curieux réunir naturellement jouer assez tard chaleur secours place début.,2021-03-29,3119
5847,555,2,Tandis Que emporter relation absolument haut toile fortune source obtenir garde arracher dimanche visible.,2021-10-01,232
5848,402,1,Derrière fatigue trembler même quitter interrompre secours travail corps tomber absolu.,2024-07-23,3893
5849,791,5,Nécessaire chemise toucher chemin docteur poète.,2022-11-16,5100
5850,1268,3,Livre tête atteindre quoi souhaiter vêtir matière renverser repas servir.,2021-09-19,1666
5851,718,1,Déchirer chute représenter vue interroger humain dangereux.,2025-11-10,1504
5852,563,5,Côté seigneur rayon même poids ciel observer bien fumée difficile autre trait certain.,2024-04-22,2049
5853,355,3,Nom groupe ton grandir donner rencontre.,2021-06-05,5644
5854,88,3,Social dix danger jamais réflexion haut chute extraordinaire appuyer essuyer.,2025-01-01,3258
5855,730,1,Foule entrée bande demeurer vieux oublier.,2020-08-02,4621
5856,1114,4,Frère pleurer retirer proposer élever envelopper avance rang maître content jeune prouver.,2022-12-14,3574
5857,750,2,Envie entourer peine phrase supporter histoire chaise céder.,2020-03-05,4700
5858,916,5,Jardin forme former abandonner voix sombre tout sauvage voix.,2025-12-09,262
5859,739,5,Agent transformer père maison mais sauter rouge.,2023-10-27,4695
5860,585,1,Oiseau rose lendemain représenter pareil fonction douter dégager rappeler exécuter dresser poésie mariage.,2024-04-09,117
5861,554,1,Elle rencontrer chair soudain oeil renverser pur.,2024-12-11,1921
5862,1345,4,Paix transformer menacer revenir amuser face demain si.,2024-09-08,413
5863,1091,2,Entrer difficile ensemble toucher genre taire essuyer même ne sur corps rouge.,2024-07-12,4810
5864,1490,1,Écarter chercher imaginer voiture théâtre permettre neuf renoncer être attitude.,2022-02-18,5480
5865,518,5,Taire trembler secours attention moyen fatiguer avis enfant.,2022-10-24,4767
5866,597,5,Rayon bête tenir unique ni avenir accord personnage circonstance.,2022-10-28,5077
5867,360,2,Montrer valeur spectacle vendre veiller droite entier.,2022-06-17,1081
5868,858,3,Combien haine lettre promettre sou gauche.,2025-03-20,5267
5869,1144,1,Intéresser fille montrer fatigue notre certes.,2019-02-10,2111
5870,146,2,Tandis Que lequel énorme absolu ancien nombre étroit musique moindre déclarer accord chaque recherche.,2021-08-17,94
5871,1432,2,Quelqu'Un calmer seconde verser chaise détruire complètement étude surtout ordre mal exiger foi.,2022-12-25,86
5872,1064,1,Façon éclater naître ouvrage poète place temps chaud fixer.,2022-01-09,3770
5873,1276,1,Répandre complètement impression soit employer chanter.,2025-04-03,64
5874,876,3,Là noir saint eaux croire bureau être terrible agent dégager français.,2023-02-16,1522
5875,435,2,Demeurer malade courage ici muet as beaux.,2025-06-27,286
5876,671,3,Seuil sommeil enfin peur peuple enfance nouveau.,2025-11-18,3117
5877,104,2,Différent arrivée danser jaune décider long.,2023-03-23,3184
5878,200,1,Chaise aussitôt jaune désirer seul malade vérité demande glace nation espérer.,2024-05-01,97
5879,1307,5,Fonder plutôt long point neuf entretenir fixe lever officier frapper pauvre apprendre.,2020-06-16,4215
5880,531,5,Maintenir discussion compter fixe peu rire.,2025-02-05,398
5881,1327,4,Réclamer céder usage barbe raconter divers quel.,2019-07-09,5236
5882,1330,4,Rose enfant ce moyen service soumettre neuf sauvage.,2023-06-07,846
5883,1251,2,Pareil traverser suite santé vaincre par nom prix.,2021-05-13,2011
5884,196,3,Sembler lieu cacher jeter visible poitrine réussir homme reconnaître fille jeune.,2023-02-17,2030
5885,1370,2,Grâce danser plaire fille selon pensée durant manger delà quelqu'un que pain.,2020-04-10,1643
5886,1375,2,Fruit vivant serrer compter seuil intérêt article prendre fer nécessaire agent trop.,2025-09-12,4332
5887,1326,2,Titre muet vaste étaler protéger mériter principe rire brûler vol.,2019-09-20,40
5888,1404,5,Branche inutile ensuite sûr accrocher journal.,2021-01-08,2526
5889,1356,1,Flamme je fine nous nouveau loin partout mesure flamme.,2019-10-07,3559
5890,1352,4,Côté souvenir source d'abord glisser charge coup.,2024-11-27,2496
5891,1303,4,Aider indiquer personne creuser ensuite taille résister départ théâtre rouler.,2022-06-09,5960
5892,68,1,Bonheur doux depuis ramasser trace parti respect mentir difficile chant mur agir passé.,2025-10-02,5127
5893,262,2,Autant étage ville grâce préférer selon pareil différent sonner.,2022-03-11,2130
5894,1320,3,Morceau mer mériter lettre roche visage enfoncer selon avancer voiture officier.,2020-11-22,3630
5895,471,2,Agent réfléchir près éclat suivant exemple.,2022-01-04,4600
5896,852,3,Lutte certes lèvre confiance dire répéter oublier quitter lumière répondre maison retourner.,2021-07-27,3603
5897,552,3,Violence premier interrompre voix blanc hors faute fils savoir.,2022-03-26,548
5898,258,4,Éviter ci instinct comprendre droit vague avec permettre.,2024-01-06,4307
5899,1147,3,Appuyer quelque il secret froid vif mauvais représenter diriger.,2024-08-14,3126
5900,1365,2,Hésiter certain ou plein inventer obtenir depuis jouer mari intérêt vision.,2021-12-13,3545
5901,330,2,Clair usage ouvrir dos sortir naturel fil douter calmer barbe travail.,2019-05-30,3259
5902,998,3,Sentiment comment regard mariage mensonge anglais couler oser appel secours figurer tendre.,2024-08-24,1336
5903,922,3,Santé étudier rayon folie honte élever l'un ceci demain complet présent.,2022-05-09,1654
5904,961,4,Long montrer impossible voie bonheur théâtre souffler abattre route.,2023-10-31,4974
5905,1055,4,Rentrer beau attirer habitude sujet mille signer doute savoir cinquante.,2019-08-17,2813
5906,507,2,Arme jeune renverser rendre arriver quel remettre enfin comme.,2022-09-20,5607
5907,544,3,Droit émotion unique trois soutenir soutenir même.,2020-03-05,954
5908,676,3,Fonction autre inutile retour désirer droit chat emmener avance.,2021-10-14,2933
5909,776,3,Aider odeur échapper venir rêver réserver sauter.,2025-04-25,3528
5910,24,2,Simplement comme leur lire devenir retour cercle proposer journée milieu.,2023-02-23,3531
5911,437,5,Action long fort fine rêver besoin assurer chemise saint importer.,2024-05-10,3905
5912,92,3,Saisir tourner armer nous poursuivre double facile court accomplir deviner fermer.,2023-02-02,3130
5913,760,3,Réclamer libre départ chose figurer plaindre riche à.,2021-11-15,2175
5914,1448,5,Dos maladie manquer agiter pour passer décider membre secours apparence pouvoir décrire beaux.,2019-02-22,1307
5915,1242,5,Sein avenir mais dent parti vers conversation jeter.,2021-06-08,2620
5916,131,1,Donner fortune sembler drame exécuter auquel quart engager rapide françois.,2020-04-19,754
5917,1064,5,Seulement neuf part menacer quelqu'un danser résoudre.,2021-12-16,1836
5918,1111,1,Sable résultat huit afin de cours gens accomplir.,2019-05-11,5754
5919,511,3,Longtemps on contraire révéler haut payer pencher hasard semaine qui réflexion.,2021-06-07,3979
5920,1192,5,Comment campagne pauvre sortir moins nul autre direction soit face.,2019-08-19,4288
5921,522,5,Porte considérer bande absolument commun paix papa reconnaître sentir cours plan maintenir.,2021-01-06,2532
5922,1347,2,Endormir acheter projet corps vingt habitude cheveu douleur champ jambe pendant.,2023-08-08,3145
5923,1252,1,Interrompre perdu soumettre complètement de inutile vaincre instinct rayon vrai religion.,2021-02-27,130
5924,1464,3,Cinquante employer appel justice avouer deux.,2022-05-18,1562
5925,170,5,Désespoir entrer carte ferme tout travail détacher dehors oeuvre danser.,2025-10-24,5127
5926,927,5,Déclarer envie attaquer être gouvernement voiture soudain ordre anglais demain danser fort.,2021-04-01,2518
5927,872,3,Auteur parvenir dominer fou toujours intérieur quand chair tandis que conseil delà intérieur de.,2023-02-19,4280
5928,1218,5,Accrocher lutter unique fortune indiquer haute mort exiger bas absence chasse pouvoir bien.,2023-10-05,1004
5929,190,4,Parfaitement portier muet simplement vague lever rose capable champ saisir.,2019-06-25,151
5930,1295,5,Haute race prévenir considérer payer éclat.,2020-08-24,4755
5931,995,4,Transformer soin centre fumée preuve couler doucement etc victime nombre détruire aspect.,2020-12-28,844
5932,678,4,Cuisine cacher le nul apparence reposer durer riche.,2024-11-06,4592
5933,142,2,Profondément forêt fort queue essuyer air beaux.,2024-12-18,1245
5934,664,2,Quant À fuir trop enfin disparaître demander menacer contraire éclat écrire.,2025-09-01,5816
5935,340,3,Parvenir cinq argent désigner violent doigt million.,2022-02-12,5869
5936,492,2,D'Abord terreur double jusque vivre voisin prendre contenir guerre parti contre.,2023-04-26,5018
5937,490,4,Bataille quand complètement type atteindre tantôt manier fille ramener.,2019-12-18,4669
5938,353,4,Pitié pénétrer établir gris arracher métier ennemi.,2024-11-19,2556
5939,227,5,Relation agent même général pas regard rompre parce que goût falloir cause proposer.,2021-10-01,2748
5940,1446,5,Chaise souffrance souffrir cas façon désormais.,2020-11-28,1478
5941,376,4,Pendant président apprendre boire apparence signe couper genre ordre dur difficile.,2020-02-23,2553
5942,297,2,Paupière au mariage appartenir nombre rencontrer précis de coeur agir voie renoncer moi.,2019-05-04,3750
5943,1161,5,Situation coup tout gloire appartement chaud lier interrompre.,2021-09-20,4383
5944,849,5,Celui amuser grand précieux marchand désormais malade.,2021-10-25,1108
5945,242,3,Avancer conversation particulier préférer point début principe venir déclarer achever quelque terminer.,2023-05-09,2832
5946,470,1,Monde abri cabinet environ soin il famille auprès.,2020-01-31,4812
5947,1438,2,Chaque lire chant prier société mettre curiosité voici.,2024-04-19,4323
5948,532,3,Passion prier complètement soin contenter dresser envoyer silence voyage.,2022-08-10,749
5949,658,2,Venir environ amener remonter demain ressembler cela voie mettre nord bureau eh doigt.,2023-09-18,1889
5950,1327,4,Journal vérité posséder essuyer élément feu jaune.,2024-02-05,2997
5951,1362,4,Étranger existence milieu en règle nation déjà.,2022-10-31,2357
5952,260,5,Ainsi léger avec fixe lettre ciel beau arracher partir bureau vingt.,2024-01-06,5250
5953,412,4,Beauté nation ah avancer ville élever dangereux mien sueur.,2024-12-22,3836
5954,4,2,Lèvre ouvrage santé tel masse plein subir dent parcourir couleur.,2024-06-13,5904
5955,567,3,Venir place vers général étudier travers fil agent capable.,2023-02-13,960
5956,832,1,Connaître deux dresser avenir terre endroit énorme cas servir paraître bande queue trou.,2024-06-26,3341
5957,656,5,Heureux crainte chiffre intérieur dégager éteindre.,2025-07-31,2182
5958,483,2,Parler pousser agir nerveux nuit dent embrasser.,2024-03-13,2186
5959,1425,1,Force pendre sur pouvoir allumer attention.,2020-07-02,883
5960,1398,2,Près être tranquille éclat politique port juger lendemain habitant.,2021-07-17,3466
5961,1428,1,Fils pendre cesser continuer mot secret demande bien continuer avouer éclater madame déchirer.,2022-07-31,1717
5962,304,4,Éclat beau alors croiser espèce réussir tellement peuple vêtir vieux.,2024-02-25,2674
5963,699,2,Discuter découvrir causer appel si prison loin exiger respirer ajouter.,2021-12-02,2619
5964,1199,3,Idée portier mot envie causer avancer achever pouvoir muet ensemble engager absence.,2019-10-30,3333
5965,27,3,Condamner règle général mince d'autres lien mois.,2025-02-21,4117
5966,466,3,Soirée environ nouveau chaleur hasard drame réel intelligence seconde battre.,2019-10-01,1367
5967,176,4,Leur amener tout événement causer dormir choisir devant eh nu ouvrir pauvre.,2020-01-09,910
5968,1433,3,En tuer prière détruire perdre tromper religion.,2024-11-27,4891
5969,602,2,Ou liberté pleurer obtenir lequel cercle poste situation.,2022-02-15,4738
5970,567,1,Fier tomber manger robe sou bande.,2022-07-14,1528
5971,1367,3,Amour presque je retenir réclamer particulier marchand fort vaincre lettre nouveau donc noir.,2022-03-11,902
5972,333,4,Dépasser ouvert dimanche plutôt riche mettre protéger.,2023-11-20,5923
5973,590,3,Doigt courir moment promener précieux fois sentiment seigneur remplir toi large.,2025-06-01,5779
5974,1033,4,Retomber vision blond empêcher courage franc centre secrétaire vieux.,2020-04-18,4642
5975,867,5,Quelqu'Un mettre enfoncer commencement mieux intérieur coeur entier apprendre maison.,2022-08-09,3774
5976,1192,1,Réduire imaginer monde désirer curieux échapper français guerre dos français combien roche soin.,2023-05-24,849
5977,116,4,Tête obliger autant pénétrer autrement oublier égal conduire recevoir.,2023-11-21,533
5978,1027,5,Passer voisin sec lutte proposer relever vérité pluie prix réduire.,2025-08-12,626
5979,226,4,Bord emporter meilleur notre moi représenter mesure face sou article rompre présent.,2025-07-22,2035
5980,887,5,Nation accrocher sous violent résoudre rose entraîner ordre distinguer haut maître esprit.,2019-11-07,636
5981,41,4,Comme particulier recevoir éclater son plein défendre entraîner passer tant apprendre état revoir.,2025-03-28,5119
5982,850,4,Jamais propre armer toute six sous voilà fumée ceci droit social abri.,2019-12-16,2668
5983,1419,1,Rester haut beau siècle lèvre expliquer.,2024-09-26,5811
5984,1416,4,Corde chambre pas peur chez chemin en regretter lèvre.,2022-01-20,5344
5985,1358,2,Remarquer serrer type roman tel attirer devoir.,2019-01-16,5634
5986,1451,5,Appartenir président situation aimer veille franc.,2019-06-08,5906
5987,101,3,Sourire d'autres ramener inquiéter indiquer sur marché intérieur troubler.,2024-03-29,2564
5988,691,2,Curiosité complet arracher anglais plein commander cesse.,2020-09-24,5889
5989,360,4,Désormais groupe vouloir carte terme garçon.,2023-01-14,2252
5990,277,1,Installer doute installer bien dent aider.,2019-04-19,892
5991,1151,3,Intérieur présenter avant pareil folie devoir mauvais combat ajouter.,2020-08-24,2714
5992,1190,2,Avec sur parler avance société retomber accuser raconter rocher.,2021-02-02,1131
5993,492,5,Profondément mauvais port habitant bruit défaut quelque.,2023-07-11,691
5994,1303,1,Défaut appartement parti chemise choix absence aucun premier mener étendue élever.,2019-08-02,3249
5995,131,4,Neuf protéger céder employer tour arrivée désir autre lettre.,2024-02-04,1541
5996,934,4,Soumettre approcher reconnaître pensée unique lumière yeux.,2023-02-19,5069
5997,970,2,Chef saint oh soleil devenir paquet expression.,2024-07-29,450
5998,989,3,Pierre plante genou titre proposer soleil sept et tache partout.,2025-06-07,5025
5999,683,4,Queue plaisir larme rencontrer long danger mer bon accrocher consentir cher note noire.,2025-11-10,3301
6000,416,5,École consentir lui attention couvrir cause.,2024-01-14,1309
6001,239,3,Année dos traverser groupe victime certain maison.,2020-04-05,5999
6002,894,3,Avec prêter échapper matière honte vue rendre chat respect.,2019-09-27,1467
6003,614,5,Grâce importance oiseau te troisième plaindre terre chaleur.,2021-01-08,2321
6004,140,4,Présenter coup traiter bien curieux sentir retourner revoir avec inconnu.,2020-10-02,5845
6005,102,1,Planche sommet dernier fenêtre paysan ici fonder été réalité compte vers.,2022-03-10,1005
6006,916,2,Guère blanc pas fermer transformer paupière delà.,2023-09-08,927
6007,199,5,Expliquer professeur haut rappeler protéger regard réunir chaque juste habiller.,2019-09-02,821
6008,153,2,Vision valeur mener embrasser particulier mener voile voyager.,2019-03-11,5406
6009,207,5,Besoin moindre parmi content attaquer doigt mener puis souvent brûler disparaître pouvoir ordre placer.,2020-01-11,3188
6010,471,5,Vision robe profond tomber ouvrir genre.,2022-12-23,3484
6011,965,5,Ville oublier ancien cesse fatigue tôt vent rester.,2019-07-09,4940
6012,1392,1,Joie arrêter accompagner promettre militaire droite vieil rocher même calme répondre.,2025-05-08,5863
6013,470,4,Voiture sortir épais te extraordinaire remercier mais que me achever.,2023-09-27,4892
6014,545,3,Ne former image chaud quitter hier profond rayon calme recherche propre juger.,2025-12-10,4072
6015,1269,4,Songer colon rapide pouvoir vérité matière pareil avant année avance froid accord.,2020-07-25,5025
6016,1483,1,Place cuisine prière dès chat ton mauvais jeune magnifique cause prêter lettre ligne.,2023-05-31,2598
6017,1264,1,Odeur comment an partout quel sang.,2020-06-27,3810
6018,709,5,Capable croiser faim femme projet gouvernement queue roche promettre proposer.,2024-10-10,2703
6019,1323,5,Moitié leur comment l'un début saluer occuper air moi.,2020-11-26,595
6020,1357,4,Juger surprendre fleur souvenir conduire nul mot ennemi troubler quelque choisir.,2020-05-14,951
6021,951,1,Empêcher étaler distinguer ignorer appeler chiffre objet.,2025-07-13,3900
6022,191,5,As possible âgé vivre vieux gagner médecin vendre ne voisin.,2020-02-05,4272
6023,69,5,Cinquante éloigner chemin chercher paquet travers foi vite.,2019-12-25,3620
6024,1491,3,Mine soit peser abattre premier voyage soulever rapporter secret.,2023-01-03,245
6025,290,2,Toucher remplacer vers détail témoin construire envelopper contenter intérieur construire avouer compte être.,2024-04-28,2360
6026,46,2,Pluie prince pleurer grand changer agir le crainte durer.,2022-07-29,3345
6027,540,2,Plutôt sourire milieu inquiéter sombre chez passé dehors.,2021-07-04,5384
6028,406,2,Léger salle but centre armer marché supérieur prouver tout officier un inventer.,2022-01-31,3774
6029,339,3,Impossible vêtement noire dangereux madame libre direction présence auteur force main.,2023-08-14,2582
6030,83,4,Douze répandre cours selon assurer beaucoup d'autres.,2022-05-08,1563
6031,30,1,Poésie désert paupière fils charge comment général.,2020-08-08,1603
6032,762,5,Fou éprouver ici rester mille facile certain.,2021-04-28,693
6033,1370,4,Voile théâtre loin joue beaux fauteuil pénétrer pleurer depuis front étude regretter douze.,2022-09-18,487
6034,154,3,Posséder mal comment réunir second humain mensonge.,2022-10-04,3847
6035,113,5,Cuisine paraître lettre mouvement aimer père dernier heureux fine chasse route.,2021-09-28,1929
6036,763,4,Direction ennemi après amuser monsieur ministre suivre quoi crainte.,2021-07-13,1984
6037,263,1,Discours désirer protéger vêtir frais trois dans manier dessiner refuser compter violence ah vert.,2020-05-20,4094
6038,370,1,Impression vert accrocher projet hasard colline moyen parent perte montrer public tout.,2019-07-29,5286
6039,1165,5,Herbe profond roman devant si occasion tenter hasard plein.,2023-06-22,721
6040,728,4,Science chant vide prouver recueillir résistance intérieur secrétaire part long qui épaule jeu.,2022-09-13,5326
6041,1029,3,Fil entier coup enfant terre intéresser repousser parent.,2025-07-19,1203
6042,1037,5,Mine anglais chercher etc traiter avenir moitié.,2021-09-22,3475
6043,746,1,Agir empire deviner tempête continuer adresser pourquoi le.,2025-06-24,49
6044,699,2,Sorte beaucoup réel branche grave protéger patron honte.,2022-12-23,2224
6045,1114,4,Veille entier oeil mer crainte pousser droit sueur.,2019-03-11,5652
6046,277,4,Réveiller user fonder émotion rue pour.,2019-07-15,2441
6047,988,4,Mouvement soir vivant sommeil vie main.,2022-04-23,1380
6048,575,5,Point flot autre d'autres ramener ici dès endormir etc taille dès cruel froid.,2025-09-22,774
6049,35,4,Maître défaut observer goût grain rencontrer réveiller haine visage loin.,2022-03-01,3316
6050,1422,2,Semaine lever exister sûr verre autorité gauche usage.,2022-02-15,3997
6051,979,2,Depuis asseoir devoir selon ça geste tranquille papa hôtel disposer après.,2024-05-03,3102
6052,105,2,Minute violent honneur joue partager auteur chose société papier cou.,2021-07-19,2640
6053,1374,5,Professeur poussière an flamme moitié nez pays sérieux père objet but parvenir pousser.,2021-03-28,3256
6054,558,5,Asseoir seulement parmi vendre haut rouler toucher propre mine répandre.,2023-07-18,3166
6055,1327,2,Vieux monsieur comment douze compagnie garder désir ventre servir donc souffler trembler.,2024-11-15,1451
6056,242,2,Société rôle bataille accuser sourire faux manger voler valoir révéler succès.,2025-04-20,1417
6057,1054,2,Ou inventer mettre baisser noir bonheur non chiffre arbre action.,2019-08-17,5698
6058,1339,3,Dernier santé bon vin crise difficile hasard digne tenir bleu.,2019-10-05,5266
6059,1453,2,Éteindre battre route victime conseil voler tout devoir réveiller calme trace professeur.,2021-11-24,1131
6060,668,1,Ville marcher précieux autour puis couvrir trésor sans enfoncer.,2025-11-09,909
6061,74,1,Divers voile occuper noir perdre dos auprès milieu groupe.,2024-09-23,2609
6062,592,5,Ouvrir brusquement sauver imposer discussion défendre comment arrière traiter camarade inutile.,2022-09-07,5803
6063,493,2,Contre monsieur haïr détacher vert peser retomber digne continuer rose général.,2022-11-16,4603
6064,1007,1,Tromper comment savoir début prendre port traiter remarquer avec poser dans poitrine défaut.,2021-02-05,4157
6065,1369,2,Atteindre bras témoin appel sens savoir argent combat.,2024-05-14,1700
6066,100,5,Échapper fatigue votre phrase tromper subir.,2022-06-27,900
6067,256,1,Souffler rentrer étudier certain habitant respect certain juge juge forêt aspect facile lourd.,2023-03-19,854
6068,772,1,Gauche trembler si papier achever confier étroit chercher minute sein.,2021-06-17,4926
6069,243,1,Haut membre certes comment lire du main.,2019-11-17,490
6070,950,4,Espace français courage gens plonger déchirer secret reprendre partir.,2022-06-12,220
6071,775,3,Gloire chasse après effet vendre vent sonner peu briller.,2023-12-07,2642
6072,1277,2,Lutte ton quart humain heureux folie matière.,2021-01-15,2814
6073,248,3,Campagne révéler terme faible réel midi mer.,2020-01-01,5286
6074,113,4,Sorte répondre respirer parfois fleur reposer mentir couleur chaud roman.,2024-01-29,423
6075,594,4,Centre clef impression principe assurer tenter haut vaincre vol continuer quel sauver.,2020-08-30,840
6076,1301,2,Retrouver examiner violent avouer problème paquet planche expérience joue fauteuil dimanche sourd.,2024-03-19,1518
6077,1124,5,Même préférer poser ressembler semblable masse terre recueillir.,2021-10-29,2959
6078,313,4,Saluer grand peu oeil environ nez fin joue époque camarade en nul.,2025-01-27,4078
6079,138,1,Vaincre lire demain joue curiosité ou dieu fonction.,2024-04-21,3187
6080,511,1,Trois mentir trembler jardin rose important éternel danger.,2020-07-05,530
6081,222,5,Craindre importer le drôle sable payer violence fonder ramasser sourire voisin.,2020-12-05,3380
6082,1065,2,Coin mode presser pensée tour devoir fatigue fauteuil religion matin nous.,2024-07-09,1395
6083,297,1,Étroit puissance ci contenter ramasser feuille expérience vite liberté longtemps vaste expliquer.,2020-07-01,345
6084,1135,2,Pointe mari juger prière chercher ça habiller perte rompre dame chemin chance.,2021-03-07,4205
6085,739,5,Tout guère écrire vide rouge lune engager éteindre rapport puis rejoindre réveiller calmer.,2019-07-11,797
6086,674,1,Figure étendue quarante nombreux admettre dos recueillir fusil sortir suffire aventure.,2020-02-27,1724
6087,798,3,Importer honneur rose fauteuil souffler cuisine affirmer près intéresser partager dix espoir sur.,2022-01-02,1778
6088,1291,5,Selon compte passage bien complètement étaler droite tourner.,2021-03-12,1825
6089,1066,3,Genre sommet visite rapide employer verre prêt derrière curiosité mort impossible.,2021-06-23,4615
6090,637,1,Suffire pendant entendre nous prévenir compter rire songer.,2020-04-27,4833
6091,856,4,Pitié magnifique ennemi ou montagne femme argent effacer remplacer centre lutter personnage montrer.,2019-07-31,2845
6092,550,5,Confier situation celui sec avenir sujet.,2021-10-08,2815
6093,201,5,Rentrer simple personne intelligence cinq mourir saint saison jouer nouveau boire centre.,2023-11-26,1712
6094,1493,4,Certain travers instinct égal posséder grave manier précis triste nature froid.,2024-02-13,3047
6095,658,1,Perte rose corps représenter expression hors défaut corde.,2020-05-31,4528
6096,1460,5,Plutôt poitrine horizon danger énergie révolution nu verser tuer énorme endormir jusque moindre.,2019-04-03,510
6097,1226,1,Pied sueur l'une conseil quinze lire oeuvre cour fleur prix.,2024-05-13,2537
6098,215,3,Pouvoir animer deviner partager émotion beau.,2024-05-31,125
6099,1311,2,Court accomplir confiance fier rien réclamer.,2024-12-13,2810
6100,885,1,Étudier sentier mener million avis signer rendre masse.,2024-08-03,1718
6101,1240,3,Embrasser noire près aujourd'hui banc posséder obtenir étonner vraiment fixe tomber même.,2021-06-04,2544
6102,673,5,Problème autrefois chaud doigt effacer soumettre appel humain aile donner.,2020-12-21,1012
6103,1309,2,Derrière perdre difficile poitrine choisir rue interrompre tâche franchir habitude cuisine ignorer rouge résister.,2019-11-26,4023
6104,118,3,Trace départ agiter lit surprendre fixer fonction devenir.,2025-08-10,1219
6105,1453,1,Livre bas minute semblable atteindre traiter.,2021-06-12,4455
6106,988,4,Lors plaire diriger lettre boire en tellement assister cabinet arme terrain fidèle devoir.,2024-01-01,3742
6107,1176,4,Mener signifier patron promener sans seconde brusquement disposer avec secours saint blanc le rôle.,2022-09-19,5174
6108,93,4,Conclure chacun drôle remettre souvenir plaindre fatigue arriver risquer chacun éviter réclamer.,2024-08-17,3369
6109,1155,3,Côte prouver respecter tromper tellement père côte juste.,2022-08-27,5721
6110,260,2,Rappeler étudier vers mémoire ombre rapide commencer ville sérieux cause.,2024-10-05,5676
6111,206,2,Expression rassurer aspect notre cacher endormir surprendre glisser.,2022-10-08,1740
6112,544,4,Raison violent suffire engager sauver pauvre riche très curiosité bête brûler atteindre règle.,2019-03-16,4525
6113,971,2,Crier dépasser école promener sauvage heure silence.,2024-05-04,336
6114,1232,5,Abri ignorer sommeil appartement vivant dégager prévenir dehors cercle.,2019-07-29,5419
6115,364,3,Voisin troisième ciel faux direction sueur bruit éprouver.,2019-12-20,1366
6116,340,2,Fauteuil jeune vieillard mot oreille situation fine sonner remarquer quel voyage arrière.,2025-04-28,5915
6117,1330,1,Mémoire famille bord essuyer grâce donner songer rouge lui nez engager plan inquiétude.,2025-11-27,257
6118,1494,4,Fusil rouge relation intérieur ouvrage jamais.,2023-07-25,1874
6119,1334,4,Quand vide observer liberté jambe manger pont guerre.,2021-07-11,3025
6120,450,1,Ressembler chambre pitié malade vue foule bas observer dame demain poser.,2022-10-05,5978
6121,526,2,Rayon sourire violence donner frapper cacher chiffre propre.,2019-06-29,284
6122,524,1,Depuis angoisse mari étendre près humide le esprit.,2024-03-31,4395
6123,225,4,Précéder hier oublier de absence saison succès second matin plusieurs ou.,2021-09-15,4104
6124,806,2,Professeur rouge court plus rouler détail ville papier au.,2024-09-17,1526
6125,1272,3,Mois garde déchirer pas comment discuter arbre intéresser imaginer cheveu français loup ton.,2023-12-12,5304
6126,301,1,Spectacle espérer robe risquer rester assurer montrer.,2019-08-03,2193
6127,48,3,Île delà action lorsque beaux contraire au vers an champ cela mine mine sauvage.,2019-09-03,5396
6128,885,4,Décrire reste pensée politique franc fumée prouver glisser baisser soumettre.,2022-10-14,1451
6129,226,5,Souvenir dominer course prix courir ventre sûr saluer retomber soin.,2021-12-14,2716
6130,417,3,Droit sommet milieu inutile chanter voler juger quant à crainte remplir.,2025-06-09,5569
6131,692,2,Souffler dent angoisse sang service complètement volonté terrible figurer.,2021-01-10,4524
6132,1127,4,Sentir beaucoup foule prétendre transformer repousser père.,2022-06-08,4300
6133,131,1,Indiquer violent avouer français effort mort rester gris anglais autour révolution étage.,2021-11-04,5976
6134,1128,4,Rencontre malade loup répéter reste soir vision ferme simple en.,2020-04-21,409
6135,126,5,Étude âge vaincre important sien regretter exemple repas pur exécuter comment également.,2021-01-08,2953
6136,429,5,Bouche loup résister vers fil naissance poète moitié bas moins rester assurer.,2020-12-24,705
6137,436,5,Dur suffire passion joindre découvrir mesure.,2022-10-07,5219
6138,214,1,Visible cependant il drame remplir exposer.,2022-09-29,2635
6139,400,4,Savoir manquer face partir vieil paquet.,2025-08-19,4452
6140,1277,3,Composer devenir violence moment rouge lors achever saison.,2019-11-22,830
6141,1071,2,Lors magnifique vérité défendre soi anglais.,2021-01-30,5493
6142,362,1,Nerveux cercle lourd valoir politique fois.,2023-09-21,1958
6143,656,1,Briser rendre exiger appartement précis salle société père imaginer déchirer non envoyer montrer.,2020-10-24,4792
6144,1019,1,Oui retirer accent peine musique croire.,2024-04-09,3775
6145,1473,1,Tendre vin forcer bientôt réponse parler dominer lettre rouge court.,2019-09-09,4365
6146,230,3,Relever habitude chiffre entrer figurer public nourrir quelque je remercier dieu.,2023-04-04,4101
6147,1163,2,Surprendre gauche maître souffrir inventer peine.,2020-04-05,1783
6148,1218,1,Main profondément rencontrer colline poésie haine envie pleurer.,2021-12-05,3857
6149,786,2,Médecin gloire quelque énergie état différent jamais défaut charger hors vivant.,2024-06-01,58
6150,735,3,Ailleurs afin de drame long parent après crier semaine.,2025-11-13,5561
6151,417,2,Quarante troisième objet être amener soutenir certain montrer ceci plus violent sauter poursuivre.,2019-10-06,4779
6152,825,2,Masse bande demande remplacer rester reprendre toi.,2019-04-08,2026
6153,899,2,Recherche écarter vous nombre début nation temps exister trop.,2021-05-25,3896
6154,932,5,Queue nuage courage effacer poids comprendre amuser histoire d'autres vrai.,2022-02-09,1354
6155,1440,4,Crise chaud observer mariage observer voilà.,2022-03-31,3777
6156,730,4,Compter posséder étudier avec de naturel appel fermer assister commander tout éclater toi.,2020-02-20,5765
6157,452,2,Principe observer cabinet art français crier cuisine pain fier ministre.,2025-05-11,3172
6158,363,1,Monter sable droit tranquille noir honneur vide cela découvrir verre.,2024-05-07,1194
6159,627,2,Battre révéler simplement libre feu vif faux sens bouche charger.,2023-01-24,3827
6160,1297,1,Convenir diriger genre rideau glace compagnon aucun mois enfoncer préparer siège lors.,2025-12-03,3518
6161,907,2,Prince gagner créer nombre fil pouvoir d'autres traîner y accent discours.,2022-11-16,2656
6162,1097,4,Part habiter observer rapidement plusieurs fonder fatiguer demeurer rappeler.,2024-08-29,90
6163,693,4,Importance dehors saisir général regretter ignorer donner souvent sur.,2019-01-16,611
6164,501,5,Vieil valoir croix fer témoin pied effet crainte terme fine traverser emmener.,2025-12-12,2547
6165,640,3,Libre meilleur raison revoir corde mensonge midi drôle poitrine mort imaginer résister parent.,2025-07-06,4008
6166,1047,5,Éclairer voie or moindre traîner déchirer honneur fusil somme politique.,2020-01-10,3720
6167,1156,2,Atteindre fête te près vide supporter forêt amener autorité science.,2020-08-27,4184
6168,53,4,Aucun maladie annoncer habiter oeil seuil promettre vendre.,2022-02-14,1448
6169,1237,2,Désigner aussi durer revenir devoir assez.,2024-07-21,3964
6170,35,1,Si raison autour debout oui part humain devant fusil paysage naturel lune rire devoir.,2019-11-26,5513
6171,1186,2,Rester fou nature chaud aimer employer françois est figure crainte que empire.,2019-02-13,4481
6172,1216,2,Brûler froid on neuf mer demain article.,2024-05-08,435
6173,412,5,Battre tranquille politique nombreux avance fil pouvoir.,2022-05-19,935
6174,1390,4,Coûter préparer lien derrière quand acheter abandonner soir naître.,2020-05-08,4879
6175,820,2,Grand celui froid traîner appeler dresser passion figure mieux étaler côte.,2025-07-23,2279
6176,1344,1,Passé direction rompre année habiller mauvais idée fauteuil ainsi accent salle.,2021-01-16,4301
6177,1399,3,Couche intention champ tendre tête selon en presser produire manquer ciel rassurer.,2023-02-10,4034
6178,174,5,Hors fumée vêtir absence saisir passé liberté précieux.,2023-09-25,5469
6179,265,3,Portier table très drôle nord bataille gauche sorte ensuite.,2023-04-25,3990
6180,1420,3,Oser étouffer goutte revenir habitant grandir huit loi rapporter.,2021-03-10,286
6181,1194,1,Jouer réfléchir fauteuil possible pauvre peur embrasser secours ton.,2025-02-25,1554
6182,315,1,Tu tout pont éclat fond éclat parfois terreur.,2023-05-17,4202
6183,465,2,Supporter entier leur propos de fortune peser.,2023-11-24,1189
6184,480,1,Mentir le mal connaissance rejoindre songer rendre.,2023-04-01,4126
6185,269,1,Pas réussir goût préparer juste cou essuyer pénétrer anglais autour toujours résistance.,2020-01-24,4075
6186,1065,5,Silence se quant à désormais condition croiser hésiter.,2020-11-03,3440
6187,1087,3,Chemise rêver oh sourire moment art rapporter éteindre désigner avec puis ensuite recevoir.,2020-08-28,3468
6188,870,4,Pierre air défaut imaginer mer saisir autant occuper existence partager.,2025-02-07,2332
6189,1127,1,Instinct lui on ci faim rassurer penser vague.,2024-03-13,3457
6190,1220,5,Éclat lumière couler cheval repousser absence élément regarder cesse sueur lettre réclamer.,2025-09-05,2391
6191,541,3,Vif coin inquiétude le existence quand plante revoir pourquoi rester.,2023-03-10,1033
6192,1309,1,Chasser corde manier phrase meilleur combat regretter former service terrain.,2020-06-12,4602
6193,1014,3,Couleur secours traverser accomplir or partout.,2024-09-28,2760
6194,1385,2,Revenir pas expression voyage taille tourner table nu demande instant.,2023-08-26,5925
6195,1146,2,Porte ton promettre voyager passion celui dehors passer an.,2024-07-19,2653
6196,583,4,Or douze depuis convenir corps eh relation aspect empire hasard.,2020-05-26,857
6197,391,1,Oui encore docteur courant revoir briller déjà agent devant.,2019-01-06,5969
6198,1198,3,Règle où liberté ouvrage plonger réussir ensemble revoir étoile occuper année envelopper.,2022-08-30,5258
6199,384,4,Neuf secret résistance soumettre regard noir à hasard regard retrouver grand lit chance.,2021-09-02,3674
6200,449,2,Forêt colère partir soit cela cependant dégager trace entrée quand.,2022-04-07,5373
6201,1065,5,Usage il figurer convenir maladie révolution prononcer transformer quartier fil dessiner bureau six.,2022-11-04,5969
6202,1056,5,Moyen vin roman car mieux vaincre soi direction chasse relever aujourd'hui jeunesse être.,2025-03-31,433
6203,1345,4,Abri seulement tâche effort remercier le trésor hésiter.,2021-11-22,1149
6204,387,3,Craindre fixer eau prince mariage agent yeux semblable personnage valeur remplir système.,2024-12-09,4362
6205,494,2,Poche bas adresser ouvert rapidement tantôt interroger répandre coûter expression.,2025-12-11,1111
6206,988,2,Bas ventre assister sommeil condition aucun immense queue supérieur voisin.,2023-12-08,496
6207,577,5,Obtenir passé compter sous toile tenir devenir craindre nuit bout.,2020-09-24,5844
6208,112,1,Abri te agent moyen ami vaste annoncer en paupière époque folie.,2025-09-21,598
6209,1091,5,Pensée aucun admettre quoi mouvement retrouver bord habiller depuis profondément.,2023-12-26,2280
6210,572,2,Intéresser mince charge expliquer marquer lueur saluer gauche beau mais haute rôle puisque.,2020-03-24,1965
6211,1138,1,Parcourir encore grâce doigt six saisir patron.,2023-01-26,2980
6212,541,4,Réponse céder frapper service mal rien aucun lier sous idée étouffer enfoncer.,2020-03-25,5358
6213,1098,2,Bouche lune parent alors image immense ouvert je reculer pourquoi travail content étouffer.,2021-08-19,5431
6214,492,3,Six visage son rue envie point content accompagner.,2021-07-30,2444
6215,1003,1,Général fort supposer suivant soulever fer toujours.,2024-01-20,2451
6216,416,4,Société religion résistance sembler croire yeux question or commun employer liberté employer certain.,2021-05-20,723
6217,526,5,Reconnaître âme porter rappeler faim rapporter défendre grave.,2019-02-14,3033
6218,1286,5,Souvent marche éclairer as chose naître seulement morceau.,2023-01-22,3452
6219,157,3,Renoncer doute ancien vêtir relever défendre creuser sentiment entourer camarade vivre.,2020-05-21,5998
6220,1423,5,Cuisine trait saint tuer semaine heureux ça désigner certain dimanche.,2025-01-03,138
6221,1145,5,Cours frapper chant en vite pauvre rire dimanche lueur étranger voile.,2020-08-28,3523
6222,369,3,Gauche animal importer fauteuil tant quant à enfermer habitude existence envoyer chaleur inviter.,2024-10-28,990
6223,696,3,Signifier réclamer convenir inventer certain achever faute douter dépasser médecin bien mal charger.,2023-12-24,3836
6224,450,1,Rocher mêler mentir situation satisfaire crise.,2020-02-15,924
6225,152,2,Ah peuple mal larme faveur bataille liberté attaquer promener.,2021-02-26,3514
6226,355,3,Sentier poids très quel inquiétude social près arrêter simple but neuf.,2024-08-20,2333
6227,790,4,Après on bois oncle animal quarante passer égal sourire forêt.,2021-03-01,3733
6228,1224,5,École dernier forme rouge nord rôle vêtement rire écouter souvent.,2019-01-16,2208
6229,1147,3,Ombre vieux gros important marier importance aller.,2023-08-04,3572
6230,929,1,Consentir manquer professeur placer un fait interrompre marchand lèvre secret siècle moi.,2023-04-11,2946
6231,1100,4,Quel vent manquer assez plaisir emmener sans immobile étudier.,2024-06-11,3733
6232,1043,2,Été notre étendue placer regard prier politique parler renoncer secours répondre champ aimer.,2020-05-16,3091
6233,966,4,Attaquer cheveu exprimer il moi fatigue corps fixer.,2020-09-14,2230
6234,1288,4,Clair cela peur capable part défendre.,2024-03-13,3976
6235,683,3,Côté décrire cela faux souvent miser.,2021-03-26,2966
6236,683,3,Intention lever année côté tout conclure complet fils assurer inquiéter signer.,2020-03-15,815
6237,745,1,Devoir former dieu défendre parole expression visite exprimer immobile.,2023-11-21,5078
6238,1441,5,De dehors lorsque exemple secret règle accompagner marquer.,2022-02-21,4564
6239,114,4,Passé morceau visite maladie rentrer valoir chercher vide ouvert sec.,2025-09-10,2819
6240,813,5,Pluie consentir moi sur lien arrêter créer réclamer.,2024-11-16,4085
6241,848,1,Fil flamme arracher chacun oh pont nez manier intérêt morceau foule.,2022-03-24,2037
6242,279,3,Train dehors chef aller lien prêter appartement vêtement partager épaule nous.,2021-04-27,4230
6243,1158,5,Pauvre milieu ressembler fait arriver vrai.,2021-05-14,5714
6244,145,2,École désirer affaire argent environ doute douceur étoile principe service courir souvenir mal.,2025-09-12,1899
6245,1025,3,Toit différent le marche haut fine printemps un mari brusquement taire pur.,2019-11-09,4878
6246,65,4,Mais lutter quatre lequel croix prochain vague autorité.,2024-08-03,2885
6247,1449,3,D'Abord etc casser agent obtenir inspirer détail dormir traiter.,2022-10-23,1455
6248,579,2,Résister acheter doute tantôt brusquement juger transformer emporter rose théâtre oublier considérer grâce.,2025-09-23,1706
6249,1076,2,Parmi soi carte extraordinaire hésiter passé.,2022-09-20,5493
6250,168,1,Eh apparence ignorer puis empire obliger ton abandonner aller rue réveiller vide souvenir.,2023-06-10,4651
6251,1080,3,Tard parfois revoir lorsque tout table verser qualité projet tranquille nombreux aussi.,2020-08-09,635
6252,6,4,Respect abattre chair trois suffire dans.,2024-02-06,3380
6253,1038,4,Camarade silencieux prix justice toute lutter acheter apparaître prince.,2020-01-22,5575
6254,692,3,Note fin montrer ce loup crier secrétaire d'abord.,2023-01-24,1011
6255,1447,3,Tour souhaiter crise lèvre forêt montrer vite.,2023-02-27,1136
6256,294,5,Saint ville espérer aide air arrière détruire.,2020-01-10,2626
6257,103,1,Police horizon son semblable passage juste musique payer papier appartenir.,2019-01-07,1520
6258,1364,1,Lutter mauvais mériter pendant joue inventer.,2019-11-01,3234
6259,1316,5,Quart seul fumée chiffre rapidement mari chaise toit fleur.,2023-12-01,1586
6260,1082,4,Gros paquet tendre mourir gagner reconnaître neuf puissant.,2023-12-10,1004
6261,133,5,D'Abord conscience tombe lettre arrêter appel bataille profond.,2020-06-22,822
6262,747,3,Propre simple ciel huit parce que propos inviter lutter.,2022-05-20,4978
6263,82,2,Étonner volonté éclat jeune forêt corde fier capable banc.,2020-01-27,3357
6264,978,4,Goutte étroit après quarante geste réfléchir intérieur plutôt cinquante étoile trésor cinquante sens.,2023-04-13,4061
6265,1372,5,Gauche vêtir bataille naître contenir puissance prince causer haïr rapporter titre escalier.,2020-01-11,1719
6266,283,3,Jaune état veiller trouver endormir campagne violent.,2020-10-30,488
6267,717,3,Réel énergie tranquille chaque traîner peau.,2020-11-16,5526
6268,224,1,Seul bouche succès assurer beauté dormir éteindre partir.,2023-03-27,1836
6269,746,1,Comme robe rassurer aimer tête glisser entraîner pénétrer.,2025-01-28,1820
6270,91,2,Bon un dieu lumière avant égal donner peu loin plante route demeurer.,2023-03-29,5061
6271,1276,1,Marquer aussitôt gauche dégager retenir soulever.,2024-02-08,2327
6272,1308,1,Tenir prévoir haut oh ne soldat où parfaitement.,2023-12-25,2248
6273,1165,5,Froid pas mien cheval montrer bleu sueur siècle servir confiance soit.,2025-02-16,5255
6274,220,5,Dangereux cerveau absence mourir sable pour tant prendre.,2025-08-27,3296
6275,1306,3,Perte rappeler menacer tapis somme françois crise apercevoir robe boire ignorer désert rond pousser.,2020-01-26,80
6276,1076,4,Seigneur dessus marché type sembler précieux question expliquer chez transformer livrer prier idée.,2022-11-04,530
6277,301,3,Élément voix entrer voile rire déclarer françois etc haut or oeuvre.,2024-01-08,4654
6278,89,3,Libre étendue mourir bête ici droit.,2025-03-26,4935
6279,969,2,Place reprendre lueur oeil palais courant lentement scène bas moitié public où.,2024-05-17,3685
6280,1189,2,Trésor ventre instant valeur demande croire prouver blond étage établir inquiéter dernier.,2025-03-04,543
6281,1227,4,Société chemin assister sauver front avec heureux humain.,2025-01-11,5342
6282,1195,1,Mêler frapper idée commander sujet te tendre religion davantage public droite.,2020-04-26,3210
6283,1199,1,Debout page part chaîne est type histoire marche loup malheur blanc sorte sûr.,2021-12-15,5965
6284,409,2,Public vaincre parole jeter odeur froid oncle d'abord devant.,2023-01-03,620
6285,1337,5,Plan parler sujet garder vous complètement question digne recherche parvenir franchir qualité.,2021-02-16,788
6286,899,1,Visage soir disparaître colon acte nom selon.,2020-11-30,5513
6287,134,5,Eaux veille siège croire croiser précipiter lieu.,2019-12-15,4958
6288,906,3,Depuis vouloir état petit rompre demi promener admettre livre.,2019-03-24,2079
6289,641,3,Saison chez milieu marché effort rouler.,2025-04-01,4948
6290,541,3,Énorme etc lumière beaucoup bon extraordinaire.,2025-04-16,1464
6291,1340,5,Voici résister même nom capable chien vague objet faim été lumière.,2022-12-05,939
6292,599,4,Humain environ premier user regarder désirer conclure consulter quinze.,2023-09-19,3775
6293,22,4,Leur conclure prétendre sol conduire lettre.,2022-02-24,3901
6294,99,3,Auprès roche pareil affirmer ramener fin étage famille tenir compagnon.,2023-04-22,4271
6295,361,1,Visible mais conseil sang paysan épais simple juste croix couler dernier supposer nez.,2024-06-06,2175
6296,118,3,Ne résoudre lit existence roi fatigue composer dur affirmer éclater ça.,2022-10-10,3096
6297,579,4,Juger acte pleurer pendre passé produire religion résister certain décider couler.,2023-11-26,5415
6298,595,5,Suivre ennemi souhaiter mariage mari refuser pousser avec rapidement mémoire intéresser quelqu'un titre.,2021-09-09,1439
6299,816,3,Mentir ministre théâtre circonstance violent certain demain nord.,2024-03-20,5214
6300,821,2,Toi le président non assez or port gens.,2023-10-24,4307
6301,908,4,Rideau baisser gauche gauche éviter discussion réfléchir malgré moi.,2019-02-09,92
6302,413,3,Détacher interrompre cas menacer chez avancer huit entendre grandir champ.,2021-05-04,3472
6303,1409,1,Chaque venir fatiguer déjà offrir déjà fleur déchirer couper.,2021-02-19,5137
6304,1472,3,Bout servir solitude travail descendre en endormir.,2020-08-04,2448
6305,1174,5,Fermer poser on combat couvrir près sommeil grain bas police pain unique.,2023-01-04,3800
6306,398,3,Demain jardin toujours jeter surtout pénétrer souvenir.,2023-11-24,5357
6307,1357,4,Autrefois savoir façon mêler taire joindre race voici ni tuer fatigue milieu nécessaire.,2025-09-18,1234
6308,862,1,Paix chose combien recevoir vol chaise image déposer pencher quelqu'un personnage neuf.,2023-09-25,5832
6309,699,3,Passé père chacun déclarer hiver pencher fer.,2022-07-03,1220
6310,142,2,Main pluie hauteur vision divers de besoin loin accorder plaine auteur.,2024-09-20,3557
6311,519,1,Lettre voisin couleur longtemps mois tandis que ouvert.,2022-05-23,1268
6312,826,4,Rejeter demande attitude résultat calme complet champ résister aller intelligence science général bien adresser.,2023-10-14,2824
6313,525,3,Supporter suivre embrasser moyen figurer chaque réfléchir trou diriger mouvement impression fruit.,2020-11-28,552
6314,1037,4,Raison froid sentiment trente tantôt placer rentrer françois tendre position éclairer.,2022-01-09,5864
6315,368,1,Salut doute ferme feu condition accrocher souvenir oreille tandis que.,2020-08-07,5570
6316,433,3,Pousser moindre marché naturellement étudier alors chant attention.,2024-12-03,3567
6317,637,1,Leur qualité un plaine soit yeux front.,2023-05-07,878
6318,565,4,Lendemain tu sens odeur voiture moyen oublier général.,2024-03-21,1953
6319,565,1,Pauvre pays chant fond neuf atteindre train soirée attention inquiéter sourire combat.,2020-11-07,5056
6320,248,4,Plonger lire succès moyen désespoir arracher couche voiture enfin beau fête journal français tâche.,2024-01-13,405
6321,1193,3,Suivant cerveau éprouver robe auquel vêtement marche devoir oeuvre arriver.,2023-07-07,3119
6322,44,3,Heureux personne soleil continuer comment roi attention dent.,2023-12-14,5455
6323,104,1,Fait seuil tellement calme race coin paupière poussière selon avenir magnifique rapporter.,2020-12-21,1846
6324,692,4,Déchirer part regard page fort dessus courage réussir verre prochain car camarade reposer.,2024-04-26,5477
6325,529,5,Profond salle personne agiter rejoindre mort voilà.,2019-01-09,5966
6326,459,4,Marche étendue sortir convenir type roche.,2021-02-05,2194
6327,1404,2,Dernier trace prononcer quelqu'un renoncer marcher connaître.,2020-12-02,288
6328,350,2,Auprès contenter courage cours bientôt autant page accuser frais.,2025-10-23,1484
6329,484,3,Poursuivre riche ressembler arrière être mêler.,2021-12-25,2630
6330,255,3,Noir secret abattre billet petit papier.,2020-07-08,3961
6331,971,1,Suite précipiter payer prêter art aventure rien appartenir habitude fumer retourner.,2021-03-04,1212
6332,143,2,Songer entraîner public conversation nouveau ancien voisin papa reconnaître.,2022-03-21,1059
6333,875,5,Être oiseau mais enfoncer grand époque scène.,2025-01-19,5201
6334,653,5,Puissant prier tirer mort livrer lit malheur ventre chaleur pouvoir réfléchir garder cheval.,2020-10-29,5929
6335,1153,1,Demeurer système français rencontrer retenir fleur.,2023-06-12,5659
6336,411,5,Fois moyen ancien simplement fin risquer faire observer assister rendre.,2024-09-24,3617
6337,1106,5,Pierre doute appeler nécessaire mer tête oser voie bonheur.,2025-11-24,404
6338,912,3,Entrée précieux d'abord colline préférer trou obtenir étendue hiver noir tout donc.,2019-06-07,3996
6339,516,4,Part simple éclat manquer été absolu.,2019-01-18,1252
6340,703,3,Faible femme changer vue un cinquante entendre bras puissant.,2019-03-31,821
6341,1039,1,Dégager retour portier défaut personne rêver palais quitter étendre guère sang nerveux intérieur.,2021-08-04,5117
6342,479,5,Entre essayer jour mouvement as inquiéter société bientôt.,2022-05-31,4614
6343,169,3,Étaler roi quatre flamme cruel bataille résultat épaule succès certain sou respecter.,2020-04-09,1392
6344,495,1,Coûter caresser façon rire amener regretter besoin cher avec.,2020-02-04,403
6345,869,3,Secret couler pourtant faire prince hors extraordinaire différent.,2022-03-21,4790
6346,424,3,Asseoir attendre plan succès mener partager pareil lit.,2023-02-07,2737
6347,1167,3,Religion écouter habiller diriger sien vol travers auquel vingt savoir me loup glace.,2022-04-09,2412
6348,501,2,Liberté celui devant satisfaire tout intelligence pont vieil essuyer bouche du avec cesser détail.,2025-11-07,4155
6349,135,3,Pareil toucher françois mois accepter autrefois pouvoir rendre.,2024-07-17,3963
6350,193,2,Présent debout mot cent tourner condition jambe ciel profondément effet.,2025-03-07,5667
6351,1183,1,Éclater occasion foule coin combien fier amuser rejoindre année dessiner examiner construire complet.,2021-09-12,2490
6352,198,5,Cri porter dormir atteindre commun aussi.,2022-01-25,3427
6353,261,1,Rejoindre cause expliquer histoire chien sein billet côté cuisine.,2023-02-26,4024
6354,1248,4,Ignorer vivre dernier silencieux rassurer honte produire signe homme courant agent haïr.,2025-06-17,222
6355,973,2,Rire recevoir naître soldat loup accomplir transformer courant voyager construire rire tout.,2022-01-22,3410
6356,215,3,Défaut art oeil gens lisser accent.,2019-07-14,2725
6357,722,1,Sueur mine femme reprendre dégager ci raison femme début pitié ton dont.,2023-08-13,1126
6358,768,3,Ceci million souhaiter angoisse lier moitié résistance lever parvenir.,2020-03-13,1752
6359,1110,3,Humain coûter aussi plusieurs occuper on côte aile terre.,2020-03-18,5423
6360,301,2,Politique rendre or crier derrière plus prévoir recevoir coeur autre inquiéter siège mille.,2022-10-04,5004
6361,1023,4,Intelligence franc contenter huit reculer nous de point étrange.,2020-03-03,3042
6362,442,1,Détail ça mort tard disparaître visite veille fatigue hasard lorsque.,2019-02-09,1980
6363,369,5,Grand manger social répéter quoi protéger certain.,2023-04-06,1165
6364,420,1,Contraire nouveau hésiter joue importance effet moitié dégager.,2020-07-15,2234
6365,1327,2,Couleur honneur étrange voiture obliger ne second après ton.,2023-06-26,4781
6366,443,1,Parcourir cour toit mariage charge effacer suivant complet troubler.,2022-11-01,2903
6367,1493,4,Parler police vaincre ne loi charger marcher.,2024-06-27,1420
6368,763,5,Feu observer élément secret lieu chiffre perdre de désigner billet fortune.,2020-01-11,4410
6369,360,4,Rêve politique coûter mensonge goutte échapper.,2025-12-27,2054
6370,1104,3,Fatiguer santé secours répondre coucher asseoir entourer égal.,2022-08-22,4260
6371,986,3,Franchir arracher sauver endormir rester couvrir.,2022-08-02,3388
6372,1231,5,Meilleur principe million quinze capable pain deviner main.,2025-08-10,310
6373,1046,1,Secours épais santé mal prononcer coin.,2019-12-18,251
6374,139,3,Immense justice loin voyage poids rentrer vingt secours.,2023-10-31,3094
6375,1257,2,Habiller maintenir comment achever médecin autorité souffrance crise elle partir répéter famille bas champ.,2024-07-14,4975
6376,77,3,Garder leur anglais paysan sien plonger.,2025-02-26,2355
6377,1003,1,Quelque dernier difficile neuf regretter réclamer relever affaire céder travers.,2023-06-05,2136
6378,34,2,Voyage faible lui toujours attacher commun près grand consulter réflexion compter regarder.,2024-07-29,2549
6379,468,3,Beau réclamer chacun midi entrer humide mot autre colon cri défaut.,2020-07-26,3704
6380,1312,4,Marquer absolument guerre huit dans détacher écraser.,2022-11-12,3602
6381,509,2,Tendre oreille voie représenter ombre moyen ennemi ouvert casser fois.,2021-01-10,2376
6382,59,4,Tout unique lit loin présent trou police agiter riche habitant troubler.,2024-09-13,1193
6383,148,3,Public course désir précéder peur me autrefois pur comment trou.,2021-01-19,1910
6384,1255,2,Impossible dernier moment avec appeler ville consentir.,2020-03-19,2775
6385,805,2,Tôt essayer malgré poche commander mer quant à consentir puissance bleu bleu lutter.,2025-03-14,4613
6386,1024,2,Vie beau auquel remplir est chercher distance assez.,2022-04-28,5695
6387,462,2,Entourer en âge maintenir blanc hôtel ville tard quelque.,2021-12-13,5233
6388,563,2,Juste groupe soit ah vif front neuf.,2023-01-21,4953
6389,267,4,Changer or place mourir éternel sur.,2025-01-19,5872
6390,901,4,Rue sauter seul nuage visible marchand train chaise.,2021-09-06,3157
6391,651,3,Détail jouer jusque rassurer empire sorte intention drame sommeil vous.,2020-06-14,5159
6392,394,3,Tôt à paix acte tuer créer.,2021-02-09,409
6393,1198,1,Événement tache mauvais taille menacer parler du détruire.,2022-10-04,1320
6394,9,2,Inutile aide court faire pays emporter travail demain fine.,2022-07-08,5291
6395,1179,1,Fou forme époque dire elle tard savoir rideau égal pluie.,2020-08-16,1368
6396,334,3,Ouvert spectacle rejoindre assurer passé comment attention composer deviner forme nuage.,2019-02-20,1040
6397,1232,4,Ah représenter gouvernement rideau huit rejoindre remercier détruire.,2024-01-11,4551
6398,138,1,Réussir calme idée sueur avis demain.,2022-06-23,3303
6399,650,2,Palais prêt relation visite marche dessus chercher tache.,2023-03-23,1773
6400,924,3,Douter voisin travailler fils perdu sens brusquement nul.,2020-11-22,5361
6401,557,1,Animal empire français as arrêter résister expression joli désormais moi.,2019-02-07,3760
6402,207,4,Mari disparaître disparaître nature nul exprimer former succès soin élever professeur avoir.,2020-11-09,1616
6403,388,4,Vide fait fort tendre chaîne on fidèle en.,2022-06-19,44
6404,680,1,Roi liberté expliquer vide encore quinze depuis siècle lourd finir prison suffire.,2025-05-30,5305
6405,808,2,Doucement autrement fumée abattre hésiter toi autrefois fort sol.,2021-12-25,5357
6406,165,1,Emmener politique entrée mois histoire dessiner disposer saint calme.,2023-11-29,232
6407,1120,4,Discussion ceci pied figurer folie ciel seconde suite tranquille entier pluie.,2020-03-10,3857
6408,632,1,Porter disposer midi vin respecter conduire.,2022-03-15,4275
6409,91,2,Renverser approcher vieux toile droite affaire choisir.,2019-02-10,5467
6410,876,5,Mur charge grain doigt midi encore surprendre train tirer avenir.,2022-08-01,2397
6411,1260,2,Voici chien réflexion même solitude peur simplement certainement résoudre papier table.,2025-02-17,557
6412,1424,4,Camarade entrer saint blanc fleur or espace calme public supposer note côte mener.,2019-04-26,2807
6413,586,5,Santé terme car oiseau nez grand parole endroit amuser décrire indiquer village tu.,2025-08-30,3829
6414,46,4,Grave décrire sou étrange pur salut faute vrai.,2021-03-16,4880
6415,1318,1,Pluie succès horizon frère haut tôt machine bout prince monter.,2019-10-18,5877
6416,1078,5,Tu beau pas mentir montagne soi avouer bas enfant soutenir.,2020-12-24,5956
6417,648,4,Large dix sauter désir solitude devant lutter.,2022-06-03,3543
6418,600,2,Vue trésor centre garçon front attitude envie.,2025-05-04,966
6419,1401,1,Cesse tout jambe faux loup dominer importance moitié école bas porter aventure idée.,2024-07-31,3065
6420,945,3,Poussière avoir quarante amener de pont courage étroit rang.,2024-10-13,4518
6421,1083,1,Pencher éprouver devenir couvrir journal étrange promener avance prix tendre police.,2023-05-26,2469
6422,524,4,Sauvage manger courir voir épaule continuer chair depuis perte secours respecter.,2020-01-09,3346
6423,784,2,Voile devoir attacher le grand garçon.,2020-07-25,2597
6424,1440,4,Personne consulter apporter intérieur vérité usage étoile non quinze pont voile sourire.,2023-05-19,5757
6425,131,3,Seulement désespoir inconnu mari avant sommet bien doux aller.,2020-02-14,307
6426,46,5,Classe retirer jouer prendre mille marche arbre quartier.,2023-11-08,2981
6427,1158,1,Reprendre maison recommencer amuser voiture digne non.,2019-03-08,1601
6428,107,5,Vouloir mémoire réussir recevoir docteur parcourir lourd.,2021-05-05,1353
6429,711,1,Creuser queue nuit caresser ventre profondément tandis que verre baisser pain éternel choisir.,2025-06-04,4076
6430,224,1,Revoir mari environ écraser autant pas nouveau emporter eau comme.,2021-01-02,3171
6431,446,5,Refuser terrible demeurer mince maison si maintenir certainement troubler membre.,2023-08-14,3709
6432,1071,5,Troubler position trop second supérieur phrase droite premier histoire.,2019-02-19,5113
6433,770,5,Vague fine écarter beauté aujourd'hui folie chasse donner dur.,2019-08-10,4579
6434,107,5,Savoir silencieux moitié circonstance agir colline ami verser dessiner.,2025-09-23,5238
6435,241,4,Bête froid assurer autorité alors pensée.,2024-10-05,4841
6436,1384,2,Douze jour remplir promettre pourtant somme phrase ramasser disposer exécuter sur.,2020-03-29,4430
6437,56,1,Véritable entraîner quarante quand lors content trente rapporter rêve appartement devant beaucoup deviner.,2021-10-22,2144
6438,1225,4,Élever retenir intérieur souffrance écrire fille.,2020-06-20,9
6439,493,5,Diriger commander source mois fort ordre temps mien complet autre autant d'autres.,2019-01-28,5696
6440,604,4,Dehors soin naissance demain or absolu goutte argent.,2022-10-06,1104
6441,90,3,Auprès vers absolument alors moi oncle inconnu où sortir siècle jardin succès.,2021-05-11,1234
6442,1445,3,Secours ah matin papa force foi.,2019-02-16,3190
6443,1013,4,Lutte sec herbe siège conscience tranquille.,2025-08-11,4081
6444,87,5,Ramasser capable perdu ouvrir fonction dangereux.,2022-03-20,702
6445,354,4,Fauteuil haine regarder queue tant prier.,2021-11-22,3106
6446,816,3,Chaud forêt nu été veille appartenir avance nuit tenir te échapper rêve morceau.,2023-07-18,1383
6447,849,5,Condamner profond petit chaîne maintenir coeur davantage voiture.,2022-02-15,1911
6448,481,1,Ombre annoncer reculer poitrine hasard simplement saisir éteindre proposer rencontre disposer milieu.,2024-04-05,5924
6449,1324,2,Larme effet jeune mode résoudre époque voir brûler ah circonstance.,2025-12-04,965
6450,1237,3,Madame tellement valoir or sentir drôle vieux faute grave mal joue.,2020-11-04,5109
6451,1346,5,Champ volonté plein voiture papier danser vivant monsieur réel.,2022-05-01,4131
6452,23,4,Lieu monsieur dessus dès nombre éternel auteur montagne douceur.,2023-01-20,5956
6453,979,1,Émotion payer abandonner certes présenter soi paquet établir cependant supérieur projet professeur.,2025-04-23,3055
6454,1137,1,Parfois route violent couper général chambre histoire asseoir.,2020-11-25,4346
6455,847,4,Tant distinguer afin de cacher dominer installer rang pitié.,2023-04-30,2049
6456,1470,1,Peine public dimanche fier quelqu'un avec fin on jeter animer sombre.,2021-10-31,4059
6457,691,3,Derrière revoir cher pas franc fonder envie.,2019-04-06,211
6458,103,1,Froid carte certes aucun certes mois doux.,2020-05-07,4174
6459,1391,3,Oreille moment d'abord point dernier ciel.,2020-09-24,4641
6460,22,2,An police avancer devoir général le dominer flot billet colère approcher.,2023-06-03,4863
6461,792,5,Assister profondément beau argent ça jour résultat semblable arracher.,2019-03-31,2683
6462,208,2,Peur cinq abandonner doigt planche frais lendemain considérer sous nation.,2024-08-10,5175
6463,391,4,Paupière dégager fixer approcher beau mien système bas loin.,2020-07-24,5625
6464,730,1,Appartenir fleur voiture drôle considérer libre charger.,2021-11-11,4553
6465,832,2,Discussion choisir enfin décider pouvoir près tantôt beau prévoir poésie falloir.,2021-06-29,4080
6466,833,5,Lentement dessus tomber étendue premier immobile odeur noire garde après clef depuis second.,2021-06-09,5541
6467,946,1,Examiner ressembler tantôt cheveu fait comprendre ministre.,2022-02-28,2941
6468,1191,1,Supporter soi libre maître jamais long mot gris lien me montrer respecter expérience.,2020-02-26,5696
6469,640,5,Vaste phrase goutte vite midi début danser lentement paix un.,2024-02-16,2139
6470,1361,5,Baisser absolument soit lettre bout action.,2022-09-06,5318
6471,540,2,Léger secrétaire promettre mettre sous remplir.,2020-11-06,2584
6472,1121,5,Combat poste malheur battre chaque étude porte violent midi puis qualité visite propre.,2023-03-22,754
6473,1212,4,Social lequel enfant chaîne jeune empire poète appuyer seulement.,2024-07-08,3284
6474,1431,1,Ton étranger atteindre réflexion tendre avec calme étoile face colline avenir.,2019-02-04,5862
6475,708,5,L'Une deviner politique servir ah ordre.,2020-04-13,3517
6476,53,1,Poussière autant garder couler installer oui exprimer signer reposer retour action.,2020-01-31,5035
6477,1187,4,Choisir passé suffire user entier expérience vieux éviter hôtel revoir midi.,2025-10-07,316
6478,944,2,Politique connaissance calmer sol rester contre type saison emporter désigner.,2023-08-01,5021
6479,469,1,Enlever tard joindre voisin lever confiance.,2024-11-12,345
6480,687,2,Étudier nom rire lever unique fine trente combien.,2022-06-22,1045
6481,633,2,Conduire pluie ensemble naturel tout comprendre changement éclat.,2019-12-28,5452
6482,989,5,Nez respect poète même papa employer roche sentier.,2021-10-30,45
6483,1237,5,Fait position toucher penser mais soirée long.,2025-11-22,1554
6484,734,5,Sommet ni réserver sentier vent naturel.,2025-05-30,1924
6485,450,4,Anglais esprit quel surtout mode vendre anglais recherche corps.,2021-09-26,5598
6486,1334,2,Visage bien penser pourquoi oeil saint précieux simplement inventer.,2022-01-28,5218
6487,207,1,Souffrir mériter suivant science force quelqu'un.,2025-08-11,2076
6488,382,3,Âge retomber écarter nom accuser tranquille supposer.,2024-07-31,2681
6489,191,4,Calme près chaud but forme imposer chat.,2023-03-03,4546
6490,710,4,Désespoir que village présent police pleurer bout cacher service soulever bon complètement.,2019-08-23,4645
6491,567,1,Dos vendre maladie île entre dur étoile nécessaire politique horizon sens empêcher.,2020-07-18,1342
6492,1153,4,Monde suivant poste dormir vieil âge delà sans marchand race jardin.,2025-11-07,4567
6493,818,1,Tout volonté demain larme signer crier même hier.,2020-11-21,3429
6494,1093,5,Fixer honte chaîne vite jeune argent.,2023-02-18,5778
6495,689,3,Reprendre arrière fumée esprit troisième science sein créer.,2025-02-15,2354
6496,27,4,Digne à assister voir herbe étaler nerveux.,2021-06-08,5650
6497,357,3,Présence puisque étroit derrière colon demande penser rassurer.,2020-10-07,5236
6498,772,3,Camarade chercher d'abord lorsque espoir durer loup tranquille saint haïr perdre cent droite.,2024-07-15,4403
6499,573,4,Tout près découvrir ministre action seul construire rire profondément.,2021-11-05,34
6500,956,5,Mentir voyage cou queue sortir retirer tout crier.,2019-06-05,1188
6501,1197,2,Plus feuille foule frère vide sembler haïr immobile trembler service.,2024-01-09,4368
6502,447,1,Pousser longtemps agir croix extraordinaire lourd camarade.,2022-11-14,3789
6503,1284,5,Chanter lieu plus docteur route partout.,2024-11-20,5552
6504,342,4,Dégager santé consulter quartier accorder franc attaquer force commun considérer bien.,2023-12-31,4290
6505,752,4,Épaule tard accord courir juger coûter regretter désir double loup étendre.,2020-01-07,4749
6506,27,5,Que même air personne poste repousser glisser dominer plan.,2021-02-09,4644
6507,1013,2,Avancer bonheur agent ton naturellement produire franc absolu.,2022-12-21,4226
6508,821,1,Dieu traverser montrer vision accent depuis bruit maison même quoi premier.,2022-07-22,768
6509,1351,1,Paix sentiment bleu mais hésiter famille décider encore conclure.,2023-03-04,4709
6510,1330,4,Glace sac paraître nécessaire fil événement taille vrai près doigt doux.,2022-11-29,2506
6511,128,4,Dernier renverser rapidement absolument jamais vivre mort.,2025-10-17,1043
6512,911,5,Douceur réalité quinze ressembler moment raconter foule si son ventre personnage gros presser.,2024-01-30,740
6513,1124,2,Violent oiseau fond groupe chaise cent flot grave vert angoisse règle derrière.,2023-09-20,2141
6514,576,3,Banc connaissance déposer quartier sang couler accrocher.,2020-08-17,4624
6515,1021,1,Nature vol oser sous combat patron animer mêler calmer chat soirée.,2023-10-08,4408
6516,400,4,Elle peur vouloir observer ici près.,2020-05-16,802
6517,1231,2,Presque rapidement yeux trop mémoire signe bout juger sourire.,2025-08-19,5141
6518,485,4,Moi tête servir permettre chemise visite fois causer.,2025-11-06,1866
6519,659,4,Presser pourtant fleur droite vague rond chanter voie vision occuper.,2020-02-22,636
6520,56,1,Poète debout journal chiffre rocher obtenir faire étranger personnage.,2024-02-06,4136
6521,202,1,Soumettre pointe famille douceur force côté intérêt fin chat.,2025-10-01,5879
6522,1350,5,Prince prêter faire trait tombe malade près soi avec combien fier.,2021-06-20,2158
6523,1085,3,Riche fils rire rêver coucher charger d'autres siège.,2021-08-09,4520
6524,1423,3,Rire préparer article craindre auquel lorsque père prière couleur inviter.,2023-04-03,5553
6525,948,5,Hauteur éteindre commencement pour ouvrage paysan aimer maître abandonner maître aucun.,2019-02-08,3707
6526,1354,2,Prince lit poche principe maison un mener éclairer fait parfaitement apparence.,2020-06-18,4485
6527,934,5,Milieu portier livrer contraire oncle tombe aile on tel.,2025-04-03,2359
6528,1098,1,Blanc été élever apparaître prison ruine écrire tandis que marcher.,2023-08-05,5559
6529,1133,1,Soleil avant également choix naissance bas.,2019-10-27,1614
6530,311,3,Discuter profond un tapis six grandir grandir cerveau anglais foule an émotion.,2022-12-24,4414
6531,373,5,Poids proposer trois colline remettre couper morceau.,2025-01-10,1504
6532,631,5,Créer prince signifier dernier saint trois suite désigner exemple pourquoi arracher effort.,2020-03-22,1624
6533,644,2,Seulement dent remplir seigneur commander banc homme.,2020-02-07,3205
6534,1228,4,Penser tenir tout vague rayon manger asseoir poser.,2023-08-26,3269
6535,850,3,Honte prière asseoir départ prévoir baisser sein.,2024-10-30,936
6536,816,2,Bleu ci fils douleur feuille changement.,2024-08-22,506
6537,224,3,Pierre jaune détail avant main un jeunesse étouffer vers embrasser noir deux.,2019-07-15,3796
6538,695,2,Allumer presser écarter en million conscience.,2023-06-03,1349
6539,403,4,Accent naturel centre falloir afin de vue passé type.,2023-11-26,2753
6540,1043,1,Sembler bleu hiver cour rejeter user certes.,2023-11-23,2841
6541,1478,4,Tâche lui midi disposer homme rejoindre calme rideau.,2025-04-24,5909
6542,703,5,Port brûler en ministre douleur se prix souffler demi haut compagnon.,2022-07-30,4917
6543,141,4,Chemise pouvoir grain président marchand rideau.,2022-09-24,5388
6544,1012,2,Mon manier savoir plonger simple compagnon transformer autrement marche accent vrai.,2020-03-26,230
6545,957,3,Signer connaissance rapide arme doigt apprendre entrer.,2025-01-08,3622
6546,939,3,Connaissance d'abord oublier sérieux vieil savoir deux écrire nécessaire bord autant midi.,2023-01-29,5169
6547,259,1,Comment sortir droite libre déposer approcher premier dehors couler certes sonner ce naturel.,2019-01-08,5457
6548,203,2,Sac aussitôt presque espace disparaître faim nombreux répondre.,2019-09-23,5015
6549,68,4,Chaise autour auprès classe respecter veille.,2019-10-02,2657
6550,904,3,Savoir éprouver dire aller payer suffire précis porter on pluie ton nature nous.,2024-09-01,3631
6551,184,5,Chaîne mourir terme sourire monsieur endroit fond.,2024-02-14,3415
6552,534,1,Plusieurs écrire foule nul préférer indiquer moi lier parole.,2025-01-17,2480
6553,1322,1,Charger tard bon et morceau cinq observer travail geste subir vraiment.,2021-02-26,2413
6554,775,4,Montagne signer préférer pouvoir genou tirer occuper mer.,2022-05-04,701
6555,1022,1,Espoir durer venir prévenir pourtant demain puissance prendre jeune.,2021-08-25,4204
6556,1248,1,Point circonstance accrocher profond réunir rang éloigner.,2020-09-12,3928
6557,230,3,Sorte aussitôt nez blanc plus valoir fleur général.,2024-10-05,4959
6558,3,2,Réfléchir briser apprendre lisser chair amener champ heure voici exécuter vision.,2019-03-13,924
6559,799,3,Simple reprendre effet dégager endroit rêver plein vision lier général comme.,2020-10-11,1
6560,559,3,Obéir papa remplir effet porte simplement être.,2023-11-12,2155
6561,390,4,Pont devoir oeil carte avoir debout longtemps réel.,2025-11-07,5140
6562,754,4,Profiter robe brûler avis tel terrible.,2019-06-25,1561
6563,729,1,Passage fermer huit honneur camarade seconde sol esprit compagnie.,2022-07-20,1115
6564,649,3,Effacer connaître joindre journal sauter d'abord d'autres ailleurs abandonner sourd menacer.,2022-07-06,4577
6565,27,2,Appartement attitude conduire affirmer puisque soit magnifique espoir mince particulier mari.,2020-12-27,842
6566,23,5,Cheval car titre avec taille garçon arriver casser.,2020-03-22,2610
6567,623,5,Fortune double année moyen neuf vent mieux côte poste principe répéter classe apporter.,2020-09-14,1631
6568,319,5,Joindre nouveau drôle entre voir retourner malgré vivre honneur seulement prévenir puissant voisin.,2024-03-16,3142
6569,703,2,Espace bonheur falloir rouler médecin salut recherche.,2022-09-06,1664
6570,140,1,Là aussi arme étoile soirée parler vue.,2024-08-21,2331
6571,464,4,Cabinet rencontre tenir question soutenir toujours couleur.,2025-12-29,4631
6572,475,5,Réveiller affaire anglais tenter complètement tapis étroit refuser.,2022-09-25,220
6573,437,1,Imaginer armée naturel métier sueur fête peau celui fixer chance chemin.,2025-11-15,2427
6574,140,1,Inquiétude acheter quoi titre calmer vérité long.,2020-09-28,2249
6575,305,5,Cours ensemble couleur fleur ferme payer.,2023-05-02,1448
6576,559,4,Afin De ici nombreux aussi souhaiter arbre neuf.,2019-08-09,5473
6577,397,1,Note venir supporter règle propos ressembler éprouver cabinet non principe dehors leur produire.,2023-08-26,408
6578,735,5,Ton français épaule rejoindre existence voisin mien remplacer pas celui marcher violent.,2025-07-14,682
6579,43,2,Appeler voyage immense calme exister fatigue âme.,2023-04-26,3447
6580,1439,4,Violent avouer nuage sein instinct pouvoir chanter fauteuil mauvais.,2021-02-14,3001
6581,1097,1,Arracher vers peine animer précis l'un champ victime.,2023-06-20,3967
6582,380,5,Fixe genou attention croiser surveiller lourd fenêtre étendre.,2021-10-30,1721
6583,870,3,Derrière mille part hauteur fermer principe demande pénétrer.,2021-12-04,5366
6584,189,2,Prévenir courir arbre retourner argent remercier ensuite esprit plaisir feuille juste.,2021-12-22,4950
6585,1494,2,Quarante arbre traverser pousser juger pencher faveur un dos.,2024-03-14,375
6586,1158,5,Traîner autour maintenant naissance dos quatre aimer.,2020-06-20,3863
6587,940,5,Dominer goût conclure conduire tenter jeunesse pouvoir défaut aide remplacer.,2019-06-27,3374
6588,233,1,Considérer franchir chemise eaux clair bientôt jour difficile eaux.,2023-09-26,4595
6589,573,2,Camarade devant liberté demeurer terreur attacher serrer occasion.,2019-11-24,4282
6590,210,5,Faim voler briller soumettre vent réserver fortune distance police droite tranquille politique puissance.,2024-08-19,4334
6591,288,1,Jeunesse durer montrer jaune devenir compagnon parfois oublier ouvrage vision discuter expliquer.,2023-12-05,1665
6592,670,3,Reste étroit assurer savoir signe poète poids courir savoir.,2019-11-16,1590
6593,1404,4,Autre raison décider prévoir somme malade vingt inquiéter devenir nous tempête grâce folie.,2020-01-13,2838
6594,768,2,Classe proposer prononcer puis ce quart famille avoir consulter précis.,2025-12-02,2232
6595,268,3,Apparaître user mien mouvement accent chemise cercle taire plusieurs rayon affaire.,2023-01-26,1556
6596,416,5,Ton refuser protéger rentrer chute chaud.,2024-06-03,5242
6597,604,4,Aimer reprendre colère soin voile long page précipiter ni supposer haut branche souffler.,2024-05-15,966
6598,804,2,Habitant agir vol étranger nerveux plaindre riche court façon.,2021-06-28,457
6599,146,3,Rire bas plonger voix deviner signifier.,2023-02-25,3458
6600,43,5,Dernier attendre croiser magnifique habitude printemps pain choisir.,2023-04-06,1853
6601,745,4,Guère assurer puis oui immense feuille nation chemise propos tard.,2020-11-10,5167
6602,972,3,Chose prière côté répéter étroit inquiétude vert.,2020-05-18,822
6603,651,1,Crainte plus vendre parce que dont renoncer hauteur puisque.,2019-09-15,815
6604,666,5,Passé avec petit ça vieil hier agent déclarer fils son quartier son.,2021-03-24,1131
6605,1397,3,Compagnie rose briller déclarer fermer français prendre.,2023-02-01,145
6606,1399,5,Personne par fond police chacun émotion.,2020-08-23,5214
6607,707,4,Essayer digne reconnaître auprès secret voilà libre après véritable.,2021-01-02,881
6608,1486,2,Curiosité odeur l'un brûler sombre reprendre danser couche problème construire.,2024-04-26,266
6609,1420,2,Au ombre rond plus marché trois retrouver haut de satisfaire.,2024-07-24,751
6610,785,5,Direction espoir demi face soit tandis que comme.,2020-12-24,924
6611,851,4,Toute guerre dominer oeuvre sourire théâtre prix trente du profondément paquet salut avoir.,2023-01-18,1607
6612,402,2,Appartement bord précis cheveu absolu route endroit.,2021-09-16,5370
6613,1014,2,Promettre pièce commencer papier tache renoncer unique lendemain jusque.,2024-04-07,4461
6614,216,1,Plein rencontrer obliger soldat naître un complet intérêt famille chaud animal.,2025-04-12,2427
6615,183,4,Dimanche chemise mesure quarante nul sorte flamme.,2023-10-03,73
6616,478,4,Vendre poser soir salle mais fier bataille lit étude.,2023-06-28,344
6617,1462,2,Transformer dangereux goutte précis interrompre femme un noir enfermer mort toile sommet rond.,2020-01-07,822
6618,728,1,Muet servir ouvrir appartement circonstance importer nuage malheur.,2020-07-27,378
6619,1148,1,Saint subir aller connaissance besoin passer sortir société endormir jeunesse capable peser.,2021-05-04,3099
6620,603,5,Genre propre parfaitement ajouter sans arriver personne.,2021-01-29,3592
6621,1383,5,Figurer article tout respect verre elle deviner victime vent mensonge second elle.,2021-06-15,2791
6622,1287,4,Réduire habitant dur mien tourner image.,2021-05-23,120
6623,1012,3,Chute corde fond combien leur d'abord bras céder.,2025-10-28,5305
6624,822,1,Chaque plaindre peine champ jeune semblable un ressembler marche.,2020-08-23,2570
6625,1043,2,Arrière genou certainement soit remettre souvenir étranger mouvement cher.,2025-06-13,476
6626,1282,2,Vaste blond interrompre delà fortune valeur assez bureau.,2019-09-12,4749
6627,868,3,Réclamer croiser tuer rose casser victime franc mériter relation président.,2022-12-28,3139
6628,189,1,Intérieur usage aussitôt curieux près aimer véritable.,2019-12-01,3657
6629,1101,5,Semaine personne cours violence officier ainsi mur huit fenêtre leur sol personnage.,2023-04-28,3541
6630,118,5,Réussir cruel système effort aujourd'hui force leur vide accord après lier éteindre oeuvre.,2020-06-17,4437
6631,1204,3,Oeil rompre pur côté dur saint dans colère société sou sûr.,2019-06-23,3392
6632,1467,2,Écarter souffrance quelque jeunesse confondre maintenant sens.,2023-09-03,3651
6633,757,2,Public voilà cacher cou expliquer produire boire.,2023-03-31,3393
6634,330,2,Ajouter sonner façon flot riche éprouver miser.,2025-11-27,927
6635,1420,4,Jeu appeler beauté toit public savoir aspect lourd seigneur.,2019-07-31,2985
6636,707,5,Empêcher patron toute comment tant de devant fixer ton neuf.,2025-01-11,4070
6637,968,4,Masse avoir fenêtre parole nombreux sonner.,2023-11-08,5838
6638,134,5,Sourd assister rose saisir traverser crainte.,2025-11-20,2975
6639,1500,4,Sûr près en dans solitude même départ personne impression faux.,2019-10-22,5351
6640,1460,2,D'Autres vraiment français tempête camarade quitter montagne appartement.,2019-05-23,917
6641,397,1,Lourd puissance toile voyage détail froid penser employer haine dimanche.,2021-06-02,5521
6642,1250,4,Déclarer indiquer apparence port quarante juger relever quartier.,2020-10-04,1724
6643,954,1,Nom puissant plaire jeter moment parler erreur.,2020-05-28,3687
6644,144,2,Appeler soulever politique partout tranquille aider rejoindre calme écarter rien.,2020-09-23,179
6645,947,5,Deviner jouer poursuivre pénétrer fortune réfléchir.,2024-12-18,950
6646,380,1,Sûr vous français portier tâche compter attacher commun clair.,2023-12-18,1487
6647,1148,2,Morceau fou grand sourire regard aide sur réponse vague tenter indiquer connaissance président.,2019-09-06,5660
6648,1236,3,Espoir chacun pays frapper oiseau fort chemise.,2025-07-16,4624
6649,268,3,Parole dehors ensemble changement roi justice.,2025-12-19,3090
6650,60,5,Accrocher fait craindre épaule disposer fatigue espace aspect pencher noir quelqu'un prêter.,2023-09-30,2059
6651,287,1,Chant effet prêter apporter lettre ajouter arrêter non avec table ainsi.,2023-05-10,4902
6652,1187,2,Respect amuser sentir chambre tomber spectacle proposer résistance loi si voici art établir.,2024-08-05,1106
6653,997,3,Sourire odeur passion séparer campagne jeune enlever famille vêtement.,2023-08-28,1098
6654,582,1,Accorder noir mince confondre trait fer.,2019-01-23,583
6655,43,4,Encore repousser histoire remonter prêt atteindre comme prononcer présence vaincre politique parent.,2020-07-23,1584
6656,507,3,Loi court tandis que revoir certes rapidement angoisse.,2019-11-10,370
6657,1315,1,Faux dépasser grave époque dur bientôt fatigue poussière quinze prochain du nécessaire.,2023-09-04,4080
6658,1274,2,Phrase robe pauvre présent intérieur garder rassurer nuage as plonger parfois exécuter.,2021-08-26,4979
6659,1002,3,Changement nombre conseil mon vol engager blanc lutter blond soi système mon fumée.,2020-09-20,322
6660,1341,4,Dépasser tranquille fixe minute annoncer cabinet cerveau maintenir chanter capable poésie révéler afin de.,2024-03-25,4124
6661,914,5,Éclairer regarder élément risquer matière entraîner lune entraîner noire colon chose.,2025-09-25,4157
6662,379,4,Maintenant nation ajouter fine reconnaître rouler étrange.,2023-03-02,2789
6663,593,3,Perdu chasse froid rare recueillir comment conduire visage.,2021-01-28,2977
6664,1047,5,Général poste port personne exemple science suivre vrai chasser pour.,2022-09-25,680
6665,1029,1,Tel grain intelligence besoin celui user unique aventure véritable déclarer noire écouter.,2024-02-12,1422
6666,529,2,Paraître échapper air chercher ou paix rejoindre espérer droit renoncer fille.,2025-06-07,3
6667,1224,4,Cent droite larme cesse bon attendre sein aussitôt annoncer fond premier naturellement résoudre système.,2024-10-09,467
6668,1330,5,Désert exiger étendue rapidement prière choisir toute expérience six durant nuage somme.,2021-06-18,3718
6669,1484,5,Inspirer avec profiter consentir terreur nuage habitude cuisine examiner ou réveiller faim.,2020-06-24,227
6670,305,3,Force appeler permettre entier rentrer dehors dos.,2021-12-14,1217
6671,1210,3,Prononcer heure vrai fixe pas battre désir jamais nuit leur goutte jouer sûr.,2024-11-24,1119
6672,743,5,Scène arracher du tête route malgré immobile mêler dominer adresser neuf nommer planche.,2020-02-12,519
6673,861,5,Mari ferme désert compagnie sommeil drame l'un hauteur former quelque.,2023-10-02,303
6674,332,3,Te mesure fois sérieux notre jeter accorder faible.,2025-05-21,1191
6675,987,4,Scène hier dos résister soir douter dessiner terrain ainsi entre avance vieillard.,2022-05-09,2740
6676,1260,2,Causer saison affirmer surveiller assurer flamme réel tout salle naître droite.,2025-03-20,3352
6677,817,5,Depuis beaux midi vaincre rien leur.,2024-02-03,4649
6678,1417,1,Son arrivée difficile nécessaire habitant désigner serrer briller réveiller entre certain troisième autorité.,2025-01-15,1435
6679,667,5,Représenter rond solitude vie capable chance immense rang extraordinaire semaine détacher.,2020-09-13,1106
6680,1430,1,Bout reposer nez fou ce barbe raison remonter drôle angoisse.,2021-03-14,5510
6681,828,5,Rouler se agent enlever foi tuer.,2020-09-01,3
6682,9,5,Environ parler époque durer boire magnifique bon jeu.,2022-07-13,4482
6683,224,5,Remplir vaincre palais tourner selon profiter par matière.,2021-04-08,5737
6684,66,1,En hiver cause beau question certainement calme créer fermer dos présent secours.,2022-03-12,3157
6685,1396,3,Mieux près détacher servir odeur juge.,2023-11-27,3485
6686,1443,4,Prêter rencontre paquet île surveiller calmer habitude entraîner.,2022-01-02,4629
6687,949,1,Étouffer cruel prix rassurer ministre genou vague employer dos parmi discours succès goût.,2023-12-17,3275
6688,605,1,Quel ombre ensemble secours près barbe enlever haïr construire demander couper.,2023-12-23,2029
6689,335,3,Présence santé mien détacher beaux quand posséder inconnu classe.,2023-02-26,2593
6690,1429,3,Satisfaire chair fonder crainte fermer brûler verre rapport papier afin de.,2022-12-02,5655
6691,1430,3,Interroger pourquoi homme descendre apparence plaindre dans espace peau charger notre.,2025-06-08,3038
6692,996,2,Jeu lit présent lorsque parler obliger peau guère.,2020-11-30,4266
6693,155,3,Apporter groupe papier importance l'une situation vêtir connaître dimanche sol mettre.,2023-03-30,324
6694,1248,4,Respecter mener recherche aile vite demain accent comment dégager curiosité folie rôle.,2024-07-12,5877
6695,809,2,Tomber sembler bientôt petit digne tout remettre oeuvre.,2022-02-13,5718
6696,496,2,Marché charger étrange fortune avec descendre complet nation prêt.,2021-09-14,2898
6697,935,3,Nombre empêcher long supposer désigner compagnon on cinq nuage or fruit par assister recevoir.,2023-05-23,5568
6698,642,1,Village rentrer sauter muet réfléchir nul commencer troubler vie faute.,2021-02-23,5523
6699,14,2,Un blond tuer effort cinq passé inventer chez observer arrêter cela ah morceau.,2025-12-05,5472
6700,679,3,Poser mauvais prix même causer aller sur réserver dehors écraser jeter.,2024-03-22,3266
6701,758,5,Trouver voler police de grave sentir auprès intérieur bon moyen animer.,2024-09-14,3165
6702,117,3,Lui violence rouge début davantage ah réclamer quelque terrible perte dominer.,2023-05-25,5526
6703,254,5,Passé système drôle point discours partir danser renverser.,2022-04-17,2703
6704,625,5,Protéger dame membre donc dormir passage.,2023-03-16,3234
6705,527,2,Prononcer étranger président gloire fille souffrir l'un ajouter sentier assurer.,2019-12-01,1185
6706,157,5,Reposer planche long parmi pourquoi même pareil même tâche importer fixer.,2024-11-19,2169
6707,1022,4,Avec camarade appartement mêler question éclat inutile soldat théâtre installer corde perdu froid.,2019-09-30,358
6708,291,2,Malgré cours ensuite sac aimer réel étrange réussir voisin tapis consentir.,2022-02-28,5990
6709,549,5,Danger fois voisin ferme marché eh vue.,2024-11-21,3772
6710,599,5,Résistance entier entretenir d'autres mari travailler vision imposer jeter manquer place très.,2019-02-10,1346
6711,304,2,Mince pur médecin éteindre rejeter pleurer.,2023-05-31,937
6712,1113,2,Empire haïr ajouter mois rapporter même haïr principe attitude parfois demi beaucoup plein malgré.,2021-10-21,2600
6713,1075,3,Beaucoup intention affaire sourire allumer pensée moyen siècle.,2022-08-24,4492
6714,1179,3,Atteindre pont oublier moindre aile enfance énorme dont tel oreille face rien trace.,2020-01-07,4087
6715,1049,3,Mériter profond autorité secrétaire croiser peur.,2022-07-31,2030
6716,753,2,Roi respecter âge rencontrer rapidement pied vision oeuvre chair réel carte bon.,2025-06-13,1647
6717,1198,5,Consulter voici mesure vous sable gouvernement propre ceci honte vérité dehors fusil sommet supérieur.,2023-01-23,1205
6718,790,1,Social grave tant d'autres million nouveau rire voie pauvre abandonner supérieur choisir compagnie.,2020-01-14,4102
6719,165,4,Lieu émotion fil conclure hauteur papier serrer jeune but enfin passage.,2024-12-24,2733
6720,988,5,Réflexion rejoindre front public maison moitié juste détacher.,2023-03-08,4352
6721,257,1,Cheveu tel science retirer indiquer arbre paupière admettre et supérieur combat instant.,2021-12-28,761
6722,22,3,Agir rideau recommencer tromper couche immense certain autour question comme titre sauver.,2024-03-16,2152
6723,57,4,Pauvre chair paraître ensemble général lisser protéger preuve.,2024-11-24,38
6724,922,3,Claire nuit juger large peau sein vivre suffire.,2025-12-10,2017
6725,1124,2,Détruire recherche assez jour ferme fuir fête appartenir fidèle connaissance.,2021-05-03,4592
6726,899,5,Peine aussi dame choix essuyer verre cause inspirer cours puis principe cou.,2022-07-26,60
6727,1497,1,Comment saint course dame tant vide secours fatiguer protéger contraire supporter françois rêver.,2024-12-24,4612
6728,1471,4,Dès jeune bois rentrer odeur sorte plan delà.,2021-11-24,628
6729,775,2,État bout égal fidèle port entier rire long.,2020-12-09,894
6730,976,3,Sauver causer surprendre regard habitude milieu.,2019-02-04,1643
6731,152,3,Nommer noir calme fils certain inviter dresser tôt.,2024-10-10,3076
6732,812,3,Empire éternel produire or doucement centre rencontrer accord.,2023-05-31,5502
6733,1400,4,De brusquement voix employer ça affaire même.,2025-05-11,242
6734,764,2,Fête tantôt montagne abandonner après réussir.,2025-09-22,4465
6735,1170,3,Animer chasser dehors toujours mine solitude.,2025-07-01,5571
6736,1056,4,Effacer devant dominer éprouver succès grand endroit glisser autrement beaucoup.,2024-09-18,1923
6737,1081,4,Embrasser serrer renverser trembler simplement essuyer dessus croiser lien d'autres.,2023-06-15,5864
6738,703,4,Court cas difficile marchand éclairer rang satisfaire oeil nation nombre bras.,2021-06-05,917
6739,1066,1,Regretter témoin mon curiosité savoir vert blond tempête début.,2023-07-20,1375
6740,1380,2,Violence enfin tôt former souvenir recherche rêve prier vieillard déjà exiger vivant.,2020-05-27,1509
6741,1081,4,Avis cent pierre oreille taire doux point miser.,2019-08-28,5359
6742,803,4,Endroit assister cruel puissant nommer anglais avec aller sous tantôt ministre lourd.,2021-01-26,5228
6743,237,3,Sommet assister bas importer confier hors choisir davantage maître.,2024-11-24,647
6744,424,2,Barbe fermer rouge brusquement passion grâce divers vouloir personnage.,2021-03-29,1298
6745,786,2,Allumer se main un promener résister centre content silencieux rideau dangereux dessiner travers.,2024-09-13,3173
6746,345,5,Quatre inviter beaucoup rapporter rapidement par marcher hôtel.,2025-04-19,4796
6747,630,4,Relation prison se sou commander approcher trembler raconter.,2022-09-10,57
6748,1470,4,Refuser repas besoin papa partager parfaitement expression répéter tomber emporter notre livre.,2021-10-01,305
6749,651,2,Simple éviter terre route dehors cabinet verre vraiment.,2024-10-22,2634
6750,881,3,Saint avoir personne celui empêcher creuser.,2024-05-07,4448
6751,1492,3,Magnifique cruel donner avec falloir public on travail aller époque nu long.,2020-03-13,5046
6752,930,2,Rêver franc accuser moyen pain toujours chemise représenter.,2025-03-23,140
6753,782,2,Tandis Que lien position parvenir discours membre là pareil devoir mur.,2021-12-28,5411
6754,1202,1,Prendre envelopper unique angoisse raconter tard attirer presser ventre étranger soir.,2022-04-21,2421
6755,683,2,Disparaître jeunesse droit longtemps jouer cependant présent sourd rapporter milieu secret.,2022-04-05,2294
6756,738,5,Bord chasser départ ferme suffire lit tête.,2025-11-17,2220
6757,1196,4,Rêve réalité retomber bord fort oh.,2019-12-12,2051
6758,1486,1,Immobile choisir échapper se image rouge.,2024-03-19,5419
6759,390,1,Promener son chat avance dimanche sourd habiter paix tandis que remplacer village exemple perdu.,2020-10-29,2955
6760,1068,1,Rapide saisir scène élément ramasser prince peine tenir police croix souvent là projet.,2019-02-06,2466
6761,684,1,Visite étaler prévoir contre ce troubler si morceau tromper façon protéger.,2021-08-22,325
6762,1479,4,Tour faible envoyer tombe faim davantage.,2025-09-21,1845
6763,306,1,Poste véritable couleur montagne douter esprit rouge dans.,2025-08-25,3275
6764,165,1,Pourtant propre représenter frais cabinet envoyer victime déjà fixer soit apporter.,2022-08-18,4019
6765,63,2,Amuser chance article grave manquer composer chiffre or.,2023-11-16,3883
6766,33,4,Passé genou joindre longtemps ne minute printemps charger bruit animer presque près.,2025-01-22,1474
6767,971,2,Âge parfaitement parfaitement robe obliger défendre environ second saint porter on jardin.,2020-04-24,5841
6768,337,4,Vraiment vers écarter engager sentier livre rompre.,2025-05-29,4812
6769,1249,4,Animer mettre durer vers simple plaine mouvement permettre obéir entendre tout humain assurer.,2022-01-12,1431
6770,1123,3,Tenter officier carte paraître sein sommeil rester sommeil grâce regretter souffrir tandis que depuis.,2021-05-01,171
6771,526,4,Personne avant sous visite leur après quatre joli je.,2020-12-04,1505
6772,1056,2,Docteur million placer preuve mémoire tandis que précipiter fonction qualité vide train.,2023-09-06,5624
6773,192,4,Fonder vers souffrance ailleurs saisir usage réflexion proposer distance tâche.,2021-10-18,4072
6774,1293,2,Vieux dehors éviter recevoir vert compter autour dégager ailleurs sans jamais second voisin.,2024-05-16,1206
6775,1421,4,Caractère crainte d'abord divers dur etc caractère chant écrire décider figure inquiéter.,2022-12-22,670
6776,994,2,Arrière trait veiller avoir immobile rouge autre intérieur soit importance réunir.,2025-08-31,4515
6777,511,3,Vêtement fer considérer saluer nom inspirer obtenir monter.,2022-10-26,3760
6778,464,2,Mieux occasion apprendre exposer assurer beau observer manger ça.,2025-05-06,1864
6779,1080,3,Imposer or détacher expliquer manger occasion exemple exposer absolu porter.,2022-04-23,1364
6780,600,5,Énorme victime voici mur déclarer essuyer chanter occasion morceau goût.,2021-04-06,3888
6781,1214,3,Détacher rouler compter jaune cercle tenter.,2025-07-13,5294
6782,1071,2,Fauteuil donner roche mer médecin calme chaleur nez milieu.,2025-02-25,2267
6783,862,3,Ton phrase déposer prêter espace ensemble plante d'abord.,2019-05-04,4179
6784,207,1,Rentrer toute police effacer toujours trésor apercevoir spectacle oreille.,2023-02-25,1310
6785,387,4,Prévenir jaune discours hiver rapidement corde barbe loi lui passion prince.,2025-09-07,3271
6786,1275,4,Vrai pauvre grave mais lit fille emporter auteur aucun premier drôle supérieur promener.,2024-05-12,5639
6787,607,1,Politique très sentier courant étroit foule debout magnifique creuser proposer genou qualité.,2023-03-25,5536
6788,1430,2,Drôle quelque arbre voyager humain ça leur cheveu trait.,2020-11-20,1075
6789,1292,2,Douter vieux curiosité maladie décider habiller loup.,2023-08-20,3646
6790,1143,3,Seulement éclater mois au véritable dépasser déposer réfléchir combat avec perte.,2020-05-14,2273
6791,929,4,Vide emmener affirmer peur surtout lorsque calme on appartement ferme.,2020-08-28,5268
6792,778,3,Gauche parmi confier parcourir cent devoir cercle du trembler étranger poser soumettre étendue.,2023-05-26,3551
6793,1463,2,Train rideau cri quarante conversation tout mal angoisse voilà réunir.,2022-08-30,3820
6794,1115,1,Pour un et lorsque saisir honneur jeune coup.,2023-02-25,5288
6795,749,1,Loup possible fort existence ennemi avancer autrefois.,2020-08-03,2100
6796,1050,4,Corps lequel afin de assister décrire demain fort peur coucher président.,2020-01-15,4331
6797,436,5,Céder mari recueillir phrase animer juger avant rejoindre défendre changement content.,2021-08-13,627
6798,249,3,Assister front rang masse proposer drôle charger rire remarquer.,2023-06-25,3636
6799,1491,5,Enfoncer mot fille dangereux voisin prince.,2021-03-05,5887
6800,545,3,Fonder guerre quinze combat construire crainte seconde valoir cheval poste foi lire déclarer.,2022-06-14,5945
6801,946,2,Terrain note rejeter espace siècle grand blanc lisser dominer.,2022-01-25,1078
6802,508,4,Coup voyager perdre court devant promener emmener user village durant.,2024-10-08,4497
6803,370,4,Signer prince devant commencer vers seul réfléchir premier approcher protéger hier placer.,2024-08-29,5137
6804,1118,4,Général faute enfermer accorder saison un rond claire souvenir matière.,2025-09-04,482
6805,673,1,Maladie ensuite parcourir vision or écouter causer drame doux robe particulier soin.,2023-09-16,4859
6806,957,3,Enlever sac haine quatre jeu engager as.,2023-01-07,827
6807,766,3,Journée un rose éclairer époque pont puis service.,2024-03-11,5550
6808,1131,5,Source jambe terreur est mur cacher son.,2024-12-15,4901
6809,1240,5,Plein debout doux chaîne espoir souvenir vieil mon humide porte ruine.,2020-11-17,4192
6810,835,4,Chemin maladie tranquille idée recommencer ouvert banc mort.,2023-07-07,583
6811,1181,1,Danser immobile saisir rester lisser exiger autrement indiquer aide ajouter cent dès parti.,2023-05-12,2060
6812,788,1,Toi atteindre prétendre subir retourner million six sable.,2022-04-02,384
6813,891,5,Accord trésor emmener existence hiver tache tard noir rassurer docteur appel.,2024-08-02,55
6814,474,3,Ensuite tenter vouloir accompagner vert fatiguer comme revenir rejoindre succès revenir glisser naître.,2025-09-30,4162
6815,545,3,Eh fait colère rayon nul petit qui contenir.,2020-05-12,4409
6816,1179,5,Rentrer français fait ceci travailler voisin monter veille il chemin.,2021-06-19,3021
6817,746,2,Trace vraiment mourir français notre proposer gouvernement.,2022-06-19,4321
6818,65,4,Voici nul danser sentier digne fait devant secret diriger miser consentir.,2020-06-14,844
6819,234,3,Poussière lutter seuil mot beau cruel promettre échapper sommet ministre verser bras.,2022-06-06,1699
6820,263,4,Occasion changement lendemain action oeil valeur rose énergie avance charger combat enfant compter.,2019-03-08,1692
6821,1233,3,Voiture trait de corps présent réduire faible partager roche bien nuit occasion lentement.,2025-08-18,5220
6822,1316,3,Geste lui magnifique sombre vendre pain consentir scène histoire réduire troubler subir quoi.,2019-05-07,3041
6823,108,3,Écraser arriver chaîne avant inspirer exemple.,2024-02-23,1010
6824,500,5,Gens vin nourrir cabinet faible bonheur silence achever fixer faible subir or.,2022-11-18,1179
6825,427,3,Simple d'abord mener accuser auprès scène roche or entendre problème calmer parfaitement.,2019-10-18,3673
6826,221,2,Barbe heureux chaud choisir patron claire.,2022-11-04,3656
6827,770,3,Songer dangereux être celui afin de confier bleu.,2023-09-03,4291
6828,907,2,Appeler hauteur étendue revenir acheter français quitter long.,2023-05-07,4631
6829,799,1,Rapide lumière inspirer tout décider humain.,2024-08-18,3568
6830,735,4,Droite user nécessaire camarade pleurer entier inventer train produire retour taire couvrir dame.,2020-12-09,3949
6831,93,3,Remarquer devoir contenter relation confier soldat gris attention détruire.,2023-03-15,5079
6832,330,1,Robe semaine affaire distance près lendemain.,2025-12-10,3613
6833,661,2,Point quelqu'un âme un soi oeil ajouter paraître bras faire bande selon.,2025-10-10,1686
6834,105,1,Cuisine transformer penser désigner engager loin soi amuser respirer.,2019-04-04,68
6835,176,3,Personne lettre divers ceci accompagner coeur renoncer neuf.,2020-05-15,5096
6836,212,4,Témoin confier réserver continuer imaginer former éprouver quitter million baisser demain émotion.,2024-01-16,2137
6837,308,3,Détruire intelligence jouer colère par aspect ruine victime dangereux marchand disparaître.,2024-02-02,128
6838,841,2,Rocher consentir offrir détacher résultat lendemain tour coin monde paysage.,2023-02-05,4939
6839,1246,4,Entraîner voiture rencontre planche madame doigt toit enlever.,2024-08-24,3524
6840,268,5,Pluie ramasser tromper inventer entrée exprimer doute franc creuser règle air chant pourquoi.,2022-02-11,4080
6841,1168,4,Officier un parcourir semblable plein rose million chaîne tendre seul planche devant.,2023-05-01,2310
6842,1247,2,Temps champ lire effacer durer horizon.,2022-02-06,1791
6843,420,2,Vol oublier obliger menacer désespoir étrange miser quant à garçon désormais façon rompre.,2020-07-16,5512
6844,1054,1,Je sauvage quelqu'un prendre nom recevoir fatiguer étage autour.,2023-12-11,1234
6845,1473,5,Déchirer éclat est ajouter installer surveiller éteindre souhaiter goût important coeur espoir autrefois.,2021-10-09,3715
6846,704,2,Lettre disparaître seigneur détacher respecter lever sourd haut banc relever durant.,2021-12-02,3872
6847,85,5,Exemple descendre coûter si afin de semaine gris.,2020-12-21,4834
6848,845,2,Sommet problème pourquoi tour tour obtenir environ pays image prévenir mensonge couleur.,2025-04-14,5417
6849,391,4,Joie soumettre cri confiance pousser doigt fatiguer.,2025-11-28,3057
6850,664,5,Race étage alors doucement poids remarquer planche aspect action empêcher besoin absolu autour.,2019-10-07,1686
6851,720,3,Médecin un voyager entrer silencieux garder auquel image chaleur eh large.,2019-04-08,4882
6852,83,4,Attaquer fonder chute saisir prochain un porter jaune presser vin traiter.,2021-04-19,3684
6853,704,2,Soir éteindre claire été mariage obtenir oiseau amuser.,2023-01-15,2922
6854,118,1,Beaux terme révéler travail puis droite préparer énergie herbe reconnaître palais sortir courage.,2023-08-23,2277
6855,90,1,Argent tromper fixer aider ministre connaître mouvement.,2023-07-06,1614
6856,1426,1,Arrière six colline vingt espace car île prochain l'une secours nature système.,2022-12-30,5695
6857,1269,3,Risquer partie faute chacun considérer changer beaucoup charger mort million oser politique court chasse.,2025-01-17,1366
6858,1486,1,Approcher printemps rapport pouvoir haut hiver.,2025-08-06,1796
6859,1200,4,Avec vers livre loup proposer interrompre surveiller dos lumière scène maintenant travers véritable.,2025-01-26,3891
6860,573,4,Gros ciel crier pluie cacher forêt.,2019-04-03,793
6861,852,1,Tour visage peuple juger lourd dent supposer clair été déchirer tomber énergie guère.,2021-05-14,1246
6862,870,2,Agir entre dent large chat présence partir dehors voisin ramasser violent présence.,2023-07-21,2508
6863,225,3,Comment entrer puis certainement expression joue solitude rond suffire.,2021-04-22,3521
6864,103,2,Visite or loup autrement mon durant mon.,2020-03-09,5610
6865,483,1,Déclarer art ensuite genou peine mensonge façon obtenir devoir reprendre garçon.,2021-06-05,3969
6866,1459,4,Deviner répéter terminer enfermer vite commander prochain billet.,2019-07-12,2807
6867,867,5,Semaine oiseau réserver grand étonner chute politique proposer.,2025-10-23,1910
6868,869,4,Chasser question public centre confier vivant drôle pourtant accent planche soir habiter paupière.,2021-03-15,1
6869,1397,4,Rappeler jeune renoncer parole corde troubler importance tromper aucun profondément.,2019-11-20,755
6870,453,2,Arriver papier valoir vieillard classe observer vers charger vaincre glace construire prière trace.,2019-09-02,4454
6871,15,3,Combat force poche politique veiller compagnie curieux.,2024-01-05,1892
6872,1471,5,Renverser demain bien certain signer lien.,2022-08-06,5263
6873,939,5,Quartier intérieur consentir lorsque noire front retourner autrement défaut qui hasard manquer longtemps.,2023-08-28,4627
6874,1150,2,Porter nature découvrir trois trou inconnu musique puisque feuille assister.,2022-06-27,5757
6875,1045,3,Plaine mériter jouer disposer réclamer article chant couvrir construire nul haut remplacer complètement.,2019-10-31,3824
6876,415,4,Préparer odeur signe ancien interrompre hésiter trou mort doute beau exister parent.,2022-07-07,1385
6877,320,4,Ministre tendre adresser but beauté marquer.,2020-12-11,4209
6878,1227,3,Lui deviner mener couleur vague précieux confondre éclater croix calme terrain petit.,2024-07-23,2474
6879,18,4,Cesse important surtout décrire fine pauvre souvenir recommencer ton sens résultat.,2021-06-03,2655
6880,1367,5,Différent ou ton caractère position parce que poète étonner.,2021-06-25,5050
6881,145,5,Offrir on premier chant haut plaisir personnage placer condition désigner commander.,2019-09-24,2579
6882,280,4,Existence façon attitude profondément contenir neuf traiter public page découvrir malheur maintenir chacun.,2021-07-27,707
6883,1003,4,Que partager impression dimanche avec oiseau attacher sourire enfoncer détail figure corps masse.,2021-09-17,5189
6884,714,1,Haut promener ville certain phrase jusque quinze reste jaune.,2020-03-28,3148
6885,975,2,Confiance réduire poussière ceci siège silence hauteur dieu descendre gauche.,2020-02-20,5746
6886,1141,5,Mort éprouver effort fond sembler quelque autrefois prier cinq exemple me pays.,2024-09-13,1879
6887,1103,4,Dresser chair envelopper lutte parfois paquet.,2025-06-03,3979
6888,19,5,Lettre recommencer supérieur puis parvenir prouver disparaître.,2019-08-28,4839
6889,497,3,Douter souvenir chez aspect entier sol habiller bon.,2020-08-26,197
6890,318,5,Subir saint troubler blanc étage connaissance apprendre attacher curiosité silence.,2019-08-18,344
6891,357,5,Jardin enfant quarante précis idée partager coin.,2021-11-10,476
6892,750,5,Endroit répandre grandir manquer malheur violence résoudre lors armer mariage pont prêter arrière.,2019-06-10,1841
6893,165,3,Plaindre voisin drôle demain parfois faute attirer colline ancien important lentement bon conduire.,2022-03-15,2001
6894,527,4,Posséder siège arrière droite rose auteur façon vieux.,2019-03-04,4766
6895,23,3,Plein habitude tour avis saisir glisser rang maladie.,2023-05-05,3498
6896,147,1,Autre vivant chant révolution fusil vent jeunesse.,2019-05-16,4186
6897,1285,1,Aile depuis supporter autre bientôt pendre fauteuil.,2019-05-08,990
6898,1190,4,Instinct tâche confier fonction étrange banc humide sérieux paysage foule devenir vide.,2023-05-06,2602
6899,1265,3,Tromper agent moment bataille guerre rapidement histoire réduire parvenir depuis.,2024-07-16,1359
6900,1417,4,Voyage lit résister droite bas verre seconde.,2025-04-16,3928
6901,154,2,Soit sommeil but public fauteuil prétendre frais ouvert.,2021-11-02,2532
6902,447,4,Accord descendre au demain eaux pierre condamner madame muet voix.,2022-05-13,5984
6903,709,5,Même porter général attention que préparer essayer obliger sien aider habitude.,2024-06-26,4955
6904,1059,3,Repas fixe depuis condition soleil action attendre question port hôtel bien épais.,2024-11-13,4844
6905,240,1,Prévenir personne nommer tromper ami froid soirée pitié vif tout bout coûter établir.,2019-03-07,2738
6906,737,2,Rencontrer sonner ou étranger emmener regretter page claire barbe.,2022-11-27,2489
6907,818,2,Selon causer bord installer garder prier profiter sable fine branche.,2019-06-23,2013
6908,1011,5,Ensemble propre troisième prononcer travers tu créer dangereux famille anglais yeux entraîner curieux.,2025-07-31,5191
6909,435,1,Cinquante fou neuf parole huit arbre histoire garder soutenir.,2024-05-20,1602
6910,1205,4,Importance service forêt signe fine drame joindre.,2020-10-20,1080
6911,1184,5,Défendre tendre saluer dimanche qualité lentement nouveau rideau pénétrer cesse allumer discours absolument.,2023-12-08,3251
6912,752,3,Doigt condamner courage victime joue droite.,2024-05-25,1490
6913,1058,3,Marcher repousser résoudre monter enfermer demain folie marche humide.,2021-03-18,1514
6914,726,5,Croire exprimer accent réfléchir avec inquiétude vingt comme vingt naturel rejeter lequel bas.,2021-07-03,1205
6915,1108,2,À lettre traiter demande mari billet vingt refuser toucher quitter enfance succès décider.,2024-07-17,5462
6916,537,5,Corps coup éclater français pourquoi sombre digne posséder.,2022-08-18,4638
6917,1242,2,Avant pouvoir connaître vin et hôtel contenter vert cheveu robe.,2021-03-17,4993
6918,593,1,Satisfaire inconnu bois chef construire étude ainsi devant selon dégager tomber ce nécessaire.,2025-12-06,1019
6919,1340,5,Reposer social presque eaux inviter ciel flot mémoire fou parvenir.,2021-12-13,35
6920,636,2,Yeux intelligence attitude où rue imaginer avouer principe.,2024-09-22,2306
6921,101,1,Pays rentrer répondre quelqu'un vue certainement branche devoir obéir.,2022-04-07,2152
6922,258,3,Arme plus sous mon réveiller part.,2024-09-21,889
6923,1248,4,Impression subir poche impossible ce devoir marcher sauter figure salle erreur carte exemple.,2024-10-03,1439
6924,375,2,Étaler ah étrange groupe neuf dehors souvent dégager attitude drame visite.,2022-08-18,5558
6925,832,2,Religion attitude jardin emporter caresser inspirer toute mourir heureux confiance.,2022-04-11,4621
6926,1011,2,Soit depuis chasse dent appartement surprendre aide.,2023-09-29,1816
6927,400,4,Chacun assez école doute au lourd nez durant naturel hasard réel demande.,2024-05-19,4259
6928,1148,5,Nouveau son en dix chaud trois surveiller effacer notre vivant.,2025-01-30,3721
6929,923,3,Herbe tenter employer existence engager rapporter joue santé succès relever minute morceau pas.,2021-02-09,5036
6930,817,1,Hors bras moi humain bois arracher.,2019-12-30,2836
6931,1490,3,Quoi souvenir plonger naître campagne chant guère mal.,2020-04-13,4458
6932,669,1,Plaindre lequel présent moyen souvent danser précis.,2022-10-18,3200
6933,585,2,Endroit autre maison noir étendre même déjà votre en forme appartement dent.,2020-04-29,2693
6934,1018,4,Bureau interrompre rendre lors malgré lettre calmer demi.,2022-02-08,1089
6935,129,1,Payer couleur trois place parti alors jouer calme acheter billet pur.,2024-06-29,4524
6936,983,5,Commander oeuvre éprouver ça fin arrière violent sauvage papier agiter franchir.,2020-08-21,1082
6937,575,5,Chance distinguer moment arrière année supporter supposer sourire île.,2023-06-27,932
6938,312,3,Soulever coin escalier dent chez endroit grâce.,2025-03-03,1495
6939,384,3,Coin tant frapper bras quand occasion douze.,2019-09-17,5585
6940,928,4,Prier connaître révolution accomplir semaine peuple coûter autorité fil vol docteur nerveux le.,2019-05-16,2760
6941,904,5,Soldat coucher dans visible cours matière inconnu contre soit connaissance.,2023-11-15,2249
6942,528,1,Plaine fruit paquet madame étonner cheval hauteur souvenir droit nombreux éternel beau éprouver.,2023-11-28,677
6943,1329,3,Instinct souhaiter fauteuil amener devant toi préférer tôt bon rencontrer escalier presque succès.,2022-02-07,4756
6944,1222,5,Dominer recommencer odeur corde regard quinze trois devant haut fumée.,2020-05-04,929
6945,1070,1,Vol dormir rond force effort savoir fier instant anglais.,2020-08-08,27
6946,276,1,Enfoncer inutile voyage mourir affirmer révolution mourir oreille.,2024-09-14,34
6947,1266,5,Marche risquer sourire pluie important étranger profiter auquel pied spectacle gens.,2022-06-02,4586
6948,637,5,Événement marcher oiseau prévenir vif long ramasser visible adresser haute seuil tourner professeur.,2024-08-14,3075
6949,1364,2,Éprouver rapport désespoir éteindre nu ensuite bout apercevoir réponse société soumettre user mien.,2025-01-28,3760
6950,1104,5,Vendre retrouver quatre après attendre chute véritable subir charger succès enfermer compte.,2025-06-14,26
6951,559,1,Page fermer fait pourquoi mien soutenir renverser quitter croix cher.,2020-12-05,3316
6952,839,2,Doute troubler même rouge plus nom règle haut demain écarter.,2025-06-03,5144
6953,1164,4,Étude sens pauvre maintenant plaine rocher endormir.,2021-10-23,69
6954,228,1,Pendant demander résoudre mériter maintenant lourd toute serrer.,2022-12-28,2812
6955,828,1,Exemple proposer employer jardin près imposer.,2023-03-22,3046
6956,813,2,Saison fois oncle histoire mon droit chien journal tuer pouvoir distinguer nul sous.,2025-05-10,3392
6957,1018,2,Enfin coûter bande pleurer se dos blanc digne même.,2019-04-25,4500
6958,1032,5,Promettre même visage an beaucoup devant.,2020-10-04,777
6959,1168,3,Grâce rond faire intérieur parvenir changer général chemise désespoir habitude couler.,2022-01-12,5897
6960,1001,2,École sauter rond agir parti aucun taire circonstance fatiguer pas caresser marquer.,2019-07-14,5472
6961,759,3,Auprès battre ignorer sembler humain lourd intéresser égal dangereux.,2021-03-06,649
6962,743,3,Ministre aide général fin drame chien circonstance passion premier.,2023-04-21,789
6963,1046,2,Apparence horizon pouvoir car lequel faux.,2023-03-24,400
6964,415,2,Puis joue lumière eh public oeil tranquille général prochain réserver.,2019-03-19,2202
6965,353,5,Personne diriger quoi d'autres bande crier menacer même juge pluie agiter amuser envie.,2023-01-12,3318
6966,934,2,Groupe pensée couler bon disparaître lequel après trésor commencement françois plaindre atteindre etc.,2024-10-28,2961
6967,894,1,Désespoir rare connaître réveiller dent usage lors échapper vaincre suivre entrée.,2023-02-06,3390
6968,537,1,Nous port toucher partie beau rire.,2019-05-04,923
6969,1023,3,Course le monde contenter accuser pierre histoire chaîne comprendre oncle étouffer quitter.,2025-01-06,1495
6970,1206,4,Répandre rose ajouter jeu haute moyen comme demain haïr mal plein ennemi cinq.,2021-07-26,3474
6971,202,5,Dominer joie magnifique retour amour terme âgé lequel erreur soi arrêter.,2022-04-24,3589
6972,472,3,Tout étendue traverser courir suivre sou.,2025-03-04,5916
6973,123,4,Ami lendemain disposer terrain chez type façon renoncer rond davantage général.,2023-12-20,2168
6974,788,4,Colère le tomber envoyer quart tomber autre époque.,2019-08-24,2310
6975,318,3,Marché état agiter trou petit vite prendre espèce caresser défaut cheval veiller.,2019-12-03,963
6976,112,4,Chasser voisin mode chair vide fort journée ouvert saison éprouver eaux autorité.,2020-09-15,5433
6977,434,5,Retenir dos envie cas demeurer grave théâtre.,2021-10-25,783
6978,1463,4,Peuple lutte que voiture accomplir calme.,2019-03-21,3667
6979,1390,5,Accorder genre caractère précieux pendre monde un sauver nombreux chiffre eh quitter.,2020-04-11,2397
6980,297,3,Dormir ferme connaître court coin mort côte joue demande vêtement un interroger.,2020-10-07,1050
6981,1487,2,Personne présenter joindre sombre dix satisfaire respect couler mer face prêter ainsi.,2023-03-22,1652
6982,618,4,Noir poésie soumettre tache goût rien.,2024-08-03,4892
6983,869,5,Habiter essuyer bien sentier façon tourner voisin tromper placer garçon.,2021-11-22,1279
6984,281,4,Mort entraîner anglais reprendre liberté certain aller vif douleur.,2023-08-12,3071
6985,85,5,Imposer dos divers briser tant douceur arrêter remettre prière même classe.,2022-12-16,841
6986,1354,3,Chaud sombre porter rêve ville traiter part.,2020-08-20,2235
6987,686,1,Réponse soumettre tout fortune hôtel devoir exécuter noir tel solitude.,2020-01-23,1432
6988,1169,3,Paysage jusque échapper crainte présence près siècle dresser le figure dame jardin très.,2024-11-16,3738
6989,935,4,Doute homme jeune contre manier jambe.,2022-10-18,5801
6990,32,2,Gros goût nord oncle compter aimer éprouver se présence consentir.,2019-09-23,2269
6991,33,1,Métier tellement en vivant quelqu'un vieil vêtement préparer nombreux mal mine.,2022-12-17,1255
6992,491,2,Douter tromper fleur puisque moindre commencer défaut partager.,2024-07-23,2516
6993,1174,2,Résister porter femme fauteuil mourir tête paysan abattre gauche poids effort tuer.,2024-09-19,3455
6994,94,4,Dire taille taille plante réfléchir fonder ensemble paysage mode éclater.,2024-10-01,2008
6995,214,5,Double lutter même alors relever volonté rapidement preuve chemin éloigner.,2019-03-19,5975
6996,253,4,Toi salle paysan joie tel dos fenêtre.,2020-11-28,1349
6997,1234,5,Patron près vêtement prix commencer lit ouvrage attirer traverser même roche sombre.,2019-12-28,2395
6998,995,2,Terreur six tempête exemple village dépasser compter peu nombre.,2022-08-19,3231
6999,485,4,Rassurer remonter goutte cinq tant manquer juger.,2022-04-12,1839
7000,28,3,Palais de haïr tempête pain admettre ruine voilà.,2021-07-27,2052
7001,667,3,Pierre pour savoir habitant action ça étouffer tuer.,2024-11-30,883
7002,1182,4,Longtemps marchand gouvernement problème nombre habiter.,2021-08-19,262
7003,442,1,Angoisse inquiéter indiquer dernier pays mien.,2023-05-04,3745
7004,1243,2,Lutter promener désir roi clef mien tel ancien pauvre si que amour jusque.,2020-11-02,3315
7005,886,1,Accord aussitôt apercevoir parti pauvre même porte que bas île.,2022-03-13,1512
7006,52,2,Le cause famille payer exécuter fête absence attacher pourquoi.,2022-05-27,4533
7007,121,4,Chercher seulement accrocher ennemi réel quelque fier but si seul gloire intention.,2022-07-02,1016
7008,263,3,Dégager accord ce autrement soit rôle phrase livrer éprouver million.,2019-07-14,2167
7009,1240,5,Croix herbe contre chaîne assurer remplir route conseil chaleur quelqu'un chaise risquer.,2023-12-08,390
7010,449,1,Dernier sentiment sens compter calme reconnaître paquet colère monter un.,2022-11-12,2775
7011,740,4,Promettre briller fin preuve enfermer franchir l'une prix.,2025-06-19,2037
7012,1461,5,Proposer apparaître valeur apporter détacher fidèle suffire état interroger folie beau succès.,2023-06-26,5038
7013,982,5,Vieux agiter repas or crise ferme pencher subir malheur chercher présent barbe.,2020-06-23,2956
7014,1050,2,Demain doucement troubler joindre changement casser train certain trembler.,2020-02-12,1556
7015,651,5,Exposer embrasser oeuvre flot point main attendre frère durant magnifique science.,2022-01-21,2453
7016,50,2,Interroger abandonner année discuter attirer circonstance appel observer.,2022-10-11,5690
7017,424,1,Confiance étendre malgré figurer début disposer.,2019-01-31,4735
7018,485,4,Songer sentier discussion nourrir chaleur jamais présence pouvoir devant hauteur pendant taire souvenir.,2022-01-01,2175
7019,281,3,Maintenir sérieux problème expliquer porter palais éclat.,2020-07-26,1366
7020,717,5,Vous vision contenter source malgré que soi quelque dormir.,2020-12-09,3707
7021,1246,4,Content parent remarquer respecter terreur cabinet grand vérité.,2020-10-01,2495
7022,490,4,Ton composer toile souffler poser faveur enlever.,2020-01-12,4015
7023,680,3,Malgré franchir alors bande ici cheveu cheveu vite attaquer calme angoisse atteindre.,2023-08-11,3016
7024,644,1,Temps mariage passage dos écrire race.,2021-08-28,2315
7025,814,3,Rappeler aussitôt affirmer cher pénétrer crise gens.,2019-02-18,4301
7026,829,3,Juste appartenir saisir air seul officier.,2025-03-20,908
7027,190,4,Quelque tomber oeil bout éclater se.,2024-05-06,5010
7028,1298,4,Parler large histoire exemple petit longtemps poste un secrétaire calmer fortune commander.,2025-04-05,5827
7029,790,1,Signifier poser brûler vague lisser obéir fils ami.,2025-06-30,3525
7030,380,5,Reste aider inconnu paupière détail demeurer exister.,2019-08-17,3412
7031,23,1,Charger plutôt trois habitude aucun ombre je feuille maintenant impossible.,2020-11-07,75
7032,1445,1,Genre danser brûler entrer âme joue sept fidèle long tôt.,2025-06-27,2390
7033,527,1,Cerveau violent boire signe valeur ouvert prévenir marier.,2023-11-07,2389
7034,884,5,Tempête ombre douze payer salle horizon amuser poursuivre.,2020-01-02,5926
7035,976,1,Dangereux seulement lueur fonction chair précis saint un quelque lourd marier question.,2019-02-03,2380
7036,54,1,Serrer quinze maintenir de chose mémoire reculer.,2021-08-10,4849
7037,912,5,Lui parfaitement scène juger rencontre liberté suffire apercevoir six tenir haute cependant mêler.,2019-04-03,533
7038,902,3,Drôle vieillard désir tellement même sauvage état.,2023-09-04,4436
7039,384,2,Reste montrer engager dos doucement tout glace juge intérieur garçon perdre abattre accord.,2025-09-28,230
7040,222,2,Cerveau guerre bras présent noire peine.,2022-01-13,88
7041,233,2,Craindre tandis que vers fait ramasser trou rêve traiter.,2019-12-19,519
7042,286,1,Servir assez expression confiance croire maître plaindre après.,2023-01-08,1158
7043,611,1,Mal désormais demain tandis que vide bien.,2023-06-24,5510
7044,113,5,Voyage d'autres demander nord naturel général baisser retrouver moyen paraître loi figurer situation.,2024-04-29,3484
7045,466,2,Attaquer soudain cause valeur mériter lettre pointe posséder inquiétude coin apercevoir convenir emmener.,2022-05-01,4211
7046,965,2,Contre camarade frapper douter autre école homme est.,2025-04-23,5157
7047,1262,5,Existence auquel tourner midi conseil quel appartement.,2019-02-13,5180
7048,287,1,Nom toi quand intelligence foi pourquoi douceur classe ressembler pareil demi renoncer.,2025-08-16,789
7049,922,5,Étendre blanc amener près après acte enfance comme sentir coeur politique finir debout.,2020-10-20,4221
7050,1280,3,Craindre conversation représenter papa devenir intéresser dans durant user prendre là.,2022-02-08,2294
7051,64,1,Émotion point mort endormir nourrir travers garde rentrer annoncer remonter.,2020-05-01,80
7052,905,4,Santé neuf fenêtre de chiffre accorder journée vague embrasser avant construire dieu.,2021-03-25,5580
7053,1289,2,Ouvrir histoire combat en contre lendemain contraire déclarer.,2025-02-13,1946
7054,403,1,Vieux animer envie esprit signe nu geste adresser.,2021-11-18,1205
7055,444,4,Vers toile vieux suffire vingt obéir lutter.,2023-12-19,4488
7056,1447,5,Partie couleur chaise lieu personne quant à complet terrain garçon cerveau appel caractère.,2023-02-28,3143
7057,209,4,Assurer île montagne plutôt acte corde leur beaux frère loup branche battre taire.,2025-06-02,1701
