id_commande,id_client,date_commande,statut_commande,montant_total,mode_commande
1,2774,2022-03-28,en cours,924.62,web
2,1718,2022-01-07,échouée,1049.49,mobile
3,3802,2020-11-22,expédiée,280.14,web
4,5335,2020-10-07,livrée,462.68,mobile
5,5010,2021-04-03,en cours,262.44,web
6,648,2025-12-14,échouée,641.88,web
7,5849,2025-09-13,échouée,1302.04,web
8,5666,2025-07-09,expédiée,1923.63,web
9,4506,2019-03-16,livrée,187.18,web
10,3110,2020-05-19,expédiée,1388.97,mobile
11,5088,2024-12-28,expédiée,676.93,mobile
12,60,2025-09-18,échouée,1461.12,web
13,5745,2025-02-20,échouée,1981.45,web
14,5331,2022-09-19,expédiée,757.12,web
15,5874,2025-02-19,en cours,158.66,mobile
16,248,2022-06-10,expédiée,494.29,web
17,3898,2023-04-07,en cours,302.64,mobile
18,4683,2023-04-17,en cours,161.08,web
19,35,2020-01-07,livrée,1476.27,mobile
20,3423,2022-11-27,échouée,1316.29,mobile
21,5173,2022-03-20,livrée,751.14,mobile
22,1021,2023-12-20,expédiée,1302.02,web
23,3320,2023-10-06,en cours,1230.63,web
24,2660,2023-10-08,livrée,397.17,mobile
25,5053,2022-10-06,expédiée,834.62,mobile
26,4741,2022-09-05,expédiée,1456.24,web
27,5555,2024-02-18,échouée,86.7,mobile
28,1366,2021-08-17,échouée,1129.51,web
29,1392,2024-09-16,expédiée,83.6,web
30,61,2022-01-27,expédiée,1231.34,mobile
31,1823,2024-11-08,livrée,1113.28,mobile
32,3287,2021-12-25,expédiée,1117.6,web
33,3395,2020-07-24,échouée,431.76,mobile
34,5360,2021-06-23,livrée,462.2,web
35,4209,2022-02-25,en cours,1810.9,web
36,2524,2023-07-01,échouée,1680.12,mobile
37,1460,2024-04-02,en cours,486.99,web
38,4188,2025-03-04,en cours,841.05,mobile
39,5453,2019-06-17,expédiée,639.68,mobile
40,4748,2020-02-29,en cours,1403.7,mobile
41,959,2021-10-29,livrée,1681.5,web
42,3527,2020-09-08,échouée,425.04,web
43,1319,2024-02-20,livrée,854.75,mobile
44,3571,2022-04-25,expédiée,434.02,web
45,5936,2020-02-13,livrée,628.86,web
46,2968,2024-09-06,échouée,1886.29,mobile
47,3779,2022-07-27,échouée,1307.54,mobile
48,775,2019-06-08,livrée,653.11,mobile
49,3369,2019-12-21,échouée,414.34,web
50,3872,2020-12-18,expédiée,1152.27,web
51,5112,2020-06-13,livrée,1311.86,mobile
52,5161,2023-04-27,échouée,615.34,web
53,2098,2019-07-18,en cours,282.63,mobile
54,3976,2022-04-02,échouée,231.75,web
55,637,2021-07-26,expédiée,1360.47,mobile
56,1450,2023-07-03,livrée,1382.38,web
57,2199,2024-12-26,livrée,1227.07,web
58,4080,2019-08-29,échouée,596.41,web
59,4876,2025-02-24,expédiée,113.12,mobile
60,4656,2024-06-18,expédiée,1023.58,web
61,4928,2022-09-09,expédiée,914.87,mobile
62,4252,2021-01-05,expédiée,786.71,web
63,4318,2025-03-15,échouée,1381.53,mobile
64,3637,2025-12-17,expédiée,1701.28,web
65,1045,2019-07-04,expédiée,391.35,mobile
66,1369,2023-07-24,expédiée,140.73,mobile
67,1696,2024-09-05,expédiée,730.27,web
68,2867,2023-07-06,en cours,830.95,mobile
69,4675,2025-05-13,expédiée,1761.71,web
70,2441,2023-10-27,livrée,1201.58,web
71,1480,2019-05-12,livrée,927.66,mobile
72,4342,2025-11-14,livrée,678.01,mobile
73,1849,2025-06-29,en cours,1748.25,mobile
74,1833,2025-08-19,échouée,1630.39,mobile
75,5129,2023-01-30,expédiée,444.93,mobile
76,2218,2025-03-27,échouée,31.66,mobile
77,4652,2025-07-06,en cours,567.97,web
78,3659,2019-10-18,expédiée,1616.92,web
79,2612,2023-04-24,en cours,921.49,mobile
80,4106,2021-04-20,expédiée,1194.77,mobile
81,1431,2019-09-17,en cours,1167.38,web
82,5706,2022-02-24,livrée,1456.34,mobile
83,4443,2019-08-13,livrée,1845.81,web
84,4853,2020-07-24,en cours,838.42,web
85,3551,2020-05-13,en cours,1508.77,web
86,154,2021-09-27,en cours,1134.75,mobile
87,316,2021-01-10,échouée,425.23,mobile
88,1850,2021-07-07,livrée,1475.37,mobile
89,3864,2022-05-21,livrée,550.17,web
90,385,2020-09-26,échouée,432.0,web
91,1698,2019-09-12,livrée,880.23,mobile
92,2870,2020-07-20,expédiée,1937.35,mobile
93,2731,2019-05-13,livrée,1110.4,web
94,4967,2020-02-11,livrée,1928.61,mobile
95,2727,2022-12-11,en cours,1639.37,web
96,2359,2019-09-07,livrée,866.3,mobile
97,2789,2023-02-23,échouée,998.27,mobile
98,2934,2024-09-23,échouée,607.59,mobile
99,2749,2025-06-10,échouée,944.69,mobile
100,4561,2019-11-26,en cours,702.6,web
101,2750,2019-06-09,livrée,1868.03,mobile
102,4200,2023-04-19,livrée,1615.55,web
103,4617,2020-10-09,livrée,1120.83,web
104,2309,2023-09-14,en cours,1332.44,mobile
105,3347,2025-09-17,en cours,479.93,mobile
106,1780,2023-05-23,en cours,1508.03,mobile
107,5743,2022-12-16,échouée,851.54,mobile
108,2376,2023-06-25,expédiée,1797.3,web
109,932,2020-12-07,expédiée,606.81,mobile
110,723,2021-04-07,expédiée,1205.57,web
111,1169,2024-02-09,livrée,1744.47,web
112,3001,2020-04-20,expédiée,695.12,web
113,573,2020-11-01,échouée,384.4,mobile
114,320,2024-05-25,en cours,1654.81,web
115,653,2020-02-16,expédiée,1084.54,mobile
116,5578,2021-03-16,expédiée,1979.9,mobile
117,1210,2025-09-14,livrée,1804.4,mobile
118,3937,2023-01-22,expédiée,197.69,mobile
119,1307,2024-04-28,expédiée,305.95,web
120,4075,2020-03-25,expédiée,71.14,web
121,274,2022-12-20,en cours,517.35,web
122,4812,2025-09-21,livrée,1470.0,web
123,2891,2023-09-16,livrée,793.57,web
124,759,2020-11-03,échouée,747.27,mobile
125,2522,2019-07-06,expédiée,1244.56,mobile
126,3838,2019-08-31,échouée,410.2,web
127,3057,2021-10-15,expédiée,1653.0,mobile
128,1266,2019-09-04,échouée,1260.23,mobile
129,1907,2023-05-24,en cours,1782.12,web
130,1056,2022-07-18,livrée,1823.45,web
131,664,2023-11-16,livrée,1555.0,mobile
132,4709,2020-01-10,échouée,1212.38,mobile
133,2709,2019-04-12,échouée,1137.35,mobile
134,3572,2023-06-07,échouée,1032.26,mobile
135,5808,2023-11-07,échouée,1679.08,web
136,5441,2023-08-21,en cours,1255.0,web
137,3753,2023-04-02,échouée,1566.54,mobile
138,5721,2024-12-04,expédiée,1034.06,web
139,5624,2025-01-28,échouée,115.93,web
140,2021,2025-07-07,en cours,367.07,web
141,4775,2021-07-29,expédiée,1539.17,web
142,1352,2019-02-03,expédiée,118.16,mobile
143,956,2025-06-26,livrée,1311.91,mobile
144,126,2020-09-12,livrée,616.95,web
145,2028,2019-03-16,échouée,1083.54,web
146,847,2023-12-09,échouée,690.64,web
147,2035,2024-04-23,échouée,1732.68,web
148,2520,2024-12-30,en cours,841.72,mobile
149,4450,2025-04-15,en cours,1186.74,mobile
150,889,2022-05-24,livrée,538.48,web
151,5515,2019-04-28,expédiée,965.12,web
152,829,2022-06-27,en cours,1213.21,mobile
153,4987,2024-08-01,échouée,961.89,web
154,3517,2024-05-23,expédiée,1738.71,web
155,2860,2022-07-07,livrée,1955.74,mobile
156,4995,2022-08-08,en cours,1929.79,mobile
157,5993,2022-07-07,livrée,895.14,mobile
158,2347,2024-10-19,livrée,1860.59,web
159,1867,2023-06-22,en cours,1945.55,mobile
160,4515,2022-09-26,livrée,1713.46,web
161,3773,2019-11-09,livrée,1756.95,web
162,2573,2025-06-10,expédiée,1180.06,web
163,3849,2021-05-17,échouée,276.05,mobile
164,854,2023-08-10,expédiée,1778.03,web
165,4082,2020-07-06,échouée,1386.74,mobile
166,5200,2020-12-13,livrée,1895.57,web
167,5657,2024-07-27,livrée,578.82,web
168,1464,2022-03-08,livrée,690.38,mobile
169,5500,2022-10-26,échouée,1834.82,web
170,2502,2025-10-26,échouée,317.6,web
171,256,2019-08-12,échouée,1743.13,mobile
172,1673,2023-04-09,livrée,1899.49,web
173,464,2020-09-19,échouée,934.4,web
174,3539,2019-01-15,expédiée,195.74,mobile
175,5679,2021-09-02,en cours,1405.84,mobile
176,4292,2021-10-14,échouée,1157.22,web
177,2205,2019-01-30,expédiée,547.62,mobile
178,5443,2021-07-23,échouée,235.6,mobile
179,558,2022-05-11,en cours,768.38,mobile
180,2398,2023-03-27,livrée,1657.28,web
181,925,2025-03-06,expédiée,1334.15,web
182,3898,2021-03-05,livrée,707.6,mobile
183,1835,2022-09-07,expédiée,966.27,web
184,1954,2021-01-01,livrée,996.52,web
185,720,2025-11-12,expédiée,1293.96,mobile
186,3140,2022-09-14,échouée,1146.84,web
187,1421,2021-01-14,livrée,819.65,mobile
188,1256,2024-03-03,livrée,1405.3,web
189,5827,2023-11-07,expédiée,1368.79,web
190,1118,2019-06-16,en cours,232.42,web
191,4116,2021-07-16,livrée,1977.91,mobile
192,3158,2022-03-16,livrée,1607.68,web
193,3953,2025-05-25,en cours,1681.62,mobile
194,5661,2021-03-07,expédiée,1739.28,mobile
195,4846,2025-06-22,expédiée,625.71,web
196,4151,2023-12-07,échouée,526.5,web
197,168,2021-05-09,en cours,1330.27,mobile
198,2050,2024-09-26,échouée,1158.19,mobile
199,5030,2021-12-15,expédiée,586.62,mobile
200,1964,2025-02-01,livrée,1414.76,mobile
201,880,2023-09-13,livrée,1893.76,web
202,222,2023-06-05,expédiée,1137.65,web
203,3520,2024-07-14,échouée,1299.04,mobile
204,5964,2023-09-20,expédiée,206.18,web
205,5060,2021-03-23,en cours,1700.99,mobile
206,5335,2022-05-13,livrée,1186.78,mobile
207,5341,2024-06-01,livrée,1348.16,web
208,1887,2025-05-08,expédiée,1084.73,mobile
209,3,2022-05-31,en cours,774.08,web
210,3437,2019-01-19,expédiée,816.14,web
211,280,2022-01-21,expédiée,455.25,web
212,1744,2019-07-19,échouée,1280.33,web
213,4150,2024-12-28,livrée,1690.21,web
214,3841,2023-10-01,livrée,992.8,web
215,3406,2024-02-28,livrée,626.16,web
216,4300,2023-04-09,en cours,1368.5,web
217,5457,2022-08-24,livrée,941.74,web
218,4532,2021-11-08,en cours,1474.7,web
219,1044,2023-10-09,échouée,864.55,mobile
220,4925,2022-03-08,livrée,1201.74,web
221,5310,2025-09-01,expédiée,639.3,mobile
222,2020,2019-03-01,expédiée,1261.41,mobile
223,4063,2021-02-16,échouée,1837.55,mobile
224,3193,2019-10-20,en cours,302.09,web
225,3495,2024-08-06,échouée,63.28,web
226,847,2024-06-06,en cours,1957.2,web
227,396,2022-03-23,expédiée,1652.74,web
228,962,2024-11-18,expédiée,1520.27,web
229,3267,2024-12-11,livrée,790.68,web
230,3684,2021-03-15,livrée,1598.68,mobile
231,4465,2024-06-09,en cours,458.81,mobile
232,4243,2020-07-22,en cours,989.25,mobile
233,5298,2025-05-18,échouée,1542.54,web
234,4259,2024-06-18,en cours,836.75,web
235,3370,2025-09-10,expédiée,768.2,mobile
236,4251,2023-02-26,échouée,385.33,web
237,3120,2019-04-04,en cours,1053.78,mobile
238,1716,2019-06-17,échouée,1803.68,mobile
239,323,2023-12-04,expédiée,275.96,web
240,764,2019-09-02,expédiée,595.41,mobile
241,2000,2022-04-08,expédiée,211.91,web
242,3197,2021-11-18,expédiée,1593.53,mobile
243,4795,2022-02-25,livrée,1044.85,mobile
244,780,2024-05-06,livrée,39.48,mobile
245,2681,2021-09-20,échouée,250.4,mobile
246,5764,2021-11-05,échouée,109.43,mobile
247,3962,2024-01-16,en cours,1057.09,mobile
248,4386,2021-01-09,livrée,81.56,mobile
249,3009,2023-02-26,livrée,1364.42,web
250,3460,2021-01-24,échouée,600.66,web
251,3767,2025-11-18,expédiée,1742.36,mobile
252,1141,2022-07-13,en cours,1537.85,mobile
253,114,2019-04-03,livrée,1992.53,mobile
254,1813,2023-05-19,expédiée,596.14,mobile
255,3588,2020-09-18,expédiée,548.46,mobile
256,3834,2025-05-20,échouée,280.22,mobile
257,5026,2019-01-07,en cours,1653.23,mobile
258,1298,2021-05-04,échouée,1651.15,mobile
259,2053,2020-05-23,expédiée,154.56,mobile
260,3244,2024-12-01,expédiée,1473.2,mobile
261,1658,2019-01-26,livrée,1804.42,web
262,1259,2023-06-25,expédiée,1799.8,mobile
263,1963,2022-01-11,échouée,998.46,mobile
264,3752,2022-03-25,expédiée,1189.87,mobile
265,2134,2024-02-17,échouée,1333.92,web
266,5236,2023-01-27,en cours,1952.19,web
267,3614,2023-04-03,expédiée,510.42,web
268,5821,2020-09-05,en cours,1445.12,web
269,5793,2024-02-01,expédiée,1880.56,web
270,2433,2022-09-16,en cours,59.73,web
271,3756,2021-12-13,livrée,1593.26,mobile
272,2101,2025-03-08,échouée,1372.86,web
273,2555,2021-12-29,en cours,902.11,web
274,1670,2021-02-08,livrée,1932.81,mobile
275,1466,2021-02-10,expédiée,1456.37,mobile
276,1414,2024-08-30,échouée,1602.98,web
277,5176,2025-05-30,échouée,1253.63,web
278,761,2024-01-12,échouée,1007.74,web
279,3167,2020-08-24,expédiée,1040.02,web
280,4351,2019-06-11,échouée,893.1,web
281,3954,2022-10-29,échouée,901.61,web
282,4162,2019-04-02,en cours,1652.52,mobile
283,1630,2024-06-07,livrée,856.61,mobile
284,2823,2019-03-21,en cours,1026.73,web
285,567,2022-12-30,livrée,428.34,web
286,5103,2019-10-06,expédiée,1553.32,mobile
287,514,2020-06-21,expédiée,1283.85,web
288,5085,2022-03-04,échouée,349.83,web
289,2994,2025-05-11,échouée,731.44,web
290,5417,2025-05-29,expédiée,866.95,mobile
291,1500,2025-05-09,en cours,1625.19,mobile
292,1561,2024-11-11,en cours,685.52,mobile
293,3352,2022-05-20,en cours,472.6,web
294,5165,2020-09-06,en cours,1634.82,web
295,620,2022-09-28,expédiée,1476.71,web
296,1567,2023-10-05,expédiée,649.56,mobile
297,274,2024-05-02,expédiée,1492.59,mobile
298,4383,2023-04-22,livrée,1233.0,mobile
299,1536,2019-05-28,expédiée,237.97,web
300,4095,2020-08-09,expédiée,1797.64,mobile
301,3711,2021-11-09,livrée,530.35,web
302,3303,2022-04-17,expédiée,187.17,web
303,917,2021-07-15,livrée,702.56,mobile
304,1787,2023-10-01,expédiée,1723.47,mobile
305,4224,2022-06-22,en cours,26.63,web
306,5636,2023-11-10,expédiée,1605.17,mobile
307,5603,2020-08-21,échouée,610.5,web
308,5382,2025-06-24,en cours,1057.35,mobile
309,838,2024-12-25,livrée,1240.65,mobile
310,5870,2022-08-10,échouée,997.3,web
311,5521,2021-09-12,échouée,979.41,web
312,42,2022-09-15,échouée,1299.7,mobile
313,90,2025-11-19,en cours,1775.81,web
314,5722,2021-12-13,livrée,163.35,web
315,3743,2019-03-27,échouée,885.41,web
316,2312,2022-02-11,échouée,1041.3,web
317,3505,2025-07-06,échouée,1344.64,mobile
318,2374,2024-12-12,en cours,1565.69,web
319,5967,2022-07-08,en cours,1889.9,web
320,3971,2019-01-25,en cours,1456.82,mobile
321,1403,2020-11-22,expédiée,488.33,mobile
322,5346,2020-11-20,en cours,216.89,mobile
323,347,2023-12-31,livrée,1700.93,web
324,4252,2025-01-25,expédiée,1024.91,web
325,2296,2019-10-17,échouée,1253.41,web
326,5886,2021-09-04,expédiée,1526.63,mobile
327,99,2025-09-19,en cours,259.0,web
328,4097,2024-04-09,échouée,930.91,mobile
329,5996,2021-12-17,échouée,1406.19,web
330,4437,2020-07-27,livrée,255.27,mobile
331,2518,2022-08-20,livrée,594.53,mobile
332,790,2025-03-11,en cours,499.34,web
333,5469,2025-03-11,échouée,731.6,web
334,602,2025-02-05,en cours,1537.45,web
335,545,2024-01-11,échouée,1904.87,web
336,3775,2024-04-25,expédiée,533.16,mobile
337,3403,2021-09-25,livrée,291.1,mobile
338,3364,2022-02-21,échouée,124.27,web
339,2875,2021-05-07,livrée,1010.91,mobile
340,5217,2024-06-25,échouée,555.73,web
341,5271,2021-02-11,expédiée,121.84,web
342,3894,2019-06-06,en cours,465.99,web
343,1121,2024-08-12,échouée,547.83,web
344,5796,2022-06-29,en cours,1992.68,web
345,2902,2019-01-25,échouée,1568.98,web
346,4646,2019-03-27,échouée,1156.11,mobile
347,5126,2023-02-23,livrée,587.54,mobile
348,4289,2023-07-03,échouée,883.01,mobile
349,5550,2022-07-21,en cours,272.62,mobile
350,5597,2021-03-18,expédiée,131.88,mobile
351,1169,2021-08-26,expédiée,1087.93,web
352,5412,2020-04-24,échouée,674.63,web
353,5671,2020-03-03,échouée,1383.29,web
354,3724,2023-08-11,échouée,201.53,web
355,685,2025-10-09,échouée,1352.64,web
356,2707,2023-04-02,livrée,940.94,mobile
357,2641,2022-06-21,livrée,1762.1,mobile
358,3471,2022-05-27,en cours,1487.81,web
359,3746,2019-04-03,en cours,1618.45,mobile
360,2526,2023-07-03,livrée,1971.42,mobile
361,643,2025-10-23,expédiée,1397.96,web
362,2343,2024-07-16,en cours,1618.72,mobile
363,927,2022-10-03,en cours,1656.28,mobile
364,2341,2022-11-26,expédiée,1825.05,mobile
365,4384,2023-12-08,livrée,1646.81,mobile
366,71,2023-06-22,livrée,1014.59,web
367,5058,2021-05-15,en cours,77.51,web
368,2216,2022-10-14,expédiée,687.64,mobile
369,2874,2025-02-13,échouée,1871.61,mobile
370,1947,2019-10-13,expédiée,1357.3,web
371,4723,2022-12-05,en cours,1367.34,mobile
372,3468,2022-06-24,échouée,1680.1,mobile
373,4236,2021-01-08,échouée,743.91,web
374,2800,2023-07-18,expédiée,449.31,mobile
375,142,2023-01-05,expédiée,902.7,web
376,3451,2019-11-07,livrée,40.79,web
377,2922,2021-11-22,en cours,113.96,web
378,3833,2021-08-05,livrée,168.99,mobile
379,5378,2024-04-19,en cours,1829.52,web
380,3241,2023-01-31,expédiée,1629.27,mobile
381,3852,2021-12-13,livrée,910.45,mobile
382,3764,2020-09-05,échouée,976.91,mobile
383,2886,2020-04-21,échouée,1230.12,web
384,835,2020-12-29,expédiée,223.81,mobile
385,3069,2020-12-21,en cours,1344.77,web
386,597,2025-04-09,échouée,1785.0,mobile
387,5230,2020-03-15,échouée,1788.0,mobile
388,4940,2022-11-03,livrée,380.23,mobile
389,1172,2019-10-18,en cours,673.6,mobile
390,658,2020-05-02,en cours,1418.16,mobile
391,1169,2022-04-08,en cours,1166.37,web
392,457,2025-01-29,échouée,696.03,mobile
393,5698,2022-05-24,en cours,1850.23,mobile
394,2580,2019-04-18,en cours,877.89,mobile
395,764,2020-03-02,livrée,1090.48,mobile
396,3408,2024-09-11,livrée,421.43,web
397,2165,2024-08-21,en cours,1966.41,web
398,2008,2022-06-25,livrée,1525.62,mobile
399,4814,2024-03-14,expédiée,1666.88,web
400,4354,2020-01-26,expédiée,250.48,mobile
401,1555,2023-02-01,en cours,432.67,web
402,407,2020-10-31,expédiée,742.35,web
403,4368,2020-07-27,expédiée,1005.06,web
404,1641,2020-04-25,expédiée,1997.85,web
405,2193,2019-11-10,expédiée,1101.12,web
406,3152,2022-04-14,échouée,1734.05,mobile
407,5885,2022-09-21,échouée,676.25,web
408,1154,2020-02-11,expédiée,766.39,web
409,3019,2020-09-14,échouée,1954.47,web
410,5114,2020-04-04,livrée,1278.12,mobile
411,4323,2024-03-31,en cours,1933.18,mobile
412,2996,2021-07-28,expédiée,956.95,web
413,3293,2022-06-03,en cours,1058.09,mobile
414,2882,2024-04-19,en cours,1192.68,web
415,72,2023-06-06,échouée,150.36,mobile
416,3869,2019-04-17,expédiée,1682.72,mobile
417,5215,2024-09-06,livrée,733.53,web
418,1278,2024-09-02,échouée,636.3,web
419,3561,2020-02-03,échouée,354.74,web
420,4553,2019-07-13,en cours,490.03,mobile
421,4193,2019-05-25,livrée,1799.02,web
422,3273,2025-03-09,expédiée,1298.59,mobile
423,4734,2025-06-26,échouée,1412.57,mobile
424,2761,2024-07-14,en cours,1371.81,mobile
425,891,2020-04-23,en cours,1454.03,web
426,256,2021-08-07,en cours,1875.33,web
427,1725,2023-05-05,expédiée,1221.57,mobile
428,2127,2022-02-06,en cours,1846.3,web
429,1272,2020-04-28,échouée,1874.3,web
430,774,2020-07-16,expédiée,1636.97,web
431,3098,2021-04-05,en cours,903.97,mobile
432,2670,2024-05-02,en cours,907.19,web
433,4071,2024-04-06,échouée,1047.48,mobile
434,3729,2020-01-18,échouée,1350.39,web
435,3395,2024-02-20,échouée,282.84,mobile
436,25,2025-02-22,en cours,1831.6,web
437,724,2020-09-30,expédiée,1075.82,mobile
438,580,2024-06-13,en cours,1457.69,mobile
439,5389,2022-11-14,livrée,1104.42,web
440,4847,2024-10-12,livrée,1900.54,web
441,1423,2022-09-01,en cours,1071.97,mobile
442,3423,2022-10-15,échouée,1518.1,web
443,3448,2025-12-27,échouée,916.15,web
444,612,2024-10-31,livrée,943.71,mobile
445,1359,2020-04-06,livrée,438.66,mobile
446,3160,2021-07-20,livrée,654.04,mobile
447,4144,2019-07-05,en cours,59.29,mobile
448,3112,2024-08-06,expédiée,957.02,web
449,1868,2025-08-17,livrée,470.18,mobile
450,3729,2020-11-07,expédiée,804.88,mobile
451,5212,2023-06-01,en cours,305.31,mobile
452,4995,2025-02-18,en cours,408.64,web
453,5257,2019-04-02,en cours,1447.82,web
454,1439,2022-12-21,échouée,890.18,web
455,3776,2024-06-18,expédiée,1994.92,mobile
456,1733,2023-12-11,livrée,377.54,web
457,3022,2024-01-09,expédiée,1628.65,mobile
458,5580,2020-04-06,livrée,403.97,web
459,5408,2022-08-17,échouée,1073.52,mobile
460,5983,2021-08-09,livrée,1110.05,mobile
461,3157,2021-06-29,expédiée,1949.89,mobile
462,5948,2025-03-07,expédiée,1499.7,mobile
463,1490,2019-05-24,expédiée,1458.98,mobile
464,1782,2019-03-17,échouée,450.52,mobile
465,5752,2020-10-09,livrée,942.45,mobile
466,5004,2021-03-06,livrée,631.53,web
467,5057,2023-06-16,livrée,406.49,web
468,3727,2020-07-08,livrée,780.93,mobile
469,4223,2024-05-08,expédiée,1784.43,web
470,822,2024-04-29,en cours,1748.06,mobile
471,1857,2019-12-17,en cours,683.78,mobile
472,2994,2024-10-29,expédiée,1654.65,web
473,92,2019-01-02,en cours,1714.77,web
474,4172,2019-05-21,expédiée,447.09,mobile
475,1835,2022-05-30,expédiée,837.55,mobile
476,5036,2020-11-12,expédiée,1659.15,mobile
477,4289,2022-02-23,expédiée,496.26,web
478,4418,2021-11-24,échouée,709.66,web
479,2906,2025-04-08,échouée,770.75,web
480,4509,2025-03-19,échouée,1858.03,web
481,3906,2020-04-21,expédiée,854.46,web
482,3111,2024-04-11,livrée,643.47,mobile
483,5148,2023-02-17,expédiée,1836.73,mobile
484,668,2019-03-22,livrée,1055.77,mobile
485,5350,2020-08-12,expédiée,76.1,mobile
486,3906,2023-10-25,expédiée,126.96,web
487,3509,2020-09-20,en cours,364.6,mobile
488,1604,2025-02-12,en cours,682.45,web
489,2291,2021-10-16,livrée,247.42,web
490,3280,2019-04-13,en cours,620.06,mobile
491,714,2019-09-18,expédiée,145.2,web
492,2738,2025-07-02,échouée,1258.09,web
493,2853,2025-09-04,échouée,1188.22,mobile
494,3588,2020-09-28,livrée,1373.98,web
495,1873,2019-01-11,expédiée,438.8,web
496,724,2023-09-09,en cours,1058.79,web
497,1719,2023-03-01,livrée,644.76,mobile
498,2144,2024-10-23,expédiée,1655.64,web
499,438,2021-12-14,échouée,766.35,mobile
500,11,2025-10-27,en cours,546.62,web
501,961,2020-06-14,en cours,705.77,mobile
502,767,2019-03-22,expédiée,645.29,mobile
503,3441,2022-04-17,livrée,785.36,mobile
504,127,2025-06-23,échouée,1591.31,mobile
505,3456,2023-03-11,expédiée,1357.86,mobile
506,5189,2022-05-17,livrée,1133.84,web
507,1303,2025-09-22,expédiée,857.75,web
508,2431,2021-03-31,expédiée,1364.92,web
509,4678,2023-10-13,en cours,895.7,mobile
510,3328,2020-12-07,livrée,670.47,mobile
511,3269,2021-10-25,expédiée,859.41,mobile
512,5347,2023-05-28,en cours,1985.99,web
513,3307,2024-10-15,échouée,288.01,mobile
514,4741,2024-05-31,livrée,467.45,mobile
515,1218,2022-10-08,échouée,59.89,mobile
516,1901,2020-03-08,livrée,200.96,web
517,2771,2025-02-05,livrée,1974.71,mobile
518,4113,2025-05-30,expédiée,1854.31,web
519,2526,2022-11-21,échouée,985.76,mobile
520,3352,2019-08-07,en cours,610.43,web
521,2942,2022-11-03,livrée,376.8,mobile
522,201,2020-07-29,expédiée,1728.17,web
523,4474,2021-07-04,échouée,1696.52,web
524,1994,2024-11-24,expédiée,1463.74,mobile
525,89,2019-11-20,en cours,880.79,mobile
526,2017,2020-01-25,en cours,1523.73,mobile
527,1161,2024-12-30,en cours,1427.59,mobile
528,2001,2024-10-03,expédiée,37.16,mobile
529,5433,2021-08-08,en cours,1320.86,web
530,3176,2020-10-25,livrée,1489.91,mobile
531,1947,2019-06-26,échouée,1550.18,web
532,3477,2024-08-02,livrée,1143.89,web
533,208,2019-10-16,en cours,1509.36,web
534,5061,2022-09-14,échouée,1088.22,web
535,1727,2024-11-10,échouée,126.3,mobile
536,1847,2020-12-28,en cours,283.94,mobile
537,3531,2025-05-18,échouée,302.34,mobile
538,2200,2019-12-03,échouée,1747.82,web
539,5692,2022-07-08,échouée,27.34,mobile
540,2267,2024-02-28,en cours,620.99,mobile
541,2951,2023-04-10,expédiée,1736.45,mobile
542,5353,2022-11-06,en cours,1795.89,mobile
543,3386,2021-08-13,livrée,1356.2,web
544,5731,2023-08-16,livrée,992.76,mobile
545,3738,2024-05-22,livrée,1702.39,mobile
546,3159,2019-11-15,échouée,1896.44,web
547,4460,2020-09-03,livrée,1819.91,mobile
548,2310,2022-01-21,en cours,1271.7,mobile
549,3401,2019-03-08,en cours,635.93,mobile
550,5516,2019-11-14,échouée,1585.53,web
551,5735,2022-09-17,livrée,1663.97,mobile
552,4829,2022-03-16,en cours,637.88,mobile
553,4837,2020-07-31,expédiée,210.44,mobile
554,4675,2025-10-08,échouée,1110.82,mobile
555,3795,2022-07-03,échouée,1737.58,web
556,5797,2025-02-20,livrée,1928.31,web
557,2566,2022-12-17,échouée,109.41,web
558,1962,2022-02-21,en cours,1893.91,mobile
559,2935,2022-07-11,livrée,1181.22,web
560,3919,2022-09-12,échouée,1522.55,mobile
561,4624,2020-01-23,livrée,557.25,mobile
562,2181,2024-08-14,en cours,119.51,mobile
563,2638,2019-01-29,échouée,674.09,web
564,4269,2019-08-21,échouée,789.45,mobile
565,2892,2019-08-17,expédiée,865.59,web
566,3328,2021-08-03,en cours,1428.41,web
567,1038,2025-09-19,livrée,1122.41,web
568,703,2024-01-10,expédiée,971.74,mobile
569,295,2024-09-05,expédiée,456.83,mobile
570,3318,2021-07-13,expédiée,1864.88,web
571,2641,2021-06-07,en cours,1556.4,mobile
572,1542,2024-05-14,livrée,979.65,web
573,1758,2023-09-13,livrée,1500.6,web
574,3568,2025-05-20,échouée,734.29,mobile
575,5934,2023-10-23,expédiée,633.75,mobile
576,2125,2024-10-30,échouée,1685.29,mobile
577,1729,2021-11-17,livrée,916.22,web
578,2937,2022-09-01,échouée,1153.67,web
579,1555,2022-04-21,échouée,34.9,web
580,1754,2024-02-05,expédiée,1125.27,mobile
581,3,2020-01-14,expédiée,1288.8,web
582,1185,2021-04-10,en cours,875.73,mobile
583,978,2022-12-15,échouée,1595.22,web
584,2682,2021-03-17,livrée,1667.36,mobile
585,660,2021-10-20,expédiée,315.42,web
586,5416,2019-09-15,échouée,1058.27,web
587,447,2019-04-04,expédiée,423.72,web
588,3059,2019-06-12,en cours,82.69,web
589,1975,2023-02-09,expédiée,780.94,web
590,2108,2025-10-10,en cours,1633.55,mobile
591,5751,2023-02-16,échouée,1599.96,web
592,135,2020-05-21,en cours,1006.05,web
593,5398,2023-03-20,livrée,1636.05,mobile
594,5033,2021-01-08,en cours,565.72,mobile
595,5961,2020-01-12,en cours,804.06,mobile
596,1209,2022-08-25,livrée,1580.29,mobile
597,5352,2021-04-14,livrée,1571.84,mobile
598,3506,2021-11-29,livrée,914.98,mobile
599,5942,2023-09-20,livrée,603.73,mobile
600,4689,2025-08-22,échouée,1798.7,mobile
601,570,2021-10-18,en cours,1106.83,web
602,168,2023-07-12,livrée,919.81,web
603,719,2023-05-04,expédiée,1834.56,mobile
604,1554,2022-10-19,livrée,487.61,mobile
605,3229,2023-10-16,en cours,597.83,mobile
606,435,2021-12-04,expédiée,1145.71,web
607,1613,2025-12-04,livrée,1917.44,mobile
608,5113,2025-02-23,en cours,1415.84,mobile
609,5473,2019-05-31,livrée,1795.48,mobile
610,3204,2020-08-22,échouée,955.57,mobile
611,5074,2022-04-11,expédiée,1237.16,web
612,1976,2024-11-10,expédiée,1931.45,web
613,5154,2019-03-26,expédiée,1266.98,web
614,2080,2022-05-25,en cours,1936.42,web
615,804,2021-11-14,en cours,1489.09,web
616,4786,2019-02-02,en cours,537.63,web
617,3151,2022-04-27,livrée,862.13,mobile
618,2488,2023-06-12,échouée,375.59,mobile
619,434,2022-02-04,livrée,1263.52,web
620,10,2023-05-03,expédiée,137.73,mobile
621,1543,2024-12-04,échouée,1557.79,mobile
622,3114,2020-04-25,expédiée,1672.47,mobile
623,896,2025-10-30,expédiée,1722.21,mobile
624,3932,2019-10-24,échouée,1289.54,mobile
625,5145,2025-10-03,en cours,1969.52,web
626,1989,2023-04-25,échouée,1193.97,web
627,5597,2024-07-25,en cours,1297.9,web
628,1014,2021-12-09,expédiée,1668.02,mobile
629,846,2020-03-01,en cours,1471.84,mobile
630,2420,2021-11-16,échouée,1525.01,mobile
631,4308,2020-01-10,expédiée,1108.16,mobile
632,4486,2023-08-21,livrée,340.83,web
633,1048,2019-09-29,expédiée,880.78,web
634,4614,2025-09-08,en cours,1827.81,web
635,5483,2025-08-09,en cours,436.52,mobile
636,886,2021-10-30,échouée,1399.86,mobile
637,1477,2025-01-06,livrée,1860.68,mobile
638,2620,2020-12-24,livrée,1188.88,mobile
639,2162,2020-08-01,en cours,1710.12,mobile
640,5357,2019-11-06,échouée,1987.68,web
641,4078,2021-09-04,livrée,1013.62,mobile
642,4345,2024-06-08,en cours,189.35,mobile
643,498,2024-05-22,expédiée,1232.78,mobile
644,2771,2024-02-22,expédiée,1235.75,web
645,472,2020-05-17,expédiée,1286.18,web
646,323,2024-05-04,livrée,1143.99,mobile
647,5319,2022-01-26,expédiée,117.94,mobile
648,2299,2019-08-09,livrée,1507.46,mobile
649,1406,2025-10-26,échouée,1314.74,web
650,299,2022-06-14,livrée,1661.73,web
651,4836,2019-11-07,échouée,429.74,mobile
652,1408,2021-08-27,échouée,1854.65,web
653,4111,2025-11-08,en cours,283.87,web
654,2859,2020-10-06,expédiée,871.31,web
655,1401,2025-09-29,en cours,1925.79,web
656,250,2019-05-11,livrée,1531.77,mobile
657,5535,2025-10-01,en cours,660.37,web
658,643,2020-06-29,échouée,1957.27,mobile
659,3666,2023-10-12,en cours,1028.97,mobile
660,3962,2023-01-08,échouée,746.76,web
661,2647,2025-06-29,livrée,1930.6,mobile
662,1483,2019-10-27,en cours,362.24,mobile
663,5242,2020-08-25,échouée,1749.34,mobile
664,1866,2022-10-06,expédiée,196.72,mobile
665,2634,2024-03-07,livrée,1798.59,web
666,1432,2020-03-12,expédiée,696.3,mobile
667,1470,2019-03-15,échouée,1805.39,mobile
668,840,2022-07-18,livrée,1915.1,web
669,4364,2021-02-18,échouée,607.95,mobile
670,5749,2025-07-15,échouée,229.89,mobile
671,4259,2024-05-22,expédiée,1598.31,mobile
672,507,2025-04-05,en cours,778.95,web
673,165,2020-11-10,livrée,896.99,web
674,4450,2022-10-11,expédiée,217.23,web
675,3093,2019-03-04,en cours,1002.09,web
676,3200,2024-05-26,échouée,1429.31,mobile
677,5125,2023-03-25,expédiée,20.11,web
678,578,2025-09-04,livrée,1064.56,mobile
679,3877,2021-01-18,expédiée,448.75,web
680,4465,2025-10-26,en cours,1134.19,web
681,2764,2025-05-13,expédiée,1135.69,mobile
682,5989,2020-09-03,échouée,1016.49,web
683,248,2023-05-31,en cours,1072.07,mobile
684,210,2022-10-27,en cours,683.79,web
685,7,2025-06-07,livrée,477.84,web
686,5791,2025-12-12,expédiée,850.86,mobile
687,4305,2025-07-03,livrée,880.79,web
688,667,2023-04-04,livrée,317.84,web
689,4978,2021-08-21,en cours,81.36,web
690,658,2022-07-12,échouée,215.56,mobile
691,5909,2023-10-05,expédiée,1475.0,mobile
692,5156,2024-06-08,échouée,475.7,web
693,2511,2023-07-14,livrée,1539.71,web
694,3811,2022-07-22,expédiée,533.8,mobile
695,3627,2020-03-12,en cours,1980.42,mobile
696,3073,2020-04-12,en cours,1691.69,web
697,2042,2025-07-26,livrée,641.57,mobile
698,4907,2020-01-08,expédiée,364.7,mobile
699,4996,2021-09-05,échouée,1175.16,web
700,19,2023-04-11,échouée,1311.65,mobile
701,569,2025-11-06,expédiée,707.44,web
702,1918,2023-05-11,expédiée,722.94,web
703,4128,2025-01-04,livrée,1100.47,mobile
704,4925,2021-01-12,échouée,1974.96,web
705,4062,2023-03-06,livrée,423.29,web
706,1716,2024-12-29,expédiée,217.72,mobile
707,2819,2024-11-14,échouée,448.13,web
708,4431,2024-01-29,livrée,1066.04,mobile
709,163,2025-02-15,échouée,1781.87,web
710,5520,2020-10-19,échouée,1716.91,web
711,2253,2023-12-04,expédiée,1049.23,mobile
712,1859,2022-12-25,expédiée,1946.15,web
713,5267,2024-03-20,expédiée,1559.56,mobile
714,2935,2024-07-17,en cours,1016.55,mobile
715,2527,2021-06-23,expédiée,1725.82,mobile
716,232,2021-07-14,en cours,752.53,mobile
717,1417,2020-03-04,échouée,437.39,web
718,1645,2022-12-05,échouée,247.17,mobile
719,2843,2019-04-29,échouée,595.33,web
720,1152,2024-10-28,livrée,1115.68,mobile
721,5201,2023-10-19,livrée,1512.91,mobile
722,765,2019-09-28,expédiée,1742.72,web
723,4806,2023-01-16,échouée,1690.03,web
724,2705,2023-05-15,en cours,43.76,mobile
725,4753,2025-05-05,livrée,1061.5,web
726,4870,2023-07-22,en cours,913.05,web
727,4423,2025-09-17,livrée,162.96,mobile
728,5481,2020-12-09,livrée,1153.75,mobile
729,4167,2025-03-11,en cours,1480.06,web
730,121,2025-05-18,expédiée,478.29,mobile
731,1397,2019-02-14,en cours,872.35,web
732,3691,2021-04-17,en cours,302.41,web
733,3475,2025-12-04,expédiée,157.71,web
734,3482,2021-04-13,échouée,1392.1,web
735,4969,2022-03-29,en cours,1066.43,web
736,4926,2022-04-20,expédiée,204.04,mobile
737,5852,2022-04-08,livrée,724.01,mobile
738,188,2021-05-24,livrée,383.64,web
739,3170,2021-11-18,échouée,581.96,web
740,1578,2025-04-11,en cours,517.6,mobile
741,1554,2020-03-10,expédiée,1806.64,mobile
742,3028,2022-12-04,expédiée,657.8,web
743,2954,2025-09-05,livrée,49.48,mobile
744,4964,2024-09-19,expédiée,378.26,mobile
745,2885,2021-05-19,échouée,897.45,web
746,3614,2022-07-18,en cours,1749.8,mobile
747,2758,2020-06-16,livrée,711.81,mobile
748,1980,2019-01-07,échouée,1412.86,web
749,3484,2023-06-25,livrée,1257.28,mobile
750,582,2019-03-06,livrée,1382.94,mobile
751,327,2019-10-06,échouée,1083.29,web
752,2345,2023-01-16,échouée,1541.68,web
753,5022,2025-03-21,livrée,1087.5,mobile
754,4481,2025-06-04,échouée,1777.71,web
755,5877,2019-06-12,livrée,672.85,web
756,4167,2022-03-02,livrée,192.12,web
757,3238,2019-05-10,expédiée,1957.44,mobile
758,3062,2023-08-02,en cours,1316.07,web
759,1697,2019-12-12,échouée,1455.59,web
760,2958,2021-05-24,livrée,1812.99,web
761,4099,2019-01-01,échouée,1632.09,mobile
762,2082,2023-08-26,échouée,1758.16,mobile
763,4200,2023-09-17,en cours,1618.78,web
764,1614,2024-10-24,expédiée,1890.85,mobile
765,5811,2023-04-13,échouée,601.04,mobile
766,2088,2019-06-26,échouée,145.78,mobile
767,4615,2024-08-31,échouée,38.15,web
768,1293,2019-02-15,en cours,1180.82,mobile
769,1544,2022-07-03,expédiée,1084.04,mobile
770,2777,2023-04-01,échouée,218.15,mobile
771,2334,2023-05-21,échouée,1303.31,mobile
772,3168,2025-01-27,livrée,1014.15,mobile
773,1507,2022-12-16,échouée,361.5,mobile
774,5652,2024-08-28,échouée,614.8,web
775,4781,2019-07-25,échouée,568.79,web
776,4301,2022-01-24,en cours,205.77,web
777,3053,2021-04-23,expédiée,627.97,web
778,54,2020-07-16,en cours,889.52,mobile
779,3066,2020-01-03,en cours,1433.89,mobile
780,5841,2019-05-25,expédiée,180.22,web
781,5450,2023-08-21,en cours,265.34,web
782,2866,2020-06-05,livrée,146.51,mobile
783,2926,2019-01-31,livrée,509.39,web
784,1418,2022-08-11,expédiée,554.08,web
785,2630,2024-12-24,livrée,921.76,mobile
786,5312,2023-12-10,échouée,1393.8,web
787,1593,2020-08-21,livrée,1291.94,mobile
788,496,2020-02-22,livrée,493.09,web
789,3420,2019-05-10,livrée,1296.65,web
790,769,2022-11-28,échouée,128.06,mobile
791,5430,2025-05-27,expédiée,1465.87,mobile
792,2651,2020-01-14,échouée,1643.98,mobile
793,5801,2023-03-15,échouée,223.95,mobile
794,3271,2022-06-19,expédiée,1712.53,web
795,4718,2024-02-27,livrée,642.06,mobile
796,4943,2025-07-01,expédiée,445.47,mobile
797,2910,2024-02-02,en cours,1026.98,web
798,837,2025-12-17,livrée,1737.71,web
799,3332,2024-04-20,livrée,535.65,mobile
800,5412,2021-06-07,en cours,1892.46,web
801,5120,2024-08-07,en cours,1556.71,web
802,614,2022-03-16,expédiée,1575.31,web
803,4576,2020-04-25,échouée,1304.82,web
804,1717,2020-05-03,en cours,1941.97,mobile
805,3815,2025-02-13,livrée,315.5,mobile
806,2364,2020-01-02,en cours,154.29,mobile
807,5597,2020-12-11,en cours,470.01,web
808,370,2024-08-27,livrée,1645.5,web
809,315,2019-06-19,expédiée,1917.21,mobile
810,1410,2023-02-02,échouée,1809.13,mobile
811,5072,2019-02-18,en cours,678.03,mobile
812,4994,2022-07-13,en cours,765.58,web
813,3949,2019-12-17,livrée,995.19,mobile
814,3537,2021-11-30,échouée,673.92,mobile
815,3194,2024-06-27,échouée,776.48,web
816,2414,2020-05-13,expédiée,1341.95,mobile
817,4608,2023-04-20,échouée,1456.14,mobile
818,1954,2023-12-21,livrée,1194.34,mobile
819,3559,2022-04-30,expédiée,44.95,web
820,2363,2019-06-18,expédiée,23.35,mobile
821,5494,2023-01-02,expédiée,1404.02,mobile
822,2835,2025-04-18,livrée,393.88,mobile
823,669,2025-12-14,en cours,142.09,web
824,1448,2021-12-12,expédiée,315.48,mobile
825,5452,2025-10-08,échouée,205.95,web
826,3204,2023-12-13,livrée,1795.06,web
827,3250,2019-05-31,livrée,900.48,web
828,3241,2025-02-12,livrée,263.6,web
829,399,2019-06-12,en cours,1056.74,web
830,1440,2023-04-17,échouée,317.92,web
831,4967,2023-02-04,échouée,764.57,mobile
832,2783,2023-11-17,expédiée,643.56,web
833,5386,2025-07-19,en cours,1109.65,web
834,4304,2023-06-12,livrée,1336.34,web
835,2572,2021-12-02,en cours,318.91,web
836,5274,2021-09-25,expédiée,524.88,mobile
837,5341,2020-09-22,en cours,1496.19,mobile
838,4881,2020-11-24,livrée,547.61,mobile
839,3976,2024-09-18,livrée,1574.32,web
840,4716,2021-04-28,échouée,775.03,web
841,5124,2024-03-17,expédiée,1134.47,mobile
842,3613,2020-08-21,expédiée,1565.21,web
843,2396,2019-03-12,expédiée,273.08,mobile
844,5415,2025-06-26,échouée,250.29,web
845,5971,2022-07-13,livrée,1243.02,mobile
846,3129,2019-12-23,livrée,1153.59,web
847,4319,2024-09-10,expédiée,1758.16,mobile
848,4990,2020-11-15,expédiée,1912.11,mobile
849,3044,2021-11-07,échouée,179.67,mobile
850,844,2020-06-08,échouée,877.65,web
851,4968,2021-01-23,en cours,1910.44,mobile
852,3236,2022-06-10,échouée,915.52,mobile
853,98,2021-04-14,en cours,1554.83,mobile
854,2573,2021-08-21,livrée,1701.07,web
855,578,2020-06-23,livrée,188.67,web
856,401,2025-09-06,expédiée,56.17,mobile
857,5497,2020-07-21,échouée,943.46,web
858,4938,2025-01-02,échouée,1673.98,mobile
859,3914,2023-01-05,expédiée,1794.65,mobile
860,2729,2019-06-03,expédiée,169.25,web
861,3201,2024-09-27,livrée,1750.3,mobile
862,2522,2025-09-20,expédiée,1388.36,web
863,4230,2024-09-30,expédiée,1988.06,web
864,5998,2020-06-06,en cours,1698.1,mobile
865,5967,2020-06-26,échouée,833.97,mobile
866,5806,2019-03-15,échouée,1496.33,mobile
867,5100,2020-03-08,échouée,1129.08,mobile
868,4574,2023-02-14,en cours,284.12,web
869,3661,2019-08-11,échouée,350.28,web
870,110,2021-11-27,en cours,1196.24,web
871,1282,2024-06-04,livrée,950.78,web
872,3210,2021-04-29,expédiée,731.23,web
873,2293,2024-12-12,expédiée,973.67,mobile
874,1567,2023-08-15,échouée,1772.98,web
875,1740,2019-03-27,expédiée,1448.37,web
876,3128,2024-11-10,expédiée,32.41,mobile
877,1231,2022-07-24,expédiée,1951.2,web
878,554,2021-03-29,expédiée,350.23,web
879,2548,2024-07-26,en cours,452.69,web
880,3855,2024-04-04,échouée,609.63,web
881,1975,2023-10-27,en cours,853.27,web
882,262,2021-06-05,expédiée,596.51,web
883,2023,2020-10-21,en cours,944.06,mobile
884,14,2019-05-16,échouée,1096.72,mobile
885,4867,2023-10-01,expédiée,1721.05,web
886,4229,2020-05-22,en cours,1361.49,web
887,2853,2020-12-31,livrée,1311.78,web
888,930,2020-09-23,expédiée,1909.86,web
889,4717,2021-11-12,en cours,1805.68,mobile
890,3903,2025-01-08,expédiée,1590.37,web
891,299,2022-11-30,livrée,1734.56,web
892,2644,2020-09-21,expédiée,759.76,mobile
893,34,2025-01-26,expédiée,79.73,mobile
894,2138,2024-03-24,en cours,1111.19,web
895,1608,2022-09-18,expédiée,813.33,web
896,558,2025-06-26,expédiée,1284.38,web
897,3118,2025-08-16,échouée,519.3,mobile
898,4226,2024-11-12,échouée,1255.88,mobile
899,589,2019-04-26,en cours,1063.68,web
900,3030,2021-04-22,expédiée,1679.52,web
901,1674,2023-02-24,livrée,1301.7,mobile
902,1740,2024-10-30,expédiée,230.85,mobile
903,5765,2021-11-09,échouée,849.31,mobile
904,5692,2019-10-06,en cours,906.72,web
905,3518,2023-10-10,expédiée,1214.24,web
906,1083,2022-03-18,en cours,217.5,web
907,3629,2023-08-19,échouée,22.86,mobile
908,5642,2019-03-06,livrée,1799.56,web
909,406,2023-01-13,expédiée,1169.67,mobile
910,3115,2019-01-07,expédiée,1298.4,mobile
911,5139,2024-12-27,livrée,522.53,web
912,4848,2025-06-16,en cours,709.62,mobile
913,72,2023-11-25,en cours,384.36,web
914,1731,2019-07-03,livrée,651.63,mobile
915,119,2019-08-15,en cours,752.7,web
916,1738,2025-04-26,expédiée,1798.95,mobile
917,2414,2019-04-20,échouée,1012.45,mobile
918,1504,2020-11-04,en cours,103.9,web
919,2467,2021-10-26,en cours,1890.68,mobile
920,3118,2023-03-31,livrée,949.68,web
921,2018,2025-08-17,livrée,1663.58,mobile
922,3272,2022-05-19,expédiée,718.78,mobile
923,3853,2024-08-19,en cours,1285.18,web
924,4118,2022-02-28,en cours,1538.29,web
925,5086,2020-11-03,échouée,1191.07,mobile
926,2640,2019-11-02,échouée,1004.48,web
927,5796,2019-09-26,livrée,1708.14,web
928,3117,2023-06-13,expédiée,1351.66,mobile
929,5909,2023-11-08,en cours,607.7,mobile
930,390,2019-06-07,livrée,913.84,mobile
931,998,2021-04-02,livrée,429.66,web
932,2153,2025-01-10,expédiée,294.17,web
933,4992,2023-12-11,expédiée,953.56,web
934,2645,2022-03-27,en cours,1082.04,web
935,3861,2022-11-13,en cours,59.25,web
936,5092,2024-04-20,en cours,1147.73,web
937,5073,2024-12-18,livrée,867.88,mobile
938,4340,2020-12-11,expédiée,862.77,mobile
939,13,2025-03-29,échouée,1825.42,web
940,651,2024-04-27,en cours,449.82,web
941,4252,2021-11-13,échouée,1576.54,mobile
942,4708,2025-03-19,échouée,1273.43,mobile
943,947,2023-10-28,livrée,1690.38,web
944,1239,2023-10-11,en cours,832.75,web
945,4942,2023-09-26,livrée,1782.37,mobile
946,2514,2025-08-17,en cours,794.05,web
947,5535,2019-02-20,en cours,1232.34,mobile
948,3832,2019-12-08,échouée,92.13,web
949,5165,2025-08-15,échouée,1864.14,mobile
950,5463,2021-09-15,en cours,71.14,web
951,1211,2025-07-28,en cours,263.13,web
952,2069,2023-04-06,échouée,566.73,mobile
953,1420,2021-10-02,livrée,1015.82,web
954,4770,2022-03-09,expédiée,1770.02,web
955,3784,2020-02-21,échouée,768.37,web
956,2371,2025-06-01,échouée,1771.51,mobile
957,5790,2019-06-15,échouée,987.89,mobile
958,4093,2019-09-20,en cours,1521.46,mobile
959,2521,2019-06-21,échouée,99.41,mobile
960,4932,2024-02-13,échouée,1877.55,mobile
961,4246,2023-02-07,livrée,1693.77,mobile
962,2423,2025-09-28,échouée,1735.53,mobile
963,2155,2024-03-08,en cours,1680.08,web
964,4165,2020-01-21,livrée,164.25,mobile
965,2895,2020-01-12,en cours,1531.59,mobile
966,4123,2019-10-11,expédiée,1233.77,web
967,5402,2021-06-14,expédiée,1501.68,mobile
968,4030,2020-09-18,expédiée,338.88,mobile
969,3885,2019-09-20,expédiée,1959.93,mobile
970,570,2021-07-03,livrée,1147.34,mobile
971,302,2022-11-17,expédiée,359.67,mobile
972,1438,2024-02-17,livrée,1118.83,web
973,1146,2022-03-02,échouée,1232.38,web
974,3150,2023-10-18,expédiée,1933.41,web
975,219,2024-10-29,expédiée,620.75,mobile
976,1866,2024-05-20,expédiée,155.29,web
977,86,2025-10-21,livrée,1686.07,web
978,1425,2021-02-05,en cours,398.97,mobile
979,4222,2020-04-19,échouée,307.33,web
980,3687,2023-05-25,livrée,55.05,web
981,5953,2019-08-17,en cours,1929.53,web
982,2436,2020-08-10,échouée,1547.96,mobile
983,4946,2023-01-30,en cours,352.14,web
984,1108,2022-11-09,échouée,642.47,mobile
985,78,2020-09-03,échouée,1430.77,mobile
986,1917,2019-12-02,livrée,918.38,mobile
987,1969,2019-05-28,en cours,1274.0,web
988,1082,2023-09-26,en cours,580.37,mobile
989,1442,2024-01-05,échouée,1168.07,web
990,4786,2024-10-14,livrée,1543.32,web
991,1825,2021-11-04,livrée,182.84,mobile
992,4457,2020-04-30,livrée,1411.36,web
993,4605,2021-09-13,échouée,311.91,web
994,4071,2020-12-26,échouée,1055.07,mobile
995,1820,2019-03-31,livrée,201.46,web
996,1500,2024-06-12,expédiée,1427.22,mobile
997,4323,2023-10-10,en cours,1300.9,web
998,2621,2021-07-08,livrée,62.16,web
999,6,2025-07-01,expédiée,989.53,mobile
1000,5692,2022-09-12,expédiée,88.1,web
1001,4249,2024-05-22,livrée,803.17,web
1002,1767,2025-11-06,expédiée,22.45,mobile
1003,4465,2021-07-24,livrée,585.37,web
1004,2409,2023-03-24,expédiée,70.96,web
1005,5494,2025-05-07,expédiée,317.01,web
1006,1021,2019-10-26,livrée,179.4,web
1007,4202,2023-01-11,expédiée,1119.7,mobile
1008,5660,2024-10-26,en cours,1276.89,web
1009,4585,2020-02-05,en cours,486.53,mobile
1010,5388,2023-04-26,échouée,614.78,mobile
1011,5468,2023-07-17,livrée,1959.22,web
1012,336,2021-10-24,échouée,249.26,mobile
1013,3032,2024-05-04,expédiée,252.24,mobile
1014,4931,2023-06-27,livrée,1676.79,web
1015,4367,2019-11-12,expédiée,97.42,web
1016,1921,2023-10-31,échouée,1394.28,web
1017,5401,2024-07-07,expédiée,1000.78,web
1018,4860,2020-11-01,échouée,1643.93,web
1019,5215,2020-07-25,expédiée,1997.38,mobile
1020,3358,2023-05-27,échouée,1074.44,mobile
1021,1857,2020-03-23,échouée,1892.9,mobile
1022,3314,2019-01-03,expédiée,380.15,mobile
1023,5472,2022-07-01,échouée,1283.65,web
1024,1751,2025-01-01,échouée,220.5,web
1025,2050,2022-09-13,livrée,1435.53,web
1026,2694,2023-02-07,livrée,535.41,mobile
1027,3059,2022-01-08,en cours,1737.96,mobile
1028,5445,2023-07-09,livrée,450.99,web
1029,2305,2024-02-22,en cours,936.16,web
1030,823,2021-03-10,en cours,1058.07,web
1031,1833,2020-02-22,livrée,166.38,mobile
1032,3737,2021-08-11,en cours,329.75,mobile
1033,3925,2024-02-09,en cours,1662.0,web
1034,4185,2021-01-22,livrée,266.4,web
1035,1009,2023-06-24,expédiée,472.92,mobile
1036,2451,2020-02-08,livrée,1138.57,web
1037,3417,2023-03-18,échouée,1171.82,mobile
1038,1194,2022-08-19,livrée,396.13,web
1039,2441,2022-01-25,échouée,543.67,mobile
1040,5673,2019-11-17,expédiée,854.34,web
1041,945,2023-03-31,en cours,244.99,mobile
1042,3759,2020-11-27,livrée,1637.35,web
1043,3140,2024-06-26,livrée,1892.64,mobile
1044,4447,2025-11-24,livrée,469.1,mobile
1045,541,2020-09-15,échouée,1841.84,web
1046,382,2019-08-26,échouée,483.15,mobile
1047,3989,2024-11-26,livrée,883.97,web
1048,1926,2023-10-02,échouée,882.08,web
1049,1918,2024-07-31,livrée,581.16,mobile
1050,2147,2024-09-01,expédiée,788.07,web
1051,747,2025-01-06,en cours,100.74,mobile
1052,2838,2021-07-12,expédiée,197.65,mobile
1053,1526,2022-12-18,livrée,1239.32,web
1054,2315,2025-03-14,livrée,612.92,web
1055,1895,2024-01-25,en cours,782.08,mobile
1056,5523,2023-06-25,expédiée,196.99,web
1057,4256,2023-02-25,livrée,1691.05,web
1058,5105,2025-05-12,en cours,50.88,mobile
1059,3395,2020-12-08,en cours,1917.85,mobile
1060,2647,2019-05-07,expédiée,1238.88,web
1061,5314,2023-03-02,en cours,1197.0,web
1062,3387,2022-05-26,expédiée,814.6,mobile
1063,4383,2019-05-24,livrée,1880.53,web
1064,1390,2023-10-12,en cours,1026.15,mobile
1065,4779,2020-09-17,échouée,1793.87,mobile
1066,5668,2020-09-21,expédiée,1359.23,mobile
1067,4882,2022-03-29,expédiée,1733.87,web
1068,921,2020-11-11,en cours,504.41,mobile
1069,3150,2024-10-25,expédiée,1152.85,mobile
1070,1432,2019-07-24,échouée,1122.65,web
1071,5856,2022-12-31,en cours,1106.2,web
1072,3495,2024-01-08,échouée,1471.56,web
1073,736,2019-10-13,expédiée,1679.68,mobile
1074,2543,2021-01-26,en cours,1081.62,web
1075,3241,2023-04-07,en cours,884.64,web
1076,1818,2023-11-30,expédiée,1922.38,mobile
1077,5695,2019-07-06,expédiée,480.37,mobile
1078,5469,2023-01-20,expédiée,1383.53,web
1079,5312,2023-06-27,échouée,1890.6,web
1080,800,2022-01-05,expédiée,1469.57,web
1081,4029,2019-08-12,en cours,406.26,mobile
1082,2949,2021-11-25,échouée,597.47,mobile
1083,3271,2023-07-26,livrée,1633.67,mobile
1084,2836,2019-02-19,échouée,1902.39,web
1085,3010,2021-01-05,échouée,1373.55,mobile
1086,1488,2022-05-22,expédiée,1999.96,mobile
1087,5189,2024-06-12,livrée,1079.17,web
1088,747,2022-10-20,expédiée,596.23,mobile
1089,2730,2022-06-08,expédiée,158.57,mobile
1090,1281,2019-09-03,en cours,1879.47,web
1091,5640,2019-12-19,en cours,412.64,web
1092,1932,2024-08-17,expédiée,1044.86,web
1093,2807,2021-08-09,en cours,818.71,web
1094,5046,2024-01-05,expédiée,1723.8,web
1095,3470,2021-06-26,livrée,938.72,mobile
1096,5936,2021-11-12,livrée,1253.69,web
1097,643,2020-02-15,livrée,203.69,web
1098,4463,2019-02-15,expédiée,1458.23,mobile
1099,551,2023-08-24,en cours,654.75,mobile
1100,895,2021-06-25,livrée,795.82,mobile
1101,605,2019-04-30,livrée,240.0,web
1102,4098,2025-08-08,expédiée,1822.77,mobile
1103,903,2024-10-24,livrée,1175.79,web
1104,4331,2022-07-24,échouée,875.96,mobile
1105,4449,2019-07-02,échouée,159.94,mobile
1106,3269,2019-11-23,livrée,1526.55,web
1107,1009,2019-06-09,échouée,944.47,web
1108,4484,2024-12-17,livrée,1025.88,mobile
1109,5440,2025-01-02,expédiée,269.69,mobile
1110,730,2025-06-05,en cours,225.97,mobile
1111,3822,2019-06-24,expédiée,740.66,mobile
1112,3706,2019-03-16,expédiée,1201.95,mobile
1113,3904,2024-07-15,expédiée,1425.66,web
1114,918,2021-08-19,livrée,507.52,mobile
1115,5310,2019-11-09,échouée,139.34,web
1116,1046,2021-03-22,expédiée,275.49,web
1117,2936,2020-06-08,échouée,895.03,mobile
1118,3297,2020-09-03,en cours,190.2,web
1119,1546,2022-06-07,échouée,1291.37,mobile
1120,3666,2021-11-01,échouée,119.88,mobile
1121,3233,2022-04-09,échouée,762.72,mobile
1122,2066,2024-02-16,expédiée,356.66,web
1123,477,2024-12-05,échouée,324.7,mobile
1124,5422,2025-08-09,expédiée,563.0,web
1125,5040,2022-06-08,livrée,1632.5,web
1126,1165,2024-08-21,livrée,1375.88,mobile
1127,1843,2022-12-04,livrée,780.09,web
1128,4445,2020-02-21,en cours,1366.55,web
1129,1898,2019-01-11,expédiée,148.8,web
1130,3194,2024-05-17,en cours,295.71,web
1131,713,2020-05-30,échouée,1986.36,web
1132,2446,2025-10-19,échouée,1358.95,web
1133,1820,2024-03-31,livrée,52.36,mobile
1134,1760,2025-04-20,échouée,515.05,web
1135,2603,2024-05-14,expédiée,1021.34,mobile
1136,1001,2021-04-16,échouée,1650.26,web
1137,3980,2024-10-31,en cours,1793.29,web
1138,1103,2022-11-22,livrée,905.18,mobile
1139,3368,2019-01-01,en cours,1462.55,mobile
1140,386,2020-12-24,expédiée,771.08,web
1141,2826,2021-08-31,échouée,818.33,web
1142,2868,2020-02-29,en cours,363.99,web
1143,2049,2022-02-10,en cours,1626.54,mobile
1144,1998,2023-07-04,en cours,798.87,web
1145,1470,2025-09-15,expédiée,152.12,mobile
1146,5319,2020-01-14,échouée,1599.47,web
1147,4996,2019-06-01,livrée,843.71,mobile
1148,2096,2021-05-28,livrée,1058.27,mobile
1149,5306,2023-02-13,expédiée,1157.85,mobile
1150,1187,2022-10-13,livrée,615.46,web
1151,4503,2019-06-21,échouée,1944.81,web
1152,5603,2020-11-28,expédiée,1758.39,mobile
1153,2753,2019-05-30,en cours,1285.4,web
1154,3545,2025-08-09,expédiée,1626.37,web
1155,4501,2021-04-30,en cours,58.11,web
1156,4770,2019-02-10,expédiée,1614.86,mobile
1157,5619,2019-05-22,échouée,1819.69,mobile
1158,5302,2020-04-03,livrée,308.24,mobile
1159,5564,2019-05-31,livrée,47.9,web
1160,1886,2021-05-05,échouée,290.32,web
1161,5759,2025-04-07,en cours,1036.87,mobile
1162,5433,2019-02-18,échouée,1279.93,web
1163,711,2024-07-02,livrée,1843.65,mobile
1164,1366,2019-11-09,expédiée,856.86,web
1165,4127,2024-07-01,échouée,683.78,web
1166,62,2020-05-30,en cours,596.93,web
1167,908,2019-01-19,expédiée,349.74,mobile
1168,2735,2023-07-19,en cours,866.24,mobile
1169,4853,2021-05-30,livrée,1881.64,web
1170,5054,2025-06-09,expédiée,691.7,web
1171,2401,2022-08-01,échouée,650.74,web
1172,4081,2019-12-04,en cours,1054.42,mobile
1173,2133,2025-04-19,expédiée,600.8,web
1174,2534,2024-05-10,en cours,1928.78,mobile
1175,2507,2025-12-22,en cours,1529.69,mobile
1176,2565,2019-06-29,livrée,77.03,web
1177,4615,2019-01-26,en cours,287.63,mobile
1178,3125,2025-07-22,en cours,166.47,web
1179,4125,2019-04-18,livrée,1138.43,web
1180,3106,2025-01-04,en cours,114.57,web
1181,3817,2024-11-22,livrée,1262.67,web
1182,457,2022-11-20,échouée,189.92,mobile
1183,4247,2022-12-22,échouée,1919.54,mobile
1184,4319,2019-05-22,en cours,813.46,web
1185,2629,2025-10-06,échouée,1066.43,mobile
1186,4799,2020-08-17,échouée,1710.38,mobile
1187,1809,2024-06-26,expédiée,1777.52,web
1188,4896,2024-12-24,en cours,1512.09,web
1189,3125,2025-01-19,échouée,1112.25,mobile
1190,285,2021-09-17,expédiée,1036.84,web
1191,991,2023-05-24,en cours,454.89,mobile
1192,1835,2024-07-12,livrée,841.76,mobile
1193,5768,2025-04-18,échouée,326.89,web
1194,5076,2019-07-22,en cours,564.51,mobile
1195,2125,2021-01-17,en cours,1058.92,web
1196,5382,2025-11-21,livrée,1936.47,web
1197,4778,2019-12-19,expédiée,623.83,web
1198,3715,2025-01-24,échouée,453.42,mobile
1199,1337,2021-02-08,en cours,1795.77,mobile
1200,4370,2025-01-16,en cours,1749.56,mobile
1201,34,2025-06-03,livrée,1419.62,mobile
1202,4125,2025-12-23,échouée,586.26,mobile
1203,3862,2020-11-14,livrée,951.91,mobile
1204,2757,2022-12-23,en cours,1370.14,mobile
1205,4737,2022-03-24,en cours,758.67,mobile
1206,840,2023-03-18,livrée,191.22,web
1207,1545,2019-05-09,expédiée,1728.9,web
1208,5891,2021-09-17,expédiée,1337.17,mobile
1209,3849,2025-04-29,expédiée,1354.5,mobile
1210,638,2021-03-26,expédiée,262.92,mobile
1211,2254,2022-05-03,échouée,1084.15,mobile
1212,4768,2024-09-27,expédiée,770.65,mobile
1213,1853,2021-03-04,en cours,987.54,web
1214,5669,2025-05-25,expédiée,1099.32,web
1215,3556,2020-10-09,livrée,1220.16,mobile
1216,4592,2020-08-08,échouée,1902.79,mobile
1217,163,2021-12-20,livrée,1749.85,web
1218,413,2020-04-07,échouée,353.93,mobile
1219,1119,2019-11-27,livrée,769.81,web
1220,1109,2020-06-03,en cours,235.78,mobile
1221,2474,2020-07-24,expédiée,1605.59,web
1222,4389,2024-02-09,livrée,23.14,web
1223,705,2019-04-23,échouée,533.15,mobile
1224,1020,2025-10-28,expédiée,1850.98,web
1225,5474,2024-06-07,échouée,838.47,mobile
1226,1925,2022-01-20,expédiée,507.25,mobile
1227,4638,2025-03-25,échouée,464.66,mobile
1228,1844,2019-11-03,livrée,731.78,web
1229,1102,2025-11-28,livrée,1960.67,web
1230,4336,2023-05-17,livrée,1056.72,web
1231,2871,2021-06-03,en cours,1191.55,web
1232,1528,2020-07-21,en cours,1636.31,web
1233,5856,2019-12-17,échouée,1188.24,web
1234,5072,2025-06-28,échouée,677.22,mobile
1235,5212,2023-03-27,échouée,1193.28,mobile
1236,2466,2025-11-14,livrée,1160.11,mobile
1237,4895,2020-06-10,échouée,1271.9,mobile
1238,5426,2023-03-02,échouée,1282.33,mobile
1239,3019,2023-03-19,en cours,563.2,web
1240,2689,2023-12-19,échouée,946.51,mobile
1241,2323,2022-11-13,livrée,257.51,mobile
1242,3363,2020-10-02,échouée,275.02,web
1243,3466,2024-01-27,expédiée,278.53,web
1244,3583,2024-07-04,livrée,1028.04,mobile
1245,455,2020-06-29,en cours,1051.56,web
1246,1249,2020-12-09,échouée,1454.72,web
1247,5085,2020-05-29,en cours,1231.87,mobile
1248,5177,2022-09-09,en cours,1299.77,web
1249,3785,2025-12-14,expédiée,1870.37,mobile
1250,2066,2025-08-28,livrée,1358.12,web
1251,1919,2019-09-08,livrée,115.87,mobile
1252,2969,2021-04-04,livrée,824.43,web
1253,3272,2022-06-24,livrée,1696.72,mobile
1254,1609,2020-12-07,expédiée,343.77,web
1255,4117,2019-01-28,échouée,635.76,web
1256,35,2021-07-26,livrée,59.09,web
1257,2420,2020-12-15,échouée,628.6,web
1258,4717,2020-05-24,en cours,128.12,mobile
1259,16,2019-02-18,expédiée,1498.33,mobile
1260,2737,2020-03-25,livrée,550.98,mobile
1261,1686,2025-08-04,livrée,1841.89,mobile
1262,1125,2019-08-11,échouée,152.74,web
1263,4427,2022-03-14,en cours,448.84,web
1264,550,2022-02-16,en cours,1405.65,web
1265,3435,2021-07-22,en cours,1133.45,mobile
1266,195,2024-01-14,livrée,186.86,mobile
1267,3782,2020-08-09,en cours,1820.15,mobile
1268,1945,2022-04-28,livrée,1817.54,web
1269,2233,2024-04-17,échouée,1288.99,web
1270,1047,2024-11-01,en cours,609.5,web
1271,3979,2022-03-14,en cours,811.69,mobile
1272,1458,2021-02-01,expédiée,482.66,mobile
1273,1279,2022-01-16,échouée,1174.22,mobile
1274,480,2024-12-02,en cours,1675.21,web
1275,2276,2020-03-26,échouée,148.53,mobile
1276,3222,2024-10-18,en cours,1296.27,web
1277,3029,2023-07-05,expédiée,1744.64,mobile
1278,3208,2021-05-15,échouée,247.93,web
1279,4781,2025-08-14,échouée,1459.79,web
1280,2957,2022-03-16,échouée,881.32,mobile
1281,322,2024-02-20,expédiée,233.29,web
1282,2585,2022-07-30,expédiée,1551.61,mobile
1283,5646,2021-06-06,expédiée,817.96,mobile
1284,4642,2023-06-03,livrée,1674.25,mobile
1285,931,2019-07-18,en cours,253.44,mobile
1286,2985,2019-01-09,livrée,1278.47,mobile
1287,2268,2020-06-16,livrée,397.24,mobile
1288,1223,2024-10-06,en cours,636.07,mobile
1289,4225,2022-01-12,expédiée,1819.68,web
1290,4195,2019-01-30,échouée,1060.87,mobile
1291,3483,2024-05-10,échouée,1945.7,mobile
1292,3282,2023-12-02,échouée,1010.63,mobile
1293,3240,2024-07-18,expédiée,1617.75,mobile
1294,5481,2021-03-29,expédiée,1727.48,web
1295,2006,2019-08-04,livrée,374.58,web
1296,2546,2024-05-19,livrée,1778.06,mobile
1297,1133,2019-01-30,en cours,61.32,web
1298,3190,2019-12-19,livrée,347.06,mobile
1299,2534,2021-10-01,expédiée,1970.23,web
1300,2979,2023-12-22,en cours,970.98,mobile
1301,4295,2025-01-02,en cours,109.26,mobile
1302,5964,2023-07-06,expédiée,193.94,mobile
1303,4861,2024-10-10,en cours,643.38,mobile
1304,2027,2019-05-15,expédiée,93.72,web
1305,2124,2019-03-08,en cours,465.13,mobile
1306,2253,2025-07-28,expédiée,458.1,web
1307,4715,2024-02-07,échouée,923.61,web
1308,1968,2024-12-07,expédiée,267.31,web
1309,2223,2022-01-21,échouée,130.4,mobile
1310,213,2023-04-04,en cours,1833.71,web
1311,5728,2019-05-20,expédiée,1061.47,mobile
1312,4651,2022-12-01,échouée,646.87,web
1313,4330,2022-09-16,en cours,1118.89,web
1314,1720,2020-05-27,échouée,305.55,mobile
1315,958,2025-02-21,en cours,668.07,web
1316,1575,2022-01-13,en cours,217.13,mobile
1317,2862,2021-02-04,échouée,22.15,web
1318,1133,2019-11-15,échouée,1838.92,web
1319,1673,2025-06-22,expédiée,82.46,web
1320,1423,2020-10-28,échouée,132.47,mobile
1321,5648,2023-11-23,livrée,212.94,web
1322,1837,2022-02-17,livrée,1210.84,mobile
1323,2930,2025-01-19,échouée,1357.3,mobile
1324,1388,2024-07-23,échouée,1900.48,mobile
1325,5853,2022-02-21,livrée,989.77,web
1326,2815,2019-11-27,livrée,299.82,mobile
1327,2824,2020-03-15,échouée,1533.53,mobile
1328,1425,2024-06-05,échouée,236.15,web
1329,3389,2021-03-17,livrée,1312.73,mobile
1330,2320,2019-02-23,en cours,1812.78,mobile
1331,4645,2019-04-13,expédiée,1713.89,mobile
1332,310,2024-11-11,échouée,936.69,mobile
1333,721,2020-06-09,en cours,218.74,web
1334,592,2019-03-24,expédiée,1735.67,web
1335,4141,2024-11-03,expédiée,1218.09,web
1336,2157,2024-06-27,expédiée,1485.52,mobile
1337,5336,2021-03-21,en cours,1488.12,web
1338,5904,2021-08-16,en cours,1277.45,web
1339,3648,2023-11-07,échouée,1817.73,mobile
1340,493,2020-03-23,livrée,913.57,mobile
1341,5238,2025-10-15,livrée,1090.38,mobile
1342,4893,2025-11-10,en cours,932.68,mobile
1343,3187,2023-09-20,échouée,21.82,mobile
1344,1859,2022-05-16,expédiée,1841.31,mobile
1345,4153,2021-10-11,en cours,399.46,web
1346,3476,2023-05-24,échouée,461.75,mobile
1347,1053,2024-04-10,en cours,1302.01,web
1348,3816,2023-09-10,livrée,1781.9,mobile
1349,1726,2022-06-21,livrée,30.42,mobile
1350,2858,2021-10-05,livrée,467.45,web
1351,294,2020-09-15,livrée,669.48,mobile
1352,197,2023-10-22,échouée,1439.09,mobile
1353,1574,2021-07-20,expédiée,813.62,mobile
1354,4428,2019-03-04,échouée,1829.9,mobile
1355,3209,2019-01-02,expédiée,1363.02,mobile
1356,2572,2025-12-03,expédiée,21.97,web
1357,4872,2022-01-24,livrée,1355.49,web
1358,1211,2019-06-04,expédiée,1106.47,web
1359,3173,2025-01-11,livrée,946.0,web
1360,2243,2019-04-24,expédiée,908.88,web
1361,3027,2020-03-03,expédiée,1568.22,web
1362,2999,2019-04-09,en cours,1292.11,mobile
1363,54,2025-02-08,expédiée,1232.61,web
1364,1784,2019-02-01,expédiée,1573.34,mobile
1365,975,2022-07-16,livrée,1558.67,web
1366,1331,2025-05-31,livrée,1118.6,web
1367,2431,2022-06-27,livrée,644.68,mobile
1368,2600,2022-02-11,livrée,736.1,web
1369,1800,2022-08-03,expédiée,1071.75,web
1370,5269,2024-12-01,livrée,1188.77,web
1371,1634,2024-09-10,en cours,398.1,mobile
1372,5387,2023-05-23,livrée,224.94,mobile
1373,2774,2019-10-05,en cours,1381.34,web
1374,5971,2024-04-20,en cours,460.97,mobile
1375,2219,2021-09-20,expédiée,1588.63,web
1376,5115,2020-05-27,expédiée,1171.4,mobile
1377,4829,2022-07-26,en cours,1554.16,mobile
1378,4134,2023-01-20,expédiée,589.04,mobile
1379,5645,2025-11-17,échouée,1723.78,web
1380,3485,2021-10-18,échouée,533.06,web
1381,102,2019-01-06,livrée,997.98,web
1382,5899,2020-09-26,expédiée,1908.86,mobile
1383,5602,2025-02-21,en cours,1242.08,mobile
1384,4790,2024-03-12,expédiée,362.07,mobile
1385,604,2023-01-11,expédiée,694.78,web
1386,886,2019-03-26,en cours,137.45,mobile
1387,3247,2020-02-04,livrée,895.42,web
1388,4343,2022-12-12,échouée,1584.57,mobile
1389,2511,2019-01-21,expédiée,1287.02,mobile
1390,4285,2020-09-08,expédiée,1873.22,mobile
1391,5831,2021-02-19,en cours,113.26,mobile
1392,1267,2021-05-03,expédiée,810.6,web
1393,4629,2019-02-06,expédiée,1936.29,web
1394,3723,2019-02-23,en cours,1282.67,web
1395,3745,2021-10-18,échouée,1993.72,mobile
1396,4635,2020-02-10,livrée,1196.45,mobile
1397,5237,2022-08-01,en cours,121.39,web
1398,1965,2019-09-20,échouée,1649.43,web
1399,1843,2019-11-22,en cours,246.39,web
1400,5794,2019-11-07,échouée,690.42,web
1401,2927,2020-10-03,expédiée,1709.31,web
1402,1661,2021-02-22,échouée,1021.9,mobile
1403,3118,2019-07-13,livrée,1033.28,web
1404,4083,2019-06-28,en cours,1604.1,web
1405,4261,2025-01-06,expédiée,1053.79,web
1406,343,2025-11-05,en cours,1882.18,web
1407,3395,2021-08-17,en cours,1027.06,mobile
1408,270,2024-12-07,livrée,1077.74,mobile
1409,1347,2022-07-29,livrée,605.99,web
1410,1293,2025-01-30,livrée,510.0,mobile
1411,2078,2021-09-23,échouée,36.15,web
1412,1161,2025-11-22,échouée,756.6,mobile
1413,1733,2019-04-10,échouée,384.88,mobile
1414,5394,2024-09-12,en cours,709.13,web
1415,4554,2019-05-14,livrée,171.19,web
1416,3197,2022-10-16,expédiée,516.29,web
1417,2257,2023-09-26,en cours,1083.32,web
1418,5903,2022-04-23,en cours,1269.2,web
1419,3786,2025-04-27,en cours,800.88,web
1420,5475,2022-10-18,livrée,1428.81,web
1421,4884,2021-02-01,en cours,557.71,web
1422,1689,2019-12-26,expédiée,907.99,mobile
1423,4151,2025-08-12,livrée,1501.93,web
1424,1922,2020-01-07,livrée,1095.62,mobile
1425,4383,2021-06-22,livrée,1689.9,web
1426,5111,2025-04-08,échouée,1417.36,web
1427,4348,2022-09-01,livrée,419.45,mobile
1428,2023,2019-10-23,livrée,1192.04,web
1429,5991,2025-07-14,livrée,1264.22,mobile
1430,5677,2024-09-01,livrée,148.4,mobile
1431,3029,2020-11-24,livrée,1552.84,mobile
1432,116,2020-02-24,échouée,1115.31,mobile
1433,5774,2019-05-25,expédiée,1462.29,mobile
1434,3722,2021-05-25,expédiée,725.1,mobile
1435,2486,2022-05-03,livrée,1511.0,web
1436,739,2025-12-21,expédiée,439.79,web
1437,924,2022-07-30,expédiée,403.98,web
1438,4312,2022-04-13,échouée,663.69,web
1439,5033,2025-10-15,en cours,793.33,web
1440,325,2025-02-03,en cours,1695.66,mobile
1441,5514,2024-08-06,en cours,546.9,web
1442,2492,2019-02-13,échouée,1699.52,web
1443,1422,2024-02-13,échouée,1664.21,mobile
1444,2834,2019-09-17,livrée,1062.68,mobile
1445,5846,2021-10-21,en cours,1655.38,web
1446,4784,2024-06-07,livrée,980.01,web
1447,1826,2024-09-28,échouée,388.89,mobile
1448,4433,2024-08-05,échouée,273.72,web
1449,2233,2024-07-12,expédiée,245.05,mobile
1450,2863,2019-03-05,en cours,1204.54,mobile
1451,487,2023-01-28,échouée,1766.95,mobile
1452,1454,2020-07-10,en cours,643.7,web
1453,1185,2023-11-05,échouée,1047.34,mobile
1454,582,2020-02-14,échouée,1388.93,mobile
1455,1681,2023-03-26,en cours,503.88,web
1456,2410,2024-03-22,en cours,1009.18,web
1457,4723,2023-07-24,échouée,1137.29,mobile
1458,2281,2023-04-26,expédiée,1035.2,mobile
1459,5286,2024-04-26,échouée,414.58,web
1460,3630,2024-02-10,expédiée,1990.38,web
1461,1792,2023-03-07,expédiée,708.42,web
1462,1193,2024-12-27,livrée,1741.96,mobile
1463,5664,2022-10-13,livrée,332.08,mobile
1464,4127,2024-04-05,échouée,1516.39,web
1465,4606,2020-05-08,expédiée,1153.06,mobile
1466,5903,2020-03-31,expédiée,897.81,mobile
1467,5050,2023-03-15,échouée,636.15,web
1468,5812,2020-05-18,échouée,497.1,web
1469,5877,2022-12-30,échouée,1075.43,web
1470,1047,2021-03-17,échouée,540.81,web
1471,870,2025-09-10,livrée,167.63,mobile
1472,2303,2019-09-24,livrée,788.56,web
1473,4180,2025-05-28,échouée,768.18,web
1474,3648,2021-08-02,échouée,629.12,web
1475,5576,2021-10-16,en cours,747.15,web
1476,3279,2021-05-10,livrée,698.24,web
1477,1943,2021-04-18,échouée,1520.43,mobile
1478,1792,2020-05-15,échouée,1017.19,mobile
1479,2669,2021-08-02,en cours,1346.73,web
1480,760,2024-04-23,en cours,371.94,mobile
1481,186,2019-10-07,en cours,1630.73,mobile
1482,1948,2021-09-06,expédiée,1659.27,web
1483,3144,2021-06-19,expédiée,967.54,mobile
1484,5575,2022-07-28,échouée,272.55,web
1485,3035,2022-01-20,échouée,795.23,mobile
1486,3429,2025-04-26,échouée,1318.09,mobile
1487,4245,2025-08-25,livrée,1885.77,web
1488,5257,2025-03-18,expédiée,1918.32,web
1489,4309,2022-07-11,expédiée,318.33,mobile
1490,4368,2019-07-28,échouée,1365.54,web
1491,4804,2025-12-25,expédiée,1142.46,mobile
1492,1631,2025-10-12,en cours,251.99,mobile
1493,1231,2023-08-05,expédiée,157.02,web
1494,4455,2025-06-08,livrée,1462.33,web
1495,89,2024-03-26,en cours,426.22,mobile
1496,469,2021-05-10,en cours,1222.6,web
1497,5877,2020-07-25,livrée,621.09,mobile
1498,1591,2020-01-08,livrée,1260.27,web
1499,1130,2022-09-11,expédiée,1116.44,mobile
1500,2389,2022-04-27,expédiée,1060.1,mobile
1501,157,2022-08-11,livrée,1924.11,mobile
1502,981,2021-09-08,échouée,237.79,web
1503,696,2019-05-07,échouée,161.59,web
1504,4376,2025-02-22,expédiée,561.88,web
1505,1608,2023-06-18,échouée,1361.88,mobile
1506,1539,2025-04-22,en cours,1757.86,web
1507,61,2022-07-31,en cours,1044.69,mobile
1508,5802,2019-10-29,expédiée,608.68,mobile
1509,5342,2021-06-05,échouée,1220.04,web
1510,163,2019-09-16,livrée,907.92,web
1511,4685,2019-12-21,échouée,1600.41,web
1512,4139,2024-08-23,expédiée,370.88,mobile
1513,4050,2024-03-10,en cours,272.78,mobile
1514,2623,2019-12-16,échouée,916.72,mobile
1515,761,2021-06-23,échouée,613.28,mobile
1516,5776,2022-05-15,échouée,1994.76,web
1517,3448,2019-03-16,expédiée,275.46,web
1518,5272,2025-11-15,échouée,1926.85,web
1519,3066,2020-08-17,en cours,1111.26,mobile
1520,4571,2022-07-04,échouée,1345.62,web
1521,5309,2024-03-30,en cours,883.4,mobile
1522,3408,2021-09-28,échouée,969.56,web
1523,2172,2022-12-06,expédiée,1718.72,mobile
1524,1439,2025-04-29,expédiée,1155.98,mobile
1525,650,2025-05-09,expédiée,1254.18,web
1526,4472,2024-04-05,échouée,468.54,web
1527,4619,2019-01-23,échouée,1950.76,mobile
1528,5706,2021-08-11,expédiée,803.12,mobile
1529,5749,2024-02-07,en cours,644.95,mobile
1530,4621,2024-02-05,en cours,1131.82,web
1531,1555,2020-03-06,livrée,1831.55,web
1532,3776,2022-12-05,expédiée,1933.85,mobile
1533,876,2019-04-27,livrée,1008.47,web
1534,651,2025-08-18,expédiée,1781.67,web
1535,4956,2024-04-18,expédiée,718.39,web
1536,1224,2020-09-06,échouée,139.64,mobile
1537,2562,2019-06-10,échouée,218.46,mobile
1538,5593,2024-07-06,livrée,567.89,mobile
1539,1233,2025-10-29,en cours,1415.21,mobile
1540,5236,2025-12-20,livrée,531.65,mobile
1541,4166,2025-05-29,en cours,1282.67,mobile
1542,4530,2023-01-12,livrée,1572.31,web
1543,2941,2022-10-10,échouée,480.54,web
1544,1611,2020-02-07,échouée,1392.76,web
1545,4345,2025-01-30,expédiée,556.17,web
1546,3499,2024-11-11,en cours,1018.52,web
1547,3998,2022-05-25,en cours,1133.18,web
1548,2505,2021-03-07,expédiée,729.7,mobile
1549,4604,2019-05-26,en cours,1371.73,web
1550,5580,2021-05-25,échouée,1641.95,web
1551,5049,2025-12-23,en cours,656.72,web
1552,2655,2024-11-02,expédiée,1977.98,web
1553,4176,2021-05-18,livrée,1141.49,web
1554,1017,2025-09-03,livrée,1793.47,mobile
1555,5040,2020-11-02,échouée,1035.51,web
1556,1745,2024-08-06,en cours,1548.37,web
1557,5936,2023-09-26,expédiée,170.0,web
1558,2873,2025-12-25,échouée,1735.92,mobile
1559,5130,2024-11-14,expédiée,1464.41,web
1560,4364,2020-06-21,échouée,1961.2,web
1561,1305,2024-01-20,expédiée,574.83,web
1562,5108,2025-09-20,en cours,676.66,web
1563,2477,2023-11-13,livrée,578.47,web
1564,253,2021-07-16,livrée,637.24,web
1565,2905,2020-04-08,livrée,29.14,web
1566,1300,2025-08-16,expédiée,812.02,web
1567,4962,2023-09-25,expédiée,890.18,web
1568,4337,2021-03-15,expédiée,1349.44,mobile
1569,714,2019-05-31,livrée,1003.94,mobile
1570,2815,2019-05-12,échouée,1209.45,mobile
1571,3340,2019-05-04,en cours,482.78,web
1572,5713,2024-07-03,en cours,369.02,mobile
1573,5411,2020-06-04,livrée,527.97,web
1574,1932,2024-08-21,expédiée,555.59,web
1575,1193,2021-09-12,expédiée,1377.89,web
1576,133,2024-12-29,échouée,1112.37,mobile
1577,5690,2023-10-10,échouée,1579.32,mobile
1578,1856,2020-06-08,livrée,1118.06,web
1579,2674,2024-04-19,livrée,97.34,mobile
1580,4406,2025-02-04,livrée,1745.75,web
1581,706,2023-12-12,livrée,1050.45,mobile
1582,2318,2025-09-03,livrée,376.6,web
1583,3811,2023-04-11,en cours,722.28,mobile
1584,1525,2025-05-08,échouée,1327.04,mobile
1585,3324,2025-02-01,expédiée,1107.07,web
1586,5085,2024-09-05,échouée,989.71,mobile
1587,5653,2024-11-24,en cours,1310.72,web
1588,4896,2020-04-13,en cours,1559.06,web
1589,5613,2019-03-01,livrée,1179.88,mobile
1590,2275,2021-12-28,échouée,1421.54,web
1591,5408,2023-10-20,expédiée,1766.29,mobile
1592,68,2021-01-28,échouée,1964.13,web
1593,402,2025-11-28,échouée,1135.24,mobile
1594,246,2022-06-06,expédiée,103.56,web
1595,5534,2023-07-06,expédiée,1164.8,mobile
1596,1450,2021-03-22,expédiée,1507.11,mobile
1597,1702,2019-02-04,livrée,679.98,web
1598,1279,2022-06-26,échouée,237.1,web
1599,1536,2021-03-30,livrée,1829.57,web
1600,2903,2022-09-14,échouée,1936.9,mobile
1601,4832,2019-02-13,livrée,1773.86,web
1602,2640,2021-12-16,livrée,412.97,web
1603,2360,2020-03-14,échouée,385.93,mobile
1604,5704,2021-06-09,échouée,928.5,web
1605,305,2025-01-19,livrée,1522.0,mobile
1606,3420,2023-09-02,échouée,347.4,mobile
1607,5799,2025-01-31,expédiée,392.12,mobile
1608,5068,2021-06-25,en cours,311.42,mobile
1609,3446,2023-05-25,expédiée,1218.16,web
1610,285,2024-06-25,expédiée,1920.0,mobile
1611,4834,2024-11-11,expédiée,763.57,web
1612,3040,2021-11-10,en cours,1599.75,web
1613,2040,2022-11-10,livrée,844.1,web
1614,2764,2024-03-23,en cours,1105.98,web
1615,1601,2020-07-09,expédiée,836.91,mobile
1616,4689,2025-12-19,livrée,144.83,web
1617,3872,2024-10-03,livrée,639.51,mobile
1618,5884,2024-09-13,en cours,507.97,mobile
1619,1730,2024-04-27,livrée,1960.06,web
1620,138,2023-06-06,livrée,160.35,web
1621,1775,2019-04-02,livrée,1184.12,mobile
1622,1329,2024-04-14,expédiée,955.32,web
1623,5400,2019-06-02,expédiée,805.44,mobile
1624,3361,2025-08-07,livrée,1951.36,web
1625,2360,2022-10-13,échouée,1828.56,web
1626,1591,2024-01-16,livrée,1107.8,web
1627,5554,2022-09-02,livrée,1537.31,web
1628,4489,2021-06-01,expédiée,1687.1,mobile
1629,2726,2020-06-24,échouée,203.03,web
1630,5972,2020-05-03,en cours,1270.99,mobile
1631,4989,2020-02-18,expédiée,732.3,mobile
1632,330,2025-05-14,échouée,1645.87,mobile
1633,3365,2019-08-29,livrée,1242.81,web
1634,4098,2025-10-20,échouée,1923.13,web
1635,5524,2024-02-28,expédiée,1202.64,mobile
1636,1299,2024-03-19,échouée,1886.67,web
1637,3739,2020-01-30,livrée,1280.57,web
1638,3342,2022-12-30,échouée,657.13,web
1639,4562,2019-01-03,échouée,517.59,web
1640,1151,2022-01-21,en cours,422.07,web
1641,1781,2019-02-20,en cours,1092.51,mobile
1642,4323,2024-12-17,livrée,1008.19,web
1643,4198,2025-07-04,livrée,1257.8,mobile
1644,1428,2025-09-03,livrée,1145.48,mobile
1645,1915,2019-08-10,expédiée,577.5,web
1646,3116,2023-02-08,livrée,1186.68,web
1647,5784,2023-03-06,en cours,1815.06,web
1648,3530,2022-02-12,livrée,794.31,mobile
1649,840,2024-03-10,expédiée,1231.09,mobile
1650,2721,2021-04-05,échouée,1942.67,web
1651,3103,2023-06-27,expédiée,801.17,web
1652,5032,2019-04-16,échouée,69.27,web
1653,5178,2021-08-07,expédiée,924.61,web
1654,1804,2025-01-24,livrée,227.78,mobile
1655,3044,2023-01-30,expédiée,1742.58,web
1656,5933,2025-01-15,en cours,433.76,web
1657,5993,2023-02-25,échouée,613.02,web
1658,4674,2024-06-15,livrée,109.61,web
1659,1648,2020-11-14,en cours,254.07,web
1660,4015,2021-11-16,échouée,1308.95,mobile
1661,3527,2022-08-23,en cours,916.28,mobile
1662,2307,2024-02-23,expédiée,1205.54,web
1663,4337,2019-05-06,échouée,1049.71,mobile
1664,126,2023-08-07,échouée,1604.88,mobile
1665,4569,2024-04-13,livrée,904.04,web
1666,754,2022-12-10,livrée,887.68,mobile
1667,5384,2019-06-04,en cours,64.67,web
1668,172,2021-07-28,livrée,499.17,web
1669,1493,2025-06-27,expédiée,906.63,web
1670,2725,2021-03-30,échouée,1534.05,mobile
1671,2993,2023-02-16,livrée,1031.13,mobile
1672,625,2023-05-18,échouée,811.29,mobile
1673,2309,2023-08-31,livrée,792.32,mobile
1674,1578,2021-02-04,en cours,723.63,mobile
1675,1859,2022-11-29,expédiée,134.69,web
1676,2522,2023-07-31,en cours,830.49,mobile
1677,4310,2020-09-15,livrée,1498.17,web
1678,4679,2021-02-23,en cours,1649.1,web
1679,4491,2024-04-27,expédiée,334.55,mobile
1680,3503,2021-11-26,en cours,1552.44,mobile
1681,3760,2022-08-07,échouée,1766.35,web
1682,2747,2020-11-15,expédiée,464.19,mobile
1683,2933,2023-10-11,expédiée,1807.53,mobile
1684,1226,2023-10-31,expédiée,107.85,web
1685,4806,2025-07-02,en cours,1193.08,web
1686,3208,2024-09-04,échouée,1208.05,web
1687,746,2021-01-12,expédiée,988.38,mobile
1688,4512,2020-06-18,échouée,531.94,web
1689,5530,2025-12-02,en cours,1025.02,web
1690,5903,2021-09-04,échouée,1073.56,web
1691,1235,2019-01-01,en cours,1065.27,web
1692,1340,2019-06-10,en cours,1651.99,web
1693,4848,2022-08-19,en cours,1046.8,mobile
1694,2611,2023-12-10,échouée,487.57,web
1695,4451,2025-01-06,expédiée,557.87,web
1696,3681,2020-09-07,livrée,202.66,web
1697,2924,2023-01-02,en cours,1992.46,web
1698,1508,2025-05-04,en cours,505.27,mobile
1699,5056,2023-03-11,livrée,876.07,web
1700,1282,2020-10-24,en cours,813.8,mobile
1701,3019,2019-09-08,livrée,1094.46,web
1702,773,2021-11-07,échouée,1671.47,mobile
1703,2501,2021-01-09,livrée,1573.8,web
1704,4811,2022-01-17,livrée,1302.24,mobile
1705,4398,2019-05-10,expédiée,1627.69,web
1706,216,2023-05-16,échouée,1665.47,mobile
1707,2692,2022-02-28,expédiée,360.93,web
1708,4068,2023-07-08,livrée,431.19,web
1709,1888,2022-09-05,échouée,190.37,mobile
1710,3783,2023-05-21,expédiée,837.56,mobile
1711,5977,2020-02-10,en cours,200.46,web
1712,2946,2024-02-09,en cours,836.59,mobile
1713,320,2021-07-12,livrée,431.61,mobile
1714,4916,2019-04-09,en cours,440.9,mobile
1715,4051,2021-12-28,expédiée,916.96,web
1716,504,2024-11-06,échouée,1754.49,mobile
1717,2218,2023-11-23,livrée,1048.98,web
1718,3934,2024-06-19,livrée,421.01,web
1719,5006,2020-02-21,en cours,438.6,web
1720,5342,2019-06-28,en cours,1436.02,web
1721,4077,2019-07-09,expédiée,1892.03,mobile
1722,4806,2023-05-18,livrée,1211.42,mobile
1723,3249,2021-08-13,livrée,1052.78,web
1724,5855,2021-04-29,expédiée,1142.14,web
1725,1557,2020-06-04,en cours,915.24,web
1726,4185,2019-03-14,livrée,629.08,mobile
1727,1722,2022-01-04,expédiée,1290.62,web
1728,4248,2024-05-30,échouée,1788.35,mobile
1729,1639,2019-03-25,en cours,1208.77,web
1730,1591,2022-11-25,échouée,427.65,web
1731,4212,2020-05-31,expédiée,664.91,mobile
1732,2227,2023-01-15,expédiée,276.07,web
1733,383,2020-01-20,livrée,458.42,web
1734,366,2022-05-03,en cours,355.83,web
1735,28,2020-10-21,en cours,766.92,web
1736,1960,2019-12-23,en cours,1891.24,mobile
1737,405,2020-03-18,en cours,1727.27,web
1738,5418,2024-11-22,expédiée,1734.72,mobile
1739,1978,2019-12-11,expédiée,1958.75,web
1740,2546,2019-09-29,expédiée,1327.2,mobile
1741,1782,2024-02-10,livrée,638.17,web
1742,967,2019-05-09,expédiée,1316.45,mobile
1743,1563,2019-03-30,échouée,1607.75,mobile
1744,96,2022-02-23,échouée,1655.06,web
1745,4373,2020-11-16,expédiée,1354.19,mobile
1746,5113,2021-03-02,en cours,677.63,web
1747,269,2020-07-24,expédiée,103.12,web
1748,712,2021-01-15,livrée,1139.89,web
1749,2150,2025-09-10,expédiée,597.35,mobile
1750,5976,2025-07-05,livrée,540.1,web
1751,3914,2019-08-28,en cours,1139.71,web
1752,213,2019-06-20,en cours,1768.25,web
1753,864,2024-08-04,livrée,641.37,web
1754,3382,2024-10-05,en cours,853.98,mobile
1755,3292,2025-04-04,en cours,1402.75,mobile
1756,1077,2020-02-03,échouée,475.37,mobile
1757,4060,2023-12-08,en cours,1149.92,web
1758,4590,2025-03-16,livrée,276.0,mobile
1759,3073,2022-01-24,livrée,693.76,web
1760,1896,2025-08-02,en cours,1430.5,mobile
1761,4526,2023-05-22,expédiée,1333.74,mobile
1762,3349,2024-08-09,expédiée,1404.14,mobile
1763,5091,2021-06-14,échouée,151.1,web
1764,1922,2022-11-02,échouée,1179.28,web
1765,2970,2022-01-21,livrée,581.64,web
1766,2399,2022-02-12,expédiée,505.92,web
1767,3109,2023-05-15,expédiée,342.51,web
1768,2803,2021-07-27,échouée,113.31,web
1769,2268,2023-10-06,en cours,1225.68,mobile
1770,5051,2024-07-04,expédiée,117.24,mobile
1771,2296,2019-12-06,expédiée,971.52,mobile
1772,2662,2022-06-28,expédiée,778.01,web
1773,2568,2019-12-10,livrée,1371.97,web
1774,2039,2020-11-07,livrée,1987.9,mobile
1775,1708,2021-11-14,expédiée,992.11,web
1776,2788,2019-04-08,expédiée,999.93,web
1777,93,2021-02-01,en cours,450.97,mobile
1778,753,2020-11-18,échouée,667.01,mobile
1779,4537,2023-02-22,en cours,90.14,mobile
1780,2962,2025-05-27,échouée,1598.48,mobile
1781,841,2020-05-08,expédiée,159.07,web
1782,3625,2023-01-02,en cours,153.84,web
1783,4101,2022-01-03,expédiée,325.34,web
1784,5915,2019-02-19,expédiée,755.87,mobile
1785,1400,2019-07-20,livrée,861.19,web
1786,3847,2022-02-02,échouée,1338.79,mobile
1787,742,2024-06-19,échouée,1385.29,mobile
1788,76,2021-11-02,échouée,104.36,web
1789,197,2024-12-29,en cours,1152.12,mobile
1790,5555,2025-01-08,livrée,1132.93,mobile
1791,1013,2021-02-08,expédiée,797.75,web
1792,1826,2025-01-10,livrée,1960.22,web
1793,1973,2020-11-15,expédiée,96.34,web
1794,3187,2023-05-24,échouée,1505.89,mobile
1795,4087,2022-09-03,en cours,65.2,web
1796,1698,2025-11-07,échouée,389.55,web
1797,715,2019-09-29,livrée,1278.66,mobile
1798,5668,2023-08-06,expédiée,930.89,mobile
1799,3240,2020-11-07,en cours,300.48,mobile
1800,1504,2024-08-25,en cours,1566.77,web
1801,1014,2020-10-02,échouée,833.32,web
1802,4199,2025-04-03,expédiée,458.18,web
1803,1253,2023-02-06,échouée,505.27,web
1804,4774,2025-09-26,livrée,1441.25,mobile
1805,3502,2023-01-06,livrée,1530.96,web
1806,4588,2023-12-07,livrée,569.84,mobile
1807,3430,2023-10-16,en cours,1778.39,web
1808,2173,2024-11-26,livrée,776.85,mobile
1809,5060,2019-03-20,expédiée,1651.37,web
1810,3106,2025-04-26,en cours,51.31,mobile
1811,2750,2019-07-17,livrée,1428.83,web
1812,4574,2019-05-10,livrée,1596.94,web
1813,4729,2020-08-12,échouée,1450.49,mobile
1814,1275,2024-11-19,en cours,1898.35,web
1815,5647,2019-04-15,expédiée,634.22,mobile
1816,1787,2025-12-18,expédiée,831.32,mobile
1817,1001,2024-10-30,expédiée,1491.14,web
1818,2417,2021-09-18,échouée,984.56,mobile
1819,2156,2023-03-21,livrée,1210.87,web
1820,3975,2022-09-07,échouée,1018.63,mobile
1821,1183,2025-07-04,expédiée,264.41,mobile
1822,710,2020-11-08,en cours,1038.21,web
1823,4950,2020-10-14,expédiée,1920.69,web
1824,4640,2019-01-10,en cours,70.16,mobile
1825,999,2023-03-14,échouée,915.7,mobile
1826,4756,2020-08-25,expédiée,774.6,web
1827,1293,2019-10-28,expédiée,945.32,web
1828,3306,2023-08-03,échouée,1993.28,mobile
1829,3559,2023-01-07,échouée,1385.24,web
1830,3321,2024-02-26,en cours,1770.33,web
1831,1084,2020-07-07,livrée,595.5,mobile
1832,780,2023-05-16,en cours,34.21,web
1833,413,2024-07-08,expédiée,1721.66,web
1834,2660,2024-06-10,en cours,1353.83,mobile
1835,2861,2020-07-08,expédiée,65.7,mobile
1836,5665,2020-04-13,échouée,740.2,web
1837,389,2024-02-12,échouée,961.34,web
1838,442,2020-09-21,échouée,1376.71,web
1839,1357,2019-07-25,livrée,52.34,mobile
1840,478,2019-01-10,livrée,1011.28,mobile
1841,2087,2025-10-12,échouée,1633.36,web
1842,2749,2021-11-23,échouée,1341.36,mobile
1843,2265,2019-09-13,échouée,328.58,mobile
1844,3988,2019-04-23,échouée,1199.8,web
1845,1561,2021-11-04,en cours,387.66,web
1846,5303,2024-11-07,expédiée,1216.5,mobile
1847,5257,2025-09-14,en cours,921.29,web
1848,3645,2024-03-17,échouée,496.2,web
1849,5337,2022-05-21,échouée,1678.17,mobile
1850,3075,2022-06-14,en cours,1274.8,web
1851,1902,2022-03-19,livrée,1022.34,mobile
1852,5048,2022-11-05,expédiée,190.44,mobile
1853,1349,2022-02-25,échouée,611.68,mobile
1854,1214,2022-02-11,expédiée,855.67,mobile
1855,2167,2025-06-05,en cours,1451.69,web
1856,2191,2024-03-28,livrée,701.59,mobile
1857,2590,2023-03-17,échouée,379.5,mobile
1858,3745,2019-11-13,en cours,501.52,mobile
1859,1641,2020-02-15,en cours,206.92,web
1860,3655,2025-06-08,en cours,292.94,web
1861,2858,2024-03-28,livrée,1607.42,mobile
1862,5650,2023-02-23,échouée,526.02,web
1863,1185,2020-09-03,expédiée,216.96,web
1864,3666,2024-09-20,échouée,355.09,mobile
1865,5831,2020-12-21,en cours,876.49,mobile
1866,1019,2023-06-09,livrée,804.17,mobile
1867,5749,2024-12-08,échouée,495.19,web
1868,3061,2023-08-04,livrée,723.01,mobile
1869,5268,2024-11-26,en cours,514.03,web
1870,2578,2021-01-01,en cours,1229.9,web
1871,4776,2025-10-23,expédiée,1132.21,mobile
1872,2447,2025-09-02,échouée,1147.25,web
1873,1461,2021-12-24,livrée,1739.97,mobile
1874,5081,2021-12-19,en cours,668.92,web
1875,1199,2023-08-14,expédiée,1195.87,mobile
1876,3425,2022-01-05,échouée,892.23,web
1877,1052,2022-10-07,expédiée,1777.1,mobile
1878,2161,2022-02-25,expédiée,1739.29,web
1879,4317,2024-06-05,échouée,1091.47,mobile
1880,182,2019-09-21,livrée,1235.75,mobile
1881,5844,2020-11-29,en cours,1315.87,web
1882,640,2020-03-25,livrée,126.14,mobile
1883,2936,2025-02-08,échouée,127.53,web
1884,269,2020-07-11,livrée,776.74,web
1885,3591,2021-05-29,échouée,146.11,mobile
1886,1643,2022-04-05,expédiée,1294.61,mobile
1887,2728,2024-07-22,expédiée,1576.06,web
1888,2877,2021-08-24,échouée,1184.39,mobile
1889,1662,2020-11-27,échouée,903.39,web
1890,5541,2020-06-13,échouée,1911.25,web
1891,106,2025-07-20,échouée,1028.34,mobile
1892,1492,2025-08-21,livrée,1441.02,web
1893,4161,2025-10-06,échouée,1569.31,mobile
1894,4719,2022-12-10,en cours,1489.51,web
1895,4588,2021-03-13,expédiée,1612.31,mobile
1896,15,2023-01-10,expédiée,1646.9,mobile
1897,2931,2025-03-29,en cours,1270.85,mobile
1898,4214,2024-01-16,expédiée,1423.75,mobile
1899,2226,2024-05-05,échouée,1445.21,mobile
1900,1506,2022-01-04,expédiée,1528.89,mobile
1901,3802,2025-12-03,échouée,1448.81,mobile
1902,4791,2021-04-03,en cours,125.38,web
1903,1050,2019-08-01,en cours,1747.86,web
1904,1136,2020-08-21,en cours,384.1,web
1905,4216,2023-06-10,livrée,1483.09,web
1906,317,2025-06-24,livrée,83.43,mobile
1907,1136,2020-08-01,expédiée,1550.85,web
1908,5955,2023-12-02,expédiée,864.33,web
1909,3329,2022-12-26,livrée,235.81,web
1910,3551,2019-01-23,en cours,345.05,mobile
1911,2166,2019-05-10,expédiée,24.83,mobile
1912,5413,2020-03-14,échouée,151.9,mobile
1913,3333,2021-04-10,échouée,1199.5,web
1914,1222,2019-01-22,livrée,931.81,web
1915,2938,2022-11-25,en cours,284.66,web
1916,513,2019-09-02,échouée,1632.3,web
1917,3158,2024-08-27,en cours,255.05,mobile
1918,4098,2023-10-20,en cours,868.75,web
1919,474,2024-07-12,échouée,366.07,web
1920,2461,2025-09-19,échouée,1460.54,web
1921,538,2020-05-05,livrée,521.89,mobile
1922,3172,2020-02-01,livrée,67.1,mobile
1923,5465,2019-01-27,en cours,60.78,mobile
1924,2546,2024-12-25,échouée,1487.55,mobile
1925,17,2021-08-05,échouée,1178.99,mobile
1926,388,2024-07-03,échouée,369.96,mobile
1927,4826,2023-11-07,livrée,1484.19,web
1928,3129,2023-08-21,échouée,1598.21,web
1929,2251,2023-03-05,livrée,29.36,web
1930,3164,2020-03-13,livrée,1686.92,mobile
1931,185,2025-06-26,livrée,1899.38,mobile
1932,349,2022-01-03,échouée,1901.06,web
1933,3536,2025-03-09,échouée,277.28,web
1934,3455,2023-03-01,expédiée,1142.74,web
1935,2170,2022-12-10,expédiée,965.96,mobile
1936,3309,2022-12-01,en cours,1209.55,web
1937,2722,2021-09-20,expédiée,1585.05,mobile
1938,3458,2019-12-08,échouée,1703.02,mobile
1939,5877,2020-09-27,échouée,1519.1,mobile
1940,4726,2021-08-14,en cours,1022.2,mobile
1941,3324,2022-01-26,en cours,1749.17,mobile
1942,1895,2019-04-11,expédiée,1048.98,mobile
1943,2025,2019-06-28,expédiée,1229.33,web
1944,3340,2023-06-04,en cours,20.12,mobile
1945,5947,2023-09-06,livrée,354.69,mobile
1946,5043,2021-04-15,en cours,56.86,web
1947,2935,2025-06-06,livrée,1689.29,web
1948,755,2022-01-12,expédiée,234.85,mobile
1949,3293,2021-09-28,livrée,1139.03,web
1950,5700,2023-12-23,en cours,682.99,mobile
1951,1797,2020-08-07,livrée,942.8,mobile
1952,1775,2019-03-05,expédiée,1969.51,mobile
1953,3439,2023-03-04,expédiée,1429.83,mobile
1954,4109,2021-06-07,expédiée,1606.48,web
1955,4324,2020-10-17,expédiée,156.59,web
1956,4293,2020-09-21,en cours,575.76,mobile
1957,5074,2022-04-18,expédiée,57.25,web
1958,4381,2019-09-15,échouée,356.97,web
1959,1568,2024-11-08,échouée,1576.0,mobile
1960,5364,2020-07-21,en cours,350.41,web
1961,5570,2025-06-30,livrée,1954.66,mobile
1962,461,2020-07-24,en cours,1408.4,web
1963,4889,2019-02-16,expédiée,228.54,mobile
1964,4511,2023-04-27,livrée,1613.62,web
1965,4318,2020-12-02,livrée,1040.47,mobile
1966,5072,2024-09-14,expédiée,583.34,web
1967,2722,2020-02-16,expédiée,284.6,mobile
1968,5401,2021-09-10,livrée,270.09,web
1969,1308,2024-04-16,en cours,1619.32,web
1970,5749,2021-03-26,échouée,1561.48,web
1971,49,2022-04-15,échouée,1201.32,mobile
1972,5859,2023-12-14,échouée,1734.87,mobile
1973,3428,2025-04-29,en cours,1170.25,web
1974,5201,2022-08-15,échouée,1062.88,mobile
1975,4314,2025-06-14,échouée,249.74,web
1976,4279,2020-04-19,expédiée,1166.48,web
1977,1120,2019-12-26,expédiée,1103.54,mobile
1978,4409,2020-03-26,en cours,1114.88,web
1979,971,2025-04-28,échouée,1661.06,web
1980,2409,2024-03-29,échouée,118.33,web
1981,5838,2019-05-10,en cours,1808.34,mobile
1982,1960,2019-04-10,expédiée,979.28,mobile
1983,3624,2019-06-22,en cours,933.91,mobile
1984,4614,2021-09-08,expédiée,899.02,mobile
1985,1968,2025-02-22,échouée,337.78,web
1986,3300,2019-10-16,expédiée,229.27,mobile
1987,1220,2024-10-28,expédiée,1467.66,web
1988,1055,2021-03-03,échouée,1929.91,mobile
1989,1945,2024-08-29,en cours,1522.09,web
1990,2065,2020-09-25,en cours,1008.55,web
1991,2903,2025-02-04,en cours,1104.03,mobile
1992,4198,2020-12-25,expédiée,665.5,mobile
1993,5539,2021-01-25,expédiée,290.86,mobile
1994,5842,2021-03-30,échouée,746.63,mobile
1995,1177,2022-01-23,en cours,320.33,web
1996,2132,2022-03-08,en cours,941.52,mobile
1997,3060,2024-01-28,échouée,1153.06,web
1998,1176,2019-03-16,livrée,60.46,mobile
1999,2732,2021-11-25,échouée,621.8,mobile
2000,3195,2020-05-16,en cours,680.13,mobile
2001,2081,2025-04-10,livrée,310.38,web
2002,4556,2021-03-25,expédiée,1712.78,web
2003,4923,2024-08-26,échouée,1143.2,mobile
2004,5252,2019-07-21,livrée,1407.03,web
2005,218,2020-07-03,livrée,1334.46,mobile
2006,2273,2023-04-17,livrée,1562.82,web
2007,1086,2022-03-08,livrée,974.43,web
2008,2553,2020-02-20,échouée,234.76,web
2009,258,2020-09-28,échouée,300.69,mobile
2010,5774,2023-04-15,expédiée,1098.42,web
2011,1697,2021-09-11,en cours,471.04,mobile
2012,1906,2025-08-06,expédiée,910.16,web
2013,1707,2020-09-29,expédiée,95.78,mobile
2014,587,2025-07-29,en cours,1962.17,web
2015,3142,2020-06-28,échouée,916.93,mobile
2016,1098,2025-12-09,livrée,1651.49,web
2017,252,2022-05-11,échouée,94.65,mobile
2018,1837,2024-10-03,en cours,1241.22,mobile
2019,1903,2020-05-22,en cours,937.47,web
2020,4307,2024-04-06,livrée,196.09,mobile
2021,4297,2019-04-04,en cours,484.53,web
2022,5534,2020-07-07,expédiée,1125.31,mobile
2023,5574,2019-12-18,en cours,709.31,web
2024,2806,2020-02-02,livrée,1281.66,web
2025,3217,2025-08-16,expédiée,1006.79,web
2026,2751,2023-11-15,échouée,1230.12,mobile
2027,2906,2022-12-23,échouée,1126.95,mobile
2028,116,2021-09-12,échouée,776.32,web
2029,5859,2022-02-26,échouée,1596.68,web
2030,2442,2023-05-26,livrée,1447.14,mobile
2031,2457,2024-11-11,expédiée,1967.11,mobile
2032,2232,2025-08-29,livrée,501.47,mobile
2033,852,2020-06-08,en cours,1808.67,mobile
2034,107,2021-04-28,en cours,890.53,web
2035,3003,2025-04-08,expédiée,1973.41,mobile
2036,5782,2025-02-23,en cours,1644.29,web
2037,4734,2022-06-10,expédiée,1718.71,mobile
2038,2052,2019-06-22,échouée,1066.69,mobile
2039,5769,2020-06-19,livrée,1766.53,mobile
2040,1388,2023-08-15,en cours,1420.19,web
2041,2477,2020-02-04,en cours,1864.96,web
2042,216,2023-12-20,en cours,1608.12,mobile
2043,1682,2022-01-21,échouée,721.67,mobile
2044,5435,2022-11-12,expédiée,821.95,mobile
2045,2668,2021-02-21,livrée,1495.44,web
2046,3055,2020-04-30,en cours,1542.3,mobile
2047,4756,2019-07-27,échouée,1019.91,web
2048,4536,2021-10-05,échouée,1839.07,web
2049,3500,2020-09-03,en cours,1913.06,mobile
2050,5783,2021-10-14,expédiée,1566.09,web
2051,3513,2024-09-04,expédiée,1803.69,web
2052,3943,2020-04-25,échouée,236.82,web
2053,961,2022-07-01,expédiée,1979.52,mobile
2054,1076,2023-09-19,expédiée,961.31,web
2055,807,2020-09-23,livrée,1438.08,web
2056,5978,2022-12-05,en cours,1763.25,mobile
2057,3306,2024-08-04,expédiée,96.06,web
2058,3227,2021-06-24,expédiée,246.61,web
2059,2302,2023-12-05,en cours,232.56,mobile
2060,5535,2023-05-13,expédiée,690.66,mobile
2061,3766,2020-07-18,en cours,1542.09,web
2062,4549,2022-11-07,livrée,119.67,web
2063,1034,2025-12-22,expédiée,777.09,web
2064,348,2020-08-06,expédiée,540.19,web
2065,1295,2024-08-14,échouée,1593.51,web
2066,1053,2025-06-24,livrée,700.7,mobile
2067,2973,2020-07-11,échouée,1235.59,mobile
2068,1452,2024-12-31,en cours,631.78,web
2069,3936,2024-05-24,échouée,889.97,mobile
2070,3075,2021-02-15,livrée,90.67,web
2071,2697,2020-04-19,expédiée,1990.94,web
2072,2802,2022-05-29,échouée,884.71,mobile
2073,5429,2020-03-28,échouée,290.79,mobile
2074,2478,2025-01-12,expédiée,260.98,mobile
2075,1587,2019-03-14,en cours,289.39,web
2076,1939,2024-01-01,livrée,98.23,mobile
2077,1120,2019-10-14,échouée,1257.83,mobile
2078,518,2023-08-12,expédiée,668.42,web
2079,1248,2023-09-02,livrée,1019.02,web
2080,5969,2020-03-22,expédiée,968.54,mobile
2081,797,2023-12-28,en cours,1598.77,mobile
2082,2656,2019-07-20,livrée,1046.59,web
2083,1298,2023-05-10,livrée,1225.48,web
2084,3694,2025-07-19,en cours,23.59,mobile
2085,1081,2022-09-01,expédiée,284.11,web
2086,3624,2020-06-15,en cours,1838.89,mobile
2087,4484,2022-09-18,livrée,654.7,web
2088,3213,2019-07-31,échouée,1549.64,mobile
2089,2588,2022-10-17,échouée,1848.75,mobile
2090,4401,2024-05-30,expédiée,676.66,mobile
2091,5216,2020-12-23,livrée,385.68,mobile
2092,1469,2019-02-07,échouée,867.0,web
2093,2670,2021-08-13,en cours,98.49,mobile
2094,865,2022-05-25,expédiée,1436.72,web
2095,2207,2024-08-12,expédiée,958.6,web
2096,869,2019-12-15,expédiée,292.4,web
2097,1774,2023-07-27,en cours,117.13,web
2098,1166,2019-02-15,expédiée,800.79,web
2099,5780,2023-07-23,en cours,254.3,web
2100,1426,2019-01-14,livrée,643.37,web
2101,891,2021-11-21,livrée,180.05,mobile
2102,5363,2021-05-15,expédiée,919.83,mobile
2103,1570,2021-08-03,en cours,1083.99,web
2104,4448,2022-09-12,livrée,398.3,web
2105,3761,2023-05-27,en cours,736.17,mobile
2106,686,2024-08-15,expédiée,1495.98,mobile
2107,3392,2024-10-28,en cours,180.32,web
2108,2755,2025-03-17,échouée,1197.77,web
2109,1834,2019-11-21,en cours,632.2,web
2110,4684,2022-05-24,expédiée,621.37,web
2111,4503,2021-12-16,en cours,1460.34,web
2112,4507,2024-01-05,expédiée,1983.5,mobile
2113,334,2021-12-20,expédiée,736.2,web
2114,2942,2023-11-08,en cours,613.06,mobile
2115,5444,2022-01-30,échouée,1440.18,web
2116,723,2025-07-13,en cours,1651.45,web
2117,115,2020-03-11,expédiée,596.69,mobile
2118,2836,2022-12-28,échouée,1746.01,web
2119,98,2021-06-14,livrée,1055.25,mobile
2120,1981,2021-02-24,livrée,1394.78,mobile
2121,3545,2019-05-27,expédiée,1662.01,mobile
2122,3512,2021-01-10,échouée,1926.25,mobile
2123,3059,2021-12-06,livrée,340.75,web
2124,4928,2022-07-09,livrée,1635.78,web
2125,1988,2019-01-06,expédiée,704.99,mobile
2126,4731,2025-08-25,livrée,1720.53,mobile
2127,643,2022-03-13,en cours,1199.43,web
2128,3010,2021-03-28,expédiée,1213.87,web
2129,2167,2021-05-26,expédiée,1639.01,web
2130,321,2020-11-13,échouée,1769.76,web
2131,3845,2019-10-03,expédiée,1424.82,web
2132,3369,2020-05-22,livrée,1286.61,web
2133,5042,2023-10-09,en cours,1550.97,mobile
2134,354,2021-12-13,livrée,1664.67,web
2135,147,2019-03-18,livrée,644.96,web
2136,1942,2025-01-23,expédiée,912.7,mobile
2137,2715,2022-03-15,en cours,1561.1,web
2138,1876,2020-07-26,échouée,1549.51,web
2139,5249,2020-08-15,échouée,66.9,web
2140,3177,2023-08-22,expédiée,1923.84,web
2141,2766,2025-06-14,échouée,1823.7,web
2142,4523,2024-08-04,en cours,1652.76,web
2143,437,2020-04-18,livrée,1193.44,mobile
2144,676,2025-09-24,échouée,1703.87,mobile
2145,2575,2023-05-11,en cours,1218.67,mobile
2146,420,2024-03-20,livrée,1299.31,web
2147,4572,2020-04-19,échouée,115.8,mobile
2148,4505,2025-06-20,expédiée,425.26,web
2149,419,2020-10-24,expédiée,1264.04,mobile
2150,4429,2020-03-11,livrée,159.62,web
2151,1426,2024-06-11,échouée,625.63,mobile
2152,3335,2019-09-27,expédiée,1436.38,web
2153,1802,2025-11-12,échouée,973.22,mobile
2154,2461,2020-12-23,en cours,417.62,web
2155,3160,2019-01-16,livrée,1128.05,mobile
2156,2013,2019-05-01,livrée,872.1,mobile
2157,1040,2025-04-29,échouée,1524.91,web
2158,3437,2020-12-01,échouée,160.91,web
2159,5761,2019-02-08,échouée,833.54,mobile
2160,4795,2024-01-25,expédiée,1233.21,web
2161,3596,2023-01-06,en cours,1893.53,web
2162,730,2023-05-11,expédiée,228.2,mobile
2163,802,2022-06-27,expédiée,1982.46,mobile
2164,4962,2025-06-28,échouée,1347.91,web
2165,1394,2025-12-06,échouée,1830.83,mobile
2166,2004,2020-11-01,expédiée,377.66,mobile
2167,1932,2020-03-05,en cours,1481.88,mobile
2168,5338,2025-12-20,livrée,1574.58,mobile
2169,2434,2024-06-06,en cours,1826.82,web
2170,2757,2021-08-10,en cours,399.78,mobile
2171,5866,2019-02-09,en cours,1896.76,web
2172,908,2022-10-28,en cours,1311.73,web
2173,4738,2021-11-29,échouée,1692.75,web
2174,3861,2020-06-12,en cours,558.68,mobile
2175,28,2024-01-26,livrée,599.4,web
2176,1725,2019-02-27,livrée,447.1,web
2177,5817,2019-02-08,échouée,1557.66,mobile
2178,3114,2020-03-30,échouée,989.4,web
2179,4096,2025-12-09,livrée,1425.49,mobile
2180,3526,2025-09-04,échouée,1806.78,web
2181,347,2022-07-29,échouée,853.84,web
2182,1757,2024-06-29,en cours,1765.48,mobile
2183,1364,2019-11-11,livrée,250.44,mobile
2184,428,2023-07-01,expédiée,1199.42,web
2185,4340,2020-03-14,en cours,621.29,web
2186,2930,2024-04-01,en cours,1030.78,mobile
2187,558,2023-08-15,échouée,1466.06,web
2188,1999,2023-08-19,livrée,252.13,web
2189,5141,2021-05-26,échouée,1473.75,web
2190,2619,2021-12-16,échouée,1084.56,web
2191,920,2023-04-13,expédiée,1768.51,mobile
2192,2506,2024-01-12,expédiée,1310.77,web
2193,4976,2023-03-19,expédiée,1308.84,web
2194,5741,2025-06-20,livrée,1210.53,web
2195,4233,2020-01-13,en cours,1137.23,mobile
2196,781,2024-04-18,échouée,1948.75,web
2197,1891,2023-03-01,échouée,96.38,mobile
2198,1386,2021-07-03,expédiée,1015.48,mobile
2199,2897,2019-06-22,échouée,293.51,mobile
2200,4385,2019-09-26,expédiée,272.54,web
2201,3962,2022-11-21,en cours,532.83,web
2202,653,2020-01-12,échouée,504.92,web
2203,2369,2023-09-27,expédiée,84.19,web
2204,4076,2024-12-28,échouée,580.78,mobile
2205,2114,2025-06-07,en cours,124.11,mobile
2206,5543,2023-11-26,en cours,1865.13,mobile
2207,2025,2020-09-11,en cours,499.28,web
2208,2536,2019-06-13,échouée,1060.95,mobile
2209,5117,2020-06-15,échouée,1216.37,web
2210,4326,2019-07-12,livrée,140.48,mobile
2211,1897,2020-04-04,échouée,631.43,mobile
2212,2232,2019-02-22,échouée,1947.2,mobile
2213,4389,2020-07-25,échouée,621.13,web
2214,4189,2022-05-27,livrée,1161.94,mobile
2215,3265,2023-08-22,échouée,1719.47,mobile
2216,2742,2024-10-19,expédiée,1746.87,web
2217,67,2022-02-17,échouée,1672.51,web
2218,4420,2021-08-07,expédiée,1750.42,mobile
2219,5728,2021-12-12,livrée,542.42,web
2220,4061,2020-05-26,livrée,659.33,mobile
2221,3521,2023-05-22,livrée,1368.92,web
2222,2333,2024-10-23,livrée,593.62,web
2223,4123,2025-12-20,échouée,578.99,mobile
2224,2578,2025-06-13,expédiée,921.18,mobile
2225,612,2019-02-16,en cours,1098.5,web
2226,582,2024-08-31,livrée,1952.56,mobile
2227,3468,2023-07-11,échouée,603.97,web
2228,2633,2020-09-18,en cours,1791.0,web
2229,5498,2025-07-16,expédiée,226.43,web
2230,5388,2022-12-03,expédiée,1646.95,mobile
2231,2829,2021-10-07,en cours,1012.27,mobile
2232,3202,2019-09-15,livrée,255.2,web
2233,1743,2025-04-11,en cours,497.35,web
2234,1967,2024-04-19,échouée,347.27,web
2235,4230,2023-11-03,expédiée,950.75,mobile
2236,4710,2024-09-21,en cours,600.3,mobile
2237,2897,2023-01-27,en cours,1695.81,mobile
2238,2969,2019-10-15,livrée,698.76,web
2239,1119,2021-08-15,en cours,617.48,mobile
2240,2124,2023-06-13,échouée,292.34,web
2241,2240,2022-05-06,en cours,1636.86,web
2242,2142,2021-03-07,expédiée,1934.78,mobile
2243,1866,2021-08-26,échouée,1209.52,mobile
2244,4036,2019-01-08,en cours,1733.38,web
2245,4626,2021-08-31,en cours,1111.68,web
2246,1775,2024-02-22,livrée,398.57,mobile
2247,2225,2023-06-07,livrée,1827.1,web
2248,1916,2022-12-11,expédiée,1718.55,web
2249,1849,2021-03-28,en cours,875.44,web
2250,4006,2022-01-07,échouée,1647.15,web
2251,3494,2020-01-02,en cours,1210.43,web
2252,5175,2024-10-13,échouée,1062.31,web
2253,4747,2024-03-30,livrée,128.51,mobile
2254,5834,2024-02-26,en cours,1382.87,web
2255,951,2021-07-27,livrée,1097.64,mobile
2256,445,2023-08-19,en cours,232.07,web
2257,3243,2020-01-01,expédiée,1446.67,web
2258,4812,2023-11-09,livrée,1884.17,mobile
2259,1691,2022-07-24,échouée,1391.56,mobile
2260,434,2023-07-23,échouée,1761.73,web
2261,1202,2020-05-01,en cours,1207.99,mobile
2262,5421,2021-03-27,expédiée,882.92,web
2263,4936,2025-04-03,échouée,481.3,web
2264,3226,2022-07-07,échouée,1902.28,web
2265,2412,2025-03-03,échouée,47.55,web
2266,24,2024-06-26,échouée,1634.09,web
2267,2461,2021-08-09,livrée,608.38,mobile
2268,3569,2023-08-21,expédiée,1369.64,mobile
2269,3280,2025-09-20,en cours,1134.63,mobile
2270,1607,2024-04-19,expédiée,1719.77,web
2271,4768,2019-10-27,expédiée,564.28,web
2272,433,2023-01-22,expédiée,1931.56,mobile
2273,4028,2024-06-16,expédiée,408.07,web
2274,2103,2020-01-02,échouée,1991.05,mobile
2275,1790,2022-09-12,expédiée,1327.93,mobile
2276,4286,2021-09-29,en cours,1949.45,mobile
2277,1410,2024-02-24,livrée,133.93,mobile
2278,1448,2020-06-30,échouée,125.93,mobile
2279,2769,2025-11-19,livrée,1232.68,mobile
2280,1479,2020-01-29,livrée,1094.12,mobile
2281,168,2023-09-07,expédiée,1488.51,mobile
2282,43,2019-07-30,échouée,50.17,web
2283,2164,2020-02-16,expédiée,1928.56,web
2284,1016,2023-05-06,en cours,1401.49,mobile
2285,5020,2023-10-24,livrée,1074.0,web
2286,5538,2021-08-11,livrée,1372.19,mobile
2287,4964,2021-03-14,échouée,218.13,web
2288,3427,2024-05-13,en cours,1062.53,web
2289,4807,2024-06-21,échouée,444.23,web
2290,4150,2021-01-21,expédiée,1107.07,web
2291,1368,2019-08-29,livrée,1980.43,web
2292,3812,2023-08-09,échouée,30.68,mobile
2293,5055,2021-07-11,échouée,186.38,web
2294,1288,2021-09-23,en cours,554.91,mobile
2295,5575,2024-08-08,expédiée,1155.96,mobile
2296,1263,2021-12-02,expédiée,1422.2,web
2297,3635,2021-08-04,expédiée,1271.67,mobile
2298,3190,2019-08-24,expédiée,1062.67,mobile
2299,1413,2022-02-11,échouée,81.15,mobile
2300,2317,2025-04-08,expédiée,1781.08,web
2301,2302,2025-03-13,livrée,1273.52,mobile
2302,1976,2022-01-19,expédiée,1470.98,web
2303,4911,2023-12-20,livrée,299.93,web
2304,326,2024-07-28,livrée,734.14,web
2305,4633,2024-10-25,en cours,1613.92,mobile
2306,2927,2022-05-05,expédiée,1589.83,mobile
2307,2654,2020-04-29,échouée,214.36,web
2308,100,2025-08-12,en cours,1353.79,web
2309,2696,2023-01-24,échouée,1219.49,mobile
2310,2562,2023-05-31,en cours,1083.42,web
2311,2324,2019-12-12,échouée,1566.75,web
2312,4529,2025-12-01,en cours,423.24,web
2313,17,2021-07-21,livrée,975.67,mobile
2314,3849,2020-06-03,expédiée,1366.28,web
2315,4171,2025-09-29,échouée,951.75,mobile
2316,3843,2023-12-03,livrée,1949.51,web
2317,4518,2021-11-25,en cours,1125.6,web
2318,4568,2022-09-30,expédiée,378.7,mobile
2319,3374,2020-10-26,en cours,1496.05,mobile
2320,3380,2025-04-24,en cours,1635.88,mobile
2321,5480,2024-07-05,expédiée,1384.11,mobile
2322,1623,2025-04-20,échouée,1077.7,mobile
2323,3744,2023-02-21,échouée,1957.82,web
2324,4423,2022-11-28,expédiée,1062.96,mobile
2325,4902,2025-05-27,expédiée,1080.0,mobile
2326,1977,2024-02-11,expédiée,818.25,mobile
2327,33,2024-09-28,échouée,1919.36,web
2328,4584,2019-12-16,expédiée,1128.73,mobile
2329,1893,2022-02-16,échouée,1135.13,web
2330,1644,2022-08-17,échouée,832.44,mobile
2331,2658,2019-03-18,échouée,540.52,mobile
2332,639,2022-04-20,en cours,1209.38,web
2333,5665,2024-05-23,livrée,1591.56,web
2334,2427,2020-09-02,en cours,1251.68,mobile
2335,615,2023-09-24,livrée,1602.56,web
2336,4513,2022-03-31,en cours,1298.79,mobile
2337,3436,2025-10-24,en cours,1855.59,mobile
2338,3464,2020-05-05,expédiée,1763.39,web
2339,138,2023-11-10,expédiée,1139.56,mobile
2340,4924,2024-09-10,en cours,1606.22,mobile
2341,5087,2021-06-10,livrée,1239.13,mobile
2342,1445,2025-03-29,livrée,491.16,web
2343,5596,2024-11-09,livrée,329.82,mobile
2344,5284,2025-09-01,livrée,730.6,web
2345,2867,2021-05-19,livrée,1114.1,web
2346,3313,2021-09-22,livrée,1843.18,web
2347,2050,2024-06-30,expédiée,1600.28,mobile
2348,2644,2024-12-19,échouée,754.85,mobile
2349,4267,2025-06-26,livrée,1638.15,web
2350,3733,2023-05-21,expédiée,1859.18,web
2351,162,2024-01-09,livrée,293.62,web
2352,5107,2019-01-09,expédiée,33.77,web
2353,1134,2022-12-17,expédiée,405.71,web
2354,1317,2025-08-12,livrée,490.1,web
2355,4839,2021-04-15,livrée,641.62,mobile
2356,1474,2023-01-26,livrée,301.22,mobile
2357,3563,2024-05-25,échouée,1854.83,mobile
2358,4459,2023-01-15,livrée,827.4,mobile
2359,2059,2020-01-15,en cours,501.23,mobile
2360,2322,2023-10-03,en cours,622.81,web
2361,2329,2025-03-20,livrée,1955.81,web
2362,5620,2023-10-10,expédiée,1662.66,web
2363,2249,2019-08-02,expédiée,1942.64,mobile
2364,4438,2020-02-09,en cours,1427.06,mobile
2365,5744,2024-03-29,expédiée,264.91,web
2366,2645,2019-03-30,échouée,534.12,mobile
2367,1059,2022-12-28,livrée,166.26,mobile
2368,5261,2019-07-28,expédiée,1626.91,web
2369,4367,2019-09-18,en cours,1581.46,web
2370,5915,2024-06-22,expédiée,90.13,web
2371,4805,2019-12-02,expédiée,1522.19,web
2372,3385,2023-11-05,livrée,214.83,web
2373,2888,2021-08-25,livrée,810.42,mobile
2374,1858,2025-01-18,expédiée,698.54,mobile
2375,84,2020-03-16,livrée,678.02,mobile
2376,5773,2025-12-02,expédiée,567.04,web
2377,4708,2022-08-11,échouée,1229.52,web
2378,255,2025-07-08,livrée,822.95,web
2379,870,2022-07-10,livrée,692.69,web
2380,3538,2020-10-10,expédiée,97.27,mobile
2381,3082,2024-04-30,livrée,1919.38,web
2382,3165,2022-09-05,expédiée,1939.27,mobile
2383,5305,2025-08-27,livrée,1028.22,web
2384,1437,2024-04-07,en cours,1466.83,mobile
2385,1580,2021-11-05,échouée,537.34,web
2386,5027,2021-11-04,en cours,1974.34,web
2387,5590,2019-04-22,livrée,1869.73,web
2388,1647,2023-06-30,échouée,175.11,mobile
2389,3658,2025-01-12,expédiée,1656.76,web
2390,3599,2020-03-16,échouée,417.97,mobile
2391,1079,2024-09-23,échouée,1101.82,mobile
2392,2521,2021-02-08,en cours,867.85,web
2393,4287,2025-10-26,échouée,1068.03,mobile
2394,1535,2023-01-25,en cours,1098.17,mobile
2395,706,2023-04-19,en cours,1419.53,web
2396,2724,2024-05-30,échouée,1801.78,mobile
2397,3197,2022-08-17,en cours,260.8,mobile
2398,499,2023-09-02,en cours,1364.58,mobile
2399,4190,2022-10-02,en cours,27.88,mobile
2400,521,2021-01-13,expédiée,586.6,web
2401,3510,2024-10-02,en cours,1351.3,mobile
2402,295,2023-09-13,expédiée,233.13,web
2403,2481,2024-07-01,livrée,1244.28,mobile
2404,565,2023-01-17,en cours,1730.2,mobile
2405,1314,2021-09-22,expédiée,1542.85,mobile
2406,2247,2021-04-06,échouée,574.28,web
2407,2656,2025-02-10,expédiée,498.82,web
2408,694,2019-09-15,livrée,1395.1,mobile
2409,4086,2023-11-20,échouée,774.87,web
2410,3914,2024-11-20,échouée,481.01,mobile
2411,4413,2024-12-06,livrée,41.92,web
2412,2009,2019-05-14,échouée,779.38,mobile
2413,2413,2024-08-06,en cours,155.66,web
2414,3200,2023-11-21,en cours,998.29,web
2415,664,2021-05-15,livrée,266.19,web
2416,5768,2024-08-15,en cours,549.91,mobile
2417,5074,2020-02-27,en cours,871.02,mobile
2418,5637,2022-08-29,en cours,1458.18,web
2419,5709,2025-11-08,échouée,1981.73,mobile
2420,5296,2020-05-25,en cours,297.71,web
2421,4414,2019-09-16,livrée,1969.0,web
2422,985,2022-01-25,expédiée,1639.42,web
2423,2400,2025-11-03,livrée,1450.85,web
2424,3446,2023-03-04,livrée,320.25,web
2425,1328,2021-03-27,livrée,738.02,web
2426,319,2024-11-16,expédiée,1123.36,mobile
2427,5077,2024-11-27,expédiée,179.3,mobile
2428,2250,2024-10-30,échouée,1439.91,mobile
2429,4419,2023-12-20,échouée,35.33,web
2430,3715,2022-02-19,en cours,725.01,mobile
2431,4763,2023-11-10,expédiée,744.61,web
2432,847,2023-08-05,livrée,315.39,mobile
2433,3453,2024-05-26,expédiée,857.16,mobile
2434,4165,2022-02-02,échouée,497.91,web
2435,5324,2023-01-03,expédiée,660.33,web
2436,464,2024-03-19,livrée,1045.76,web
2437,2076,2020-01-05,en cours,1265.47,web
2438,5310,2023-07-02,livrée,167.18,web
2439,5949,2021-02-21,expédiée,1211.8,mobile
2440,5196,2025-04-08,en cours,797.1,web
2441,2857,2022-06-30,en cours,1900.37,mobile
2442,3440,2021-11-06,échouée,256.11,web
2443,2300,2022-09-12,livrée,735.74,mobile
2444,3831,2024-06-05,livrée,1251.0,web
2445,5200,2021-07-14,en cours,196.0,mobile
2446,3397,2023-05-27,expédiée,118.66,web
2447,3878,2023-05-31,livrée,640.11,mobile
2448,3433,2023-01-21,échouée,215.45,web
2449,1164,2024-12-09,expédiée,1000.57,mobile
2450,2115,2025-01-20,expédiée,1775.68,web
2451,3811,2022-08-22,en cours,1623.75,mobile
2452,2836,2024-03-10,échouée,865.19,mobile
2453,3140,2025-01-07,expédiée,1775.41,mobile
2454,2511,2024-12-15,expédiée,1093.3,web
2455,656,2024-04-20,en cours,638.03,mobile
2456,1755,2021-04-23,en cours,882.53,mobile
2457,5419,2024-04-19,expédiée,1392.32,mobile
2458,1149,2019-07-03,échouée,1327.33,web
2459,3774,2022-04-14,livrée,1992.77,mobile
2460,4780,2023-10-27,livrée,574.8,mobile
2461,3844,2019-08-06,expédiée,1781.76,mobile
2462,742,2021-11-27,expédiée,1101.76,web
2463,3074,2024-09-20,expédiée,1424.84,web
2464,2557,2022-03-12,en cours,1523.96,web
2465,1648,2025-10-20,en cours,862.64,mobile
2466,1978,2020-07-26,en cours,857.07,web
2467,475,2019-02-06,expédiée,689.15,mobile
2468,649,2025-07-27,expédiée,1896.6,web
2469,5005,2024-02-17,livrée,1155.87,web
2470,4732,2021-12-21,livrée,34.83,web
2471,3159,2024-03-22,échouée,942.95,mobile
2472,554,2022-09-24,livrée,997.48,web
2473,2851,2025-12-15,échouée,366.99,mobile
2474,2564,2019-03-02,expédiée,1093.96,web
2475,5575,2021-08-28,livrée,356.0,web
2476,1252,2023-02-13,en cours,675.32,mobile
2477,4302,2024-12-23,expédiée,1173.0,mobile
2478,450,2021-11-09,livrée,971.02,web
2479,3539,2025-10-09,livrée,596.17,web
2480,3332,2019-06-22,échouée,471.43,mobile
2481,5352,2021-08-01,échouée,850.34,web
2482,2219,2023-09-27,expédiée,1286.03,web
2483,5253,2023-02-23,en cours,1087.09,mobile
2484,3192,2023-03-31,expédiée,124.02,mobile
2485,999,2023-04-16,livrée,1865.03,mobile
2486,5161,2025-12-20,livrée,201.51,mobile
2487,1818,2020-10-17,livrée,37.3,mobile
2488,5289,2021-01-01,expédiée,1876.86,web
2489,1414,2024-04-17,expédiée,1252.1,mobile
2490,2911,2020-06-02,livrée,595.91,mobile
2491,1856,2022-11-17,en cours,1400.07,mobile
2492,2554,2019-12-01,livrée,1718.36,mobile
2493,4302,2019-08-25,échouée,304.85,mobile
2494,2601,2020-02-12,livrée,1489.38,mobile
2495,3402,2021-06-02,échouée,539.94,mobile
2496,5803,2022-05-26,expédiée,1599.78,web
2497,2498,2024-07-30,échouée,1381.49,web
2498,1345,2024-07-13,livrée,1899.45,web
2499,4850,2025-11-26,livrée,1546.47,mobile
2500,1804,2020-08-27,échouée,1420.72,web
2501,2555,2020-09-17,en cours,1041.82,web
2502,1469,2023-12-02,échouée,143.88,web
2503,5465,2019-11-26,en cours,1071.54,mobile
2504,5740,2020-10-03,livrée,1797.07,mobile
2505,3433,2023-06-18,livrée,644.86,mobile
2506,2655,2025-10-11,expédiée,1425.78,web
2507,1247,2019-12-01,en cours,1311.64,web
2508,2564,2024-11-27,en cours,974.2,mobile
2509,4665,2025-10-04,expédiée,113.16,mobile
2510,4124,2021-12-02,livrée,1870.92,mobile
2511,5596,2021-05-09,en cours,860.29,web
2512,1328,2023-06-19,en cours,1446.66,mobile
2513,291,2025-05-27,livrée,517.21,mobile
2514,2492,2019-04-24,expédiée,1028.4,mobile
2515,4637,2022-02-10,livrée,269.29,mobile
2516,3502,2019-12-05,en cours,1235.3,web
2517,4917,2021-07-27,livrée,1266.46,web
2518,4402,2020-09-19,expédiée,323.68,mobile
2519,2302,2019-12-31,livrée,1589.7,mobile
2520,3441,2021-09-26,livrée,1826.62,web
2521,180,2023-02-07,en cours,916.51,mobile
2522,125,2022-12-17,en cours,1246.99,web
2523,169,2020-02-26,en cours,1410.09,mobile
2524,4846,2025-04-22,échouée,1045.61,mobile
2525,5274,2025-11-24,livrée,1475.47,web
2526,4015,2023-08-27,échouée,168.8,mobile
2527,3938,2022-07-05,livrée,420.15,mobile
2528,4671,2024-07-23,expédiée,1409.66,web
2529,4505,2019-12-22,expédiée,1873.93,web
2530,1708,2019-07-07,échouée,1787.82,mobile
2531,4745,2025-09-26,livrée,1036.37,web
2532,4058,2019-03-26,en cours,748.44,mobile
2533,2216,2019-05-29,en cours,1792.13,web
2534,3386,2021-10-06,en cours,205.7,mobile
2535,4654,2022-03-05,échouée,504.3,web
2536,4176,2020-04-10,en cours,1379.69,mobile
2537,1363,2021-01-03,livrée,69.29,mobile
2538,1335,2020-05-03,expédiée,1213.17,web
2539,2982,2021-11-08,échouée,1232.96,web
2540,332,2020-12-03,échouée,353.58,web
2541,3092,2021-08-03,échouée,1240.76,web
2542,204,2024-03-19,expédiée,1965.5,web
2543,2422,2025-08-22,expédiée,182.69,web
2544,4365,2019-09-18,en cours,1396.84,mobile
2545,3240,2019-12-28,en cours,1029.78,mobile
2546,1145,2022-11-06,livrée,683.46,web
2547,3044,2023-04-07,expédiée,761.67,mobile
2548,1796,2019-03-31,livrée,83.15,mobile
2549,2778,2025-10-20,en cours,1205.42,web
2550,4104,2025-08-13,expédiée,451.6,mobile
2551,5459,2021-05-03,expédiée,439.81,web
2552,5964,2022-10-23,échouée,1017.3,mobile
2553,2845,2024-04-26,en cours,107.18,web
2554,1866,2025-10-22,en cours,1142.56,mobile
2555,1845,2019-10-18,livrée,91.75,mobile
2556,5025,2020-04-07,échouée,365.29,web
2557,1677,2025-02-07,expédiée,281.58,web
2558,5990,2022-08-16,expédiée,278.41,mobile
2559,2103,2021-06-28,livrée,1596.35,web
2560,2489,2023-01-15,expédiée,1226.65,mobile
2561,454,2020-08-17,en cours,833.6,web
2562,628,2025-07-11,expédiée,1193.18,mobile
2563,3961,2020-06-20,livrée,1653.47,web
2564,3521,2019-03-10,livrée,1880.67,web
2565,4879,2025-12-20,expédiée,837.48,web
2566,5701,2019-09-15,en cours,375.19,mobile
2567,5778,2022-01-20,livrée,319.65,web
2568,5136,2024-01-15,livrée,943.36,web
2569,3332,2022-07-18,échouée,1424.59,web
2570,4549,2022-05-24,échouée,988.58,web
2571,5782,2019-10-25,échouée,247.54,mobile
2572,2405,2020-08-19,en cours,699.88,mobile
2573,4037,2025-11-29,expédiée,1768.69,web
2574,2517,2024-02-13,expédiée,390.54,mobile
2575,667,2020-07-01,expédiée,470.48,mobile
2576,1286,2025-08-15,en cours,691.7,mobile
2577,61,2019-12-27,livrée,815.36,web
2578,1488,2023-12-06,en cours,1296.44,web
2579,3376,2021-12-09,en cours,1088.49,web
2580,1439,2020-09-23,échouée,1161.46,web
2581,3051,2024-01-12,livrée,204.11,mobile
2582,1563,2020-04-07,expédiée,1035.06,web
2583,1756,2022-03-22,échouée,908.91,web
2584,2808,2025-11-06,échouée,858.99,web
2585,826,2021-07-14,expédiée,1440.64,web
2586,3888,2021-10-30,échouée,1072.53,web
2587,4843,2024-07-07,échouée,220.76,mobile
2588,3751,2023-02-09,expédiée,66.44,mobile
2589,5623,2024-06-15,livrée,1221.84,web
2590,73,2023-11-11,expédiée,1919.62,mobile
2591,5488,2023-04-19,expédiée,1529.54,mobile
2592,1854,2022-07-17,échouée,1944.39,mobile
2593,5726,2025-12-15,livrée,958.94,mobile
2594,597,2019-11-24,livrée,1696.61,web
2595,194,2023-10-30,expédiée,1390.86,mobile
2596,4327,2024-04-05,échouée,1188.65,web
2597,4355,2024-11-03,expédiée,343.18,mobile
2598,340,2024-01-30,échouée,1780.17,web
2599,1230,2020-01-09,en cours,556.19,mobile
2600,1622,2025-01-29,livrée,946.91,mobile
2601,5126,2019-07-07,livrée,1138.21,mobile
2602,5617,2022-05-16,en cours,1487.22,web
2603,2314,2019-06-27,livrée,665.73,web
2604,4370,2022-05-05,échouée,1124.41,mobile
2605,5671,2020-10-05,expédiée,420.49,web
2606,5907,2025-06-13,livrée,547.57,web
2607,1344,2021-03-15,en cours,508.94,web
2608,3254,2023-12-17,expédiée,1139.71,mobile
2609,4759,2025-03-01,livrée,1699.49,web
2610,4864,2024-10-01,en cours,1171.16,web
2611,5793,2024-04-27,en cours,34.71,web
2612,4682,2023-08-14,livrée,1616.34,web
2613,1593,2021-11-06,livrée,570.16,web
2614,1862,2019-02-21,expédiée,1865.56,mobile
2615,5311,2019-04-23,échouée,1182.79,mobile
2616,4694,2022-10-04,livrée,1786.38,mobile
2617,1336,2025-12-07,en cours,724.13,web
2618,739,2021-06-27,échouée,1314.77,web
2619,1699,2019-07-15,expédiée,640.94,web
2620,4449,2024-05-08,en cours,81.56,mobile
2621,5332,2024-09-21,expédiée,1208.41,web
2622,5498,2020-04-13,livrée,393.33,web
2623,1845,2022-07-08,livrée,1916.27,web
2624,1330,2025-08-28,échouée,975.61,mobile
2625,5425,2019-12-11,en cours,710.37,mobile
2626,3666,2022-08-22,échouée,630.51,web
2627,5960,2022-10-03,en cours,1761.38,mobile
2628,5934,2021-05-07,livrée,1303.34,mobile
2629,2871,2023-02-09,livrée,956.27,web
2630,1245,2023-01-20,livrée,513.87,mobile
2631,1212,2019-08-02,échouée,649.33,mobile
2632,5860,2022-05-29,expédiée,1502.08,mobile
2633,4105,2021-08-20,expédiée,752.48,web
2634,2384,2025-08-02,en cours,431.23,mobile
2635,4445,2021-09-26,échouée,741.39,mobile
2636,4867,2020-09-29,en cours,1847.62,web
2637,5504,2021-11-03,échouée,1287.21,web
2638,1698,2019-01-20,échouée,1233.91,web
2639,4476,2021-04-04,en cours,639.17,web
2640,4367,2021-11-22,échouée,905.24,mobile
2641,3255,2020-09-02,en cours,1859.84,mobile
2642,2063,2022-07-22,livrée,986.75,web
2643,1048,2024-11-04,expédiée,831.29,web
2644,4075,2021-06-25,échouée,1389.4,mobile
2645,5092,2024-11-08,échouée,1792.22,mobile
2646,3871,2019-07-26,expédiée,343.12,mobile
2647,1018,2019-12-31,livrée,1217.37,web
2648,1388,2019-05-15,en cours,1842.99,web
2649,4933,2021-10-01,échouée,1648.9,web
2650,3848,2020-12-22,en cours,1232.95,mobile
2651,81,2023-04-14,en cours,781.13,mobile
2652,1525,2023-02-17,échouée,653.83,mobile
2653,2700,2025-07-08,en cours,692.59,web
2654,3583,2024-05-05,échouée,548.14,mobile
2655,5756,2019-11-29,en cours,463.87,web
2656,2322,2024-10-23,livrée,1647.57,mobile
2657,2770,2023-12-23,échouée,1277.75,web
2658,549,2021-06-20,expédiée,1369.32,mobile
2659,1796,2021-08-11,livrée,1169.73,mobile
2660,4133,2024-10-17,expédiée,305.0,web
2661,5238,2019-03-01,expédiée,896.79,mobile
2662,3745,2022-06-17,échouée,1403.0,web
2663,2187,2020-09-13,livrée,1862.3,web
2664,2540,2022-12-06,en cours,1859.72,mobile
2665,1647,2023-02-02,expédiée,1948.23,mobile
2666,543,2020-04-02,livrée,699.69,web
2667,152,2021-11-17,échouée,759.47,mobile
2668,326,2023-03-17,expédiée,1807.1,web
2669,1794,2019-07-28,échouée,1542.36,mobile
2670,4795,2023-04-08,échouée,1645.36,web
2671,1353,2025-04-04,expédiée,349.62,mobile
2672,5273,2024-07-02,échouée,1081.19,mobile
2673,3621,2019-06-10,livrée,481.01,mobile
2674,1721,2022-08-28,expédiée,1418.85,mobile
2675,1252,2024-05-16,échouée,342.01,mobile
2676,1376,2019-07-11,livrée,312.45,web
2677,5205,2025-01-31,expédiée,1482.96,mobile
2678,3401,2022-04-08,échouée,953.42,mobile
2679,5051,2019-01-13,expédiée,1386.95,web
2680,3591,2022-04-07,en cours,1423.19,mobile
2681,3034,2020-12-19,expédiée,1510.19,web
2682,5946,2025-12-22,en cours,1895.75,web
2683,38,2021-08-06,échouée,237.72,web
2684,689,2019-12-22,échouée,1993.92,mobile
2685,303,2021-01-10,échouée,922.88,web
2686,2922,2021-07-30,échouée,1212.07,mobile
2687,3092,2022-12-05,livrée,1422.12,web
2688,3773,2019-08-22,expédiée,877.02,web
2689,2875,2025-12-30,en cours,1335.28,web
2690,2290,2025-03-19,expédiée,676.91,web
2691,2809,2019-04-20,livrée,132.8,mobile
2692,3300,2025-09-30,livrée,1507.99,web
2693,5601,2023-12-12,en cours,585.64,web
2694,2744,2019-10-12,en cours,1602.25,web
2695,4198,2019-03-01,échouée,1063.48,mobile
2696,918,2020-04-01,en cours,1509.05,mobile
2697,2998,2022-06-28,livrée,620.06,web
2698,4861,2023-03-02,échouée,1718.16,web
2699,4025,2025-03-01,échouée,265.25,mobile
2700,2153,2021-01-18,en cours,931.25,mobile
2701,5129,2020-02-14,en cours,115.18,mobile
2702,1104,2023-07-18,livrée,624.02,web
2703,5638,2019-08-07,échouée,353.01,web
2704,2774,2019-01-02,livrée,1714.85,mobile
2705,5598,2025-12-16,échouée,622.96,web
2706,2620,2020-12-09,livrée,1781.25,web
2707,3571,2025-08-22,en cours,446.43,web
2708,4456,2024-06-05,livrée,1451.03,mobile
2709,5306,2019-11-27,échouée,1975.09,mobile
2710,5624,2023-08-27,expédiée,1872.81,web
2711,4125,2025-05-11,expédiée,768.73,web
2712,3924,2021-10-08,livrée,1137.23,mobile
2713,672,2022-10-10,échouée,316.55,web
2714,2972,2021-07-18,échouée,1572.36,mobile
2715,1471,2019-09-02,échouée,1099.37,web
2716,4257,2024-12-27,livrée,1321.57,mobile
2717,3778,2019-10-04,en cours,507.97,web
2718,5180,2020-09-26,échouée,411.52,mobile
2719,3207,2021-05-01,livrée,652.55,web
2720,5798,2024-04-25,échouée,1203.84,web
2721,2403,2020-11-14,livrée,1973.21,web
2722,1644,2021-04-23,expédiée,998.5,web
2723,859,2022-08-13,échouée,731.87,web
2724,5317,2021-04-27,échouée,1748.06,mobile
2725,5773,2019-09-04,en cours,1365.96,mobile
2726,1737,2022-10-12,échouée,1219.13,web
2727,404,2021-03-27,livrée,1959.55,mobile
2728,1404,2022-10-06,livrée,1079.2,web
2729,5700,2025-11-19,échouée,693.7,mobile
2730,4957,2021-06-04,livrée,1678.53,mobile
2731,5199,2019-06-12,livrée,262.18,web
2732,4144,2023-03-20,échouée,1503.41,mobile
2733,4587,2020-01-28,échouée,1371.86,web
2734,4804,2022-07-14,échouée,792.41,web
2735,1212,2020-04-17,en cours,1811.34,mobile
2736,2038,2023-09-15,expédiée,1742.24,mobile
2737,651,2024-03-25,livrée,1337.81,web
2738,377,2022-01-27,en cours,1095.99,mobile
2739,4901,2021-08-16,expédiée,1742.56,mobile
2740,683,2024-08-31,expédiée,1780.58,web
2741,5080,2024-07-18,échouée,1688.49,mobile
2742,1767,2023-03-04,échouée,987.12,mobile
2743,1550,2025-05-17,livrée,970.3,mobile
2744,619,2023-09-29,livrée,443.04,web
2745,1152,2025-07-12,livrée,257.36,web
2746,5810,2024-07-09,échouée,838.05,mobile
2747,2112,2019-12-24,expédiée,115.18,web
2748,2198,2024-06-25,en cours,520.78,web
2749,1134,2020-09-29,en cours,1768.25,mobile
2750,1284,2024-08-17,échouée,1247.77,web
2751,2316,2020-06-21,expédiée,609.41,mobile
2752,3459,2024-02-25,échouée,1071.04,web
2753,2814,2022-11-27,expédiée,134.52,mobile
2754,2332,2020-05-12,livrée,1229.19,web
2755,4708,2019-09-03,échouée,589.49,web
2756,5878,2023-01-12,échouée,339.65,mobile
2757,1705,2019-08-01,livrée,1016.89,mobile
2758,2604,2023-02-14,expédiée,732.45,mobile
2759,982,2024-11-22,en cours,719.06,mobile
2760,1381,2020-12-21,échouée,1364.31,mobile
2761,5253,2019-12-30,livrée,1457.6,web
2762,1393,2023-11-29,en cours,1066.18,mobile
2763,2707,2019-10-15,livrée,1476.01,mobile
2764,4658,2021-05-26,échouée,1691.85,web
2765,5025,2021-02-13,livrée,675.42,mobile
2766,3866,2023-10-07,en cours,1531.35,web
2767,3043,2021-12-22,livrée,168.64,mobile
2768,3672,2023-04-13,expédiée,1574.83,web
2769,5352,2023-06-05,livrée,1681.4,mobile
2770,2896,2020-08-07,expédiée,397.75,web
2771,3416,2021-02-19,livrée,1622.42,web
2772,3857,2023-11-27,échouée,924.66,web
2773,2453,2023-04-02,en cours,1061.34,mobile
2774,5596,2025-02-06,livrée,406.5,web
2775,644,2019-06-03,livrée,138.24,web
2776,2274,2025-12-30,échouée,1419.0,mobile
2777,807,2019-11-02,échouée,1100.26,web
2778,5690,2024-05-26,échouée,491.71,mobile
2779,1724,2019-09-01,échouée,1016.06,web
2780,4877,2022-07-03,livrée,1985.27,web
2781,4735,2020-03-03,livrée,916.3,web
2782,519,2024-12-12,livrée,1468.04,web
2783,1301,2023-03-11,livrée,505.38,web
2784,2345,2021-02-15,en cours,948.19,mobile
2785,2393,2024-10-14,livrée,1038.36,web
2786,4621,2019-02-21,expédiée,851.05,web
2787,3201,2019-08-06,échouée,1484.08,web
2788,3047,2020-06-04,en cours,1089.8,web
2789,3315,2021-01-07,en cours,942.82,mobile
2790,5957,2022-12-21,expédiée,1837.08,web
2791,4599,2023-05-04,en cours,1581.04,web
2792,3239,2025-12-12,expédiée,1078.24,mobile
2793,3560,2023-08-23,livrée,1372.38,mobile
2794,16,2022-04-17,expédiée,1264.19,web
2795,1674,2020-09-22,en cours,647.41,web
2796,3446,2019-02-07,expédiée,1146.17,mobile
2797,4778,2020-10-22,livrée,1627.27,web
2798,391,2021-10-29,expédiée,609.54,web
2799,1752,2024-02-11,échouée,884.31,web
2800,1970,2025-01-21,livrée,960.16,mobile
2801,2660,2021-11-23,expédiée,971.21,mobile
2802,1308,2025-02-28,livrée,696.53,mobile
2803,1300,2020-04-15,échouée,686.58,web
2804,4112,2023-10-06,expédiée,1088.72,mobile
2805,1509,2019-01-09,expédiée,538.46,mobile
2806,5276,2021-10-19,livrée,1605.5,web
2807,1588,2021-11-18,livrée,939.86,web
2808,1547,2024-11-16,expédiée,200.88,web
2809,5242,2024-10-17,échouée,70.98,web
2810,458,2023-06-13,livrée,629.93,web
2811,4962,2022-06-29,livrée,577.97,web
2812,4336,2023-07-25,livrée,56.7,web
2813,3657,2024-07-09,en cours,1940.11,web
2814,206,2019-08-25,échouée,1190.07,mobile
2815,1479,2025-12-16,livrée,338.03,web
2816,3347,2020-08-05,livrée,1651.36,web
2817,2699,2022-07-10,en cours,897.99,web
2818,5181,2022-07-08,échouée,1755.7,web
2819,66,2023-02-11,expédiée,1878.75,mobile
2820,1234,2023-08-31,en cours,399.71,mobile
2821,666,2022-06-04,en cours,389.98,mobile
2822,1192,2021-10-11,en cours,134.66,mobile
2823,4665,2024-08-11,livrée,1171.19,web
2824,702,2023-08-23,échouée,544.76,mobile
2825,1910,2023-04-17,livrée,1553.91,web
2826,1313,2023-01-27,échouée,160.89,mobile
2827,4464,2021-11-19,livrée,310.17,web
2828,5639,2019-12-09,livrée,1188.73,mobile
2829,5092,2019-12-27,en cours,98.7,web
2830,2044,2021-02-12,échouée,1866.34,web
2831,4152,2019-09-24,en cours,1353.46,web
2832,5534,2021-08-15,en cours,860.4,web
2833,4418,2025-06-05,livrée,1499.13,mobile
2834,224,2024-03-19,échouée,702.37,mobile
2835,2484,2019-10-03,livrée,1601.24,mobile
2836,13,2024-05-07,en cours,843.65,web
2837,4657,2019-09-15,échouée,1056.89,mobile
2838,2488,2024-10-09,expédiée,1802.56,mobile
2839,5078,2023-09-11,livrée,1534.97,mobile
2840,3971,2019-11-10,en cours,1803.72,mobile
2841,4793,2019-10-12,expédiée,847.26,web
2842,1337,2019-04-10,expédiée,679.39,web
2843,2369,2023-06-21,expédiée,1184.38,web
2844,3857,2021-10-02,livrée,854.2,mobile
2845,4349,2020-11-05,en cours,263.92,web
2846,4046,2019-10-17,expédiée,1739.41,web
2847,1741,2022-04-18,livrée,944.49,mobile
2848,4145,2023-12-19,en cours,368.24,mobile
2849,3475,2023-11-17,livrée,729.79,web
2850,94,2022-01-24,livrée,574.3,mobile
2851,945,2019-12-29,en cours,1285.94,web
2852,4682,2020-10-12,en cours,965.08,web
2853,5374,2025-12-04,échouée,1655.08,web
2854,4215,2019-09-25,en cours,153.08,web
2855,5760,2022-10-20,livrée,1756.77,mobile
2856,2560,2024-03-01,échouée,1613.74,web
2857,108,2020-08-07,en cours,1389.19,mobile
2858,1776,2020-12-04,échouée,502.0,mobile
2859,3978,2022-06-18,en cours,361.52,web
2860,4485,2019-05-03,expédiée,603.62,web
2861,3557,2021-07-15,échouée,1304.17,mobile
2862,4763,2022-11-10,échouée,835.63,web
2863,2929,2021-04-30,échouée,1483.27,web
2864,48,2023-03-23,expédiée,1078.83,web
2865,1418,2025-09-21,expédiée,1766.63,mobile
2866,1958,2023-06-28,livrée,585.43,mobile
2867,2111,2023-03-09,échouée,206.39,mobile
2868,5321,2024-11-14,échouée,1143.02,web
2869,4378,2025-09-28,échouée,1379.9,web
2870,5385,2022-11-09,en cours,1593.79,mobile
2871,5290,2019-02-02,en cours,1621.71,mobile
2872,4139,2023-03-02,livrée,599.63,mobile
2873,3506,2025-01-19,échouée,1255.65,web
2874,174,2023-06-07,en cours,444.85,mobile
2875,2785,2024-11-24,échouée,615.57,mobile
2876,4178,2025-04-01,expédiée,370.3,mobile
2877,1966,2020-08-18,en cours,1891.51,mobile
2878,762,2020-04-22,échouée,1976.66,web
2879,1915,2024-09-07,échouée,369.41,web
2880,2761,2023-08-27,en cours,1369.76,web
2881,3051,2021-10-24,échouée,532.48,web
2882,4851,2024-05-26,échouée,1324.29,web
2883,1018,2021-07-18,expédiée,1192.45,mobile
2884,3130,2023-06-07,échouée,1894.5,mobile
2885,4592,2019-07-06,livrée,1778.24,web
2886,5620,2022-03-30,expédiée,95.51,mobile
2887,5215,2019-11-05,échouée,1665.63,web
2888,132,2022-10-27,échouée,464.0,mobile
2889,82,2023-12-02,échouée,1826.18,web
2890,5938,2019-08-21,en cours,1613.44,mobile
2891,3691,2023-04-23,expédiée,973.37,web
2892,2325,2024-10-21,échouée,195.75,web
2893,3481,2019-01-23,livrée,1053.0,mobile
2894,4248,2022-06-14,en cours,1208.2,mobile
2895,5002,2024-02-22,expédiée,265.87,web
2896,1018,2021-06-09,livrée,955.38,web
2897,3171,2020-05-15,livrée,91.06,mobile
2898,5166,2024-12-24,livrée,1996.38,web
2899,3191,2022-01-18,échouée,1175.35,web
2900,3348,2022-09-07,livrée,315.12,web
2901,5690,2019-12-29,en cours,140.49,web
2902,4564,2025-10-14,expédiée,1484.6,web
2903,1681,2021-12-01,livrée,40.2,web
2904,5246,2025-05-10,expédiée,275.14,mobile
2905,1252,2024-03-28,échouée,518.86,web
2906,3662,2021-12-03,échouée,1823.46,mobile
2907,5852,2019-10-28,échouée,1697.61,web
2908,4157,2019-02-24,expédiée,59.43,mobile
2909,1797,2022-08-08,livrée,1677.27,mobile
2910,1765,2020-01-13,livrée,633.64,web
2911,5306,2021-05-16,livrée,1689.83,web
2912,836,2022-03-06,livrée,1575.95,web
2913,1832,2024-06-18,expédiée,1004.38,mobile
2914,877,2022-10-06,expédiée,452.1,mobile
2915,3636,2024-02-25,livrée,25.84,mobile
2916,58,2023-02-20,en cours,1985.23,web
2917,5060,2025-09-02,échouée,1068.47,web
2918,857,2019-12-16,échouée,1079.94,web
2919,4262,2021-05-29,en cours,1865.88,mobile
2920,2437,2025-11-21,expédiée,1404.01,mobile
2921,238,2020-06-03,expédiée,215.68,web
2922,4013,2022-02-08,livrée,1608.85,web
2923,168,2024-01-04,en cours,127.7,web
2924,3094,2022-03-22,expédiée,195.15,web
2925,3159,2019-05-19,en cours,1660.35,web
2926,2438,2022-02-14,échouée,781.27,mobile
2927,4181,2021-03-27,livrée,1235.46,web
2928,2481,2022-08-20,livrée,1663.32,web
2929,4640,2022-06-18,expédiée,838.92,mobile
2930,1427,2025-03-17,en cours,1590.23,mobile
2931,48,2023-03-14,expédiée,654.21,mobile
2932,2679,2020-05-20,en cours,1554.44,web
2933,30,2022-06-02,échouée,458.04,web
2934,2976,2025-08-11,en cours,1980.04,mobile
2935,5960,2020-07-16,en cours,967.82,mobile
2936,5463,2023-11-11,en cours,1527.95,web
2937,3179,2023-01-19,expédiée,1457.37,web
2938,5372,2019-03-20,expédiée,708.78,mobile
2939,25,2021-06-16,livrée,1160.95,web
2940,4615,2024-05-31,expédiée,1950.81,web
2941,1267,2022-07-02,livrée,430.24,mobile
2942,1465,2023-11-25,expédiée,282.18,web
2943,5075,2022-10-06,livrée,1950.9,mobile
2944,3664,2022-01-21,expédiée,690.77,mobile
2945,336,2025-10-24,livrée,1457.01,mobile
2946,934,2020-11-18,échouée,800.2,web
2947,476,2025-02-16,livrée,1899.45,mobile
2948,5127,2020-10-12,échouée,1509.54,web
2949,5198,2024-11-10,échouée,895.88,web
2950,2836,2020-10-17,expédiée,1399.99,mobile
2951,1925,2025-01-27,en cours,1474.1,web
2952,1512,2020-11-05,expédiée,1293.86,web
2953,1508,2019-09-26,en cours,1070.66,web
2954,5269,2023-11-01,expédiée,80.48,mobile
2955,3908,2023-02-05,échouée,1089.1,mobile
2956,3374,2020-10-28,expédiée,1224.9,mobile
2957,5449,2023-07-10,expédiée,375.78,web
2958,5152,2019-07-19,échouée,1582.12,web
2959,1349,2023-05-19,échouée,1042.61,mobile
2960,694,2020-08-09,échouée,888.1,mobile
2961,2794,2025-12-03,expédiée,1778.18,web
2962,4353,2022-08-07,en cours,1022.03,web
2963,489,2024-09-18,échouée,1429.6,mobile
2964,5076,2021-12-18,expédiée,1231.07,web
2965,3266,2023-01-18,expédiée,1516.97,web
2966,2337,2025-01-16,expédiée,1757.96,mobile
2967,1558,2024-01-24,livrée,253.01,web
2968,5060,2022-06-20,expédiée,343.45,mobile
2969,2470,2022-02-25,échouée,372.6,mobile
2970,2848,2021-08-19,livrée,1668.95,mobile
2971,3115,2020-06-25,échouée,1394.09,web
2972,1633,2021-12-04,expédiée,1372.4,mobile
2973,1289,2024-03-20,livrée,1040.2,mobile
2974,3206,2023-06-22,en cours,1527.04,mobile
2975,5631,2021-04-13,échouée,1099.56,web
2976,1642,2019-03-26,expédiée,1379.51,web
2977,4176,2022-01-31,expédiée,531.97,web
2978,5984,2024-06-24,échouée,1411.5,mobile
2979,2727,2024-02-13,en cours,447.46,mobile
2980,4056,2021-08-31,échouée,1515.52,mobile
2981,4614,2019-07-24,expédiée,1210.78,mobile
2982,1037,2025-06-28,en cours,1513.07,web
2983,361,2020-07-22,expédiée,907.41,web
2984,3460,2024-07-11,livrée,1378.95,mobile
2985,2001,2019-03-27,livrée,213.56,mobile
2986,5668,2023-11-02,en cours,1175.48,web
2987,355,2024-10-21,en cours,1530.22,mobile
2988,1221,2025-05-01,expédiée,311.27,web
2989,3594,2021-01-15,expédiée,664.74,web
2990,4193,2024-08-28,échouée,1066.07,mobile
2991,2549,2021-09-18,expédiée,1637.13,mobile
2992,970,2024-06-29,échouée,1739.35,web
2993,894,2025-04-09,expédiée,941.97,web
2994,2456,2024-11-21,expédiée,817.54,web
2995,2621,2025-08-13,livrée,856.5,web
2996,882,2021-05-14,livrée,1346.61,mobile
2997,176,2019-04-11,livrée,299.95,web
2998,4857,2024-11-02,expédiée,826.75,mobile
2999,4155,2024-12-07,expédiée,50.24,mobile
3000,5697,2022-08-12,en cours,1668.8,web
3001,4434,2025-05-04,livrée,428.75,mobile
3002,3806,2021-10-03,expédiée,1749.79,web
3003,743,2023-02-23,livrée,290.47,mobile
3004,3681,2025-02-02,livrée,857.68,web
3005,782,2023-08-27,livrée,484.37,web
3006,2667,2024-11-13,en cours,380.89,mobile
3007,4572,2025-10-16,livrée,776.33,mobile
3008,4223,2021-11-14,livrée,237.7,web
3009,5165,2019-10-12,échouée,345.21,mobile
3010,1008,2019-04-17,échouée,328.59,web
3011,2655,2020-04-03,expédiée,1004.15,web
3012,4454,2023-03-09,échouée,1002.14,mobile
3013,419,2022-05-18,expédiée,741.3,web
3014,4180,2024-06-14,échouée,579.12,mobile
3015,1032,2019-06-15,expédiée,1125.72,mobile
3016,1434,2022-06-05,livrée,756.14,mobile
3017,3370,2019-07-29,expédiée,1367.62,mobile
3018,1035,2024-03-03,en cours,590.13,mobile
3019,31,2025-08-21,en cours,1647.47,mobile
3020,5275,2024-03-05,livrée,1744.25,mobile
3021,735,2023-04-01,en cours,600.25,mobile
3022,4284,2022-11-19,livrée,1480.39,web
3023,632,2023-11-04,expédiée,1889.42,web
3024,152,2022-10-28,livrée,1140.23,web
3025,5546,2019-01-17,en cours,25.35,mobile
3026,2445,2023-11-13,échouée,754.75,mobile
3027,3494,2019-08-05,en cours,1946.05,web
3028,3478,2019-08-04,livrée,494.63,mobile
3029,5835,2019-05-17,expédiée,1849.68,web
3030,181,2022-12-10,livrée,1205.88,mobile
3031,770,2020-11-23,livrée,1436.31,mobile
3032,5819,2019-09-21,en cours,1928.94,web
3033,2944,2023-07-20,livrée,1044.7,mobile
3034,2973,2020-04-16,livrée,1579.35,mobile
3035,5885,2024-02-27,échouée,281.18,web
3036,483,2022-05-19,livrée,993.61,mobile
3037,453,2023-08-23,en cours,118.79,mobile
3038,5196,2019-04-17,en cours,132.38,web
3039,4894,2020-09-17,en cours,1643.87,web
3040,1410,2024-02-23,expédiée,1542.4,mobile
3041,1810,2022-01-07,expédiée,480.4,web
3042,3554,2021-08-25,expédiée,1517.7,mobile
3043,4344,2019-09-07,en cours,948.75,web
3044,4163,2021-10-22,livrée,980.38,mobile
3045,5682,2021-12-09,livrée,635.48,mobile
3046,3163,2022-10-07,échouée,1182.07,web
3047,397,2023-01-24,expédiée,1255.92,mobile
3048,710,2025-01-23,échouée,1892.38,mobile
3049,5647,2023-05-09,expédiée,1847.95,mobile
3050,5019,2023-01-25,échouée,456.67,web
3051,5285,2025-02-06,échouée,527.61,mobile
3052,4430,2020-06-26,en cours,177.35,web
3053,1560,2023-08-21,expédiée,976.63,web
3054,370,2024-01-14,échouée,1795.96,web
3055,1424,2019-10-13,en cours,1798.06,web
3056,4991,2025-06-01,livrée,1478.78,mobile
3057,1088,2021-09-06,expédiée,324.23,mobile
3058,125,2024-03-04,en cours,826.63,mobile
3059,5382,2021-08-27,échouée,1303.34,mobile
3060,5731,2025-04-08,expédiée,126.89,mobile
3061,1881,2025-02-21,en cours,466.24,web
3062,553,2019-12-04,expédiée,692.68,mobile
3063,5781,2025-07-05,échouée,876.72,mobile
3064,5591,2020-12-27,en cours,1287.47,web
3065,914,2024-07-28,expédiée,543.49,web
3066,230,2019-06-02,échouée,333.04,web
3067,3566,2022-04-14,livrée,1850.72,mobile
3068,1276,2024-05-17,en cours,924.74,web
3069,545,2019-10-15,en cours,1325.91,web
3070,2207,2019-09-01,expédiée,1871.27,web
3071,5647,2025-12-21,échouée,1513.56,mobile
3072,3905,2020-06-09,livrée,297.03,mobile
3073,5823,2019-12-30,livrée,916.48,web
3074,3365,2024-05-28,échouée,1958.61,mobile
3075,4577,2023-07-06,expédiée,1764.86,mobile
3076,1139,2019-09-03,échouée,1216.79,web
3077,1203,2023-11-15,expédiée,1508.78,mobile
3078,630,2023-07-21,expédiée,90.78,web
3079,3193,2023-12-31,échouée,421.79,web
3080,5424,2024-04-03,échouée,1155.48,web
3081,2509,2020-05-19,échouée,1395.64,web
3082,188,2022-01-02,livrée,1104.86,mobile
3083,3670,2024-07-08,en cours,647.91,mobile
3084,4202,2024-12-15,en cours,1034.52,web
3085,1930,2022-10-22,expédiée,1088.19,mobile
3086,2180,2022-11-27,en cours,430.2,mobile
3087,4401,2024-10-06,livrée,314.81,mobile
3088,3087,2025-01-05,expédiée,1295.06,mobile
3089,2838,2022-11-06,expédiée,587.83,mobile
3090,4192,2019-10-26,en cours,1603.22,web
3091,3049,2025-03-14,livrée,571.05,web
3092,1675,2019-04-18,livrée,1919.89,mobile
3093,798,2024-03-05,en cours,765.24,mobile
3094,5389,2022-03-21,livrée,1760.51,web
3095,27,2021-06-22,expédiée,853.41,web
3096,2867,2019-07-28,en cours,49.9,web
3097,5815,2020-02-13,expédiée,1194.88,mobile
3098,1785,2024-01-14,livrée,41.87,web
3099,5813,2022-02-22,livrée,1802.25,mobile
3100,5898,2019-12-09,expédiée,1392.8,web
3101,4481,2020-03-06,échouée,660.26,web
3102,2026,2019-10-16,livrée,1237.75,mobile
3103,4589,2025-11-01,expédiée,152.0,mobile
3104,354,2023-05-13,livrée,1584.62,mobile
3105,2193,2025-03-09,en cours,1555.72,web
3106,4740,2025-05-05,livrée,759.83,mobile
3107,4564,2025-07-16,expédiée,381.86,mobile
3108,871,2023-04-08,livrée,899.97,mobile
3109,4628,2025-10-16,livrée,369.73,mobile
3110,2791,2023-05-01,échouée,1246.57,mobile
3111,4046,2019-07-14,échouée,917.01,web
3112,628,2024-12-08,livrée,890.98,mobile
3113,302,2023-05-25,livrée,351.96,web
3114,840,2019-04-05,livrée,975.03,web
3115,5394,2019-12-27,échouée,900.0,mobile
3116,4397,2021-03-15,en cours,930.33,web
3117,109,2024-04-13,en cours,841.88,web
3118,3416,2023-12-02,échouée,1918.81,mobile
3119,2063,2023-10-11,livrée,1517.57,web
3120,5194,2024-09-30,expédiée,1129.97,mobile
3121,384,2025-04-10,expédiée,461.72,web
3122,4493,2024-07-18,échouée,1091.14,mobile
3123,3016,2022-11-29,livrée,1745.98,web
3124,4434,2019-05-26,en cours,1421.98,mobile
3125,4932,2021-02-11,livrée,1244.7,web
3126,5463,2022-12-04,expédiée,1719.85,mobile
3127,3414,2019-06-24,en cours,243.47,web
3128,2181,2025-12-05,expédiée,186.61,web
3129,2293,2022-02-16,échouée,1214.12,mobile
3130,4468,2023-09-10,en cours,1752.13,web
3131,1041,2020-11-17,en cours,1253.63,web
3132,175,2021-08-30,expédiée,1276.09,web
3133,3362,2022-09-05,en cours,817.82,web
3134,5206,2025-10-21,en cours,248.08,web
3135,2506,2019-06-03,expédiée,1681.29,web
3136,1911,2024-05-27,en cours,1003.05,web
3137,4760,2021-01-05,livrée,1236.91,web
3138,1566,2022-02-15,échouée,1849.24,web
3139,4481,2022-11-23,expédiée,333.58,web
3140,3284,2022-01-11,expédiée,231.95,mobile
3141,734,2020-12-30,livrée,610.94,web
3142,5255,2020-06-25,livrée,1386.57,mobile
3143,4484,2022-08-31,livrée,456.76,web
3144,2490,2025-09-07,en cours,1412.15,mobile
3145,5671,2022-05-26,en cours,507.16,mobile
3146,1044,2025-12-28,échouée,1060.57,web
3147,4269,2021-09-23,en cours,1028.19,mobile
3148,1592,2024-07-22,expédiée,922.12,web
3149,3181,2019-10-02,livrée,57.49,mobile
3150,4511,2020-04-07,expédiée,450.59,mobile
3151,5902,2020-07-09,expédiée,728.55,mobile
3152,2507,2020-06-21,échouée,1437.91,web
3153,60,2024-06-04,livrée,1078.38,mobile
3154,5416,2019-04-05,en cours,1830.76,web
3155,816,2021-01-07,expédiée,296.36,mobile
3156,4803,2022-04-02,livrée,1855.35,mobile
3157,3892,2020-03-16,échouée,1729.23,web
3158,3355,2024-08-01,livrée,957.49,web
3159,3027,2021-01-15,en cours,1290.54,web
3160,1101,2024-04-10,en cours,783.14,mobile
3161,3814,2025-10-19,livrée,305.21,mobile
3162,598,2020-10-15,en cours,1730.42,mobile
3163,4292,2020-05-17,livrée,1241.5,mobile
3164,2303,2023-12-06,échouée,53.41,mobile
3165,2129,2025-09-12,en cours,1364.72,mobile
3166,5440,2023-08-28,échouée,383.84,web
3167,3203,2022-07-26,expédiée,723.9,mobile
3168,623,2022-06-30,expédiée,542.89,mobile
3169,5589,2022-12-02,expédiée,1510.02,web
3170,702,2020-06-25,expédiée,1435.67,web
3171,3862,2020-12-12,expédiée,1642.62,web
3172,4603,2022-09-02,échouée,39.69,web
3173,846,2025-10-14,échouée,580.47,mobile
3174,5652,2023-05-15,échouée,1460.56,mobile
3175,2056,2025-04-26,en cours,869.35,mobile
3176,5372,2019-04-29,livrée,138.7,mobile
3177,2053,2022-11-13,expédiée,456.94,mobile
3178,5490,2019-03-09,livrée,647.64,mobile
3179,4425,2019-02-22,en cours,1795.49,mobile
3180,3044,2023-11-29,échouée,709.75,web
3181,2371,2021-07-16,expédiée,570.06,web
3182,4536,2025-05-24,livrée,1332.13,mobile
3183,2658,2021-06-12,en cours,473.54,mobile
3184,5920,2019-03-30,échouée,1113.35,mobile
3185,5341,2025-01-03,expédiée,1046.06,mobile
3186,1818,2019-05-26,en cours,1467.54,web
3187,2323,2023-04-14,échouée,311.83,web
3188,3476,2025-09-10,livrée,1192.66,web
3189,313,2020-10-24,livrée,1294.52,web
3190,4262,2023-11-08,livrée,937.35,mobile
3191,218,2025-04-18,échouée,1603.91,web
3192,3206,2024-11-13,livrée,95.87,mobile
3193,2663,2019-12-01,échouée,1254.72,web
3194,454,2019-05-21,en cours,336.3,web
3195,5473,2019-08-19,en cours,1145.29,mobile
3196,3531,2020-04-11,en cours,112.44,mobile
3197,20,2025-06-23,expédiée,1295.69,web
3198,2109,2020-09-18,échouée,449.91,mobile
3199,2288,2021-02-13,expédiée,1124.93,mobile
3200,5363,2021-08-06,en cours,1447.58,web
3201,3342,2025-03-29,expédiée,1397.04,mobile
3202,455,2019-10-23,en cours,433.79,mobile
3203,5999,2022-02-25,livrée,660.65,mobile
3204,290,2023-11-29,en cours,1141.28,web
3205,3672,2023-10-18,en cours,1801.69,web
3206,1802,2024-07-26,échouée,509.25,web
3207,709,2021-03-09,livrée,1951.88,web
3208,2720,2024-12-02,en cours,1820.61,web
3209,1080,2025-07-09,échouée,1265.44,mobile
3210,676,2025-04-29,échouée,307.18,mobile
3211,3661,2020-06-07,expédiée,1134.72,web
3212,1333,2025-07-13,échouée,699.87,mobile
3213,5113,2023-04-01,livrée,871.51,mobile
3214,1894,2020-05-21,échouée,1515.25,web
3215,4128,2024-06-08,expédiée,1350.12,web
3216,3552,2023-09-11,en cours,829.37,web
3217,5367,2025-09-07,échouée,655.47,web
3218,4354,2019-07-24,en cours,577.29,web
3219,5347,2020-11-29,expédiée,1352.34,mobile
3220,1198,2019-08-16,en cours,1483.08,mobile
3221,4467,2019-11-20,en cours,1232.96,web
3222,5929,2023-07-20,échouée,319.6,mobile
3223,5609,2022-11-25,livrée,518.28,web
3224,2573,2023-01-19,expédiée,1549.53,mobile
3225,2239,2024-09-02,échouée,1465.36,web
3226,3881,2021-06-23,en cours,328.54,web
3227,2005,2023-07-05,en cours,365.96,web
3228,148,2024-07-10,en cours,598.64,mobile
3229,2310,2025-01-04,livrée,1062.54,web
3230,5640,2025-09-01,échouée,983.27,web
3231,3134,2021-05-10,en cours,598.44,mobile
3232,4211,2020-04-16,en cours,62.5,web
3233,4046,2021-12-28,en cours,1590.66,mobile
3234,2189,2019-03-29,en cours,1494.21,web
3235,2793,2020-01-28,livrée,1009.18,mobile
3236,4272,2023-05-21,expédiée,597.61,web
3237,423,2021-03-29,en cours,139.84,mobile
3238,786,2021-06-18,livrée,62.8,mobile
3239,5098,2021-05-09,expédiée,915.13,mobile
3240,4359,2024-03-05,échouée,1206.31,web
3241,5367,2023-11-09,livrée,1143.43,mobile
3242,57,2024-09-08,expédiée,867.24,mobile
3243,2088,2024-07-17,expédiée,762.97,web
3244,340,2025-03-12,en cours,706.08,mobile
3245,2262,2024-04-09,échouée,329.42,mobile
3246,3967,2023-03-03,échouée,1989.15,mobile
3247,5298,2022-01-22,expédiée,1559.92,mobile
3248,5689,2024-02-23,livrée,1335.24,mobile
3249,2705,2022-03-31,échouée,82.11,mobile
3250,5990,2020-09-06,expédiée,993.61,mobile
3251,4669,2024-03-04,en cours,929.25,web
3252,322,2022-09-01,échouée,288.48,mobile
3253,2456,2019-08-02,expédiée,551.35,web
3254,5583,2021-09-22,expédiée,1997.71,mobile
3255,378,2021-10-05,échouée,746.18,mobile
3256,170,2021-07-01,échouée,482.44,web
3257,2196,2024-02-05,échouée,1143.22,mobile
3258,3704,2019-08-18,livrée,115.14,web
3259,2045,2019-02-10,livrée,1167.1,web
3260,4438,2021-07-16,échouée,1553.25,mobile
3261,2622,2020-02-20,en cours,788.98,mobile
3262,5791,2020-09-12,livrée,1720.45,mobile
3263,3702,2021-05-08,expédiée,1555.36,web
3264,4844,2025-03-24,en cours,1798.47,mobile
3265,938,2020-11-07,expédiée,1386.47,mobile
3266,4564,2019-05-04,en cours,738.41,mobile
3267,685,2024-11-11,échouée,1010.18,web
3268,5573,2025-08-24,en cours,1219.66,mobile
3269,1951,2022-11-20,en cours,862.15,web
3270,5558,2023-05-13,livrée,1406.94,mobile
3271,4160,2019-03-18,livrée,79.0,web
3272,4973,2021-11-18,livrée,1721.51,web
3273,4931,2025-11-09,livrée,398.66,web
3274,425,2023-10-18,livrée,910.12,mobile
3275,2075,2023-03-13,en cours,1294.46,web
3276,636,2023-02-24,en cours,1283.17,web
3277,963,2019-03-18,livrée,892.02,mobile
3278,2731,2019-03-14,échouée,650.63,mobile
3279,4920,2025-02-03,échouée,218.12,web
3280,2689,2019-10-21,en cours,1666.0,mobile
3281,2369,2025-12-28,expédiée,1124.56,mobile
3282,3714,2019-07-03,en cours,1900.03,web
3283,5854,2024-01-31,en cours,816.89,web
3284,2311,2025-09-30,livrée,1646.23,web
3285,986,2025-04-08,en cours,99.17,mobile
3286,5519,2024-01-26,échouée,38.69,mobile
3287,5017,2025-03-09,échouée,1699.25,web
3288,3549,2022-09-10,livrée,948.6,mobile
3289,3687,2021-12-13,expédiée,1914.05,web
3290,2478,2021-01-28,échouée,510.16,mobile
3291,16,2025-08-29,expédiée,362.34,web
3292,1994,2022-12-21,en cours,1942.62,mobile
3293,5936,2022-05-28,livrée,1884.15,web
3294,991,2019-09-09,livrée,1386.53,web
3295,3320,2023-05-10,expédiée,838.41,web
3296,497,2024-06-04,expédiée,1904.56,web
3297,2545,2021-02-16,échouée,707.81,mobile
3298,5680,2024-11-23,échouée,892.71,web
3299,442,2022-10-01,en cours,905.75,mobile
3300,1206,2019-04-29,en cours,550.66,web
3301,3132,2025-03-17,livrée,880.83,web
3302,4591,2021-12-15,expédiée,617.66,web
3303,3282,2025-03-10,échouée,623.14,mobile
3304,1926,2023-02-18,en cours,1736.57,web
3305,695,2021-12-24,livrée,365.8,mobile
3306,3848,2023-07-04,livrée,1659.84,web
3307,3605,2021-01-03,livrée,1551.94,mobile
3308,353,2020-03-19,livrée,57.02,web
3309,919,2019-02-19,expédiée,1062.9,web
3310,4064,2023-11-06,livrée,1454.32,mobile
3311,3101,2025-02-20,expédiée,276.25,mobile
3312,2200,2019-04-26,échouée,996.84,web
3313,3399,2022-03-22,en cours,956.41,web
3314,3885,2020-02-14,échouée,501.84,mobile
3315,1522,2025-10-29,livrée,853.81,web
3316,3057,2025-11-29,en cours,776.88,web
3317,3158,2021-03-17,échouée,1131.92,mobile
3318,3788,2022-02-12,en cours,229.07,web
3319,4951,2025-10-13,livrée,663.27,web
3320,2256,2024-02-07,en cours,1184.75,web
3321,1384,2024-02-11,expédiée,1609.54,mobile
3322,1596,2021-09-06,livrée,1871.66,web
3323,4423,2023-12-17,livrée,69.68,mobile
3324,4111,2019-12-06,expédiée,1951.51,mobile
3325,2028,2022-04-20,livrée,857.74,mobile
3326,128,2021-06-04,expédiée,502.31,mobile
3327,4709,2025-04-12,en cours,1928.61,mobile
3328,784,2020-04-27,échouée,743.12,web
3329,47,2024-10-17,échouée,1935.04,mobile
3330,5638,2025-11-26,échouée,1308.28,web
3331,3536,2025-06-03,livrée,465.2,mobile
3332,1197,2025-09-01,échouée,988.65,web
3333,3026,2023-12-28,expédiée,1260.81,mobile
3334,4083,2019-03-11,expédiée,1155.11,mobile
3335,5996,2022-03-18,expédiée,212.89,web
3336,3943,2023-11-24,en cours,1352.94,mobile
3337,108,2020-08-18,livrée,1765.2,web
3338,2957,2022-02-17,livrée,1768.94,web
3339,2910,2021-10-06,livrée,465.49,web
3340,4402,2023-06-16,expédiée,688.05,mobile
3341,5032,2023-09-16,expédiée,1017.71,mobile
3342,3336,2021-05-01,expédiée,1724.09,mobile
3343,548,2024-02-22,expédiée,1242.27,mobile
3344,3179,2020-04-18,expédiée,849.33,web
3345,5930,2024-11-22,en cours,569.51,mobile
3346,3644,2019-01-21,livrée,779.26,mobile
3347,5899,2022-11-22,livrée,1903.64,web
3348,3737,2020-02-19,en cours,1298.38,mobile
3349,348,2022-10-01,échouée,1299.31,web
3350,4562,2023-11-11,en cours,1939.2,web
3351,102,2025-08-21,en cours,1726.94,mobile
3352,5625,2025-04-12,en cours,478.77,web
3353,794,2019-03-17,échouée,1425.19,mobile
3354,3446,2024-09-06,expédiée,935.26,mobile
3355,3499,2024-11-08,en cours,1014.16,mobile
3356,369,2020-01-02,livrée,761.13,web
3357,5356,2024-03-31,en cours,82.83,web
3358,2696,2023-03-06,échouée,924.09,web
3359,4649,2022-12-23,expédiée,244.81,web
3360,2789,2022-03-12,expédiée,327.11,web
3361,2295,2021-11-13,expédiée,945.57,web
3362,5539,2024-02-12,livrée,529.48,mobile
3363,2946,2024-01-10,échouée,1213.91,mobile
3364,5461,2025-04-14,en cours,1565.69,web
3365,2732,2025-02-10,en cours,1250.16,mobile
3366,1554,2021-03-17,en cours,1085.48,web
3367,5106,2025-10-15,en cours,167.62,web
3368,5335,2020-01-27,livrée,1918.5,web
3369,2219,2023-05-13,échouée,1686.85,mobile
3370,281,2025-01-18,livrée,177.65,mobile
3371,5617,2020-06-25,échouée,890.54,mobile
3372,5166,2020-09-27,livrée,1303.08,mobile
3373,2724,2021-02-05,expédiée,771.04,web
3374,5797,2024-04-20,échouée,974.42,mobile
3375,3292,2019-09-04,livrée,323.21,mobile
3376,3566,2020-12-19,échouée,1197.55,web
3377,3227,2024-03-12,expédiée,750.26,mobile
3378,4666,2019-02-13,livrée,1024.26,web
3379,3777,2024-01-16,échouée,500.51,web
3380,4184,2023-01-07,livrée,35.18,mobile
3381,3727,2023-08-19,expédiée,450.63,web
3382,2657,2021-09-09,expédiée,1588.74,web
3383,3571,2019-03-28,échouée,1304.21,mobile
3384,2916,2022-11-08,en cours,1704.73,web
3385,3943,2019-11-06,en cours,702.28,web
3386,2429,2024-01-26,livrée,1623.23,web
3387,1179,2022-11-30,en cours,1345.82,mobile
3388,1165,2024-12-28,en cours,985.92,web
3389,1032,2022-08-10,livrée,1565.0,web
3390,4059,2020-02-08,livrée,1787.09,web
3391,5138,2021-03-12,livrée,1662.64,web
3392,4429,2019-11-17,en cours,586.71,web
3393,3612,2019-07-12,livrée,1224.06,mobile
3394,3928,2019-07-07,échouée,1381.25,web
3395,5538,2024-05-20,échouée,1707.83,web
3396,4001,2024-05-22,échouée,133.12,web
3397,2351,2019-07-31,échouée,471.13,mobile
3398,5555,2019-07-13,expédiée,816.79,mobile
3399,5048,2019-12-22,échouée,1404.51,mobile
3400,3342,2024-12-30,échouée,44.88,web
3401,2989,2023-11-06,en cours,1412.76,web
3402,867,2020-10-02,livrée,1053.4,mobile
3403,5063,2020-11-08,livrée,441.04,web
3404,4512,2023-09-15,livrée,1714.71,web
3405,2451,2020-04-18,livrée,393.09,mobile
3406,5838,2021-03-31,livrée,1990.4,mobile
3407,1439,2025-11-30,échouée,1557.95,mobile
3408,2745,2025-01-09,échouée,1548.57,web
3409,4311,2022-10-31,en cours,305.7,web
3410,1845,2023-07-12,expédiée,81.02,web
3411,2570,2025-06-18,en cours,390.02,web
3412,331,2021-04-04,échouée,1255.87,mobile
3413,1498,2023-07-21,échouée,454.4,web
3414,2456,2022-06-06,expédiée,1635.24,mobile
3415,1622,2019-04-17,échouée,1448.91,web
3416,2389,2024-04-29,expédiée,1360.04,web
3417,160,2021-05-24,expédiée,1943.54,web
3418,4120,2025-12-23,expédiée,600.31,mobile
3419,1700,2020-08-10,expédiée,1296.87,mobile
3420,5528,2022-08-05,en cours,252.95,web
3421,5166,2023-10-27,en cours,125.79,mobile
3422,1121,2023-03-24,expédiée,1168.23,mobile
3423,4758,2020-07-25,livrée,1976.15,mobile
3424,985,2019-10-08,livrée,1757.38,mobile
3425,3487,2022-02-21,livrée,1284.34,mobile
3426,4023,2020-08-24,expédiée,89.53,mobile
3427,627,2023-10-21,en cours,1918.81,web
3428,3742,2019-10-18,expédiée,1783.76,mobile
3429,3849,2025-05-06,expédiée,1618.76,mobile
3430,4235,2025-04-21,expédiée,1084.33,web
3431,4768,2025-02-07,échouée,1011.46,mobile
3432,2964,2024-08-12,en cours,1872.48,mobile
3433,546,2024-04-24,en cours,1510.81,web
3434,4331,2022-01-20,en cours,1131.33,mobile
3435,2627,2022-01-30,livrée,1511.65,mobile
3436,2071,2023-01-28,en cours,408.13,mobile
3437,1952,2023-12-08,livrée,184.06,mobile
3438,1813,2022-01-25,en cours,956.48,web
3439,1364,2021-05-19,expédiée,317.98,mobile
3440,1850,2021-08-31,échouée,1392.08,mobile
3441,5483,2020-02-27,expédiée,1238.71,web
3442,3470,2019-07-28,échouée,308.78,web
3443,3927,2022-10-05,livrée,371.38,mobile
3444,394,2023-05-25,expédiée,828.34,web
3445,3331,2025-11-30,expédiée,1959.88,web
3446,2587,2024-05-19,en cours,1134.05,web
3447,4928,2025-01-06,en cours,1409.75,web
3448,4788,2019-05-30,échouée,1039.31,mobile
3449,3910,2020-12-21,livrée,1880.95,web
3450,650,2024-08-12,expédiée,1666.35,web
3451,698,2024-08-23,expédiée,1299.01,mobile
3452,3721,2022-08-26,expédiée,1017.79,web
3453,4990,2021-04-04,expédiée,1937.05,mobile
3454,5071,2021-02-12,livrée,1164.26,web
3455,4507,2021-07-19,expédiée,545.18,web
3456,1170,2024-04-24,échouée,241.27,web
3457,3821,2022-07-11,échouée,1494.51,web
3458,3688,2025-08-14,livrée,1539.3,mobile
3459,1574,2021-10-11,échouée,342.74,mobile
3460,5786,2021-05-30,échouée,1820.14,mobile
3461,4694,2020-12-03,en cours,61.32,mobile
3462,5530,2019-04-26,expédiée,233.92,web
3463,4474,2024-08-27,échouée,1201.12,mobile
3464,2185,2021-07-23,livrée,1920.71,web
3465,77,2024-11-19,échouée,1284.57,mobile
3466,603,2023-11-17,expédiée,1310.75,web
3467,3602,2021-12-24,en cours,1261.59,mobile
3468,633,2025-11-20,livrée,856.51,mobile
3469,5637,2021-10-08,échouée,928.18,mobile
3470,5281,2022-08-09,en cours,1036.25,web
3471,5986,2024-12-30,expédiée,1186.2,web
3472,5241,2021-09-08,expédiée,311.49,mobile
3473,4499,2024-05-10,en cours,1980.87,web
3474,2211,2025-01-11,en cours,597.09,web
3475,3188,2022-12-21,livrée,585.87,web
3476,5917,2023-08-11,en cours,1679.57,web
3477,256,2024-02-06,échouée,932.67,web
3478,1941,2025-10-19,expédiée,444.5,web
3479,5683,2023-02-07,échouée,657.87,web
3480,5381,2019-06-03,en cours,1170.76,web
3481,3426,2023-02-08,livrée,898.82,mobile
3482,2011,2021-08-19,expédiée,210.91,web
3483,5953,2022-11-05,livrée,793.25,mobile
3484,5298,2022-01-17,échouée,1215.31,web
3485,1378,2019-12-15,échouée,76.54,mobile
3486,438,2021-01-27,livrée,1947.94,web
3487,1097,2021-11-20,en cours,922.1,mobile
3488,1291,2019-12-08,livrée,1424.85,mobile
3489,2730,2023-01-20,échouée,1820.65,web
3490,306,2022-07-27,en cours,1954.24,web
3491,1993,2021-01-23,échouée,183.33,web
3492,5874,2019-11-18,expédiée,952.15,web
3493,2130,2025-09-30,livrée,577.56,web
3494,1933,2023-09-29,échouée,260.37,web
3495,2899,2024-02-06,livrée,1304.04,mobile
3496,4768,2021-05-05,échouée,148.88,mobile
3497,454,2025-04-12,échouée,434.51,mobile
3498,3048,2020-06-06,expédiée,1698.71,mobile
3499,593,2021-08-13,échouée,573.85,mobile
3500,4245,2021-11-08,échouée,1657.02,web
3501,5195,2023-05-30,en cours,222.23,web
3502,3079,2024-10-09,expédiée,847.32,web
3503,4799,2023-02-17,en cours,1143.78,web
3504,4478,2021-10-05,en cours,1013.2,mobile
3505,5739,2020-11-28,échouée,1355.86,mobile
3506,1799,2019-10-26,échouée,879.9,mobile
3507,2026,2022-06-11,livrée,1860.78,mobile
3508,5718,2025-04-24,échouée,1424.8,web
3509,1590,2025-01-19,en cours,714.52,mobile
3510,4215,2019-12-03,expédiée,1921.78,mobile
3511,753,2023-08-11,livrée,670.14,web
3512,1812,2022-03-09,livrée,1919.14,web
3513,1301,2019-04-17,livrée,677.64,mobile
3514,3609,2023-01-19,expédiée,762.43,mobile
3515,2094,2022-06-12,livrée,889.69,mobile
3516,2110,2022-10-07,livrée,107.78,web
3517,2485,2023-07-03,échouée,1123.35,mobile
3518,3971,2025-06-27,échouée,276.49,mobile
3519,1754,2025-10-25,en cours,721.8,web
3520,971,2023-09-03,échouée,544.19,web
3521,4844,2020-05-17,échouée,135.72,web
3522,3264,2019-07-27,livrée,1972.05,web
3523,4020,2025-07-26,en cours,136.78,web
3524,1409,2025-04-23,expédiée,211.89,mobile
3525,2521,2022-02-25,en cours,506.18,mobile
3526,940,2025-03-19,échouée,161.07,web
3527,4113,2020-06-09,échouée,1738.65,mobile
3528,740,2020-01-24,échouée,1432.32,web
3529,418,2022-02-15,expédiée,1056.93,web
3530,5902,2023-05-15,échouée,1144.46,mobile
3531,1177,2024-01-11,expédiée,767.24,web
3532,1684,2022-10-28,échouée,707.69,mobile
3533,3446,2020-11-03,échouée,256.83,mobile
3534,4694,2020-07-13,expédiée,941.85,mobile
3535,2483,2023-11-28,livrée,276.46,web
3536,5109,2024-02-16,échouée,262.48,web
3537,1419,2022-06-12,échouée,176.24,mobile
3538,2955,2020-11-08,livrée,1026.96,mobile
3539,3212,2023-12-25,livrée,313.2,web
3540,764,2024-03-16,en cours,433.15,mobile
3541,1340,2024-02-02,en cours,1158.0,web
3542,3165,2019-12-18,livrée,1382.89,web
3543,4535,2019-03-30,en cours,1956.86,web
3544,4252,2019-05-31,échouée,325.46,mobile
3545,3066,2023-10-02,échouée,652.67,mobile
3546,4066,2019-10-08,échouée,1987.38,mobile
3547,78,2021-01-31,en cours,337.49,mobile
3548,966,2020-08-22,en cours,1790.99,web
3549,34,2021-04-08,en cours,322.95,mobile
3550,5691,2019-01-15,en cours,123.03,web
3551,2326,2025-05-25,livrée,1925.4,mobile
3552,3117,2023-10-19,livrée,1770.02,web
3553,5268,2020-10-20,livrée,326.97,web
3554,1903,2024-07-18,en cours,1063.15,web
3555,4975,2021-10-21,en cours,1837.18,web
3556,1981,2022-04-21,échouée,1411.74,mobile
3557,2464,2023-04-11,expédiée,1994.01,mobile
3558,4915,2019-03-05,livrée,313.58,web
3559,374,2025-10-01,expédiée,936.18,web
3560,2165,2022-12-23,expédiée,856.3,web
3561,1910,2024-01-05,en cours,1470.44,mobile
3562,3478,2024-01-23,livrée,1138.2,mobile
3563,4319,2019-02-20,livrée,1757.57,web
3564,2905,2022-04-09,échouée,1762.69,web
3565,2664,2021-01-17,livrée,40.0,mobile
3566,4874,2019-08-28,en cours,1380.78,web
3567,2411,2025-10-26,échouée,1773.49,mobile
3568,718,2019-06-28,expédiée,144.42,mobile
3569,3758,2023-03-22,expédiée,1426.09,mobile
3570,3811,2025-04-19,livrée,1776.45,mobile
3571,2325,2020-11-10,livrée,1153.38,web
3572,2282,2023-06-21,livrée,862.16,mobile
3573,3939,2024-12-17,en cours,104.94,mobile
3574,3013,2021-04-19,livrée,273.75,web
3575,3817,2024-12-30,livrée,859.91,web
3576,5150,2023-11-26,livrée,432.69,mobile
3577,3239,2024-05-24,expédiée,1949.75,web
3578,5060,2023-12-29,expédiée,1235.34,web
3579,3260,2022-08-21,en cours,259.76,web
3580,4281,2019-07-31,en cours,1062.19,web
3581,4928,2024-08-26,expédiée,1818.27,web
3582,4741,2020-08-02,échouée,982.99,web
3583,4525,2023-10-25,livrée,963.54,web
3584,2023,2023-02-08,en cours,460.42,mobile
3585,426,2024-02-29,en cours,799.72,web
3586,4497,2019-09-12,en cours,1202.11,web
3587,2103,2022-12-06,échouée,230.88,mobile
3588,5457,2024-06-14,échouée,1326.38,mobile
3589,904,2022-06-08,en cours,1476.7,web
3590,5852,2020-05-20,échouée,1486.05,web
3591,5709,2024-09-22,échouée,916.5,mobile
3592,818,2024-04-25,expédiée,359.55,mobile
3593,1209,2019-01-07,échouée,152.96,mobile
3594,3226,2024-10-14,expédiée,1679.35,web
3595,4526,2025-11-01,en cours,1422.07,web
3596,243,2020-06-08,expédiée,40.6,web
3597,4231,2025-06-15,livrée,1409.4,web
3598,1153,2023-07-24,échouée,639.04,mobile
3599,4782,2025-12-23,livrée,570.73,web
3600,1813,2022-09-14,expédiée,1355.44,web
3601,1508,2021-01-13,livrée,1769.0,mobile
3602,44,2023-10-23,livrée,146.79,web
3603,5963,2019-08-28,expédiée,1325.87,web
3604,5064,2024-12-18,échouée,1054.14,mobile
3605,3964,2025-07-05,en cours,367.58,mobile
3606,5336,2021-10-05,livrée,1937.29,web
3607,3312,2022-04-18,en cours,113.45,web
3608,4656,2023-03-20,expédiée,1940.02,mobile
3609,4476,2025-06-17,livrée,1503.36,web
3610,2122,2019-05-12,expédiée,532.53,mobile
3611,5411,2019-06-13,livrée,1479.99,mobile
3612,5349,2022-12-16,expédiée,1655.98,web
3613,314,2020-07-24,échouée,411.52,web
3614,5381,2019-04-20,livrée,615.6,web
3615,4314,2021-08-14,livrée,1151.35,web
3616,1586,2022-12-13,expédiée,46.53,web
3617,1773,2023-10-28,échouée,1234.8,web
3618,5777,2023-12-05,échouée,1805.46,mobile
3619,1574,2025-02-03,échouée,1743.58,web
3620,5946,2022-12-26,livrée,1304.71,mobile
3621,4724,2024-12-13,expédiée,614.98,mobile
3622,2696,2023-04-11,en cours,1700.56,web
3623,3466,2020-06-13,livrée,983.3,mobile
3624,4683,2019-04-14,échouée,1128.09,mobile
3625,1557,2023-09-20,livrée,1115.8,web
3626,3879,2023-06-25,échouée,1746.32,web
3627,5882,2019-05-25,échouée,1858.54,web
3628,1533,2020-01-29,expédiée,736.16,mobile
3629,3842,2023-06-14,échouée,1872.11,web
3630,5963,2022-08-30,expédiée,358.21,web
3631,4671,2022-08-29,livrée,471.9,web
3632,4531,2019-06-15,en cours,1677.75,web
3633,2062,2022-04-22,échouée,973.05,mobile
3634,2603,2025-02-05,livrée,853.53,mobile
3635,4400,2020-09-02,expédiée,1361.33,web
3636,76,2021-10-26,en cours,519.61,web
3637,3440,2023-01-12,échouée,327.05,web
3638,2823,2019-08-16,échouée,1015.35,web
3639,5794,2019-06-19,échouée,1875.98,mobile
3640,1350,2025-04-21,échouée,190.81,mobile
3641,1080,2021-04-02,échouée,821.99,mobile
3642,163,2023-02-27,livrée,977.41,web
3643,45,2024-11-05,livrée,329.23,web
3644,2132,2019-10-20,échouée,1201.76,web
3645,284,2021-08-02,échouée,170.71,mobile
3646,4623,2025-09-29,échouée,1230.36,web
3647,604,2025-02-08,expédiée,1629.25,mobile
3648,2375,2025-12-21,échouée,137.39,web
3649,516,2023-02-15,en cours,412.62,mobile
3650,1040,2022-04-29,échouée,1608.58,mobile
3651,1440,2024-12-12,expédiée,1876.75,mobile
3652,1848,2025-07-11,en cours,308.1,web
3653,5442,2020-07-21,échouée,452.26,web
3654,4551,2024-11-23,expédiée,1130.46,web
3655,2546,2022-09-28,livrée,37.36,mobile
3656,3606,2021-03-30,livrée,1504.21,web
3657,2584,2025-01-17,échouée,1574.57,web
3658,4780,2022-02-23,livrée,819.61,web
3659,2545,2020-02-29,expédiée,825.46,web
3660,3924,2021-02-09,expédiée,1350.58,mobile
3661,852,2024-12-30,en cours,130.0,web
3662,3841,2020-09-13,échouée,1174.88,mobile
3663,2761,2020-07-14,en cours,473.37,mobile
3664,3244,2023-09-04,livrée,1668.02,mobile
3665,393,2022-03-11,en cours,1813.07,web
3666,8,2024-02-09,livrée,573.85,web
3667,3153,2023-08-27,expédiée,712.07,web
3668,1220,2019-08-07,expédiée,1514.63,web
3669,2523,2021-03-15,expédiée,994.68,mobile
3670,3377,2024-01-06,livrée,36.27,web
3671,262,2023-10-09,échouée,575.6,mobile
3672,5377,2025-04-20,expédiée,214.74,web
3673,4870,2020-12-07,livrée,982.74,mobile
3674,2327,2019-07-31,échouée,381.5,mobile
3675,3123,2025-01-02,échouée,827.95,web
3676,3725,2021-07-01,échouée,395.52,mobile
3677,696,2025-08-02,échouée,500.89,mobile
3678,313,2023-02-18,échouée,1363.58,mobile
3679,3753,2024-04-28,expédiée,878.63,mobile
3680,1450,2019-12-04,en cours,142.07,mobile
3681,3022,2019-02-18,échouée,1773.07,mobile
3682,158,2025-04-13,expédiée,228.18,mobile
3683,1547,2021-09-27,livrée,454.94,mobile
3684,4738,2020-11-08,échouée,1366.1,mobile
3685,4134,2024-03-16,échouée,1006.52,web
3686,4493,2023-04-24,livrée,1022.48,web
3687,1989,2021-03-30,en cours,1151.8,web
3688,1640,2024-06-08,en cours,501.21,web
3689,3188,2020-11-22,expédiée,904.24,web
3690,5021,2020-07-27,en cours,1919.96,web
3691,4636,2022-03-31,échouée,1321.41,web
3692,211,2021-12-06,en cours,982.62,mobile
3693,3694,2023-03-28,en cours,1620.45,mobile
3694,649,2021-08-10,expédiée,1231.98,web
3695,3830,2023-08-10,livrée,831.99,mobile
3696,701,2019-05-02,livrée,424.98,mobile
3697,2979,2025-02-20,livrée,1363.92,web
3698,3429,2022-11-05,en cours,554.02,mobile
3699,4771,2024-08-23,échouée,600.57,web
3700,4376,2020-02-05,livrée,83.16,mobile
3701,4936,2019-08-07,en cours,506.04,web
3702,1017,2022-10-06,expédiée,871.9,web
3703,1720,2023-04-22,livrée,873.91,mobile
3704,637,2019-08-06,échouée,1456.37,web
3705,5508,2025-03-15,expédiée,1325.74,mobile
3706,3633,2021-12-08,échouée,1400.17,mobile
3707,379,2019-09-03,en cours,1908.44,mobile
3708,5390,2020-11-22,échouée,317.1,mobile
3709,4278,2023-12-19,en cours,933.48,mobile
3710,1881,2024-10-07,expédiée,1680.24,web
3711,3997,2019-04-03,en cours,375.5,mobile
3712,4941,2025-06-09,échouée,260.43,mobile
3713,3163,2022-10-18,en cours,1162.65,mobile
3714,2265,2024-11-06,expédiée,915.04,web
3715,153,2022-09-03,échouée,265.8,mobile
3716,5910,2022-06-28,en cours,1940.93,mobile
3717,2667,2019-11-21,expédiée,1424.77,mobile
3718,1696,2019-06-30,expédiée,1381.59,web
3719,3847,2022-09-26,livrée,505.47,web
3720,4573,2022-05-24,en cours,1502.14,mobile
3721,803,2021-08-27,échouée,1937.56,mobile
3722,2619,2020-11-21,échouée,1861.33,web
3723,3605,2020-03-06,expédiée,853.07,mobile
3724,3333,2023-10-03,expédiée,1757.49,mobile
3725,4071,2024-12-25,expédiée,438.89,web
3726,3049,2023-05-29,expédiée,832.47,mobile
3727,396,2024-11-15,expédiée,843.18,web
3728,1121,2025-05-08,livrée,441.9,mobile
3729,1184,2023-12-26,en cours,218.96,mobile
3730,154,2019-11-18,en cours,331.46,mobile
3731,137,2022-10-27,livrée,378.26,mobile
3732,4,2025-06-11,expédiée,595.06,mobile
3733,736,2025-11-07,échouée,1135.99,mobile
3734,3855,2023-10-31,échouée,44.38,web
3735,3643,2019-06-30,échouée,393.0,web
3736,4327,2021-06-22,en cours,445.74,mobile
3737,3643,2025-05-28,expédiée,164.19,web
3738,803,2024-06-22,échouée,1378.11,mobile
3739,5627,2021-03-18,livrée,979.8,web
3740,2912,2019-08-25,expédiée,1996.01,web
3741,4344,2025-07-14,livrée,885.35,mobile
3742,1150,2023-06-08,expédiée,977.51,mobile
3743,3720,2021-03-13,livrée,138.9,mobile
3744,4813,2023-11-05,en cours,810.05,web
3745,5329,2025-01-09,en cours,1440.73,mobile
3746,569,2023-04-01,expédiée,213.69,mobile
3747,676,2021-12-18,expédiée,1651.54,web
3748,1349,2021-06-30,échouée,1182.41,mobile
3749,1550,2024-11-01,livrée,268.95,web
3750,1942,2022-07-02,livrée,1271.96,web
3751,4723,2020-02-02,échouée,178.72,web
3752,4653,2019-02-02,expédiée,834.86,mobile
3753,1950,2023-08-10,expédiée,1652.27,mobile
3754,5545,2023-04-05,en cours,1278.9,web
3755,1604,2022-11-21,en cours,1817.3,mobile
3756,5874,2020-10-05,échouée,1673.67,web
3757,1775,2022-08-06,expédiée,930.53,mobile
3758,1050,2025-09-15,expédiée,1591.91,web
3759,4749,2024-10-08,livrée,1101.69,mobile
3760,1077,2020-01-20,livrée,1637.4,web
3761,2609,2024-04-30,échouée,853.59,web
3762,1766,2024-08-24,échouée,756.47,mobile
3763,5203,2020-01-05,échouée,482.73,web
3764,2341,2019-10-18,livrée,735.64,mobile
3765,87,2025-06-12,en cours,1477.58,web
3766,770,2023-03-19,en cours,1773.76,mobile
3767,2607,2024-05-01,échouée,778.74,mobile
3768,49,2024-02-15,en cours,279.94,web
3769,3181,2019-09-27,expédiée,450.13,web
3770,1280,2020-02-03,échouée,282.44,web
3771,585,2019-05-04,livrée,103.11,web
3772,2192,2024-08-18,en cours,698.9,mobile
3773,5997,2023-11-23,échouée,1027.54,mobile
3774,1916,2023-10-04,échouée,1956.32,web
3775,2215,2023-06-15,livrée,277.61,web
3776,3156,2020-09-10,échouée,1341.43,mobile
3777,4150,2019-03-04,livrée,314.28,mobile
3778,991,2024-02-27,échouée,100.63,mobile
3779,5164,2023-01-17,livrée,1706.96,web
3780,5389,2022-08-30,en cours,470.38,mobile
3781,4,2023-05-14,échouée,164.62,mobile
3782,3850,2019-03-22,en cours,1449.95,web
3783,5014,2025-04-30,livrée,454.43,mobile
3784,4922,2022-04-13,expédiée,557.4,mobile
3785,1792,2019-06-28,en cours,1717.67,mobile
3786,2267,2024-04-22,expédiée,841.76,web
3787,2286,2024-12-09,en cours,1725.54,web
3788,2509,2025-12-12,livrée,626.96,mobile
3789,2347,2020-08-20,livrée,179.67,web
3790,5833,2024-01-27,expédiée,1677.23,web
3791,2178,2020-07-24,échouée,22.44,mobile
3792,4663,2021-07-21,livrée,1542.73,web
3793,748,2022-08-25,livrée,699.94,mobile
3794,634,2020-10-08,échouée,689.75,web
3795,1473,2022-08-24,livrée,852.86,web
3796,4610,2019-04-01,en cours,610.54,web
3797,2960,2019-08-04,en cours,56.6,web
3798,1404,2022-04-09,livrée,1033.46,web
3799,5355,2020-03-01,en cours,1717.12,web
3800,5762,2023-05-29,échouée,59.17,mobile
3801,2779,2025-07-06,échouée,1816.43,mobile
3802,888,2021-12-18,en cours,1410.85,mobile
3803,1477,2020-10-22,en cours,704.01,mobile
3804,3006,2023-05-14,échouée,676.85,mobile
3805,2433,2019-08-07,expédiée,824.51,web
3806,1108,2024-07-20,expédiée,1384.48,web
3807,2792,2024-04-14,en cours,1916.91,mobile
3808,5224,2021-12-21,échouée,1897.17,mobile
3809,4276,2025-07-12,en cours,1205.71,mobile
3810,5538,2022-09-26,livrée,1646.82,web
3811,1288,2022-11-23,livrée,1816.6,mobile
3812,2701,2024-05-18,expédiée,1015.41,mobile
3813,2514,2022-07-26,livrée,1370.23,mobile
3814,974,2025-10-28,livrée,530.73,mobile
3815,2506,2025-04-06,expédiée,1584.28,web
3816,697,2021-10-02,expédiée,108.2,web
3817,3488,2020-12-16,livrée,1214.01,mobile
3818,5759,2021-08-03,livrée,1175.25,web
3819,2324,2021-04-19,expédiée,1286.01,mobile
3820,2724,2020-06-25,échouée,745.6,mobile
3821,4114,2024-11-09,expédiée,1047.6,mobile
3822,1804,2019-06-14,échouée,1319.06,mobile
3823,5230,2021-10-07,livrée,1455.44,web
3824,5285,2024-05-23,en cours,457.63,mobile
3825,3045,2023-03-03,expédiée,195.95,mobile
3826,3859,2025-03-25,expédiée,1801.26,mobile
3827,5943,2021-05-31,échouée,1148.97,web
3828,1243,2025-12-04,livrée,782.15,web
3829,3322,2023-11-20,expédiée,289.87,web
3830,2033,2024-06-30,livrée,389.52,mobile
3831,287,2022-06-10,expédiée,457.06,mobile
3832,1660,2025-04-20,livrée,1145.79,mobile
3833,452,2022-05-02,échouée,211.65,mobile
3834,588,2024-03-28,expédiée,233.19,mobile
3835,555,2021-02-02,en cours,1816.85,web
3836,1380,2023-05-20,échouée,1304.34,mobile
3837,5224,2021-11-13,livrée,930.42,web
3838,998,2021-10-05,expédiée,843.53,web
3839,4818,2025-01-08,en cours,159.6,mobile
3840,3741,2023-07-17,expédiée,1549.98,mobile
3841,578,2020-01-15,en cours,1789.63,mobile
3842,5238,2025-07-05,en cours,25.98,mobile
3843,3010,2024-09-15,en cours,945.61,web
3844,3793,2020-04-24,en cours,1343.4,mobile
3845,5132,2021-03-23,échouée,1871.95,mobile
3846,3089,2025-07-31,en cours,689.04,mobile
3847,5942,2022-08-10,livrée,565.05,mobile
3848,1801,2025-05-30,expédiée,1812.7,web
3849,692,2022-06-30,en cours,642.85,web
3850,728,2020-09-08,expédiée,1204.97,web
3851,5466,2023-07-05,échouée,1957.43,mobile
3852,1466,2022-08-20,livrée,1810.47,mobile
3853,5715,2020-03-03,en cours,556.61,mobile
3854,457,2021-04-04,livrée,1972.47,mobile
3855,2102,2023-03-17,livrée,267.81,mobile
3856,4948,2022-06-02,livrée,283.0,web
3857,339,2021-07-25,échouée,1463.19,mobile
3858,1233,2019-01-24,échouée,915.76,mobile
3859,4929,2022-01-26,échouée,1360.83,web
3860,3034,2020-09-28,en cours,1581.54,web
3861,1230,2025-06-16,en cours,1060.33,mobile
3862,2634,2021-04-12,livrée,38.53,mobile
3863,4400,2025-10-12,expédiée,1414.3,mobile
3864,5298,2019-08-05,livrée,581.07,mobile
3865,5129,2024-10-30,en cours,1778.75,web
3866,1417,2024-07-08,échouée,1582.74,mobile
3867,2459,2025-09-19,en cours,1558.67,mobile
3868,1533,2019-10-26,en cours,1447.15,mobile
3869,2440,2025-05-26,échouée,697.89,web
3870,5033,2022-05-13,livrée,1233.34,mobile
3871,4812,2023-12-07,en cours,754.42,web
3872,1144,2021-04-05,expédiée,1782.3,web
3873,3649,2021-08-20,échouée,1180.27,web
3874,5546,2023-03-07,en cours,1952.33,web
3875,5369,2021-08-06,échouée,1587.52,mobile
3876,5910,2020-10-06,en cours,1304.32,mobile
3877,3784,2019-05-31,en cours,122.84,web
3878,3922,2021-02-18,échouée,1924.0,web
3879,3615,2024-11-27,livrée,1883.73,mobile
3880,1866,2025-05-29,en cours,1227.8,web
3881,4132,2025-04-17,échouée,700.07,mobile
3882,5914,2024-01-25,échouée,525.84,mobile
3883,5868,2020-05-17,expédiée,521.52,mobile
3884,5921,2024-06-20,échouée,704.24,mobile
3885,1927,2022-08-20,expédiée,1925.47,mobile
3886,5292,2023-01-13,en cours,1358.77,web
3887,4478,2023-01-24,expédiée,298.44,web
3888,3550,2019-11-01,livrée,681.07,web
3889,5006,2024-07-07,en cours,21.94,web
3890,753,2019-02-27,échouée,1918.74,web
3891,3382,2021-07-11,expédiée,782.61,mobile
3892,2510,2023-06-29,expédiée,810.27,mobile
3893,3726,2019-02-22,livrée,1078.1,web
3894,1841,2024-02-01,échouée,402.59,mobile
3895,890,2023-09-18,livrée,1373.12,web
3896,2623,2020-01-22,expédiée,591.82,web
3897,5882,2022-04-03,livrée,181.52,web
3898,2688,2023-02-15,en cours,1095.85,mobile
3899,4159,2020-11-25,échouée,1899.41,mobile
3900,1579,2019-07-07,expédiée,1825.2,mobile
3901,1141,2020-10-03,livrée,1818.27,web
3902,2576,2024-08-15,expédiée,1185.4,web
3903,913,2023-10-16,livrée,1346.28,mobile
3904,2434,2020-07-28,livrée,395.05,web
3905,1473,2020-12-05,échouée,1830.94,mobile
3906,2101,2025-05-29,en cours,822.07,mobile
3907,3912,2022-10-01,livrée,1890.04,web
3908,5553,2020-09-21,expédiée,338.95,mobile
3909,4102,2024-08-07,échouée,207.0,mobile
3910,880,2019-11-28,échouée,1905.61,web
3911,1878,2025-09-17,expédiée,917.05,mobile
3912,3426,2024-11-07,en cours,1938.06,mobile
3913,4003,2020-11-26,livrée,1223.33,mobile
3914,2166,2021-02-25,échouée,953.28,web
3915,1659,2020-01-01,en cours,1915.23,mobile
3916,346,2023-02-16,expédiée,884.94,web
3917,4086,2020-08-03,en cours,717.42,mobile
3918,1133,2022-10-05,livrée,1198.66,mobile
3919,2306,2023-11-22,échouée,1705.11,web
3920,1648,2025-10-23,en cours,1691.25,mobile
3921,1846,2024-07-23,échouée,1752.3,mobile
3922,2761,2023-06-08,expédiée,709.74,web
3923,5225,2021-06-13,en cours,1023.57,mobile
3924,4984,2023-03-06,échouée,104.52,web
3925,225,2020-02-17,livrée,1780.31,mobile
3926,3602,2019-10-21,échouée,119.86,web
3927,1159,2021-02-07,en cours,1035.15,web
3928,5493,2024-08-12,en cours,50.71,mobile
3929,2074,2021-09-22,échouée,55.53,web
3930,2022,2021-08-28,échouée,691.15,web
3931,562,2021-06-12,en cours,640.35,web
3932,4716,2020-12-30,expédiée,785.43,web
3933,2088,2022-06-26,expédiée,612.88,mobile
3934,741,2019-05-10,en cours,1411.33,mobile
3935,2816,2025-10-22,échouée,740.54,mobile
3936,5466,2023-02-06,expédiée,946.81,web
3937,1594,2021-03-23,livrée,130.84,mobile
3938,4980,2021-12-16,expédiée,1569.05,mobile
3939,5299,2022-07-14,livrée,1418.23,mobile
3940,4607,2025-12-04,en cours,230.76,mobile
3941,3657,2019-11-13,expédiée,866.22,mobile
3942,5955,2025-05-18,livrée,1900.81,mobile
3943,5945,2020-06-13,échouée,1370.86,mobile
3944,4096,2022-04-30,échouée,1965.94,mobile
3945,18,2020-06-16,échouée,1891.75,web
3946,691,2021-03-16,expédiée,1463.92,web
3947,5103,2024-06-14,en cours,1745.96,web
3948,4814,2019-11-19,en cours,1282.42,web
3949,3853,2020-02-10,expédiée,1136.36,web
3950,5166,2022-04-25,livrée,292.12,mobile
3951,357,2023-09-04,livrée,634.88,mobile
3952,5113,2025-12-27,livrée,1601.95,web
3953,5802,2021-05-29,échouée,929.64,web
3954,597,2019-02-28,en cours,1812.17,mobile
3955,5587,2019-08-13,en cours,696.76,mobile
3956,1602,2024-03-02,expédiée,970.83,web
3957,3957,2019-05-10,en cours,616.73,web
3958,1271,2025-10-17,expédiée,949.83,web
3959,2634,2025-06-23,livrée,375.03,mobile
3960,1940,2019-05-11,échouée,857.55,web
3961,2008,2025-07-27,livrée,631.85,mobile
3962,2687,2019-02-17,échouée,261.32,web
3963,4353,2020-05-01,en cours,774.94,mobile
3964,4619,2025-01-25,livrée,409.57,mobile
3965,612,2024-01-05,en cours,585.76,web
3966,3896,2021-09-18,expédiée,81.95,web
3967,530,2024-02-14,échouée,271.25,web
3968,3923,2020-02-28,en cours,98.77,web
3969,1531,2019-12-07,expédiée,1726.3,mobile
3970,4843,2023-07-07,expédiée,496.11,web
3971,2791,2020-02-12,expédiée,278.59,web
3972,1591,2024-02-12,en cours,1049.47,mobile
3973,514,2019-11-17,expédiée,40.47,mobile
3974,4423,2021-10-25,expédiée,194.53,mobile
3975,4909,2019-05-09,livrée,1473.68,mobile
3976,3214,2020-02-23,livrée,421.03,web
3977,1144,2019-10-27,expédiée,1848.09,web
3978,1731,2024-01-27,livrée,1265.45,mobile
3979,34,2020-03-03,échouée,212.01,web
3980,3956,2019-12-17,en cours,651.26,web
3981,4764,2022-10-20,en cours,566.49,mobile
3982,378,2020-08-03,livrée,395.82,mobile
3983,4174,2020-08-02,en cours,1307.47,mobile
3984,866,2024-03-26,en cours,1514.73,web
3985,72,2019-04-16,en cours,1296.42,mobile
3986,674,2019-08-07,échouée,337.34,mobile
3987,504,2019-11-27,livrée,1065.26,mobile
3988,5539,2024-06-04,expédiée,1786.12,mobile
3989,4971,2025-04-28,échouée,103.7,web
3990,1430,2024-08-16,en cours,413.74,web
3991,4686,2024-07-30,expédiée,643.71,web
3992,4653,2024-02-11,expédiée,769.15,mobile
3993,3159,2025-05-06,échouée,1549.9,mobile
3994,5364,2019-03-12,expédiée,308.7,mobile
3995,5260,2021-04-20,échouée,1406.32,mobile
3996,1400,2022-10-11,expédiée,613.76,mobile
3997,5719,2019-12-25,expédiée,1683.17,web
3998,4076,2025-10-15,livrée,836.71,mobile
3999,5583,2021-12-18,livrée,922.04,web
4000,1367,2023-06-14,expédiée,649.05,mobile
4001,1351,2023-08-05,échouée,707.1,web
4002,1121,2025-04-23,livrée,518.36,web
4003,4388,2022-09-09,en cours,736.47,web
4004,2665,2021-02-12,en cours,199.21,web
4005,2249,2021-02-27,expédiée,111.02,mobile
4006,775,2020-09-01,expédiée,1456.78,web
4007,3681,2025-12-20,échouée,1979.58,mobile
4008,2960,2023-06-26,expédiée,1930.57,web
4009,1463,2021-08-14,expédiée,997.88,web
4010,4169,2020-04-21,en cours,563.24,web
4011,2063,2021-04-08,en cours,1038.0,web
4012,2803,2019-08-24,livrée,1302.03,web
4013,5017,2025-02-19,échouée,1163.46,mobile
4014,2071,2019-09-22,en cours,209.88,mobile
4015,1070,2021-04-21,expédiée,1658.1,web
4016,4806,2025-04-14,en cours,192.68,web
4017,4697,2024-04-17,livrée,129.47,web
4018,2180,2023-06-28,expédiée,933.93,mobile
4019,5207,2023-06-22,en cours,1601.19,web
4020,3054,2019-12-25,expédiée,1777.34,mobile
4021,5471,2019-09-21,expédiée,503.55,web
4022,5807,2024-01-15,expédiée,917.09,web
4023,5563,2020-01-17,échouée,517.87,mobile
4024,4192,2021-02-08,livrée,1567.48,web
4025,1367,2019-10-24,échouée,1030.09,mobile
4026,5788,2025-10-16,échouée,1316.69,web
4027,5062,2019-07-08,en cours,559.47,web
4028,1278,2025-12-03,expédiée,1730.81,web
4029,3428,2020-03-20,en cours,1108.73,mobile
4030,2060,2021-10-09,expédiée,935.27,web
4031,2094,2019-07-22,livrée,1693.15,mobile
4032,111,2024-03-09,livrée,505.39,web
4033,357,2024-07-05,livrée,892.26,mobile
4034,1759,2020-07-09,en cours,1252.34,mobile
4035,1280,2022-01-14,en cours,615.23,web
4036,964,2025-06-26,échouée,1205.21,web
4037,1101,2025-06-03,en cours,1935.94,mobile
4038,4933,2024-06-08,échouée,902.91,web
4039,2763,2020-12-04,en cours,1148.46,mobile
4040,994,2019-01-13,en cours,389.28,web
4041,1265,2023-04-18,échouée,1398.37,mobile
4042,3752,2022-01-14,en cours,1099.96,web
4043,5057,2024-10-01,livrée,138.08,web
4044,3303,2019-02-08,en cours,717.53,mobile
4045,5490,2021-04-06,échouée,1075.43,mobile
4046,908,2024-06-18,livrée,1320.99,web
4047,4967,2025-10-12,livrée,1399.62,web
4048,3562,2023-05-21,échouée,1001.38,web
4049,1699,2020-03-03,en cours,507.78,web
4050,1460,2019-12-30,expédiée,1669.0,web
4051,2407,2022-02-12,en cours,157.67,web
4052,2387,2019-04-25,échouée,1337.37,web
4053,5719,2025-12-11,expédiée,1413.44,web
4054,3056,2025-12-20,échouée,1101.35,web
4055,4736,2022-02-24,en cours,822.14,web
4056,5168,2020-05-13,échouée,683.0,mobile
4057,5271,2021-02-10,échouée,1920.31,web
4058,4073,2019-01-26,expédiée,662.68,web
4059,4224,2025-12-12,échouée,111.55,mobile
4060,3403,2025-12-14,expédiée,1506.79,web
4061,3477,2020-03-18,expédiée,878.12,web
4062,4812,2020-05-18,expédiée,448.42,mobile
4063,1060,2021-05-08,livrée,141.14,mobile
4064,684,2021-12-06,échouée,497.28,web
4065,3553,2023-05-14,expédiée,815.56,mobile
4066,2964,2022-03-14,échouée,1640.32,web
4067,2677,2019-05-21,échouée,1490.31,mobile
4068,5792,2022-05-16,en cours,1149.99,mobile
4069,5351,2019-07-17,expédiée,1617.78,web
4070,5373,2023-06-10,expédiée,747.12,mobile
4071,620,2021-09-10,expédiée,42.84,web
4072,2967,2022-05-19,expédiée,1525.31,web
4073,4639,2021-09-23,livrée,1607.33,web
4074,2013,2024-03-19,livrée,567.2,web
4075,3095,2024-12-29,expédiée,769.3,mobile
4076,5214,2024-05-19,livrée,994.5,mobile
4077,1108,2024-11-10,expédiée,1175.57,web
4078,2003,2023-02-12,échouée,1784.2,web
4079,1839,2025-04-30,échouée,521.76,mobile
4080,17,2025-10-26,expédiée,378.18,mobile
4081,4479,2024-09-10,livrée,1023.82,web
4082,4514,2020-12-24,livrée,223.23,mobile
4083,3504,2019-04-05,livrée,1285.06,web
4084,953,2022-09-28,en cours,1589.11,mobile
4085,2460,2024-11-15,expédiée,1403.33,web
4086,1509,2019-10-14,expédiée,1784.09,mobile
4087,2820,2021-07-26,en cours,1903.83,mobile
4088,4126,2020-06-08,en cours,832.7,web
4089,1536,2022-04-21,livrée,1589.85,mobile
4090,5269,2021-04-09,en cours,1588.53,web
4091,5327,2023-04-26,échouée,892.03,web
4092,2862,2023-08-05,en cours,236.31,web
4093,2877,2021-12-08,expédiée,1488.74,mobile
4094,4023,2025-12-17,en cours,1127.9,web
4095,5659,2024-06-20,échouée,241.71,web
4096,1555,2019-12-26,livrée,277.06,mobile
4097,547,2022-08-06,expédiée,362.81,mobile
4098,3831,2025-06-23,en cours,275.86,web
4099,101,2024-01-10,en cours,597.47,web
4100,2038,2022-09-25,livrée,142.03,web
4101,1987,2024-02-02,en cours,67.86,mobile
4102,2362,2025-09-28,expédiée,847.95,mobile
4103,4530,2024-01-19,en cours,1117.21,web
4104,909,2019-03-13,livrée,178.25,mobile
4105,4640,2021-10-28,expédiée,164.8,web
4106,198,2024-06-08,livrée,1260.58,web
4107,3960,2020-05-27,expédiée,1699.3,mobile
4108,1089,2019-01-12,livrée,207.13,mobile
4109,2233,2022-01-16,en cours,1829.48,web
4110,2596,2020-05-18,livrée,1231.8,mobile
4111,2198,2021-03-09,échouée,1842.34,web
4112,72,2021-06-08,en cours,1993.14,web
4113,4184,2019-02-02,livrée,1560.57,mobile
4114,3410,2020-11-10,échouée,1333.28,mobile
4115,4108,2022-09-26,en cours,759.89,mobile
4116,943,2024-09-22,en cours,1020.5,web
4117,2893,2025-07-25,en cours,1338.75,mobile
4118,27,2020-03-01,livrée,1525.09,mobile
4119,1064,2024-01-05,expédiée,1053.11,web
4120,3410,2021-12-06,échouée,78.59,web
4121,2237,2024-03-08,échouée,1152.07,web
4122,3853,2024-08-29,livrée,1748.44,web
4123,3442,2020-12-21,en cours,1759.71,mobile
4124,1416,2022-06-11,livrée,1280.32,web
4125,725,2025-05-19,en cours,566.82,mobile
4126,2347,2022-08-25,livrée,1680.84,mobile
4127,2467,2021-12-30,échouée,1925.47,web
4128,5598,2024-08-08,en cours,1368.4,web
4129,1527,2024-05-21,livrée,245.47,mobile
4130,4494,2022-03-23,en cours,1030.22,mobile
4131,4776,2019-11-03,expédiée,572.92,web
4132,1916,2021-10-03,expédiée,30.25,mobile
4133,2561,2021-05-24,livrée,832.54,mobile
4134,4660,2025-09-04,expédiée,1231.71,mobile
4135,133,2021-03-08,expédiée,911.39,web
4136,3561,2023-06-19,en cours,29.63,mobile
4137,4154,2019-02-02,livrée,1292.84,mobile
4138,5484,2024-01-22,livrée,632.75,mobile
4139,1592,2025-03-06,échouée,490.62,mobile
4140,1598,2021-04-11,échouée,1603.54,mobile
4141,2675,2022-05-12,livrée,1193.71,mobile
4142,4259,2022-07-16,expédiée,1472.15,mobile
4143,274,2021-10-02,livrée,362.72,mobile
4144,682,2020-08-24,en cours,1007.81,web
4145,3874,2023-06-19,en cours,1951.75,web
4146,1723,2021-09-13,expédiée,462.56,web
4147,3910,2025-12-24,échouée,99.1,mobile
4148,2692,2022-09-02,échouée,1745.32,web
4149,4417,2020-11-11,livrée,361.49,web
4150,3469,2023-05-04,en cours,121.84,web
4151,2898,2023-08-28,livrée,140.98,mobile
4152,303,2021-11-16,en cours,584.48,mobile
4153,2194,2023-04-28,expédiée,1019.19,web
4154,1456,2025-12-08,en cours,545.97,mobile
4155,118,2021-02-26,en cours,1404.17,web
4156,268,2023-04-12,expédiée,639.2,mobile
4157,104,2025-12-04,expédiée,821.52,mobile
4158,5938,2024-10-22,livrée,745.7,mobile
4159,3599,2019-12-07,livrée,971.61,mobile
4160,1767,2024-09-17,en cours,915.94,mobile
4161,2071,2019-01-12,expédiée,709.62,mobile
4162,5657,2022-05-23,expédiée,1661.59,web
4163,2712,2022-09-06,expédiée,1582.07,mobile
4164,5849,2023-10-04,échouée,744.56,mobile
4165,2636,2023-05-31,livrée,297.79,mobile
4166,4886,2022-12-18,livrée,963.2,web
4167,2499,2023-01-19,échouée,1680.32,web
4168,2855,2023-12-27,livrée,197.37,mobile
4169,5099,2020-05-20,livrée,1506.8,web
4170,3309,2022-09-25,en cours,855.01,web
4171,4849,2025-10-12,en cours,840.3,mobile
4172,5336,2021-11-08,livrée,1900.39,web
4173,5086,2022-07-07,échouée,444.21,web
4174,346,2020-01-12,livrée,416.43,mobile
4175,5573,2023-11-08,en cours,1394.37,web
4176,1353,2022-06-16,échouée,1874.81,web
4177,1657,2019-01-06,échouée,431.13,web
4178,1872,2020-01-14,échouée,1079.4,web
4179,3362,2023-11-22,expédiée,711.3,mobile
4180,843,2022-01-17,expédiée,398.83,web
4181,1559,2025-11-09,livrée,659.73,web
4182,3251,2020-07-25,échouée,1731.17,web
4183,2981,2019-03-22,en cours,939.24,mobile
4184,4510,2019-03-06,échouée,1092.51,mobile
4185,468,2021-06-04,livrée,1373.14,mobile
4186,3367,2021-02-11,en cours,1283.58,web
4187,4165,2021-03-09,en cours,1080.38,mobile
4188,159,2022-11-14,échouée,729.43,web
4189,959,2025-08-01,expédiée,714.44,mobile
4190,5746,2022-11-19,expédiée,785.32,mobile
4191,520,2020-05-03,en cours,744.39,mobile
4192,3359,2019-01-16,expédiée,1967.79,web
4193,1103,2022-10-20,en cours,654.77,mobile
4194,2041,2025-04-15,livrée,543.96,web
4195,1628,2022-02-10,expédiée,1178.68,web
4196,1108,2020-03-27,expédiée,1481.58,web
4197,3179,2023-01-16,en cours,755.15,mobile
4198,5058,2019-09-19,expédiée,1166.75,mobile
4199,4939,2024-09-21,échouée,1831.9,web
4200,2273,2020-12-26,en cours,701.87,web
4201,2629,2022-11-20,livrée,1743.09,mobile
4202,3763,2024-04-28,expédiée,767.39,mobile
4203,820,2023-02-12,en cours,1550.06,web
4204,3766,2019-10-21,échouée,874.26,web
4205,5883,2021-04-12,échouée,941.7,web
4206,3853,2023-10-31,en cours,1446.12,mobile
4207,144,2021-12-30,livrée,143.01,web
4208,4690,2024-12-17,échouée,1765.71,mobile
4209,2291,2022-09-12,échouée,1200.96,web
4210,1473,2020-10-25,livrée,825.87,mobile
4211,5422,2024-07-10,échouée,833.87,web
4212,2574,2021-07-17,expédiée,450.44,web
4213,5023,2024-04-13,livrée,1799.24,web
4214,5083,2024-05-19,livrée,241.51,web
4215,1519,2022-09-07,expédiée,1031.09,web
4216,3761,2019-02-10,expédiée,1557.06,mobile
4217,1959,2024-10-29,expédiée,1928.29,mobile
4218,2290,2025-05-07,en cours,656.98,web
4219,5175,2019-11-09,en cours,511.83,mobile
4220,4229,2021-02-07,expédiée,816.32,mobile
4221,5761,2021-04-21,expédiée,951.54,mobile
4222,378,2020-06-16,échouée,1060.4,web
4223,1894,2023-07-18,expédiée,227.4,web
4224,659,2023-07-20,expédiée,1039.94,mobile
4225,3589,2022-09-03,en cours,1458.74,mobile
4226,102,2022-12-29,en cours,910.28,web
4227,3333,2025-11-09,expédiée,562.06,web
4228,560,2025-10-25,en cours,1355.29,mobile
4229,910,2021-08-05,expédiée,1714.43,mobile
4230,3263,2021-09-06,expédiée,1513.69,web
4231,4088,2025-06-19,livrée,1858.06,web
4232,2121,2020-11-09,échouée,1935.76,mobile
4233,1627,2025-10-21,en cours,1676.7,web
4234,3890,2024-11-07,expédiée,157.12,mobile
4235,5945,2025-05-09,livrée,1973.26,web
4236,3704,2020-07-15,livrée,344.26,mobile
4237,4029,2021-05-25,en cours,582.3,web
4238,3653,2019-07-22,expédiée,718.86,mobile
4239,3908,2023-04-08,échouée,1577.52,web
4240,4198,2025-04-12,échouée,1748.57,web
4241,1355,2022-10-13,livrée,1859.6,mobile
4242,2391,2020-09-17,échouée,1768.04,mobile
4243,2583,2022-11-13,échouée,1300.17,mobile
4244,1509,2019-02-18,en cours,1018.36,mobile
4245,3174,2025-05-22,livrée,525.34,web
4246,2131,2019-03-15,livrée,183.85,web
4247,456,2024-12-09,expédiée,950.93,mobile
4248,5571,2024-10-12,expédiée,1790.15,mobile
4249,5949,2020-10-18,échouée,324.42,mobile
4250,5370,2025-06-29,échouée,929.01,mobile
4251,5051,2019-02-02,en cours,50.58,mobile
4252,5278,2020-10-27,en cours,738.28,web
4253,2184,2021-10-25,échouée,1289.79,web
4254,5220,2023-12-15,livrée,351.48,web
4255,3351,2022-04-17,expédiée,348.62,mobile
4256,1561,2024-11-23,livrée,514.73,web
4257,3774,2023-09-16,livrée,964.79,mobile
4258,4745,2020-08-29,échouée,1401.05,web
4259,1984,2023-10-23,échouée,832.2,web
4260,793,2024-04-05,livrée,1658.79,mobile
4261,3818,2023-01-02,en cours,1376.29,mobile
4262,273,2019-11-13,expédiée,290.0,web
4263,37,2019-09-10,livrée,35.26,web
4264,1377,2019-09-02,en cours,835.45,mobile
4265,2603,2019-09-29,échouée,186.07,mobile
4266,4110,2020-04-14,en cours,692.31,web
4267,5218,2019-05-13,expédiée,103.77,mobile
4268,327,2021-10-20,expédiée,1562.22,mobile
4269,4506,2022-10-04,expédiée,397.43,web
4270,4930,2024-07-16,en cours,1674.72,mobile
4271,2527,2021-12-16,expédiée,1929.25,web
4272,4723,2022-09-15,livrée,610.99,web
4273,162,2019-07-28,expédiée,1443.42,web
4274,3659,2025-04-26,échouée,166.66,mobile
4275,2672,2019-09-28,échouée,1179.27,web
4276,2632,2022-07-31,échouée,1325.53,web
4277,269,2022-05-29,livrée,1373.17,web
4278,1097,2024-03-09,expédiée,1920.4,mobile
4279,1478,2019-05-17,échouée,1325.31,mobile
4280,1733,2025-09-08,en cours,217.45,web
4281,4624,2019-03-18,expédiée,1341.13,web
4282,128,2021-01-15,expédiée,25.18,mobile
4283,3987,2021-04-24,en cours,1229.66,web
4284,4901,2023-07-06,échouée,56.52,web
4285,5689,2019-12-03,en cours,520.91,web
4286,3529,2025-07-25,expédiée,924.12,mobile
4287,1115,2019-02-09,expédiée,1082.19,web
4288,1464,2023-02-28,échouée,1081.05,web
4289,2153,2019-12-30,échouée,1052.26,mobile
4290,4744,2025-01-26,échouée,331.46,mobile
4291,2992,2023-07-31,livrée,1991.27,mobile
4292,2339,2024-04-06,livrée,980.17,web
4293,2944,2025-08-04,livrée,858.06,mobile
4294,5294,2025-03-02,en cours,1109.6,web
4295,3706,2025-10-15,expédiée,1115.72,web
4296,325,2023-05-26,en cours,958.1,mobile
4297,5940,2022-03-07,échouée,436.19,web
4298,2086,2019-12-09,échouée,515.77,web
4299,4448,2023-10-25,en cours,142.83,web
4300,1552,2019-09-01,en cours,345.34,web
4301,2557,2023-09-27,livrée,786.9,web
4302,2356,2024-01-31,livrée,265.66,mobile
4303,4957,2021-09-02,en cours,319.3,mobile
4304,4020,2023-04-11,en cours,1511.72,web
4305,1506,2023-04-21,échouée,243.9,mobile
4306,2774,2021-04-18,en cours,334.45,web
4307,5450,2023-05-18,expédiée,1615.42,mobile
4308,3935,2024-01-23,livrée,1195.0,web
4309,5355,2021-07-21,livrée,389.72,mobile
4310,3345,2020-01-10,livrée,1119.58,web
4311,2550,2022-02-18,en cours,564.24,mobile
4312,1628,2023-02-27,livrée,1039.03,web
4313,3808,2020-04-12,livrée,244.64,web
4314,2398,2023-01-17,livrée,911.41,mobile
4315,1019,2025-11-09,échouée,313.92,web
4316,1417,2019-09-20,en cours,1428.12,mobile
4317,5262,2020-12-04,échouée,1214.28,mobile
4318,4318,2021-01-20,échouée,829.68,web
4319,2639,2021-03-27,échouée,457.69,mobile
4320,5658,2024-05-03,en cours,1686.6,web
4321,4351,2024-04-09,livrée,254.89,mobile
4322,4360,2023-12-12,expédiée,1362.22,web
4323,2438,2025-05-05,échouée,1804.35,web
4324,1773,2020-07-20,expédiée,1086.88,mobile
4325,632,2022-01-08,livrée,1030.06,mobile
4326,4885,2023-07-14,expédiée,939.59,web
4327,3020,2023-11-17,livrée,218.05,web
4328,1709,2020-12-02,en cours,1964.86,mobile
4329,5778,2022-08-01,échouée,308.91,mobile
4330,1531,2020-08-08,expédiée,1805.91,mobile
4331,1313,2023-12-13,échouée,994.01,mobile
4332,5384,2023-09-15,en cours,1274.48,mobile
4333,1889,2025-05-11,expédiée,1368.73,mobile
4334,1233,2022-04-22,échouée,873.91,mobile
4335,4271,2023-04-22,expédiée,635.47,web
4336,243,2022-06-01,échouée,1520.46,mobile
4337,5700,2021-08-11,échouée,27.56,mobile
4338,2820,2024-01-15,échouée,1746.13,web
4339,5410,2020-04-27,en cours,1772.55,web
4340,542,2023-08-18,livrée,1301.01,web
4341,3875,2023-07-07,expédiée,855.73,web
4342,4292,2020-06-04,échouée,1008.46,web
4343,3846,2023-01-24,livrée,276.76,web
4344,4560,2025-11-12,échouée,1831.19,web
4345,5734,2021-08-29,en cours,1818.11,web
4346,2269,2024-10-26,expédiée,215.99,web
4347,4963,2021-11-06,livrée,1258.94,mobile
4348,2418,2020-12-04,expédiée,1871.88,web
4349,3907,2021-09-23,échouée,1823.47,mobile
4350,1350,2023-04-20,échouée,1934.26,web
4351,4324,2021-05-11,livrée,1988.96,web
4352,3142,2021-12-21,en cours,1187.56,mobile
4353,1595,2021-01-23,en cours,1912.85,web
4354,661,2023-05-07,échouée,616.15,web
4355,1410,2023-01-13,livrée,519.39,mobile
4356,871,2022-11-20,livrée,1772.39,mobile
4357,959,2025-08-15,livrée,194.01,mobile
4358,4946,2020-04-07,livrée,1148.6,mobile
4359,4614,2024-05-24,en cours,1386.91,web
4360,3546,2020-11-06,en cours,1538.72,mobile
4361,4145,2022-07-01,livrée,1885.87,mobile
4362,5892,2024-04-18,livrée,59.61,mobile
4363,5968,2020-04-20,échouée,883.17,mobile
4364,2350,2023-05-04,en cours,1632.93,web
4365,769,2024-09-24,en cours,921.84,mobile
4366,2221,2021-08-28,en cours,1971.19,web
4367,3691,2022-09-04,en cours,332.78,web
4368,347,2024-06-30,en cours,525.86,web
4369,4430,2025-01-08,échouée,1974.61,mobile
4370,5557,2025-02-19,expédiée,1865.63,web
4371,5886,2024-06-04,expédiée,599.08,mobile
4372,2667,2025-07-28,en cours,1058.62,web
4373,2299,2019-04-02,expédiée,1704.47,web
4374,4180,2025-03-30,expédiée,930.44,web
4375,2539,2024-12-06,échouée,661.08,web
4376,2139,2020-08-18,échouée,932.99,mobile
4377,4078,2022-09-15,expédiée,111.29,web
4378,518,2025-09-25,en cours,199.24,mobile
4379,1778,2021-11-27,en cours,1510.05,mobile
4380,3372,2021-08-06,expédiée,1114.74,mobile
4381,1362,2022-07-11,expédiée,102.26,mobile
4382,4307,2020-09-11,expédiée,814.4,mobile
4383,36,2022-07-10,livrée,1889.34,web
4384,590,2020-09-29,échouée,737.16,mobile
4385,5437,2023-11-17,expédiée,1481.81,web
4386,5612,2021-09-18,échouée,1607.49,mobile
4387,4324,2022-05-15,en cours,1153.15,web
4388,5248,2025-08-22,échouée,963.03,mobile
4389,5731,2024-07-01,échouée,1974.5,mobile
4390,1885,2024-06-03,livrée,1740.1,mobile
4391,979,2023-08-28,échouée,269.95,mobile
4392,401,2023-04-02,livrée,429.25,web
4393,1577,2020-07-11,en cours,563.56,mobile
4394,487,2024-02-09,livrée,1178.31,mobile
4395,728,2022-09-21,échouée,609.43,web
4396,3810,2023-05-19,en cours,860.78,mobile
4397,4661,2025-06-03,échouée,526.52,web
4398,3055,2025-01-02,expédiée,1000.61,web
4399,1057,2022-02-15,expédiée,462.58,mobile
4400,541,2022-05-29,livrée,971.11,web
4401,4876,2025-07-23,en cours,1836.28,mobile
4402,521,2022-12-10,expédiée,1361.65,web
4403,87,2022-11-02,expédiée,931.01,web
4404,5638,2019-09-01,en cours,979.59,web
4405,3724,2024-03-29,échouée,1751.79,web
4406,2285,2024-10-24,livrée,1535.29,web
4407,386,2019-08-25,livrée,1804.9,web
4408,5029,2022-06-09,en cours,1856.62,web
4409,2127,2020-09-23,livrée,301.11,mobile
4410,4782,2019-08-10,en cours,68.55,mobile
4411,5855,2019-01-28,expédiée,1511.04,mobile
4412,4146,2021-09-16,livrée,1972.81,mobile
4413,3435,2025-08-21,expédiée,727.62,web
4414,3204,2024-05-26,en cours,1249.51,web
4415,4579,2025-08-11,expédiée,329.0,mobile
4416,2532,2020-01-29,en cours,1677.65,web
4417,2839,2020-04-30,livrée,1166.63,web
4418,5218,2025-05-28,échouée,719.59,mobile
4419,2565,2020-10-03,échouée,69.43,web
4420,4443,2023-02-14,livrée,1098.5,web
4421,2779,2022-07-01,en cours,1242.48,mobile
4422,3583,2025-09-02,expédiée,1452.72,mobile
4423,3785,2021-01-17,échouée,1241.67,web
4424,5290,2024-07-24,échouée,43.92,mobile
4425,5077,2019-01-04,expédiée,1379.61,mobile
4426,734,2021-09-25,expédiée,556.84,web
4427,5266,2023-04-03,livrée,1874.27,web
4428,2943,2020-09-16,échouée,633.94,mobile
4429,5017,2025-05-24,livrée,1907.37,web
4430,4723,2019-06-22,expédiée,1855.41,web
4431,2690,2019-01-24,échouée,1670.46,mobile
4432,2579,2020-10-18,expédiée,1266.78,web
4433,5708,2025-12-29,expédiée,82.36,web
4434,4735,2025-10-15,en cours,1350.1,mobile
4435,4708,2024-08-24,expédiée,824.81,mobile
4436,2997,2024-02-21,expédiée,317.33,mobile
4437,924,2023-07-20,échouée,895.94,mobile
4438,2438,2025-11-25,échouée,283.96,web
4439,4995,2020-10-23,expédiée,1988.18,web
4440,3105,2023-11-30,en cours,491.73,web
4441,2029,2021-05-20,expédiée,1288.28,mobile
4442,2557,2022-10-27,expédiée,503.16,mobile
4443,1614,2024-10-05,expédiée,1172.44,mobile
4444,635,2025-08-30,échouée,1264.01,mobile
4445,4365,2023-02-22,en cours,1210.32,mobile
4446,1815,2020-10-21,échouée,38.63,mobile
4447,2467,2021-05-13,livrée,959.85,web
4448,5266,2019-04-07,en cours,1459.17,mobile
4449,3816,2025-01-03,échouée,1943.54,web
4450,493,2020-01-22,échouée,994.49,mobile
4451,2650,2019-05-06,échouée,347.83,mobile
4452,3387,2025-05-22,échouée,1295.97,mobile
4453,5782,2022-01-06,expédiée,80.9,mobile
4454,3734,2021-05-29,en cours,125.75,mobile
4455,4063,2024-08-12,expédiée,1485.48,mobile
4456,2759,2023-08-30,livrée,135.27,web
4457,4327,2020-11-22,échouée,766.29,mobile
4458,1538,2025-11-02,livrée,905.28,mobile
4459,844,2022-04-27,expédiée,484.94,mobile
4460,5352,2024-09-02,échouée,1052.68,web
4461,3692,2019-05-08,expédiée,762.48,mobile
4462,1918,2024-02-10,en cours,613.44,mobile
4463,2931,2023-06-18,expédiée,839.99,web
4464,5298,2024-02-17,livrée,1468.35,web
4465,444,2020-05-14,livrée,1541.38,web
4466,1532,2022-08-15,expédiée,964.55,mobile
4467,5830,2019-11-23,livrée,1786.41,web
4468,85,2019-02-08,livrée,1016.32,mobile
4469,4393,2023-05-21,livrée,455.8,mobile
4470,655,2025-01-31,en cours,803.23,web
4471,3680,2020-12-15,en cours,1647.37,mobile
4472,2622,2023-05-01,échouée,847.36,mobile
4473,4890,2019-08-18,en cours,60.02,web
4474,894,2022-10-18,expédiée,1843.24,mobile
4475,407,2024-10-22,expédiée,1063.36,web
4476,4746,2021-08-19,échouée,510.43,web
4477,4127,2023-05-09,livrée,857.7,web
4478,722,2023-06-20,en cours,1456.8,web
4479,5048,2022-11-21,livrée,398.23,mobile
4480,2475,2022-09-15,échouée,218.46,web
4481,3287,2019-01-28,expédiée,1496.67,mobile
4482,3571,2025-04-24,échouée,1815.28,mobile
4483,186,2025-07-02,expédiée,1614.75,web
4484,597,2019-09-22,expédiée,378.07,mobile
4485,1362,2020-10-09,expédiée,1484.46,mobile
4486,4631,2022-08-05,échouée,1932.79,mobile
4487,1916,2025-03-10,en cours,1198.99,mobile
4488,2569,2021-08-14,livrée,1770.07,web
4489,978,2023-08-03,livrée,1773.23,web
4490,351,2022-09-11,en cours,465.65,web
4491,2620,2022-09-28,en cours,588.39,web
4492,4700,2023-05-26,livrée,1296.39,web
4493,5625,2022-05-20,en cours,289.98,web
4494,3614,2022-05-11,expédiée,337.58,mobile
4495,1436,2023-09-26,livrée,968.33,web
4496,1425,2022-01-29,en cours,1748.08,mobile
4497,3911,2020-05-03,expédiée,94.66,web
4498,2472,2024-01-15,livrée,731.03,web
4499,4294,2025-11-17,échouée,1619.57,mobile
4500,901,2025-07-01,expédiée,679.45,web
4501,5032,2019-08-02,expédiée,28.23,mobile
4502,320,2025-10-14,expédiée,1450.72,mobile
4503,5223,2024-08-11,échouée,1864.66,web
4504,736,2024-01-22,en cours,1529.08,mobile
4505,4073,2022-02-18,échouée,1135.15,mobile
4506,3545,2024-03-06,livrée,1449.79,web
4507,3214,2019-06-21,livrée,1067.44,web
4508,852,2019-04-04,en cours,1369.06,web
4509,1264,2023-04-03,livrée,97.28,web
4510,255,2022-02-14,échouée,1529.58,web
4511,3938,2022-11-03,livrée,1053.1,mobile
4512,290,2019-06-17,livrée,1159.45,web
4513,2996,2022-01-15,en cours,1942.96,mobile
4514,2304,2024-07-18,échouée,982.56,web
4515,5954,2021-06-14,échouée,1153.46,mobile
4516,310,2024-01-18,échouée,820.35,mobile
4517,5985,2023-01-11,expédiée,1458.94,web
4518,4584,2021-08-21,échouée,863.95,mobile
4519,2727,2022-09-10,en cours,1018.46,mobile
4520,3817,2024-09-21,livrée,1510.42,web
4521,1961,2019-06-30,expédiée,856.34,mobile
4522,4736,2019-07-03,en cours,937.4,web
4523,3210,2024-05-30,en cours,1088.72,web
4524,4806,2019-01-21,expédiée,710.74,mobile
4525,1550,2023-11-05,expédiée,1176.12,mobile
4526,3726,2022-03-09,échouée,54.1,web
4527,5972,2024-07-07,en cours,1485.43,mobile
4528,1810,2023-03-04,livrée,1039.35,web
4529,1407,2024-05-28,en cours,1030.95,mobile
4530,2527,2019-07-16,en cours,1479.48,mobile
4531,2118,2020-06-08,livrée,1684.08,mobile
4532,2203,2020-12-05,expédiée,1150.34,web
4533,511,2020-06-16,échouée,1473.9,mobile
4534,1607,2023-11-20,livrée,352.08,web
4535,2434,2022-06-01,en cours,766.87,web
4536,4365,2020-06-26,livrée,1489.78,mobile
4537,1936,2021-12-28,échouée,58.72,mobile
4538,898,2021-12-01,livrée,204.69,mobile
4539,4190,2025-09-08,livrée,1549.45,web
4540,5061,2019-03-02,en cours,1423.1,web
4541,2293,2020-09-24,livrée,595.36,web
4542,1336,2024-03-21,expédiée,212.72,web
4543,1140,2025-02-07,livrée,205.21,web
4544,4334,2019-10-30,livrée,677.54,web
4545,3431,2022-03-30,livrée,456.05,web
4546,395,2023-05-10,livrée,1432.49,web
4547,5684,2020-07-17,livrée,1013.97,web
4548,2188,2020-05-03,en cours,251.93,mobile
4549,1153,2021-01-02,échouée,739.56,mobile
4550,4645,2023-11-25,expédiée,283.67,web
4551,802,2020-01-20,échouée,992.89,web
4552,3538,2024-08-31,expédiée,59.15,web
4553,3317,2022-10-12,échouée,133.92,mobile
4554,1288,2021-03-02,expédiée,531.22,mobile
4555,3896,2020-08-29,expédiée,1164.48,mobile
4556,2453,2024-03-14,livrée,528.41,mobile
4557,2829,2021-10-12,échouée,908.1,mobile
4558,9,2023-03-24,en cours,985.65,web
4559,5669,2019-12-21,échouée,118.2,web
4560,2768,2023-11-20,livrée,248.41,web
4561,5868,2024-01-25,échouée,270.66,web
4562,357,2020-10-30,en cours,1718.61,mobile
4563,5759,2019-07-28,en cours,1187.09,mobile
4564,5776,2019-05-13,en cours,966.75,web
4565,1234,2023-08-12,en cours,1805.58,web
4566,3656,2025-03-04,échouée,334.58,web
4567,3532,2019-03-29,livrée,1928.3,mobile
4568,345,2024-03-07,en cours,1668.1,mobile
4569,5722,2019-03-14,livrée,129.9,web
4570,4202,2019-08-31,en cours,561.05,web
4571,5348,2020-07-12,expédiée,380.38,mobile
4572,5109,2020-01-18,livrée,1531.48,mobile
4573,5544,2025-07-03,en cours,423.21,web
4574,1121,2019-06-12,expédiée,294.22,web
4575,1997,2024-07-20,en cours,1229.42,mobile
4576,4444,2023-11-01,échouée,883.28,web
4577,2683,2019-02-11,en cours,1282.09,web
4578,2692,2021-08-27,échouée,272.6,web
4579,3787,2021-02-01,échouée,1257.57,mobile
4580,4152,2024-08-05,expédiée,1112.75,mobile
4581,1609,2024-02-17,échouée,836.18,web
4582,2095,2022-12-09,livrée,801.93,mobile
4583,1114,2021-05-01,livrée,648.84,mobile
4584,3708,2021-07-30,expédiée,1708.76,mobile
4585,2170,2021-04-03,en cours,74.85,mobile
4586,3375,2022-11-04,en cours,662.83,mobile
4587,5258,2024-11-07,expédiée,1611.15,web
4588,1527,2021-06-24,livrée,960.32,web
4589,1919,2020-04-10,expédiée,688.89,mobile
4590,3989,2022-07-14,livrée,650.48,web
4591,4795,2023-09-21,livrée,1490.6,web
4592,2552,2020-06-24,en cours,1871.5,web
4593,3993,2021-07-12,en cours,404.52,mobile
4594,1275,2020-04-05,livrée,1548.17,web
4595,2928,2024-01-24,livrée,1583.93,mobile
4596,2284,2019-03-19,en cours,1188.41,web
4597,1078,2021-06-14,en cours,418.27,web
4598,1776,2023-12-04,échouée,1362.48,mobile
4599,3954,2023-02-12,livrée,1256.61,mobile
4600,1983,2025-07-04,en cours,1928.58,mobile
4601,3191,2024-03-13,livrée,1633.37,mobile
4602,5195,2023-11-14,en cours,439.14,mobile
4603,2448,2019-07-14,expédiée,561.56,mobile
4604,4777,2022-12-24,livrée,790.47,mobile
4605,3177,2023-03-08,livrée,321.72,mobile
4606,2213,2022-10-09,en cours,309.45,mobile
4607,1845,2025-10-10,expédiée,1850.18,web
4608,4797,2019-12-14,livrée,221.17,mobile
4609,5805,2019-09-29,livrée,326.93,web
4610,5621,2021-11-04,en cours,1384.63,mobile
4611,864,2021-04-13,échouée,1813.31,web
4612,674,2025-02-16,échouée,1821.28,web
4613,1389,2021-08-06,échouée,1244.2,web
4614,3707,2022-01-24,expédiée,1930.61,mobile
4615,3383,2019-04-01,échouée,287.94,web
4616,2769,2020-04-15,échouée,318.3,mobile
4617,1204,2023-04-16,expédiée,1295.51,web
4618,4511,2024-01-18,échouée,623.15,mobile
4619,3111,2025-11-08,en cours,1279.02,web
4620,1784,2020-03-01,échouée,484.46,web
4621,61,2023-02-12,échouée,1935.63,mobile
4622,5270,2023-12-30,expédiée,1408.58,web
4623,3543,2022-02-02,en cours,157.11,web
4624,4215,2022-04-06,expédiée,1789.8,mobile
4625,77,2024-05-16,livrée,640.57,web
4626,3951,2025-04-24,livrée,1940.04,web
4627,818,2022-12-02,en cours,823.7,web
4628,3138,2020-04-12,échouée,1365.69,mobile
4629,3911,2019-11-28,en cours,600.16,web
4630,2586,2020-10-10,en cours,1718.39,mobile
4631,1771,2025-11-08,expédiée,215.81,web
4632,3521,2025-05-01,en cours,1236.15,web
4633,5407,2023-11-21,en cours,244.55,web
4634,128,2024-06-16,livrée,642.54,mobile
4635,4554,2019-01-01,expédiée,1239.78,mobile
4636,2985,2021-08-04,expédiée,1651.04,mobile
4637,2324,2025-03-13,livrée,504.04,mobile
4638,3037,2021-12-25,en cours,1814.22,web
4639,736,2021-12-12,livrée,1704.37,web
4640,5350,2023-03-11,expédiée,714.0,web
4641,4238,2024-06-25,en cours,838.97,web
4642,356,2023-06-29,échouée,97.0,mobile
4643,542,2019-01-05,expédiée,1524.31,web
4644,2474,2025-06-30,expédiée,956.85,mobile
4645,3374,2023-06-13,expédiée,249.69,mobile
4646,5821,2023-09-18,livrée,1185.42,mobile
4647,5430,2025-08-01,livrée,1187.94,web
4648,759,2024-06-21,en cours,1763.51,web
4649,3671,2023-03-30,échouée,1445.29,web
4650,1808,2021-06-02,en cours,1506.4,web
4651,2477,2021-05-21,expédiée,1037.1,web
4652,2011,2025-06-19,échouée,447.85,web
4653,5549,2023-01-12,en cours,526.48,mobile
4654,2183,2025-05-15,livrée,1208.65,mobile
4655,2066,2023-01-30,livrée,1964.82,web
4656,2247,2022-08-01,expédiée,931.51,mobile
4657,2065,2024-07-14,expédiée,1299.86,web
4658,3957,2024-12-29,livrée,873.05,mobile
4659,220,2023-09-20,en cours,1559.72,web
4660,2309,2025-05-19,échouée,339.92,mobile
4661,4994,2019-06-03,échouée,608.14,web
4662,466,2025-08-26,livrée,528.99,mobile
4663,2860,2022-11-12,échouée,1344.95,mobile
4664,3726,2020-11-12,échouée,31.18,mobile
4665,1102,2025-06-25,échouée,627.57,mobile
4666,290,2023-02-18,livrée,887.56,web
4667,4362,2022-03-30,expédiée,560.24,web
4668,1095,2022-03-13,échouée,1906.82,web
4669,709,2023-03-28,échouée,1742.43,web
4670,5436,2021-10-20,livrée,728.97,mobile
4671,4481,2019-09-22,livrée,1186.37,mobile
4672,4999,2025-07-03,livrée,952.53,mobile
4673,349,2020-07-02,livrée,1506.74,web
4674,5572,2023-01-13,en cours,1333.51,web
4675,3615,2021-09-24,échouée,1862.51,web
4676,3470,2020-10-05,livrée,1101.22,mobile
4677,685,2021-05-10,échouée,1982.33,web
4678,5691,2019-06-20,échouée,934.41,mobile
4679,264,2021-09-17,échouée,1664.01,mobile
4680,3636,2020-02-23,échouée,1331.11,web
4681,5646,2024-07-31,échouée,615.4,web
4682,4626,2025-04-15,livrée,176.69,web
4683,3082,2022-06-18,en cours,1497.83,mobile
4684,3054,2019-03-10,en cours,176.09,mobile
4685,811,2023-10-24,échouée,476.87,mobile
4686,4316,2020-08-04,expédiée,1172.77,mobile
4687,4625,2024-04-12,livrée,491.81,mobile
4688,1670,2020-04-29,livrée,1829.29,web
4689,341,2019-12-13,en cours,1700.83,web
4690,4305,2025-06-07,expédiée,969.17,web
4691,4507,2023-09-30,en cours,1159.44,mobile
4692,1255,2023-04-12,en cours,1618.79,web
4693,626,2021-10-08,livrée,1268.78,web
4694,3773,2025-02-26,échouée,1467.1,mobile
4695,1822,2019-06-08,livrée,1002.57,web
4696,5231,2023-09-17,livrée,1870.29,web
4697,4992,2019-05-10,livrée,475.91,mobile
4698,1297,2025-09-06,échouée,1908.74,web
4699,5111,2025-10-06,livrée,1468.03,mobile
4700,2253,2023-07-25,livrée,519.75,mobile
4701,2711,2023-05-30,échouée,951.42,web
4702,5441,2025-09-09,échouée,863.72,mobile
4703,5156,2023-04-22,livrée,1916.68,mobile
4704,2419,2020-01-09,livrée,669.85,web
4705,5971,2021-12-23,livrée,1571.06,web
4706,222,2020-05-17,expédiée,512.72,web
4707,5651,2025-12-06,en cours,67.89,mobile
4708,1489,2023-04-17,expédiée,1785.61,mobile
4709,3995,2020-10-23,livrée,226.27,web
4710,5113,2020-01-08,en cours,1968.47,web
4711,2811,2020-09-12,en cours,289.14,web
4712,399,2023-07-23,livrée,1215.02,mobile
4713,4312,2022-09-08,en cours,1941.44,web
4714,5934,2022-06-25,échouée,1227.92,mobile
4715,2125,2024-01-19,en cours,919.21,mobile
4716,4173,2023-06-18,échouée,1037.84,mobile
4717,3986,2021-04-21,en cours,895.62,mobile
4718,3416,2019-01-19,échouée,1611.4,mobile
4719,1133,2023-11-08,en cours,486.04,mobile
4720,1413,2019-09-12,en cours,872.47,mobile
4721,5547,2021-07-08,livrée,405.82,web
4722,4238,2025-10-23,échouée,1521.27,web
4723,4391,2022-02-11,expédiée,326.02,mobile
4724,1990,2023-04-22,échouée,1473.21,mobile
4725,2071,2025-06-30,en cours,216.84,web
4726,107,2019-10-31,livrée,803.69,web
4727,2634,2023-08-14,échouée,510.21,mobile
4728,4623,2019-04-10,échouée,1365.3,web
4729,5452,2024-01-05,livrée,620.06,web
4730,3234,2025-10-15,échouée,1913.64,web
4731,1310,2020-04-21,livrée,1525.3,mobile
4732,3954,2019-08-06,expédiée,156.44,mobile
4733,5437,2023-09-08,livrée,363.5,web
4734,1438,2024-05-22,livrée,1632.15,mobile
4735,1886,2019-07-14,livrée,1692.2,mobile
4736,4123,2025-03-31,échouée,828.58,mobile
4737,149,2022-04-03,expédiée,591.07,mobile
4738,5698,2020-02-28,en cours,1815.65,mobile
4739,643,2020-10-13,livrée,1427.39,web
4740,3412,2025-06-23,livrée,700.15,mobile
4741,3041,2019-06-09,livrée,1718.55,web
4742,3204,2023-02-21,échouée,596.36,mobile
4743,3952,2019-11-16,échouée,1234.41,web
4744,3302,2025-03-09,livrée,293.39,web
4745,5435,2019-03-26,livrée,1108.95,mobile
4746,2251,2024-01-16,échouée,128.91,mobile
4747,3810,2023-07-28,en cours,1242.96,web
4748,1114,2020-02-28,livrée,1154.49,web
4749,4080,2025-09-23,livrée,171.53,mobile
4750,5870,2025-05-19,expédiée,1522.81,mobile
4751,4564,2023-04-24,en cours,1166.73,mobile
4752,1736,2019-01-13,expédiée,1240.85,mobile
4753,261,2024-02-16,échouée,1511.49,web
4754,1815,2024-01-26,en cours,90.75,web
4755,1917,2019-03-22,expédiée,1100.63,web
4756,1551,2019-12-14,livrée,1817.73,web
4757,830,2021-01-10,échouée,1402.5,mobile
4758,3651,2021-06-17,livrée,1728.74,mobile
4759,3914,2021-07-24,en cours,951.12,web
4760,2311,2019-04-16,livrée,1315.43,web
4761,1816,2019-01-09,échouée,753.77,web
4762,1745,2023-01-07,expédiée,747.29,mobile
4763,4169,2019-12-22,échouée,1662.98,mobile
4764,750,2020-10-01,en cours,1427.86,web
4765,863,2020-06-11,expédiée,1696.03,web
4766,2476,2021-11-09,livrée,1530.2,mobile
4767,5092,2024-01-07,livrée,799.36,web
4768,3725,2025-12-12,échouée,1302.22,web
4769,3410,2020-11-14,expédiée,98.98,mobile
4770,3855,2024-01-05,livrée,1387.83,mobile
4771,4869,2019-12-12,livrée,860.59,web
4772,285,2025-10-23,livrée,447.3,mobile
4773,5054,2019-06-26,échouée,28.04,mobile
4774,5738,2020-12-18,échouée,1813.09,mobile
4775,5327,2025-04-28,échouée,1829.72,mobile
4776,825,2021-11-26,échouée,1800.34,mobile
4777,2950,2022-05-11,en cours,123.95,web
4778,1630,2023-04-02,en cours,1868.79,mobile
4779,297,2025-11-14,expédiée,1627.0,mobile
4780,1601,2022-08-11,échouée,588.62,web
4781,5372,2022-08-15,livrée,1559.99,web
4782,4205,2020-10-25,expédiée,701.82,mobile
4783,5063,2019-11-24,expédiée,1983.78,mobile
4784,4849,2022-11-18,livrée,1955.23,web
4785,1771,2019-12-05,expédiée,1530.52,mobile
4786,1009,2021-04-01,échouée,1003.85,web
4787,4111,2022-05-23,expédiée,1535.27,mobile
4788,3502,2023-02-28,livrée,1077.44,mobile
4789,357,2019-07-14,expédiée,1383.1,mobile
4790,2994,2022-07-30,échouée,335.21,mobile
4791,1859,2021-08-31,expédiée,1662.69,mobile
4792,4511,2022-06-14,en cours,1135.95,web
4793,4121,2025-04-06,livrée,1025.94,mobile
4794,3184,2024-01-22,échouée,960.25,mobile
4795,4610,2021-07-18,livrée,1992.5,web
4796,3541,2022-10-03,expédiée,1192.68,mobile
4797,79,2022-01-15,échouée,665.18,web
4798,974,2019-01-11,échouée,1261.0,web
4799,2845,2019-08-31,expédiée,228.95,web
4800,3201,2023-05-09,livrée,210.21,mobile
4801,3642,2023-01-08,livrée,953.72,mobile
4802,4235,2025-02-05,en cours,1763.94,mobile
4803,411,2020-04-16,livrée,1333.43,web
4804,4941,2024-09-13,expédiée,1834.79,mobile
4805,2171,2022-08-01,expédiée,814.55,mobile
4806,920,2024-09-04,livrée,380.62,web
4807,5182,2019-01-07,expédiée,1810.14,web
4808,5011,2023-02-21,livrée,1659.58,web
4809,2867,2023-02-08,expédiée,337.29,web
4810,2660,2023-02-01,échouée,1338.51,mobile
4811,2749,2020-12-26,échouée,524.11,mobile
4812,5750,2019-10-31,expédiée,760.56,web
4813,4867,2020-10-28,expédiée,1116.7,mobile
4814,4681,2024-05-09,livrée,1487.02,web
4815,3143,2024-11-06,livrée,1023.87,mobile
4816,2404,2025-12-09,expédiée,1475.05,mobile
4817,2413,2020-09-09,échouée,241.22,mobile
4818,5341,2021-02-03,expédiée,1601.44,web
4819,282,2022-06-05,livrée,1048.85,web
4820,1135,2024-09-20,livrée,1652.28,mobile
4821,1836,2019-08-16,échouée,1499.57,web
4822,5631,2024-06-20,échouée,1749.08,mobile
4823,814,2021-11-23,échouée,1474.22,web
4824,2780,2023-03-30,expédiée,1971.06,mobile
4825,1642,2024-02-16,expédiée,325.61,web
4826,3247,2021-08-12,livrée,1776.4,mobile
4827,3575,2021-01-25,expédiée,340.53,mobile
4828,2427,2024-10-23,échouée,129.71,web
4829,4858,2022-08-15,en cours,1550.44,mobile
4830,2725,2025-05-15,en cours,656.62,web
4831,2016,2023-02-04,échouée,736.85,web
4832,3856,2020-06-27,livrée,1391.7,mobile
4833,1809,2025-10-14,expédiée,1720.76,web
4834,4407,2025-06-21,en cours,366.68,web
4835,5536,2020-07-06,échouée,1656.88,mobile
4836,2299,2025-11-23,échouée,1693.52,mobile
4837,367,2022-06-17,échouée,1547.7,mobile
4838,67,2019-06-19,échouée,189.57,web
4839,2440,2022-02-21,échouée,394.56,mobile
4840,2268,2024-06-01,livrée,191.54,web
4841,5941,2021-04-24,livrée,1699.24,mobile
4842,4571,2025-06-13,en cours,1876.83,web
4843,2568,2023-03-09,échouée,356.12,mobile
4844,3566,2023-02-22,échouée,1221.69,web
4845,5045,2023-07-16,échouée,1603.22,web
4846,1404,2024-11-13,échouée,1778.46,mobile
4847,2543,2020-12-06,livrée,1688.32,web
4848,2059,2022-05-12,en cours,1007.55,web
4849,236,2020-07-07,échouée,1799.9,web
4850,3230,2019-12-27,livrée,887.95,web
4851,5317,2020-10-20,expédiée,990.71,web
4852,5248,2023-11-30,livrée,825.49,web
4853,460,2025-10-16,livrée,70.14,web
4854,335,2020-05-16,échouée,1107.85,web
4855,3173,2019-02-10,livrée,476.16,web
4856,2653,2024-01-08,livrée,152.74,mobile
4857,4767,2022-05-22,livrée,930.68,web
4858,3794,2020-06-28,expédiée,1340.39,mobile
4859,5395,2024-12-25,livrée,1447.33,mobile
4860,5935,2024-10-23,échouée,1591.95,mobile
4861,788,2024-12-12,livrée,743.86,web
4862,5789,2024-07-30,livrée,1266.76,mobile
4863,1897,2022-11-12,livrée,660.23,mobile
4864,4962,2020-11-23,en cours,562.55,web
4865,1515,2021-08-25,livrée,956.98,web
4866,954,2019-03-01,expédiée,239.96,web
4867,287,2020-03-20,en cours,1698.87,web
4868,1357,2021-09-09,échouée,1879.38,web
4869,2214,2023-02-11,échouée,467.3,web
4870,4702,2025-11-19,échouée,1606.23,web
4871,1588,2021-01-30,en cours,1430.61,mobile
4872,2064,2024-11-13,expédiée,1116.56,mobile
4873,1818,2021-06-27,échouée,1345.18,mobile
4874,3931,2021-08-11,expédiée,906.34,web
4875,815,2025-02-27,échouée,1121.22,web
4876,748,2023-11-16,en cours,1825.06,web
4877,2340,2020-12-15,en cours,552.31,mobile
4878,1903,2020-02-14,échouée,1990.97,web
4879,3830,2025-08-15,expédiée,1398.08,mobile
4880,2190,2024-11-11,en cours,1689.37,mobile
4881,4027,2024-09-08,livrée,1588.28,web
4882,3752,2021-05-15,livrée,271.12,web
4883,4624,2021-08-24,en cours,1301.47,mobile
4884,4007,2023-07-24,en cours,1471.3,web
4885,27,2021-08-25,expédiée,1163.27,mobile
4886,3479,2021-12-11,livrée,676.42,mobile
4887,4787,2022-07-23,échouée,131.89,web
4888,3581,2020-09-14,livrée,238.73,mobile
4889,818,2021-12-07,expédiée,832.3,mobile
4890,5305,2025-12-20,expédiée,730.84,web
4891,3572,2019-12-18,expédiée,1499.72,web
4892,541,2022-03-23,en cours,366.93,web
4893,988,2025-03-15,échouée,664.03,web
4894,5202,2019-05-18,expédiée,1625.95,web
4895,3302,2023-06-19,échouée,79.1,web
4896,1124,2023-04-18,livrée,593.69,mobile
4897,1481,2022-09-27,échouée,1222.32,web
4898,186,2021-08-05,échouée,262.73,web
4899,890,2022-01-29,en cours,625.25,web
4900,2509,2020-07-23,en cours,1158.75,web
4901,3272,2019-04-15,échouée,1258.66,mobile
4902,944,2021-01-22,échouée,1192.19,web
4903,74,2025-05-04,livrée,378.02,web
4904,4083,2022-02-22,échouée,1759.19,web
4905,3857,2021-11-21,en cours,1389.57,web
4906,5821,2023-11-06,livrée,616.71,mobile
4907,4455,2022-12-19,en cours,1537.34,web
4908,1385,2021-11-04,échouée,121.33,web
4909,2321,2021-03-04,échouée,1363.12,mobile
4910,3282,2025-02-09,livrée,1030.54,web
4911,568,2021-05-18,expédiée,1491.43,web
4912,4510,2021-05-29,échouée,1662.94,mobile
4913,2385,2025-09-06,échouée,1360.34,mobile
4914,4527,2024-01-26,livrée,1068.83,mobile
4915,5098,2020-08-25,livrée,437.36,web
4916,2107,2019-08-26,expédiée,1253.81,web
4917,1364,2025-04-18,échouée,1975.12,mobile
4918,4470,2025-05-25,expédiée,1903.76,web
4919,3612,2022-12-09,expédiée,1131.64,mobile
4920,4237,2023-08-31,échouée,969.88,web
4921,714,2025-03-28,livrée,736.92,web
4922,4744,2025-09-04,livrée,526.12,mobile
4923,1943,2023-06-27,livrée,581.12,web
4924,5439,2024-05-07,en cours,1505.67,web
4925,1590,2021-11-21,échouée,1708.21,mobile
4926,3694,2019-04-29,expédiée,424.92,web
4927,283,2019-12-22,échouée,1953.13,mobile
4928,2474,2022-05-27,échouée,750.7,mobile
4929,5952,2022-08-08,en cours,45.35,web
4930,400,2020-10-12,livrée,713.52,mobile
4931,1149,2019-07-11,livrée,1610.51,web
4932,5062,2023-04-02,livrée,119.66,mobile
4933,1842,2023-02-13,en cours,152.04,web
4934,5297,2022-11-19,expédiée,1271.49,mobile
4935,2292,2022-05-03,livrée,1440.99,web
4936,4419,2022-08-18,expédiée,751.92,mobile
4937,3288,2022-01-19,en cours,391.26,mobile
4938,4035,2019-03-04,livrée,237.56,mobile
4939,1365,2019-01-24,livrée,1182.23,mobile
4940,5207,2025-01-06,échouée,1963.87,mobile
4941,2767,2021-08-17,en cours,29.83,web
4942,2824,2025-11-03,expédiée,1257.7,mobile
4943,1866,2019-12-02,expédiée,1625.46,web
4944,4459,2020-10-03,échouée,798.25,mobile
4945,985,2019-10-08,livrée,1465.47,web
4946,3557,2021-12-18,livrée,1460.45,web
4947,134,2022-04-21,échouée,1563.81,web
4948,1406,2020-11-29,expédiée,1426.9,web
4949,2180,2019-12-01,livrée,1592.21,mobile
4950,3585,2022-05-29,échouée,1708.83,web
4951,1140,2023-11-07,en cours,449.55,web
4952,4654,2022-04-20,expédiée,566.89,mobile
4953,162,2021-10-05,expédiée,1153.89,web
4954,2268,2019-09-13,en cours,317.3,mobile
4955,3038,2025-05-02,livrée,1522.7,web
4956,853,2022-02-15,livrée,452.19,mobile
4957,5981,2019-12-20,livrée,1850.12,web
4958,5377,2023-07-04,en cours,110.4,mobile
4959,4087,2021-05-21,échouée,1741.38,mobile
4960,3282,2022-04-25,livrée,1524.71,mobile
4961,3863,2023-01-12,expédiée,1885.63,mobile
4962,291,2019-12-25,en cours,968.17,web
4963,572,2022-12-04,en cours,910.53,mobile
4964,1842,2025-12-13,en cours,824.81,mobile
4965,2547,2025-04-28,expédiée,1689.7,web
4966,2742,2022-07-29,livrée,999.62,mobile
4967,391,2022-12-21,livrée,1023.49,mobile
4968,4430,2025-04-03,expédiée,1278.72,web
4969,136,2021-05-20,échouée,302.69,web
4970,3588,2025-03-16,en cours,1727.07,mobile
4971,4179,2020-07-04,expédiée,869.77,mobile
4972,1342,2021-05-29,expédiée,1744.2,mobile
4973,290,2024-03-30,échouée,1275.83,mobile
4974,1382,2023-07-01,expédiée,1404.84,web
4975,2649,2024-07-14,expédiée,1837.69,mobile
4976,5765,2019-01-23,livrée,531.02,mobile
4977,3879,2023-05-05,en cours,355.72,mobile
4978,1613,2021-05-08,livrée,868.79,mobile
4979,488,2020-06-15,en cours,1155.15,web
4980,4960,2021-07-05,livrée,1611.01,web
4981,1394,2023-01-01,en cours,1495.91,mobile
4982,3040,2025-12-12,en cours,1276.14,web
4983,5049,2023-02-24,échouée,58.48,web
4984,2626,2025-12-03,livrée,1889.79,mobile
4985,588,2020-07-10,échouée,1109.63,mobile
4986,4137,2019-07-04,échouée,1727.12,web
4987,4241,2023-01-12,en cours,1050.59,web
4988,776,2024-09-17,expédiée,1027.05,web
4989,5572,2021-08-29,livrée,230.36,web
4990,3735,2025-08-04,livrée,729.85,web
4991,2511,2025-08-15,échouée,1372.97,web
4992,1927,2024-04-05,livrée,1619.9,web
4993,2284,2022-06-28,livrée,145.02,mobile
4994,5410,2025-05-11,en cours,1591.31,web
4995,4689,2021-10-06,en cours,1909.84,web
4996,1949,2023-08-30,en cours,1698.52,mobile
4997,3823,2025-12-24,expédiée,295.1,mobile
4998,1664,2019-11-21,échouée,1039.44,web
4999,5219,2025-04-30,échouée,1694.13,web
5000,3375,2023-07-30,échouée,1537.22,web
5001,3712,2021-04-21,échouée,1242.61,mobile
5002,201,2024-02-07,expédiée,1434.74,mobile
5003,829,2020-02-06,livrée,802.75,mobile
5004,2406,2021-04-15,en cours,1328.98,web
5005,2,2025-04-13,en cours,118.5,mobile
5006,5562,2022-09-21,échouée,1315.91,mobile
5007,2899,2019-06-02,livrée,1194.56,web
5008,3129,2020-10-06,en cours,80.22,web
5009,5174,2025-04-10,échouée,405.16,web
5010,5861,2023-07-29,en cours,143.82,web
5011,5899,2020-09-08,livrée,1235.78,web
5012,1941,2023-10-05,échouée,1583.92,web
5013,543,2020-09-11,échouée,1673.72,mobile
5014,2900,2024-02-15,livrée,652.52,web
5015,675,2025-01-13,livrée,336.22,mobile
5016,1246,2021-12-12,en cours,392.16,mobile
5017,4846,2023-02-17,expédiée,625.85,web
5018,5562,2022-01-31,expédiée,412.09,mobile
5019,2909,2020-09-07,en cours,969.96,web
5020,5132,2019-02-21,livrée,1397.59,mobile
5021,5060,2025-12-06,échouée,971.92,mobile
5022,38,2024-01-07,échouée,199.81,web
5023,5231,2023-02-06,livrée,1347.73,web
5024,2256,2021-09-06,livrée,904.72,web
5025,612,2020-09-10,échouée,435.21,web
5026,4049,2020-11-05,expédiée,1140.95,mobile
5027,3100,2022-07-28,expédiée,1291.47,mobile
5028,1397,2022-01-16,expédiée,379.4,mobile
5029,5731,2024-03-26,expédiée,592.09,mobile
5030,2518,2024-07-25,en cours,1163.02,web
5031,3679,2022-10-16,livrée,1489.58,web
5032,5774,2023-02-08,en cours,286.82,mobile
5033,5896,2021-04-04,en cours,1514.14,web
5034,944,2024-06-24,livrée,1651.14,web
5035,3657,2024-04-08,en cours,346.45,mobile
5036,4302,2025-01-08,échouée,1092.47,mobile
5037,1272,2020-07-04,échouée,1126.67,mobile
5038,3287,2022-10-27,échouée,163.78,web
5039,220,2022-04-24,expédiée,339.34,web
5040,3527,2021-08-07,livrée,761.4,mobile
5041,1207,2024-03-16,échouée,796.75,web
5042,5350,2024-09-14,en cours,670.9,mobile
5043,4079,2021-05-25,en cours,1971.06,web
5044,5683,2021-02-16,expédiée,1652.96,mobile
5045,5587,2021-05-25,échouée,1382.6,web
5046,432,2019-07-03,échouée,750.95,web
5047,3419,2021-08-12,expédiée,1481.88,web
5048,3447,2020-04-30,expédiée,747.81,mobile
5049,834,2019-05-22,échouée,1474.32,web
5050,1698,2025-12-12,échouée,1015.84,mobile
5051,4202,2023-10-15,échouée,1654.93,web
5052,5143,2019-06-15,expédiée,1817.75,mobile
5053,4105,2024-05-07,expédiée,1852.93,web
5054,2965,2024-05-15,expédiée,86.78,web
5055,3364,2022-03-05,livrée,1582.55,mobile
5056,371,2020-06-29,échouée,603.25,mobile
5057,3771,2023-08-14,échouée,867.04,mobile
5058,3125,2025-10-26,livrée,1207.55,mobile
5059,1915,2021-09-21,en cours,1047.94,mobile
5060,2300,2022-07-23,en cours,842.96,mobile
5061,4291,2022-10-13,expédiée,1145.17,web
5062,1828,2023-10-02,livrée,1766.69,web
5063,1534,2025-05-04,en cours,84.78,mobile
5064,475,2022-08-12,livrée,627.81,web
5065,4498,2019-04-10,livrée,862.14,web
5066,223,2023-04-07,échouée,1255.25,mobile
5067,5970,2025-03-02,expédiée,1842.98,web
5068,2712,2019-01-14,échouée,1137.1,web
5069,2904,2025-05-21,expédiée,930.91,web
5070,4937,2022-05-04,expédiée,81.13,web
5071,763,2021-11-01,expédiée,1202.51,mobile
5072,5738,2020-11-05,échouée,470.84,mobile
5073,4278,2024-03-08,livrée,648.21,web
5074,719,2022-08-04,échouée,1214.75,mobile
5075,5834,2023-11-14,expédiée,1886.93,mobile
5076,1294,2020-09-26,en cours,1991.06,mobile
5077,312,2021-10-02,livrée,1678.34,mobile
5078,4513,2020-06-23,échouée,1530.12,mobile
5079,820,2023-05-04,échouée,1418.64,mobile
5080,2272,2020-02-22,livrée,1912.53,web
5081,963,2024-03-09,livrée,776.22,mobile
5082,773,2019-08-04,livrée,1430.25,web
5083,4131,2019-03-28,en cours,1048.51,web
5084,5815,2025-01-06,expédiée,752.51,web
5085,2824,2025-10-11,échouée,956.13,web
5086,2385,2020-07-17,livrée,265.8,web
5087,3075,2019-09-23,livrée,552.42,mobile
5088,3919,2020-07-14,échouée,99.2,mobile
5089,4050,2024-02-29,échouée,1764.98,web
5090,3878,2019-09-12,échouée,1142.05,mobile
5091,5098,2025-05-24,en cours,847.64,web
5092,2241,2024-05-08,expédiée,898.65,web
5093,100,2019-07-24,en cours,422.53,web
5094,3686,2023-06-20,échouée,912.39,mobile
5095,1819,2019-01-29,en cours,1715.1,web
5096,1410,2025-02-15,échouée,846.94,web
5097,3510,2019-02-02,en cours,378.27,mobile
5098,1064,2020-08-03,en cours,680.09,web
5099,1434,2021-02-22,livrée,1892.95,web
5100,4662,2019-08-11,expédiée,1618.54,mobile
5101,463,2021-10-20,expédiée,1849.39,mobile
5102,4559,2024-03-03,en cours,579.84,web
5103,956,2024-11-06,en cours,147.17,mobile
5104,5781,2025-05-09,en cours,345.23,web
5105,1882,2025-10-03,échouée,1830.44,web
5106,5133,2022-06-06,échouée,932.79,mobile
5107,5367,2019-02-08,échouée,1767.23,web
5108,5228,2020-04-15,expédiée,1495.15,mobile
5109,3280,2022-03-25,livrée,1431.16,mobile
5110,5912,2020-05-08,expédiée,1203.15,web
5111,4892,2025-02-20,en cours,452.77,mobile
5112,1287,2021-07-07,livrée,1216.73,mobile
5113,4837,2024-02-17,expédiée,21.55,web
5114,101,2022-03-13,en cours,89.36,mobile
5115,826,2022-08-20,échouée,1389.42,web
5116,2331,2025-07-23,en cours,1040.81,mobile
5117,2539,2020-05-13,en cours,1281.11,mobile
5118,305,2019-04-22,en cours,666.75,mobile
5119,1863,2021-07-09,en cours,1625.55,mobile
5120,1755,2020-12-01,échouée,939.96,mobile
5121,3313,2024-07-31,en cours,737.99,mobile
5122,2789,2021-03-13,en cours,410.56,web
5123,3367,2023-07-24,livrée,399.53,mobile
5124,188,2019-01-24,expédiée,1084.57,mobile
5125,3135,2021-05-05,échouée,469.16,web
5126,7,2019-09-24,livrée,465.36,mobile
5127,3295,2023-03-28,en cours,1798.36,mobile
5128,127,2025-05-06,livrée,90.58,mobile
5129,493,2019-06-17,en cours,1112.69,web
5130,161,2021-06-10,expédiée,898.09,web
5131,1180,2024-11-21,livrée,898.02,mobile
5132,827,2024-04-05,en cours,1121.17,web
5133,4417,2021-06-15,échouée,1335.1,web
5134,5458,2024-09-01,livrée,1377.35,web
5135,1782,2024-08-18,en cours,1517.58,web
5136,5278,2019-12-03,échouée,290.88,web
5137,5358,2019-01-18,expédiée,1404.87,web
5138,4282,2024-05-17,en cours,691.17,mobile
5139,4365,2022-05-14,livrée,1257.64,mobile
5140,3861,2024-02-05,échouée,1389.37,mobile
5141,632,2024-12-30,livrée,817.82,mobile
5142,3234,2019-08-19,en cours,1244.32,mobile
5143,1918,2025-11-08,expédiée,1814.7,mobile
5144,3472,2020-08-25,expédiée,1318.29,mobile
5145,1139,2019-04-29,échouée,672.04,mobile
5146,5179,2021-10-20,échouée,1920.68,web
5147,2730,2025-06-13,échouée,1914.45,mobile
5148,5757,2024-11-15,expédiée,1684.84,mobile
5149,526,2022-02-23,livrée,387.44,mobile
5150,5358,2023-07-03,en cours,1604.74,mobile
5151,3290,2021-09-13,échouée,729.3,web
5152,4141,2022-05-05,expédiée,854.61,web
5153,3556,2022-11-06,en cours,1455.73,web
5154,1651,2019-05-12,échouée,237.98,web
5155,3733,2023-07-04,échouée,1909.8,web
5156,4148,2024-11-14,livrée,1677.95,mobile
5157,5869,2021-05-05,échouée,133.9,mobile
5158,5503,2019-09-21,expédiée,1320.73,web
5159,5708,2025-03-04,en cours,561.04,web
5160,3881,2022-11-04,livrée,294.61,web
5161,5215,2022-11-14,livrée,1106.15,mobile
5162,5874,2025-07-30,livrée,1422.93,mobile
5163,3610,2020-02-07,expédiée,1658.15,web
5164,2160,2024-03-01,échouée,430.65,web
5165,2123,2023-12-02,expédiée,1773.64,web
5166,1138,2020-06-04,en cours,1961.95,mobile
5167,2304,2022-04-14,échouée,1295.32,mobile
5168,3280,2020-10-18,livrée,739.45,mobile
5169,4759,2024-02-02,livrée,615.32,mobile
5170,2425,2022-04-10,expédiée,1325.72,web
5171,5973,2025-03-31,en cours,1202.65,mobile
5172,4012,2021-03-11,en cours,1431.96,web
5173,3350,2025-03-30,en cours,470.68,mobile
5174,2549,2021-02-09,en cours,526.07,web
5175,277,2019-06-16,livrée,1734.73,web
5176,5598,2025-09-12,en cours,1180.93,web
5177,1523,2020-08-29,expédiée,875.95,mobile
5178,3538,2019-02-28,livrée,1641.95,web
5179,5019,2023-09-03,livrée,1707.59,mobile
5180,3224,2019-07-02,expédiée,1666.45,mobile
5181,3487,2022-04-12,échouée,355.02,web
5182,1793,2019-02-01,échouée,143.8,mobile
5183,2433,2022-11-17,expédiée,712.77,web
5184,3030,2020-04-11,expédiée,671.47,web
5185,558,2022-12-13,expédiée,1993.34,web
5186,1773,2019-07-23,expédiée,1849.89,web
5187,4544,2023-10-15,expédiée,1662.78,mobile
5188,5789,2025-01-12,en cours,1145.69,mobile
5189,2360,2019-01-15,livrée,626.99,mobile
5190,2033,2020-08-24,en cours,1748.56,mobile
5191,4838,2025-04-02,expédiée,1520.68,mobile
5192,3035,2019-09-03,livrée,43.2,mobile
5193,1765,2024-03-21,livrée,1370.78,web
5194,3902,2023-09-29,expédiée,294.66,web
5195,215,2025-04-17,expédiée,88.51,web
5196,610,2024-04-06,échouée,1176.83,web
5197,5403,2024-11-23,livrée,1180.35,mobile
5198,4174,2021-11-28,échouée,600.94,web
5199,4684,2021-07-01,livrée,44.83,web
5200,5585,2024-10-06,échouée,271.55,mobile
5201,5339,2024-03-23,livrée,907.85,web
5202,1549,2022-05-20,livrée,159.51,mobile
5203,5211,2023-06-06,échouée,1908.46,mobile
5204,4425,2023-09-29,en cours,582.37,web
5205,2047,2020-09-25,échouée,1842.89,web
5206,3190,2024-11-13,expédiée,863.54,web
5207,1017,2024-09-24,échouée,539.44,mobile
5208,5426,2023-05-25,livrée,1545.77,web
5209,3173,2024-11-20,en cours,868.34,mobile
5210,2433,2022-09-17,expédiée,1178.46,web
5211,2445,2024-10-04,en cours,290.22,web
5212,268,2020-09-18,expédiée,1842.64,mobile
5213,3527,2019-04-03,échouée,1421.6,mobile
5214,2236,2019-05-31,échouée,555.92,mobile
5215,4480,2021-01-23,expédiée,1205.34,web
5216,5593,2024-11-23,livrée,1670.72,mobile
5217,329,2023-10-05,livrée,722.9,web
5218,2101,2022-11-17,expédiée,286.43,mobile
5219,4680,2023-01-28,échouée,658.53,web
5220,3012,2022-12-03,en cours,538.11,mobile
5221,3927,2020-09-04,en cours,213.59,web
5222,2591,2019-09-12,expédiée,1929.64,web
5223,5150,2020-10-29,échouée,1420.04,web
5224,429,2020-01-08,en cours,631.48,mobile
5225,1091,2021-12-10,échouée,752.04,web
5226,616,2019-11-07,en cours,133.62,web
5227,1809,2023-02-23,échouée,133.56,mobile
5228,1995,2025-09-07,en cours,550.52,mobile
5229,5543,2023-05-30,expédiée,1066.94,web
5230,4556,2021-12-16,expédiée,1190.34,web
5231,175,2019-09-17,en cours,539.53,mobile
5232,4888,2021-06-24,expédiée,1267.31,web
5233,5700,2023-02-13,échouée,383.43,mobile
5234,5639,2021-05-29,échouée,1306.71,mobile
5235,3870,2020-06-05,expédiée,37.05,mobile
5236,947,2019-03-28,échouée,1556.94,mobile
5237,1939,2021-11-12,en cours,305.34,mobile
5238,31,2020-11-06,livrée,1961.61,mobile
5239,204,2019-06-19,expédiée,1890.41,web
5240,1814,2019-05-30,livrée,1271.85,web
5241,405,2021-03-17,expédiée,479.24,mobile
5242,5110,2020-01-03,livrée,119.74,mobile
5243,5275,2021-07-22,en cours,982.3,web
5244,4168,2023-05-27,en cours,1314.48,mobile
5245,3763,2019-11-23,en cours,289.37,web
5246,1481,2019-04-17,échouée,1685.26,mobile
5247,2859,2023-06-27,livrée,1701.5,web
5248,3962,2020-07-01,livrée,806.98,mobile
5249,5189,2023-08-01,livrée,832.51,web
5250,4576,2021-04-08,livrée,394.21,web
5251,911,2024-10-08,échouée,421.51,web
5252,5593,2023-05-12,échouée,136.85,web
5253,1223,2024-10-24,échouée,756.76,web
5254,701,2019-07-23,livrée,1298.22,mobile
5255,3970,2024-07-08,en cours,1782.09,mobile
5256,5846,2021-10-30,en cours,1970.17,mobile
5257,4190,2024-10-07,livrée,476.22,mobile
5258,4219,2022-03-17,en cours,493.81,web
5259,4333,2020-08-15,expédiée,524.7,web
5260,3735,2022-03-18,échouée,664.95,web
5261,3316,2025-06-06,échouée,1131.62,web
5262,5736,2022-03-20,livrée,245.6,web
5263,5740,2019-07-30,échouée,1953.26,mobile
5264,4683,2024-02-02,échouée,853.21,web
5265,2653,2024-08-15,échouée,1452.61,mobile
5266,1906,2022-04-09,expédiée,482.89,web
5267,4524,2023-04-18,livrée,94.55,mobile
5268,5771,2025-06-11,expédiée,1820.51,web
5269,5241,2022-12-23,en cours,1116.31,web
5270,184,2022-04-08,échouée,1949.67,mobile
5271,4663,2022-09-08,en cours,512.01,web
5272,2353,2024-06-29,en cours,317.33,web
5273,5628,2023-10-19,livrée,1000.31,web
5274,1394,2024-05-10,en cours,628.19,web
5275,2452,2021-08-15,livrée,1051.79,mobile
5276,591,2019-04-07,échouée,211.09,web
5277,641,2021-04-21,en cours,1466.7,web
5278,412,2023-12-26,en cours,55.99,web
5279,5282,2019-12-30,livrée,455.03,mobile
5280,4211,2019-11-04,échouée,907.0,mobile
5281,3601,2023-11-04,échouée,817.82,web
5282,36,2019-08-11,expédiée,1807.84,mobile
5283,3712,2022-03-10,échouée,1524.56,web
5284,5993,2024-09-01,livrée,1132.58,web
5285,5858,2023-12-24,expédiée,1571.07,web
5286,5408,2020-08-08,livrée,475.92,mobile
5287,5520,2023-04-27,expédiée,1358.59,web
5288,5585,2022-08-31,échouée,1612.64,web
5289,1790,2021-01-03,échouée,487.79,web
5290,2603,2020-02-11,en cours,763.3,mobile
5291,4303,2022-04-04,échouée,160.76,web
5292,3267,2019-12-22,échouée,904.93,web
5293,3882,2021-03-07,expédiée,1541.0,mobile
5294,3775,2025-11-14,livrée,1650.24,web
5295,5673,2020-06-12,livrée,923.06,mobile
5296,3788,2023-09-23,livrée,1847.7,mobile
5297,3366,2019-03-19,livrée,936.89,web
5298,3078,2022-04-13,en cours,225.3,web
5299,1860,2024-03-09,livrée,1636.4,web
5300,5940,2019-10-24,en cours,1249.59,mobile
5301,2801,2021-05-29,en cours,1954.47,mobile
5302,3340,2024-06-02,livrée,1673.78,mobile
5303,603,2019-03-29,en cours,1626.61,mobile
5304,3486,2022-04-21,en cours,1713.46,web
5305,2867,2025-06-04,livrée,132.01,web
5306,5296,2021-10-21,en cours,379.19,mobile
5307,4830,2023-04-30,en cours,616.66,mobile
5308,5850,2022-02-10,échouée,368.65,mobile
5309,5227,2025-02-01,en cours,108.04,mobile
5310,5856,2024-07-16,livrée,307.6,mobile
5311,4374,2021-04-30,expédiée,1749.05,mobile
5312,2506,2021-12-01,en cours,108.14,mobile
5313,2990,2025-02-24,en cours,1579.72,web
5314,4821,2023-06-27,expédiée,1942.57,mobile
5315,898,2020-10-12,en cours,974.47,web
5316,5347,2025-05-04,livrée,211.66,mobile
5317,4161,2025-02-06,en cours,496.92,web
5318,5918,2025-05-23,expédiée,220.06,web
5319,1912,2019-03-27,en cours,76.6,web
5320,3656,2021-10-03,expédiée,246.36,web
5321,4089,2021-12-31,expédiée,374.58,web
5322,4604,2025-04-16,en cours,1145.54,web
5323,5961,2023-06-21,échouée,399.44,mobile
5324,5372,2019-05-25,expédiée,651.17,web
5325,5242,2024-05-15,en cours,825.91,mobile
5326,2832,2021-11-11,livrée,710.96,web
5327,3381,2019-07-25,échouée,300.88,mobile
5328,2732,2020-07-14,échouée,409.15,web
5329,2174,2024-02-14,livrée,703.43,web
5330,3442,2025-10-23,en cours,436.89,mobile
5331,4433,2021-02-08,en cours,872.86,mobile
5332,213,2025-04-22,livrée,1385.8,web
5333,3906,2019-08-07,expédiée,1164.57,web
5334,2557,2019-05-12,échouée,729.59,mobile
5335,3703,2021-01-21,expédiée,552.37,web
5336,1001,2019-03-21,échouée,599.96,mobile
5337,3583,2019-01-30,échouée,447.6,mobile
5338,804,2025-02-05,livrée,765.34,web
5339,2278,2021-10-18,expédiée,1721.53,mobile
5340,1549,2021-07-23,échouée,1257.58,mobile
5341,2399,2021-04-06,en cours,29.58,mobile
5342,5680,2025-08-10,échouée,635.4,mobile
5343,1773,2022-10-28,expédiée,1843.72,web
5344,3422,2023-11-08,expédiée,1873.93,web
5345,5440,2025-04-16,expédiée,1222.16,mobile
5346,2288,2020-02-02,livrée,120.29,mobile
5347,180,2024-07-03,expédiée,1047.22,web
5348,940,2021-01-23,livrée,836.59,web
5349,1320,2020-12-16,livrée,1817.7,mobile
5350,2441,2019-06-16,expédiée,1011.62,mobile
5351,633,2022-08-19,échouée,1284.58,web
5352,351,2022-11-24,échouée,593.23,mobile
5353,3820,2022-12-14,en cours,1569.95,mobile
5354,4884,2023-02-21,échouée,1338.52,web
5355,4875,2022-03-27,échouée,815.48,web
5356,2090,2019-03-03,en cours,391.15,web
5357,2431,2020-05-14,livrée,1320.87,mobile
5358,2247,2019-03-15,en cours,90.26,web
5359,2023,2023-02-23,expédiée,1464.07,mobile
5360,1366,2024-02-16,en cours,1072.88,web
5361,2763,2023-12-15,expédiée,1541.34,web
5362,4090,2023-12-14,expédiée,1747.7,mobile
5363,2973,2024-04-02,expédiée,1662.59,web
5364,159,2025-06-06,échouée,697.59,web
5365,1595,2021-03-27,en cours,963.81,mobile
5366,1572,2020-06-20,expédiée,1154.95,mobile
5367,4005,2025-04-27,livrée,532.04,web
5368,157,2021-03-29,échouée,1449.95,mobile
5369,2735,2021-10-03,en cours,700.38,mobile
5370,3414,2023-02-27,expédiée,1809.06,mobile
5371,5056,2023-10-12,livrée,386.53,mobile
5372,82,2024-04-15,en cours,259.49,mobile
5373,4129,2024-09-06,livrée,1070.77,web
5374,2871,2019-03-18,livrée,101.24,web
5375,3468,2025-08-18,expédiée,1556.02,mobile
5376,142,2024-09-27,en cours,1773.81,web
5377,3773,2020-09-20,expédiée,1428.07,web
5378,1441,2020-06-26,échouée,1447.61,web
5379,2071,2022-11-29,en cours,636.19,web
5380,952,2020-05-05,livrée,187.66,web
5381,3347,2021-09-27,échouée,841.83,mobile
5382,1043,2024-12-24,livrée,954.26,mobile
5383,3430,2019-05-11,échouée,1289.82,web
5384,4450,2022-09-28,en cours,818.38,web
5385,3835,2019-10-23,en cours,64.77,web
5386,10,2020-06-25,échouée,1053.25,mobile
5387,5803,2025-06-24,en cours,470.03,mobile
5388,112,2020-02-09,expédiée,1165.15,mobile
5389,5507,2021-09-16,en cours,22.73,mobile
5390,4883,2022-10-07,expédiée,1499.78,web
5391,1067,2023-05-10,échouée,59.94,web
5392,5348,2025-11-23,livrée,1088.43,web
5393,584,2021-03-04,en cours,662.24,mobile
5394,3784,2023-03-26,expédiée,796.35,mobile
5395,1130,2025-10-08,en cours,1956.76,web
5396,1852,2024-06-06,expédiée,302.15,web
5397,3613,2024-10-12,en cours,155.19,mobile
5398,163,2021-01-03,échouée,1045.02,mobile
5399,4856,2022-10-21,livrée,1388.97,mobile
5400,4516,2022-06-07,livrée,878.37,mobile
5401,155,2019-12-25,livrée,33.71,web
5402,1957,2020-11-22,échouée,167.87,mobile
5403,971,2024-03-09,échouée,1345.76,web
5404,265,2019-12-09,échouée,924.63,web
5405,2313,2023-05-23,livrée,410.94,mobile
5406,4279,2020-04-27,livrée,347.39,web
5407,4190,2021-12-22,en cours,1841.3,web
5408,1540,2024-08-16,expédiée,1571.03,mobile
5409,3966,2020-03-07,en cours,980.62,mobile
5410,2620,2023-03-14,livrée,98.09,mobile
5411,3898,2019-04-26,expédiée,1639.98,web
5412,211,2024-03-29,expédiée,959.66,web
5413,1830,2023-03-31,livrée,833.5,mobile
5414,3653,2022-06-28,échouée,903.01,mobile
5415,5525,2019-05-14,en cours,503.05,mobile
5416,4672,2021-09-22,livrée,1907.01,web
5417,2855,2025-10-31,échouée,460.4,web
5418,5141,2021-01-25,échouée,1681.75,mobile
5419,503,2025-01-11,échouée,1158.36,mobile
5420,2381,2023-06-22,en cours,867.15,web
5421,1954,2020-03-31,expédiée,1952.67,mobile
5422,3570,2020-03-24,en cours,902.65,web
5423,1733,2023-10-08,livrée,890.76,mobile
5424,555,2025-09-14,en cours,1020.16,mobile
5425,1566,2020-03-04,expédiée,246.99,web
5426,4486,2024-02-17,en cours,1112.43,mobile
5427,1238,2019-06-25,en cours,987.86,web
5428,1568,2021-08-28,échouée,1380.81,mobile
5429,2041,2019-11-10,en cours,115.01,web
5430,1038,2025-01-13,échouée,909.29,mobile
5431,812,2021-12-05,en cours,215.26,web
5432,1925,2022-11-28,en cours,1917.12,mobile
5433,5538,2024-03-29,échouée,859.02,web
5434,4769,2022-05-21,en cours,1657.6,web
5435,3132,2021-06-16,livrée,1195.34,mobile
5436,4096,2022-08-27,échouée,1493.49,web
5437,1649,2024-03-12,échouée,1160.07,mobile
5438,5304,2019-12-11,en cours,573.96,web
5439,1428,2023-01-30,expédiée,1374.92,web
5440,890,2024-06-17,expédiée,54.32,web
5441,1323,2019-09-09,échouée,731.77,web
5442,4157,2022-02-22,échouée,1605.6,mobile
5443,1095,2025-01-27,livrée,1235.93,mobile
5444,1067,2020-07-27,en cours,1262.33,mobile
5445,5912,2023-11-21,expédiée,930.5,web
5446,863,2025-03-13,échouée,1253.12,mobile
5447,628,2024-01-08,échouée,798.72,mobile
5448,3577,2025-10-02,en cours,158.44,web
5449,3458,2024-07-03,en cours,1620.3,web
5450,1163,2019-11-15,expédiée,1980.77,web
5451,2133,2024-12-21,en cours,1164.82,web
5452,875,2024-08-09,expédiée,580.97,web
5453,817,2020-02-22,livrée,1798.46,mobile
5454,1335,2020-05-01,en cours,125.32,web
5455,4837,2023-06-17,livrée,1663.78,mobile
5456,5550,2025-02-08,expédiée,1505.1,web
5457,5147,2021-05-11,livrée,111.12,web
5458,354,2019-01-20,en cours,785.16,web
5459,1053,2021-08-27,échouée,990.57,web
5460,5195,2021-11-08,échouée,629.09,mobile
5461,926,2019-09-30,expédiée,1193.41,mobile
5462,3315,2020-06-25,livrée,1392.05,mobile
5463,3066,2021-04-09,échouée,1626.14,web
5464,1808,2020-01-12,échouée,424.59,web
5465,4774,2021-04-21,en cours,357.26,mobile
5466,721,2019-06-22,livrée,306.56,mobile
5467,627,2021-02-19,échouée,1588.69,mobile
5468,4244,2021-08-12,en cours,540.61,mobile
5469,5367,2024-07-15,livrée,1780.49,mobile
5470,5989,2020-04-11,expédiée,725.52,web
5471,4392,2023-11-12,échouée,544.78,mobile
5472,5014,2022-02-09,échouée,1057.53,mobile
5473,5223,2022-03-06,en cours,1226.88,mobile
5474,1603,2023-05-12,livrée,934.09,web
5475,4460,2019-08-22,échouée,776.11,mobile
5476,3484,2021-03-18,échouée,702.36,web
5477,2887,2021-12-28,livrée,857.2,mobile
5478,5339,2025-05-17,échouée,509.92,web
5479,5255,2023-08-01,échouée,1481.07,web
5480,5338,2024-05-08,échouée,340.12,web
5481,698,2021-12-15,en cours,1770.17,web
5482,5867,2025-05-31,expédiée,1464.2,mobile
5483,4593,2022-01-21,échouée,721.33,mobile
5484,3124,2021-05-08,en cours,610.11,web
5485,2302,2020-07-18,livrée,1825.41,mobile
5486,62,2025-05-07,livrée,1436.17,mobile
5487,5641,2025-01-20,échouée,622.92,web
5488,4197,2022-12-02,expédiée,1595.71,web
5489,4155,2025-04-24,livrée,764.9,web
5490,1074,2023-05-19,échouée,101.51,web
5491,1877,2025-07-10,échouée,1628.11,web
5492,5624,2024-04-20,en cours,489.84,web
5493,5247,2024-03-13,échouée,1929.9,web
5494,1276,2024-03-13,en cours,1887.19,web
5495,2566,2023-02-14,expédiée,1926.45,web
5496,1761,2025-02-28,expédiée,1430.59,web
5497,5507,2020-05-12,échouée,1777.68,web
5498,1529,2019-10-15,échouée,53.19,web
5499,5800,2019-04-17,échouée,1250.31,mobile
5500,1062,2023-11-25,en cours,644.44,web
5501,2087,2022-04-07,livrée,1323.26,mobile
5502,5438,2019-06-18,livrée,1783.56,web
5503,5658,2019-10-22,expédiée,468.86,mobile
5504,4587,2020-11-17,expédiée,581.19,web
5505,2872,2019-05-03,expédiée,1657.2,mobile
5506,5287,2024-03-11,expédiée,981.94,mobile
5507,2458,2025-05-27,expédiée,45.28,web
5508,2776,2023-03-14,livrée,1301.84,mobile
5509,3557,2019-08-20,expédiée,1109.31,mobile
5510,5579,2020-04-22,en cours,297.31,mobile
5511,5280,2024-11-01,expédiée,518.77,web
5512,1373,2024-06-25,livrée,1137.1,mobile
5513,5710,2021-07-22,en cours,1203.24,web
5514,1249,2019-05-31,en cours,274.11,mobile
5515,189,2019-07-02,échouée,1811.66,web
5516,5296,2024-03-14,en cours,1396.6,web
5517,979,2024-09-21,livrée,1701.58,mobile
5518,1006,2024-10-01,échouée,864.19,mobile
5519,3819,2025-08-11,échouée,893.68,mobile
5520,5109,2019-05-14,livrée,560.88,web
5521,2137,2020-05-17,livrée,1064.46,web
5522,3279,2022-03-31,en cours,38.3,web
5523,3988,2019-09-23,en cours,1136.65,web
5524,2666,2021-05-27,échouée,1207.78,mobile
5525,4,2020-04-19,livrée,1687.03,mobile
5526,565,2023-04-13,livrée,1158.13,web
5527,2013,2019-04-26,livrée,749.89,web
5528,2167,2022-04-20,expédiée,355.65,web
5529,3383,2019-07-26,expédiée,486.18,web
5530,5212,2025-09-25,livrée,964.36,web
5531,4577,2020-02-25,expédiée,1183.72,mobile
5532,5762,2020-07-11,en cours,952.49,web
5533,4612,2025-07-19,expédiée,1123.09,web
5534,3515,2020-01-08,livrée,791.76,mobile
5535,3085,2024-05-17,expédiée,1301.13,web
5536,571,2025-02-01,livrée,1868.86,mobile
5537,4704,2019-05-23,livrée,1323.35,web
5538,5153,2023-01-20,livrée,624.56,mobile
5539,1220,2025-03-04,expédiée,783.31,mobile
5540,1241,2020-05-21,en cours,1167.72,mobile
5541,5187,2023-07-19,échouée,483.85,mobile
5542,1690,2024-11-08,livrée,435.36,mobile
5543,5855,2023-07-08,livrée,1556.0,web
5544,1694,2019-09-12,en cours,1142.28,web
5545,1099,2024-12-03,livrée,1838.78,mobile
5546,3939,2019-12-21,en cours,1590.56,web
5547,4859,2019-09-26,livrée,1251.14,web
5548,5572,2025-02-03,expédiée,442.3,web
5549,455,2020-05-05,expédiée,1480.29,web
5550,622,2023-04-24,expédiée,511.09,web
5551,2293,2020-11-07,échouée,1143.4,mobile
5552,2271,2024-08-01,livrée,1650.66,web
5553,2236,2023-06-14,expédiée,1592.96,mobile
5554,1958,2022-04-30,livrée,605.85,web
5555,5153,2022-04-04,expédiée,31.13,mobile
5556,2745,2022-12-06,échouée,1036.1,mobile
5557,2746,2024-05-05,livrée,202.86,mobile
5558,3633,2023-01-31,en cours,484.58,mobile
5559,3502,2021-11-14,échouée,1639.96,mobile
5560,463,2023-05-15,livrée,159.38,web
5561,1022,2022-05-31,expédiée,1466.74,mobile
5562,2955,2021-01-01,livrée,761.3,web
5563,4910,2020-11-10,livrée,1949.02,web
5564,3478,2019-05-16,échouée,556.6,mobile
5565,485,2022-05-10,échouée,1066.69,mobile
5566,5102,2022-04-22,échouée,801.26,mobile
5567,5813,2024-05-03,livrée,1928.78,web
5568,3815,2022-10-14,livrée,1835.9,mobile
5569,971,2022-05-20,livrée,1765.76,mobile
5570,2221,2019-09-23,en cours,482.1,web
5571,3785,2020-11-01,échouée,1867.73,mobile
5572,158,2023-05-03,livrée,646.82,mobile
5573,3574,2025-05-18,expédiée,504.64,mobile
5574,2251,2025-08-31,livrée,668.97,web
5575,5984,2020-03-01,livrée,1828.95,web
5576,5680,2020-12-25,en cours,781.07,web
5577,4778,2024-04-19,livrée,256.93,mobile
5578,891,2023-09-21,expédiée,1282.0,web
5579,1208,2024-07-19,livrée,577.26,web
5580,705,2021-03-10,échouée,1471.97,mobile
5581,3781,2020-10-03,expédiée,671.12,mobile
5582,2537,2020-08-27,échouée,1895.36,web
5583,2909,2024-02-12,expédiée,710.2,web
5584,5934,2021-03-15,livrée,655.98,mobile
5585,509,2024-07-05,échouée,1013.71,web
5586,1246,2022-06-04,échouée,1881.02,mobile
5587,3478,2020-10-23,expédiée,1990.76,mobile
5588,688,2020-03-24,échouée,1924.67,mobile
5589,736,2022-03-26,échouée,437.72,mobile
5590,5305,2020-06-07,en cours,640.43,web
5591,4464,2020-03-28,échouée,728.56,mobile
5592,4378,2022-04-11,en cours,1499.67,mobile
5593,2385,2020-07-14,échouée,1444.29,mobile
5594,4820,2023-04-10,en cours,640.32,web
5595,2495,2020-07-30,livrée,1208.9,web
5596,2592,2021-05-31,échouée,1259.63,web
5597,4554,2025-05-08,échouée,1520.41,mobile
5598,1009,2022-01-04,livrée,1481.99,mobile
5599,4056,2019-01-16,échouée,1115.82,web
5600,5778,2025-10-10,livrée,434.85,mobile
5601,60,2020-02-14,en cours,281.22,mobile
5602,4708,2019-08-22,échouée,226.64,mobile
5603,2490,2019-11-28,livrée,47.01,mobile
5604,4627,2020-10-18,expédiée,180.27,mobile
5605,2820,2025-07-30,livrée,155.12,mobile
5606,1439,2025-07-14,en cours,1958.98,mobile
5607,3701,2023-08-03,échouée,1489.71,mobile
5608,3792,2022-04-12,expédiée,1549.86,web
5609,2046,2024-10-14,livrée,1255.43,web
5610,4476,2025-12-24,en cours,532.09,mobile
5611,2320,2024-09-24,en cours,669.2,web
5612,3405,2023-12-17,en cours,819.39,web
5613,4721,2022-04-19,livrée,1330.49,mobile
5614,2205,2024-03-14,échouée,895.71,mobile
5615,449,2023-06-14,expédiée,700.54,mobile
5616,2017,2021-01-10,échouée,370.17,web
5617,860,2023-05-07,en cours,1472.38,mobile
5618,1308,2022-12-14,livrée,149.31,mobile
5619,3247,2025-11-26,livrée,1162.09,mobile
5620,1414,2023-04-18,livrée,1720.86,mobile
5621,2591,2020-08-12,expédiée,1696.81,web
5622,4725,2022-03-12,en cours,689.39,web
5623,2602,2025-03-04,en cours,380.2,web
5624,4800,2025-12-07,livrée,1229.59,mobile
5625,2472,2019-04-12,échouée,34.11,mobile
5626,4226,2023-12-22,expédiée,1774.36,web
5627,5820,2024-06-12,en cours,445.36,web
5628,1471,2021-08-21,en cours,347.04,mobile
5629,5156,2022-01-29,échouée,85.38,mobile
5630,3793,2021-04-11,livrée,1532.63,mobile
5631,2542,2023-11-01,expédiée,925.71,web
5632,4281,2025-09-20,échouée,805.16,mobile
5633,1769,2019-06-26,expédiée,1714.83,mobile
5634,2838,2021-07-20,livrée,1316.24,mobile
5635,4287,2019-06-30,échouée,512.71,web
5636,5440,2021-05-26,expédiée,347.71,mobile
5637,1163,2025-01-03,expédiée,994.9,mobile
5638,3054,2022-03-09,expédiée,51.34,web
5639,2491,2019-03-23,livrée,995.77,web
5640,4915,2022-02-17,expédiée,92.67,mobile
5641,268,2021-08-20,échouée,367.16,web
5642,5170,2019-09-06,expédiée,575.55,web
5643,2398,2024-03-06,livrée,541.62,mobile
5644,1331,2025-06-08,expédiée,884.38,web
5645,1307,2021-03-29,expédiée,626.75,mobile
5646,1896,2024-03-07,en cours,798.27,mobile
5647,4218,2025-05-02,échouée,973.72,mobile
5648,2658,2020-04-11,livrée,1031.21,web
5649,332,2021-11-15,en cours,72.67,web
5650,1776,2023-10-28,expédiée,1500.76,mobile
5651,3546,2024-07-09,échouée,1285.16,web
5652,5318,2024-07-17,en cours,1995.45,mobile
5653,5536,2022-04-28,en cours,1076.79,mobile
5654,4246,2019-07-04,livrée,289.85,mobile
5655,5754,2022-07-14,expédiée,1277.81,web
5656,189,2022-12-06,en cours,631.08,mobile
5657,4587,2021-03-22,expédiée,708.13,mobile
5658,413,2024-01-27,expédiée,886.35,web
5659,1874,2023-08-13,expédiée,277.56,mobile
5660,1335,2023-11-06,échouée,1862.43,mobile
5661,3809,2021-07-20,en cours,1039.7,web
5662,1261,2024-12-19,échouée,526.47,web
5663,3497,2024-07-10,expédiée,437.26,mobile
5664,973,2019-03-22,livrée,1690.99,web
5665,5918,2025-05-03,en cours,1447.43,mobile
5666,2228,2022-08-05,en cours,1167.33,mobile
5667,3394,2023-07-14,échouée,1267.93,web
5668,4362,2021-09-19,en cours,1402.77,web
5669,961,2023-07-26,échouée,42.5,mobile
5670,1190,2023-04-21,en cours,406.67,mobile
5671,2984,2024-09-10,échouée,188.05,mobile
5672,2068,2021-09-08,échouée,1859.31,mobile
5673,2324,2024-04-20,échouée,723.07,mobile
5674,1624,2023-02-25,échouée,248.97,web
5675,5837,2019-11-22,en cours,460.2,web
5676,5092,2020-09-27,expédiée,634.27,mobile
5677,1624,2025-07-24,échouée,652.03,web
5678,2941,2019-10-06,échouée,1038.65,web
5679,4779,2024-12-10,échouée,964.28,mobile
5680,1571,2023-10-01,expédiée,1873.65,mobile
5681,386,2022-08-11,livrée,1233.72,web
5682,3901,2019-12-24,échouée,1874.71,web
5683,1635,2021-05-17,en cours,1864.51,mobile
5684,1455,2021-02-09,échouée,1773.96,web
5685,1964,2025-06-04,échouée,1379.83,web
5686,2230,2025-04-03,échouée,651.12,mobile
5687,5014,2022-05-24,échouée,613.59,mobile
5688,3340,2023-11-30,expédiée,415.28,mobile
5689,933,2024-08-06,échouée,321.96,mobile
5690,964,2021-12-13,livrée,320.49,mobile
5691,3052,2019-05-30,en cours,1604.46,mobile
5692,4526,2022-06-05,livrée,1324.17,web
5693,5929,2020-07-19,livrée,1951.27,mobile
5694,1708,2024-05-31,livrée,907.21,mobile
5695,3846,2025-06-24,livrée,659.15,web
5696,958,2024-12-22,livrée,244.82,mobile
5697,4490,2022-12-27,expédiée,401.55,mobile
5698,3188,2019-02-13,expédiée,297.25,web
5699,147,2023-06-19,en cours,1307.62,web
5700,4353,2022-03-29,expédiée,547.13,mobile
5701,5065,2025-10-18,échouée,1166.72,web
5702,823,2020-02-28,échouée,1760.78,web
5703,1382,2025-03-02,échouée,1396.78,mobile
5704,2104,2024-05-08,en cours,1040.23,mobile
5705,4469,2022-01-27,expédiée,1995.91,mobile
5706,2093,2019-04-29,livrée,380.34,mobile
5707,3520,2025-06-28,livrée,509.86,web
5708,4284,2024-01-23,livrée,302.71,mobile
5709,4612,2020-05-13,en cours,1661.46,mobile
5710,1246,2020-01-03,livrée,1646.89,web
5711,4621,2025-09-20,en cours,696.41,mobile
5712,4035,2024-04-24,livrée,616.02,mobile
5713,3347,2022-08-26,échouée,1358.27,web
5714,4587,2019-03-18,en cours,287.23,mobile
5715,589,2025-12-21,livrée,1751.74,mobile
5716,3366,2020-05-09,en cours,1567.22,mobile
5717,2430,2021-12-22,expédiée,1489.93,web
5718,3136,2019-09-14,expédiée,1206.15,web
5719,1182,2020-10-31,expédiée,1067.89,mobile
5720,1330,2019-01-02,expédiée,1303.0,mobile
5721,2500,2025-12-10,échouée,1783.55,mobile
5722,5030,2022-04-16,expédiée,511.6,web
5723,3573,2019-12-20,expédiée,1838.19,web
5724,460,2020-10-09,expédiée,1536.17,web
5725,4221,2022-05-26,expédiée,1542.37,mobile
5726,4131,2025-01-12,échouée,1692.56,web
5727,5336,2019-10-16,expédiée,252.5,mobile
5728,2268,2022-11-24,expédiée,1899.65,web
5729,5958,2021-07-29,expédiée,760.34,mobile
5730,5609,2020-06-22,livrée,1960.26,mobile
5731,3859,2019-02-18,expédiée,745.58,mobile
5732,3230,2023-08-10,expédiée,429.65,mobile
5733,713,2021-06-15,expédiée,1980.71,mobile
5734,3012,2024-02-22,expédiée,771.36,mobile
5735,5135,2024-12-14,livrée,1762.21,web
5736,956,2025-12-20,expédiée,561.47,mobile
5737,4636,2025-05-21,échouée,403.21,web
5738,1093,2020-07-30,en cours,1757.65,web
5739,4992,2019-07-21,échouée,41.51,mobile
5740,3448,2021-01-24,en cours,426.47,web
5741,1776,2019-03-30,échouée,1323.52,web
5742,3618,2023-09-16,livrée,1279.44,web
5743,2821,2019-11-29,expédiée,1013.66,mobile
5744,4167,2024-10-24,expédiée,1965.4,web
5745,3793,2020-04-23,expédiée,1862.55,mobile
5746,4924,2025-12-14,en cours,962.77,mobile
5747,5173,2021-10-28,en cours,1451.58,web
5748,1758,2025-03-01,expédiée,856.43,web
5749,3573,2023-03-24,expédiée,376.43,web
5750,2737,2024-10-10,échouée,1429.81,mobile
5751,3420,2023-04-06,en cours,1592.3,mobile
5752,2534,2022-02-08,expédiée,362.43,mobile
5753,2462,2021-04-09,en cours,601.56,mobile
5754,5647,2024-07-30,échouée,265.25,mobile
5755,4287,2021-10-08,échouée,408.24,mobile
5756,1351,2023-04-24,expédiée,211.63,mobile
5757,420,2021-01-18,livrée,1117.7,mobile
5758,1033,2019-01-26,échouée,826.14,mobile
5759,3274,2021-09-04,livrée,1388.69,web
5760,4694,2021-01-24,en cours,1744.98,web
5761,1829,2025-08-19,en cours,1573.33,web
5762,4755,2021-06-06,livrée,1179.52,mobile
5763,4675,2021-05-27,livrée,904.71,web
5764,5333,2019-09-02,livrée,1122.96,mobile
5765,2089,2020-04-09,échouée,97.73,web
5766,1151,2019-10-29,échouée,1048.02,web
5767,5056,2019-10-04,livrée,1542.29,mobile
5768,4497,2024-10-13,échouée,250.68,web
5769,3275,2019-05-05,en cours,537.94,mobile
5770,2189,2025-07-15,échouée,655.81,mobile
5771,614,2025-09-19,livrée,336.82,web
5772,2727,2020-08-08,expédiée,736.11,web
5773,3216,2024-08-17,en cours,645.88,web
5774,1592,2024-10-06,livrée,623.18,mobile
5775,5696,2021-07-02,en cours,125.24,mobile
5776,2022,2021-09-15,en cours,933.14,mobile
5777,5815,2024-05-12,livrée,619.25,web
5778,4840,2024-12-26,expédiée,662.88,mobile
5779,4588,2024-03-11,échouée,1167.27,web
5780,1221,2024-02-20,échouée,1181.3,web
5781,505,2020-05-01,échouée,1328.37,mobile
5782,5611,2023-10-21,en cours,1697.0,web
5783,507,2021-06-01,livrée,1224.56,mobile
5784,550,2023-04-21,livrée,964.12,mobile
5785,2123,2023-08-21,expédiée,1074.95,web
5786,2117,2024-03-26,expédiée,750.16,mobile
5787,5605,2022-04-04,livrée,600.69,web
5788,2504,2021-01-28,livrée,909.71,mobile
5789,1790,2024-12-24,expédiée,1964.36,mobile
5790,3701,2020-09-27,en cours,274.04,mobile
5791,2814,2019-08-29,en cours,1091.89,mobile
5792,4954,2020-01-01,expédiée,1145.57,web
5793,5367,2020-04-13,en cours,591.78,web
5794,1831,2025-08-15,livrée,332.3,web
5795,3369,2023-08-31,en cours,1372.9,mobile
5796,3776,2024-11-06,expédiée,1389.63,web
5797,2317,2021-08-09,en cours,556.86,mobile
5798,5049,2024-06-07,livrée,1959.99,mobile
5799,5604,2024-12-16,en cours,1622.61,mobile
5800,4343,2024-12-30,en cours,566.6,web
5801,4321,2021-02-27,échouée,1890.61,mobile
5802,2028,2021-11-24,échouée,772.85,mobile
5803,1741,2021-11-04,expédiée,353.94,mobile
5804,5414,2022-04-07,en cours,162.33,web
5805,3693,2025-02-12,échouée,1709.44,mobile
5806,3467,2024-08-05,livrée,251.52,mobile
5807,1942,2022-09-19,livrée,885.25,web
5808,5749,2019-04-02,expédiée,770.42,web
5809,4783,2024-03-16,échouée,1986.04,mobile
5810,3608,2020-01-08,expédiée,1536.64,web
5811,906,2022-09-27,livrée,747.47,web
5812,1769,2024-01-02,en cours,1665.98,mobile
5813,3413,2023-08-19,livrée,1792.19,mobile
5814,907,2020-05-13,expédiée,1579.03,mobile
5815,808,2021-02-13,expédiée,985.64,web
5816,3920,2020-06-30,en cours,523.92,mobile
5817,3013,2019-08-09,échouée,363.99,web
5818,44,2022-04-01,livrée,165.27,web
5819,5270,2021-09-17,en cours,1297.81,web
5820,1269,2023-03-06,en cours,1128.5,mobile
5821,1879,2020-12-04,échouée,1773.36,mobile
5822,3983,2021-09-24,expédiée,233.17,web
5823,4972,2024-05-08,livrée,1517.54,mobile
5824,2391,2023-10-28,livrée,1799.41,web
5825,2032,2025-09-29,expédiée,1015.69,web
5826,4990,2023-02-27,en cours,529.93,web
5827,5948,2019-12-31,échouée,1452.53,web
5828,2866,2025-08-23,expédiée,1792.59,web
5829,3236,2025-05-01,échouée,483.32,web
5830,1873,2019-12-27,livrée,1403.69,mobile
5831,941,2024-08-28,expédiée,443.29,web
5832,1417,2019-08-13,livrée,1104.59,mobile
5833,4750,2019-12-30,en cours,1366.48,mobile
5834,2249,2022-01-15,échouée,512.52,web
5835,2430,2022-09-13,en cours,721.89,web
5836,4960,2019-12-24,échouée,1729.49,mobile
5837,3349,2024-08-09,livrée,584.17,web
5838,3362,2020-08-31,échouée,1104.52,mobile
5839,150,2021-08-05,livrée,452.81,web
5840,255,2021-12-15,expédiée,433.92,mobile
5841,2372,2024-09-01,expédiée,622.17,mobile
5842,3261,2022-03-13,échouée,1439.28,mobile
5843,5792,2023-12-14,échouée,184.27,mobile
5844,5282,2019-08-21,livrée,72.65,mobile
5845,5948,2019-07-18,en cours,198.02,mobile
5846,2419,2025-02-16,expédiée,228.85,mobile
5847,231,2019-12-17,livrée,1688.53,mobile
5848,3103,2021-08-05,expédiée,134.62,web
5849,3704,2023-01-28,en cours,842.43,web
5850,3612,2025-01-13,échouée,1480.54,mobile
5851,2173,2021-03-23,expédiée,626.32,web
5852,360,2023-03-22,en cours,657.1,mobile
5853,3900,2019-10-07,expédiée,1967.68,mobile
5854,2925,2021-12-26,échouée,898.13,mobile
5855,3390,2019-04-13,en cours,1755.78,web
5856,1143,2022-11-29,en cours,980.98,mobile
5857,1243,2019-01-06,expédiée,883.3,mobile
5858,599,2024-05-07,expédiée,706.1,web
5859,2177,2019-03-14,expédiée,1841.78,web
5860,4957,2025-09-21,échouée,462.26,mobile
5861,5011,2020-10-20,échouée,544.26,mobile
5862,1729,2019-08-02,en cours,1113.11,mobile
5863,4008,2024-12-24,livrée,881.31,web
5864,5614,2025-07-08,expédiée,1476.86,web
5865,4591,2025-06-28,livrée,1924.71,web
5866,294,2019-09-23,échouée,1330.58,web
5867,2057,2023-05-17,en cours,1770.96,mobile
5868,5354,2024-08-08,expédiée,897.15,web
5869,1934,2020-05-20,en cours,1783.8,web
5870,4271,2021-10-24,échouée,1647.77,web
5871,67,2021-04-24,échouée,1675.07,mobile
5872,3970,2022-07-11,échouée,561.74,mobile
5873,3411,2022-10-13,expédiée,426.83,mobile
5874,4352,2020-04-03,échouée,641.78,web
5875,400,2019-02-18,livrée,1941.53,mobile
5876,991,2025-02-22,échouée,222.93,mobile
5877,3794,2023-08-17,livrée,70.11,mobile
5878,493,2024-05-01,livrée,188.27,mobile
5879,2950,2019-04-02,en cours,1547.31,mobile
5880,2445,2019-02-05,en cours,194.05,web
5881,5574,2025-12-28,en cours,293.25,mobile
5882,742,2024-11-23,en cours,272.27,mobile
5883,3024,2021-10-07,expédiée,125.9,web
5884,1509,2019-09-15,échouée,1225.26,web
5885,5981,2020-07-09,en cours,1755.9,web
5886,1510,2025-05-10,en cours,789.73,web
5887,3852,2020-06-24,livrée,1281.14,web
5888,2994,2019-08-25,échouée,1132.37,web
5889,3258,2020-01-20,expédiée,1354.38,web
5890,2000,2020-07-07,expédiée,1326.52,web
5891,5242,2024-06-27,en cours,1595.17,web
5892,5329,2022-03-01,livrée,1972.76,web
5893,4960,2021-11-19,expédiée,1358.34,mobile
5894,2597,2025-01-18,livrée,1966.58,mobile
5895,4665,2021-01-17,livrée,1765.16,web
5896,5366,2019-06-26,échouée,1918.51,web
5897,5835,2021-11-13,livrée,306.04,mobile
5898,770,2024-03-28,expédiée,759.43,web
5899,3697,2019-10-24,échouée,1032.58,web
5900,2280,2019-09-27,échouée,1073.49,mobile
5901,5540,2023-01-01,livrée,921.32,mobile
5902,2820,2025-10-14,expédiée,1424.19,mobile
5903,5594,2024-09-07,expédiée,818.45,web
5904,4663,2024-06-11,expédiée,554.56,web
5905,492,2025-01-01,expédiée,646.71,mobile
5906,4231,2023-12-13,livrée,445.44,mobile
5907,1974,2022-11-21,expédiée,289.78,web
5908,4742,2024-09-04,livrée,1034.47,web
5909,4140,2025-06-02,échouée,1466.5,mobile
5910,5866,2021-01-03,livrée,1315.54,web
5911,2356,2021-11-08,en cours,1304.38,web
5912,1391,2023-10-04,en cours,280.37,mobile
5913,4960,2019-06-11,en cours,718.55,mobile
5914,12,2020-08-16,échouée,544.19,mobile
5915,4498,2020-05-07,échouée,1839.08,web
5916,3763,2019-10-27,en cours,860.31,mobile
5917,446,2020-01-04,échouée,1709.4,mobile
5918,172,2019-12-03,échouée,1714.43,web
5919,1887,2021-10-07,expédiée,1243.38,mobile
5920,5866,2021-11-06,en cours,479.32,web
5921,3801,2022-01-11,livrée,1362.8,mobile
5922,920,2025-05-30,en cours,56.98,web
5923,569,2023-05-31,livrée,1094.39,web
5924,3610,2020-12-11,en cours,1736.49,mobile
5925,5011,2020-08-06,échouée,1743.0,web
5926,1250,2022-08-30,échouée,1470.78,web
5927,2896,2023-11-19,échouée,1823.64,web
5928,1393,2024-11-12,expédiée,633.13,mobile
5929,439,2022-04-18,expédiée,537.16,web
5930,4625,2022-06-10,expédiée,1839.48,mobile
5931,5968,2024-02-13,livrée,1044.22,mobile
5932,1136,2021-11-05,livrée,1280.48,mobile
5933,3738,2020-03-24,livrée,104.75,mobile
5934,3509,2019-02-07,expédiée,309.75,mobile
5935,3468,2021-04-10,livrée,589.21,mobile
5936,1805,2021-01-20,livrée,650.2,mobile
5937,4685,2020-04-18,expédiée,782.1,web
5938,1769,2019-02-18,en cours,158.59,web
5939,4826,2022-10-26,livrée,628.59,web
5940,2900,2025-05-16,expédiée,1293.25,mobile
5941,281,2021-04-27,échouée,1033.64,web
5942,1645,2025-11-19,expédiée,787.54,mobile
5943,5270,2020-01-31,livrée,841.79,web
5944,3713,2023-09-05,échouée,251.76,web
5945,2634,2019-06-07,livrée,1179.01,mobile
5946,5010,2023-09-02,échouée,1614.85,mobile
5947,2559,2025-02-18,en cours,1463.92,web
5948,957,2023-02-17,en cours,1737.17,web
5949,854,2021-04-21,livrée,391.97,web
5950,4018,2021-08-24,livrée,154.7,mobile
5951,4170,2022-02-01,échouée,539.22,web
5952,2697,2022-05-03,en cours,867.25,web
5953,700,2024-08-30,échouée,92.75,mobile
5954,2704,2022-05-27,livrée,1772.1,web
5955,2778,2019-08-13,en cours,692.2,mobile
5956,5065,2020-04-05,expédiée,1844.37,web
5957,4885,2024-09-05,expédiée,1745.93,web
5958,2810,2023-04-13,livrée,537.64,mobile
5959,3919,2020-09-19,livrée,1697.96,mobile
5960,3934,2020-12-13,en cours,1551.92,web
5961,3976,2025-10-16,livrée,1161.22,mobile
5962,2682,2023-06-05,en cours,1204.96,web
5963,1189,2019-07-07,expédiée,1857.11,web
5964,1427,2019-05-02,expédiée,871.76,mobile
5965,233,2025-01-15,livrée,609.41,web
5966,1924,2024-09-09,expédiée,1191.2,mobile
5967,2496,2021-10-04,en cours,733.76,web
5968,5058,2021-08-31,échouée,1659.18,web
5969,1792,2023-04-21,échouée,1892.49,mobile
5970,3290,2025-05-17,échouée,483.9,mobile
5971,5970,2024-03-04,expédiée,341.81,web
5972,1948,2024-12-12,échouée,1988.77,mobile
5973,3151,2025-11-24,échouée,1021.18,web
5974,1175,2021-05-01,expédiée,346.08,mobile
5975,5983,2023-08-03,livrée,1735.08,web
5976,3824,2019-07-17,échouée,1912.35,web
5977,1212,2023-05-09,expédiée,130.73,mobile
5978,4036,2019-05-21,expédiée,1943.42,web
5979,1222,2024-09-23,échouée,1984.44,web
5980,3906,2019-06-08,livrée,28.42,mobile
5981,873,2025-06-05,en cours,1083.12,web
5982,4457,2025-10-15,en cours,653.52,web
5983,3046,2021-12-17,échouée,934.63,mobile
5984,1360,2020-01-03,expédiée,1493.12,web
5985,5580,2019-11-13,échouée,956.78,web
5986,3880,2020-04-21,échouée,529.42,mobile
5987,3839,2020-08-15,échouée,45.5,web
5988,4836,2019-01-02,échouée,1161.75,mobile
5989,1898,2024-11-19,livrée,1414.1,web
5990,3965,2019-05-25,échouée,1858.94,mobile
5991,3277,2021-03-02,échouée,1986.5,mobile
5992,272,2022-03-18,en cours,746.26,mobile
5993,3659,2024-09-24,expédiée,287.89,web
5994,1452,2020-04-18,échouée,1118.11,mobile
5995,4023,2021-03-04,expédiée,1982.31,mobile
5996,3746,2021-12-20,en cours,664.23,mobile
5997,1473,2025-06-26,livrée,336.17,mobile
5998,5927,2025-06-01,en cours,1927.66,web
5999,3050,2024-08-04,livrée,1318.2,mobile
6000,1387,2021-01-26,en cours,1746.15,mobile
6001,308,2021-07-28,expédiée,1847.44,mobile
6002,2573,2023-02-21,livrée,1905.37,mobile
6003,3983,2024-12-11,échouée,253.24,mobile
6004,1315,2021-02-03,en cours,374.88,web
6005,5711,2025-08-06,échouée,491.12,mobile
6006,1902,2021-01-30,échouée,398.4,web
6007,1772,2020-12-06,échouée,1082.49,mobile
6008,4042,2023-08-20,en cours,1194.78,mobile
6009,2109,2023-02-19,expédiée,1688.52,web
6010,3025,2020-08-12,en cours,287.96,web
6011,3894,2025-03-16,expédiée,861.03,web
6012,2454,2024-10-15,livrée,211.8,web
6013,4816,2021-04-02,échouée,1440.38,web
6014,5266,2025-03-27,en cours,1775.79,web
6015,237,2023-03-03,expédiée,896.21,web
6016,1265,2019-07-29,expédiée,738.45,web
6017,420,2021-02-22,livrée,197.31,web
6018,551,2025-11-12,échouée,809.67,mobile
6019,3643,2025-10-27,échouée,668.22,mobile
6020,81,2024-08-27,livrée,1412.52,web
6021,5123,2024-05-25,en cours,1183.68,web
6022,4091,2023-10-10,en cours,1542.24,mobile
6023,622,2020-02-21,expédiée,1617.36,web
6024,3260,2022-01-16,livrée,1475.62,mobile
6025,5320,2020-09-30,expédiée,1807.38,web
6026,2450,2025-11-20,échouée,1188.11,mobile
6027,2506,2022-09-27,livrée,689.39,mobile
6028,41,2025-06-07,livrée,397.69,mobile
6029,3836,2023-08-31,livrée,1601.98,mobile
6030,1702,2023-09-28,échouée,498.88,web
6031,944,2022-05-24,en cours,271.87,mobile
6032,4989,2022-09-27,livrée,1467.09,mobile
6033,1437,2024-12-17,expédiée,44.75,web
6034,2862,2021-02-27,livrée,710.56,mobile
6035,4693,2023-01-18,expédiée,146.13,web
6036,3048,2021-04-02,expédiée,484.18,mobile
6037,2220,2024-11-22,échouée,314.93,web
6038,2779,2022-11-09,échouée,1449.32,web
6039,194,2020-04-29,expédiée,1637.8,web
6040,4680,2023-09-28,échouée,1988.27,mobile
6041,1123,2022-06-14,livrée,1927.15,mobile
6042,961,2019-07-19,expédiée,1359.76,mobile
6043,1726,2025-03-24,expédiée,1751.43,mobile
6044,3010,2021-10-29,en cours,263.36,mobile
6045,4953,2022-05-14,livrée,95.34,web
6046,5887,2023-09-13,échouée,591.06,mobile
6047,4972,2025-12-13,expédiée,1195.07,web
6048,3147,2025-09-15,en cours,370.23,web
6049,3983,2021-08-27,échouée,1108.17,mobile
6050,519,2020-09-07,en cours,451.54,mobile
6051,5303,2025-12-03,échouée,1646.8,web
6052,131,2021-08-07,en cours,1511.88,web
6053,2671,2024-07-06,échouée,522.54,web
6054,5749,2019-05-12,expédiée,1096.3,web
6055,3450,2023-02-02,expédiée,111.88,mobile
6056,1646,2022-03-01,échouée,1987.06,mobile
6057,933,2022-12-30,échouée,902.1,mobile
6058,5380,2020-11-13,expédiée,1939.53,web
6059,5357,2023-10-14,livrée,1565.45,web
6060,4151,2019-08-07,échouée,1150.13,web
6061,688,2020-09-23,livrée,1472.04,mobile
6062,597,2021-09-25,livrée,72.38,mobile
6063,4249,2023-10-16,échouée,1837.89,mobile
6064,4898,2024-05-24,en cours,600.5,web
6065,1625,2023-05-13,livrée,1504.45,mobile
6066,3327,2019-03-20,en cours,1852.72,mobile
6067,3523,2024-08-08,expédiée,1625.33,web
6068,2901,2019-10-26,expédiée,177.38,web
6069,5301,2025-02-22,livrée,1955.3,mobile
6070,5553,2022-01-11,livrée,419.02,web
6071,2621,2022-07-05,livrée,1782.1,mobile
6072,2359,2020-11-01,en cours,1545.53,mobile
6073,5863,2019-03-14,expédiée,811.44,web
6074,287,2019-06-06,échouée,1245.52,web
6075,5372,2025-02-13,expédiée,170.4,mobile
6076,4653,2024-08-13,expédiée,1162.62,mobile
6077,1454,2023-05-23,expédiée,570.04,mobile
6078,5902,2021-08-30,expédiée,975.33,web
6079,4463,2021-03-11,en cours,457.68,web
6080,4394,2025-01-29,échouée,89.76,mobile
6081,928,2025-09-26,en cours,849.73,mobile
6082,4794,2025-10-24,expédiée,1657.44,web
6083,1048,2025-08-31,livrée,1299.84,mobile
6084,4144,2021-01-02,expédiée,895.34,web
6085,1439,2025-07-03,expédiée,1588.51,web
6086,4942,2020-10-18,livrée,1128.88,web
6087,53,2022-12-02,livrée,1655.76,mobile
6088,3778,2020-11-23,échouée,1755.69,mobile
6089,284,2023-01-02,expédiée,102.15,web
6090,3833,2021-08-12,expédiée,1270.85,web
6091,5266,2020-04-29,échouée,72.82,mobile
6092,5186,2024-02-23,en cours,1810.9,mobile
6093,4973,2020-04-28,livrée,667.7,mobile
6094,1061,2022-10-29,expédiée,1759.37,web
6095,939,2019-01-18,en cours,1654.23,web
6096,1736,2021-08-25,échouée,1208.98,mobile
6097,3101,2019-09-17,en cours,195.73,mobile
6098,612,2022-09-29,échouée,794.63,web
6099,137,2025-09-27,livrée,1986.41,web
6100,5739,2024-09-03,échouée,207.15,web
6101,1516,2025-12-23,livrée,925.86,web
6102,2360,2023-02-28,en cours,428.41,web
6103,1875,2023-12-02,échouée,1050.15,mobile
6104,163,2019-04-28,en cours,334.61,mobile
6105,4113,2020-03-28,livrée,1549.6,web
6106,1765,2019-03-18,échouée,1324.52,web
6107,5554,2024-12-10,livrée,595.13,mobile
6108,2152,2023-04-02,expédiée,1291.42,web
6109,2537,2023-05-12,livrée,742.35,web
6110,808,2022-03-05,livrée,1904.12,mobile
6111,1689,2023-07-25,livrée,375.63,web
6112,5686,2023-08-02,expédiée,148.91,mobile
6113,1581,2019-12-07,livrée,1412.33,web
6114,306,2025-03-09,en cours,1717.56,web
6115,1592,2023-10-04,expédiée,1041.61,web
6116,2881,2024-01-25,échouée,1664.7,mobile
6117,590,2023-06-24,en cours,127.39,web
6118,3019,2020-11-19,expédiée,1852.52,mobile
6119,4631,2021-11-26,expédiée,616.74,web
6120,847,2020-01-07,livrée,241.58,mobile
6121,3027,2021-10-28,livrée,1043.76,web
6122,3116,2023-03-13,en cours,265.67,mobile
6123,4875,2021-12-01,livrée,1866.73,mobile
6124,4579,2020-04-15,livrée,1631.97,web
6125,770,2025-06-08,échouée,1666.92,web
6126,4331,2022-12-26,livrée,1102.84,mobile
6127,1183,2023-01-29,échouée,64.34,mobile
6128,2241,2020-03-14,expédiée,1507.97,web
6129,291,2019-04-09,livrée,1808.4,web
6130,4673,2019-05-21,en cours,1553.27,mobile
6131,5262,2022-11-28,en cours,990.28,web
6132,1349,2022-03-26,en cours,816.57,mobile
6133,594,2019-03-28,livrée,1886.09,mobile
6134,2518,2023-05-31,livrée,315.35,web
6135,2919,2021-10-11,expédiée,493.19,web
6136,930,2019-08-10,livrée,1100.84,mobile
6137,3583,2025-02-07,expédiée,1992.47,web
6138,4168,2020-07-02,expédiée,588.58,web
6139,699,2019-02-14,expédiée,1889.97,mobile
6140,2304,2020-05-02,en cours,1683.16,web
6141,528,2021-10-16,livrée,1411.86,mobile
6142,4067,2022-12-03,expédiée,1597.09,web
6143,2245,2022-09-03,en cours,814.23,web
6144,1320,2021-07-22,livrée,882.23,mobile
6145,466,2022-08-12,échouée,1612.81,mobile
6146,4687,2020-07-10,livrée,1090.51,mobile
6147,4114,2020-03-05,livrée,1035.04,mobile
6148,3199,2024-02-12,expédiée,1423.81,mobile
6149,5847,2022-11-14,expédiée,1101.91,web
6150,1419,2020-07-06,échouée,1158.31,web
6151,473,2024-04-14,échouée,1251.55,mobile
6152,3562,2022-11-24,en cours,244.98,web
6153,3421,2021-01-18,expédiée,916.65,web
6154,5955,2025-05-11,échouée,1965.83,mobile
6155,1564,2020-06-01,livrée,90.41,web
6156,5154,2021-03-06,expédiée,869.36,mobile
6157,4852,2020-07-29,échouée,1908.17,mobile
6158,5049,2022-07-11,expédiée,287.93,mobile
6159,2286,2021-10-21,échouée,1384.07,web
6160,1,2022-11-29,livrée,913.36,web
6161,4763,2022-01-01,expédiée,1224.47,web
6162,5956,2019-06-21,livrée,1359.44,mobile
6163,1009,2025-07-09,échouée,1846.7,web
6164,2605,2019-02-15,en cours,1578.1,mobile
6165,5576,2025-05-17,en cours,969.95,web
6166,501,2024-12-29,livrée,1616.29,web
6167,56,2022-04-25,expédiée,543.87,web
6168,5486,2025-12-13,en cours,1467.79,web
6169,4180,2024-10-04,livrée,296.99,web
6170,2073,2023-11-19,expédiée,653.27,web
6171,916,2025-08-29,expédiée,483.73,mobile
6172,469,2023-11-28,livrée,225.26,web
6173,1718,2022-10-23,livrée,1076.27,mobile
6174,1510,2023-08-09,livrée,1273.57,web
6175,4798,2025-12-24,échouée,1767.4,web
6176,5752,2019-10-12,expédiée,720.72,mobile
6177,1640,2021-09-09,échouée,97.89,web
6178,4746,2021-04-03,en cours,365.91,mobile
6179,2667,2024-03-05,en cours,1329.47,web
6180,2132,2024-01-01,en cours,1560.2,web
6181,3043,2019-04-26,échouée,1170.2,mobile
6182,2339,2019-08-01,échouée,1525.09,web
6183,507,2019-11-22,en cours,298.63,web
6184,3111,2019-01-20,livrée,1602.63,mobile
6185,2514,2022-01-24,échouée,616.83,web
6186,1646,2021-03-31,livrée,1775.6,mobile
6187,5607,2022-03-12,expédiée,775.39,web
6188,4788,2019-02-24,livrée,743.89,mobile
6189,3924,2019-02-21,livrée,239.18,mobile
6190,1155,2025-03-13,en cours,1172.98,web
6191,5453,2020-01-18,expédiée,497.65,mobile
6192,2009,2020-04-08,en cours,280.97,web
6193,4809,2024-01-05,expédiée,1046.58,mobile
6194,2901,2023-12-21,échouée,742.85,mobile
6195,1290,2022-08-05,en cours,941.41,web
6196,419,2025-09-24,livrée,736.93,mobile
6197,5764,2021-01-15,échouée,1627.35,web
6198,4406,2023-07-02,échouée,558.48,mobile
6199,4535,2023-05-21,expédiée,1476.02,web
6200,2905,2020-08-29,en cours,745.18,web
6201,1689,2024-11-20,livrée,184.88,web
6202,84,2019-03-06,livrée,1881.01,mobile
6203,1770,2022-12-10,livrée,1193.35,web
6204,2392,2020-11-26,en cours,1680.43,web
6205,460,2019-08-30,échouée,1610.3,web
6206,1671,2025-01-07,expédiée,1902.43,web
6207,1459,2023-08-12,en cours,437.78,mobile
6208,1799,2023-05-27,en cours,1229.31,web
6209,4330,2020-04-21,échouée,1629.05,mobile
6210,4092,2023-04-10,échouée,1480.69,web
6211,5101,2025-01-11,livrée,538.34,mobile
6212,2308,2022-04-23,en cours,926.48,mobile
6213,1738,2024-01-24,échouée,21.05,mobile
6214,4582,2025-09-02,expédiée,997.81,web
6215,5171,2021-12-14,livrée,593.63,mobile
6216,4326,2021-12-19,expédiée,313.15,web
6217,2946,2024-06-28,livrée,886.67,mobile
6218,293,2022-09-29,échouée,1783.52,mobile
6219,3195,2024-10-20,échouée,594.97,web
6220,1833,2024-12-04,livrée,1375.87,web
6221,65,2024-06-24,échouée,1775.07,mobile
6222,4267,2022-03-20,livrée,1175.9,web
6223,4437,2025-11-01,livrée,902.64,web
6224,3938,2022-03-24,livrée,887.4,web
6225,1471,2025-05-04,livrée,913.27,web
6226,5404,2020-10-15,expédiée,430.06,mobile
6227,26,2021-05-11,expédiée,326.59,mobile
6228,2924,2022-10-30,expédiée,732.7,mobile
6229,5778,2019-05-20,en cours,1154.06,mobile
6230,1540,2019-03-23,livrée,1586.55,mobile
6231,3265,2024-10-31,en cours,957.82,mobile
6232,4682,2021-07-31,échouée,1878.62,mobile
6233,3494,2022-02-10,en cours,1071.14,web
6234,4919,2024-06-07,en cours,1885.38,mobile
6235,2034,2025-10-06,livrée,1266.26,web
6236,5758,2022-10-17,échouée,1283.8,web
6237,71,2022-03-16,livrée,1310.28,mobile
6238,3397,2025-04-07,en cours,167.14,mobile
6239,1980,2020-02-11,échouée,655.65,web
6240,5018,2024-02-09,livrée,1321.5,mobile
6241,377,2023-07-17,livrée,208.66,mobile
6242,1107,2024-03-19,échouée,972.74,web
6243,5588,2023-01-30,en cours,578.28,mobile
6244,4072,2021-05-19,en cours,1127.36,mobile
6245,530,2024-07-13,en cours,1896.03,mobile
6246,3774,2024-01-31,livrée,510.16,web
6247,1007,2019-09-04,en cours,366.08,mobile
6248,921,2020-01-06,échouée,1951.86,mobile
6249,4837,2020-01-27,livrée,563.12,mobile
6250,707,2023-12-16,en cours,1321.72,mobile
6251,1084,2024-10-07,échouée,760.75,mobile
6252,2913,2025-10-18,expédiée,1510.76,web
6253,4875,2019-10-20,en cours,1747.73,web
6254,831,2020-07-26,livrée,1353.66,mobile
6255,5056,2020-10-03,livrée,638.6,web
6256,3935,2024-01-09,livrée,1220.35,web
6257,4730,2024-06-03,en cours,935.21,mobile
6258,2826,2021-10-29,échouée,895.43,mobile
6259,1571,2019-10-02,en cours,1112.89,mobile
6260,4457,2022-01-21,livrée,961.51,web
6261,764,2021-06-22,livrée,667.36,mobile
6262,1433,2025-06-11,livrée,799.47,mobile
6263,4286,2020-07-09,échouée,1702.91,mobile
6264,1772,2019-10-19,livrée,1075.7,web
6265,2795,2019-05-30,livrée,1096.41,web
6266,5393,2023-12-22,livrée,1297.62,mobile
6267,1717,2022-04-05,expédiée,371.07,web
6268,3412,2025-07-05,échouée,1093.52,web
6269,3213,2023-04-20,livrée,1223.68,mobile
6270,701,2025-08-20,échouée,1324.98,mobile
6271,3587,2019-05-10,échouée,403.72,mobile
6272,23,2020-02-25,en cours,360.72,mobile
6273,1330,2024-02-28,échouée,1833.27,mobile
6274,1243,2020-04-25,échouée,372.84,web
6275,4781,2025-07-02,livrée,1707.23,web
6276,3554,2020-03-14,échouée,1149.24,mobile
6277,1596,2025-09-06,échouée,415.12,mobile
6278,5380,2019-05-17,en cours,86.1,web
6279,5764,2025-12-14,en cours,947.16,web
6280,5945,2020-12-19,livrée,1546.62,mobile
6281,2380,2020-07-09,échouée,156.15,mobile
6282,697,2022-06-29,échouée,725.72,web
6283,455,2021-06-04,échouée,1372.38,web
6284,5678,2023-11-08,en cours,111.1,web
6285,3407,2023-12-29,livrée,1679.69,web
6286,4896,2024-01-13,expédiée,1424.91,web
6287,4305,2021-03-27,en cours,1050.2,mobile
6288,5778,2020-12-16,livrée,1081.42,mobile
6289,5182,2020-07-01,échouée,1666.66,web
6290,3845,2021-08-31,livrée,1279.13,web
6291,5824,2023-09-28,échouée,1202.74,mobile
6292,3986,2021-07-26,expédiée,1642.55,web
6293,3224,2019-03-27,échouée,1634.75,web
6294,926,2022-12-11,livrée,1445.07,mobile
6295,107,2019-12-28,expédiée,621.24,web
6296,1803,2025-09-06,livrée,1124.08,web
6297,137,2022-12-25,livrée,1436.87,mobile
6298,2635,2019-12-25,en cours,1351.18,web
6299,4745,2022-07-18,en cours,293.05,web
6300,1081,2022-07-05,échouée,219.65,mobile
6301,5605,2020-05-14,expédiée,565.79,mobile
6302,618,2019-10-20,échouée,1467.73,mobile
6303,4430,2025-02-06,en cours,903.02,mobile
6304,4220,2025-09-13,livrée,30.99,mobile
6305,5816,2025-01-14,livrée,1201.56,mobile
6306,4912,2022-09-09,échouée,314.96,web
6307,199,2023-01-18,expédiée,26.97,web
6308,3010,2024-08-08,expédiée,1968.65,web
6309,1114,2021-01-16,échouée,1289.86,mobile
6310,2750,2023-08-19,en cours,845.79,mobile
6311,4073,2021-12-05,en cours,206.15,web
6312,1923,2019-05-30,en cours,358.55,mobile
6313,1165,2021-03-23,expédiée,1863.52,mobile
6314,2929,2023-05-26,livrée,1091.73,web
6315,780,2019-10-26,expédiée,751.31,web
6316,4272,2024-01-15,livrée,329.12,mobile
6317,4592,2020-10-06,expédiée,39.77,mobile
6318,1610,2019-10-10,échouée,1620.38,mobile
6319,2075,2019-03-19,expédiée,199.94,web
6320,1218,2024-08-15,livrée,499.16,mobile
6321,3835,2025-09-14,expédiée,80.45,mobile
6322,4363,2021-06-14,échouée,1637.66,web
6323,4022,2025-01-06,échouée,194.14,mobile
6324,5002,2024-08-31,en cours,1162.27,mobile
6325,1353,2022-06-25,livrée,487.79,mobile
6326,4045,2025-06-28,livrée,285.13,mobile
6327,3000,2021-02-22,expédiée,1134.33,mobile
6328,677,2024-08-18,expédiée,278.39,web
6329,2413,2024-09-01,livrée,234.9,web
6330,4615,2023-10-24,en cours,1108.56,web
6331,2010,2020-09-25,échouée,717.75,web
6332,1635,2025-10-19,expédiée,194.23,mobile
6333,3936,2020-09-08,échouée,1846.74,web
6334,4467,2020-10-30,livrée,743.28,mobile
6335,4135,2020-02-21,livrée,1067.99,web
6336,3880,2025-06-29,échouée,1447.1,mobile
6337,3768,2025-09-09,en cours,1528.46,web
6338,5503,2024-06-27,en cours,162.92,web
6339,53,2021-08-06,expédiée,892.75,mobile
6340,3745,2022-09-08,expédiée,1559.61,web
6341,1866,2025-05-24,expédiée,46.9,web
6342,518,2024-10-03,échouée,609.07,mobile
6343,5390,2022-01-29,échouée,1122.73,web
6344,4512,2021-11-19,échouée,1311.26,web
6345,4780,2024-03-05,expédiée,1917.2,web
6346,5276,2023-11-10,expédiée,68.31,web
6347,5025,2021-11-27,échouée,1742.19,mobile
6348,603,2022-02-17,en cours,1497.84,web
6349,431,2023-05-27,expédiée,1567.18,mobile
6350,2788,2023-01-01,expédiée,319.32,mobile
6351,4532,2019-07-03,échouée,1183.4,mobile
6352,979,2021-10-01,expédiée,618.33,web
6353,2582,2022-11-14,expédiée,1922.55,mobile
6354,3611,2022-01-13,échouée,273.01,web
6355,2922,2023-12-04,expédiée,580.94,mobile
6356,1594,2019-03-15,en cours,458.82,web
6357,2280,2023-11-26,livrée,680.67,mobile
6358,3943,2025-08-12,livrée,839.81,web
6359,3367,2023-06-04,livrée,521.09,mobile
6360,2697,2023-01-19,livrée,644.77,mobile
6361,950,2021-10-27,expédiée,1608.08,web
6362,5099,2021-08-07,expédiée,837.34,mobile
6363,1810,2020-10-04,en cours,1145.18,web
6364,64,2025-04-12,échouée,1363.04,mobile
6365,4787,2024-04-26,en cours,1007.92,mobile
6366,3514,2023-03-23,expédiée,1517.94,web
6367,5248,2021-10-08,expédiée,167.08,web
6368,4531,2023-04-10,échouée,93.28,web
6369,513,2024-07-30,expédiée,1522.29,mobile
6370,3029,2023-04-06,livrée,1711.22,web
6371,5881,2021-09-27,expédiée,68.08,mobile
6372,1989,2022-01-01,échouée,883.09,web
6373,940,2019-01-28,en cours,1968.34,mobile
6374,1945,2025-09-23,livrée,1302.87,mobile
6375,1928,2025-02-13,livrée,1661.44,mobile
6376,4141,2020-07-08,en cours,102.26,web
6377,3858,2022-12-03,échouée,1704.97,web
6378,3985,2019-08-31,en cours,1200.13,web
6379,3487,2022-05-09,livrée,1142.92,web
6380,4440,2020-08-29,livrée,1790.54,web
6381,4015,2022-12-15,échouée,694.44,mobile
6382,3029,2025-10-05,échouée,1446.22,mobile
6383,716,2024-02-07,livrée,1957.62,mobile
6384,2102,2021-04-06,expédiée,1565.96,mobile
6385,2340,2021-05-02,expédiée,740.23,mobile
6386,5848,2019-03-15,livrée,1406.86,web
6387,211,2021-09-24,en cours,1305.69,web
6388,1885,2023-11-09,livrée,917.77,web
6389,4508,2023-12-04,en cours,1997.39,mobile
6390,3656,2020-02-08,échouée,1436.43,mobile
6391,3879,2022-02-15,échouée,672.06,web
6392,3749,2021-11-06,échouée,217.4,web
6393,659,2024-02-11,en cours,740.08,web
6394,5537,2019-10-10,échouée,1927.32,web
6395,5930,2019-05-23,en cours,672.48,web
6396,5008,2025-06-14,en cours,1915.1,mobile
6397,3933,2022-07-03,expédiée,1322.71,mobile
6398,2337,2019-12-15,expédiée,259.88,mobile
6399,3052,2022-07-25,expédiée,319.68,mobile
6400,775,2022-12-11,échouée,754.23,mobile
6401,3034,2019-06-22,expédiée,1088.54,web
6402,369,2022-10-24,livrée,111.83,mobile
6403,1540,2023-05-22,en cours,743.71,mobile
6404,4765,2023-03-23,livrée,1100.51,mobile
6405,539,2022-08-01,livrée,672.6,web
6406,2678,2025-06-07,expédiée,1775.73,web
6407,987,2020-03-11,livrée,860.67,web
6408,1460,2024-08-08,expédiée,931.39,web
6409,3198,2019-11-05,expédiée,1201.08,web
6410,2609,2022-10-12,échouée,389.38,web
6411,4463,2019-05-12,en cours,836.55,web
6412,3975,2025-10-24,expédiée,1088.78,mobile
6413,5352,2022-06-04,en cours,1142.33,mobile
6414,1512,2021-01-29,échouée,1073.92,mobile
6415,455,2020-06-27,livrée,577.93,web
6416,5521,2022-09-10,échouée,323.02,mobile
6417,4280,2023-03-30,en cours,1599.88,mobile
6418,4590,2020-12-24,en cours,804.4,web
6419,2745,2024-06-17,échouée,866.81,mobile
6420,1439,2023-11-01,expédiée,644.56,web
6421,4500,2020-05-13,expédiée,1466.46,web
6422,976,2020-07-04,livrée,1028.56,web
6423,2921,2021-08-03,échouée,1328.17,web
6424,2731,2020-07-04,expédiée,747.98,web
6425,2136,2022-09-18,en cours,1062.86,mobile
6426,4651,2021-06-04,expédiée,325.67,web
6427,2375,2025-02-19,échouée,901.89,web
6428,5547,2022-10-26,livrée,1249.4,mobile
6429,4796,2023-12-12,livrée,222.8,mobile
6430,5656,2021-09-14,expédiée,1464.85,web
6431,2928,2019-01-05,en cours,1728.56,web
6432,2581,2025-06-07,en cours,1694.57,mobile
6433,2249,2025-04-24,livrée,198.04,web
6434,3500,2020-02-14,livrée,1817.12,mobile
6435,2588,2024-03-08,en cours,1172.31,web
6436,2979,2022-04-24,livrée,1059.02,mobile
6437,4871,2020-03-30,livrée,1020.81,web
6438,3417,2020-11-20,expédiée,739.53,web
6439,5381,2019-04-21,livrée,402.19,mobile
6440,5697,2022-10-04,en cours,1427.33,web
6441,979,2023-07-17,expédiée,389.04,mobile
6442,2550,2021-08-27,expédiée,1169.44,web
6443,1430,2025-06-14,échouée,250.97,web
6444,1079,2021-06-23,livrée,325.53,mobile
6445,4511,2023-11-14,en cours,1404.26,mobile
6446,403,2024-03-17,expédiée,1746.77,web
6447,1654,2021-10-20,livrée,1376.79,mobile
6448,2626,2021-01-16,livrée,1026.44,web
6449,399,2019-01-27,livrée,1312.57,mobile
6450,1922,2022-08-07,expédiée,304.45,web
6451,232,2023-10-12,livrée,622.88,mobile
6452,1092,2024-01-11,expédiée,1060.54,web
6453,3619,2025-01-01,en cours,1148.44,mobile
6454,2623,2020-02-10,en cours,91.47,web
6455,5035,2025-03-21,livrée,1404.07,mobile
6456,2965,2022-07-13,expédiée,30.63,web
6457,4097,2019-07-20,en cours,991.66,mobile
6458,3123,2019-09-23,expédiée,1996.37,web
6459,458,2024-12-26,en cours,493.5,web
6460,4003,2021-12-01,en cours,469.69,mobile
6461,3755,2020-02-05,en cours,1620.37,web
6462,4089,2022-07-31,livrée,881.79,mobile
6463,1534,2020-04-23,livrée,1703.25,mobile
6464,158,2023-12-24,en cours,1247.77,mobile
6465,3254,2021-06-05,livrée,592.42,web
6466,3487,2022-04-03,en cours,157.85,mobile
6467,3917,2024-07-11,en cours,1301.44,web
6468,410,2020-01-01,en cours,442.83,web
6469,3517,2022-09-19,expédiée,902.6,mobile
6470,685,2019-02-08,expédiée,346.09,mobile
6471,3512,2025-03-24,expédiée,515.16,mobile
6472,1911,2021-08-28,en cours,1477.9,mobile
6473,2345,2022-04-03,expédiée,1378.88,web
6474,320,2024-07-03,échouée,1086.2,web
6475,5579,2023-12-22,échouée,1780.22,mobile
6476,5095,2025-12-15,échouée,855.58,mobile
6477,672,2020-03-06,échouée,784.59,web
6478,5577,2024-09-25,expédiée,1973.13,mobile
6479,3386,2022-07-26,expédiée,75.05,mobile
6480,505,2019-01-13,échouée,275.04,mobile
6481,5269,2021-07-01,échouée,918.58,web
6482,3886,2025-02-12,expédiée,669.26,web
6483,1592,2024-12-25,en cours,231.65,web
6484,5880,2023-02-19,expédiée,984.49,mobile
6485,1450,2020-07-20,livrée,1563.73,mobile
6486,4956,2021-04-13,livrée,28.68,web
6487,5209,2022-02-02,expédiée,1532.02,mobile
6488,1508,2021-01-18,échouée,106.51,web
6489,2907,2021-12-06,livrée,1884.19,mobile
6490,3648,2021-10-29,échouée,285.5,web
6491,1653,2024-03-05,expédiée,1998.2,web
6492,121,2021-02-20,en cours,1099.54,web
6493,238,2020-05-29,expédiée,448.21,mobile
6494,1879,2019-02-21,livrée,783.08,web
6495,2084,2019-11-07,échouée,1248.54,mobile
6496,2082,2021-12-25,en cours,32.03,web
6497,3711,2023-11-05,échouée,642.44,mobile
6498,125,2024-06-06,livrée,1395.51,web
6499,1628,2021-06-27,livrée,876.21,web
6500,1822,2022-12-15,échouée,1790.19,web
6501,4799,2023-04-17,échouée,1000.7,mobile
6502,3686,2019-05-12,expédiée,696.48,mobile
6503,4323,2023-08-22,livrée,1749.38,mobile
6504,3614,2025-06-15,expédiée,165.36,web
6505,5548,2025-05-07,expédiée,1591.31,mobile
6506,5889,2021-09-08,échouée,1035.48,mobile
6507,244,2019-03-14,en cours,1450.59,web
6508,5705,2023-12-15,expédiée,1160.64,web
6509,5196,2021-06-10,expédiée,1291.88,web
6510,4030,2024-01-13,en cours,1673.58,web
6511,3980,2024-09-01,échouée,1342.85,mobile
6512,3339,2024-12-16,expédiée,1109.44,mobile
6513,919,2020-08-22,échouée,1868.11,web
6514,3456,2019-01-25,en cours,1507.77,web
6515,132,2025-02-02,en cours,1554.92,mobile
6516,2756,2023-05-01,expédiée,126.29,web
6517,5340,2019-01-24,expédiée,1241.82,web
6518,616,2021-01-16,livrée,553.45,web
6519,3683,2024-05-28,échouée,663.65,mobile
6520,4981,2021-06-12,échouée,1902.74,mobile
6521,3626,2023-08-21,livrée,858.83,mobile
6522,4744,2020-03-07,en cours,528.23,mobile
6523,4836,2021-11-25,expédiée,611.48,web
6524,1933,2022-05-26,expédiée,229.12,web
6525,1392,2022-07-30,échouée,415.46,mobile
6526,2294,2025-10-20,échouée,442.13,web
6527,997,2023-10-17,livrée,1596.4,web
6528,1816,2024-09-20,en cours,154.98,web
6529,2807,2019-12-12,expédiée,752.26,web
6530,116,2024-08-14,en cours,1757.05,mobile
6531,4875,2019-08-10,échouée,1417.78,web
6532,1455,2025-12-14,échouée,1777.42,mobile
6533,720,2022-03-06,en cours,832.85,web
6534,4637,2022-06-25,en cours,886.94,web
6535,1497,2023-07-27,livrée,1618.86,web
6536,4613,2020-05-14,échouée,364.51,mobile
6537,3658,2019-07-25,en cours,992.45,mobile
6538,5587,2020-01-17,échouée,412.49,mobile
6539,3961,2019-02-08,échouée,1531.6,web
6540,3253,2025-02-05,livrée,1300.14,web
6541,4744,2023-09-02,expédiée,838.35,mobile
6542,158,2023-02-24,expédiée,1367.62,web
6543,1124,2022-01-30,en cours,721.89,web
6544,533,2022-05-05,livrée,1225.08,web
6545,5133,2023-12-22,expédiée,674.28,web
6546,5327,2020-10-03,en cours,1263.04,web
6547,3846,2024-02-17,en cours,264.15,web
6548,3153,2019-09-06,en cours,1722.7,mobile
6549,4312,2020-07-11,en cours,1198.61,web
6550,1595,2022-04-04,livrée,1511.84,mobile
6551,5598,2021-02-23,expédiée,659.52,web
6552,5711,2024-12-07,expédiée,1110.35,mobile
6553,4362,2019-10-24,expédiée,1016.7,mobile
6554,4449,2024-02-14,en cours,914.36,web
6555,1675,2023-09-07,échouée,848.27,web
6556,2413,2023-10-30,livrée,789.59,web
6557,5629,2022-07-21,livrée,690.46,mobile
6558,3374,2025-05-03,livrée,703.68,mobile
6559,1879,2024-12-19,livrée,824.22,web
6560,3991,2024-01-28,en cours,1154.97,web
6561,4032,2021-02-21,expédiée,1669.65,web
6562,4192,2023-10-02,livrée,1437.01,web
6563,2345,2022-04-02,livrée,864.15,mobile
6564,4280,2019-01-12,expédiée,1690.1,mobile
6565,1064,2019-04-23,expédiée,142.34,web
6566,5821,2025-06-15,livrée,169.09,web
6567,1332,2022-09-24,échouée,804.61,mobile
6568,1805,2020-03-26,livrée,318.73,mobile
6569,2851,2021-02-20,livrée,383.53,mobile
6570,919,2024-05-05,échouée,1308.52,web
6571,5360,2021-12-10,échouée,927.26,web
6572,1018,2023-08-03,échouée,1426.89,mobile
6573,4034,2022-11-26,en cours,1808.87,mobile
6574,4676,2022-04-23,livrée,409.54,web
6575,5224,2020-12-01,en cours,824.87,mobile
6576,3325,2019-01-04,expédiée,240.89,web
6577,3459,2021-07-21,en cours,85.36,mobile
6578,4570,2022-01-19,en cours,1218.04,web
6579,4864,2024-07-30,en cours,929.79,mobile
6580,3227,2022-05-05,en cours,1663.39,web
6581,5769,2025-07-29,en cours,1603.89,web
6582,129,2019-06-07,en cours,238.36,mobile
6583,1912,2022-05-14,livrée,620.22,web
6584,5124,2024-04-24,expédiée,1500.23,web
6585,628,2025-11-01,expédiée,34.87,mobile
6586,1953,2024-05-29,livrée,544.38,mobile
6587,1862,2021-11-22,en cours,21.4,mobile
6588,4554,2022-07-01,expédiée,1064.75,web
6589,4292,2020-01-01,échouée,523.61,web
6590,2094,2021-07-29,livrée,1334.56,mobile
6591,907,2024-01-10,en cours,48.43,web
6592,3932,2019-03-29,en cours,775.78,mobile
6593,5798,2024-01-06,livrée,1637.66,web
6594,1365,2025-04-16,échouée,247.24,mobile
6595,917,2023-10-13,échouée,1015.93,mobile
6596,3898,2023-10-06,expédiée,799.65,web
6597,373,2024-03-28,échouée,1365.68,mobile
6598,497,2022-04-19,en cours,483.6,mobile
6599,5544,2020-05-21,livrée,1901.88,web
6600,1770,2024-10-23,en cours,1788.05,web
6601,2353,2021-02-15,échouée,1391.55,mobile
6602,4990,2020-04-17,livrée,1552.18,mobile
6603,5969,2022-03-23,en cours,150.72,web
6604,436,2020-11-17,échouée,381.62,web
6605,1241,2022-08-26,livrée,880.4,web
6606,1446,2019-02-24,livrée,1452.15,web
6607,5875,2021-06-27,en cours,217.68,web
6608,1288,2021-05-12,en cours,1559.07,web
6609,4606,2024-03-03,expédiée,801.78,mobile
6610,5050,2020-01-17,en cours,1916.63,web
6611,5919,2020-10-29,en cours,27.97,web
6612,93,2025-06-02,en cours,187.03,mobile
6613,4058,2025-01-22,en cours,1388.91,mobile
6614,5883,2023-01-01,expédiée,539.29,web
6615,1939,2024-12-21,en cours,722.73,web
6616,185,2023-02-22,livrée,998.95,web
6617,3984,2024-06-03,en cours,1063.49,web
6618,2722,2024-12-24,expédiée,1743.12,web
6619,2142,2020-07-21,expédiée,1853.66,web
6620,3742,2022-03-16,en cours,1243.6,web
6621,2641,2021-02-16,échouée,36.52,web
6622,1139,2021-07-15,expédiée,458.76,mobile
6623,1641,2024-01-07,livrée,137.7,web
6624,2686,2023-02-24,échouée,899.15,mobile
6625,941,2021-01-08,échouée,460.56,web
6626,1774,2021-06-05,en cours,1930.24,mobile
6627,3622,2023-05-01,expédiée,680.99,mobile
6628,3649,2021-06-11,en cours,417.72,mobile
6629,1278,2023-10-23,expédiée,897.36,mobile
6630,1875,2019-09-26,échouée,191.53,mobile
6631,4607,2020-01-23,expédiée,1724.96,mobile
6632,2356,2022-10-30,expédiée,1569.36,web
6633,3891,2021-05-20,expédiée,1259.1,web
6634,5599,2019-04-20,échouée,1989.16,web
6635,2222,2019-01-12,échouée,1066.29,mobile
6636,5783,2022-12-11,expédiée,998.98,mobile
6637,3175,2021-10-08,échouée,687.2,web
6638,5195,2025-05-17,expédiée,368.78,web
6639,5251,2019-05-26,expédiée,587.33,mobile
6640,533,2024-12-19,en cours,1932.1,web
6641,3655,2022-02-06,échouée,1946.09,mobile
6642,116,2025-12-23,échouée,1246.6,mobile
6643,366,2024-07-05,en cours,566.07,web
6644,4738,2019-04-06,expédiée,718.55,mobile
6645,3702,2025-01-25,livrée,788.73,web
6646,2558,2025-07-02,en cours,521.28,mobile
6647,4646,2021-06-25,expédiée,256.29,web
6648,3970,2022-03-12,échouée,534.0,mobile
6649,1276,2019-04-14,en cours,320.92,web
6650,1987,2019-12-10,expédiée,1036.66,web
6651,3052,2019-06-06,livrée,248.78,web
6652,2726,2025-06-02,livrée,1838.93,web
6653,946,2020-06-28,échouée,116.38,mobile
6654,3510,2019-01-31,en cours,900.34,web
6655,3959,2019-02-25,expédiée,331.91,web
6656,4985,2020-11-06,en cours,1774.15,web
6657,1236,2020-09-14,en cours,1085.92,web
6658,4298,2024-01-26,livrée,673.39,mobile
6659,4692,2020-10-01,échouée,554.33,mobile
6660,3458,2020-01-20,expédiée,663.76,mobile
6661,4568,2022-12-10,échouée,558.42,web
6662,4995,2023-12-27,expédiée,817.46,web
6663,4911,2024-09-27,expédiée,100.4,web
6664,5460,2024-05-30,en cours,1593.57,web
6665,5372,2024-05-06,échouée,486.07,web
6666,5083,2025-02-14,en cours,956.94,web
6667,5542,2020-07-28,en cours,1362.53,web
6668,2349,2022-05-16,échouée,998.2,mobile
6669,4435,2019-08-04,en cours,1903.97,web
6670,4303,2020-04-29,en cours,795.12,web
6671,4653,2019-06-21,livrée,1907.29,web
6672,1501,2021-02-07,en cours,1721.25,web
6673,5012,2022-09-04,en cours,1300.32,mobile
6674,2910,2022-02-16,expédiée,1877.36,web
6675,2799,2019-11-22,en cours,1894.33,mobile
6676,1476,2020-04-27,livrée,1884.91,mobile
6677,3152,2021-08-24,livrée,478.41,mobile
6678,5746,2020-08-07,en cours,1119.92,mobile
6679,2116,2022-02-22,échouée,1740.96,web
6680,1897,2023-03-06,en cours,1360.98,mobile
6681,1340,2025-04-23,échouée,1254.81,web
6682,2107,2020-07-30,expédiée,1950.1,web
6683,5859,2023-02-05,expédiée,861.4,web
6684,3138,2022-10-10,en cours,1818.11,web
6685,2213,2025-06-03,livrée,843.54,web
6686,4841,2024-05-30,livrée,949.13,mobile
6687,5278,2022-07-30,échouée,1184.81,web
6688,1187,2019-03-25,expédiée,1352.55,mobile
6689,278,2019-06-29,expédiée,1366.59,web
6690,797,2023-12-24,échouée,1983.4,web
6691,4157,2020-02-17,expédiée,1912.69,mobile
6692,1544,2025-08-15,en cours,370.2,mobile
6693,2717,2022-07-01,en cours,611.25,mobile
6694,1052,2021-02-02,en cours,501.84,web
6695,1325,2022-05-22,échouée,172.12,web
6696,5502,2021-11-23,expédiée,1266.84,web
6697,381,2020-05-15,livrée,1907.86,mobile
6698,998,2024-08-05,échouée,1495.64,web
6699,2207,2019-03-01,en cours,1444.14,web
6700,5144,2025-10-23,expédiée,1799.59,web
6701,66,2020-02-27,livrée,1795.56,web
6702,282,2019-08-24,expédiée,1311.06,mobile
6703,1895,2020-06-20,échouée,448.41,mobile
6704,5109,2024-07-17,échouée,279.42,mobile
6705,2700,2025-08-03,échouée,549.4,web
6706,1831,2019-12-26,expédiée,93.4,web
6707,2490,2023-07-09,expédiée,613.32,mobile
6708,3934,2025-03-15,livrée,402.44,mobile
6709,3999,2025-03-20,en cours,994.66,web
6710,3702,2023-10-20,en cours,153.75,mobile
6711,3413,2020-07-03,expédiée,1743.62,web
6712,5896,2020-05-25,expédiée,1581.93,mobile
6713,2713,2021-07-08,échouée,963.96,web
6714,4320,2019-08-08,en cours,31.33,web
6715,463,2022-02-27,expédiée,1766.56,mobile
6716,2793,2025-11-23,livrée,200.74,mobile
6717,3036,2025-10-06,livrée,684.33,web
6718,3114,2021-06-16,expédiée,1270.34,web
6719,2672,2025-08-08,en cours,1912.24,mobile
6720,4861,2021-06-19,livrée,1826.63,mobile
6721,798,2025-01-11,livrée,1708.82,mobile
6722,4236,2023-01-27,en cours,466.65,mobile
6723,5119,2022-05-11,en cours,351.33,web
6724,5101,2024-06-25,en cours,670.23,mobile
6725,4279,2019-05-06,expédiée,691.17,mobile
6726,3628,2020-09-18,échouée,1669.39,web
6727,5688,2022-04-05,en cours,402.99,mobile
6728,1255,2024-06-18,livrée,960.93,mobile
6729,2630,2022-03-10,livrée,1938.56,mobile
6730,2498,2023-05-09,échouée,710.43,mobile
6731,3032,2025-10-12,échouée,1487.76,web
6732,4305,2024-08-04,expédiée,707.71,web
6733,4234,2023-08-03,livrée,1719.66,web
6734,3475,2021-08-10,livrée,568.3,mobile
6735,1701,2021-09-27,livrée,1559.09,web
6736,2719,2024-12-06,livrée,127.89,mobile
6737,1420,2020-12-29,expédiée,1651.39,mobile
6738,2278,2022-05-18,expédiée,1766.87,mobile
6739,4563,2020-04-08,échouée,1946.35,mobile
6740,3925,2022-03-28,échouée,697.27,web
6741,4720,2024-03-21,échouée,1209.67,web
6742,3846,2023-01-01,livrée,536.63,mobile
6743,5261,2024-04-16,échouée,93.13,mobile
6744,2787,2025-05-15,livrée,462.44,mobile
6745,5915,2024-12-23,en cours,1986.97,web
6746,3070,2022-06-17,livrée,916.89,mobile
6747,5289,2019-09-07,en cours,1820.15,mobile
6748,4756,2023-02-27,en cours,1533.33,web
6749,4694,2025-04-05,livrée,681.6,web
6750,3779,2022-06-22,livrée,648.67,web
6751,423,2019-02-05,en cours,253.82,web
6752,1933,2024-04-12,en cours,258.81,mobile
6753,1880,2019-07-11,échouée,1976.67,web
6754,2848,2024-04-16,échouée,1787.53,web
6755,4944,2021-10-02,en cours,1995.94,web
6756,1834,2019-05-26,expédiée,1904.5,web
6757,2100,2025-03-04,livrée,1108.15,web
6758,4945,2023-04-07,expédiée,103.62,web
6759,3272,2019-06-05,livrée,1174.02,web
6760,4002,2021-07-17,expédiée,318.72,web
6761,4651,2022-03-13,échouée,823.41,mobile
6762,4609,2024-10-27,en cours,933.68,mobile
6763,2803,2022-08-07,livrée,1785.71,mobile
6764,1979,2024-09-20,livrée,1399.85,web
6765,4289,2023-03-21,livrée,286.99,web
6766,2182,2024-10-18,livrée,1777.8,mobile
6767,2073,2023-05-27,en cours,166.23,mobile
6768,88,2022-08-14,en cours,1011.91,mobile
6769,3818,2023-03-18,en cours,560.6,web
6770,3504,2023-07-12,livrée,1631.49,mobile
6771,5732,2023-01-25,expédiée,1566.32,web
6772,2709,2020-04-14,échouée,1689.62,mobile
6773,3492,2022-06-29,en cours,1536.49,mobile
6774,1545,2025-05-30,échouée,340.03,mobile
6775,1016,2025-01-11,en cours,1291.23,web
6776,5144,2021-05-07,en cours,170.2,mobile
6777,4229,2019-04-10,en cours,1072.58,mobile
6778,4896,2024-03-21,expédiée,1847.1,web
6779,864,2025-09-22,livrée,273.82,mobile
6780,823,2022-08-21,échouée,1371.42,web
6781,2024,2022-11-16,échouée,588.78,mobile
6782,3089,2025-10-02,échouée,659.59,mobile
6783,2638,2021-01-25,expédiée,1354.25,mobile
6784,2568,2020-07-06,expédiée,1806.44,web
6785,27,2025-11-03,échouée,1263.19,web
6786,1141,2024-02-29,échouée,1849.4,web
6787,787,2021-12-04,en cours,1194.27,web
6788,2798,2020-08-22,échouée,904.44,web
6789,3380,2023-11-04,livrée,1491.62,web
6790,4160,2022-10-16,en cours,1121.83,web
6791,3023,2019-01-01,expédiée,1148.18,web
6792,2669,2023-03-13,échouée,271.92,web
6793,2348,2021-11-14,livrée,1021.38,mobile
6794,2139,2024-10-01,livrée,475.73,web
6795,3965,2020-01-30,en cours,519.95,web
6796,1077,2024-05-11,livrée,1561.07,web
6797,604,2025-07-14,livrée,673.33,web
6798,3159,2020-10-13,échouée,159.36,mobile
6799,5388,2022-10-13,échouée,650.53,web
6800,3870,2020-01-03,livrée,653.6,mobile
6801,1223,2023-10-19,en cours,1161.4,web
6802,5532,2019-07-26,en cours,143.15,web
6803,4911,2022-11-08,livrée,181.87,web
6804,5769,2025-04-24,expédiée,1616.99,mobile
6805,1644,2019-09-03,livrée,1988.72,web
6806,1388,2020-05-02,expédiée,113.01,web
6807,5655,2022-08-02,échouée,1770.15,web
6808,2565,2021-11-17,en cours,853.86,web
6809,3308,2023-10-26,échouée,843.08,mobile
6810,5474,2022-02-22,expédiée,1283.97,mobile
6811,25,2021-02-26,livrée,450.56,web
6812,4615,2019-12-05,en cours,895.67,mobile
6813,995,2023-03-23,livrée,302.63,web
6814,1994,2025-06-30,expédiée,83.18,web
6815,221,2021-06-01,en cours,242.77,mobile
6816,5124,2019-04-25,expédiée,1451.43,mobile
6817,5927,2019-09-16,livrée,1129.17,mobile
6818,2297,2022-12-30,livrée,1847.61,mobile
6819,4250,2025-10-08,échouée,1294.42,mobile
6820,4258,2020-11-09,en cours,1799.61,web
6821,5807,2019-01-27,échouée,1455.06,web
6822,4607,2019-05-19,livrée,1259.17,mobile
6823,387,2019-02-16,échouée,774.0,web
6824,2044,2024-10-20,livrée,903.24,web
6825,2373,2024-12-11,échouée,586.14,mobile
6826,3087,2020-04-02,expédiée,119.52,mobile
6827,1442,2022-11-08,livrée,1607.46,mobile
6828,851,2025-03-01,échouée,1895.41,web
6829,1725,2025-08-14,expédiée,1026.4,web
6830,446,2019-06-07,en cours,1156.59,mobile
6831,4798,2022-06-25,échouée,86.76,web
6832,3650,2024-05-22,livrée,1783.76,web
6833,2612,2023-03-28,expédiée,989.93,web
6834,339,2019-03-08,en cours,604.48,web
6835,1591,2023-07-13,échouée,1221.11,mobile
6836,4771,2023-01-13,échouée,589.29,mobile
6837,4452,2023-04-10,expédiée,1610.51,mobile
6838,4992,2019-06-10,livrée,1545.31,web
6839,26,2020-08-07,livrée,1044.38,web
6840,2808,2020-04-03,échouée,836.53,mobile
6841,4989,2020-08-18,livrée,213.55,mobile
6842,481,2024-04-16,expédiée,225.83,web
6843,2064,2019-08-01,échouée,951.49,web
6844,4344,2021-03-11,échouée,752.16,web
6845,4462,2024-07-30,livrée,842.93,web
6846,3089,2022-04-25,échouée,574.28,mobile
6847,3493,2021-01-15,échouée,1935.55,web
6848,4275,2021-05-06,échouée,735.22,web
6849,4174,2020-05-22,livrée,77.15,web
6850,549,2020-03-05,échouée,1641.55,web
6851,5353,2024-12-10,expédiée,583.87,mobile
6852,3508,2020-03-15,en cours,303.84,web
6853,2104,2019-03-03,livrée,1771.56,web
6854,5162,2025-12-22,échouée,1598.98,web
6855,2338,2020-05-17,livrée,1672.71,mobile
6856,3459,2025-12-06,en cours,402.18,mobile
6857,5193,2021-04-27,échouée,607.41,mobile
6858,161,2022-01-13,échouée,863.95,web
6859,524,2022-04-03,échouée,422.47,web
6860,5011,2021-10-02,en cours,1462.82,web
6861,5947,2019-07-10,expédiée,586.78,web
6862,4000,2020-02-01,en cours,1253.04,mobile
6863,4051,2020-03-02,échouée,1388.53,web
6864,1450,2024-05-20,livrée,385.1,mobile
6865,4957,2025-07-18,livrée,88.14,mobile
6866,3177,2024-07-26,en cours,1596.69,mobile
6867,3832,2023-07-14,livrée,1263.12,web
6868,4793,2019-06-25,expédiée,1144.39,web
6869,2366,2022-01-07,livrée,610.91,mobile
6870,597,2023-10-03,livrée,38.37,web
6871,2588,2019-01-07,expédiée,711.23,mobile
6872,3066,2022-06-20,livrée,755.28,web
6873,2468,2025-01-02,livrée,1818.38,web
6874,2569,2025-05-25,échouée,311.92,web
6875,3138,2019-02-04,en cours,518.69,mobile
6876,5993,2019-04-02,livrée,1871.91,mobile
6877,1458,2025-08-27,livrée,962.95,mobile
6878,4241,2020-09-07,en cours,1610.2,mobile
6879,1505,2024-04-08,en cours,1897.01,mobile
6880,1753,2025-10-04,livrée,409.35,mobile
6881,2627,2020-01-13,livrée,451.28,web
6882,2705,2023-10-09,expédiée,818.16,mobile
6883,3539,2023-11-21,échouée,353.72,mobile
6884,4897,2020-01-02,en cours,120.03,web
6885,325,2020-11-06,expédiée,428.48,mobile
6886,5929,2023-08-04,échouée,175.67,web
6887,3963,2025-03-28,en cours,405.06,web
6888,359,2025-07-15,livrée,1732.69,mobile
6889,1869,2023-05-03,livrée,1116.98,mobile
6890,2040,2021-04-26,livrée,596.69,web
6891,515,2025-05-02,expédiée,1778.79,mobile
6892,1177,2023-06-02,livrée,104.62,mobile
6893,5785,2019-05-30,livrée,954.15,mobile
6894,2275,2024-07-29,échouée,297.02,mobile
6895,1003,2022-10-23,en cours,565.26,web
6896,154,2020-07-13,expédiée,1477.43,mobile
6897,5506,2019-08-20,expédiée,520.94,web
6898,1504,2020-01-17,expédiée,1840.51,mobile
6899,4215,2025-05-16,échouée,361.82,mobile
6900,2743,2019-02-14,en cours,99.25,mobile
6901,2496,2020-11-29,échouée,1259.96,web
6902,2891,2020-12-24,expédiée,312.8,web
6903,5798,2022-09-10,livrée,945.38,mobile
6904,3933,2023-08-30,livrée,1114.77,mobile
6905,2420,2024-12-07,livrée,763.58,mobile
6906,5075,2022-10-12,en cours,1813.15,web
6907,5652,2024-08-26,en cours,1275.6,web
6908,5520,2022-05-17,échouée,621.54,mobile
6909,1843,2023-08-11,en cours,1347.97,mobile
6910,1629,2022-07-12,expédiée,1797.43,mobile
6911,5154,2025-01-16,expédiée,1348.89,web
6912,1995,2025-10-09,échouée,284.73,mobile
6913,824,2025-09-11,expédiée,20.91,web
6914,3073,2024-01-02,échouée,144.74,web
6915,3658,2024-06-17,en cours,618.86,web
6916,4579,2024-11-21,livrée,94.5,web
6917,4925,2022-11-08,échouée,1341.38,mobile
6918,4878,2023-10-19,échouée,1761.52,mobile
6919,126,2021-07-30,livrée,128.53,mobile
6920,2917,2021-11-20,en cours,825.28,mobile
6921,5790,2022-01-21,livrée,1068.32,web
6922,342,2024-11-30,en cours,1221.58,web
6923,2048,2023-02-22,échouée,1387.92,mobile
6924,2476,2019-07-11,livrée,655.2,mobile
6925,2850,2021-09-19,en cours,1483.43,web
6926,2261,2022-10-07,expédiée,893.65,web
6927,2262,2020-07-28,livrée,1873.27,mobile
6928,984,2024-10-08,échouée,1861.58,web
6929,3546,2022-11-17,échouée,1578.27,mobile
6930,1918,2025-04-10,en cours,633.8,mobile
6931,4201,2025-12-22,livrée,461.72,web
6932,1355,2022-12-02,échouée,982.19,mobile
6933,2864,2024-11-02,livrée,1666.12,web
6934,1864,2020-10-28,échouée,1515.05,mobile
6935,3366,2021-03-23,en cours,77.92,mobile
6936,1398,2024-04-26,en cours,656.78,mobile
6937,2906,2024-04-29,livrée,97.22,web
6938,663,2019-09-28,livrée,185.98,mobile
6939,4139,2019-01-08,échouée,1267.77,web
6940,3829,2024-12-10,échouée,1544.56,web
6941,2608,2020-02-11,expédiée,1829.56,web
6942,5780,2019-12-13,en cours,784.14,web
6943,2178,2025-01-30,livrée,1965.68,mobile
6944,2940,2024-12-25,livrée,1864.47,mobile
6945,3585,2023-12-27,échouée,992.19,mobile
6946,1677,2022-04-09,livrée,825.04,mobile
6947,4288,2022-08-12,livrée,790.37,mobile
6948,4501,2024-01-27,en cours,1757.61,mobile
6949,3970,2021-02-05,échouée,1284.55,mobile
6950,2184,2019-09-15,en cours,1866.32,mobile
6951,2286,2023-05-12,livrée,1967.18,mobile
6952,3106,2021-06-11,expédiée,1716.06,web
6953,5483,2024-01-31,en cours,1869.38,mobile
6954,4446,2020-09-09,expédiée,499.88,web
6955,5012,2019-07-11,expédiée,806.49,web
6956,439,2022-02-18,livrée,641.91,mobile
6957,706,2023-12-29,livrée,1883.04,mobile
6958,3774,2024-01-28,expédiée,906.46,mobile
6959,3236,2021-09-23,échouée,525.41,mobile
6960,287,2025-09-06,expédiée,1816.25,web
6961,2802,2025-11-03,livrée,1282.24,mobile
6962,1217,2025-06-27,en cours,1514.62,web
6963,320,2019-01-18,livrée,1780.03,mobile
6964,2745,2024-08-30,expédiée,1053.09,web
6965,5998,2022-07-28,expédiée,1068.37,mobile
6966,112,2022-10-26,livrée,1736.04,mobile
6967,786,2023-10-05,livrée,369.03,mobile
6968,1304,2024-03-22,échouée,934.88,web
6969,5167,2019-01-06,en cours,778.32,web
6970,3971,2025-03-19,livrée,46.93,mobile
6971,1118,2020-08-25,échouée,1105.0,mobile
6972,1408,2022-10-24,en cours,1617.25,mobile
6973,5925,2021-06-03,en cours,1648.38,web
6974,1272,2023-10-21,échouée,1182.17,web
6975,2846,2023-10-31,expédiée,453.65,mobile
6976,910,2022-02-20,expédiée,1880.63,mobile
6977,2315,2022-11-01,en cours,29.17,mobile
6978,5579,2021-10-25,livrée,295.61,mobile
6979,4138,2023-06-15,expédiée,1978.34,web
6980,772,2019-02-07,livrée,1059.0,web
6981,4479,2022-10-15,échouée,1983.14,web
6982,4105,2022-07-29,expédiée,1744.68,web
6983,5479,2022-08-19,expédiée,66.33,mobile
6984,4758,2024-08-06,expédiée,706.65,mobile
6985,2124,2020-09-22,échouée,867.26,mobile
6986,5179,2025-07-31,expédiée,811.72,mobile
6987,612,2022-01-04,en cours,1676.28,web
6988,1184,2022-07-19,en cours,1903.25,mobile
6989,1796,2020-07-27,livrée,1630.71,mobile
6990,5946,2024-04-25,échouée,1955.56,web
6991,2330,2025-08-08,échouée,931.44,mobile
6992,284,2023-08-01,en cours,552.68,web
6993,760,2019-04-14,expédiée,344.85,web
6994,4970,2019-08-15,expédiée,813.16,web
6995,53,2024-02-25,en cours,1772.42,web
6996,1209,2023-09-20,échouée,88.97,web
6997,1910,2021-03-18,échouée,1244.75,mobile
6998,2867,2021-05-16,échouée,386.36,web
6999,4091,2024-08-30,livrée,1108.91,web
7000,4888,2024-07-13,expédiée,1119.92,mobile
7001,1893,2021-08-16,en cours,833.58,mobile
7002,5051,2021-08-19,en cours,1348.56,mobile
7003,1570,2024-02-12,en cours,168.88,web
7004,4501,2022-12-04,échouée,965.88,web
7005,1691,2020-06-11,expédiée,406.43,mobile
7006,1003,2021-12-20,en cours,211.54,mobile
7007,4876,2020-12-12,expédiée,1729.38,web
7008,672,2022-03-10,en cours,27.35,mobile
7009,3797,2019-12-15,expédiée,1308.9,mobile
7010,4951,2025-10-15,livrée,194.8,mobile
7011,2151,2020-08-17,livrée,1603.64,mobile
7012,4761,2021-03-29,échouée,1537.59,mobile
7013,775,2023-11-16,en cours,1707.48,mobile
7014,5633,2023-11-30,en cours,1459.94,mobile
7015,2147,2021-01-23,expédiée,1416.71,mobile
7016,5044,2022-09-27,échouée,1706.96,web
7017,4724,2021-07-22,échouée,1454.27,mobile
7018,3093,2025-01-17,livrée,1407.99,mobile
7019,1003,2024-07-02,livrée,1949.26,mobile
7020,5731,2025-02-16,livrée,1618.94,web
7021,1631,2023-05-11,en cours,60.1,mobile
7022,5046,2024-12-20,livrée,649.97,mobile
7023,2277,2021-07-21,en cours,1723.95,web
7024,3861,2020-05-01,livrée,1714.75,mobile
7025,664,2023-05-11,livrée,1651.73,web
7026,2830,2019-08-26,livrée,1216.82,mobile
7027,791,2019-08-19,livrée,947.53,mobile
7028,433,2021-08-18,expédiée,633.69,web
7029,3034,2023-06-06,expédiée,1037.12,web
7030,5279,2023-12-20,en cours,1131.99,web
7031,49,2025-12-25,expédiée,108.44,web
7032,5069,2021-06-19,échouée,971.48,web
7033,1620,2022-10-09,échouée,1588.0,web
7034,5167,2024-10-20,échouée,1386.77,mobile
7035,1106,2019-05-09,échouée,567.5,web
7036,3768,2022-02-16,expédiée,1985.24,web
7037,187,2020-10-20,en cours,1415.69,web
7038,1069,2024-01-02,en cours,979.82,mobile
7039,1217,2024-08-08,échouée,1018.63,mobile
7040,1578,2021-08-26,livrée,891.25,mobile
7041,2976,2019-07-14,livrée,798.98,mobile
7042,1844,2021-03-21,livrée,879.94,web
7043,2287,2021-04-01,échouée,667.8,web
7044,791,2021-04-07,échouée,445.29,mobile
7045,5021,2024-08-16,échouée,185.59,web
7046,4994,2025-08-18,livrée,1194.64,mobile
7047,2907,2022-04-28,expédiée,1657.88,mobile
7048,4825,2025-11-14,expédiée,202.51,mobile
7049,2939,2021-03-02,livrée,1336.94,mobile
7050,4530,2024-06-10,livrée,1072.13,web
7051,1891,2025-07-30,expédiée,1418.98,web
7052,1021,2023-04-30,livrée,238.4,web
7053,777,2023-03-02,en cours,1562.89,web
7054,1751,2022-07-01,expédiée,20.72,mobile
7055,1869,2023-04-22,livrée,1920.91,mobile
7056,90,2023-07-05,en cours,1925.48,web
7057,3932,2025-06-22,en cours,312.05,web
7058,1741,2023-04-05,livrée,284.47,web
7059,1736,2025-09-29,échouée,423.13,mobile
7060,5431,2019-02-22,livrée,1400.9,web
7061,2786,2023-06-26,échouée,748.71,web
7062,2821,2023-01-21,échouée,1183.74,mobile
7063,3530,2025-04-05,en cours,1019.42,mobile
7064,1659,2020-12-11,livrée,1959.0,web
7065,3136,2023-01-17,échouée,609.5,mobile
7066,3290,2024-04-30,en cours,1963.95,web
7067,4163,2019-07-30,livrée,857.26,mobile
7068,3971,2021-05-22,échouée,416.06,web
7069,3737,2021-09-21,en cours,1740.65,mobile
7070,536,2021-09-12,échouée,1199.83,mobile
7071,1462,2025-02-18,en cours,1575.54,web
7072,3941,2024-07-22,échouée,124.32,web
7073,4485,2024-04-29,livrée,1863.72,web
7074,4841,2022-05-03,en cours,1387.32,mobile
7075,2974,2025-04-23,livrée,1157.37,web
7076,3604,2025-09-25,livrée,1599.96,mobile
7077,132,2025-01-11,échouée,1844.76,web
7078,2804,2020-05-22,livrée,983.8,web
7079,2176,2023-10-24,expédiée,967.12,web
7080,3794,2025-10-13,en cours,1959.04,mobile
7081,4589,2024-02-17,livrée,696.0,web
7082,710,2022-03-02,expédiée,108.18,web
7083,1911,2021-03-24,expédiée,975.58,web
7084,1872,2024-04-15,livrée,1840.12,web
7085,5193,2019-11-13,livrée,889.39,mobile
7086,258,2025-08-27,en cours,1088.52,mobile
7087,4594,2020-08-23,en cours,937.56,web
7088,1979,2024-08-11,échouée,498.9,web
7089,895,2025-02-19,en cours,27.34,web
7090,999,2020-12-21,échouée,501.66,web
7091,1172,2024-04-04,livrée,510.02,mobile
7092,3454,2023-03-21,expédiée,77.9,mobile
7093,414,2021-05-03,expédiée,1469.56,mobile
7094,3363,2019-03-17,livrée,1573.51,web
7095,3860,2022-10-21,livrée,87.05,web
7096,2316,2020-03-01,expédiée,1289.43,web
7097,5703,2020-01-22,échouée,995.97,mobile
7098,578,2023-11-02,en cours,490.84,mobile
7099,3836,2022-10-26,échouée,1429.06,web
7100,73,2019-03-11,expédiée,1567.31,web
7101,5850,2025-03-20,livrée,1968.62,mobile
7102,3553,2023-11-20,échouée,1560.37,web
7103,5159,2019-09-11,échouée,340.6,mobile
7104,3579,2021-06-30,livrée,1054.87,web
7105,708,2021-07-30,expédiée,648.39,web
7106,1665,2022-03-22,en cours,1757.56,web
7107,3878,2020-02-14,en cours,1965.89,mobile
7108,5095,2021-09-10,livrée,1422.85,mobile
7109,4728,2023-04-25,expédiée,695.45,mobile
7110,5029,2025-06-15,échouée,1631.35,web
7111,5141,2025-01-27,échouée,1400.31,mobile
7112,952,2021-04-28,en cours,1256.02,web
7113,2175,2025-01-18,expédiée,1849.59,web
7114,1104,2021-12-18,échouée,1682.85,mobile
7115,621,2020-04-20,en cours,1903.29,web
7116,5683,2024-03-30,livrée,42.3,mobile
7117,1961,2024-08-31,expédiée,1013.98,mobile
7118,5207,2024-07-30,livrée,1766.12,mobile
7119,5770,2020-10-27,en cours,707.25,web
7120,1686,2023-11-26,livrée,941.59,web
7121,864,2019-03-16,en cours,249.13,mobile
7122,5783,2024-10-26,en cours,1770.3,mobile
7123,1258,2024-03-05,en cours,1330.25,mobile
7124,1880,2021-08-13,en cours,617.72,mobile
7125,3730,2022-04-09,en cours,1918.62,web
7126,2422,2023-04-03,expédiée,316.47,mobile
7127,2138,2019-04-18,échouée,1682.54,web
7128,4648,2024-08-05,livrée,266.43,web
7129,5696,2023-10-19,en cours,898.35,mobile
7130,911,2023-03-04,en cours,1526.11,mobile
7131,4296,2019-01-02,expédiée,913.12,mobile
7132,1639,2022-06-19,livrée,1823.37,mobile
7133,4420,2022-04-05,échouée,43.18,mobile
7134,4953,2025-05-12,en cours,573.29,mobile
7135,230,2025-02-19,en cours,913.06,web
7136,1918,2020-02-23,échouée,1720.02,web
7137,680,2019-08-22,livrée,513.75,mobile
7138,870,2021-07-18,expédiée,1818.93,mobile
7139,317,2020-02-06,échouée,1986.21,mobile
7140,3802,2020-04-11,expédiée,1710.38,web
7141,1483,2022-04-30,livrée,1612.58,web
7142,5771,2021-04-04,expédiée,1710.52,mobile
7143,1989,2020-07-10,échouée,796.93,mobile
7144,3594,2024-03-12,en cours,540.34,mobile
7145,4133,2022-10-23,échouée,1947.76,mobile
7146,3762,2022-08-13,expédiée,1296.39,mobile
7147,5765,2020-04-12,livrée,809.79,mobile
7148,1476,2023-10-17,expédiée,151.68,mobile
7149,838,2020-04-26,expédiée,479.31,mobile
7150,4111,2023-11-29,expédiée,1511.15,web
7151,520,2025-07-09,en cours,927.64,mobile
7152,4108,2023-04-09,livrée,249.26,web
7153,2388,2020-01-14,livrée,251.14,web
7154,3029,2019-10-04,livrée,1581.08,mobile
7155,3679,2020-05-26,livrée,555.95,mobile
7156,3744,2024-12-06,livrée,299.6,mobile
7157,5993,2019-06-10,expédiée,802.9,mobile
7158,1740,2022-02-02,échouée,875.8,web
7159,4075,2020-08-25,expédiée,730.16,mobile
7160,3552,2019-02-01,échouée,1610.08,mobile
7161,5358,2019-10-27,en cours,869.8,mobile
7162,2614,2021-04-04,échouée,89.63,mobile
7163,149,2024-08-22,échouée,1397.8,mobile
7164,5314,2023-02-01,livrée,293.68,web
7165,5580,2020-01-19,échouée,422.14,web
7166,8,2020-03-01,livrée,277.76,web
7167,3553,2024-07-27,échouée,1310.72,mobile
7168,2304,2021-09-23,livrée,995.69,web
7169,3948,2021-11-01,échouée,1814.82,mobile
7170,2257,2022-06-11,en cours,289.61,web
7171,4343,2020-04-19,échouée,1337.48,mobile
7172,3162,2021-10-25,livrée,989.17,web
7173,4353,2023-01-13,livrée,1294.33,mobile
7174,4259,2021-04-22,échouée,1729.13,web
7175,2663,2020-12-19,échouée,249.48,web
7176,5001,2024-03-23,expédiée,1461.45,mobile
7177,2892,2024-06-04,expédiée,1075.4,mobile
7178,3443,2024-09-13,échouée,1025.89,web
7179,2232,2022-12-11,livrée,498.87,web
7180,4697,2022-06-13,livrée,1498.72,web
7181,2538,2022-06-13,échouée,1047.49,web
7182,516,2025-02-28,expédiée,1385.08,web
7183,1251,2021-12-01,échouée,1635.07,mobile
7184,5649,2019-07-10,expédiée,1953.57,mobile
7185,5651,2020-06-08,échouée,943.97,mobile
7186,848,2022-06-26,livrée,42.69,web
7187,4944,2019-12-25,livrée,1965.35,web
7188,1100,2024-03-20,échouée,956.08,mobile
7189,4406,2024-11-28,échouée,249.92,mobile
7190,4442,2024-10-13,en cours,1634.03,mobile
7191,1876,2023-11-16,échouée,1093.26,web
7192,5989,2020-08-29,échouée,1407.84,web
7193,135,2024-10-19,livrée,869.96,mobile
7194,1138,2023-10-05,échouée,1545.63,web
7195,3654,2024-03-24,en cours,641.52,web
7196,1331,2022-01-15,expédiée,299.69,mobile
7197,3473,2025-05-04,en cours,45.56,web
7198,5724,2019-07-02,échouée,938.6,mobile
7199,1151,2020-05-31,en cours,457.82,mobile
7200,3592,2024-10-15,livrée,582.49,mobile
7201,1527,2022-08-20,en cours,617.9,mobile
7202,2104,2025-01-11,livrée,1644.51,mobile
7203,2786,2024-11-03,livrée,646.63,mobile
7204,4984,2025-10-20,livrée,1877.25,web
7205,4001,2023-12-15,échouée,1768.65,web
7206,3094,2025-10-16,livrée,1730.96,web
7207,2488,2024-10-29,expédiée,629.48,mobile
7208,1837,2024-01-03,expédiée,1473.32,mobile
7209,521,2022-11-03,en cours,36.76,web
7210,1094,2020-01-02,expédiée,1618.5,web
7211,1682,2019-08-21,échouée,1526.04,web
7212,5588,2022-01-02,livrée,231.15,mobile
7213,3208,2025-11-07,livrée,1814.57,web
7214,2024,2025-08-24,livrée,1598.31,web
7215,4711,2019-05-18,échouée,316.25,mobile
7216,4625,2022-01-21,en cours,1438.5,web
7217,3630,2022-08-04,livrée,1366.7,web
7218,4119,2019-11-29,en cours,1540.73,mobile
7219,5139,2021-01-19,en cours,1741.79,mobile
7220,4674,2020-07-20,en cours,1746.12,mobile
7221,5142,2023-06-09,échouée,372.9,mobile
7222,2624,2024-11-29,expédiée,1568.02,mobile
7223,4629,2024-01-25,livrée,1771.2,mobile
7224,5114,2022-05-05,en cours,100.04,mobile
7225,5414,2024-05-08,échouée,1782.47,web
7226,585,2019-03-19,expédiée,842.34,web
7227,5128,2025-09-18,en cours,1900.26,mobile
7228,973,2020-06-14,livrée,1658.24,mobile
7229,881,2023-03-29,expédiée,1543.13,web
7230,1669,2025-07-10,échouée,560.02,mobile
7231,2635,2022-07-08,en cours,79.39,mobile
7232,3660,2023-01-18,échouée,1855.51,mobile
7233,764,2025-11-18,expédiée,1628.55,mobile
7234,4427,2021-04-29,expédiée,498.55,mobile
7235,5362,2024-03-20,échouée,118.52,mobile
7236,1031,2021-08-16,expédiée,843.25,web
7237,4547,2023-05-16,livrée,1148.84,web
7238,5045,2022-09-05,livrée,1407.9,mobile
7239,533,2020-06-11,échouée,248.1,mobile
7240,2083,2022-02-23,échouée,1042.3,web
7241,1294,2025-01-01,échouée,1883.29,web
7242,3826,2024-04-02,échouée,1209.98,web
7243,3126,2021-02-14,expédiée,1319.96,mobile
7244,3748,2022-12-03,échouée,1672.61,mobile
7245,3834,2021-07-11,livrée,1778.78,web
7246,1338,2024-03-20,livrée,513.51,mobile
7247,5592,2022-07-06,livrée,489.96,web
7248,297,2022-01-08,échouée,82.66,web
7249,4481,2023-04-13,échouée,1253.59,web
7250,2559,2025-07-12,en cours,549.38,web
7251,1326,2023-04-21,expédiée,277.22,web
7252,3161,2025-01-13,en cours,293.22,web
7253,777,2021-06-18,échouée,417.26,mobile
7254,3726,2024-11-07,échouée,860.06,web
7255,4101,2025-01-10,expédiée,1972.68,mobile
7256,616,2021-04-11,échouée,911.96,web
7257,3839,2021-10-21,livrée,861.17,web
7258,3992,2024-09-19,expédiée,418.95,web
7259,4023,2023-11-04,échouée,1677.81,mobile
7260,5785,2020-11-30,en cours,1399.92,mobile
7261,5777,2023-11-21,expédiée,1737.03,web
7262,2432,2021-05-12,échouée,894.48,web
7263,2467,2025-08-12,échouée,617.75,mobile
7264,5538,2025-03-01,livrée,1611.14,web
7265,450,2019-10-14,échouée,103.42,web
7266,1958,2023-03-22,expédiée,1461.84,mobile
7267,921,2024-08-23,échouée,452.25,mobile
7268,1138,2020-12-20,en cours,1604.25,mobile
7269,4743,2022-03-29,échouée,340.64,mobile
7270,5247,2023-02-12,livrée,136.8,mobile
7271,3108,2020-08-26,livrée,938.44,web
7272,4213,2019-05-27,expédiée,1811.54,web
7273,5795,2020-06-05,livrée,1742.72,mobile
7274,3484,2025-08-23,en cours,1328.74,web
7275,4052,2024-12-08,expédiée,180.76,web
7276,5228,2019-05-02,expédiée,1695.12,mobile
7277,4760,2023-01-24,expédiée,581.54,web
7278,667,2023-08-07,livrée,407.29,web
7279,5614,2025-04-02,livrée,1971.98,mobile
7280,1880,2023-12-31,expédiée,854.8,mobile
7281,3694,2025-04-09,livrée,59.7,mobile
7282,5487,2025-10-23,livrée,1998.75,mobile
7283,5426,2019-09-01,en cours,1062.73,web
7284,916,2024-12-07,expédiée,1088.16,mobile
7285,553,2024-07-23,livrée,214.56,mobile
7286,2120,2019-06-30,livrée,748.03,web
7287,2493,2019-02-28,expédiée,1706.96,mobile
7288,2844,2020-03-13,livrée,1375.81,mobile
7289,4763,2019-11-21,en cours,91.5,web
7290,1969,2019-01-14,expédiée,160.95,mobile
7291,144,2020-12-06,échouée,764.09,mobile
7292,3973,2023-07-10,échouée,35.58,web
7293,3958,2024-08-17,en cours,1432.2,web
7294,4406,2024-03-22,livrée,109.55,mobile
7295,4731,2021-02-27,expédiée,469.48,web
7296,3523,2023-03-18,en cours,1664.91,web
7297,4977,2021-05-28,livrée,705.47,mobile
7298,5163,2025-09-28,livrée,1253.4,mobile
7299,5770,2020-10-09,échouée,384.97,web
7300,685,2019-07-03,en cours,1099.59,mobile
7301,673,2022-05-26,livrée,1424.8,web
7302,2811,2022-02-23,échouée,1842.97,web
7303,4351,2020-04-17,échouée,487.5,web
7304,318,2022-12-24,en cours,242.11,mobile
7305,5321,2019-04-30,livrée,428.91,web
7306,5745,2021-12-07,échouée,770.42,mobile
7307,4345,2023-08-31,expédiée,573.97,mobile
7308,5062,2021-08-13,échouée,1764.07,mobile
7309,740,2024-05-28,en cours,1852.27,web
7310,1535,2021-09-30,expédiée,1201.49,web
7311,2910,2024-12-19,en cours,166.88,web
7312,2790,2020-01-17,échouée,809.53,mobile
7313,5829,2021-08-19,échouée,797.53,web
7314,5539,2020-07-05,en cours,465.75,web
7315,1360,2021-02-24,expédiée,498.18,mobile
7316,4134,2019-03-26,en cours,925.1,web
7317,805,2024-05-21,livrée,1591.22,web
7318,779,2022-04-24,échouée,1546.95,web
7319,5942,2019-01-08,échouée,1193.36,web
7320,1060,2021-10-10,expédiée,810.71,mobile
7321,218,2025-01-02,expédiée,167.09,web
7322,5561,2019-12-23,en cours,730.5,mobile
7323,4392,2019-06-02,expédiée,1720.99,web
7324,5446,2020-06-07,échouée,587.43,mobile
7325,1399,2025-12-28,échouée,418.6,web
7326,2982,2023-04-12,livrée,1825.17,web
7327,5434,2025-08-20,en cours,708.95,mobile
7328,367,2019-04-02,expédiée,1985.2,mobile
7329,3437,2021-04-04,expédiée,429.8,mobile
7330,4750,2024-08-21,expédiée,688.43,mobile
7331,5029,2020-09-12,livrée,666.81,web
7332,4623,2019-11-15,expédiée,1746.01,mobile
7333,1198,2025-03-12,livrée,827.9,web
7334,805,2020-05-07,en cours,1529.01,mobile
7335,676,2023-08-10,livrée,1962.21,web
7336,41,2020-11-28,échouée,842.41,web
7337,529,2021-10-31,échouée,1171.16,mobile
7338,623,2020-07-21,livrée,438.51,web
7339,3514,2020-11-15,en cours,1601.31,web
7340,1721,2022-01-19,expédiée,669.11,mobile
7341,3336,2020-12-10,en cours,281.71,web
7342,2818,2019-11-08,en cours,1358.07,mobile
7343,5369,2020-05-08,livrée,1143.16,web
7344,1802,2020-08-28,livrée,1881.37,web
7345,4027,2024-05-06,échouée,1397.71,web
7346,389,2024-11-03,livrée,1769.58,mobile
7347,3999,2023-09-20,livrée,736.39,web
7348,924,2023-11-22,échouée,184.37,web
7349,3094,2024-09-10,livrée,1372.18,mobile
7350,3071,2024-04-04,livrée,1880.07,web
7351,5195,2025-01-05,livrée,1283.59,web
7352,4292,2020-12-20,échouée,512.76,web
7353,2668,2021-10-03,expédiée,879.15,web
7354,3533,2025-07-23,en cours,807.7,mobile
7355,4178,2022-10-27,expédiée,295.62,web
7356,5244,2020-09-22,échouée,1710.81,web
7357,882,2025-11-15,expédiée,146.97,web
7358,2682,2023-07-31,expédiée,1882.54,web
7359,2005,2021-03-13,livrée,74.46,mobile
7360,1794,2025-11-07,livrée,517.88,web
7361,1457,2023-01-19,échouée,1959.23,mobile
7362,1382,2024-12-20,expédiée,446.77,mobile
7363,3890,2023-06-25,échouée,1423.72,mobile
7364,1707,2020-05-14,livrée,796.45,web
7365,5420,2022-03-09,en cours,1705.21,mobile
7366,4034,2020-04-21,expédiée,1889.4,web
7367,984,2019-12-02,expédiée,888.84,mobile
7368,3782,2024-12-02,en cours,1960.9,mobile
7369,3448,2021-03-03,livrée,111.51,web
7370,5478,2025-07-09,expédiée,1773.03,web
7371,5038,2019-01-28,livrée,980.38,mobile
7372,1416,2019-04-03,en cours,1466.79,mobile
7373,1449,2023-06-18,livrée,114.99,mobile
7374,298,2024-04-02,livrée,609.18,web
7375,2257,2022-12-04,expédiée,202.83,mobile
7376,2878,2025-11-06,expédiée,215.6,mobile
7377,5151,2024-12-02,échouée,414.52,web
7378,3116,2024-10-30,expédiée,551.08,web
7379,2420,2024-02-20,livrée,1662.91,web
7380,1318,2021-04-18,livrée,819.29,mobile
7381,158,2025-01-02,expédiée,1052.55,web
7382,4509,2021-08-13,livrée,1979.07,web
7383,4943,2024-06-16,échouée,1726.34,web
7384,804,2024-12-06,échouée,235.26,web
7385,1870,2023-01-08,échouée,290.2,web
7386,146,2021-11-27,en cours,1636.62,web
7387,4487,2024-10-26,expédiée,1056.89,mobile
7388,2290,2024-03-25,livrée,886.1,mobile
7389,2968,2022-01-21,livrée,1632.18,mobile
7390,5445,2022-02-07,en cours,873.97,web
7391,1970,2020-03-30,en cours,139.71,web
7392,3552,2021-02-05,expédiée,845.89,mobile
7393,5997,2019-11-17,expédiée,1707.86,web
7394,4822,2023-05-07,expédiée,1693.11,mobile
7395,2444,2019-05-14,livrée,1899.05,mobile
7396,5834,2023-07-02,en cours,485.92,mobile
7397,357,2021-02-28,expédiée,777.46,web
7398,510,2022-02-09,en cours,906.47,web
7399,4477,2025-03-03,échouée,958.62,web
7400,2602,2022-06-21,échouée,1568.13,web
7401,1798,2019-12-24,échouée,810.07,web
7402,3280,2025-05-05,expédiée,961.34,web
7403,4414,2025-06-12,échouée,1324.83,web
7404,3564,2021-12-05,échouée,1903.56,web
7405,3495,2022-11-23,échouée,977.7,mobile
7406,986,2023-08-19,livrée,1638.67,web
7407,2035,2023-05-10,en cours,759.51,web
7408,4929,2020-07-25,expédiée,1153.5,web
7409,2989,2022-12-27,expédiée,1226.21,mobile
7410,23,2021-10-18,livrée,1563.48,web
7411,2817,2020-02-20,en cours,880.27,web
7412,3615,2023-04-20,livrée,1622.67,web
7413,473,2025-11-09,échouée,214.25,web
7414,2976,2023-06-14,livrée,1847.2,mobile
7415,1173,2020-07-25,en cours,1985.49,web
7416,5555,2025-08-02,expédiée,1867.72,mobile
7417,1402,2022-08-24,échouée,808.31,mobile
7418,4829,2020-06-17,échouée,1254.97,mobile
7419,1810,2020-08-15,expédiée,1405.23,mobile
7420,1068,2024-03-20,livrée,259.89,mobile
7421,5634,2022-12-04,expédiée,1435.22,web
7422,5156,2023-11-12,échouée,1505.26,mobile
7423,5899,2025-05-24,en cours,1395.87,mobile
7424,1403,2023-03-04,livrée,1439.82,mobile
7425,5534,2022-07-30,échouée,1681.88,mobile
7426,5629,2021-02-18,expédiée,754.3,web
7427,4683,2025-01-13,échouée,1241.18,web
7428,3268,2020-09-05,livrée,921.87,mobile
7429,3362,2020-12-13,expédiée,1301.96,web
7430,5857,2020-05-18,livrée,1657.46,web
7431,5412,2021-12-28,en cours,1324.85,web
7432,3015,2023-04-01,échouée,1797.59,web
7433,4038,2022-04-25,en cours,549.24,mobile
7434,3946,2025-09-05,échouée,172.34,web
7435,4665,2019-11-11,livrée,623.22,mobile
7436,3371,2019-12-11,échouée,918.58,mobile
7437,3091,2019-08-22,livrée,179.62,mobile
7438,144,2022-06-18,livrée,328.36,web
7439,3018,2025-07-27,expédiée,1828.46,web
7440,3198,2025-03-18,échouée,578.41,mobile
7441,2378,2021-12-07,livrée,1515.91,web
7442,694,2024-12-09,livrée,1026.07,web
7443,1148,2019-10-30,livrée,1315.86,mobile
7444,4585,2024-11-08,échouée,509.76,mobile
7445,3539,2021-06-23,en cours,1055.98,web
7446,4908,2021-05-07,échouée,227.24,web
7447,2703,2023-09-06,expédiée,1085.29,mobile
7448,2737,2019-04-14,expédiée,1912.9,web
7449,2514,2025-08-06,échouée,1335.28,mobile
7450,1585,2022-10-07,échouée,42.4,mobile
7451,5309,2022-05-03,livrée,641.99,mobile
7452,3217,2019-09-29,expédiée,102.22,mobile
7453,1823,2020-11-09,livrée,1528.68,web
7454,4522,2024-01-18,en cours,708.03,mobile
7455,3145,2024-06-26,livrée,574.81,web
7456,5741,2021-07-20,en cours,651.11,mobile
7457,4216,2023-08-06,en cours,1575.09,mobile
7458,2850,2019-10-10,livrée,944.62,mobile
7459,1022,2022-10-04,livrée,1583.04,mobile
7460,3590,2019-09-06,échouée,56.09,web
7461,3059,2022-12-07,en cours,1683.51,mobile
7462,2317,2024-03-27,expédiée,501.05,web
7463,2839,2024-03-27,livrée,996.89,mobile
7464,5653,2024-05-25,échouée,1916.13,mobile
7465,4173,2022-01-20,livrée,1463.13,web
7466,3713,2023-11-16,échouée,437.24,web
7467,4997,2024-11-20,échouée,1801.47,mobile
7468,2937,2022-09-01,livrée,1290.04,mobile
7469,2614,2025-11-21,livrée,1958.34,web
7470,2987,2020-01-21,échouée,526.56,mobile
7471,3636,2023-07-11,livrée,351.79,mobile
7472,5055,2023-05-08,expédiée,1204.21,web
7473,379,2024-10-15,en cours,1873.77,web
7474,4913,2022-11-20,expédiée,1916.06,web
7475,3580,2024-06-23,échouée,130.64,web
7476,4389,2019-02-06,échouée,1474.31,mobile
7477,5326,2023-04-25,livrée,1141.99,web
7478,3892,2021-10-25,échouée,949.82,web
7479,1388,2019-04-12,en cours,730.73,web
7480,5270,2019-12-21,en cours,1221.96,mobile
7481,4501,2021-03-11,en cours,731.52,web
7482,2589,2025-01-10,livrée,1667.58,mobile
7483,5145,2022-03-14,en cours,1203.33,web
7484,5544,2020-12-03,livrée,855.57,web
7485,5224,2023-07-31,en cours,744.41,mobile
7486,2211,2021-05-14,en cours,1448.48,mobile
7487,1233,2023-11-16,livrée,1987.89,mobile
7488,5507,2020-09-28,expédiée,423.53,web
7489,2408,2022-12-22,en cours,1703.79,mobile
7490,5568,2025-03-16,échouée,600.2,web
7491,467,2025-08-03,expédiée,1296.04,mobile
7492,2861,2019-09-23,échouée,1682.86,mobile
7493,35,2025-03-30,échouée,190.44,web
7494,2858,2019-07-14,en cours,1177.27,mobile
7495,2530,2024-01-04,livrée,276.61,web
7496,5512,2024-04-24,expédiée,1534.37,web
7497,5349,2023-02-25,échouée,355.03,mobile
7498,5624,2019-01-11,en cours,171.92,web
7499,4912,2022-11-03,livrée,229.95,web
7500,869,2023-02-24,en cours,66.52,mobile
7501,5788,2025-05-04,échouée,1388.29,mobile
7502,759,2019-03-21,livrée,217.58,mobile
7503,2934,2020-03-17,échouée,809.34,mobile
7504,2272,2020-10-04,en cours,829.76,web
7505,4584,2020-07-16,livrée,1655.0,mobile
7506,2769,2022-05-22,livrée,1974.34,web
7507,5612,2019-12-24,en cours,1271.89,web
7508,5460,2025-08-27,échouée,1913.61,mobile
7509,4070,2025-04-22,en cours,942.24,web
7510,491,2019-01-23,expédiée,528.33,web
7511,3053,2019-07-20,échouée,151.13,web
7512,3040,2023-08-11,échouée,672.27,mobile
7513,2638,2022-06-29,en cours,1217.42,mobile
7514,5678,2021-09-10,échouée,313.59,web
7515,1011,2025-10-18,en cours,1034.71,web
7516,2082,2024-08-04,échouée,1757.57,web
7517,1380,2024-02-04,expédiée,601.32,web
7518,4426,2019-05-08,en cours,1995.7,mobile
7519,194,2024-06-30,expédiée,209.38,mobile
7520,5708,2024-11-03,échouée,1470.83,web
7521,5786,2021-04-01,échouée,810.08,mobile
7522,1389,2021-03-28,échouée,149.79,web
7523,767,2023-07-21,expédiée,1893.42,web
7524,4594,2019-09-15,livrée,613.62,web
7525,418,2021-04-14,livrée,1699.46,web
7526,2930,2024-04-18,échouée,1695.22,web
7527,420,2022-09-14,échouée,1782.03,mobile
7528,2274,2021-08-13,livrée,1038.62,web
7529,5667,2023-01-16,échouée,1749.25,web
7530,957,2020-09-13,expédiée,462.44,mobile
7531,2812,2020-01-04,échouée,814.1,mobile
7532,3887,2023-01-15,en cours,1549.02,mobile
7533,5935,2022-03-15,expédiée,413.31,mobile
7534,2161,2023-01-20,livrée,1252.79,web
7535,845,2021-01-08,en cours,494.96,mobile
7536,1671,2020-03-04,en cours,1946.93,mobile
7537,5687,2024-10-07,en cours,891.79,web
7538,532,2025-10-15,livrée,167.88,web
7539,2181,2025-01-30,livrée,1372.51,web
7540,3845,2024-02-26,livrée,1094.33,mobile
7541,3790,2025-07-18,en cours,963.41,mobile
7542,1488,2020-06-18,en cours,639.13,mobile
7543,5905,2019-03-06,échouée,700.15,web
7544,4635,2019-07-27,livrée,1873.2,web
7545,4876,2024-07-07,en cours,444.9,web
7546,390,2024-08-27,expédiée,802.82,mobile
7547,422,2022-11-14,en cours,67.35,web
7548,3926,2022-02-07,échouée,1905.54,web
7549,2100,2024-05-04,expédiée,1913.78,web
7550,2523,2024-02-27,expédiée,1365.2,web
7551,3943,2024-05-18,en cours,1747.33,web
7552,1318,2024-11-07,échouée,1129.83,mobile
7553,2142,2019-08-16,en cours,503.13,mobile
7554,4460,2025-10-19,échouée,1769.83,web
7555,2490,2023-07-13,livrée,1472.66,mobile
7556,2395,2022-12-27,échouée,1090.34,mobile
7557,652,2025-09-21,livrée,511.29,web
7558,3279,2019-08-21,échouée,1431.8,mobile
7559,3718,2021-10-07,expédiée,568.77,mobile
7560,3599,2023-12-02,livrée,478.92,web
7561,4877,2019-06-01,en cours,667.01,web
7562,4402,2024-11-30,expédiée,1034.47,web
7563,936,2024-09-05,expédiée,1607.27,web
7564,16,2021-09-10,expédiée,546.79,web
7565,2770,2024-03-18,livrée,1880.78,web
7566,5850,2021-03-29,livrée,311.31,web
7567,2393,2022-01-16,échouée,1589.09,mobile
7568,5844,2024-04-14,livrée,1855.77,web
7569,3122,2020-12-26,livrée,187.47,mobile
7570,2735,2020-07-10,livrée,629.7,mobile
7571,5416,2020-03-25,échouée,1628.21,mobile
7572,3823,2020-10-07,en cours,1399.03,mobile
7573,5374,2020-09-29,expédiée,1374.03,web
7574,665,2023-12-15,expédiée,856.59,web
7575,1156,2025-06-20,échouée,1723.08,web
7576,1017,2020-10-14,en cours,223.26,web
7577,230,2021-10-19,expédiée,89.97,web
7578,4299,2025-10-09,expédiée,1309.75,web
7579,2587,2020-03-04,livrée,1225.01,mobile
7580,3350,2019-06-02,livrée,625.56,mobile
7581,3029,2020-01-09,échouée,752.86,mobile
7582,3951,2019-09-23,échouée,97.61,mobile
7583,5783,2024-06-22,échouée,1781.51,web
7584,2492,2024-05-02,en cours,1197.63,mobile
7585,5294,2019-01-30,échouée,698.02,mobile
7586,5667,2022-10-10,échouée,1436.58,web
7587,389,2024-05-24,expédiée,457.56,web
7588,4050,2019-06-21,expédiée,1769.98,mobile
7589,297,2020-05-07,expédiée,356.57,web
7590,1997,2021-01-03,expédiée,1106.12,web
7591,2479,2023-02-18,expédiée,1674.87,web
7592,5218,2023-08-06,livrée,1744.05,web
7593,7,2022-11-03,livrée,949.59,mobile
7594,4470,2021-03-11,livrée,400.69,web
7595,836,2019-06-05,en cours,1363.28,mobile
7596,4066,2024-01-03,expédiée,1353.89,mobile
7597,4441,2025-11-15,expédiée,1281.99,mobile
7598,5314,2022-07-10,échouée,1238.04,mobile
7599,4712,2023-08-28,échouée,744.42,mobile
7600,1639,2022-10-15,expédiée,1250.21,mobile
7601,3956,2022-03-25,en cours,434.81,mobile
7602,1323,2025-11-14,en cours,1959.07,mobile
7603,4571,2023-12-26,échouée,1682.18,mobile
7604,4735,2023-06-09,échouée,1978.2,mobile
7605,4770,2025-03-08,échouée,1520.9,mobile
7606,3626,2023-08-01,échouée,1645.16,mobile
7607,472,2021-10-13,expédiée,931.26,web
7608,5912,2019-09-18,échouée,1344.09,web
7609,4281,2022-09-21,en cours,67.77,web
7610,1762,2025-02-22,échouée,1549.38,mobile
7611,3642,2021-08-06,en cours,871.05,web
7612,1694,2023-11-27,expédiée,30.67,web
7613,2712,2020-05-14,livrée,1484.96,web
7614,4817,2025-09-04,livrée,1457.92,web
7615,1935,2021-07-30,échouée,1649.07,web
7616,4489,2024-11-02,expédiée,401.21,web
7617,156,2025-01-07,expédiée,1974.89,mobile
7618,122,2021-11-26,échouée,640.26,mobile
7619,3364,2023-08-29,livrée,1133.63,web
7620,1469,2024-09-14,en cours,1869.5,web
7621,1664,2021-12-25,livrée,689.58,web
7622,1702,2025-10-03,en cours,600.8,web
7623,616,2022-09-03,échouée,1187.2,web
7624,654,2021-08-09,expédiée,1226.33,mobile
7625,4374,2020-04-10,expédiée,1154.67,web
7626,2508,2025-09-28,expédiée,1583.27,mobile
7627,5116,2025-05-10,expédiée,1077.73,web
7628,3395,2019-04-05,livrée,1402.57,web
7629,3647,2020-03-28,échouée,1739.07,mobile
7630,885,2021-05-20,en cours,32.78,mobile
7631,3427,2019-07-24,livrée,1834.86,mobile
7632,1301,2022-05-01,livrée,1030.2,web
7633,627,2020-10-08,échouée,1946.71,mobile
7634,2143,2024-09-05,en cours,651.42,web
7635,730,2025-11-10,en cours,35.93,web
7636,557,2019-05-17,livrée,1781.13,web
7637,5536,2024-05-22,expédiée,625.5,web
7638,4915,2020-11-18,échouée,1095.77,web
7639,2280,2025-08-23,échouée,638.43,web
7640,2198,2020-08-31,expédiée,1468.58,web
7641,4999,2024-07-07,échouée,1584.75,web
7642,2744,2019-01-26,en cours,236.6,web
7643,898,2025-01-07,en cours,1068.02,mobile
7644,4808,2025-08-16,échouée,1614.4,mobile
7645,1269,2022-11-14,livrée,347.98,web
7646,3070,2023-11-08,échouée,1132.71,mobile
7647,1453,2022-07-11,en cours,316.15,mobile
7648,4994,2019-11-28,expédiée,1835.1,web
7649,2917,2022-11-25,échouée,553.81,web
7650,1694,2020-02-24,échouée,50.47,mobile
7651,4459,2022-03-15,expédiée,345.89,mobile
7652,5480,2024-09-04,livrée,279.24,mobile
7653,2634,2020-07-20,échouée,201.41,web
7654,4542,2023-06-05,expédiée,1246.33,mobile
7655,1439,2024-01-20,en cours,1863.59,mobile
7656,5987,2020-02-26,livrée,1085.58,web
7657,1027,2023-07-31,livrée,1512.4,mobile
7658,4377,2019-06-01,expédiée,1917.24,web
7659,622,2023-08-29,expédiée,150.75,web
7660,4227,2023-11-09,échouée,1690.52,mobile
7661,5627,2020-07-03,en cours,302.81,web
7662,4131,2025-06-06,expédiée,251.86,web
7663,5327,2022-03-03,échouée,216.78,mobile
7664,3549,2019-03-16,livrée,1377.73,mobile
7665,4961,2022-01-28,livrée,645.03,web
7666,5961,2020-05-07,échouée,35.34,web
7667,4285,2024-02-10,en cours,736.1,mobile
7668,5260,2020-04-09,en cours,1964.4,mobile
7669,905,2021-10-07,livrée,1298.77,web
7670,1095,2021-04-02,en cours,89.01,web
7671,4714,2020-11-22,échouée,931.83,mobile
7672,4612,2021-10-13,livrée,1926.34,mobile
7673,4995,2023-02-09,expédiée,468.42,web
7674,4014,2022-09-06,expédiée,901.63,mobile
7675,711,2024-01-29,échouée,531.46,web
7676,5104,2024-03-17,échouée,726.36,mobile
7677,5990,2023-02-18,expédiée,1878.87,web
7678,5158,2021-05-28,en cours,142.86,web
7679,856,2025-05-11,échouée,1540.13,web
7680,680,2023-08-31,en cours,74.41,web
7681,5376,2020-09-25,livrée,807.09,mobile
7682,3295,2022-01-04,expédiée,1629.81,web
7683,3904,2021-03-02,livrée,303.46,mobile
7684,4295,2024-02-29,en cours,194.36,mobile
7685,3768,2019-03-05,en cours,366.46,mobile
7686,4254,2019-08-22,livrée,1527.15,web
7687,465,2020-09-01,échouée,521.67,web
7688,3240,2020-11-07,expédiée,205.26,mobile
7689,3854,2023-05-30,en cours,219.8,mobile
7690,5466,2020-04-18,en cours,875.06,mobile
7691,2548,2021-08-22,expédiée,751.3,mobile
7692,964,2021-02-13,expédiée,1705.76,mobile
7693,4074,2019-06-06,en cours,1035.27,mobile
7694,5451,2022-12-15,en cours,963.77,web
7695,3132,2023-11-24,livrée,1287.54,web
7696,122,2022-05-19,en cours,119.05,web
7697,854,2021-10-23,en cours,661.07,web
7698,3859,2023-10-28,en cours,108.19,mobile
7699,3522,2023-02-02,en cours,1492.37,web
7700,2642,2021-02-05,échouée,1119.93,web
7701,1515,2024-06-06,expédiée,1632.64,mobile
7702,5812,2020-06-18,expédiée,1941.21,web
7703,4767,2022-05-16,expédiée,1914.05,mobile
7704,2955,2021-09-21,échouée,889.81,mobile
7705,3197,2023-05-03,échouée,1189.31,mobile
7706,3799,2024-12-02,échouée,1259.27,mobile
7707,1739,2023-08-27,livrée,457.91,web
7708,1063,2020-04-13,expédiée,709.2,web
7709,4730,2022-12-21,échouée,564.15,web
7710,2647,2023-12-03,livrée,1470.32,web
7711,4021,2019-10-12,livrée,1703.55,mobile
7712,771,2022-10-08,livrée,1703.13,web
7713,4517,2020-09-24,livrée,798.27,mobile
7714,615,2020-02-28,en cours,165.16,web
7715,2027,2022-11-04,en cours,93.88,mobile
7716,1832,2019-03-22,en cours,803.2,web
7717,4858,2025-07-20,expédiée,1304.8,web
7718,3714,2025-09-12,échouée,1596.18,mobile
7719,2975,2020-12-16,livrée,696.71,web
7720,1698,2025-09-10,livrée,1316.11,web
7721,4659,2023-03-24,échouée,982.24,mobile
7722,3818,2023-06-03,en cours,69.19,mobile
7723,5868,2021-02-16,livrée,1990.22,web
7724,2352,2021-09-14,expédiée,167.92,web
7725,1678,2025-10-17,expédiée,1240.51,web
7726,3487,2021-04-11,échouée,75.61,mobile
7727,4670,2019-07-03,expédiée,166.07,mobile
7728,3111,2021-03-15,expédiée,1765.59,web
7729,43,2024-06-01,en cours,955.34,mobile
7730,4842,2023-06-24,échouée,1638.25,mobile
7731,1026,2020-04-23,expédiée,815.84,mobile
7732,3249,2021-06-08,livrée,1363.85,mobile
7733,5766,2020-01-13,livrée,655.12,web
7734,2524,2020-01-14,en cours,705.88,mobile
7735,1425,2019-05-30,expédiée,1305.84,web
7736,349,2025-10-20,échouée,451.01,web
7737,5335,2023-03-22,livrée,580.25,mobile
7738,330,2020-03-14,expédiée,1165.9,web
7739,2973,2023-07-04,livrée,959.46,web
7740,5428,2023-08-05,échouée,450.91,mobile
7741,3473,2022-09-30,livrée,1694.51,web
7742,1563,2025-02-16,échouée,509.61,web
7743,5875,2022-05-04,livrée,633.69,web
7744,5537,2025-04-10,en cours,1566.68,mobile
7745,799,2025-11-07,échouée,1121.93,mobile
7746,5657,2019-04-07,échouée,682.13,web
7747,2216,2023-11-28,échouée,731.12,mobile
7748,1037,2019-10-12,échouée,1507.46,mobile
7749,1268,2020-08-23,expédiée,183.82,mobile
7750,1986,2021-02-08,en cours,1848.26,web
7751,4584,2022-04-16,expédiée,1886.08,mobile
7752,239,2025-09-18,échouée,99.13,web
7753,5255,2024-12-12,expédiée,1856.5,mobile
7754,2746,2022-11-01,expédiée,1925.09,mobile
7755,4310,2020-01-07,échouée,1945.5,mobile
7756,4662,2020-01-14,en cours,873.98,mobile
7757,4770,2025-11-27,expédiée,1753.68,web
7758,545,2022-02-08,échouée,561.06,web
7759,1438,2021-05-18,en cours,843.24,mobile
7760,1397,2022-06-16,livrée,1511.49,mobile
7761,1418,2025-12-13,expédiée,1452.38,mobile
7762,4511,2020-11-16,expédiée,574.63,web
7763,2369,2019-05-09,livrée,1299.95,web
7764,2800,2019-03-02,livrée,96.23,web
7765,1205,2024-08-30,échouée,170.22,web
7766,4844,2021-04-30,livrée,281.59,mobile
7767,3741,2023-05-22,livrée,1811.1,mobile
7768,4900,2025-12-28,en cours,361.87,web
7769,4222,2022-05-11,échouée,25.72,mobile
7770,2820,2024-05-21,expédiée,228.71,web
7771,596,2021-11-20,livrée,1311.33,mobile
7772,2641,2019-01-21,expédiée,1923.32,web
7773,5546,2020-05-30,échouée,839.25,mobile
7774,1750,2020-02-10,livrée,707.82,web
7775,3131,2024-08-06,livrée,418.01,mobile
7776,5738,2022-01-28,livrée,320.83,mobile
7777,2488,2021-10-04,expédiée,1847.18,web
7778,1315,2023-07-16,livrée,1987.2,web
7779,1059,2022-04-22,livrée,176.11,mobile
7780,3651,2020-10-05,expédiée,152.58,web
7781,5343,2019-07-05,échouée,814.63,web
7782,2931,2019-12-04,livrée,295.21,mobile
7783,2593,2021-11-27,en cours,1227.78,mobile
7784,4678,2023-01-29,expédiée,600.65,web
7785,4044,2022-07-23,échouée,1198.5,web
7786,753,2021-12-11,en cours,637.97,mobile
7787,3577,2023-02-04,expédiée,1898.27,web
7788,3827,2020-05-04,échouée,1738.36,web
7789,1403,2022-07-06,expédiée,852.76,mobile
7790,1142,2023-03-03,échouée,328.28,mobile
7791,4659,2020-03-03,échouée,673.2,mobile
7792,5762,2021-07-12,expédiée,87.87,mobile
7793,177,2019-07-20,échouée,1642.8,web
7794,1656,2020-02-26,expédiée,26.15,web
7795,3065,2023-10-17,livrée,1578.94,mobile
7796,2480,2025-05-10,échouée,362.21,web
7797,1656,2019-07-01,échouée,532.3,mobile
7798,1362,2021-01-18,échouée,1742.15,mobile
7799,2133,2020-10-14,expédiée,157.52,web
7800,18,2023-12-22,expédiée,475.89,mobile
7801,3804,2019-05-13,échouée,1719.81,web
7802,1161,2025-02-19,livrée,1072.78,mobile
7803,4384,2025-12-26,échouée,692.77,web
7804,3811,2021-08-27,en cours,927.97,web
7805,2162,2022-04-10,expédiée,1156.18,web
7806,1406,2022-12-24,expédiée,1575.3,mobile
7807,1211,2021-07-27,échouée,951.6,mobile
7808,2723,2019-01-14,livrée,468.19,web
7809,2519,2021-09-16,livrée,1904.47,web
7810,281,2024-05-13,échouée,1485.85,web
7811,5984,2023-05-11,expédiée,706.52,mobile
7812,4544,2020-01-01,livrée,1972.46,mobile
7813,201,2020-07-18,expédiée,707.57,web
7814,669,2019-03-19,échouée,379.32,mobile
7815,5099,2025-07-26,échouée,1353.63,web
7816,1957,2024-09-17,expédiée,246.08,mobile
7817,2454,2019-04-23,en cours,1915.42,mobile
7818,225,2019-01-08,livrée,973.17,web
7819,2813,2023-06-13,livrée,970.06,mobile
7820,4262,2021-07-02,en cours,626.5,mobile
7821,367,2019-07-07,échouée,891.37,web
7822,953,2024-05-12,en cours,1819.48,web
7823,2607,2023-12-28,échouée,1428.18,web
7824,1033,2019-09-09,échouée,1422.91,web
7825,3894,2025-10-06,livrée,294.06,web
7826,3014,2019-03-28,échouée,396.81,web
7827,3220,2019-08-18,expédiée,838.14,web
7828,771,2025-08-19,échouée,1778.49,mobile
7829,2350,2022-11-21,échouée,130.65,mobile
7830,5051,2019-01-06,en cours,106.56,web
7831,4512,2020-12-06,échouée,1398.8,mobile
7832,2569,2024-11-27,en cours,286.3,mobile
7833,2528,2021-04-17,expédiée,1571.1,web
7834,2104,2022-09-28,expédiée,835.57,mobile
7835,3083,2025-10-19,expédiée,728.5,web
7836,1282,2023-06-07,livrée,372.67,web
7837,333,2023-04-26,échouée,515.73,web
7838,5558,2021-11-07,échouée,1129.7,mobile
7839,860,2020-05-19,échouée,1186.93,web
7840,3149,2025-03-16,en cours,197.18,mobile
7841,982,2022-09-27,échouée,308.11,web
7842,3171,2025-02-02,livrée,213.45,mobile
7843,5358,2022-03-08,en cours,109.51,web
7844,3972,2022-01-14,échouée,1052.05,web
7845,1575,2023-11-20,en cours,79.15,mobile
7846,30,2019-02-19,en cours,1235.62,web
7847,1501,2024-03-27,en cours,90.03,web
7848,107,2022-04-23,en cours,1111.5,web
7849,5477,2025-04-25,livrée,1845.05,web
7850,3181,2025-07-13,en cours,883.99,mobile
7851,1644,2025-09-28,en cours,1042.87,mobile
7852,4048,2024-12-21,en cours,23.37,web
7853,3601,2022-04-13,livrée,169.97,mobile
7854,5565,2021-11-24,livrée,995.26,web
7855,522,2021-05-06,expédiée,637.04,mobile
7856,5372,2025-10-15,livrée,524.07,web
7857,5442,2020-01-15,en cours,1530.74,web
7858,2241,2023-11-21,en cours,687.16,mobile
7859,5162,2020-06-23,expédiée,1990.68,mobile
7860,5542,2019-04-11,en cours,1335.01,mobile
7861,4540,2025-02-20,livrée,1311.43,web
7862,2457,2023-03-29,échouée,1598.22,web
7863,5930,2023-03-17,livrée,284.57,web
7864,4635,2022-07-06,livrée,832.45,web
7865,4194,2023-01-23,expédiée,1917.09,mobile
7866,5797,2022-12-08,livrée,749.95,mobile
7867,3322,2023-08-14,en cours,524.67,mobile
7868,2754,2020-10-07,livrée,405.88,mobile
7869,4218,2024-08-07,livrée,1513.1,mobile
7870,4047,2021-09-01,livrée,174.04,mobile
7871,3381,2022-07-13,expédiée,1501.5,web
7872,579,2023-02-16,expédiée,1038.4,mobile
7873,1220,2022-11-15,en cours,400.32,mobile
7874,5931,2020-01-13,expédiée,1768.42,web
7875,4454,2021-11-20,en cours,1207.9,mobile
7876,116,2024-12-12,expédiée,1115.74,mobile
7877,5958,2023-12-21,en cours,113.94,web
7878,3096,2022-11-17,expédiée,1439.95,web
7879,849,2022-08-09,expédiée,1727.5,mobile
7880,3372,2025-05-31,échouée,794.97,web
7881,2843,2020-06-19,expédiée,246.72,web
7882,2307,2021-08-06,livrée,97.98,mobile
7883,3291,2023-12-30,échouée,1144.18,web
7884,4184,2021-10-16,expédiée,175.99,web
7885,2655,2020-02-19,livrée,215.66,web
7886,4189,2023-12-31,livrée,1452.33,web
7887,4017,2024-05-16,en cours,1954.78,mobile
7888,5441,2022-12-10,livrée,827.96,mobile
7889,1927,2022-05-18,livrée,73.86,mobile
7890,1289,2020-11-11,livrée,1877.16,web
7891,1939,2025-12-22,expédiée,819.47,mobile
7892,5876,2025-11-24,échouée,690.21,web
7893,809,2025-09-10,en cours,1524.54,mobile
7894,2151,2020-01-14,en cours,859.64,mobile
7895,2080,2025-02-06,livrée,347.36,mobile
7896,2255,2023-11-22,expédiée,1974.99,web
7897,5747,2024-11-25,livrée,714.2,mobile
7898,45,2024-10-29,expédiée,388.37,mobile
7899,4731,2024-03-01,échouée,1765.45,mobile
7900,4007,2021-03-27,livrée,550.22,web
7901,1170,2023-06-17,échouée,373.61,web
7902,475,2020-02-05,expédiée,1132.56,web
7903,339,2024-04-24,échouée,465.39,mobile
7904,1442,2021-06-25,livrée,747.93,mobile
7905,357,2025-12-26,expédiée,599.07,web
7906,979,2021-01-16,en cours,1159.59,mobile
7907,5044,2023-03-10,en cours,711.97,web
7908,5426,2024-10-18,en cours,1333.27,web
7909,4756,2022-05-29,échouée,902.77,mobile
7910,3130,2025-08-02,expédiée,1872.19,web
7911,4958,2024-10-31,expédiée,604.32,mobile
7912,4000,2019-05-22,livrée,996.67,mobile
7913,5067,2024-12-16,expédiée,1617.35,mobile
7914,4071,2024-03-09,livrée,803.27,web
7915,834,2021-06-18,échouée,526.83,web
7916,1128,2020-09-18,en cours,739.29,web
7917,1990,2019-12-16,en cours,1117.72,mobile
7918,2068,2023-02-28,livrée,31.35,web
7919,4152,2024-04-13,expédiée,1379.68,web
7920,1916,2024-06-01,expédiée,454.37,web
7921,2130,2021-05-24,échouée,235.93,web
7922,4599,2021-11-05,échouée,605.61,mobile
7923,2617,2021-02-04,livrée,470.44,mobile
7924,2694,2020-08-30,livrée,844.82,web
7925,4230,2019-10-17,livrée,719.15,web
7926,2989,2021-05-23,livrée,1997.8,web
7927,4857,2023-01-05,en cours,1454.96,mobile
7928,4997,2022-01-10,en cours,143.17,web
7929,3317,2024-03-29,en cours,83.33,web
7930,2463,2020-04-29,expédiée,1762.92,mobile
7931,2542,2022-03-17,en cours,1581.92,mobile
7932,5205,2022-10-10,expédiée,440.95,mobile
7933,5258,2023-06-14,échouée,995.43,web
7934,3424,2019-02-04,échouée,751.15,web
7935,4075,2019-10-04,livrée,746.41,mobile
7936,5754,2022-03-29,en cours,185.26,web
7937,4347,2024-11-20,livrée,555.71,mobile
7938,1215,2019-01-18,livrée,742.13,web
7939,2246,2023-07-15,livrée,534.99,mobile
7940,5841,2023-07-09,échouée,1971.68,mobile
7941,4081,2019-07-29,livrée,1700.81,mobile
7942,5552,2025-01-14,échouée,720.89,web
7943,1223,2019-04-21,expédiée,1652.93,mobile
7944,4386,2021-07-02,expédiée,844.15,web
7945,3430,2023-04-29,échouée,1918.08,mobile
7946,3000,2019-07-29,en cours,1551.13,mobile
7947,2245,2025-05-21,expédiée,1396.01,mobile
7948,1263,2020-02-05,échouée,1371.34,web
7949,210,2022-03-16,échouée,1271.23,web
7950,4106,2020-07-15,livrée,242.45,mobile
7951,376,2024-10-27,en cours,25.79,web
7952,2113,2021-05-22,expédiée,32.68,mobile
7953,2500,2021-04-11,livrée,450.3,mobile
7954,1313,2022-05-22,échouée,635.08,mobile
7955,4143,2022-04-26,expédiée,862.58,web
7956,2741,2019-03-15,livrée,270.33,mobile
7957,3001,2024-05-10,livrée,446.27,web
7958,2898,2024-05-02,livrée,503.2,mobile
7959,3590,2025-12-15,expédiée,1764.55,mobile
7960,5571,2021-02-03,expédiée,47.93,mobile
7961,1600,2023-04-20,livrée,991.6,web
7962,5527,2021-08-25,expédiée,1031.51,web
7963,1561,2025-11-02,expédiée,1638.85,web
7964,3155,2020-09-28,en cours,60.66,web
7965,1452,2024-05-21,expédiée,1330.6,mobile
7966,3661,2024-08-04,échouée,1109.43,web
7967,4343,2023-12-15,expédiée,433.14,web
7968,5973,2021-03-27,en cours,148.24,web
7969,5257,2024-03-21,échouée,412.37,mobile
7970,4507,2023-02-02,échouée,1201.49,mobile
7971,1316,2022-03-04,expédiée,1503.55,mobile
7972,2711,2021-12-17,en cours,544.64,web
7973,557,2022-02-07,en cours,1550.58,web
7974,2317,2025-08-15,expédiée,369.57,mobile
7975,3312,2024-12-31,expédiée,742.88,web
7976,3373,2022-05-31,en cours,942.33,web
7977,4074,2022-01-11,en cours,610.67,mobile
7978,3636,2024-11-04,en cours,1176.36,web
7979,337,2023-02-26,livrée,1845.24,mobile
7980,1656,2021-12-14,échouée,1091.02,mobile
7981,3818,2022-02-17,livrée,275.79,mobile
7982,4701,2021-11-19,expédiée,797.67,mobile
7983,3492,2022-03-28,expédiée,1465.46,mobile
7984,1388,2025-11-05,expédiée,222.53,web
7985,4206,2024-06-25,livrée,600.86,mobile
7986,1695,2020-02-20,livrée,1823.58,web
7987,1427,2023-01-29,expédiée,428.63,web
7988,4703,2019-11-03,échouée,1601.55,mobile
7989,2391,2024-10-26,expédiée,1103.76,mobile
7990,327,2019-09-28,échouée,1355.53,mobile
7991,3369,2023-09-07,livrée,1474.25,web
7992,419,2020-09-21,livrée,1688.79,web
7993,4337,2019-07-15,échouée,311.42,web
7994,4930,2019-04-14,livrée,1410.93,web
7995,4488,2023-10-16,livrée,1422.84,web
7996,582,2020-06-02,échouée,799.13,web
7997,3579,2023-06-18,livrée,991.02,mobile
7998,1169,2021-12-17,livrée,1107.72,mobile
7999,1716,2023-07-06,en cours,516.5,mobile
8000,3080,2022-10-18,expédiée,846.6,mobile
8001,4060,2022-07-01,expédiée,1829.48,mobile
8002,1628,2019-03-19,en cours,1229.88,mobile
8003,3670,2019-05-09,expédiée,1678.77,web
8004,5148,2024-03-30,échouée,1488.86,web
8005,4199,2024-09-03,échouée,374.75,mobile
8006,2397,2021-09-18,échouée,758.26,web
8007,2694,2020-09-28,échouée,587.56,mobile
8008,2645,2023-10-11,en cours,114.44,mobile
8009,3340,2021-02-12,livrée,1740.89,web
8010,4580,2021-05-31,échouée,1466.16,mobile
8011,2584,2019-12-26,échouée,1002.93,web
8012,2447,2020-03-30,en cours,893.77,mobile
8013,4267,2020-03-27,expédiée,442.19,mobile
8014,377,2021-09-05,échouée,158.74,web
8015,539,2023-11-13,livrée,1033.08,mobile
8016,5814,2023-06-12,échouée,572.75,web
8017,5413,2022-11-27,livrée,1450.49,mobile
8018,5951,2020-07-27,livrée,113.92,web
8019,3037,2020-06-10,échouée,344.15,web
8020,548,2022-08-17,en cours,1343.59,web
8021,3859,2025-12-29,en cours,1858.36,web
8022,3527,2025-10-06,en cours,929.95,web
8023,764,2022-07-10,en cours,940.9,mobile
8024,2976,2022-03-25,en cours,1154.83,mobile
8025,861,2024-01-03,en cours,1245.46,mobile
8026,3667,2021-09-18,livrée,367.97,mobile
8027,4719,2019-01-20,en cours,111.35,web
8028,5076,2020-03-09,expédiée,659.02,mobile
8029,5068,2025-02-06,expédiée,1277.94,mobile
8030,3387,2021-06-27,en cours,385.25,web
8031,909,2021-08-20,échouée,1411.69,web
8032,2770,2023-10-10,échouée,176.94,web
8033,1078,2021-04-29,expédiée,1779.38,web
8034,5996,2024-06-07,échouée,1088.11,mobile
8035,3668,2020-04-15,échouée,204.07,mobile
8036,5499,2022-05-14,en cours,516.49,mobile
8037,4301,2025-08-15,échouée,1392.72,mobile
8038,2257,2022-03-20,échouée,380.5,mobile
8039,5210,2020-10-16,en cours,116.67,mobile
8040,5305,2019-12-10,livrée,258.5,web
8041,3191,2019-03-30,en cours,137.09,mobile
8042,4914,2019-11-20,livrée,401.75,mobile
8043,1952,2025-02-01,en cours,956.84,web
8044,599,2019-12-19,en cours,1560.34,mobile
8045,1227,2024-02-18,échouée,1739.37,web
8046,5032,2021-07-20,en cours,1189.82,web
8047,2725,2019-07-27,expédiée,1447.7,web
8048,214,2024-05-31,échouée,1915.8,mobile
8049,2431,2024-12-06,livrée,303.93,mobile
8050,1807,2022-08-29,expédiée,1426.81,mobile
8051,4847,2025-06-23,en cours,1384.86,mobile
8052,2665,2025-10-20,expédiée,1591.46,web
8053,5099,2022-12-04,livrée,1283.04,web
8054,1045,2025-07-10,échouée,1380.13,mobile
8055,5068,2020-05-29,expédiée,316.54,mobile
8056,4491,2023-12-16,échouée,1756.95,mobile
8057,2885,2024-09-23,expédiée,1184.19,mobile
8058,2227,2020-05-15,en cours,1933.07,web
8059,2883,2024-02-10,échouée,1280.33,web
8060,5096,2024-07-05,livrée,1056.74,web
8061,4752,2023-11-28,échouée,1148.1,web
8062,3134,2021-08-14,échouée,497.48,mobile
8063,4995,2020-06-14,expédiée,1142.84,mobile
8064,4635,2022-07-15,en cours,465.5,web
8065,4440,2020-07-19,échouée,612.65,mobile
8066,3917,2025-06-04,expédiée,1115.34,mobile
8067,6000,2021-05-06,livrée,624.45,web
8068,3938,2021-11-27,en cours,1305.65,web
8069,3877,2024-04-12,livrée,1427.63,web
8070,439,2025-08-07,livrée,1628.37,mobile
8071,2991,2022-01-09,en cours,791.21,web
8072,3573,2024-01-29,en cours,1906.71,web
8073,1506,2024-01-16,expédiée,133.86,mobile
8074,4407,2019-05-02,échouée,568.81,web
8075,5219,2024-11-10,en cours,895.26,mobile
8076,4734,2025-01-03,échouée,711.59,mobile
8077,801,2019-08-23,expédiée,406.88,mobile
8078,978,2019-04-28,expédiée,1671.08,web
8079,5102,2021-07-24,expédiée,826.56,mobile
8080,1134,2019-06-21,livrée,1875.42,web
8081,1876,2020-03-02,en cours,1162.78,web
8082,1643,2022-08-03,livrée,164.31,web
8083,2832,2025-08-05,livrée,1027.35,web
8084,4602,2021-04-17,échouée,1341.14,web
8085,805,2025-10-26,en cours,167.41,mobile
8086,5046,2023-10-07,en cours,960.6,web
8087,2650,2023-07-13,échouée,1093.64,mobile
8088,525,2019-04-25,échouée,1747.91,mobile
8089,5652,2024-08-26,expédiée,551.64,mobile
8090,2273,2022-11-01,en cours,522.99,web
8091,3128,2019-06-30,en cours,255.55,mobile
8092,113,2025-05-16,livrée,774.97,mobile
8093,4239,2022-06-24,échouée,1182.47,web
8094,1664,2022-10-11,livrée,1219.03,web
8095,3707,2021-07-26,échouée,886.55,web
8096,3443,2023-01-07,échouée,1892.87,web
8097,1205,2021-06-06,échouée,1497.87,mobile
8098,1226,2024-10-15,échouée,334.87,mobile
8099,208,2021-11-04,échouée,112.94,mobile
8100,3181,2019-11-14,en cours,175.84,web
8101,5189,2023-04-03,livrée,660.87,mobile
8102,4620,2022-10-29,en cours,1394.89,web
8103,4147,2021-01-18,livrée,526.33,web
8104,4937,2024-02-04,échouée,1903.4,web
8105,2937,2023-09-23,livrée,635.38,web
8106,3758,2023-04-30,expédiée,300.94,web
8107,5703,2021-05-26,expédiée,364.3,mobile
8108,5329,2022-05-02,livrée,1740.12,mobile
8109,3147,2020-10-10,en cours,1261.65,web
8110,4935,2022-10-03,livrée,184.22,mobile
8111,2826,2020-05-24,livrée,189.86,web
8112,3202,2025-09-27,échouée,557.18,mobile
8113,255,2021-01-28,échouée,434.5,mobile
8114,5117,2025-02-23,expédiée,242.61,web
8115,2640,2024-12-26,expédiée,68.83,mobile
8116,3323,2023-11-30,échouée,739.32,web
8117,2117,2024-10-28,expédiée,1749.86,mobile
8118,3244,2022-07-18,expédiée,1684.76,mobile
8119,3005,2022-07-24,échouée,344.86,mobile
8120,2258,2023-07-23,en cours,228.93,mobile
8121,2945,2025-03-10,expédiée,1939.41,web
8122,5585,2020-12-08,en cours,854.43,mobile
8123,682,2021-06-03,échouée,224.28,web
8124,1457,2022-09-07,échouée,770.24,web
8125,1600,2020-09-05,échouée,21.68,web
8126,282,2019-01-07,en cours,688.9,web
8127,3600,2023-04-05,expédiée,1314.04,web
8128,1496,2022-08-11,en cours,1719.2,web
8129,3967,2024-01-23,échouée,1302.38,mobile
8130,5689,2021-01-23,en cours,59.45,mobile
8131,2623,2023-05-12,livrée,754.57,mobile
8132,3651,2021-05-04,livrée,1173.74,web
8133,3595,2023-11-05,livrée,1869.5,mobile
8134,665,2022-05-17,livrée,724.91,mobile
8135,4935,2022-03-26,livrée,523.8,web
8136,3176,2021-07-06,échouée,1715.0,mobile
8137,1921,2023-08-15,livrée,1541.22,web
8138,625,2023-05-24,expédiée,994.28,web
8139,2229,2022-04-05,en cours,1853.73,mobile
8140,1659,2023-12-10,expédiée,1579.04,mobile
8141,4335,2024-12-26,livrée,673.47,web
8142,3299,2019-08-03,expédiée,1820.62,web
8143,1181,2023-07-02,en cours,371.18,web
8144,247,2019-01-26,en cours,1891.35,web
8145,870,2019-05-07,livrée,1373.94,mobile
8146,1360,2021-12-21,livrée,454.44,web
8147,2367,2024-03-05,livrée,825.07,mobile
8148,42,2022-02-12,livrée,1126.28,web
8149,3543,2025-11-08,livrée,438.11,web
8150,5790,2025-05-28,livrée,1685.87,mobile
8151,163,2021-10-28,expédiée,1718.8,web
8152,4422,2019-11-19,expédiée,582.5,mobile
8153,1816,2022-12-05,échouée,329.76,mobile
8154,4989,2023-08-01,en cours,1522.72,web
8155,3212,2019-01-09,expédiée,1997.27,web
8156,5577,2025-09-27,en cours,1985.5,web
8157,5785,2024-11-01,en cours,1245.81,web
8158,1595,2019-04-28,livrée,1064.88,mobile
8159,5637,2021-11-07,échouée,275.05,web
8160,1324,2023-09-07,échouée,1730.77,mobile
8161,3302,2025-09-19,expédiée,78.94,mobile
8162,3849,2019-03-21,échouée,1927.06,mobile
8163,716,2024-05-02,expédiée,1678.3,web
8164,742,2025-10-20,en cours,897.24,mobile
8165,3987,2022-07-13,expédiée,1295.75,mobile
8166,2476,2024-09-26,échouée,255.01,mobile
8167,945,2023-10-20,expédiée,1129.29,mobile
8168,4048,2024-12-10,expédiée,1508.29,mobile
8169,3849,2024-07-30,échouée,1750.42,mobile
8170,1356,2022-08-30,expédiée,719.83,web
8171,4020,2021-07-28,en cours,1990.48,web
8172,1019,2021-02-18,échouée,1014.55,mobile
8173,3419,2020-12-13,livrée,213.14,web
8174,5604,2024-07-27,échouée,687.59,web
8175,1653,2019-10-14,expédiée,1876.42,mobile
8176,4297,2024-09-06,échouée,305.54,mobile
8177,4850,2019-04-11,échouée,1147.02,mobile
8178,2161,2022-12-03,expédiée,971.88,mobile
8179,3105,2023-02-28,en cours,810.92,mobile
8180,2601,2022-07-11,en cours,81.26,mobile
8181,3815,2021-08-19,livrée,1644.14,web
8182,5843,2024-09-09,en cours,1609.22,web
8183,584,2022-06-09,expédiée,739.05,mobile
8184,2153,2019-04-27,en cours,1554.08,web
8185,3565,2025-02-18,livrée,208.96,web
8186,5029,2020-05-12,livrée,353.14,web
8187,4743,2024-11-05,échouée,1503.95,mobile
8188,709,2025-11-08,expédiée,1098.99,mobile
8189,4228,2024-02-26,expédiée,475.2,web
8190,1187,2023-08-11,expédiée,1573.91,web
8191,1577,2019-01-02,expédiée,77.2,mobile
8192,4764,2022-09-17,livrée,1326.25,web
8193,1618,2019-01-04,expédiée,1258.39,mobile
8194,2506,2019-07-15,livrée,1083.66,mobile
8195,5105,2023-01-03,échouée,373.08,web
8196,3899,2020-09-16,échouée,605.95,web
8197,5468,2019-03-13,échouée,804.78,web
8198,4158,2024-12-31,échouée,901.46,web
8199,5615,2021-06-17,livrée,258.94,web
8200,3975,2020-01-04,échouée,147.97,mobile
8201,2497,2023-03-01,échouée,529.89,mobile
8202,831,2020-06-21,échouée,1356.36,web
8203,4429,2019-03-01,en cours,567.63,web
8204,2479,2019-10-27,en cours,939.06,mobile
8205,4708,2020-05-04,expédiée,1658.12,mobile
8206,5398,2021-10-24,livrée,700.11,web
8207,5941,2023-10-05,échouée,944.49,mobile
8208,4058,2024-09-17,livrée,747.9,mobile
8209,1712,2022-06-26,livrée,130.69,mobile
8210,5733,2025-01-11,expédiée,147.94,mobile
8211,5778,2020-05-15,expédiée,883.21,web
8212,3851,2019-04-15,en cours,1476.09,mobile
8213,2234,2019-04-22,livrée,58.94,web
8214,1094,2020-01-06,échouée,772.44,web
8215,5114,2019-08-19,échouée,1637.5,web
8216,2776,2021-10-11,livrée,914.31,mobile
8217,4229,2019-03-22,en cours,837.77,mobile
8218,1942,2021-09-06,expédiée,221.66,mobile
8219,1948,2019-02-04,livrée,1137.67,web
8220,5941,2025-08-20,échouée,347.54,mobile
8221,444,2025-11-19,livrée,934.86,mobile
8222,2341,2023-08-05,livrée,438.84,mobile
8223,5602,2023-07-15,en cours,463.34,mobile
8224,434,2022-08-04,expédiée,1296.01,mobile
8225,953,2019-12-12,en cours,1308.18,mobile
8226,936,2022-06-08,livrée,182.46,mobile
8227,2872,2019-09-05,en cours,256.33,mobile
8228,3463,2020-09-12,en cours,1273.32,mobile
8229,5632,2021-11-20,échouée,916.76,mobile
8230,984,2021-02-21,en cours,1075.42,mobile
8231,5814,2019-03-17,expédiée,1560.88,web
8232,3402,2024-02-04,en cours,1195.8,web
8233,808,2019-09-03,échouée,1390.54,mobile
8234,4988,2022-10-22,en cours,844.68,mobile
8235,1874,2020-12-22,livrée,185.51,mobile
8236,2258,2024-04-03,échouée,1066.31,web
8237,4688,2024-02-03,livrée,1535.9,web
8238,2430,2019-09-23,livrée,1751.99,mobile
8239,2261,2022-01-17,expédiée,215.82,web
8240,2276,2019-04-11,échouée,1040.76,mobile
8241,4630,2023-06-16,en cours,1780.42,web
8242,1869,2021-02-03,livrée,872.28,web
8243,2757,2022-09-02,livrée,1910.93,mobile
8244,1440,2024-07-27,en cours,460.92,mobile
8245,1641,2024-07-31,livrée,1123.38,web
8246,334,2024-10-26,échouée,28.57,web
8247,3548,2020-11-24,expédiée,701.28,mobile
8248,2850,2021-04-23,livrée,597.23,mobile
8249,804,2020-03-15,échouée,1123.15,web
8250,2255,2020-04-19,en cours,508.22,mobile
8251,2286,2023-09-15,échouée,615.62,web
8252,4678,2025-10-23,expédiée,1632.71,mobile
8253,3782,2025-04-25,livrée,1186.29,mobile
8254,4948,2021-10-30,expédiée,139.38,web
8255,3526,2025-02-02,échouée,836.88,web
8256,701,2021-07-15,expédiée,1251.41,mobile
8257,2286,2023-05-22,livrée,512.88,mobile
8258,712,2020-07-11,en cours,325.21,mobile
8259,1608,2024-10-22,livrée,1342.64,mobile
8260,2952,2021-09-11,livrée,414.17,mobile
8261,4967,2024-04-12,livrée,1425.64,web
8262,5004,2023-08-15,livrée,1537.07,mobile
8263,2097,2023-12-20,échouée,1398.19,mobile
8264,4321,2020-08-04,échouée,572.22,web
8265,2936,2019-03-10,expédiée,748.56,mobile
8266,4385,2023-08-27,expédiée,109.14,mobile
8267,125,2024-02-07,livrée,949.13,mobile
8268,2612,2019-03-17,échouée,1333.63,mobile
8269,5122,2019-06-05,en cours,516.7,mobile
8270,2807,2020-03-01,en cours,1903.97,mobile
8271,3548,2025-09-21,en cours,1823.5,web
8272,3827,2022-10-10,expédiée,1455.95,mobile
8273,4055,2023-12-12,livrée,602.48,web
8274,994,2022-06-15,en cours,1846.17,web
8275,208,2021-01-06,échouée,804.63,mobile
8276,2737,2020-07-08,livrée,536.05,web
8277,3925,2025-12-11,expédiée,675.54,mobile
8278,3298,2025-12-05,en cours,1815.76,web
8279,5005,2019-03-24,livrée,613.07,mobile
8280,4558,2024-08-02,expédiée,838.22,mobile
8281,548,2020-09-02,livrée,1738.52,mobile
8282,79,2021-04-02,échouée,466.84,web
8283,3498,2024-06-30,en cours,1951.0,mobile
8284,1810,2019-11-03,échouée,1205.83,web
8285,731,2023-10-18,expédiée,1856.69,mobile
8286,2492,2022-01-02,expédiée,677.63,web
8287,788,2024-11-03,expédiée,227.17,mobile
8288,1191,2023-06-13,expédiée,707.26,web
8289,3062,2023-01-02,échouée,646.06,web
8290,1414,2023-03-10,en cours,850.14,web
8291,1369,2025-08-14,livrée,1009.06,mobile
8292,3468,2023-09-26,échouée,996.72,web
8293,1682,2021-03-08,expédiée,1797.52,web
8294,207,2023-04-26,expédiée,174.22,web
8295,5047,2021-04-26,expédiée,909.64,web
8296,4904,2020-04-02,échouée,871.31,web
8297,363,2023-12-07,échouée,1506.91,web
8298,1611,2023-02-09,échouée,1664.59,mobile
8299,3920,2021-10-13,échouée,838.41,mobile
8300,2976,2021-01-12,en cours,556.71,mobile
8301,1753,2025-05-14,échouée,1864.57,web
8302,1297,2022-01-30,livrée,620.41,web
8303,3569,2019-08-13,en cours,736.59,mobile
8304,2514,2020-12-11,livrée,1203.61,web
8305,2705,2025-09-20,livrée,1033.01,web
8306,2886,2021-05-04,expédiée,1445.81,web
8307,4659,2019-08-19,livrée,1302.25,mobile
8308,1929,2025-02-07,expédiée,740.39,mobile
8309,1209,2019-07-18,livrée,661.77,web
8310,5533,2025-06-05,expédiée,1991.64,mobile
8311,5751,2019-05-11,en cours,1704.18,web
8312,1801,2024-09-18,expédiée,337.24,mobile
8313,4743,2025-02-10,expédiée,1429.33,web
8314,5120,2025-01-09,en cours,413.94,web
8315,1627,2023-01-02,expédiée,1223.73,mobile
8316,3135,2025-09-12,en cours,1774.77,web
8317,3205,2019-07-18,expédiée,1401.68,web
8318,1246,2023-02-12,livrée,992.02,web
8319,5559,2025-01-21,échouée,808.47,web
8320,5807,2023-10-09,en cours,1942.65,mobile
8321,5617,2021-08-14,livrée,1668.3,mobile
8322,131,2020-12-23,expédiée,413.61,web
8323,1268,2023-11-20,expédiée,1641.51,web
8324,5312,2019-08-03,expédiée,1452.71,web
8325,4244,2019-06-19,échouée,437.67,web
8326,4764,2021-05-16,expédiée,247.09,mobile
8327,5444,2023-04-28,expédiée,1404.51,web
8328,3837,2024-02-03,expédiée,398.01,mobile
8329,4794,2025-11-08,livrée,995.01,web
8330,2091,2022-02-01,en cours,527.42,web
8331,3056,2024-07-28,échouée,363.72,web
8332,5383,2022-05-29,expédiée,1630.53,web
8333,742,2025-09-24,livrée,1578.0,mobile
8334,4966,2022-08-23,en cours,660.66,mobile
8335,339,2021-07-08,échouée,952.11,web
8336,1681,2024-01-04,en cours,770.19,mobile
8337,776,2020-12-19,échouée,1234.8,mobile
8338,79,2022-07-16,livrée,1908.87,web
8339,1371,2025-01-13,échouée,285.71,web
8340,3331,2024-03-19,en cours,841.19,mobile
8341,703,2020-11-20,expédiée,803.88,web
8342,1756,2021-04-20,en cours,1922.38,web
8343,5314,2019-02-12,livrée,407.17,mobile
8344,4928,2021-03-01,échouée,1196.06,web
8345,2418,2022-08-24,expédiée,1215.94,mobile
8346,5019,2023-12-03,échouée,697.23,mobile
8347,878,2020-04-05,en cours,243.51,mobile
8348,4385,2019-12-03,en cours,926.47,mobile
8349,4091,2021-12-31,livrée,1737.34,mobile
8350,5028,2024-07-09,échouée,1444.31,mobile
8351,1862,2024-03-20,expédiée,861.36,web
8352,5421,2019-07-29,expédiée,839.01,web
8353,3409,2024-09-28,en cours,1499.36,mobile
8354,2524,2022-03-06,échouée,829.81,web
8355,139,2021-05-16,échouée,1548.75,mobile
8356,2376,2019-03-24,livrée,1972.89,web
8357,4895,2022-04-16,en cours,1205.92,mobile
8358,3266,2022-12-30,expédiée,893.25,mobile
8359,3289,2023-10-18,échouée,1087.21,web
8360,811,2019-05-25,livrée,323.24,web
8361,2159,2024-02-15,en cours,679.28,web
8362,4420,2022-10-14,échouée,1976.86,mobile
8363,1097,2024-09-21,expédiée,1649.89,web
8364,3102,2020-02-05,échouée,1031.47,mobile
8365,1078,2024-04-01,livrée,102.9,mobile
8366,5636,2023-12-19,en cours,1705.79,web
8367,1327,2023-10-13,en cours,1620.01,mobile
8368,4530,2021-03-21,livrée,1319.98,mobile
8369,1547,2024-11-02,échouée,751.86,web
8370,4985,2019-01-13,échouée,860.03,web
8371,4606,2022-09-02,échouée,600.65,web
8372,1333,2023-01-16,livrée,1694.87,web
8373,5167,2025-08-30,expédiée,314.07,mobile
8374,1396,2024-05-09,livrée,1995.42,web
8375,2210,2022-03-02,échouée,871.23,mobile
8376,2397,2022-01-25,en cours,659.21,mobile
8377,4569,2023-02-22,livrée,801.95,web
8378,2308,2025-05-13,échouée,1680.57,mobile
8379,154,2020-02-04,livrée,1612.35,mobile
8380,43,2025-11-05,expédiée,1590.98,web
8381,5715,2022-08-24,en cours,1620.01,web
8382,4950,2022-05-20,échouée,1315.79,mobile
8383,3647,2020-02-21,expédiée,1476.44,mobile
8384,1114,2023-05-10,échouée,1013.84,web
8385,1278,2024-10-12,en cours,463.37,mobile
8386,4622,2022-08-01,échouée,1920.85,mobile
8387,4484,2019-09-11,expédiée,975.31,web
8388,903,2024-08-16,en cours,402.04,mobile
8389,4749,2020-09-27,expédiée,1173.68,mobile
8390,810,2024-07-10,en cours,505.33,mobile
8391,1085,2023-08-31,expédiée,1259.65,web
8392,5598,2019-04-24,échouée,1895.44,mobile
8393,1240,2025-02-08,livrée,175.53,mobile
8394,2292,2023-12-11,en cours,1519.5,mobile
8395,1418,2023-06-09,échouée,1430.8,mobile
8396,5185,2024-10-29,en cours,1692.01,web
8397,2053,2020-03-25,en cours,1894.01,mobile
8398,1545,2019-11-15,livrée,1158.68,web
8399,1768,2021-01-21,en cours,1790.83,mobile
8400,4029,2025-09-16,livrée,919.25,web
8401,1284,2022-04-23,en cours,1258.28,web
8402,4216,2025-07-17,livrée,191.47,web
8403,177,2022-11-25,échouée,586.34,mobile
8404,1509,2021-04-26,échouée,1551.67,web
8405,618,2023-10-28,expédiée,502.0,mobile
8406,1684,2024-07-09,en cours,1794.27,mobile
8407,2608,2024-04-07,en cours,348.08,mobile
8408,5375,2024-06-22,échouée,774.53,web
8409,5755,2020-12-06,livrée,128.57,web
8410,3054,2022-11-12,expédiée,1098.92,mobile
8411,1947,2021-09-17,en cours,1521.69,web
8412,1938,2022-06-15,expédiée,1578.71,mobile
8413,5652,2024-06-14,échouée,1554.69,mobile
8414,1074,2022-07-01,livrée,164.7,mobile
8415,5951,2023-05-25,en cours,1703.38,web
8416,2773,2020-11-22,en cours,1281.73,web
8417,3147,2024-08-25,en cours,144.28,mobile
8418,5662,2019-01-12,échouée,1655.81,mobile
8419,4504,2023-08-31,échouée,1026.54,mobile
8420,5410,2022-09-05,livrée,995.44,web
8421,604,2023-08-31,en cours,1106.28,web
8422,1129,2021-07-11,en cours,1724.79,web
8423,4944,2023-05-23,expédiée,1710.66,mobile
8424,4241,2023-03-24,échouée,1012.78,mobile
8425,3808,2022-10-07,échouée,1658.58,web
8426,1452,2021-08-08,échouée,1885.73,mobile
8427,5199,2023-12-01,en cours,1270.9,mobile
8428,1395,2022-02-01,expédiée,1582.69,mobile
8429,3315,2020-07-16,livrée,1953.64,mobile
8430,5660,2020-02-06,expédiée,228.88,mobile
8431,1887,2019-03-23,livrée,974.32,web
8432,2049,2020-08-24,en cours,595.62,web
8433,5167,2024-03-25,expédiée,1101.93,mobile
8434,1363,2024-03-24,en cours,1140.46,mobile
8435,3531,2023-11-17,en cours,838.9,web
8436,1036,2021-03-05,livrée,990.64,web
8437,5007,2021-11-15,en cours,1839.94,mobile
8438,965,2022-05-11,livrée,1065.33,mobile
8439,3971,2025-06-12,expédiée,885.64,web
8440,2855,2020-07-23,échouée,367.29,mobile
8441,4908,2020-03-13,échouée,1952.91,web
8442,1492,2019-10-31,échouée,916.54,mobile
8443,672,2019-03-11,en cours,1473.19,web
8444,4230,2020-10-10,livrée,1946.29,web
8445,2395,2022-08-13,livrée,37.07,web
8446,2471,2021-01-02,livrée,657.19,web
8447,2846,2019-06-19,expédiée,1173.98,mobile
8448,2082,2020-05-10,en cours,1367.3,web
8449,1209,2023-01-03,expédiée,1637.55,web
8450,4754,2023-04-07,expédiée,60.83,web
8451,3989,2021-07-10,expédiée,1508.8,web
8452,1074,2023-02-01,échouée,1025.43,web
8453,3463,2019-09-25,expédiée,1581.24,mobile
8454,4114,2020-12-05,livrée,1571.6,web
8455,1986,2022-11-05,expédiée,1539.62,mobile
8456,5188,2025-02-01,livrée,817.62,mobile
8457,1330,2020-05-27,livrée,354.68,web
8458,4389,2024-06-26,livrée,481.6,web
8459,713,2020-10-06,échouée,907.27,web
8460,2984,2023-07-25,expédiée,239.1,mobile
8461,1733,2023-09-21,expédiée,1643.83,web
8462,2039,2021-04-11,échouée,303.4,mobile
8463,3109,2023-11-18,livrée,1830.75,mobile
8464,757,2019-06-14,livrée,676.67,mobile
8465,1558,2025-06-17,en cours,31.57,mobile
8466,1088,2024-10-22,échouée,629.13,web
8467,477,2022-03-30,expédiée,261.33,web
8468,5121,2025-10-30,en cours,1132.4,web
8469,2155,2022-09-14,en cours,621.13,web
8470,1458,2022-08-05,échouée,1425.19,mobile
8471,3915,2024-03-13,échouée,1496.4,mobile
8472,31,2024-04-11,expédiée,863.9,mobile
8473,3034,2021-03-02,expédiée,83.47,mobile
8474,5718,2019-09-01,expédiée,1508.95,mobile
8475,996,2020-02-17,livrée,227.08,web
8476,1989,2021-05-25,en cours,1746.28,web
8477,5562,2019-02-18,livrée,427.13,mobile
8478,1558,2022-04-30,en cours,616.5,mobile
8479,5475,2023-06-16,expédiée,523.54,mobile
8480,711,2025-06-20,en cours,1983.08,mobile
8481,4592,2019-07-31,échouée,358.07,web
8482,914,2019-08-30,expédiée,1692.89,mobile
8483,21,2024-01-23,en cours,26.62,web
8484,2972,2019-02-23,expédiée,1593.89,mobile
8485,4365,2019-08-07,échouée,780.31,web
8486,3617,2022-01-05,en cours,412.35,web
8487,2287,2021-02-11,livrée,1608.36,mobile
8488,2052,2025-05-18,expédiée,1784.62,mobile
8489,975,2024-10-20,échouée,153.52,mobile
8490,356,2021-06-19,expédiée,1053.71,web
8491,5324,2021-12-04,expédiée,507.75,mobile
8492,2500,2019-04-01,expédiée,1777.99,web
8493,5466,2021-05-07,livrée,796.19,web
8494,5611,2019-08-03,en cours,1400.24,mobile
8495,1136,2021-09-27,livrée,155.21,mobile
8496,5003,2023-07-03,échouée,306.47,mobile
8497,4385,2023-10-10,expédiée,1629.63,web
8498,1781,2024-06-13,échouée,1210.25,mobile
8499,2645,2022-12-13,expédiée,1404.59,mobile
8500,1533,2020-11-05,livrée,652.12,web
8501,2681,2023-11-02,en cours,1009.69,web
8502,4865,2023-11-10,livrée,480.55,mobile
8503,3643,2024-03-12,en cours,1322.5,mobile
8504,1216,2025-11-02,livrée,111.36,web
8505,1547,2023-05-12,en cours,350.48,mobile
8506,4378,2021-12-17,échouée,1039.12,web
8507,1392,2024-12-02,en cours,616.13,mobile
8508,3282,2024-12-16,échouée,1978.78,web
8509,5626,2023-04-15,échouée,475.47,mobile
8510,1364,2021-09-11,expédiée,252.19,mobile
8511,3222,2025-08-13,livrée,466.17,web
8512,1604,2021-03-11,échouée,459.23,web
8513,4750,2020-06-11,livrée,878.49,mobile
8514,5530,2021-12-11,en cours,720.36,web
8515,4987,2022-05-06,en cours,541.35,mobile
8516,5472,2022-11-02,livrée,1470.83,web
8517,1181,2021-01-03,en cours,1385.55,web
8518,1038,2019-08-24,expédiée,580.27,web
8519,3809,2020-01-14,expédiée,556.62,web
8520,5104,2021-09-14,livrée,453.69,web
8521,2266,2025-08-04,livrée,376.63,mobile
8522,3807,2021-02-24,livrée,775.64,mobile
8523,2918,2024-03-22,en cours,678.47,mobile
8524,2604,2025-08-17,en cours,862.98,web
8525,3922,2025-07-31,expédiée,1834.48,mobile
8526,4667,2020-10-26,en cours,1669.06,mobile
8527,298,2025-12-14,en cours,1540.71,mobile
8528,2951,2019-12-20,échouée,929.7,web
8529,2547,2025-11-14,livrée,358.38,web
8530,905,2025-01-18,livrée,1927.27,mobile
8531,5395,2020-11-10,expédiée,1387.88,web
8532,2690,2022-06-29,livrée,1737.55,mobile
8533,2007,2025-01-04,livrée,208.62,web
8534,1027,2020-11-13,expédiée,513.77,mobile
8535,1406,2024-04-25,en cours,1907.9,web
8536,786,2021-03-07,échouée,123.03,mobile
8537,5943,2022-07-11,échouée,1022.83,mobile
8538,3141,2025-01-25,livrée,689.96,web
8539,1118,2024-10-15,en cours,1651.41,web
8540,5186,2024-01-30,expédiée,1605.25,web
8541,3576,2020-06-12,en cours,43.7,mobile
8542,2379,2024-07-25,échouée,259.86,mobile
8543,914,2021-09-26,en cours,652.19,mobile
8544,4732,2025-10-14,échouée,1940.53,mobile
8545,148,2022-04-06,livrée,854.35,mobile
8546,1715,2023-05-30,livrée,224.12,mobile
8547,5417,2023-12-05,échouée,463.64,mobile
8548,935,2023-12-14,expédiée,660.1,mobile
8549,4310,2020-06-29,livrée,1447.05,web
8550,1785,2022-07-28,expédiée,701.63,web
8551,3879,2020-02-26,livrée,201.14,mobile
8552,5921,2021-11-01,expédiée,89.84,web
8553,5012,2020-06-28,échouée,785.7,mobile
8554,2944,2022-01-17,expédiée,1770.46,web
8555,3724,2022-05-22,en cours,1305.33,web
8556,3962,2022-02-11,en cours,1022.85,web
8557,3857,2025-09-13,expédiée,150.78,mobile
8558,826,2024-07-26,en cours,504.59,web
8559,2494,2019-11-09,livrée,418.14,mobile
8560,3288,2025-03-01,en cours,1715.86,mobile
8561,2511,2024-10-24,expédiée,1473.78,web
8562,2852,2019-06-26,échouée,1302.23,web
8563,2112,2021-10-24,livrée,1936.5,web
8564,1116,2022-03-12,expédiée,1156.29,web
8565,4200,2023-04-22,en cours,1056.33,mobile
8566,4988,2020-09-18,expédiée,567.76,web
8567,1670,2020-08-13,expédiée,1880.82,web
8568,5106,2021-10-02,expédiée,1802.73,mobile
8569,4095,2022-04-25,en cours,815.94,mobile
8570,3549,2024-10-07,échouée,59.36,web
8571,1343,2023-01-28,expédiée,1912.47,web
8572,497,2021-09-01,en cours,1877.32,web
8573,4322,2025-06-20,échouée,110.61,web
8574,3981,2024-03-30,livrée,1229.92,web
8575,1081,2020-07-28,en cours,1863.64,mobile
8576,2546,2021-04-06,en cours,60.08,mobile
8577,4951,2022-11-20,en cours,1615.53,mobile
8578,5566,2024-07-11,échouée,490.75,mobile
8579,159,2025-04-30,livrée,1692.26,mobile
8580,3563,2021-04-30,en cours,1111.67,web
8581,4152,2021-09-24,en cours,398.49,web
8582,3288,2020-12-19,échouée,1523.52,web
8583,2594,2021-08-10,livrée,884.0,web
8584,1601,2024-12-20,livrée,589.41,web
8585,1206,2020-09-10,livrée,1775.33,web
8586,721,2021-04-23,en cours,1857.76,mobile
8587,3979,2024-11-13,expédiée,1892.38,web
8588,2410,2024-07-14,en cours,1755.53,web
8589,2935,2021-07-03,livrée,1151.83,mobile
8590,3748,2023-04-25,livrée,1286.67,web
8591,1957,2024-07-02,livrée,731.33,web
8592,5951,2019-09-21,expédiée,1121.01,mobile
8593,3619,2019-12-21,expédiée,728.2,web
8594,5412,2020-09-18,livrée,758.84,mobile
8595,2202,2024-09-29,expédiée,1565.82,mobile
8596,2773,2021-11-21,livrée,1848.27,web
8597,2498,2023-03-24,expédiée,114.15,web
8598,3398,2025-12-07,expédiée,872.72,web
8599,1652,2022-04-14,en cours,1249.98,mobile
8600,4862,2025-08-06,échouée,251.65,web
8601,5215,2025-03-28,livrée,1352.96,mobile
8602,3050,2019-04-19,expédiée,1324.74,mobile
8603,2409,2022-04-22,livrée,694.5,mobile
8604,5259,2025-02-28,livrée,200.22,mobile
8605,4423,2025-04-27,échouée,810.78,mobile
8606,3237,2025-08-31,échouée,76.29,mobile
8607,5061,2024-03-25,livrée,756.04,web
8608,3673,2021-01-05,livrée,1048.39,web
8609,5718,2019-06-11,en cours,318.97,mobile
8610,4779,2022-07-26,expédiée,1336.24,mobile
8611,4796,2019-01-24,échouée,1898.54,mobile
8612,2889,2024-12-03,échouée,159.25,web
8613,4250,2020-12-13,échouée,1786.94,mobile
8614,2662,2023-12-15,en cours,119.87,web
8615,4055,2023-06-28,expédiée,586.73,web
8616,1211,2021-04-27,en cours,1105.47,web
8617,2429,2023-08-29,en cours,1678.49,web
8618,2205,2025-08-05,expédiée,367.43,mobile
8619,4894,2021-07-25,expédiée,1789.31,mobile
8620,687,2023-03-08,échouée,938.86,web
8621,5512,2019-07-08,expédiée,215.46,web
8622,4467,2022-12-28,livrée,871.17,mobile
8623,4001,2025-03-07,expédiée,1140.43,web
8624,3493,2022-07-13,expédiée,1668.37,web
8625,5518,2022-11-20,échouée,1914.69,mobile
8626,4121,2021-01-31,livrée,1662.0,mobile
8627,4915,2025-04-08,échouée,870.65,mobile
8628,2049,2025-06-10,en cours,179.05,web
8629,819,2021-11-23,échouée,200.48,web
8630,5019,2020-10-13,expédiée,1358.54,web
8631,5987,2019-07-16,en cours,1020.64,web
8632,4308,2021-08-03,en cours,744.62,mobile
8633,2152,2024-06-09,échouée,544.43,mobile
8634,3612,2023-12-20,expédiée,1090.26,web
8635,5867,2023-12-17,échouée,1179.18,web
8636,4437,2025-09-07,livrée,1442.82,mobile
8637,2682,2025-01-06,en cours,1874.45,web
8638,4099,2024-04-02,expédiée,757.78,web
8639,1355,2020-04-01,expédiée,1886.31,mobile
8640,4828,2019-11-11,livrée,1293.15,web
8641,2453,2023-05-12,en cours,330.04,web
8642,4701,2023-10-28,échouée,1443.08,web
8643,5731,2021-08-25,livrée,74.42,web
8644,265,2023-06-09,livrée,919.61,mobile
8645,1608,2020-02-01,livrée,1118.69,web
8646,3748,2022-02-11,en cours,198.3,web
8647,4320,2019-11-21,expédiée,1588.59,web
8648,681,2020-09-21,livrée,815.83,web
8649,302,2019-04-13,échouée,459.92,mobile
8650,1504,2021-07-17,livrée,599.08,mobile
8651,2747,2021-12-17,expédiée,641.63,mobile
8652,3758,2024-11-15,échouée,156.39,web
8653,1764,2023-02-22,échouée,1288.37,web
8654,2050,2023-09-25,expédiée,389.35,web
8655,5492,2021-05-06,livrée,974.23,web
8656,4038,2025-07-17,livrée,185.17,mobile
8657,3576,2022-06-16,livrée,712.22,mobile
8658,5841,2022-03-14,en cours,1818.1,mobile
8659,1071,2025-06-02,échouée,480.27,web
8660,467,2021-03-06,expédiée,1899.13,mobile
8661,4041,2024-05-02,échouée,235.86,web
8662,5027,2022-05-17,échouée,1564.99,web
8663,1833,2024-11-08,échouée,1409.43,web
8664,650,2025-07-08,en cours,946.01,web
8665,1303,2020-08-18,en cours,1590.55,mobile
8666,5133,2022-10-01,livrée,1406.39,web
8667,3911,2025-09-28,expédiée,1208.8,mobile
8668,358,2020-10-25,échouée,187.5,web
8669,766,2025-07-30,échouée,1509.11,mobile
8670,3660,2020-10-21,échouée,290.14,mobile
8671,1976,2023-03-10,en cours,256.9,web
8672,4530,2021-11-26,expédiée,1839.45,web
8673,5026,2023-01-22,en cours,533.59,mobile
8674,398,2021-07-08,expédiée,212.2,web
8675,2442,2020-03-15,expédiée,365.24,mobile
8676,115,2022-01-15,en cours,820.13,web
8677,3332,2019-04-11,échouée,1344.71,mobile
8678,3839,2023-10-25,livrée,1155.61,mobile
8679,772,2022-07-05,livrée,1310.94,mobile
8680,2093,2025-12-19,en cours,483.93,web
8681,1636,2019-04-12,en cours,120.58,mobile
8682,3395,2020-12-27,expédiée,594.5,web
8683,3421,2022-07-22,livrée,66.21,web
8684,4674,2021-09-26,en cours,305.97,web
8685,2087,2020-02-05,échouée,1135.64,mobile
8686,2650,2024-11-23,expédiée,505.53,mobile
8687,5472,2021-04-30,en cours,1981.42,web
8688,2626,2021-02-08,livrée,539.22,mobile
8689,5605,2020-06-13,échouée,1095.88,mobile
8690,867,2024-09-21,en cours,1004.48,web
8691,5032,2022-06-16,expédiée,1621.64,mobile
8692,801,2020-09-02,échouée,1645.5,mobile
8693,5193,2022-09-19,livrée,1486.11,mobile
8694,3086,2019-07-29,livrée,75.23,web
8695,5827,2019-10-31,échouée,682.6,mobile
8696,3886,2019-06-22,livrée,995.24,web
8697,2403,2020-07-29,en cours,1600.21,web
8698,5091,2022-09-23,expédiée,593.23,mobile
8699,1851,2022-08-14,échouée,591.51,mobile
8700,5744,2022-09-16,livrée,644.61,web
8701,4999,2019-11-30,expédiée,1430.29,mobile
8702,3735,2024-07-07,expédiée,1288.15,mobile
8703,558,2025-10-23,échouée,672.05,mobile
8704,3307,2024-10-01,échouée,1937.93,web
8705,101,2025-11-11,en cours,533.09,web
8706,425,2021-06-07,en cours,1276.14,mobile
8707,4869,2022-01-01,expédiée,941.09,mobile
8708,2022,2023-06-12,échouée,49.83,mobile
8709,2027,2020-04-20,en cours,1960.34,web
8710,1100,2019-01-29,en cours,1340.93,mobile
8711,1108,2021-04-18,en cours,157.32,web
8712,4699,2020-09-04,livrée,1210.66,mobile
8713,4721,2022-02-01,livrée,921.7,mobile
8714,2400,2025-09-08,échouée,1190.74,web
8715,5754,2021-07-27,en cours,398.01,web
8716,3481,2019-08-16,livrée,682.55,web
8717,3762,2019-10-08,expédiée,1121.34,web
8718,409,2025-01-16,expédiée,1220.25,mobile
8719,845,2019-02-06,en cours,1000.41,mobile
8720,4883,2025-08-19,livrée,214.25,web
8721,2761,2021-10-02,échouée,1983.5,web
8722,2933,2020-12-02,livrée,1977.19,web
8723,2690,2020-04-17,expédiée,1112.72,mobile
8724,2436,2025-08-17,échouée,636.35,mobile
8725,408,2021-10-20,expédiée,263.82,mobile
8726,3890,2021-11-22,échouée,423.46,mobile
8727,1601,2022-11-25,livrée,1551.56,mobile
8728,2608,2021-08-12,en cours,1764.42,web
8729,3346,2019-08-11,en cours,1464.69,mobile
8730,1672,2025-08-17,en cours,1210.0,web
8731,5888,2020-05-11,livrée,1774.31,mobile
8732,5710,2019-10-28,en cours,454.4,mobile
8733,1133,2020-12-12,échouée,537.17,web
8734,5913,2023-02-11,livrée,803.6,mobile
8735,5875,2021-07-20,en cours,1931.65,mobile
8736,5897,2022-11-21,échouée,1743.97,web
8737,1639,2024-12-04,en cours,252.41,web
8738,2353,2024-03-30,livrée,1122.79,mobile
8739,4244,2023-12-05,échouée,172.39,web
8740,2233,2020-07-29,livrée,1524.66,mobile
8741,802,2020-08-18,échouée,593.52,web
8742,3078,2023-05-09,expédiée,149.46,web
8743,250,2023-06-11,en cours,1732.09,mobile
8744,3657,2022-03-23,livrée,1357.85,mobile
8745,1162,2019-04-16,livrée,684.0,mobile
8746,4375,2024-06-04,expédiée,242.95,web
8747,5314,2023-05-10,expédiée,1854.3,mobile
8748,234,2024-09-02,échouée,55.41,web
8749,2378,2024-05-03,en cours,564.23,web
8750,2730,2019-10-12,échouée,255.04,web
8751,1797,2025-06-20,en cours,426.72,web
8752,2691,2021-11-10,livrée,1698.95,mobile
8753,2941,2025-10-17,en cours,1157.14,web
8754,2274,2025-08-02,livrée,147.67,mobile
8755,4584,2023-11-03,expédiée,110.07,mobile
8756,4767,2023-08-08,échouée,365.28,web
8757,5685,2020-10-30,livrée,703.87,web
8758,3168,2022-03-11,expédiée,484.1,web
8759,1011,2019-08-30,échouée,1533.95,web
8760,952,2022-02-12,livrée,925.74,mobile
8761,3566,2023-07-16,en cours,1903.87,mobile
8762,3327,2025-09-08,en cours,207.11,mobile
8763,4051,2024-02-19,expédiée,840.48,web
8764,5913,2020-02-14,expédiée,516.32,mobile
8765,810,2021-02-22,expédiée,630.89,mobile
8766,1236,2025-04-22,échouée,421.29,mobile
8767,1439,2020-04-30,expédiée,1131.33,mobile
8768,758,2022-11-25,échouée,1985.35,mobile
8769,2388,2024-07-31,échouée,806.3,mobile
8770,3215,2023-09-30,échouée,1170.11,web
8771,4618,2024-07-04,expédiée,416.33,web
8772,5016,2024-02-29,livrée,1281.57,web
8773,5738,2019-09-01,expédiée,1163.58,web
8774,5618,2024-09-29,en cours,469.92,mobile
8775,2108,2024-01-20,échouée,1614.19,mobile
8776,797,2020-07-11,en cours,52.02,web
8777,3497,2025-07-29,en cours,1636.65,web
8778,3958,2022-08-07,expédiée,78.57,web
8779,4184,2021-10-07,expédiée,1461.56,web
8780,365,2021-08-06,expédiée,659.19,mobile
8781,1960,2019-08-11,livrée,1446.93,web
8782,650,2023-06-07,échouée,407.17,web
8783,3310,2024-07-08,expédiée,1866.13,mobile
8784,2819,2024-06-28,échouée,289.75,web
8785,2803,2023-04-22,livrée,1192.77,web
8786,3951,2019-01-30,échouée,561.75,web
8787,5019,2025-08-13,expédiée,289.0,mobile
8788,3435,2024-08-22,échouée,1789.23,mobile
8789,5135,2020-06-20,livrée,549.93,web
8790,2723,2020-04-14,en cours,1664.98,web
8791,5258,2025-03-21,livrée,888.75,mobile
8792,5051,2023-05-27,en cours,820.86,web
8793,4518,2022-01-19,livrée,111.87,mobile
8794,4533,2023-04-28,en cours,1895.71,web
8795,557,2020-04-12,en cours,1370.02,web
8796,4061,2023-01-04,échouée,1317.66,mobile
8797,5166,2023-03-26,expédiée,637.05,mobile
8798,1598,2024-05-01,en cours,1938.47,mobile
8799,1518,2023-02-20,échouée,1711.17,web
8800,3046,2024-10-02,livrée,601.2,mobile
8801,3217,2024-11-20,livrée,1537.15,mobile
8802,846,2022-07-01,livrée,950.74,web
8803,5509,2023-10-24,en cours,1588.12,web
8804,4625,2021-01-09,expédiée,1803.08,mobile
8805,4691,2024-11-22,livrée,236.03,mobile
8806,72,2023-11-11,expédiée,1729.46,mobile
8807,197,2023-11-26,en cours,1868.79,web
8808,5337,2020-09-08,expédiée,139.79,web
8809,1615,2025-02-05,en cours,1825.25,web
8810,4153,2021-10-23,expédiée,1923.17,web
8811,2901,2019-03-29,expédiée,572.74,mobile
8812,416,2020-04-22,en cours,1911.35,web
8813,1905,2023-09-08,échouée,179.43,web
8814,2479,2023-01-10,expédiée,945.87,mobile
8815,1341,2024-02-14,livrée,344.64,mobile
8816,2400,2021-03-10,expédiée,1452.53,web
8817,3474,2024-10-24,en cours,1421.79,web
8818,4258,2025-03-03,en cours,1508.67,web
8819,2999,2025-04-29,livrée,1701.49,web
8820,129,2020-03-30,échouée,796.79,web
8821,5489,2020-09-19,en cours,72.45,web
8822,5692,2023-08-07,expédiée,1354.7,web
8823,2933,2024-01-23,expédiée,142.25,web
8824,3172,2020-11-02,échouée,79.66,web
8825,2757,2023-03-04,livrée,1937.37,web
8826,2129,2020-07-04,expédiée,1433.5,web
8827,44,2025-09-09,en cours,109.43,mobile
8828,736,2022-12-11,expédiée,1515.65,web
8829,2849,2024-11-18,expédiée,454.76,mobile
8830,119,2019-03-01,en cours,810.79,mobile
8831,3218,2020-06-14,en cours,391.94,web
8832,1481,2019-06-01,expédiée,874.93,mobile
8833,5132,2021-08-29,expédiée,1475.55,web
8834,1766,2020-01-12,expédiée,742.56,web
8835,533,2025-08-13,échouée,707.78,web
8836,2453,2019-04-19,en cours,1041.58,web
8837,1883,2021-09-14,livrée,1273.02,mobile
8838,5264,2019-03-30,en cours,142.51,web
8839,3318,2020-09-26,échouée,1379.89,mobile
8840,5089,2024-03-10,livrée,623.92,mobile
8841,3021,2024-07-30,livrée,301.11,mobile
8842,2107,2020-10-29,échouée,1901.47,mobile
8843,1335,2024-01-01,en cours,853.45,mobile
8844,1997,2024-01-07,en cours,1714.21,web
8845,1462,2022-11-08,livrée,1550.14,mobile
8846,3043,2024-06-03,échouée,867.07,web
8847,2953,2024-12-10,échouée,1076.63,mobile
8848,5991,2024-10-18,expédiée,487.06,mobile
8849,4436,2022-08-30,échouée,385.62,mobile
8850,3847,2020-12-16,en cours,906.68,mobile
8851,676,2023-09-02,échouée,1400.45,web
8852,2780,2020-03-25,expédiée,1063.25,mobile
8853,1162,2021-10-02,expédiée,1932.93,web
8854,2111,2025-06-29,en cours,355.22,mobile
8855,4460,2025-04-18,expédiée,382.59,web
8856,2807,2023-01-01,échouée,1035.11,mobile
8857,3429,2022-03-02,en cours,437.42,mobile
8858,1489,2025-12-10,échouée,1384.51,web
8859,1853,2024-02-05,livrée,1108.35,mobile
8860,4887,2020-01-07,échouée,897.49,mobile
8861,4970,2025-07-10,échouée,1527.04,mobile
8862,5760,2025-12-04,expédiée,987.6,mobile
8863,1315,2023-01-26,en cours,1238.21,mobile
8864,3334,2023-05-14,livrée,696.95,mobile
8865,5099,2020-12-02,livrée,184.33,web
8866,166,2023-01-01,livrée,65.68,mobile
8867,2485,2023-07-13,livrée,61.6,mobile
8868,728,2025-09-30,échouée,687.16,web
8869,3919,2024-03-18,échouée,445.6,mobile
8870,4820,2022-01-26,échouée,1856.77,web
8871,1606,2025-06-25,expédiée,438.78,mobile
8872,2462,2025-10-22,en cours,611.25,web
8873,3197,2021-07-07,en cours,274.06,web
8874,122,2022-04-15,livrée,797.01,web
8875,2597,2025-03-11,expédiée,991.92,web
8876,4555,2020-10-26,échouée,1283.91,web
8877,2371,2024-07-23,en cours,1714.75,web
8878,4977,2021-11-12,expédiée,1516.4,web
8879,1774,2020-09-02,expédiée,1133.28,mobile
8880,3043,2025-08-06,en cours,847.77,web
8881,3139,2024-04-09,en cours,1076.77,mobile
8882,941,2023-09-12,en cours,166.82,mobile
8883,5078,2024-09-27,expédiée,1997.22,web
8884,782,2019-07-08,expédiée,758.75,web
8885,958,2024-12-04,expédiée,1440.31,web
8886,2649,2022-04-20,en cours,1380.01,mobile
8887,2550,2020-10-01,expédiée,304.49,mobile
8888,2937,2020-01-16,en cours,756.21,web
8889,246,2020-08-10,livrée,1060.81,mobile
8890,117,2019-04-23,expédiée,218.52,mobile
8891,2378,2024-07-26,livrée,1816.28,web
8892,3589,2022-02-08,expédiée,1395.16,mobile
8893,4202,2023-02-10,échouée,457.23,web
8894,2317,2020-11-16,échouée,830.3,web
8895,2024,2021-12-02,en cours,102.33,mobile
8896,1850,2020-03-31,livrée,1024.5,web
8897,3699,2020-03-05,expédiée,154.24,mobile
8898,2256,2021-11-08,livrée,107.75,web
8899,1426,2024-10-13,livrée,1490.39,mobile
8900,4405,2024-06-29,en cours,590.08,web
8901,233,2022-05-26,en cours,723.06,web
8902,5542,2024-01-25,échouée,341.92,web
8903,5693,2025-12-14,échouée,1469.73,web
8904,5199,2021-10-23,livrée,1013.86,web
8905,251,2019-10-25,en cours,1632.09,mobile
8906,243,2024-03-30,livrée,1392.61,web
8907,5230,2020-06-14,en cours,845.39,web
8908,1324,2024-09-22,échouée,1976.16,mobile
8909,3954,2019-07-25,en cours,1068.62,web
8910,3629,2024-01-06,échouée,86.81,web
8911,801,2023-08-28,en cours,459.93,web
8912,2231,2024-12-13,livrée,428.48,mobile
8913,1968,2022-02-04,échouée,1579.88,mobile
8914,3878,2022-10-13,expédiée,1640.49,web
8915,4494,2025-03-31,échouée,396.25,mobile
8916,1589,2022-07-23,en cours,1266.48,mobile
8917,3907,2022-05-15,échouée,1940.36,web
8918,3861,2020-04-17,échouée,1755.13,mobile
8919,4403,2022-04-22,expédiée,409.85,mobile
8920,3154,2023-09-17,échouée,503.0,mobile
8921,1626,2021-02-17,en cours,491.95,mobile
8922,5358,2019-11-08,expédiée,1041.12,mobile
8923,2278,2023-05-05,échouée,1674.09,mobile
8924,1729,2024-06-14,échouée,855.41,mobile
8925,161,2019-03-25,en cours,436.26,mobile
8926,26,2019-08-29,livrée,45.86,mobile
8927,812,2021-06-21,livrée,956.53,mobile
8928,4023,2024-09-23,livrée,432.58,mobile
8929,4223,2021-12-09,livrée,1101.36,mobile
8930,3588,2025-10-27,échouée,85.49,mobile
8931,2954,2020-07-12,livrée,445.85,web
8932,206,2019-08-28,en cours,1999.11,mobile
8933,5038,2023-08-16,en cours,84.39,web
8934,5289,2022-06-04,en cours,1700.83,web
8935,4539,2019-02-22,en cours,518.38,web
8936,5512,2025-12-04,livrée,1892.57,web
8937,5092,2019-10-06,expédiée,1298.69,mobile
8938,2219,2023-05-02,en cours,1917.47,mobile
8939,924,2025-03-28,échouée,1974.14,web
8940,577,2024-01-27,en cours,1741.83,mobile
8941,597,2019-01-04,expédiée,1055.4,mobile
8942,1389,2023-07-26,en cours,1005.42,mobile
8943,2066,2019-02-25,livrée,234.33,mobile
8944,4903,2023-02-13,expédiée,1584.67,web
8945,3498,2020-04-27,en cours,1058.2,web
8946,4183,2023-03-22,expédiée,1821.49,mobile
8947,2205,2021-07-25,échouée,1756.1,web
8948,4387,2024-09-02,en cours,575.67,mobile
8949,3078,2025-05-02,expédiée,1693.89,mobile
8950,2791,2020-05-01,livrée,291.48,web
8951,5517,2020-11-16,échouée,1272.23,web
8952,5332,2021-06-18,échouée,1752.83,mobile
8953,3456,2023-11-13,échouée,1841.16,mobile
8954,4474,2023-03-30,en cours,432.41,web
8955,5112,2025-12-17,livrée,1346.02,mobile
8956,940,2021-11-27,expédiée,855.61,mobile
8957,2149,2022-08-03,en cours,1882.45,web
8958,3613,2024-06-07,en cours,98.76,web
8959,3916,2024-11-29,livrée,1200.79,mobile
8960,5393,2025-01-15,en cours,365.1,web
8961,3338,2021-08-13,en cours,233.26,mobile
8962,2602,2023-07-04,livrée,1742.07,web
8963,3793,2020-03-08,expédiée,1946.19,mobile
8964,1373,2022-10-27,expédiée,1182.35,mobile
8965,683,2025-08-30,livrée,1002.93,web
8966,2528,2024-08-24,échouée,1075.06,mobile
8967,585,2024-02-15,en cours,831.41,web
8968,2417,2019-06-16,échouée,1151.88,mobile
8969,360,2020-11-03,expédiée,630.56,mobile
8970,5010,2020-03-08,expédiée,452.01,mobile
8971,5930,2019-11-22,en cours,1507.44,web
8972,5465,2023-08-28,livrée,1567.95,mobile
8973,185,2023-02-10,expédiée,1201.14,web
8974,5817,2019-09-23,en cours,848.42,mobile
8975,2531,2025-07-22,en cours,1818.83,mobile
8976,597,2022-04-25,en cours,905.85,mobile
8977,1030,2021-11-30,échouée,1330.01,mobile
8978,3383,2022-06-11,échouée,1146.43,web
8979,4528,2025-12-29,en cours,1477.47,web
8980,1579,2020-07-21,échouée,332.57,web
8981,4006,2021-06-14,expédiée,479.94,web
8982,2837,2023-05-19,expédiée,44.44,mobile
8983,4668,2019-03-31,en cours,1715.65,web
8984,3293,2023-10-11,en cours,1905.21,mobile
8985,5676,2023-02-24,livrée,1723.74,web
8986,2182,2022-06-13,livrée,218.9,mobile
8987,4642,2019-05-08,en cours,449.31,web
8988,792,2020-10-06,en cours,241.79,mobile
8989,4293,2022-07-10,expédiée,1910.54,web
8990,1758,2021-01-25,expédiée,873.27,web
8991,3644,2022-04-22,échouée,540.74,mobile
8992,5840,2019-01-07,échouée,345.9,mobile
8993,2658,2024-01-11,en cours,156.14,mobile
8994,1837,2021-03-26,livrée,382.26,mobile
8995,287,2020-11-07,livrée,848.82,web
8996,3089,2025-08-13,livrée,1176.0,web
8997,1391,2024-11-19,livrée,723.63,web
8998,5265,2025-12-02,échouée,1652.45,mobile
8999,4987,2025-11-14,livrée,376.34,mobile
9000,1239,2019-11-16,échouée,1017.09,mobile
9001,4098,2024-02-29,en cours,451.75,web
9002,469,2022-05-25,échouée,1902.58,mobile
9003,2812,2020-11-10,en cours,1980.51,mobile
9004,4758,2021-07-05,en cours,1728.67,web
9005,1873,2020-03-04,échouée,1239.76,mobile
9006,588,2020-01-05,en cours,1269.45,mobile
9007,2909,2023-12-24,en cours,818.09,mobile
9008,5484,2019-09-08,expédiée,732.74,mobile
9009,2922,2019-03-31,livrée,435.83,web
9010,610,2020-11-25,échouée,1762.02,mobile
9011,1477,2022-05-26,en cours,1657.84,mobile
9012,947,2020-03-06,en cours,1853.62,web
9013,4726,2020-06-20,livrée,1307.44,mobile
9014,4918,2021-08-20,en cours,122.19,mobile
9015,3281,2025-01-15,échouée,530.86,mobile
9016,2708,2020-11-27,expédiée,30.17,web
9017,447,2023-03-15,expédiée,462.21,mobile
9018,2130,2023-06-12,expédiée,1329.09,web
9019,4499,2019-07-24,en cours,1958.34,web
9020,451,2020-03-27,expédiée,1350.08,web
9021,3273,2022-07-04,en cours,1573.8,mobile
9022,4790,2025-11-15,en cours,980.29,web
9023,2456,2023-02-12,échouée,1117.1,web
9024,4262,2025-03-19,expédiée,1733.02,web
9025,962,2024-03-13,en cours,423.43,mobile
9026,5750,2022-12-26,expédiée,1067.47,mobile
9027,3701,2019-02-04,en cours,1193.32,mobile
9028,3497,2020-07-25,échouée,1274.54,web
9029,2916,2021-05-05,échouée,1444.7,mobile
9030,4085,2022-06-05,expédiée,1159.62,web
9031,3774,2025-11-11,expédiée,1659.68,mobile
9032,2243,2020-02-21,livrée,1990.17,mobile
9033,111,2024-02-21,livrée,708.47,web
9034,5760,2022-08-02,en cours,639.87,web
9035,5788,2019-08-15,livrée,1296.61,web
9036,1876,2023-11-24,expédiée,1155.62,mobile
9037,4831,2023-01-16,expédiée,1675.37,mobile
9038,1758,2022-04-25,échouée,1163.65,web
9039,1016,2019-06-01,échouée,323.41,mobile
9040,4802,2024-08-21,expédiée,36.96,mobile
9041,4208,2023-07-03,en cours,1693.25,mobile
9042,4703,2023-11-05,livrée,355.4,mobile
9043,3254,2024-11-04,en cours,650.31,mobile
9044,472,2024-04-05,expédiée,1138.97,mobile
9045,1013,2025-02-16,échouée,46.62,mobile
9046,5251,2022-10-23,échouée,1449.5,web
9047,5221,2021-10-10,livrée,29.64,web
9048,355,2019-03-08,livrée,1154.71,web
9049,3235,2025-11-18,en cours,250.43,mobile
9050,3609,2023-04-08,expédiée,1903.68,mobile
9051,1414,2020-04-30,livrée,1625.24,mobile
9052,4078,2024-07-30,échouée,235.5,mobile
9053,5015,2022-07-27,expédiée,1837.61,web
9054,1231,2021-09-25,en cours,524.13,mobile
9055,5021,2024-10-17,échouée,1267.34,web
9056,528,2024-07-12,échouée,983.04,mobile
9057,2164,2021-03-12,livrée,1219.49,mobile
9058,5400,2024-04-18,expédiée,26.07,mobile
9059,138,2020-09-08,en cours,636.6,mobile
9060,407,2022-07-04,en cours,1149.59,web
9061,5945,2024-04-15,livrée,1545.71,mobile
9062,1409,2025-06-04,expédiée,1850.7,mobile
9063,11,2025-05-28,livrée,1273.23,mobile
9064,2334,2019-01-03,expédiée,441.56,mobile
9065,1173,2023-11-21,en cours,55.45,mobile
9066,2561,2024-05-24,livrée,1540.66,mobile
9067,1506,2025-11-27,en cours,75.87,web
9068,1854,2025-11-23,en cours,1012.43,web
9069,424,2024-06-30,échouée,205.58,mobile
9070,4951,2022-09-09,échouée,208.51,mobile
9071,3249,2020-03-29,échouée,187.19,web
9072,2958,2024-07-26,expédiée,1741.03,mobile
9073,376,2023-01-23,en cours,1439.47,web
9074,1344,2024-04-24,échouée,268.0,mobile
9075,1674,2021-09-18,expédiée,1660.19,web
9076,5509,2019-05-06,en cours,1826.32,web
9077,2442,2022-04-18,livrée,1168.68,web
9078,2919,2021-09-16,expédiée,550.72,web
9079,3503,2022-11-13,livrée,1190.64,web
9080,19,2022-07-24,expédiée,303.47,web
9081,4588,2024-06-04,échouée,1797.42,web
9082,1683,2022-05-21,échouée,1232.71,mobile
9083,2917,2019-08-31,expédiée,1640.04,mobile
9084,5329,2022-12-15,livrée,975.35,web
9085,3174,2024-04-28,en cours,1739.53,mobile
9086,2129,2021-08-25,échouée,1989.91,mobile
9087,2479,2019-03-09,expédiée,1111.99,mobile
9088,958,2021-09-20,échouée,144.0,web
9089,3343,2021-04-15,échouée,1750.8,web
9090,2375,2025-02-10,livrée,976.8,web
9091,852,2024-02-04,expédiée,556.8,mobile
9092,979,2019-07-04,échouée,1116.54,web
9093,3352,2019-10-07,livrée,1307.26,mobile
9094,157,2019-12-10,expédiée,760.32,mobile
9095,2942,2019-08-21,en cours,995.61,mobile
9096,5882,2020-11-16,en cours,592.2,web
9097,3073,2025-02-04,en cours,921.67,mobile
9098,4055,2020-11-28,échouée,903.23,mobile
9099,4647,2021-12-14,en cours,1326.45,web
9100,1285,2025-01-15,livrée,1503.49,web
9101,1076,2020-11-25,expédiée,480.27,web
9102,1581,2019-05-11,livrée,1134.69,mobile
9103,2604,2023-09-01,expédiée,88.41,mobile
9104,5862,2025-05-30,expédiée,1097.67,web
9105,2279,2020-09-14,expédiée,188.81,mobile
9106,5516,2019-01-27,expédiée,1140.59,web
9107,856,2019-01-06,livrée,878.93,web
9108,4937,2024-07-13,livrée,723.0,web
9109,2335,2019-09-03,en cours,819.66,mobile
9110,1454,2023-04-13,échouée,1994.41,mobile
9111,5319,2023-06-15,livrée,1284.3,mobile
9112,2596,2020-07-16,expédiée,1862.3,web
9113,3466,2023-08-10,expédiée,218.78,mobile
9114,5635,2023-08-21,échouée,818.13,web
9115,1303,2021-12-04,expédiée,375.64,mobile
9116,2806,2024-09-09,expédiée,190.95,web
9117,220,2020-06-14,échouée,749.86,web
9118,1714,2023-01-05,expédiée,1758.18,web
9119,1601,2024-12-10,en cours,209.85,mobile
9120,977,2024-09-07,échouée,390.84,mobile
9121,308,2024-11-01,expédiée,353.3,web
9122,2100,2025-08-15,en cours,1540.36,web
9123,893,2020-06-16,en cours,579.99,web
9124,4802,2023-11-27,en cours,321.67,mobile
9125,5037,2025-04-24,livrée,997.26,mobile
9126,445,2023-11-30,expédiée,130.12,mobile
9127,1585,2021-11-13,en cours,1478.67,mobile
9128,5100,2022-06-11,échouée,125.19,mobile
9129,3957,2020-04-17,échouée,434.91,mobile
9130,636,2019-01-11,expédiée,506.56,mobile
9131,1249,2023-06-11,en cours,1765.19,web
9132,546,2022-06-10,livrée,1196.12,web
9133,4189,2019-05-11,livrée,1983.36,mobile
9134,5619,2024-03-27,expédiée,1385.46,web
9135,2361,2020-10-24,livrée,1028.59,mobile
9136,1363,2023-11-19,échouée,985.24,web
9137,291,2021-03-21,échouée,1585.99,mobile
9138,4399,2025-03-17,livrée,98.05,web
9139,4497,2022-12-12,en cours,899.35,mobile
9140,4064,2020-10-06,livrée,1583.74,web
9141,39,2019-05-19,en cours,460.54,mobile
9142,1179,2019-07-22,livrée,567.05,mobile
9143,3446,2020-01-04,livrée,283.29,mobile
9144,3947,2024-01-17,livrée,1487.69,web
9145,1562,2022-10-18,expédiée,804.21,mobile
9146,3117,2020-09-24,échouée,1304.76,web
9147,4079,2024-09-05,expédiée,1641.98,mobile
9148,5209,2022-10-25,livrée,383.41,mobile
9149,4135,2023-07-30,expédiée,163.39,web
9150,4026,2023-07-15,livrée,873.32,mobile
9151,841,2023-08-07,livrée,1274.34,mobile
9152,5736,2020-12-30,échouée,124.09,mobile
9153,4635,2020-03-02,expédiée,1757.54,web
9154,5101,2019-03-22,en cours,739.88,web
9155,5436,2024-10-23,en cours,1579.85,mobile
9156,1681,2020-12-23,en cours,790.42,web
9157,2984,2023-03-12,expédiée,263.45,mobile
9158,1148,2024-03-24,livrée,231.5,web
9159,5960,2020-08-29,en cours,1406.1,web
9160,626,2025-03-23,livrée,1283.93,web
9161,210,2022-05-17,échouée,269.91,mobile
9162,665,2020-05-20,en cours,1316.2,mobile
9163,2298,2025-01-02,livrée,1134.52,web
9164,3880,2025-05-19,en cours,1214.46,web
9165,2051,2019-05-11,livrée,1231.71,mobile
9166,630,2020-04-09,expédiée,1650.65,mobile
9167,1553,2020-04-27,livrée,1511.82,mobile
9168,3960,2023-01-11,livrée,1879.22,web
9169,726,2024-01-20,expédiée,805.98,web
9170,1150,2022-07-04,en cours,960.42,mobile
9171,5945,2025-08-17,échouée,1195.25,mobile
9172,303,2020-11-08,en cours,978.55,mobile
9173,4351,2019-03-22,expédiée,86.55,web
9174,4509,2020-04-28,en cours,438.35,web
9175,3847,2020-06-01,livrée,1330.82,web
9176,3419,2020-07-23,expédiée,339.93,mobile
9177,3110,2024-12-17,expédiée,285.79,web
9178,959,2019-02-03,livrée,185.23,web
9179,5873,2023-11-12,en cours,472.86,mobile
9180,2718,2022-02-03,en cours,790.46,mobile
9181,3617,2025-04-17,livrée,348.97,mobile
9182,201,2025-06-27,livrée,774.95,mobile
9183,445,2019-10-14,expédiée,268.03,mobile
9184,4850,2025-12-21,en cours,1736.08,mobile
9185,3233,2022-05-03,expédiée,1474.28,web
9186,97,2024-11-10,expédiée,54.25,web
9187,4135,2021-04-26,expédiée,1787.5,mobile
9188,938,2020-05-19,expédiée,470.17,mobile
9189,3586,2025-08-14,en cours,1549.0,mobile
9190,3039,2022-09-07,en cours,1794.86,mobile
9191,4974,2025-07-08,expédiée,506.49,web
9192,1079,2021-01-15,en cours,289.27,web
9193,507,2019-11-25,livrée,241.96,mobile
9194,4349,2023-10-01,expédiée,711.11,mobile
9195,2728,2019-12-11,livrée,1619.19,mobile
9196,3086,2022-04-30,livrée,1925.28,web
9197,1775,2025-09-06,livrée,970.61,web
9198,3315,2025-08-07,échouée,683.4,web
9199,1551,2020-07-02,échouée,439.65,web
9200,2374,2022-08-17,échouée,1881.24,web
9201,2835,2023-08-25,en cours,1979.0,web
9202,2932,2025-06-21,expédiée,756.4,web
9203,2532,2025-05-15,expédiée,1756.31,mobile
9204,867,2025-05-03,expédiée,34.37,web
9205,3923,2024-02-18,échouée,307.87,mobile
9206,542,2023-06-14,échouée,1481.01,mobile
9207,593,2025-01-17,expédiée,1192.79,mobile
9208,4213,2025-12-27,livrée,754.58,mobile
9209,1911,2021-03-13,en cours,1394.76,web
9210,2286,2021-03-16,livrée,402.54,web
9211,3667,2021-12-14,livrée,1811.74,mobile
9212,1094,2024-10-13,livrée,988.21,web
9213,1631,2019-11-07,expédiée,1519.58,mobile
9214,1673,2019-06-28,en cours,1395.26,web
9215,4014,2020-04-16,expédiée,1516.89,mobile
9216,988,2023-05-12,échouée,1873.05,mobile
9217,716,2023-06-23,en cours,371.75,mobile
9218,2658,2023-09-29,échouée,696.9,mobile
9219,2018,2024-10-01,expédiée,247.58,web
9220,3995,2022-01-14,livrée,1056.13,web
9221,266,2023-08-25,livrée,1091.21,web
9222,1675,2020-02-17,en cours,1588.48,mobile
9223,2391,2021-12-10,en cours,1195.69,mobile
9224,5798,2025-09-20,expédiée,457.66,mobile
9225,2779,2023-04-08,échouée,1614.61,web
9226,2052,2021-03-01,en cours,617.62,web
9227,5089,2023-02-01,expédiée,776.48,web
9228,5496,2020-12-05,en cours,322.06,web
9229,2363,2022-11-01,expédiée,1677.15,web
9230,1000,2023-03-08,expédiée,665.43,web
9231,5457,2019-08-11,échouée,1409.78,mobile
9232,3289,2022-03-26,expédiée,1918.11,mobile
9233,5177,2025-09-23,livrée,1228.06,web
9234,3337,2022-05-10,en cours,109.12,mobile
9235,4104,2025-08-20,expédiée,1813.61,mobile
9236,5451,2024-01-12,livrée,51.9,web
9237,3316,2025-07-19,en cours,917.8,web
9238,3049,2021-01-23,livrée,956.55,mobile
9239,184,2021-11-10,expédiée,1745.83,web
9240,1363,2020-12-16,livrée,1977.0,web
9241,582,2020-04-16,expédiée,1916.13,web
9242,1843,2019-06-29,en cours,240.22,mobile
9243,2090,2022-05-20,échouée,20.59,web
9244,4413,2020-06-05,en cours,1288.03,web
9245,703,2019-11-29,échouée,1421.91,mobile
9246,5996,2022-12-28,échouée,1865.7,web
9247,533,2024-09-29,livrée,1029.69,mobile
9248,1098,2022-01-20,échouée,474.33,web
9249,4402,2021-08-08,livrée,1938.42,web
9250,82,2024-08-20,livrée,1416.11,mobile
9251,3373,2024-05-18,livrée,1144.94,mobile
9252,4090,2020-05-20,expédiée,284.73,web
9253,2981,2019-10-22,en cours,1241.52,mobile
9254,4116,2023-11-10,expédiée,1321.43,web
9255,5517,2024-05-26,livrée,1431.5,mobile
9256,1645,2024-05-17,expédiée,426.4,mobile
9257,3524,2025-02-05,en cours,90.7,mobile
9258,5052,2023-08-13,échouée,543.02,mobile
9259,5571,2025-06-12,en cours,1093.36,mobile
9260,4659,2025-10-31,en cours,1378.81,web
9261,2695,2022-08-04,expédiée,960.45,web
9262,4623,2024-02-11,en cours,1915.99,web
9263,1324,2025-02-02,expédiée,1976.84,web
9264,880,2020-04-13,échouée,937.32,web
9265,1141,2024-04-05,échouée,921.41,mobile
9266,247,2022-07-30,en cours,467.96,mobile
9267,5216,2023-10-28,échouée,975.32,mobile
9268,1388,2021-10-20,expédiée,436.81,mobile
9269,2460,2020-07-18,expédiée,1024.16,mobile
9270,3322,2025-04-13,expédiée,1613.17,mobile
9271,4824,2022-02-24,expédiée,482.03,web
9272,4368,2019-03-18,échouée,780.79,mobile
9273,1182,2025-09-06,expédiée,1810.75,web
9274,4195,2023-11-03,en cours,55.36,web
9275,3515,2025-04-18,en cours,1576.33,mobile
9276,498,2022-01-01,expédiée,391.45,web
9277,2950,2022-05-14,expédiée,868.02,mobile
9278,5302,2020-08-31,livrée,1679.45,web
9279,2876,2021-06-08,échouée,906.4,mobile
9280,1055,2019-07-01,en cours,1608.44,web
9281,3919,2021-03-13,livrée,46.99,web
9282,942,2024-02-12,livrée,1007.38,web
9283,2628,2019-09-03,échouée,616.54,mobile
9284,2008,2025-09-08,livrée,876.74,web
9285,2791,2025-07-16,échouée,1184.58,web
9286,4445,2019-07-27,livrée,1941.48,web
9287,4413,2024-08-14,échouée,1439.83,mobile
9288,1167,2024-04-21,expédiée,889.12,mobile
9289,2146,2021-12-16,échouée,1448.79,web
9290,5604,2025-08-10,en cours,579.46,mobile
9291,4261,2022-02-21,en cours,197.22,web
9292,4200,2019-10-30,échouée,523.17,mobile
9293,1837,2019-04-12,échouée,1516.42,mobile
9294,339,2022-06-01,échouée,1861.46,mobile
9295,244,2020-09-03,livrée,412.29,web
9296,368,2021-06-05,expédiée,895.63,mobile
9297,2710,2025-06-22,échouée,1079.37,mobile
9298,3350,2025-03-12,en cours,1131.7,web
9299,5289,2022-04-07,échouée,975.92,mobile
9300,2310,2023-05-22,échouée,1210.72,mobile
9301,3881,2019-02-19,expédiée,1211.37,mobile
9302,3337,2022-12-13,expédiée,566.61,web
9303,3120,2019-07-23,échouée,180.58,mobile
9304,2437,2021-08-21,expédiée,769.88,mobile
9305,3836,2024-06-28,livrée,1509.09,mobile
9306,5686,2019-08-22,livrée,974.21,web
9307,1567,2022-07-19,échouée,1432.09,web
9308,4252,2021-12-31,en cours,933.62,mobile
9309,2449,2024-04-05,en cours,1951.25,mobile
9310,1901,2024-04-06,en cours,800.05,web
9311,5807,2025-12-20,échouée,432.5,mobile
9312,1469,2023-03-24,expédiée,924.58,mobile
9313,1270,2019-02-15,en cours,357.84,mobile
9314,495,2022-04-11,expédiée,1090.62,web
9315,5243,2020-12-25,en cours,1018.34,mobile
9316,2622,2021-09-26,expédiée,488.97,web
9317,920,2025-06-06,en cours,566.94,web
9318,423,2025-07-09,expédiée,713.01,web
9319,1622,2022-04-30,expédiée,190.94,web
9320,5288,2020-05-21,en cours,411.03,mobile
9321,2750,2023-06-23,échouée,363.29,web
9322,2514,2023-07-19,échouée,1428.39,mobile
9323,4640,2025-05-28,livrée,275.98,web
9324,1488,2022-12-29,échouée,275.45,web
9325,1152,2021-05-20,livrée,285.51,web
9326,4792,2022-03-30,expédiée,1009.19,web
9327,4175,2021-05-16,échouée,1690.31,mobile
9328,4524,2019-03-25,livrée,1526.06,web
9329,982,2019-07-17,livrée,224.97,mobile
9330,511,2024-12-21,échouée,922.75,mobile
9331,2251,2021-10-13,en cours,472.33,web
9332,1349,2024-02-03,expédiée,897.53,web
9333,2846,2020-11-11,expédiée,1348.43,web
9334,513,2023-02-03,expédiée,1267.17,mobile
9335,2829,2021-08-08,en cours,131.51,web
9336,630,2020-03-10,expédiée,133.79,mobile
9337,5740,2023-06-23,en cours,78.01,web
9338,1225,2023-11-03,en cours,302.84,web
9339,3182,2020-07-29,expédiée,1502.34,mobile
9340,2295,2023-02-27,en cours,1300.06,web
9341,2967,2020-06-17,en cours,250.24,web
9342,2681,2020-07-06,échouée,1067.57,web
9343,5849,2020-08-17,en cours,464.35,mobile
9344,5867,2021-02-01,livrée,597.44,web
9345,1929,2019-03-09,expédiée,1596.4,web
9346,2886,2024-10-24,livrée,144.75,web
9347,3713,2025-03-12,livrée,1345.21,mobile
9348,5028,2019-02-06,échouée,1908.05,mobile
9349,842,2025-03-24,livrée,575.27,web
9350,5795,2023-07-03,expédiée,514.33,mobile
9351,2976,2022-07-11,échouée,1116.84,mobile
9352,4314,2019-03-01,expédiée,164.32,mobile
9353,4446,2022-01-22,échouée,711.17,mobile
9354,1476,2020-08-18,expédiée,1116.12,web
9355,5997,2021-06-10,en cours,962.21,mobile
9356,1575,2022-09-03,livrée,1269.45,web
9357,414,2020-09-04,expédiée,346.73,mobile
9358,1281,2020-11-01,livrée,1699.19,mobile
9359,1385,2021-09-23,expédiée,376.1,mobile
9360,4450,2025-11-06,livrée,327.46,mobile
9361,5575,2020-12-29,livrée,1348.07,mobile
9362,4869,2023-04-14,échouée,1193.96,mobile
9363,313,2022-10-05,échouée,672.88,web
9364,16,2025-08-31,livrée,757.73,web
9365,4967,2023-06-28,livrée,672.76,mobile
9366,2547,2024-02-03,échouée,170.23,web
9367,2522,2023-10-07,livrée,1087.06,web
9368,1812,2023-11-08,en cours,639.87,web
9369,1988,2025-06-10,expédiée,830.24,web
9370,1182,2019-10-12,expédiée,945.28,mobile
9371,1394,2022-05-21,livrée,1716.71,web
9372,5606,2020-12-30,expédiée,1837.7,web
9373,408,2021-08-22,en cours,1538.92,mobile
9374,1825,2024-06-26,expédiée,1313.23,mobile
9375,1617,2023-05-20,en cours,1277.31,web
9376,5705,2025-09-19,expédiée,1124.2,web
9377,4303,2019-06-13,en cours,1794.38,mobile
9378,992,2020-12-21,en cours,1067.05,web
9379,3132,2020-02-22,expédiée,1191.12,web
9380,2927,2019-09-17,en cours,1684.68,web
9381,5105,2019-01-19,expédiée,632.89,web
9382,515,2022-06-17,échouée,1314.76,web
9383,4262,2024-09-30,livrée,468.88,web
9384,2312,2024-08-27,échouée,474.74,mobile
9385,1932,2021-12-25,expédiée,1135.64,web
9386,4463,2023-05-09,en cours,1729.0,web
9387,1155,2021-07-12,expédiée,1598.97,web
9388,33,2022-02-27,en cours,1535.51,mobile
9389,3855,2021-12-30,expédiée,368.71,web
9390,4807,2021-07-14,livrée,590.39,mobile
9391,254,2025-11-15,livrée,909.95,web
9392,1648,2023-08-01,expédiée,1739.13,mobile
9393,1812,2022-03-02,expédiée,1511.8,mobile
9394,4549,2023-03-19,en cours,105.99,web
9395,1688,2022-12-16,livrée,688.19,mobile
9396,639,2020-05-06,échouée,288.65,web
9397,899,2023-05-19,échouée,1663.45,web
9398,400,2022-03-26,échouée,811.86,mobile
9399,5499,2019-10-29,expédiée,1956.63,mobile
9400,2482,2025-10-18,expédiée,551.63,mobile
9401,280,2019-08-31,expédiée,318.99,web
9402,3735,2020-08-28,livrée,265.92,mobile
9403,3689,2020-07-12,livrée,273.74,web
9404,3875,2022-03-06,en cours,174.85,web
9405,3301,2024-04-20,expédiée,1397.94,mobile
9406,610,2021-05-31,livrée,950.26,web
9407,2328,2023-04-05,expédiée,150.83,mobile
9408,4337,2023-01-25,expédiée,1019.82,web
9409,5901,2019-06-12,livrée,1187.35,web
9410,2721,2023-07-28,expédiée,869.47,mobile
9411,1953,2022-11-23,livrée,1858.56,web
9412,695,2020-05-14,livrée,500.77,web
9413,4788,2022-09-19,échouée,1330.42,web
9414,3280,2019-11-26,échouée,1555.22,web
9415,848,2022-05-25,livrée,1855.7,web
9416,5534,2020-11-26,en cours,741.16,web
9417,2855,2019-01-09,en cours,580.22,web
9418,4044,2020-04-14,en cours,100.82,mobile
9419,5577,2023-02-09,livrée,1050.97,web
9420,1117,2022-03-21,livrée,185.85,web
9421,1262,2020-11-08,livrée,1035.85,web
9422,1023,2022-01-21,en cours,1135.91,mobile
9423,2537,2020-10-10,livrée,280.38,mobile
9424,1174,2025-09-01,expédiée,414.87,mobile
9425,357,2025-05-21,échouée,159.3,mobile
9426,5936,2021-04-13,expédiée,1804.21,web
9427,511,2019-02-26,expédiée,1517.6,mobile
9428,1254,2020-12-07,en cours,1839.6,mobile
9429,1231,2025-06-17,expédiée,82.52,web
9430,1840,2021-12-31,en cours,562.18,mobile
9431,4601,2023-12-07,en cours,1568.94,web
9432,614,2023-05-04,livrée,778.79,mobile
9433,2056,2020-07-29,livrée,743.82,web
9434,4342,2023-02-06,en cours,408.44,web
9435,366,2019-09-15,livrée,835.37,mobile
9436,1944,2023-07-20,en cours,926.46,mobile
9437,4351,2020-08-31,livrée,1128.12,mobile
9438,4325,2022-09-09,en cours,842.26,web
9439,3817,2021-04-09,échouée,691.91,mobile
9440,1546,2020-05-31,échouée,1484.02,web
9441,391,2020-10-11,échouée,348.35,mobile
9442,3817,2024-06-13,en cours,474.53,web
9443,4871,2024-01-08,expédiée,1709.68,mobile
9444,5208,2020-06-16,expédiée,935.8,mobile
9445,1285,2019-06-15,livrée,1487.2,web
9446,2607,2019-06-12,livrée,1803.22,mobile
9447,2712,2022-10-21,échouée,580.89,mobile
9448,1153,2019-01-15,échouée,343.58,mobile
9449,304,2020-06-19,expédiée,740.76,web
9450,4238,2024-10-19,en cours,574.9,mobile
9451,5380,2024-09-02,échouée,758.02,web
9452,3770,2019-12-18,en cours,425.03,web
9453,3960,2020-01-30,en cours,1629.68,mobile
9454,455,2024-11-08,en cours,281.85,web
9455,2512,2021-03-08,livrée,447.83,mobile
9456,1906,2022-02-21,en cours,1525.97,web
9457,1570,2022-12-28,livrée,1188.8,mobile
9458,4455,2021-05-30,en cours,753.25,web
9459,3852,2022-09-02,expédiée,960.42,mobile
9460,4533,2024-05-20,échouée,687.84,mobile
9461,5255,2019-10-11,expédiée,492.84,web
9462,252,2020-11-11,en cours,1249.91,web
9463,5745,2022-06-08,échouée,738.65,mobile
9464,1690,2023-02-23,expédiée,1205.14,web
9465,4225,2022-08-18,en cours,885.61,mobile
9466,4566,2022-06-27,livrée,119.51,web
9467,2091,2025-01-18,en cours,1577.73,web
9468,4336,2025-06-22,livrée,1029.14,web
9469,2271,2019-01-25,livrée,1488.72,web
9470,1986,2021-07-25,en cours,741.66,web
9471,2372,2019-11-21,expédiée,796.91,web
9472,4970,2019-03-05,livrée,1631.58,web
9473,5156,2019-07-14,expédiée,1842.26,web
9474,1842,2024-11-14,en cours,1173.25,web
9475,3168,2023-08-08,échouée,789.39,mobile
9476,3568,2020-01-26,livrée,514.06,mobile
9477,941,2025-05-25,échouée,598.59,mobile
9478,3275,2023-08-03,expédiée,1533.8,web
9479,632,2023-11-21,expédiée,1860.74,web
9480,2068,2022-09-11,expédiée,444.22,web
9481,4046,2019-05-13,en cours,1413.65,mobile
9482,3722,2025-11-29,expédiée,238.75,web
9483,570,2025-12-24,expédiée,1035.88,web
9484,1526,2022-10-16,expédiée,1586.66,web
9485,3542,2022-07-13,échouée,1338.04,web
9486,3202,2024-02-15,en cours,939.64,web
9487,319,2020-08-30,livrée,1156.28,web
9488,5181,2025-02-08,expédiée,1561.21,mobile
9489,1189,2024-01-20,échouée,624.38,web
9490,5420,2022-12-16,échouée,1039.67,web
9491,2563,2024-08-06,expédiée,812.84,mobile
9492,1401,2021-02-05,livrée,1013.12,web
9493,5042,2023-08-11,échouée,401.47,mobile
9494,3778,2020-11-15,livrée,1225.94,web
9495,1220,2024-10-14,expédiée,1244.25,mobile
9496,370,2019-09-18,échouée,22.36,web
9497,2587,2022-10-29,livrée,860.44,mobile
9498,4717,2025-01-12,livrée,489.3,web
9499,2077,2022-12-08,en cours,413.31,mobile
9500,5974,2019-06-18,expédiée,551.78,web
9501,4704,2024-02-14,livrée,1185.02,mobile
9502,5546,2021-09-04,en cours,76.64,web
9503,3491,2020-11-16,échouée,146.75,mobile
9504,2818,2020-05-29,échouée,1317.79,web
9505,4336,2024-06-05,livrée,1539.3,web
9506,2837,2021-04-26,livrée,524.35,mobile
9507,761,2019-09-11,expédiée,1341.31,mobile
9508,1842,2021-12-15,expédiée,953.26,mobile
9509,2120,2023-01-13,en cours,75.07,web
9510,1403,2025-10-07,livrée,899.35,mobile
9511,1346,2019-11-18,expédiée,1415.77,mobile
9512,4121,2023-09-27,livrée,994.84,mobile
9513,1367,2021-04-08,livrée,1480.57,mobile
9514,1357,2019-05-30,livrée,1744.59,mobile
9515,1657,2023-03-04,livrée,890.88,mobile
9516,2046,2019-01-01,échouée,748.26,mobile
9517,1492,2021-12-29,expédiée,1746.95,web
9518,5203,2023-10-23,livrée,1545.27,web
9519,63,2023-06-20,échouée,616.1,web
9520,5003,2019-12-20,livrée,1578.75,web
9521,647,2020-11-20,échouée,763.28,web
9522,4411,2022-10-06,livrée,806.89,web
9523,4505,2020-02-03,expédiée,831.01,web
9524,3511,2019-11-12,en cours,1149.38,mobile
9525,5086,2024-08-15,livrée,947.34,web
9526,3200,2022-11-02,échouée,362.18,web
9527,3466,2025-08-09,livrée,1701.12,web
9528,4094,2019-12-25,échouée,1493.31,web
9529,3476,2022-06-27,échouée,1912.99,web
9530,3644,2022-10-15,échouée,1092.3,mobile
9531,903,2019-10-31,expédiée,36.65,mobile
9532,4587,2022-09-15,échouée,693.06,mobile
9533,3006,2024-11-29,livrée,1892.32,web
9534,5662,2023-03-03,échouée,893.66,web
9535,5598,2019-02-19,livrée,548.48,mobile
9536,309,2022-08-02,échouée,307.4,mobile
9537,3970,2022-05-09,en cours,975.55,web
9538,4757,2025-05-17,expédiée,469.0,web
9539,218,2023-09-23,livrée,566.14,mobile
9540,3966,2022-02-26,en cours,361.3,web
9541,4712,2025-10-07,expédiée,995.35,web
9542,2934,2020-11-19,livrée,1061.62,mobile
9543,4936,2019-08-11,expédiée,389.43,mobile
9544,741,2022-09-03,expédiée,1897.17,mobile
9545,4374,2019-11-03,expédiée,874.58,web
9546,22,2019-09-26,expédiée,1812.05,web
9547,379,2022-12-12,échouée,792.82,mobile
9548,4564,2021-04-24,livrée,656.65,mobile
9549,2219,2020-04-01,échouée,1515.03,web
9550,5291,2019-10-27,livrée,1729.49,web
9551,79,2025-08-15,échouée,1972.33,mobile
9552,274,2020-08-12,en cours,1056.42,web
9553,828,2021-03-19,expédiée,237.21,mobile
9554,773,2021-12-18,en cours,774.46,web
9555,2039,2024-04-02,échouée,1004.41,mobile
9556,4061,2021-04-06,livrée,775.06,web
9557,3612,2019-12-21,livrée,1081.03,mobile
9558,3509,2025-05-05,échouée,222.09,web
9559,2800,2019-06-06,en cours,967.14,mobile
9560,4110,2022-02-09,livrée,255.5,web
9561,1400,2022-05-26,en cours,897.68,web
9562,2051,2020-08-04,expédiée,860.18,web
9563,550,2023-10-05,expédiée,816.12,mobile
9564,2287,2023-11-01,échouée,519.43,mobile
9565,4157,2025-01-28,livrée,185.11,web
9566,884,2022-01-30,livrée,1982.15,mobile
9567,5061,2025-03-08,livrée,421.55,web
9568,1816,2022-08-09,expédiée,1044.92,web
9569,4234,2021-10-05,échouée,1029.68,mobile
9570,4257,2023-04-08,expédiée,1115.34,web
9571,155,2024-11-08,livrée,153.94,mobile
9572,5168,2025-02-19,en cours,1094.17,mobile
9573,1576,2025-02-28,livrée,943.52,web
9574,3412,2020-08-24,livrée,771.18,mobile
9575,1525,2019-10-20,expédiée,1371.58,mobile
9576,916,2024-10-30,livrée,841.75,mobile
9577,3476,2022-08-12,échouée,1402.98,mobile
9578,4139,2019-07-27,livrée,208.84,web
9579,2190,2021-10-26,expédiée,1336.49,mobile
9580,1552,2022-07-10,échouée,1013.36,web
9581,5733,2021-12-02,livrée,225.81,web
9582,1326,2019-09-28,en cours,681.68,mobile
9583,2445,2021-11-09,expédiée,800.9,web
9584,5787,2019-01-27,en cours,1841.89,mobile
9585,3886,2022-10-21,échouée,1953.77,mobile
9586,365,2025-10-01,en cours,144.5,web
9587,1583,2025-04-07,échouée,848.97,web
9588,2487,2025-07-27,livrée,904.72,mobile
9589,1611,2020-01-12,expédiée,1194.69,web
9590,3674,2020-11-07,livrée,748.19,mobile
9591,5711,2023-09-25,livrée,583.71,web
9592,4668,2020-04-08,expédiée,81.02,web
9593,5896,2023-01-29,échouée,1285.86,mobile
9594,1902,2023-04-18,échouée,541.99,mobile
9595,4678,2025-11-29,échouée,1865.26,mobile
9596,3853,2021-11-10,en cours,1599.45,web
9597,3662,2025-08-16,échouée,1288.37,mobile
9598,5538,2021-12-02,livrée,1211.5,web
9599,5491,2024-08-02,livrée,1527.41,mobile
9600,158,2019-09-16,échouée,743.17,web
9601,2751,2022-10-05,expédiée,1956.48,web
9602,5442,2025-02-22,expédiée,675.13,mobile
9603,5187,2020-03-29,échouée,1399.58,web
9604,2104,2021-02-10,en cours,1720.08,web
9605,3656,2023-12-03,échouée,1389.13,mobile
9606,2970,2019-09-27,expédiée,353.14,web
9607,4597,2020-09-15,en cours,648.59,web
9608,2687,2019-09-12,échouée,911.84,web
9609,3601,2021-08-23,expédiée,1307.35,mobile
9610,32,2024-02-14,livrée,642.88,mobile
9611,894,2019-02-14,échouée,1234.23,mobile
9612,1650,2025-11-14,en cours,1075.38,mobile
9613,839,2019-05-30,en cours,872.03,web
9614,3367,2019-07-25,livrée,423.55,mobile
9615,81,2022-01-14,livrée,108.65,mobile
9616,4959,2025-07-20,échouée,625.56,mobile
9617,679,2023-04-30,échouée,521.16,web
9618,4973,2019-09-07,en cours,1101.16,web
9619,856,2023-03-06,expédiée,1736.71,mobile
9620,5467,2020-03-30,échouée,720.73,mobile
9621,5390,2024-01-14,expédiée,1636.29,mobile
9622,3351,2023-08-02,en cours,1249.99,mobile
9623,4456,2024-10-05,livrée,1373.42,web
9624,31,2024-01-04,en cours,576.04,web
9625,1250,2024-05-10,en cours,1413.67,web
9626,1785,2024-06-23,livrée,1398.04,web
9627,5027,2023-10-30,en cours,847.98,mobile
9628,5159,2021-11-10,livrée,1891.87,web
9629,2706,2025-06-09,échouée,744.44,mobile
9630,2151,2020-01-26,expédiée,1260.31,mobile
9631,4217,2024-08-13,livrée,297.27,mobile
9632,3325,2021-09-03,échouée,869.72,web
9633,5163,2020-05-01,échouée,385.22,web
9634,2678,2024-10-02,expédiée,725.0,mobile
9635,4802,2021-07-06,échouée,1369.96,web
9636,1313,2020-10-12,livrée,1640.78,mobile
9637,1486,2023-07-23,livrée,1329.34,web
9638,1697,2025-01-16,livrée,700.6,mobile
9639,407,2022-10-24,échouée,1499.79,web
9640,1480,2019-09-23,en cours,1883.95,mobile
9641,3208,2025-03-08,échouée,125.07,mobile
9642,196,2024-08-12,en cours,1909.49,mobile
9643,1274,2022-04-22,livrée,1839.5,mobile
9644,3543,2023-09-28,expédiée,1271.02,mobile
9645,1861,2023-10-11,livrée,376.85,web
9646,5631,2021-12-19,échouée,1903.01,web
9647,2746,2025-11-03,livrée,1040.04,mobile
9648,1042,2022-05-22,livrée,1087.98,mobile
9649,5042,2022-06-01,échouée,1248.36,mobile
9650,4791,2025-12-28,échouée,738.23,mobile
9651,550,2021-07-29,en cours,1332.58,mobile
9652,3649,2023-07-28,échouée,124.05,web
9653,1600,2024-06-10,livrée,808.68,web
9654,5498,2023-05-26,en cours,36.57,mobile
9655,4907,2025-10-18,expédiée,646.44,mobile
9656,5630,2021-06-12,échouée,1121.69,mobile
9657,4410,2019-08-09,expédiée,1309.36,mobile
9658,78,2020-04-02,échouée,1894.26,web
9659,4791,2022-10-12,échouée,628.03,mobile
9660,641,2021-05-19,en cours,511.48,web
9661,5490,2023-05-11,livrée,889.29,web
9662,5663,2025-12-16,en cours,684.45,mobile
9663,4169,2024-01-28,en cours,56.32,mobile
9664,5089,2024-02-15,en cours,958.05,mobile
9665,1936,2024-10-25,livrée,822.5,web
9666,5,2019-08-04,échouée,141.31,web
9667,4402,2021-06-15,expédiée,1690.9,mobile
9668,4079,2025-05-05,expédiée,1219.07,web
9669,1353,2019-09-11,échouée,799.8,mobile
9670,1389,2025-03-07,en cours,906.86,mobile
9671,4335,2021-03-12,échouée,437.27,web
9672,3386,2023-09-23,livrée,1740.1,mobile
9673,2259,2023-09-09,expédiée,328.33,web
9674,5748,2020-04-28,livrée,1213.63,mobile
9675,2064,2023-08-29,livrée,1729.04,mobile
9676,877,2025-01-15,échouée,59.53,web
9677,4041,2025-08-05,en cours,789.26,web
9678,2134,2022-07-27,livrée,150.56,web
9679,527,2023-08-18,livrée,261.75,web
9680,3848,2021-04-20,échouée,1027.38,mobile
9681,4075,2024-02-14,échouée,1964.25,mobile
9682,859,2021-05-10,en cours,737.02,mobile
9683,1940,2019-05-22,expédiée,1211.52,web
9684,3103,2023-05-08,en cours,407.1,web
9685,3880,2020-08-13,expédiée,451.27,mobile
9686,2315,2024-10-28,en cours,403.04,mobile
9687,4464,2020-07-24,expédiée,1969.4,web
9688,5134,2025-03-16,expédiée,1951.8,web
9689,2855,2022-09-05,en cours,872.82,mobile
9690,1045,2023-10-15,livrée,286.95,mobile
9691,1697,2019-08-28,livrée,1175.13,web
9692,2173,2019-03-12,en cours,1631.1,mobile
9693,1700,2022-01-05,livrée,144.65,mobile
9694,70,2023-09-24,échouée,1212.44,mobile
9695,5904,2024-04-27,livrée,711.14,mobile
9696,3127,2020-12-08,livrée,609.86,mobile
9697,2047,2023-12-19,livrée,154.51,web
9698,1842,2021-02-26,expédiée,243.11,mobile
9699,1381,2023-03-27,expédiée,659.24,web
9700,4615,2022-05-16,livrée,1735.08,web
9701,1060,2024-10-04,en cours,1151.71,web
9702,167,2025-06-11,expédiée,1739.4,mobile
9703,1258,2025-02-13,expédiée,974.57,mobile
9704,4376,2019-04-28,livrée,1746.06,mobile
9705,1058,2023-02-27,en cours,672.67,mobile
9706,1036,2022-12-17,livrée,744.68,web
9707,5718,2021-09-02,échouée,540.67,web
9708,5702,2025-10-26,livrée,1419.9,web
9709,5940,2022-04-19,échouée,468.82,web
9710,2837,2022-12-17,en cours,1292.69,mobile
9711,5983,2020-07-11,livrée,1961.53,web
9712,1645,2025-11-01,en cours,1334.33,web
9713,1724,2021-06-06,en cours,1608.65,mobile
9714,1238,2025-10-30,en cours,1788.25,web
9715,1341,2024-12-09,échouée,1153.18,web
9716,3639,2022-03-23,en cours,112.25,mobile
9717,5031,2020-07-18,en cours,1159.66,web
9718,3674,2019-02-17,livrée,1562.47,web
9719,2346,2022-10-19,échouée,1610.28,mobile
9720,2898,2024-06-04,expédiée,1497.26,web
9721,5951,2022-12-30,livrée,512.41,web
9722,1324,2021-09-11,échouée,617.22,mobile
9723,4398,2024-10-23,en cours,405.09,web
9724,2600,2024-07-25,livrée,99.81,web
9725,3392,2025-10-12,en cours,944.82,mobile
9726,4610,2024-01-11,expédiée,1108.1,web
9727,3239,2021-01-11,expédiée,888.87,web
9728,1643,2021-05-21,en cours,531.62,mobile
9729,2626,2019-03-31,livrée,806.04,web
9730,4960,2022-02-06,livrée,59.62,mobile
9731,3423,2023-06-10,expédiée,383.64,web
9732,3863,2022-06-16,échouée,1463.68,web
9733,1708,2023-02-21,échouée,1106.95,web
9734,5720,2022-08-21,échouée,1647.12,mobile
9735,1127,2023-07-14,échouée,1721.71,web
9736,2635,2023-07-04,livrée,446.87,web
9737,5686,2021-07-05,échouée,482.22,mobile
9738,5353,2021-08-23,échouée,1179.52,web
9739,1160,2025-10-07,livrée,480.4,mobile
9740,4044,2022-10-29,en cours,1527.31,mobile
9741,465,2020-12-01,échouée,1512.74,mobile
9742,4816,2024-09-22,échouée,1768.25,web
9743,928,2019-10-23,expédiée,1566.48,web
9744,869,2023-07-04,échouée,1192.66,mobile
9745,919,2019-05-12,en cours,1982.49,web
9746,2135,2025-10-01,en cours,1806.39,web
9747,4840,2019-09-15,en cours,708.45,mobile
9748,2798,2023-07-10,échouée,1625.44,web
9749,4270,2023-10-09,échouée,1264.59,web
9750,4225,2021-07-04,expédiée,1569.51,mobile
9751,4159,2022-06-08,expédiée,1146.63,mobile
9752,2414,2019-10-02,en cours,761.08,mobile
9753,211,2025-07-23,expédiée,1103.79,web
9754,4383,2019-08-13,expédiée,692.81,web
9755,4541,2021-11-25,échouée,482.02,mobile
9756,5520,2023-02-20,expédiée,722.85,web
9757,728,2025-09-26,expédiée,988.78,mobile
9758,1512,2020-06-24,en cours,675.13,web
9759,2085,2024-07-12,expédiée,157.85,mobile
9760,4778,2020-10-25,en cours,1787.39,web
9761,4387,2020-12-21,expédiée,1686.98,mobile
9762,973,2022-09-23,livrée,797.87,mobile
9763,2806,2021-10-30,en cours,1821.89,web
9764,2516,2019-01-30,en cours,1921.97,web
9765,4263,2020-11-20,expédiée,225.96,web
9766,2667,2021-05-29,expédiée,629.38,web
9767,301,2019-06-09,en cours,946.68,mobile
9768,5865,2025-09-16,livrée,1781.08,web
9769,1432,2021-10-29,échouée,1890.53,mobile
9770,5782,2022-10-17,livrée,644.35,web
9771,5955,2022-08-29,échouée,417.39,mobile
9772,79,2020-01-17,échouée,1750.92,web
9773,3547,2019-01-14,échouée,1370.8,mobile
9774,474,2019-03-20,en cours,970.89,mobile
9775,5642,2021-11-20,échouée,1741.89,mobile
9776,4308,2020-06-08,échouée,1996.13,mobile
9777,4043,2025-03-12,expédiée,320.58,web
9778,4498,2021-07-07,en cours,91.04,mobile
9779,2389,2024-11-29,expédiée,1932.76,web
9780,3601,2023-11-20,expédiée,1974.54,mobile
9781,4201,2019-04-08,expédiée,814.1,web
9782,1494,2020-09-19,livrée,1305.1,web
9783,4057,2024-12-22,expédiée,751.5,web
9784,5189,2019-08-14,expédiée,676.56,web
9785,5743,2024-06-09,livrée,31.84,mobile
9786,3717,2025-11-04,en cours,1485.6,web
9787,3773,2024-03-16,en cours,41.11,mobile
9788,4716,2023-05-11,en cours,588.46,web
9789,5033,2023-08-12,livrée,1814.88,web
9790,4031,2023-03-22,livrée,1882.86,mobile
9791,557,2020-06-19,en cours,1842.77,web
9792,1938,2021-05-11,en cours,1786.3,mobile
9793,2411,2021-12-21,en cours,673.42,mobile
9794,887,2019-02-27,expédiée,25.96,web
9795,2415,2025-10-04,livrée,1972.19,web
9796,301,2023-10-28,échouée,891.68,mobile
9797,2029,2024-10-26,en cours,604.56,web
9798,5647,2025-06-15,en cours,1354.11,web
9799,3340,2025-07-07,livrée,1051.73,mobile
9800,5705,2021-01-07,en cours,307.69,web
9801,4848,2024-05-28,expédiée,1597.5,web
9802,2053,2025-06-24,échouée,1765.37,web
9803,1067,2024-08-10,expédiée,1166.77,web
9804,4378,2022-07-13,livrée,495.65,mobile
9805,3171,2020-06-15,échouée,917.95,mobile
9806,2344,2020-05-04,livrée,1262.64,mobile
9807,3735,2023-05-27,échouée,1931.38,mobile
9808,1787,2021-07-08,échouée,428.39,web
9809,2404,2023-09-28,en cours,834.88,mobile
9810,4903,2020-03-31,échouée,1213.95,web
9811,2105,2023-05-06,expédiée,1887.05,mobile
9812,4216,2022-05-20,en cours,541.45,web
9813,3095,2021-02-11,expédiée,1613.07,web
9814,36,2022-05-05,livrée,584.42,mobile
9815,844,2025-08-11,expédiée,267.35,mobile
9816,1962,2021-11-22,échouée,1280.83,web
9817,1236,2025-02-12,échouée,1378.89,web
9818,5770,2021-06-22,échouée,137.44,mobile
9819,3254,2020-01-12,expédiée,1944.47,mobile
9820,5785,2024-01-16,expédiée,1162.22,mobile
9821,3297,2023-02-19,expédiée,1641.55,mobile
9822,1424,2023-01-04,échouée,119.55,mobile
9823,1174,2025-04-02,échouée,793.29,mobile
9824,1240,2020-04-01,échouée,794.66,web
9825,4477,2019-03-20,échouée,615.91,mobile
9826,5220,2024-08-04,échouée,428.41,web
9827,3149,2023-09-05,en cours,613.99,web
9828,569,2025-05-06,échouée,818.0,mobile
9829,5742,2023-11-16,en cours,1132.22,web
9830,3164,2019-10-26,expédiée,1108.86,web
9831,3338,2023-09-27,expédiée,519.22,mobile
9832,899,2019-11-19,livrée,407.98,web
9833,5563,2019-05-04,en cours,1083.95,web
9834,3367,2020-12-30,en cours,1547.17,web
9835,2640,2023-06-29,expédiée,1031.48,web
9836,4841,2022-09-22,expédiée,1646.38,web
9837,323,2020-10-01,expédiée,1635.84,web
9838,5780,2023-10-04,échouée,365.0,mobile
9839,4669,2025-10-23,expédiée,1953.89,web
9840,2314,2020-09-17,expédiée,1799.96,web
9841,3388,2023-09-29,livrée,280.62,mobile
9842,4839,2022-05-19,livrée,263.14,mobile
9843,1143,2022-04-01,en cours,1230.42,web
9844,4577,2025-07-07,livrée,663.37,mobile
9845,5044,2021-02-12,en cours,253.96,mobile
9846,230,2021-04-17,en cours,1581.28,web
9847,204,2019-07-13,en cours,1877.97,web
9848,261,2022-06-29,échouée,1412.92,mobile
9849,3228,2019-05-16,livrée,450.28,mobile
9850,3489,2025-03-11,expédiée,1005.18,mobile
9851,4648,2020-01-24,expédiée,560.88,mobile
9852,1655,2019-03-28,échouée,1944.85,mobile
9853,1359,2025-08-29,échouée,478.35,web
9854,5136,2020-01-29,livrée,1849.05,mobile
9855,1474,2023-10-05,échouée,719.16,mobile
9856,1454,2019-01-15,échouée,1350.44,mobile
9857,2851,2023-11-07,expédiée,1912.8,web
9858,637,2023-12-18,en cours,1607.54,web
9859,4897,2021-05-05,livrée,555.16,mobile
9860,4115,2021-02-23,expédiée,275.72,web
9861,5901,2023-04-28,en cours,895.38,mobile
9862,3407,2023-08-06,livrée,1878.86,web
9863,592,2025-03-11,échouée,1136.29,web
9864,1428,2020-09-30,échouée,1959.91,web
9865,3830,2022-10-03,en cours,1444.75,web
9866,3593,2019-11-15,en cours,788.65,web
9867,4239,2020-11-29,expédiée,1287.93,mobile
9868,4054,2021-07-14,échouée,1389.35,mobile
9869,2914,2019-09-29,livrée,607.41,web
9870,2572,2025-06-22,en cours,237.57,web
9871,5915,2024-12-05,échouée,570.34,mobile
9872,4009,2023-05-04,échouée,1335.36,mobile
9873,2127,2019-08-19,échouée,901.92,web
9874,2687,2021-09-09,livrée,1601.07,mobile
9875,3754,2024-01-05,échouée,707.47,web
9876,2883,2020-03-05,en cours,851.14,web
9877,1824,2024-08-10,en cours,482.4,web
9878,26,2023-06-11,livrée,1177.6,mobile
9879,4550,2022-05-31,en cours,963.02,mobile
9880,2013,2020-05-16,échouée,369.82,mobile
9881,37,2021-12-22,en cours,598.36,mobile
9882,3195,2025-03-27,expédiée,1201.53,web
9883,5789,2019-03-16,expédiée,1391.87,mobile
9884,887,2025-11-04,en cours,28.05,mobile
9885,130,2023-07-27,en cours,530.27,web
9886,180,2021-09-24,expédiée,1930.2,mobile
9887,4426,2025-08-19,expédiée,1108.83,mobile
9888,3190,2019-09-23,livrée,729.77,web
9889,5807,2021-01-14,expédiée,909.34,web
9890,1809,2024-01-24,en cours,1295.74,mobile
9891,1133,2023-03-30,échouée,568.86,mobile
9892,2573,2024-07-12,en cours,1353.77,web
9893,393,2023-09-24,expédiée,129.07,mobile
9894,5062,2025-10-31,livrée,930.62,web
9895,808,2025-02-18,échouée,615.78,web
9896,3073,2025-12-26,livrée,23.94,mobile
9897,2462,2020-06-27,échouée,1141.38,web
9898,3262,2024-05-04,livrée,1023.71,mobile
9899,3066,2022-06-04,en cours,1953.3,web
9900,4202,2024-04-28,expédiée,72.22,web
9901,3973,2021-04-26,expédiée,1992.81,web
9902,5907,2022-11-19,livrée,1481.12,web
9903,4028,2019-03-06,échouée,1371.07,web
9904,4134,2024-10-05,livrée,1504.6,mobile
9905,2649,2024-09-02,expédiée,158.33,web
9906,4144,2022-08-11,livrée,1147.34,mobile
9907,4364,2024-08-28,livrée,668.13,web
9908,1320,2025-06-29,en cours,1390.88,web
9909,3088,2022-05-12,échouée,1429.92,mobile
9910,1991,2022-07-02,expédiée,1889.57,web
9911,1582,2021-03-25,livrée,681.53,web
9912,1034,2019-03-10,livrée,544.87,mobile
9913,721,2023-01-28,expédiée,1909.75,mobile
9914,4686,2024-02-14,livrée,976.9,web
9915,1359,2020-01-16,en cours,39.47,mobile
9916,3950,2020-11-04,expédiée,1203.68,web
9917,700,2020-02-27,livrée,1379.13,web
9918,842,2022-04-15,expédiée,418.17,mobile
9919,4024,2025-10-29,expédiée,1479.75,web
9920,942,2022-09-29,expédiée,1398.47,web
9921,4514,2021-08-08,échouée,1008.11,mobile
9922,4152,2025-06-13,expédiée,925.63,mobile
9923,1456,2025-12-04,expédiée,341.98,web
9924,2808,2021-10-18,expédiée,1909.87,web
9925,3390,2022-01-17,échouée,1952.54,mobile
9926,5327,2021-10-05,expédiée,858.39,web
9927,1759,2020-05-01,livrée,459.22,mobile
9928,2267,2022-03-14,échouée,942.54,web
9929,5506,2024-02-15,expédiée,486.53,mobile
9930,1681,2020-03-09,en cours,88.93,mobile
9931,4217,2020-10-17,échouée,1509.56,mobile
9932,5206,2024-09-14,livrée,498.21,mobile
9933,3686,2024-09-14,en cours,984.99,web
9934,749,2019-08-12,expédiée,409.83,web
9935,474,2024-04-12,échouée,772.0,mobile
9936,884,2024-08-26,expédiée,1653.2,mobile
9937,272,2020-07-07,livrée,1548.95,mobile
9938,4577,2022-03-29,expédiée,1555.83,web
9939,4135,2022-03-18,expédiée,1311.8,mobile
9940,1660,2023-01-13,en cours,1308.57,web
9941,5156,2023-10-16,expédiée,1620.43,mobile
9942,2868,2024-11-17,en cours,880.79,mobile
9943,3423,2025-11-08,échouée,1050.12,mobile
9944,4024,2023-01-02,échouée,388.37,mobile
9945,4576,2024-03-11,en cours,735.25,mobile
9946,3509,2019-03-15,expédiée,1065.53,mobile
9947,3317,2025-03-16,livrée,1424.42,mobile
9948,1214,2021-05-12,expédiée,365.25,web
9949,679,2021-06-10,expédiée,691.47,mobile
9950,1100,2023-08-04,en cours,1252.72,web
9951,1695,2021-04-01,livrée,1827.19,web
9952,473,2019-10-09,échouée,1138.47,web
9953,441,2021-09-05,expédiée,1469.98,mobile
9954,5418,2024-03-29,livrée,1499.51,mobile
9955,4939,2019-08-30,en cours,265.44,mobile
9956,5946,2020-08-14,en cours,301.08,web
9957,1455,2022-05-28,livrée,1278.6,mobile
9958,4005,2025-04-07,en cours,708.9,web
9959,1618,2019-02-09,en cours,1021.16,web
9960,4490,2025-07-18,expédiée,329.85,web
9961,1828,2024-08-25,livrée,644.83,web
9962,3465,2024-06-25,expédiée,739.51,web
9963,3906,2024-01-18,en cours,905.95,mobile
9964,5400,2023-11-21,expédiée,1095.26,web
9965,752,2022-01-20,expédiée,435.44,web
9966,712,2021-07-11,livrée,1689.06,mobile
9967,1513,2021-10-23,livrée,429.77,mobile
9968,4306,2020-01-14,en cours,145.47,web
9969,3672,2020-10-04,expédiée,999.43,mobile
9970,4280,2020-02-23,en cours,1755.9,web
9971,3304,2019-03-26,expédiée,1789.34,web
9972,109,2025-02-02,en cours,1460.92,web
9973,346,2021-05-03,livrée,1759.3,mobile
9974,2859,2025-07-10,échouée,955.09,mobile
9975,3678,2025-05-22,échouée,1408.67,web
9976,4203,2021-06-07,livrée,45.81,web
9977,46,2023-07-14,expédiée,1559.18,web
9978,2737,2025-03-06,expédiée,358.54,mobile
9979,1430,2020-05-05,échouée,1273.77,web
9980,866,2024-06-03,livrée,1728.8,web
9981,4973,2021-07-03,en cours,1671.7,web
9982,5110,2025-01-26,échouée,199.23,mobile
9983,4414,2021-05-08,en cours,1157.01,mobile
9984,317,2022-01-24,expédiée,269.39,mobile
9985,4012,2019-06-26,en cours,1418.75,mobile
9986,2589,2025-10-19,expédiée,166.91,web
9987,2213,2020-08-04,expédiée,709.13,mobile
9988,5152,2025-12-30,en cours,1092.93,web
9989,885,2025-04-15,échouée,1810.78,mobile
9990,1858,2024-12-16,livrée,803.04,mobile
9991,1789,2022-11-28,en cours,1743.41,web
9992,3621,2023-12-04,expédiée,1290.53,mobile
9993,570,2024-12-14,échouée,1727.67,web
9994,3578,2023-12-14,en cours,1434.83,mobile
9995,5589,2019-09-10,en cours,349.05,web
9996,708,2025-05-06,livrée,335.42,mobile
9997,5018,2021-07-30,en cours,547.62,mobile
9998,2907,2025-02-10,livrée,498.19,mobile
9999,2717,2019-02-09,échouée,1302.78,web
10000,4707,2019-04-29,en cours,447.81,web
10001,252,2019-01-09,livrée,578.19,mobile
10002,5352,2019-05-17,expédiée,215.58,mobile
10003,5494,2022-03-01,échouée,1855.24,mobile
10004,5209,2024-03-20,échouée,1307.79,web
10005,711,2019-08-11,échouée,265.48,web
10006,4170,2023-09-05,expédiée,1257.61,web
10007,3298,2022-08-05,expédiée,700.32,web
10008,103,2022-02-05,expédiée,439.68,web
10009,3672,2021-02-21,livrée,730.87,web
10010,57,2023-06-12,échouée,1684.73,web
10011,3224,2025-03-10,en cours,1824.08,mobile
10012,806,2022-02-22,expédiée,1235.64,mobile
10013,1982,2023-01-15,en cours,1747.42,web
10014,5976,2025-01-19,livrée,1076.37,web
10015,1544,2019-03-07,livrée,1493.76,mobile
10016,4493,2019-10-13,en cours,1083.81,web
10017,4100,2025-04-10,échouée,597.04,mobile
10018,292,2025-10-28,échouée,331.75,mobile
10019,1819,2023-03-30,expédiée,1200.54,mobile
10020,3208,2025-08-16,échouée,1156.93,web
10021,3020,2021-06-17,échouée,1993.32,web
10022,5637,2019-05-29,livrée,1005.2,mobile
10023,1280,2024-01-05,expédiée,148.18,web
10024,5643,2023-01-29,en cours,1556.05,mobile
10025,4874,2025-08-19,livrée,218.48,web
10026,3290,2020-10-03,livrée,144.64,mobile
10027,551,2020-06-26,échouée,1170.07,web
10028,5586,2021-08-22,en cours,846.94,mobile
10029,3689,2020-09-10,échouée,1235.27,mobile
10030,1592,2019-04-01,en cours,1254.24,mobile
10031,3141,2021-05-25,en cours,610.46,web
10032,3915,2024-10-11,en cours,1920.97,mobile
10033,3747,2020-08-13,échouée,1806.58,web
10034,1577,2019-11-17,expédiée,852.24,web
10035,5915,2022-11-09,expédiée,474.24,mobile
10036,1253,2020-06-03,en cours,1180.01,mobile
10037,4867,2020-10-16,expédiée,238.26,mobile
10038,5745,2021-02-13,livrée,1816.85,mobile
10039,805,2020-08-06,expédiée,1982.82,mobile
10040,278,2021-06-24,livrée,160.66,mobile
10041,5810,2024-01-08,expédiée,181.73,mobile
10042,469,2025-10-22,expédiée,1405.96,mobile
10043,4150,2024-06-23,livrée,919.79,web
10044,3168,2019-09-13,expédiée,1338.37,web
10045,5288,2024-09-24,en cours,1820.88,web
10046,4352,2023-09-11,échouée,221.34,mobile
10047,4355,2023-12-25,expédiée,253.86,mobile
10048,5439,2022-02-12,échouée,1915.13,mobile
10049,3580,2024-08-21,en cours,460.48,mobile
10050,5754,2024-07-14,livrée,1934.86,web
10051,2246,2022-03-20,en cours,284.25,mobile
10052,293,2020-06-06,échouée,1479.09,web
10053,85,2022-03-08,expédiée,506.11,mobile
10054,3335,2024-06-22,échouée,924.31,web
10055,1159,2021-08-29,en cours,612.58,web
10056,5342,2022-06-03,échouée,1030.51,web
10057,4700,2019-06-15,livrée,1567.46,web
10058,692,2019-03-06,échouée,707.97,mobile
10059,4276,2025-03-24,échouée,1520.18,web
10060,1326,2025-02-23,en cours,1315.85,mobile
10061,3241,2022-07-09,échouée,923.82,web
10062,738,2022-04-10,en cours,114.84,web
10063,4816,2019-08-25,en cours,974.64,web
10064,3616,2024-06-07,expédiée,1808.64,mobile
10065,5937,2024-11-01,livrée,1681.63,web
10066,275,2022-02-05,en cours,1520.93,web
10067,4615,2019-05-15,livrée,1563.54,mobile
10068,543,2020-11-09,en cours,912.67,mobile
10069,5686,2020-06-02,livrée,1915.91,web
10070,1365,2021-06-27,en cours,1680.98,web
10071,4270,2020-09-09,en cours,870.8,web
10072,920,2019-10-29,livrée,177.64,web
10073,4441,2023-01-25,livrée,1402.7,web
10074,2697,2021-09-04,livrée,1957.61,mobile
10075,5023,2020-04-11,échouée,578.04,web
10076,1044,2025-12-15,expédiée,178.2,mobile
10077,2532,2022-07-21,échouée,691.09,mobile
10078,4182,2021-06-30,livrée,1510.54,web
10079,759,2021-04-16,livrée,224.33,web
10080,164,2020-08-18,expédiée,1932.01,web
10081,1211,2022-11-15,livrée,1743.99,mobile
10082,1069,2019-11-13,livrée,1723.15,web
10083,797,2019-12-26,livrée,1003.52,mobile
10084,5167,2024-02-01,expédiée,1966.16,web
10085,2439,2023-05-23,en cours,1257.13,web
10086,3824,2024-03-02,échouée,239.06,web
10087,3738,2020-05-27,en cours,712.04,mobile
10088,4822,2019-06-25,expédiée,966.97,web
10089,2328,2024-11-21,expédiée,864.3,web
10090,2988,2024-04-19,échouée,1658.78,web
10091,2551,2022-11-22,en cours,1486.58,mobile
10092,1580,2019-07-21,en cours,1526.22,mobile
10093,5374,2022-07-10,en cours,1853.07,web
10094,5338,2021-08-22,échouée,1692.01,web
10095,1082,2023-07-17,en cours,706.95,mobile
10096,5696,2025-10-05,expédiée,1225.88,web
10097,3318,2024-10-08,échouée,1440.43,web
10098,3638,2025-10-19,en cours,1228.75,mobile
10099,2321,2020-08-08,expédiée,1295.82,web
10100,1094,2022-03-07,échouée,1231.07,mobile
10101,1718,2024-07-31,échouée,863.86,mobile
10102,742,2024-09-24,en cours,176.91,mobile
10103,2144,2020-11-25,échouée,1996.36,mobile
10104,3676,2021-11-21,livrée,1566.91,web
10105,5609,2024-02-18,en cours,1417.54,web
10106,2528,2025-08-21,en cours,1601.81,mobile
10107,1192,2023-09-06,expédiée,708.04,mobile
10108,5901,2025-01-28,livrée,1305.29,web
10109,3439,2023-06-13,livrée,302.0,web
10110,4222,2020-01-27,livrée,195.84,mobile
10111,1902,2024-04-14,livrée,178.13,web
10112,4677,2023-01-07,livrée,955.81,web
10113,3028,2025-07-05,en cours,1011.27,mobile
10114,808,2024-06-01,expédiée,985.12,web
10115,2125,2023-09-16,livrée,1606.68,mobile
10116,5672,2022-07-18,échouée,157.82,web
10117,3132,2022-07-19,livrée,1914.51,web
10118,987,2021-02-28,livrée,1061.11,web
10119,1780,2024-04-25,échouée,1743.39,web
10120,2472,2020-11-26,échouée,762.27,mobile
10121,1923,2023-07-30,expédiée,771.48,web
10122,3584,2023-09-19,en cours,385.03,mobile
10123,4398,2021-01-11,expédiée,1358.53,mobile
10124,4520,2025-09-09,expédiée,1180.3,mobile
10125,5550,2022-09-01,expédiée,1886.97,web
10126,2528,2019-09-17,expédiée,474.58,web
10127,1140,2025-04-19,en cours,1739.39,mobile
10128,2413,2024-09-17,en cours,224.63,mobile
10129,1248,2025-04-20,échouée,1050.36,web
10130,1446,2020-04-06,expédiée,1127.58,web
10131,4577,2024-06-07,livrée,1255.7,mobile
10132,1331,2022-05-14,échouée,761.64,web
10133,3079,2024-06-27,échouée,447.6,web
10134,5821,2021-04-04,échouée,1115.66,web
10135,547,2023-04-13,en cours,305.66,web
10136,4253,2023-02-18,en cours,51.5,web
10137,3708,2020-06-28,en cours,1429.71,web
10138,3076,2024-09-13,en cours,921.17,mobile
10139,111,2024-10-31,expédiée,1168.8,mobile
10140,1478,2024-11-17,livrée,486.92,mobile
10141,4713,2025-11-05,livrée,1904.71,mobile
10142,1519,2021-05-13,échouée,613.52,web
10143,2785,2022-03-05,expédiée,1003.98,web
10144,964,2021-06-23,livrée,1846.14,mobile
10145,5450,2025-10-23,échouée,1225.83,mobile
10146,356,2020-06-03,en cours,888.04,web
10147,2722,2023-08-02,en cours,1125.68,web
10148,1471,2024-09-04,échouée,675.96,mobile
10149,4279,2024-06-11,échouée,1383.66,web
10150,3601,2021-10-07,expédiée,288.76,mobile
10151,2610,2024-08-04,expédiée,1297.88,web
10152,1606,2025-04-26,livrée,1735.54,mobile
10153,1140,2019-11-21,en cours,1531.46,web
10154,3970,2025-01-10,en cours,350.56,web
10155,820,2021-06-04,expédiée,484.7,web
10156,5199,2019-08-03,livrée,1456.26,mobile
10157,5347,2020-12-16,en cours,56.35,web
10158,1650,2022-09-09,échouée,1128.0,web
10159,342,2023-09-19,livrée,266.81,mobile
10160,3221,2024-05-05,échouée,904.7,mobile
10161,5645,2025-01-20,livrée,91.93,mobile
10162,3715,2025-02-17,livrée,978.29,mobile
10163,2911,2020-08-21,échouée,1172.71,web
10164,52,2021-10-03,échouée,491.02,web
10165,5208,2024-04-13,expédiée,43.61,mobile
10166,2177,2020-09-20,expédiée,569.23,mobile
10167,5065,2022-01-15,en cours,1114.32,mobile
10168,3646,2019-02-02,livrée,1087.75,web
10169,112,2024-07-25,livrée,1257.03,mobile
10170,1692,2025-09-22,échouée,247.95,web
10171,4606,2022-05-27,expédiée,448.33,web
10172,3331,2024-12-25,échouée,1462.75,web
10173,5379,2021-04-26,expédiée,1589.45,mobile
10174,4515,2025-08-02,livrée,1293.57,web
10175,1675,2020-06-15,livrée,1238.33,mobile
10176,2708,2022-06-14,échouée,596.71,mobile
10177,700,2020-03-12,en cours,317.51,web
10178,3107,2019-02-12,en cours,194.32,mobile
10179,4262,2025-09-13,expédiée,839.28,mobile
10180,5712,2019-11-15,expédiée,1827.58,mobile
10181,1211,2024-08-15,livrée,378.56,mobile
10182,1272,2023-11-17,en cours,1581.19,web
10183,2074,2022-04-09,échouée,1504.21,mobile
10184,3701,2022-08-10,expédiée,862.79,mobile
10185,1374,2021-02-21,en cours,1021.54,mobile
10186,12,2019-03-08,échouée,187.13,mobile
10187,4596,2022-04-21,expédiée,382.84,mobile
10188,3766,2019-05-31,expédiée,310.53,mobile
10189,4410,2023-04-21,en cours,841.95,mobile
10190,4711,2023-03-09,échouée,1712.24,web
10191,2244,2024-01-12,échouée,1617.0,mobile
10192,2690,2020-06-06,expédiée,1440.32,mobile
10193,1899,2021-04-17,livrée,313.82,mobile
10194,5048,2020-09-17,échouée,1249.05,mobile
10195,1501,2023-05-20,en cours,521.53,mobile
10196,1553,2019-06-09,en cours,1964.32,web
10197,2116,2022-11-13,expédiée,66.69,mobile
10198,3249,2022-09-16,en cours,1754.43,mobile
10199,5335,2019-11-30,en cours,1977.68,mobile
10200,4967,2025-06-30,expédiée,25.94,web
10201,4238,2019-03-04,livrée,693.89,mobile
10202,1510,2020-06-23,expédiée,143.64,mobile
10203,3356,2020-03-02,expédiée,1435.71,mobile
10204,4630,2020-07-03,expédiée,96.61,web
10205,4412,2020-08-08,expédiée,1118.78,web
10206,4264,2023-06-23,livrée,74.55,mobile
10207,2127,2022-07-11,livrée,328.9,web
10208,3580,2020-10-09,expédiée,63.11,web
10209,1134,2021-12-16,livrée,1051.59,mobile
10210,4032,2020-09-25,expédiée,1854.43,web
10211,4398,2025-12-24,expédiée,1974.86,mobile
10212,1239,2023-04-29,livrée,1297.73,mobile
10213,80,2021-12-26,expédiée,582.14,mobile
10214,2735,2021-06-22,échouée,615.82,web
10215,994,2023-06-13,en cours,808.45,mobile
10216,3647,2025-10-06,en cours,622.71,mobile
10217,3590,2022-05-28,échouée,1716.25,web
10218,1682,2024-10-13,en cours,727.55,mobile
10219,1842,2023-12-07,expédiée,67.0,web
10220,4216,2024-02-04,livrée,821.27,mobile
10221,1662,2019-05-24,échouée,497.02,web
10222,1108,2021-01-20,en cours,228.99,mobile
10223,3823,2019-01-15,échouée,642.95,mobile
10224,4665,2019-12-19,livrée,507.51,mobile
10225,4564,2021-02-21,échouée,621.62,mobile
10226,4889,2019-08-17,en cours,1827.03,mobile
10227,2791,2022-06-17,échouée,47.83,mobile
10228,2612,2019-08-01,livrée,164.51,mobile
10229,2327,2021-08-01,en cours,1448.72,mobile
10230,2717,2020-02-04,expédiée,917.06,mobile
10231,799,2022-04-20,en cours,1792.69,mobile
10232,5996,2023-09-18,échouée,1422.34,mobile
10233,2760,2023-12-03,en cours,1433.19,mobile
10234,1900,2019-03-08,livrée,126.85,mobile
10235,5843,2023-07-25,échouée,1489.05,mobile
10236,982,2025-03-29,expédiée,38.11,mobile
10237,4874,2025-05-26,livrée,1050.98,web
10238,4519,2023-01-03,expédiée,1855.85,mobile
10239,4777,2024-03-16,expédiée,733.35,web
10240,4761,2019-05-13,livrée,1675.27,mobile
10241,2074,2025-05-25,livrée,1518.5,mobile
10242,4913,2023-10-10,livrée,266.11,web
10243,5936,2022-04-28,livrée,1172.1,web
10244,2359,2024-07-14,livrée,1505.22,web
10245,4458,2022-02-03,en cours,1559.08,web
10246,5348,2021-09-27,livrée,1747.66,mobile
10247,2908,2022-01-28,en cours,548.72,mobile
10248,2571,2024-07-26,en cours,586.56,mobile
10249,4826,2022-06-29,livrée,1783.59,web
10250,1019,2025-07-16,expédiée,514.71,web
10251,4745,2021-02-11,expédiée,1200.64,web
10252,3468,2020-05-23,expédiée,1705.52,web
10253,2142,2025-01-04,livrée,669.29,web
10254,3723,2021-10-15,expédiée,33.12,mobile
10255,3267,2023-01-02,échouée,1283.22,web
10256,3982,2022-01-22,échouée,988.26,mobile
10257,2561,2021-01-22,en cours,1231.59,mobile
10258,4098,2025-12-02,en cours,1291.3,mobile
10259,4180,2019-12-29,livrée,301.05,web
10260,1502,2021-10-12,expédiée,1411.64,web
10261,3152,2023-09-23,livrée,332.43,web
10262,2614,2025-07-30,en cours,1039.98,mobile
10263,1866,2019-06-21,en cours,243.88,mobile
10264,3557,2019-07-30,échouée,767.51,web
10265,5651,2019-11-25,livrée,1712.04,mobile
10266,816,2019-11-23,échouée,811.1,mobile
10267,1356,2020-09-23,expédiée,293.71,mobile
10268,5219,2021-11-13,échouée,840.53,web
10269,4295,2025-08-07,échouée,372.04,mobile
10270,1680,2019-10-24,livrée,1667.31,mobile
10271,4359,2021-02-07,livrée,1536.01,web
10272,1730,2023-12-25,expédiée,1510.5,mobile
10273,3900,2020-03-28,en cours,842.68,mobile
10274,1559,2024-02-07,échouée,126.2,web
10275,186,2023-10-02,en cours,1994.42,web
10276,2093,2019-06-07,livrée,819.92,mobile
10277,2922,2021-06-22,expédiée,1583.63,mobile
10278,1791,2024-08-27,échouée,1405.96,web
10279,1982,2022-10-06,échouée,719.22,mobile
10280,770,2025-05-28,livrée,621.93,mobile
10281,2785,2020-08-18,échouée,1481.23,web
10282,5752,2020-04-06,livrée,1262.86,web
10283,3929,2019-11-04,expédiée,207.84,web
10284,1792,2022-08-27,livrée,261.12,web
10285,136,2022-02-05,livrée,1956.41,mobile
10286,5057,2025-03-23,échouée,547.02,web
10287,2699,2023-01-13,échouée,1422.22,mobile
10288,4589,2020-02-19,échouée,1678.31,web
10289,4610,2022-06-21,livrée,1382.41,web
10290,4122,2020-06-24,expédiée,1852.55,web
10291,2541,2019-11-28,livrée,386.33,mobile
10292,1137,2021-07-16,échouée,209.8,mobile
10293,2845,2020-03-12,échouée,150.79,web
10294,1268,2024-06-27,échouée,829.44,web
10295,1504,2019-04-18,en cours,1518.26,mobile
10296,4525,2025-08-29,expédiée,1407.31,web
10297,5513,2020-08-31,livrée,485.05,mobile
10298,1142,2025-05-14,livrée,64.73,web
10299,365,2020-07-02,échouée,1923.02,web
10300,334,2024-09-13,expédiée,975.14,mobile
10301,1413,2019-07-21,échouée,1206.0,mobile
10302,4365,2021-04-01,livrée,1647.69,mobile
10303,473,2024-09-28,expédiée,982.25,mobile
10304,998,2021-06-24,en cours,1527.96,web
10305,5478,2021-06-09,en cours,1165.45,mobile
10306,2666,2025-09-11,livrée,1489.14,web
10307,2720,2020-03-04,échouée,1687.33,web
10308,4076,2023-11-06,expédiée,1179.42,web
10309,5506,2021-07-25,expédiée,1395.89,web
10310,5996,2021-07-24,échouée,1244.97,mobile
10311,1356,2019-06-07,en cours,680.19,web
10312,483,2025-12-27,expédiée,312.17,web
10313,3271,2024-05-11,en cours,1551.49,web
10314,4759,2020-10-31,expédiée,1900.07,mobile
10315,3898,2022-10-01,livrée,89.08,mobile
10316,4910,2024-04-22,en cours,973.31,web
10317,3474,2021-08-10,expédiée,1392.54,mobile
10318,458,2022-05-03,expédiée,422.44,mobile
10319,5662,2024-12-29,échouée,1637.54,mobile
10320,1650,2024-10-04,expédiée,1312.34,mobile
10321,5891,2023-01-05,en cours,1312.46,web
10322,4665,2021-02-08,échouée,1745.31,mobile
10323,3412,2021-09-16,livrée,1247.9,mobile
10324,1328,2019-12-26,en cours,1540.45,web
10325,5810,2023-11-11,expédiée,975.51,web
10326,41,2022-12-30,expédiée,986.17,web
10327,1173,2019-08-13,livrée,1173.05,web
10328,4931,2020-01-03,en cours,206.85,web
10329,5304,2020-06-10,expédiée,341.46,web
10330,1006,2022-11-10,expédiée,105.57,mobile
10331,3415,2022-01-17,en cours,700.72,web
10332,1210,2025-10-13,en cours,1942.01,web
10333,5468,2023-09-08,échouée,642.96,web
10334,2192,2023-05-23,en cours,1259.02,web
10335,5044,2024-02-12,en cours,1715.63,mobile
10336,2746,2020-12-31,expédiée,1403.57,mobile
10337,3433,2022-08-13,en cours,279.77,web
10338,3770,2021-04-23,échouée,1106.68,mobile
10339,2656,2023-10-30,livrée,1402.08,mobile
10340,5471,2023-01-30,expédiée,1888.96,mobile
10341,4648,2021-05-30,livrée,1913.07,web
10342,2099,2019-05-03,livrée,1290.4,mobile
10343,4388,2023-05-23,en cours,1060.51,mobile
10344,5392,2022-07-05,en cours,88.07,mobile
10345,5613,2020-10-16,en cours,1920.38,mobile
10346,5985,2022-10-20,échouée,927.62,mobile
10347,1428,2020-04-27,livrée,1032.17,web
10348,3183,2022-06-07,échouée,373.66,mobile
10349,1633,2024-03-05,échouée,716.62,web
10350,4242,2023-07-12,échouée,1180.36,web
10351,4020,2025-06-03,livrée,1656.1,mobile
10352,5709,2022-10-10,expédiée,461.99,web
10353,1486,2025-11-30,en cours,617.32,mobile
10354,3133,2020-01-24,livrée,611.29,mobile
10355,1822,2024-11-15,en cours,1749.23,mobile
10356,4176,2020-06-06,en cours,1740.28,web
10357,958,2019-10-30,en cours,1625.64,web
10358,3915,2025-08-07,en cours,1019.7,mobile
10359,4354,2021-06-09,en cours,99.65,mobile
10360,1569,2019-04-03,livrée,1162.33,mobile
10361,2416,2021-09-06,livrée,1166.38,web
10362,3097,2020-12-03,en cours,257.91,web
10363,1456,2019-10-15,livrée,1392.57,web
10364,509,2021-09-06,expédiée,160.5,web
10365,2877,2023-02-09,expédiée,949.78,web
10366,5643,2023-07-12,en cours,665.75,mobile
10367,2382,2021-04-30,livrée,1907.49,mobile
10368,849,2022-01-18,expédiée,1495.06,mobile
10369,5019,2024-02-02,expédiée,1169.9,web
10370,233,2021-05-20,expédiée,1471.36,mobile
10371,2588,2019-05-20,échouée,516.77,mobile
10372,1216,2019-10-18,en cours,1241.82,mobile
10373,1864,2024-06-04,échouée,1684.19,mobile
10374,1771,2021-07-22,livrée,874.31,mobile
10375,513,2019-12-26,en cours,868.85,web
10376,3546,2022-08-11,livrée,1743.74,mobile
10377,3525,2022-01-24,expédiée,687.0,web
10378,1340,2022-10-07,livrée,449.57,mobile
10379,3465,2019-05-18,en cours,240.35,mobile
10380,35,2021-10-29,échouée,393.18,mobile
10381,1758,2022-08-29,en cours,1502.49,mobile
10382,4497,2022-06-16,livrée,1043.5,web
10383,217,2022-12-17,en cours,631.17,web
10384,3370,2024-03-10,en cours,1800.99,mobile
10385,1979,2022-03-05,échouée,815.65,mobile
10386,4626,2024-05-19,en cours,419.05,web
10387,2385,2025-06-27,en cours,1358.53,web
10388,431,2020-01-06,en cours,443.13,mobile
10389,2079,2022-05-28,expédiée,1759.8,mobile
10390,3211,2022-12-17,en cours,1890.61,web
10391,496,2023-04-15,en cours,1205.46,mobile
10392,4757,2022-09-18,en cours,1771.6,mobile
10393,3240,2023-05-03,livrée,1047.83,web
10394,5445,2022-03-13,livrée,411.33,mobile
10395,3799,2025-09-25,échouée,1819.69,mobile
10396,5780,2022-11-15,livrée,1461.04,web
10397,2287,2024-04-09,en cours,569.19,mobile
10398,5788,2024-08-09,expédiée,1677.33,web
10399,5926,2022-05-28,expédiée,653.89,mobile
10400,2296,2022-09-09,expédiée,485.96,web
10401,5954,2025-01-22,livrée,1931.52,mobile
10402,3622,2022-05-29,expédiée,1627.44,web
10403,5664,2025-04-07,en cours,1910.86,mobile
10404,1091,2024-03-28,expédiée,1353.56,mobile
10405,5688,2019-10-30,livrée,565.1,mobile
10406,1271,2019-05-02,expédiée,1604.26,web
10407,657,2023-01-26,expédiée,154.49,mobile
10408,945,2024-03-10,en cours,429.19,web
10409,1057,2019-06-18,en cours,184.96,mobile
10410,3724,2021-03-11,échouée,901.95,web
10411,4322,2020-02-07,échouée,1390.6,mobile
10412,3342,2025-03-25,échouée,852.16,mobile
10413,2289,2021-04-27,en cours,1656.99,mobile
10414,4059,2021-12-29,échouée,1351.49,web
10415,2365,2021-07-16,expédiée,1425.55,mobile
10416,4856,2023-09-19,expédiée,1337.86,web
10417,2696,2023-05-16,en cours,759.03,mobile
10418,5085,2022-12-15,échouée,1417.37,mobile
10419,538,2023-02-15,expédiée,362.97,mobile
10420,5478,2021-11-07,échouée,64.73,mobile
10421,1080,2024-07-13,en cours,317.19,mobile
10422,159,2022-12-16,en cours,561.46,mobile
10423,1377,2021-11-08,expédiée,1746.97,web
10424,2375,2019-04-02,échouée,1251.74,web
10425,974,2023-08-02,échouée,907.87,web
10426,353,2021-08-09,échouée,1485.4,mobile
10427,5042,2025-08-29,en cours,1650.04,mobile
10428,3601,2025-09-12,en cours,1677.1,mobile
10429,4384,2022-07-17,livrée,1669.11,web
10430,4350,2022-06-05,livrée,1343.89,mobile
10431,1980,2022-11-02,expédiée,768.58,mobile
10432,4198,2020-03-29,en cours,957.73,web
10433,277,2023-02-05,en cours,410.6,mobile
10434,2968,2025-05-23,expédiée,1831.22,mobile
10435,620,2019-07-06,livrée,1868.69,web
10436,5298,2021-04-13,expédiée,1457.0,mobile
10437,3372,2023-03-26,livrée,516.83,web
10438,5884,2019-10-26,échouée,1924.82,web
10439,2783,2023-11-22,en cours,1793.52,web
10440,1201,2023-11-29,expédiée,634.69,mobile
10441,1534,2019-07-30,échouée,1539.03,web
10442,655,2021-04-16,livrée,1549.33,mobile
10443,1926,2023-05-11,livrée,842.42,web
10444,2871,2021-01-06,expédiée,573.79,web
10445,4929,2024-07-04,livrée,1514.83,mobile
10446,3272,2024-11-07,en cours,176.68,mobile
10447,3865,2021-08-13,livrée,1414.31,mobile
10448,3356,2021-06-23,en cours,1383.84,mobile
10449,2164,2020-10-05,échouée,78.39,web
10450,4137,2023-09-13,échouée,1328.3,web
10451,649,2019-12-04,échouée,1381.62,web
10452,5380,2024-04-25,livrée,1830.87,mobile
10453,1071,2020-10-12,expédiée,511.23,web
10454,4132,2019-03-11,en cours,1439.74,mobile
10455,4132,2021-04-27,en cours,1209.73,mobile
10456,5444,2025-05-10,en cours,958.83,web
10457,2455,2025-02-20,livrée,365.36,web
10458,5879,2022-07-22,expédiée,701.3,web
10459,2204,2024-01-27,en cours,1864.48,web
10460,3320,2020-07-29,en cours,851.3,web
10461,565,2025-05-04,en cours,1164.69,web
10462,3762,2024-09-02,en cours,701.03,web
10463,5670,2022-08-24,échouée,682.11,mobile
10464,874,2023-12-18,en cours,1200.78,mobile
10465,4859,2024-07-17,échouée,339.71,web
10466,4683,2019-08-06,échouée,214.92,web
10467,2990,2025-11-02,échouée,205.59,mobile
10468,5075,2023-06-14,échouée,917.65,web
10469,4550,2022-05-28,livrée,1079.56,mobile
10470,863,2025-06-08,expédiée,398.22,mobile
10471,5023,2022-07-09,livrée,1252.93,mobile
10472,5841,2024-11-19,livrée,1222.36,web
10473,1437,2024-09-05,expédiée,1807.64,mobile
10474,1681,2022-12-13,en cours,1793.15,mobile
10475,299,2019-01-16,en cours,1833.81,web
10476,2814,2022-08-22,en cours,209.1,web
10477,5604,2021-03-11,en cours,1371.27,web
10478,3219,2024-03-09,livrée,1256.8,mobile
10479,2620,2023-08-19,expédiée,929.74,web
10480,3068,2021-04-18,expédiée,1015.55,mobile
10481,2486,2019-03-06,livrée,1161.42,web
10482,4020,2021-08-12,échouée,291.4,web
10483,662,2024-08-11,échouée,1438.03,web
10484,4359,2022-10-01,en cours,524.72,web
10485,2142,2020-07-13,échouée,221.76,mobile
10486,232,2022-06-22,en cours,1759.88,web
10487,4703,2023-09-14,en cours,724.72,web
10488,1714,2022-07-12,en cours,1687.97,mobile
10489,3811,2020-10-03,échouée,769.38,web
10490,2659,2025-10-08,livrée,1367.58,mobile
10491,3163,2025-05-23,livrée,1442.43,web
10492,2663,2024-09-01,livrée,416.64,web
10493,1130,2019-04-25,expédiée,1052.21,mobile
10494,4955,2020-09-23,échouée,1208.61,web
10495,236,2022-08-30,livrée,131.07,web
10496,1049,2023-04-08,échouée,491.77,web
10497,4158,2022-01-22,en cours,718.57,web
10498,98,2024-02-20,échouée,422.33,mobile
10499,2515,2024-07-22,livrée,592.56,web
10500,5334,2025-09-10,livrée,1817.31,mobile
10501,1475,2025-12-27,en cours,775.77,mobile
10502,895,2019-10-30,en cours,930.72,web
10503,4768,2021-07-28,échouée,1747.44,web
10504,3468,2019-02-03,expédiée,1491.54,web
10505,4957,2021-06-23,livrée,1423.52,web
10506,226,2022-12-07,livrée,1505.05,web
10507,3925,2025-04-17,en cours,1759.29,web
10508,4781,2019-01-26,livrée,1542.61,mobile
10509,4305,2021-02-19,en cours,23.89,mobile
10510,1730,2025-11-08,livrée,1276.57,web
10511,4425,2025-07-13,en cours,1271.4,mobile
10512,1249,2020-12-18,en cours,1079.86,mobile
10513,454,2019-01-23,échouée,207.01,web
10514,1922,2019-02-11,en cours,1248.79,web
10515,2074,2021-09-17,en cours,1459.82,web
10516,5620,2023-09-08,livrée,1119.94,mobile
10517,3586,2024-06-11,expédiée,1715.35,web
10518,4108,2024-07-09,échouée,1285.71,web
10519,3056,2022-07-20,expédiée,255.57,web
10520,912,2022-07-18,livrée,1481.07,web
10521,3563,2021-11-09,en cours,1542.07,web
10522,2538,2021-07-17,échouée,575.25,web
10523,3510,2020-09-08,échouée,541.54,web
10524,3499,2024-06-28,en cours,1589.3,mobile
10525,2523,2019-06-08,échouée,200.02,mobile
10526,5877,2024-08-19,livrée,1730.41,web
10527,4197,2022-07-10,échouée,119.59,mobile
10528,3321,2025-08-12,échouée,554.77,mobile
10529,1768,2025-11-16,échouée,251.22,mobile
10530,1355,2021-03-09,livrée,935.79,web
10531,4997,2025-01-07,livrée,1533.83,mobile
10532,3818,2023-07-14,échouée,1085.45,web
10533,2223,2022-08-20,expédiée,640.2,web
10534,4243,2024-04-04,échouée,269.91,mobile
10535,4982,2021-11-26,expédiée,999.48,mobile
10536,5116,2020-09-19,livrée,604.57,mobile
10537,1831,2020-11-21,échouée,1024.42,mobile
10538,2667,2023-04-30,en cours,64.7,web
10539,1574,2021-10-05,en cours,989.73,web
10540,871,2025-07-14,en cours,1069.87,web
10541,5118,2021-07-02,échouée,248.07,web
10542,5655,2022-11-18,livrée,1411.83,web
10543,2162,2021-09-26,expédiée,1810.5,web
10544,4143,2024-08-14,livrée,864.0,web
10545,2000,2024-07-04,livrée,762.15,mobile
10546,4329,2021-08-10,échouée,211.29,mobile
10547,831,2025-06-09,livrée,1180.73,mobile
10548,2384,2023-02-04,livrée,67.62,web
10549,3847,2021-05-04,expédiée,1606.89,web
10550,4359,2024-01-11,échouée,1204.07,mobile
10551,5163,2020-09-23,échouée,141.03,web
10552,5627,2025-08-07,échouée,300.22,mobile
10553,976,2022-12-26,expédiée,1461.88,mobile
10554,754,2020-03-01,expédiée,1612.11,web
10555,4252,2019-03-16,expédiée,1320.27,mobile
10556,5368,2020-08-23,en cours,619.58,web
10557,5126,2025-04-15,livrée,1593.18,web
10558,2383,2019-07-06,expédiée,331.09,web
10559,664,2025-11-27,en cours,544.6,mobile
10560,1053,2019-02-05,en cours,380.26,mobile
10561,5987,2019-06-22,expédiée,1023.88,mobile
10562,3798,2020-02-17,en cours,686.29,mobile
10563,2395,2025-04-07,livrée,527.38,web
10564,3813,2019-06-22,expédiée,565.75,web
10565,1737,2021-05-18,échouée,1109.61,web
10566,3075,2020-06-21,échouée,1226.31,web
10567,5945,2022-08-07,échouée,936.16,mobile
10568,1889,2023-01-30,livrée,102.22,mobile
10569,263,2022-10-21,échouée,830.53,web
10570,3082,2020-03-20,expédiée,390.94,mobile
10571,4266,2020-11-10,échouée,685.19,mobile
10572,1309,2022-01-08,expédiée,315.62,mobile
10573,5269,2022-06-26,échouée,1545.01,mobile
10574,4857,2022-03-25,expédiée,1335.11,web
10575,2095,2019-08-15,échouée,1051.19,mobile
10576,468,2023-12-16,échouée,578.04,mobile
10577,1157,2021-02-05,échouée,1438.59,mobile
10578,5944,2020-02-27,expédiée,1564.57,mobile
10579,2372,2021-02-25,échouée,1755.65,mobile
10580,3572,2024-09-06,expédiée,280.7,web
10581,2300,2019-06-30,livrée,1644.36,web
10582,4398,2022-04-05,en cours,1531.59,web
10583,3189,2023-01-09,livrée,600.75,web
10584,1566,2023-06-12,échouée,700.71,web
10585,475,2023-08-25,en cours,1335.27,web
10586,2032,2024-08-23,échouée,593.68,mobile
10587,2238,2021-08-18,en cours,1547.99,mobile
10588,2652,2021-02-18,livrée,1550.39,web
10589,5316,2021-11-02,en cours,184.88,mobile
10590,2606,2019-01-14,livrée,940.46,mobile
10591,1891,2023-02-01,en cours,707.82,web
10592,5325,2025-02-09,expédiée,1019.59,web
10593,3512,2020-11-16,expédiée,1802.42,web
10594,3890,2025-10-21,expédiée,1410.12,web
10595,1194,2022-10-13,échouée,941.62,web
10596,2707,2019-01-08,livrée,305.67,mobile
10597,5089,2024-06-01,en cours,412.32,mobile
10598,4824,2024-06-06,échouée,1412.36,web
10599,5650,2021-08-04,échouée,1695.9,mobile
10600,2114,2020-07-19,livrée,1736.64,web
10601,5342,2025-04-02,échouée,62.43,web
10602,2386,2020-07-30,expédiée,1357.72,mobile
10603,5263,2023-11-21,en cours,111.38,web
10604,3730,2023-01-29,en cours,643.87,mobile
10605,4451,2023-07-23,livrée,1096.26,mobile
10606,2606,2023-03-03,en cours,841.48,web
10607,3120,2023-07-23,en cours,367.93,mobile
10608,2178,2025-01-25,livrée,1057.17,mobile
10609,5153,2022-08-29,échouée,443.58,web
10610,3037,2025-02-18,échouée,126.35,web
10611,1160,2019-12-23,échouée,1824.98,mobile
10612,5950,2024-04-17,expédiée,1049.12,web
10613,2420,2020-02-18,expédiée,227.62,web
10614,2005,2025-07-29,échouée,1773.08,web
10615,5385,2021-04-03,en cours,1111.73,web
10616,4293,2019-05-03,échouée,1128.29,web
10617,5931,2022-04-18,livrée,744.44,web
10618,1741,2020-05-26,en cours,1367.12,web
10619,292,2023-12-06,livrée,292.78,mobile
10620,2437,2021-04-20,en cours,207.68,web
10621,3815,2023-09-24,échouée,881.56,mobile
10622,1943,2024-05-30,expédiée,666.13,web
10623,804,2020-07-29,échouée,1739.36,mobile
10624,1590,2019-09-27,livrée,721.76,web
10625,1839,2023-12-21,en cours,1726.98,mobile
10626,5490,2020-09-22,en cours,1881.14,mobile
10627,4212,2019-02-02,échouée,1023.96,mobile
10628,3520,2023-12-24,échouée,801.71,mobile
10629,5621,2024-05-30,livrée,1135.34,web
10630,1922,2019-01-11,expédiée,1143.5,web
10631,3229,2023-10-12,en cours,1040.14,mobile
10632,3991,2025-09-21,en cours,1529.19,web
10633,325,2020-01-30,expédiée,390.18,mobile
10634,4850,2020-03-20,expédiée,1766.34,web
10635,3482,2019-10-09,expédiée,115.74,web
10636,4942,2023-09-03,échouée,653.15,mobile
10637,4984,2022-02-02,livrée,582.33,mobile
10638,3424,2020-07-02,échouée,516.29,web
10639,3256,2021-01-24,en cours,1889.72,mobile
10640,4313,2025-09-10,livrée,594.74,mobile
10641,5663,2022-07-27,échouée,481.86,mobile
10642,3763,2022-02-14,échouée,65.09,mobile
10643,1232,2021-05-19,expédiée,178.99,mobile
10644,3675,2019-09-30,livrée,376.32,web
10645,4248,2019-01-24,expédiée,1719.06,mobile
10646,1544,2019-06-17,livrée,1592.85,web
10647,1091,2022-04-05,expédiée,1034.87,web
10648,3576,2023-12-28,échouée,1455.44,mobile
10649,14,2023-07-15,livrée,537.35,mobile
10650,279,2024-12-03,livrée,1834.15,web
10651,4959,2022-11-07,expédiée,145.16,mobile
10652,3464,2019-10-16,échouée,221.86,web
10653,3645,2020-06-25,expédiée,520.66,web
10654,5804,2023-03-23,échouée,1815.6,web
10655,2680,2024-04-30,échouée,1747.39,mobile
10656,1601,2021-04-06,livrée,843.86,mobile
10657,3712,2025-12-22,livrée,1004.07,web
10658,2443,2021-11-04,expédiée,641.29,mobile
10659,1922,2025-02-27,livrée,1193.02,mobile
10660,194,2020-03-11,livrée,670.93,mobile
10661,1152,2023-02-12,livrée,1802.54,mobile
10662,3875,2024-02-17,échouée,1154.3,mobile
10663,63,2023-10-22,échouée,977.82,web
10664,648,2019-11-16,en cours,698.67,mobile
10665,3857,2021-03-18,expédiée,1150.57,mobile
10666,5571,2021-01-14,livrée,86.88,web
10667,5132,2025-06-23,livrée,1228.56,web
10668,3702,2023-07-26,expédiée,1162.95,web
10669,1635,2021-11-23,expédiée,136.88,mobile
10670,429,2020-01-16,échouée,506.98,web
10671,2569,2019-01-05,en cours,492.14,web
10672,472,2019-02-03,livrée,1045.52,mobile
10673,2015,2020-03-26,en cours,1121.52,mobile
10674,2478,2024-04-22,livrée,1102.03,mobile
10675,5123,2023-12-19,échouée,1897.34,web
10676,4086,2020-09-08,en cours,851.82,mobile
10677,2649,2021-06-28,échouée,1622.41,mobile
10678,5374,2021-03-10,échouée,1263.8,web
10679,4690,2024-12-18,expédiée,255.41,mobile
10680,1918,2022-11-18,expédiée,1948.33,mobile
10681,5933,2019-12-02,livrée,632.5,mobile
10682,2293,2025-04-17,en cours,349.77,mobile
10683,3279,2019-10-19,en cours,1874.7,web
10684,7,2024-04-26,expédiée,1403.25,web
10685,1630,2022-08-14,expédiée,858.9,web
10686,5408,2022-11-03,en cours,1919.74,mobile
10687,1608,2025-03-22,en cours,254.11,mobile
10688,5330,2019-08-04,expédiée,1601.96,web
10689,3281,2023-08-05,livrée,1713.58,web
10690,1996,2022-02-28,en cours,1471.52,mobile
10691,5841,2019-05-13,échouée,1624.7,web
10692,4420,2019-09-23,livrée,339.72,mobile
10693,106,2021-05-08,livrée,1294.66,mobile
10694,3962,2021-09-05,en cours,1573.65,mobile
10695,812,2025-06-12,en cours,1362.61,mobile
10696,5638,2024-07-08,en cours,1060.89,mobile
10697,235,2021-07-21,échouée,1390.75,web
10698,256,2022-06-03,en cours,92.56,mobile
10699,5939,2025-06-09,échouée,1164.35,mobile
10700,3171,2024-08-27,livrée,33.51,web
10701,2142,2019-08-29,expédiée,560.05,mobile
10702,2222,2020-08-23,expédiée,1256.28,mobile
10703,2410,2023-04-09,livrée,195.14,mobile
10704,5577,2023-01-17,livrée,1908.23,web
10705,1943,2024-04-29,livrée,229.23,mobile
10706,1598,2025-08-09,en cours,1939.06,web
10707,1282,2020-12-08,échouée,898.04,mobile
10708,1930,2025-08-26,échouée,1989.74,web
10709,5843,2019-12-15,livrée,1753.06,mobile
10710,1136,2021-02-21,expédiée,1356.85,mobile
10711,1129,2019-12-16,livrée,985.34,mobile
10712,774,2025-03-04,en cours,404.6,mobile
10713,2592,2025-07-05,échouée,1326.15,mobile
10714,3929,2021-02-10,expédiée,1940.83,mobile
10715,487,2025-10-05,livrée,1407.1,mobile
10716,4450,2023-08-23,échouée,1501.94,mobile
10717,261,2019-01-24,en cours,1681.2,web
10718,5916,2024-06-26,en cours,1091.85,mobile
10719,3581,2019-08-23,expédiée,1244.22,mobile
10720,1848,2021-11-10,en cours,643.08,web
10721,3782,2019-04-04,en cours,578.15,mobile
10722,460,2019-09-23,livrée,784.77,web
10723,289,2025-07-22,livrée,685.21,mobile
10724,1723,2025-12-01,expédiée,1773.31,mobile
10725,886,2020-04-10,échouée,618.84,web
10726,4898,2020-05-13,échouée,1000.54,mobile
10727,4119,2020-01-23,livrée,1138.99,web
10728,2869,2023-10-27,échouée,540.9,mobile
10729,2189,2020-10-12,échouée,1086.71,web
10730,245,2022-06-08,en cours,1940.53,web
10731,4726,2020-11-19,livrée,1928.15,mobile
10732,4184,2021-08-09,échouée,1733.31,mobile
10733,1592,2019-10-06,livrée,1303.08,web
10734,3739,2020-12-14,expédiée,1189.3,mobile
10735,826,2019-03-19,en cours,1397.33,web
10736,1746,2019-05-02,en cours,750.23,web
10737,124,2019-08-17,expédiée,450.3,web
10738,4693,2025-05-14,échouée,483.77,mobile
10739,1735,2020-08-24,expédiée,1217.83,mobile
10740,3583,2025-01-13,livrée,741.76,mobile
10741,3893,2025-03-01,expédiée,1337.74,web
10742,2004,2019-08-11,en cours,1506.24,web
10743,3617,2020-07-11,échouée,381.22,web
10744,2856,2025-05-15,expédiée,722.46,web
10745,5051,2024-05-18,livrée,139.1,mobile
10746,4083,2022-08-14,expédiée,1284.03,web
10747,518,2020-10-21,livrée,1288.62,web
10748,202,2019-04-12,en cours,1302.7,web
10749,5660,2019-01-19,échouée,245.04,web
10750,1134,2021-06-12,livrée,1368.98,mobile
10751,3489,2023-07-25,en cours,317.85,web
10752,2350,2022-04-29,expédiée,1554.36,mobile
10753,1099,2023-06-13,livrée,1319.21,web
10754,5858,2019-04-19,en cours,118.34,mobile
10755,4880,2019-02-12,en cours,912.45,web
10756,1990,2020-02-29,livrée,1699.61,mobile
10757,5051,2023-02-21,expédiée,1077.51,web
10758,1733,2020-11-22,expédiée,105.14,web
10759,4956,2024-03-27,en cours,877.77,mobile
10760,2593,2023-10-26,en cours,1738.22,web
10761,4575,2021-12-13,expédiée,1500.91,web
10762,1035,2024-07-03,expédiée,172.5,mobile
10763,5055,2024-10-17,en cours,477.59,mobile
10764,162,2021-06-25,expédiée,193.12,mobile
10765,4976,2019-10-31,échouée,131.67,mobile
10766,714,2022-04-20,expédiée,1810.2,web
10767,3393,2024-01-12,en cours,1205.86,mobile
10768,2266,2022-03-24,échouée,973.52,web
10769,4167,2023-11-25,livrée,121.44,mobile
10770,4045,2022-07-12,échouée,1419.5,web
10771,884,2020-06-03,échouée,1759.14,web
10772,1044,2021-05-23,en cours,1655.4,web
10773,4208,2022-01-13,échouée,1583.56,mobile
10774,3972,2023-03-17,livrée,1729.54,mobile
10775,5514,2025-09-02,livrée,882.17,mobile
10776,4130,2021-05-10,livrée,659.27,mobile
10777,1897,2025-12-03,en cours,664.33,mobile
10778,3837,2023-02-02,livrée,53.51,mobile
10779,3105,2020-02-01,échouée,1573.62,mobile
10780,1842,2019-12-08,échouée,1331.89,web
10781,107,2021-05-14,en cours,785.94,mobile
10782,2008,2025-01-04,livrée,340.26,web
10783,4469,2022-09-07,échouée,701.36,web
10784,4339,2023-02-20,expédiée,308.58,web
10785,2592,2025-04-28,livrée,788.03,web
10786,4097,2022-12-08,livrée,58.61,web
10787,2425,2025-09-21,livrée,1499.52,mobile
10788,1591,2025-08-20,échouée,1891.24,web
10789,2437,2025-12-17,en cours,1449.1,web
10790,4042,2020-09-17,expédiée,1149.37,web
10791,5746,2022-10-15,expédiée,1908.06,mobile
10792,3967,2020-09-29,livrée,790.96,mobile
10793,2420,2024-06-17,expédiée,114.63,mobile
10794,4964,2020-08-18,livrée,423.49,mobile
10795,1304,2019-02-26,expédiée,1398.85,mobile
10796,3614,2019-03-23,en cours,1964.61,web
10797,3777,2024-06-01,en cours,1791.68,mobile
10798,4226,2021-11-05,en cours,1125.64,web
10799,2704,2021-03-23,expédiée,1756.12,web
10800,3559,2025-02-11,en cours,1813.9,web
10801,5520,2025-04-29,expédiée,403.87,web
10802,3199,2025-05-06,expédiée,473.86,mobile
10803,1468,2019-03-31,échouée,1264.51,web
10804,1680,2022-10-29,en cours,543.82,mobile
10805,4099,2019-01-18,en cours,463.05,mobile
10806,4155,2025-10-04,expédiée,160.6,web
10807,342,2020-09-07,expédiée,1376.56,web
10808,3837,2019-07-21,livrée,1746.33,web
10809,5808,2025-04-01,livrée,164.08,mobile
10810,669,2022-03-09,livrée,1768.83,mobile
10811,2938,2024-08-23,échouée,1412.86,mobile
10812,3709,2024-08-06,en cours,1496.12,web
10813,5662,2025-05-20,livrée,1767.68,mobile
10814,98,2022-05-09,livrée,155.48,mobile
10815,2359,2025-05-06,en cours,1326.51,web
10816,3415,2019-06-13,en cours,907.18,mobile
10817,734,2023-11-21,livrée,1846.05,web
10818,5634,2019-08-26,échouée,1652.14,mobile
10819,1520,2021-07-01,en cours,884.96,mobile
10820,219,2022-05-06,échouée,426.02,mobile
10821,4310,2024-03-24,en cours,74.49,mobile
10822,5694,2022-11-21,en cours,662.67,web
10823,3656,2025-02-27,livrée,1095.67,web
10824,285,2025-06-09,expédiée,504.35,mobile
10825,5873,2020-12-03,expédiée,1097.68,web
10826,5275,2023-05-09,en cours,284.65,mobile
10827,4368,2024-03-17,expédiée,243.0,mobile
10828,2285,2024-09-23,livrée,1049.12,mobile
10829,5889,2021-02-06,expédiée,1370.9,web
10830,2744,2020-04-13,en cours,1247.59,web
10831,4352,2019-03-04,en cours,59.28,mobile
10832,686,2019-11-18,livrée,283.41,web
10833,3039,2024-04-06,livrée,814.43,mobile
10834,1135,2020-12-03,livrée,1227.9,mobile
10835,1174,2025-06-17,livrée,1714.45,mobile
10836,2251,2020-11-22,échouée,1194.66,mobile
10837,486,2020-08-31,livrée,1638.56,mobile
10838,1014,2021-12-07,expédiée,831.73,web
10839,5057,2020-09-27,livrée,1885.4,web
10840,3900,2024-07-08,livrée,1283.48,mobile
10841,890,2025-06-29,livrée,204.73,mobile
10842,3931,2025-04-19,livrée,1779.22,mobile
10843,2732,2025-05-06,expédiée,173.34,web
10844,4889,2025-04-07,livrée,1826.98,mobile
10845,2316,2020-04-17,échouée,1815.67,web
10846,3116,2019-08-16,livrée,1066.57,mobile
10847,2825,2020-10-07,en cours,653.98,web
10848,1370,2019-05-10,livrée,233.72,mobile
10849,3590,2024-12-06,en cours,86.37,web
10850,1190,2020-04-19,échouée,1460.45,web
10851,2381,2022-02-01,échouée,900.93,mobile
10852,1354,2020-10-08,en cours,1510.52,web
10853,3581,2023-10-22,échouée,637.64,web
10854,1469,2022-05-30,échouée,415.39,web
10855,3569,2019-01-15,livrée,151.29,mobile
10856,2083,2025-08-12,livrée,1992.78,web
10857,4781,2025-09-06,échouée,1256.61,mobile
10858,3619,2019-08-26,échouée,976.06,mobile
10859,1408,2024-02-09,expédiée,1673.93,mobile
10860,488,2024-05-01,échouée,34.38,web
10861,4420,2022-08-26,échouée,232.15,mobile
10862,5425,2025-04-27,livrée,1863.38,mobile
10863,359,2022-03-24,en cours,571.34,mobile
10864,1983,2023-09-18,livrée,1526.47,mobile
10865,5816,2022-03-22,échouée,30.82,web
10866,4839,2024-08-10,expédiée,1062.73,web
10867,4868,2024-02-05,échouée,528.7,mobile
10868,2458,2019-05-30,en cours,302.51,web
10869,1546,2020-06-21,livrée,1666.01,mobile
10870,1006,2021-09-03,expédiée,201.12,mobile
10871,4122,2025-11-30,échouée,1185.13,web
10872,2430,2025-12-28,expédiée,1717.75,mobile
10873,2087,2021-06-06,en cours,657.43,mobile
10874,439,2025-04-27,échouée,1333.96,mobile
10875,985,2022-10-14,livrée,1230.48,web
10876,5958,2021-05-16,échouée,978.96,web
10877,2432,2019-06-12,livrée,26.28,mobile
10878,1172,2025-02-16,échouée,924.64,mobile
10879,799,2024-12-21,échouée,555.83,mobile
10880,1732,2024-01-04,en cours,401.44,mobile
10881,4180,2025-09-06,échouée,779.97,mobile
10882,2551,2020-09-23,expédiée,1776.68,mobile
10883,4363,2025-02-24,expédiée,357.36,mobile
10884,4234,2025-06-06,expédiée,806.62,mobile
10885,5017,2023-01-07,échouée,662.57,mobile
10886,4506,2021-05-10,livrée,1934.38,web
10887,1099,2022-04-24,en cours,1371.83,mobile
10888,2566,2019-11-03,expédiée,706.04,mobile
10889,5974,2025-06-29,en cours,1657.31,web
10890,3745,2020-02-09,expédiée,926.08,mobile
10891,5600,2019-10-28,expédiée,617.62,web
10892,5388,2020-01-03,en cours,1091.32,web
10893,4258,2025-02-17,en cours,718.2,mobile
10894,4939,2022-03-11,en cours,794.62,web
10895,3699,2025-05-29,expédiée,1965.55,mobile
10896,3971,2020-05-26,expédiée,224.02,mobile
10897,4911,2021-05-03,en cours,1403.91,web
10898,2653,2021-06-08,en cours,1631.87,mobile
10899,2475,2019-05-29,en cours,260.91,mobile
10900,1576,2023-08-12,livrée,280.18,web
10901,2924,2024-07-04,en cours,428.43,web
10902,2868,2024-01-18,livrée,1024.2,web
10903,5062,2023-01-04,échouée,899.34,mobile
10904,155,2022-03-08,en cours,264.73,web
10905,1217,2021-10-16,expédiée,146.49,mobile
10906,2259,2022-11-16,expédiée,165.26,web
10907,2764,2022-10-01,échouée,1973.2,web
10908,910,2024-10-30,échouée,483.03,web
10909,1739,2025-06-03,échouée,591.49,web
10910,3054,2021-08-17,échouée,31.93,web
10911,4449,2025-02-24,en cours,661.97,web
10912,5746,2019-12-19,en cours,1430.01,web
10913,5786,2025-01-09,échouée,1614.96,mobile
10914,4540,2022-11-18,en cours,247.66,mobile
10915,1715,2025-07-21,en cours,1080.45,mobile
10916,1072,2022-11-30,échouée,743.6,mobile
10917,5342,2022-12-27,livrée,773.25,mobile
10918,2442,2022-03-19,livrée,400.39,web
10919,5221,2023-10-27,livrée,898.74,mobile
10920,4821,2025-02-27,livrée,915.4,mobile
10921,3521,2024-01-30,expédiée,1171.88,mobile
10922,3556,2023-09-27,en cours,841.93,mobile
10923,4202,2023-06-10,expédiée,383.43,web
10924,1070,2025-03-19,échouée,1499.07,mobile
10925,4457,2025-07-12,en cours,1829.52,mobile
10926,2251,2023-04-23,échouée,714.97,web
10927,737,2022-05-14,échouée,1611.99,web
10928,1521,2023-01-08,livrée,1699.14,mobile
10929,1870,2024-01-30,livrée,347.23,mobile
10930,671,2022-10-21,livrée,1377.0,web
10931,4846,2020-01-08,livrée,1674.36,mobile
10932,4884,2025-06-15,livrée,936.18,mobile
10933,4424,2021-04-25,échouée,169.65,web
10934,3501,2024-06-07,livrée,819.76,web
10935,3203,2021-06-27,échouée,473.39,mobile
10936,2046,2023-05-25,échouée,1303.05,mobile
10937,4876,2019-12-08,livrée,630.78,mobile
10938,275,2023-01-01,livrée,1825.47,web
10939,4808,2024-04-13,en cours,618.94,mobile
10940,88,2019-08-29,livrée,1248.93,web
10941,906,2025-12-24,expédiée,1823.04,mobile
10942,4419,2019-05-20,expédiée,50.72,mobile
10943,5647,2019-06-18,en cours,534.36,mobile
10944,4924,2025-11-03,livrée,241.58,web
10945,918,2024-12-19,échouée,1156.05,mobile
10946,4883,2023-02-05,échouée,1789.45,mobile
10947,3130,2021-02-03,échouée,996.94,mobile
10948,2946,2022-08-31,livrée,24.84,mobile
10949,783,2023-08-21,livrée,1224.24,web
10950,2365,2023-09-09,expédiée,970.93,web
10951,1644,2024-04-27,échouée,1905.74,web
10952,2622,2020-10-28,livrée,1257.23,mobile
10953,5753,2021-10-12,en cours,480.51,mobile
10954,4816,2021-06-21,en cours,945.59,web
10955,3629,2024-08-12,livrée,1950.84,mobile
10956,3874,2022-05-14,en cours,1102.34,mobile
10957,2324,2025-03-08,livrée,1044.39,mobile
10958,3097,2024-05-07,expédiée,1737.91,mobile
10959,3807,2020-07-08,livrée,1516.14,web
10960,3795,2022-05-08,livrée,1306.23,mobile
10961,1311,2023-08-25,échouée,809.78,web
10962,3911,2025-01-19,échouée,1019.18,web
10963,222,2024-06-21,livrée,1046.61,web
10964,5059,2024-10-09,échouée,1628.04,mobile
10965,5036,2020-10-05,échouée,995.87,mobile
10966,3912,2022-08-05,livrée,86.43,mobile
10967,444,2023-10-14,livrée,746.94,mobile
10968,5194,2024-06-20,livrée,175.12,web
10969,3841,2020-02-18,expédiée,1525.59,mobile
10970,3020,2023-08-26,en cours,986.7,web
10971,1580,2022-03-08,livrée,1106.21,web
10972,1204,2024-03-27,expédiée,1029.97,mobile
10973,3657,2025-10-10,expédiée,1765.64,web
10974,2691,2019-04-26,expédiée,324.27,web
10975,606,2022-06-13,expédiée,1102.89,mobile
10976,5254,2023-09-19,échouée,1775.62,web
10977,3213,2022-03-21,expédiée,656.62,web
10978,3765,2024-12-12,en cours,869.88,mobile
10979,2912,2022-04-02,expédiée,787.65,mobile
10980,5760,2021-01-09,en cours,1017.33,mobile
10981,1408,2020-07-27,échouée,1727.33,mobile
10982,1176,2019-10-13,en cours,1180.44,web
10983,5507,2024-06-24,en cours,1294.53,web
10984,518,2020-04-26,échouée,696.54,mobile
10985,176,2020-07-31,expédiée,941.07,web
10986,2227,2020-01-09,expédiée,1137.99,web
10987,308,2020-11-28,livrée,1538.55,web
10988,5660,2025-05-13,livrée,966.69,mobile
10989,1520,2023-08-09,expédiée,318.95,web
10990,1060,2023-04-10,échouée,333.61,web
10991,5583,2021-06-09,échouée,1063.31,mobile
10992,1144,2023-03-05,en cours,632.54,mobile
10993,987,2019-02-25,expédiée,506.57,mobile
10994,1352,2024-02-12,en cours,1718.77,mobile
10995,5039,2024-08-14,échouée,1953.13,mobile
10996,4140,2021-05-07,livrée,1796.2,mobile
10997,3581,2024-01-04,en cours,1830.03,mobile
10998,4009,2025-07-31,expédiée,323.93,mobile
10999,3729,2024-02-10,échouée,1240.61,mobile
11000,4138,2023-05-21,expédiée,1798.12,web
11001,594,2024-07-17,livrée,249.99,mobile
11002,4046,2019-09-10,échouée,52.17,web
11003,1670,2023-05-11,livrée,237.99,mobile
11004,2931,2020-05-23,en cours,969.91,web
11005,397,2019-07-15,livrée,646.44,mobile
11006,4379,2022-02-23,en cours,276.9,mobile
11007,2504,2025-04-26,expédiée,1697.82,web
11008,5369,2019-08-26,en cours,1370.61,web
11009,480,2024-03-13,en cours,993.77,web
11010,5101,2025-08-21,expédiée,462.54,mobile
11011,2638,2023-02-10,expédiée,456.79,mobile
11012,5820,2022-06-18,livrée,1765.84,mobile
11013,3299,2025-08-06,livrée,867.71,web
11014,210,2022-08-21,livrée,932.7,web
11015,1100,2024-10-31,échouée,1301.05,mobile
11016,4649,2021-10-17,en cours,154.07,mobile
11017,125,2022-02-08,en cours,747.72,web
11018,3278,2025-10-17,échouée,1938.98,web
11019,1734,2019-03-23,expédiée,306.19,web
11020,3187,2021-05-23,expédiée,455.6,web
11021,3973,2025-11-07,en cours,1138.12,mobile
11022,763,2024-10-08,échouée,1548.96,mobile
11023,3853,2023-08-08,en cours,574.95,mobile
11024,5028,2024-10-31,expédiée,1160.14,mobile
11025,3724,2019-04-28,échouée,806.13,mobile
11026,1105,2024-10-20,expédiée,1293.93,web
11027,559,2020-07-09,livrée,1060.88,mobile
11028,2675,2025-03-09,échouée,742.12,mobile
11029,1884,2023-10-14,expédiée,1632.72,web
11030,2407,2023-06-20,en cours,1963.8,mobile
11031,4667,2020-04-12,en cours,789.56,web
11032,1566,2021-04-25,en cours,990.97,web
11033,1720,2023-10-24,expédiée,27.48,mobile
11034,4754,2022-10-13,livrée,45.16,web
11035,4265,2023-11-17,échouée,620.14,mobile
11036,1577,2019-11-07,expédiée,1521.75,mobile
11037,1571,2022-02-10,livrée,48.05,mobile
11038,5306,2020-05-18,en cours,369.38,mobile
11039,4326,2024-06-26,échouée,642.64,web
11040,1912,2025-11-05,livrée,1834.49,web
11041,5203,2023-10-02,échouée,203.8,mobile
11042,1343,2024-07-30,livrée,1608.72,web
11043,3045,2025-12-27,échouée,1269.25,mobile
11044,5062,2023-07-29,échouée,29.74,mobile
11045,2375,2022-08-05,livrée,748.28,web
11046,3166,2022-12-07,livrée,605.57,mobile
11047,1157,2021-10-05,expédiée,1271.58,mobile
11048,5222,2024-03-17,expédiée,1002.8,web
11049,3213,2019-07-24,en cours,1046.76,mobile
11050,5346,2024-03-04,en cours,828.64,mobile
11051,5756,2024-07-09,livrée,102.42,mobile
11052,1144,2022-01-03,expédiée,1457.38,mobile
11053,4278,2019-07-06,livrée,1341.1,web
11054,713,2020-04-02,livrée,664.87,mobile
11055,5394,2023-12-19,échouée,1443.3,web
11056,3793,2022-08-23,expédiée,1914.8,web
11057,4098,2024-01-12,en cours,1055.73,web
11058,4611,2019-07-14,échouée,443.14,mobile
11059,2992,2024-07-15,expédiée,1784.41,mobile
11060,4006,2025-11-12,échouée,1679.84,mobile
11061,1176,2025-06-06,livrée,727.74,mobile
11062,5855,2024-08-24,en cours,241.63,mobile
11063,2412,2025-12-18,échouée,846.16,web
11064,919,2020-03-22,livrée,1121.33,web
11065,2683,2019-06-07,livrée,849.74,web
11066,4974,2022-10-11,en cours,1076.41,web
11067,951,2019-06-06,échouée,332.05,mobile
11068,1449,2021-01-16,échouée,701.09,mobile
11069,5253,2020-10-12,en cours,947.7,mobile
11070,368,2021-06-29,expédiée,1723.86,mobile
11071,5872,2022-01-24,livrée,450.96,web
11072,4650,2020-01-08,en cours,1956.8,mobile
11073,2914,2025-01-31,échouée,537.63,web
11074,1934,2020-08-24,livrée,1710.87,mobile
11075,2166,2020-06-04,livrée,562.44,web
11076,162,2021-10-21,livrée,284.3,web
11077,2771,2025-04-10,expédiée,406.68,web
11078,3625,2023-04-17,en cours,150.99,web
11079,4242,2022-11-12,expédiée,1649.9,web
11080,853,2020-07-05,expédiée,537.98,mobile
11081,3827,2020-12-14,livrée,176.54,mobile
11082,2345,2019-05-01,expédiée,425.38,mobile
11083,45,2024-06-09,en cours,784.14,web
11084,2488,2021-02-22,expédiée,1201.88,web
11085,501,2025-09-15,en cours,619.09,mobile
11086,376,2025-11-02,échouée,331.44,mobile
11087,4747,2024-12-12,livrée,32.86,mobile
11088,3893,2019-09-28,en cours,1161.4,mobile
11089,5031,2020-09-01,échouée,324.66,web
11090,4107,2020-11-15,échouée,197.97,mobile
11091,4781,2021-01-27,en cours,136.12,web
11092,3468,2025-01-27,en cours,1068.66,mobile
11093,3242,2022-07-09,livrée,308.11,mobile
11094,368,2023-03-09,échouée,1602.66,web
11095,4996,2025-01-08,en cours,149.13,mobile
11096,2385,2020-01-25,expédiée,717.22,web
11097,5427,2023-10-29,échouée,1511.0,web
11098,3813,2025-01-19,livrée,160.53,web
11099,5883,2019-05-16,expédiée,718.89,mobile
11100,882,2025-12-26,expédiée,135.12,web
11101,1331,2024-05-03,en cours,667.46,mobile
11102,4763,2025-08-25,expédiée,1213.85,mobile
11103,2426,2021-03-18,en cours,943.2,mobile
11104,1318,2020-08-01,échouée,222.55,web
11105,5530,2022-10-13,expédiée,1781.66,web
11106,1649,2022-08-06,en cours,1718.49,web
11107,1906,2020-03-03,expédiée,1521.71,mobile
11108,4491,2020-02-23,livrée,483.64,web
11109,5735,2023-06-06,expédiée,458.26,mobile
11110,5761,2022-08-08,échouée,1359.76,mobile
11111,5663,2020-08-24,échouée,649.02,mobile
11112,2799,2019-08-02,livrée,493.37,web
11113,246,2023-10-26,expédiée,1211.9,web
11114,5255,2021-07-03,échouée,111.9,mobile
11115,5107,2020-12-15,livrée,1227.43,web
11116,3855,2023-04-09,échouée,218.81,mobile
11117,3151,2019-05-13,en cours,1547.11,mobile
11118,5380,2021-09-16,expédiée,474.34,web
11119,1960,2020-02-29,expédiée,1778.43,mobile
11120,2047,2023-06-10,expédiée,1543.19,web
11121,3434,2020-05-27,échouée,1331.78,web
11122,5805,2021-05-26,échouée,403.95,mobile
11123,1822,2022-07-17,en cours,896.09,mobile
11124,4734,2025-09-23,expédiée,700.08,web
11125,1709,2019-11-10,en cours,1855.7,web
11126,978,2022-02-04,en cours,554.11,web
11127,436,2021-01-13,échouée,1645.27,web
11128,262,2019-10-14,livrée,1253.3,web
11129,3753,2024-05-22,expédiée,925.36,web
11130,111,2024-01-12,livrée,1110.43,mobile
11131,2446,2020-10-14,expédiée,1705.9,web
11132,3504,2025-03-05,échouée,525.54,mobile
11133,5738,2024-04-11,livrée,1360.28,web
11134,4640,2024-09-13,en cours,595.05,mobile
11135,1615,2022-09-06,en cours,1158.35,web
11136,3828,2025-10-19,en cours,212.81,web
11137,700,2021-01-12,expédiée,1452.58,web
11138,4038,2020-12-07,échouée,1638.22,mobile
11139,4355,2024-04-19,expédiée,610.4,web
11140,5137,2022-07-20,échouée,107.65,web
11141,2233,2025-01-31,échouée,289.32,mobile
11142,5468,2023-10-04,expédiée,777.54,web
11143,4948,2021-09-23,expédiée,1890.48,mobile
11144,3884,2020-10-10,échouée,904.93,web
11145,234,2021-02-21,échouée,1607.83,mobile
11146,5876,2021-08-09,expédiée,1920.59,mobile
11147,195,2020-12-26,livrée,1530.87,mobile
11148,248,2019-11-26,expédiée,1177.88,web
11149,5384,2023-12-09,livrée,1304.68,mobile
11150,2353,2019-06-01,échouée,620.03,mobile
11151,2898,2021-11-08,en cours,247.28,web
11152,4009,2025-06-16,expédiée,1048.3,mobile
11153,2369,2019-04-26,en cours,1461.13,web
11154,3457,2024-07-14,livrée,1040.33,mobile
11155,4560,2019-11-12,en cours,1561.66,web
11156,2173,2022-03-21,en cours,927.13,mobile
11157,5846,2023-11-07,en cours,279.16,web
11158,4450,2019-01-27,échouée,1163.54,mobile
11159,4641,2023-07-25,échouée,571.22,web
11160,4022,2022-03-23,échouée,472.13,mobile
11161,4698,2020-09-11,livrée,816.22,web
11162,2709,2022-08-18,livrée,1093.63,web
11163,656,2020-02-20,en cours,116.27,mobile
11164,108,2020-08-27,échouée,863.95,mobile
11165,1923,2024-03-13,en cours,1681.73,web
11166,3009,2022-11-29,livrée,1843.52,mobile
11167,267,2022-06-18,échouée,1004.07,mobile
11168,1820,2025-10-09,en cours,1872.54,web
11169,2841,2023-08-31,en cours,1931.78,web
11170,4095,2022-02-13,échouée,790.23,mobile
11171,1946,2024-09-29,expédiée,975.85,mobile
11172,5653,2021-02-08,livrée,539.24,mobile
11173,3597,2019-12-22,livrée,231.67,mobile
11174,431,2020-08-12,livrée,655.43,web
11175,3748,2024-07-24,échouée,1434.51,mobile
11176,144,2023-09-11,expédiée,874.43,mobile
11177,407,2020-06-28,livrée,1219.62,mobile
11178,1040,2021-05-23,livrée,662.57,mobile
11179,5132,2019-05-10,en cours,1866.91,web
11180,3658,2024-11-30,livrée,1836.47,web
11181,5142,2022-01-08,échouée,563.29,web
11182,2122,2025-09-24,en cours,1842.35,web
11183,4808,2024-03-26,échouée,253.0,web
11184,5501,2025-09-16,échouée,891.37,mobile
11185,3892,2019-08-25,livrée,244.38,web
11186,141,2025-05-28,livrée,1440.93,web
11187,237,2023-08-17,en cours,174.88,mobile
11188,2654,2023-01-30,échouée,1170.19,mobile
11189,3224,2025-12-30,échouée,983.58,web
11190,5469,2025-12-20,livrée,262.77,mobile
11191,228,2025-05-09,livrée,380.32,mobile
11192,966,2023-07-16,en cours,367.0,mobile
11193,1323,2023-03-12,échouée,1997.21,web
11194,3831,2022-03-16,échouée,848.03,mobile
11195,4747,2025-03-16,échouée,362.65,web
11196,4544,2025-08-22,en cours,156.75,web
11197,5523,2023-11-10,livrée,298.16,web
11198,1295,2019-04-10,échouée,1400.43,web
11199,3515,2023-07-11,expédiée,1050.14,mobile
11200,553,2021-02-07,en cours,1555.8,mobile
11201,2585,2022-09-16,expédiée,1988.59,web
11202,5564,2023-07-05,expédiée,998.9,web
11203,2039,2024-07-04,expédiée,794.53,web
11204,1264,2025-01-30,expédiée,1769.18,mobile
11205,3771,2023-10-31,expédiée,1705.54,web
11206,5542,2019-06-20,échouée,95.03,mobile
11207,2166,2025-11-24,livrée,1161.25,web
11208,1189,2022-05-24,livrée,344.9,web
11209,1146,2020-08-16,expédiée,1644.54,mobile
11210,4330,2021-02-05,échouée,79.11,mobile
11211,4332,2020-12-24,livrée,1821.88,mobile
11212,790,2020-12-23,livrée,1705.36,web
11213,5787,2019-03-04,en cours,1518.77,web
11214,963,2021-09-17,échouée,76.97,web
11215,3295,2023-08-27,livrée,454.25,mobile
11216,1285,2020-02-15,échouée,45.16,web
11217,1703,2019-08-11,échouée,392.39,web
11218,640,2024-03-20,en cours,191.93,web
11219,4896,2024-08-08,échouée,876.58,mobile
11220,726,2022-08-10,livrée,1972.4,web
11221,1885,2023-08-08,livrée,1029.65,mobile
11222,5852,2020-03-13,en cours,1580.03,mobile
11223,5008,2022-08-19,échouée,659.05,web
11224,5895,2023-08-05,livrée,101.97,web
11225,4812,2021-10-03,en cours,782.14,web
11226,3607,2020-03-10,en cours,1696.4,mobile
11227,3683,2024-07-21,échouée,983.22,mobile
11228,819,2022-08-12,en cours,1747.86,mobile
11229,2736,2023-02-28,échouée,483.87,mobile
11230,435,2024-11-28,expédiée,1607.45,web
11231,1332,2024-01-18,en cours,1638.24,mobile
11232,5713,2021-02-28,expédiée,815.57,mobile
11233,499,2019-04-29,en cours,1525.75,mobile
11234,3759,2021-07-12,expédiée,725.96,web
11235,4878,2021-12-04,en cours,1917.76,web
11236,841,2019-06-15,échouée,603.29,mobile
11237,3205,2025-06-01,livrée,1894.1,mobile
11238,4177,2019-05-25,en cours,365.18,web
11239,5111,2025-04-30,livrée,517.75,mobile
11240,4702,2023-06-04,échouée,129.84,web
11241,1105,2024-07-30,livrée,1607.59,web
11242,953,2025-12-01,en cours,269.64,mobile
11243,5748,2023-05-26,en cours,1420.91,web
11244,5521,2023-12-13,échouée,1607.69,mobile
11245,4503,2021-07-31,livrée,857.36,mobile
11246,2388,2024-01-14,livrée,1340.16,web
11247,1753,2023-01-08,en cours,1528.09,web
11248,3326,2024-09-03,échouée,993.65,mobile
11249,4426,2021-12-02,en cours,175.25,web
11250,172,2021-01-25,livrée,417.04,mobile
11251,1349,2023-01-09,livrée,1966.0,mobile
11252,3858,2021-06-30,livrée,113.84,web
11253,2069,2025-01-29,en cours,241.04,mobile
11254,4999,2021-01-07,en cours,1820.81,mobile
11255,2878,2019-03-28,expédiée,1021.7,web
11256,1627,2023-06-25,échouée,468.17,web
11257,789,2020-02-04,livrée,1334.41,mobile
11258,2313,2020-02-18,échouée,983.42,mobile
11259,5958,2022-07-16,échouée,1264.58,mobile
11260,2989,2019-09-26,livrée,404.79,mobile
11261,3669,2023-06-10,échouée,658.95,web
11262,5540,2021-09-08,en cours,1496.98,mobile
11263,1676,2019-11-18,échouée,46.32,mobile
11264,3956,2022-03-20,en cours,1345.57,mobile
11265,3346,2022-09-25,expédiée,683.82,mobile
11266,39,2019-05-06,échouée,438.33,web
11267,1840,2023-05-27,échouée,745.08,web
11268,3674,2020-01-21,livrée,1139.86,web
11269,5553,2019-11-18,échouée,215.2,web
11270,228,2022-07-15,en cours,127.31,web
11271,3753,2021-03-09,expédiée,1379.3,web
11272,4556,2020-05-09,livrée,1469.37,web
11273,1187,2023-06-11,échouée,1305.33,mobile
11274,4007,2021-05-19,livrée,1402.72,mobile
11275,1420,2021-04-04,échouée,1495.55,web
11276,3492,2023-05-30,expédiée,1977.13,web
11277,381,2019-07-19,expédiée,1375.81,web
11278,5930,2021-04-28,échouée,769.57,web
11279,5178,2021-10-07,expédiée,492.74,mobile
11280,5875,2022-02-03,expédiée,686.41,web
11281,319,2019-03-20,expédiée,1230.79,mobile
11282,2043,2024-06-13,échouée,233.63,mobile
11283,4994,2025-06-03,expédiée,484.26,web
11284,2550,2025-01-11,livrée,307.5,mobile
11285,1578,2023-12-02,expédiée,899.82,mobile
11286,4220,2021-05-26,expédiée,1988.14,mobile
11287,1820,2020-11-21,échouée,1453.64,web
11288,2458,2019-11-07,expédiée,590.51,web
11289,1733,2021-05-28,expédiée,1862.76,mobile
11290,4880,2019-03-19,en cours,1145.16,mobile
11291,3704,2021-07-25,expédiée,1706.19,mobile
11292,2901,2023-10-27,échouée,835.94,mobile
11293,1933,2020-06-10,livrée,344.76,mobile
11294,1856,2023-10-01,expédiée,1395.07,mobile
11295,3483,2019-04-03,livrée,538.21,web
11296,2342,2022-12-28,livrée,154.42,web
11297,5825,2020-07-14,en cours,1467.25,web
11298,15,2019-03-31,en cours,284.2,mobile
11299,3150,2023-11-29,échouée,412.64,mobile
11300,3727,2021-02-25,en cours,1810.99,mobile
11301,418,2022-05-22,livrée,1475.49,mobile
11302,1325,2020-10-22,livrée,968.15,web
11303,1401,2025-03-31,en cours,1700.56,web
11304,2037,2023-09-07,en cours,1334.54,web
11305,4827,2021-08-01,échouée,234.66,mobile
11306,2030,2019-08-16,expédiée,842.2,mobile
11307,795,2023-12-17,expédiée,118.77,mobile
11308,1542,2023-06-02,en cours,672.49,web
11309,2085,2024-08-28,en cours,363.63,mobile
11310,201,2021-02-10,échouée,62.27,mobile
11311,1454,2022-01-15,échouée,1051.0,mobile
11312,3625,2024-06-01,livrée,1104.19,web
11313,483,2025-07-10,expédiée,1468.06,web
11314,5429,2022-07-10,en cours,1535.65,mobile
11315,262,2020-08-02,échouée,1049.36,mobile
11316,3644,2020-02-17,en cours,659.45,web
11317,26,2022-01-10,échouée,1059.23,web
11318,4655,2020-05-27,échouée,714.03,mobile
11319,5964,2021-05-13,échouée,1797.06,web
11320,5859,2021-03-20,échouée,743.36,mobile
11321,51,2022-02-01,expédiée,1111.5,web
11322,2481,2024-06-30,échouée,531.08,mobile
11323,5134,2020-04-15,expédiée,1988.91,mobile
11324,5447,2022-07-20,expédiée,1240.58,web
11325,5586,2025-01-17,en cours,428.4,web
11326,5014,2019-02-01,échouée,687.54,mobile
11327,1701,2024-01-21,échouée,1862.06,web
11328,4950,2023-09-13,en cours,1688.69,web
11329,4959,2023-03-19,en cours,531.46,web
11330,3404,2023-04-30,expédiée,712.39,mobile
11331,1932,2023-07-12,livrée,100.84,mobile
11332,3097,2024-03-21,échouée,746.95,mobile
11333,3736,2022-09-28,expédiée,911.06,web
11334,265,2020-01-17,en cours,99.45,web
11335,1327,2025-11-18,livrée,1446.63,web
11336,550,2024-03-30,livrée,1661.68,mobile
11337,1488,2025-05-06,expédiée,1540.14,web
11338,2544,2025-10-13,en cours,247.47,mobile
11339,3277,2020-03-01,en cours,1621.22,web
11340,298,2025-01-09,en cours,1358.6,mobile
11341,3818,2021-08-14,livrée,657.54,mobile
11342,3451,2019-08-08,livrée,1144.97,web
11343,4526,2020-12-26,en cours,1407.3,mobile
11344,5690,2025-09-27,échouée,990.51,web
11345,4785,2023-06-16,échouée,1128.35,mobile
11346,938,2025-06-14,échouée,1945.14,web
11347,4439,2019-01-22,en cours,1235.78,web
11348,1045,2024-03-29,échouée,1606.82,mobile
11349,735,2024-09-19,livrée,1690.29,web
11350,4636,2024-10-03,échouée,1422.86,web
11351,2674,2021-12-01,livrée,1708.5,web
11352,3267,2022-11-23,expédiée,1766.07,web
11353,4328,2019-12-15,expédiée,1574.94,web
11354,2844,2021-06-28,expédiée,999.49,web
11355,4206,2024-07-19,livrée,1803.27,web
11356,1691,2024-10-31,livrée,1897.77,mobile
11357,4609,2020-07-20,en cours,989.45,web
11358,808,2025-02-09,livrée,999.65,web
11359,1874,2020-05-26,expédiée,847.95,mobile
11360,5177,2025-03-06,échouée,141.35,mobile
11361,4515,2022-01-19,expédiée,728.5,mobile
11362,2224,2019-06-05,livrée,1043.96,web
11363,1440,2021-09-17,en cours,485.26,web
11364,4824,2019-02-27,livrée,337.49,web
11365,2595,2022-03-21,en cours,398.66,web
11366,5973,2021-10-28,livrée,105.22,web
11367,5032,2023-03-10,livrée,128.08,mobile
11368,4084,2024-01-10,en cours,229.95,mobile
11369,5216,2022-05-04,livrée,1961.83,mobile
11370,2562,2022-08-27,expédiée,413.58,mobile
11371,1030,2025-01-18,livrée,23.46,mobile
11372,3828,2019-06-26,livrée,1322.74,web
11373,5726,2020-12-03,expédiée,299.88,web
11374,4378,2023-10-25,livrée,668.42,mobile
11375,2418,2019-09-17,expédiée,206.43,web
11376,808,2020-10-14,échouée,599.37,mobile
11377,34,2019-02-27,échouée,707.9,mobile
11378,5142,2022-12-01,en cours,1372.07,web
11379,5700,2019-11-08,expédiée,639.54,web
11380,2726,2023-09-01,expédiée,1140.43,web
11381,1539,2020-07-22,en cours,1681.41,mobile
11382,4421,2020-01-01,livrée,683.9,web
11383,1769,2024-02-21,livrée,1103.88,web
11384,1411,2019-03-10,expédiée,1369.83,mobile
11385,2226,2020-06-05,livrée,27.9,web
11386,507,2022-06-24,échouée,807.97,mobile
11387,2157,2025-02-26,expédiée,706.26,mobile
11388,5983,2020-06-28,expédiée,596.29,mobile
11389,1146,2022-05-18,livrée,1659.34,mobile
11390,2110,2024-05-16,échouée,1194.78,web
11391,2691,2019-03-23,livrée,1961.91,mobile
11392,1188,2024-06-26,échouée,1207.84,mobile
11393,3004,2022-11-12,en cours,560.78,mobile
11394,1515,2022-07-10,échouée,1872.09,web
11395,3237,2019-03-25,échouée,941.09,web
11396,3242,2022-12-21,expédiée,1534.04,mobile
11397,1078,2023-03-21,livrée,849.76,mobile
11398,5717,2025-04-15,livrée,884.32,mobile
11399,1848,2025-12-17,en cours,82.86,web
11400,1770,2020-06-29,livrée,1473.22,mobile
11401,5814,2019-04-09,en cours,741.18,mobile
11402,4019,2025-06-14,livrée,305.06,web
11403,1978,2024-10-05,échouée,329.8,web
11404,3776,2022-08-23,expédiée,138.58,mobile
11405,1148,2019-05-07,expédiée,969.48,web
11406,5872,2021-03-16,livrée,939.09,web
11407,4404,2022-09-26,échouée,683.7,mobile
11408,3385,2021-01-12,expédiée,765.92,mobile
11409,3386,2020-12-05,en cours,368.54,web
11410,2619,2022-05-12,livrée,301.68,web
11411,5944,2022-02-19,échouée,1438.23,web
11412,1635,2019-01-25,livrée,480.05,mobile
11413,4450,2020-12-15,expédiée,680.57,web
11414,3483,2019-10-20,échouée,184.18,mobile
11415,2464,2024-07-13,en cours,1910.98,web
11416,5643,2023-09-08,échouée,731.65,web
11417,59,2025-09-05,livrée,50.34,web
11418,2241,2022-03-16,échouée,658.05,web
11419,2884,2020-09-03,livrée,626.27,mobile
11420,5700,2023-11-02,échouée,1618.74,mobile
11421,1236,2023-09-25,livrée,1899.24,web
11422,1320,2020-03-28,en cours,1274.99,mobile
11423,3690,2023-10-20,livrée,1130.82,web
11424,2358,2022-06-14,en cours,1657.99,mobile
11425,4529,2021-03-30,expédiée,656.25,web
11426,1708,2025-07-08,échouée,1081.25,web
11427,2253,2022-06-08,livrée,919.22,mobile
11428,2829,2025-05-30,livrée,62.0,web
11429,5576,2019-06-30,en cours,1056.74,web
11430,5892,2020-11-13,échouée,341.18,mobile
11431,5724,2022-05-25,expédiée,1204.25,web
11432,3071,2025-01-21,en cours,580.08,web
11433,2892,2023-03-10,livrée,266.78,mobile
11434,3308,2022-07-24,livrée,1896.31,mobile
11435,2914,2019-05-31,expédiée,1540.4,web
11436,3201,2023-02-03,expédiée,1458.88,web
11437,356,2019-09-30,livrée,701.07,web
11438,2173,2022-04-12,échouée,222.87,mobile
11439,4116,2022-09-27,en cours,914.81,web
11440,3270,2022-12-01,livrée,1325.98,mobile
11441,4477,2025-05-23,expédiée,948.8,web
11442,3902,2019-07-17,en cours,304.73,mobile
11443,1389,2024-02-14,livrée,152.5,mobile
11444,117,2024-05-20,en cours,1584.99,web
11445,3918,2024-05-23,livrée,283.87,mobile
11446,3008,2020-08-27,livrée,428.5,web
11447,4252,2022-09-28,expédiée,1058.39,mobile
11448,5096,2019-08-08,échouée,1374.61,mobile
11449,2140,2025-06-15,échouée,284.97,mobile
11450,5184,2022-10-19,échouée,1181.37,mobile
11451,1288,2021-07-06,expédiée,314.59,mobile
11452,4743,2023-09-25,expédiée,1158.2,web
11453,3963,2023-02-13,échouée,471.8,mobile
11454,524,2022-08-16,en cours,907.03,mobile
11455,4618,2019-03-12,livrée,690.21,web
11456,3358,2019-03-14,livrée,367.55,mobile
11457,1242,2020-04-22,en cours,524.04,mobile
11458,1411,2024-12-28,expédiée,768.55,mobile
11459,301,2024-09-23,livrée,1379.45,web
11460,5969,2025-04-30,en cours,1389.53,mobile
11461,5029,2024-10-28,expédiée,1618.22,web
11462,5707,2023-08-29,livrée,1927.16,web
11463,5124,2020-05-17,livrée,534.85,mobile
11464,249,2024-06-25,livrée,502.29,web
11465,3406,2025-05-02,en cours,1952.12,mobile
11466,4538,2024-04-18,échouée,1398.77,mobile
11467,5449,2022-12-24,en cours,1019.45,web
11468,5849,2025-11-21,expédiée,1540.42,web
11469,3351,2020-02-03,expédiée,1987.54,web
11470,2359,2020-05-03,échouée,1924.82,web
11471,909,2024-09-20,en cours,1312.27,mobile
11472,3054,2020-04-08,livrée,790.08,mobile
11473,391,2019-02-19,livrée,1593.71,mobile
11474,5591,2025-02-06,expédiée,947.21,mobile
11475,92,2019-04-05,échouée,525.52,mobile
11476,3504,2019-08-24,livrée,1807.94,mobile
11477,3731,2022-07-03,échouée,837.74,web
11478,3872,2021-02-07,échouée,1711.88,mobile
11479,2094,2019-08-21,livrée,873.83,mobile
11480,225,2021-10-22,expédiée,491.26,web
11481,977,2021-04-27,livrée,1432.83,web
11482,1839,2023-10-28,livrée,398.82,web
11483,2721,2021-06-14,en cours,767.89,mobile
11484,5147,2022-02-10,livrée,1471.28,mobile
11485,1196,2022-10-16,livrée,1330.33,web
11486,3252,2023-05-28,échouée,450.74,mobile
11487,5096,2025-06-08,en cours,180.35,mobile
11488,1967,2024-03-08,expédiée,105.63,mobile
11489,466,2024-12-04,en cours,655.43,web
11490,1598,2024-11-05,expédiée,39.01,mobile
11491,5904,2020-12-26,échouée,271.99,web
11492,1335,2024-09-17,en cours,1214.4,mobile
11493,1220,2019-03-07,expédiée,1120.75,web
11494,1383,2024-07-20,expédiée,1744.67,web
11495,2317,2024-07-25,échouée,649.82,mobile
11496,2414,2019-10-06,expédiée,1947.54,mobile
11497,4613,2022-12-14,expédiée,1027.83,mobile
11498,26,2025-08-08,livrée,269.68,web
11499,4244,2022-12-15,en cours,661.04,web
11500,2208,2019-10-23,livrée,235.29,web
11501,1309,2021-04-11,livrée,1628.27,web
11502,658,2025-05-30,échouée,1454.56,mobile
11503,579,2023-02-11,livrée,1859.33,web
11504,3185,2020-10-03,échouée,1617.7,web
11505,166,2023-05-09,livrée,771.28,web
11506,4481,2023-04-22,expédiée,46.42,web
11507,4124,2020-02-16,échouée,1822.61,mobile
11508,5873,2022-12-11,livrée,1552.72,mobile
11509,4153,2019-03-20,en cours,1245.01,web
11510,2589,2021-10-16,livrée,789.03,mobile
11511,4219,2024-10-19,livrée,1654.87,mobile
11512,5749,2025-06-15,échouée,1578.75,web
11513,3488,2024-03-30,en cours,1491.13,mobile
11514,369,2022-03-22,livrée,654.24,mobile
11515,3828,2022-09-07,échouée,1309.33,web
11516,1260,2024-02-07,expédiée,1935.73,web
11517,4693,2024-08-04,livrée,1523.62,mobile
11518,5576,2021-03-15,livrée,1736.43,mobile
11519,2661,2019-01-01,en cours,865.35,mobile
11520,5005,2024-11-10,en cours,423.72,web
11521,619,2025-04-18,en cours,1332.25,mobile
11522,1521,2020-01-20,livrée,834.17,mobile
11523,5889,2022-06-05,en cours,1167.26,web
11524,3014,2024-02-16,expédiée,494.76,web
11525,644,2020-07-26,échouée,25.89,mobile
11526,2897,2025-06-08,expédiée,1812.07,mobile
11527,2212,2019-01-18,livrée,620.71,web
11528,1759,2024-10-13,échouée,1401.98,mobile
11529,1073,2020-03-05,livrée,544.99,web
11530,784,2020-04-13,échouée,943.11,web
11531,4723,2022-11-13,en cours,448.84,mobile
11532,2880,2024-09-12,échouée,1165.4,web
11533,3631,2022-07-09,expédiée,1904.88,web
11534,5521,2024-03-07,expédiée,1674.54,web
11535,4131,2024-12-07,livrée,219.33,mobile
11536,5949,2025-01-05,en cours,1282.75,web
11537,5862,2019-11-22,livrée,634.25,mobile
11538,5616,2023-05-06,livrée,367.41,mobile
11539,4782,2021-11-30,expédiée,977.7,mobile
11540,2875,2020-12-01,livrée,209.96,web
11541,860,2025-02-04,livrée,376.56,web
11542,2771,2024-11-20,expédiée,717.39,web
11543,2100,2025-10-13,livrée,209.83,mobile
11544,617,2020-04-14,livrée,158.88,web
11545,3963,2025-04-24,échouée,1979.52,mobile
11546,5981,2025-12-07,livrée,1364.72,mobile
11547,1642,2022-11-30,expédiée,307.34,mobile
11548,4168,2022-12-12,échouée,312.98,web
11549,1239,2023-10-01,en cours,889.52,web
11550,5606,2019-02-09,expédiée,795.57,mobile
11551,3402,2023-06-29,en cours,697.26,web
11552,3914,2025-04-22,en cours,1987.35,web
11553,2806,2024-05-20,expédiée,1867.35,mobile
11554,2414,2023-04-27,livrée,621.26,mobile
11555,4344,2020-01-01,livrée,685.67,web
11556,627,2023-05-01,livrée,713.7,mobile
11557,4567,2023-02-21,expédiée,1989.48,mobile
11558,4344,2019-10-24,en cours,1773.67,web
11559,2057,2025-04-20,échouée,1997.04,web
11560,5813,2019-04-09,en cours,672.67,mobile
11561,5745,2025-01-19,expédiée,1711.05,mobile
11562,4084,2022-03-26,échouée,1450.38,mobile
11563,750,2020-10-15,échouée,1092.76,web
11564,3860,2019-03-07,échouée,1331.53,mobile
11565,134,2025-01-14,expédiée,545.07,mobile
11566,2383,2025-02-19,expédiée,1046.45,mobile
11567,5939,2020-08-06,en cours,22.4,mobile
11568,1486,2023-11-14,échouée,1339.17,web
11569,4401,2021-01-09,échouée,1012.0,mobile
11570,5635,2025-04-03,en cours,1164.82,mobile
11571,1078,2025-12-27,échouée,183.02,mobile
11572,457,2019-11-21,échouée,1788.93,mobile
11573,2086,2021-09-12,en cours,1959.95,web
11574,1990,2025-02-16,livrée,1727.74,web
11575,3,2021-02-07,échouée,1213.34,mobile
11576,747,2025-03-03,en cours,1048.19,mobile
11577,323,2022-11-22,livrée,1203.38,web
11578,3944,2024-02-29,en cours,971.08,web
11579,1759,2024-12-28,échouée,1828.39,web
11580,3492,2021-03-10,en cours,529.56,mobile
11581,5700,2020-08-25,livrée,626.98,web
11582,3009,2023-09-17,livrée,62.64,web
11583,2985,2021-01-11,échouée,845.09,mobile
11584,1038,2019-11-09,en cours,419.26,mobile
11585,3899,2019-11-18,livrée,360.61,web
11586,5450,2025-05-25,expédiée,672.91,web
11587,5878,2023-07-18,échouée,1308.74,mobile
11588,1193,2021-07-21,expédiée,144.18,mobile
11589,2255,2025-01-14,expédiée,1375.24,web
11590,1010,2024-07-06,expédiée,1007.21,mobile
11591,2405,2021-11-02,en cours,561.6,mobile
11592,3466,2025-10-26,expédiée,1744.76,mobile
11593,2814,2025-04-19,échouée,1520.54,mobile
11594,3985,2025-10-23,en cours,1656.42,web
11595,1247,2019-08-09,échouée,1903.8,web
11596,499,2022-07-11,expédiée,1450.82,mobile
11597,2085,2020-07-08,expédiée,1667.3,web
11598,3770,2020-09-12,livrée,56.39,web
11599,2944,2019-06-06,en cours,331.35,web
11600,3055,2022-12-02,en cours,1235.95,web
11601,5487,2023-06-01,en cours,1352.61,web
11602,2819,2022-01-03,expédiée,814.73,mobile
11603,4791,2024-09-30,livrée,572.19,web
11604,3530,2023-11-18,échouée,369.21,web
11605,3204,2025-02-01,en cours,1985.97,web
11606,4079,2025-03-17,échouée,528.13,web
11607,2641,2023-02-26,expédiée,1063.9,mobile
11608,1502,2025-12-13,livrée,239.3,mobile
11609,1217,2023-08-23,échouée,1985.25,web
11610,4926,2024-09-20,échouée,504.99,web
11611,2804,2020-03-25,livrée,399.34,mobile
11612,4898,2019-09-19,échouée,552.32,web
11613,5890,2019-05-12,échouée,1738.13,web
11614,544,2021-12-27,en cours,56.4,mobile
11615,3025,2020-08-04,en cours,788.22,web
11616,866,2023-11-19,livrée,1188.59,mobile
11617,3003,2025-06-25,échouée,1371.19,web
11618,887,2022-11-28,en cours,1621.52,web
11619,812,2021-01-21,échouée,706.53,mobile
11620,1703,2020-08-02,livrée,319.12,mobile
11621,1361,2025-02-01,livrée,1495.64,mobile
11622,3607,2020-10-09,échouée,1383.8,web
11623,5798,2020-05-14,échouée,1540.24,mobile
11624,4702,2025-02-27,expédiée,1312.41,mobile
11625,488,2019-05-27,expédiée,367.28,mobile
11626,3366,2021-09-09,en cours,1177.15,web
11627,2354,2022-01-15,livrée,1771.95,web
11628,3962,2024-11-23,livrée,1006.36,mobile
11629,2410,2020-10-10,expédiée,579.18,mobile
11630,232,2024-02-07,en cours,1022.19,mobile
11631,3441,2023-04-20,expédiée,447.76,web
11632,5027,2022-06-02,livrée,1724.03,web
11633,340,2024-09-15,échouée,677.68,mobile
11634,3359,2023-02-11,en cours,1824.08,web
11635,3031,2020-02-15,expédiée,1324.46,web
11636,3889,2020-02-26,expédiée,448.85,web
11637,5683,2023-05-31,échouée,815.16,web
11638,5716,2020-09-15,livrée,1645.83,mobile
11639,5086,2022-01-22,en cours,575.55,web
11640,1291,2025-12-11,livrée,803.16,web
11641,4611,2023-06-08,en cours,1622.71,mobile
11642,2493,2022-06-04,en cours,269.32,web
11643,4382,2022-11-08,livrée,421.72,web
11644,3881,2023-03-05,échouée,1117.48,web
11645,4238,2023-05-21,échouée,183.74,web
11646,1352,2020-09-02,livrée,48.09,web
11647,4506,2022-10-27,en cours,1242.81,web
11648,798,2024-08-02,livrée,1000.12,mobile
11649,1187,2020-10-11,livrée,1222.25,web
11650,4925,2024-02-15,en cours,907.65,web
11651,511,2019-04-08,expédiée,1374.06,mobile
11652,1762,2023-01-08,en cours,545.34,web
11653,144,2021-12-12,en cours,726.87,web
11654,433,2025-11-02,livrée,495.26,web
11655,381,2024-05-28,échouée,1178.59,mobile
11656,5496,2023-01-14,échouée,1333.7,mobile
11657,1859,2022-08-10,échouée,833.99,web
11658,2024,2025-06-13,livrée,807.63,web
11659,5408,2024-05-04,échouée,775.57,mobile
11660,467,2023-06-13,en cours,1903.45,web
11661,3041,2023-04-14,échouée,856.41,web
11662,3464,2025-08-10,en cours,973.84,mobile
11663,28,2025-12-06,en cours,66.47,mobile
11664,3839,2024-12-05,expédiée,453.23,web
11665,5570,2021-11-19,expédiée,512.12,mobile
11666,4300,2023-06-25,échouée,837.57,web
11667,877,2024-09-22,livrée,1154.26,mobile
11668,168,2025-01-06,échouée,1998.91,web
11669,1708,2020-05-03,échouée,796.15,mobile
11670,1955,2022-11-15,en cours,1238.21,web
11671,425,2023-03-11,échouée,1862.0,mobile
11672,1297,2019-02-10,échouée,532.14,mobile
11673,3044,2023-04-29,échouée,1043.8,web
11674,2025,2023-11-10,en cours,768.92,web
11675,5478,2023-04-12,livrée,1769.81,web
11676,4877,2025-08-31,échouée,1795.23,web
11677,4628,2022-08-05,expédiée,1272.61,web
11678,3915,2021-07-17,expédiée,543.87,web
11679,3218,2019-11-01,en cours,1381.01,web
11680,2316,2020-05-11,échouée,1793.48,web
11681,3878,2024-04-15,en cours,1154.11,web
11682,2191,2021-09-18,échouée,673.21,web
11683,70,2021-04-13,en cours,459.62,mobile
11684,1202,2021-04-15,expédiée,51.8,web
11685,3702,2025-08-04,expédiée,1519.25,mobile
11686,5759,2021-07-24,en cours,893.05,mobile
11687,2095,2025-11-27,expédiée,323.34,web
11688,827,2022-12-09,échouée,1035.22,web
11689,2449,2020-02-28,échouée,286.18,web
11690,2363,2020-06-10,en cours,416.98,mobile
11691,5637,2025-04-18,échouée,495.7,mobile
11692,3848,2019-11-07,livrée,243.35,mobile
11693,3912,2021-08-22,livrée,26.3,web
11694,472,2025-09-14,en cours,496.83,web
11695,4220,2025-12-18,livrée,1918.68,mobile
11696,250,2022-10-25,en cours,1196.12,web
11697,5591,2021-07-27,expédiée,1346.85,mobile
11698,4558,2023-10-21,échouée,1658.51,web
11699,389,2023-11-25,en cours,814.15,mobile
11700,1288,2019-03-27,livrée,892.92,web
11701,2806,2020-02-29,en cours,1862.03,web
11702,5473,2024-12-23,expédiée,720.32,web
11703,5080,2024-07-11,livrée,80.61,web
11704,4443,2024-10-29,en cours,1477.06,mobile
11705,486,2021-12-26,en cours,1368.28,web
11706,4634,2022-05-20,échouée,417.15,web
11707,2303,2022-11-09,en cours,646.24,web
11708,5323,2023-08-19,en cours,1334.69,mobile
11709,174,2022-02-28,en cours,607.57,web
11710,5348,2024-08-27,expédiée,1014.12,web
11711,641,2021-08-25,échouée,421.64,web
11712,1004,2019-06-14,en cours,1718.21,mobile
11713,421,2024-01-22,en cours,265.02,web
11714,2504,2020-10-13,échouée,653.92,mobile
11715,966,2025-07-13,en cours,341.99,mobile
11716,435,2019-08-10,livrée,85.96,mobile
11717,2589,2023-09-10,en cours,1589.05,web
11718,2969,2024-10-27,échouée,1520.9,web
11719,4102,2019-10-30,livrée,428.92,mobile
11720,3284,2025-06-23,livrée,236.72,web
11721,3301,2020-12-20,échouée,1365.52,web
11722,4421,2021-08-09,échouée,412.65,web
11723,2829,2020-01-06,échouée,546.9,web
11724,4644,2021-02-08,expédiée,696.09,web
11725,4392,2019-02-26,en cours,1499.85,mobile
11726,451,2025-05-08,livrée,238.13,web
11727,4003,2023-05-25,en cours,1460.57,mobile
11728,5243,2020-03-13,expédiée,1657.85,web
11729,5094,2023-07-28,en cours,953.76,web
11730,5135,2021-12-16,expédiée,1779.9,mobile
11731,5468,2021-12-22,expédiée,788.79,web
11732,5197,2020-10-13,échouée,528.22,web
11733,567,2020-11-07,livrée,1737.81,mobile
11734,2664,2024-01-07,expédiée,1537.21,mobile
11735,1682,2021-02-04,livrée,1947.65,mobile
11736,3493,2024-07-06,expédiée,159.07,mobile
11737,897,2021-07-30,échouée,1995.65,mobile
11738,314,2019-02-22,en cours,84.81,mobile
11739,4421,2022-02-18,échouée,1341.36,web
11740,5931,2020-04-08,expédiée,1363.11,web
11741,2452,2022-10-28,livrée,315.38,mobile
11742,1171,2024-11-17,livrée,773.24,web
11743,3370,2025-10-02,échouée,1987.92,web
11744,1079,2025-12-27,livrée,717.52,web
11745,2896,2023-08-13,en cours,1442.43,web
11746,387,2022-09-15,échouée,1123.84,web
11747,4194,2021-09-17,livrée,862.97,web
11748,844,2023-05-17,en cours,260.12,web
11749,1867,2020-04-27,expédiée,932.94,mobile
11750,1315,2024-01-12,livrée,1504.32,mobile
11751,5791,2025-06-25,en cours,1434.14,mobile
11752,5434,2019-07-24,échouée,535.2,web
11753,2294,2021-10-18,livrée,636.82,web
11754,2319,2024-09-14,échouée,383.24,mobile
11755,377,2023-11-21,livrée,1226.15,web
11756,4380,2022-01-08,en cours,47.2,web
11757,2330,2019-05-09,livrée,1654.22,mobile
11758,78,2022-05-30,livrée,481.42,mobile
11759,262,2023-05-03,échouée,1183.69,web
11760,2270,2022-04-21,livrée,1328.84,mobile
11761,3969,2020-05-06,livrée,197.76,web
11762,5345,2024-05-16,livrée,1870.86,web
11763,5426,2025-12-03,échouée,827.86,web
11764,5961,2023-10-03,livrée,1901.46,mobile
11765,5544,2020-06-20,en cours,887.65,mobile
11766,3175,2019-03-11,en cours,730.42,mobile
11767,5030,2019-12-02,en cours,1018.18,web
11768,859,2021-07-11,échouée,1417.93,web
11769,2431,2019-05-09,livrée,305.39,mobile
11770,4633,2019-04-07,échouée,95.6,web
11771,5277,2021-04-02,échouée,291.29,web
11772,9,2020-10-09,expédiée,1527.78,web
11773,5581,2019-11-13,échouée,460.59,web
11774,3990,2025-07-06,échouée,1021.23,web
11775,5649,2022-03-06,échouée,1784.45,web
11776,1749,2020-04-30,en cours,314.65,mobile
11777,92,2022-04-27,expédiée,1251.42,mobile
11778,4522,2020-09-25,en cours,1384.02,web
11779,1520,2023-12-01,échouée,1755.17,mobile
11780,5700,2020-09-13,expédiée,346.48,web
11781,837,2022-07-18,échouée,1829.76,web
11782,2023,2023-06-15,expédiée,577.16,web
11783,1743,2022-06-02,en cours,1319.09,web
11784,5292,2021-08-04,livrée,1655.13,mobile
11785,3632,2025-02-07,échouée,554.56,web
11786,3924,2025-04-30,échouée,872.76,web
11787,3695,2022-05-30,livrée,764.83,mobile
11788,3190,2019-05-20,en cours,207.55,web
11789,3648,2025-12-05,livrée,1850.47,web
11790,5186,2021-08-24,livrée,1189.51,web
11791,419,2020-11-24,en cours,1080.53,web
11792,4474,2021-08-07,expédiée,211.28,web
11793,402,2019-09-01,livrée,1310.45,mobile
11794,210,2021-04-01,échouée,612.52,web
11795,2819,2022-02-06,livrée,1153.46,mobile
11796,4094,2020-06-30,expédiée,465.9,web
11797,5834,2020-10-30,échouée,1655.86,web
11798,4052,2023-10-25,en cours,1550.24,mobile
11799,5476,2023-07-18,échouée,1230.06,web
11800,285,2023-05-09,livrée,1266.21,web
11801,4053,2020-10-26,livrée,1227.98,web
11802,3317,2021-06-12,en cours,1059.93,web
11803,2797,2024-07-25,livrée,909.6,mobile
11804,4279,2019-02-11,expédiée,1526.86,web
11805,3925,2022-04-20,expédiée,1121.8,web
11806,2124,2020-05-08,en cours,1597.9,mobile
11807,1306,2020-12-06,en cours,1326.42,mobile
11808,1459,2019-03-18,expédiée,1103.97,web
11809,3204,2021-03-03,expédiée,1406.32,web
11810,4148,2024-08-21,en cours,1438.12,web
11811,1860,2021-02-12,échouée,1986.8,mobile
11812,2030,2022-03-16,échouée,1259.11,web
11813,3692,2020-09-03,échouée,1822.54,mobile
11814,3345,2020-02-28,en cours,1229.15,mobile
11815,4848,2023-06-11,en cours,77.88,mobile
11816,110,2024-04-12,échouée,1965.54,web
11817,3248,2021-07-03,en cours,585.57,web
11818,1363,2021-02-14,livrée,440.57,mobile
11819,2644,2024-05-13,en cours,183.91,mobile
11820,1853,2024-02-20,en cours,477.95,web
11821,3024,2019-12-26,livrée,1966.32,web
11822,179,2025-07-15,échouée,21.52,mobile
11823,651,2025-02-12,expédiée,893.82,web
11824,4199,2019-03-30,expédiée,162.31,mobile
11825,4489,2023-02-07,en cours,1207.95,mobile
11826,677,2025-01-19,livrée,1013.32,web
11827,4097,2023-12-16,livrée,634.47,web
11828,2511,2023-12-29,expédiée,1330.57,web
11829,4237,2019-12-17,échouée,541.8,mobile
11830,4141,2024-07-27,livrée,1548.14,web
11831,543,2019-06-09,livrée,535.07,mobile
11832,3281,2022-08-20,en cours,1756.13,web
11833,3241,2023-02-02,livrée,842.53,web
11834,1552,2024-05-24,expédiée,375.7,mobile
11835,4891,2023-01-02,livrée,1593.61,mobile
11836,2735,2022-08-12,échouée,144.01,web
11837,3677,2020-07-21,en cours,1249.9,mobile
11838,1068,2020-10-05,en cours,1748.92,mobile
11839,4544,2020-12-25,échouée,1517.89,web
11840,898,2020-06-18,en cours,83.82,mobile
11841,2438,2024-09-30,échouée,208.14,web
11842,394,2022-08-10,échouée,478.0,web
11843,3401,2024-07-05,expédiée,1010.99,web
11844,3297,2021-11-29,expédiée,1852.65,web
11845,5987,2021-11-15,livrée,128.52,web
11846,4581,2025-10-24,expédiée,1283.67,web
11847,5570,2023-02-10,échouée,531.26,web
11848,4290,2022-04-17,livrée,1780.26,mobile
11849,1837,2022-12-10,livrée,210.12,mobile
11850,555,2019-05-15,expédiée,1281.87,mobile
11851,2669,2023-09-23,en cours,1827.43,web
11852,3342,2025-04-30,expédiée,275.47,web
11853,5089,2019-10-09,échouée,125.62,mobile
11854,2823,2019-10-05,expédiée,1743.82,web
11855,1097,2022-05-10,échouée,1806.2,mobile
11856,1697,2023-11-27,expédiée,676.45,web
11857,4747,2020-11-05,en cours,1322.99,web
11858,5326,2023-12-18,en cours,1785.77,mobile
11859,4671,2023-12-01,échouée,984.2,web
11860,1233,2021-01-13,échouée,799.16,mobile
11861,3475,2025-01-06,échouée,902.18,web
11862,4953,2021-03-18,en cours,519.3,mobile
11863,2766,2022-08-31,expédiée,1749.54,web
11864,27,2019-03-25,expédiée,134.91,web
11865,697,2025-01-21,expédiée,1315.89,mobile
11866,5751,2021-09-11,livrée,427.76,mobile
11867,4344,2020-07-04,échouée,934.32,mobile
11868,4297,2022-12-17,en cours,1309.95,web
11869,2358,2020-08-19,échouée,1535.06,web
11870,596,2025-03-21,échouée,88.59,web
11871,4460,2024-01-30,livrée,1595.7,mobile
11872,3510,2024-03-28,échouée,1226.72,web
11873,3619,2021-12-05,en cours,249.45,web
11874,888,2025-12-03,en cours,285.13,web
11875,4688,2025-06-01,livrée,1917.07,mobile
11876,124,2021-03-29,expédiée,707.56,mobile
11877,4876,2025-11-01,livrée,117.7,web
11878,3782,2022-06-08,livrée,1260.93,web
11879,3313,2019-02-25,expédiée,1432.22,mobile
11880,3701,2024-11-07,échouée,166.87,mobile
11881,4450,2024-05-29,livrée,969.13,mobile
11882,66,2019-06-15,échouée,746.49,web
11883,4224,2021-06-07,en cours,443.93,mobile
11884,3938,2025-09-29,échouée,680.16,mobile
11885,5832,2025-03-30,expédiée,1121.55,web
11886,3745,2020-07-12,échouée,1395.9,mobile
11887,4367,2022-03-12,en cours,739.29,web
11888,2026,2024-09-28,expédiée,1210.97,mobile
11889,5264,2024-08-02,en cours,903.49,web
11890,3655,2022-11-25,livrée,1029.27,web
11891,5202,2020-02-15,échouée,1297.39,web
11892,3108,2023-03-09,en cours,528.35,mobile
11893,4217,2023-08-18,livrée,1459.39,mobile
11894,2646,2023-12-29,expédiée,1538.57,mobile
11895,4455,2021-05-06,expédiée,645.62,web
11896,5745,2023-06-22,expédiée,1283.17,mobile
11897,794,2025-04-22,livrée,962.22,web
11898,4029,2020-09-02,en cours,657.31,web
11899,208,2019-09-23,expédiée,1967.27,mobile
11900,4979,2020-11-29,livrée,1132.78,mobile
11901,3320,2023-03-24,livrée,494.4,web
11902,4175,2019-03-26,expédiée,37.47,mobile
11903,1473,2020-11-05,en cours,649.53,web
11904,2968,2019-09-02,expédiée,619.41,mobile
11905,4217,2019-11-22,livrée,207.85,mobile
11906,5335,2022-03-16,expédiée,387.76,web
11907,26,2023-12-18,expédiée,1688.22,mobile
11908,1192,2020-12-06,expédiée,590.99,web
11909,4373,2020-04-23,expédiée,1513.41,web
11910,593,2022-12-22,en cours,1550.45,mobile
11911,2652,2023-12-10,échouée,1306.87,web
11912,2624,2025-05-24,expédiée,1788.43,web
11913,582,2019-07-15,échouée,528.57,web
11914,4468,2024-07-27,expédiée,359.86,mobile
11915,2944,2022-12-01,livrée,78.81,mobile
11916,5763,2022-12-23,expédiée,1372.26,mobile
11917,5380,2023-10-23,échouée,1601.73,mobile
11918,3205,2019-06-25,livrée,753.76,mobile
11919,2448,2019-11-30,en cours,1143.09,web
11920,2647,2024-11-12,échouée,712.7,mobile
11921,4274,2022-01-08,livrée,257.81,mobile
11922,5409,2024-08-02,livrée,177.49,mobile
11923,5313,2025-02-06,échouée,1583.25,mobile
11924,203,2022-11-21,livrée,1701.18,web
11925,916,2025-11-17,expédiée,1564.13,mobile
11926,3096,2022-08-24,en cours,1928.9,web
11927,5418,2024-03-05,en cours,672.66,mobile
11928,3738,2019-06-27,livrée,1357.92,web
11929,5812,2023-06-22,expédiée,1890.7,mobile
11930,5230,2024-07-16,en cours,287.98,web
11931,3081,2019-10-06,expédiée,818.42,web
11932,4641,2019-10-25,livrée,1295.14,mobile
11933,5451,2025-02-24,en cours,203.96,mobile
11934,2119,2025-06-13,échouée,1244.09,web
11935,1600,2024-12-10,livrée,1169.33,mobile
11936,1845,2020-11-09,expédiée,1631.48,mobile
11937,5152,2024-06-13,livrée,113.04,mobile
11938,3760,2024-12-03,expédiée,495.04,web
11939,4692,2019-09-13,en cours,1524.36,web
11940,2444,2024-12-06,en cours,384.03,web
11941,5468,2021-12-09,échouée,234.22,web
11942,944,2025-04-02,expédiée,154.92,mobile
11943,4392,2022-05-18,en cours,83.63,mobile
11944,1655,2023-07-23,en cours,1825.66,web
11945,5027,2021-06-14,livrée,1446.56,mobile
11946,2665,2024-04-14,expédiée,227.56,web
11947,4258,2022-11-14,en cours,1088.7,web
11948,1550,2024-06-27,expédiée,1767.19,web
11949,2313,2024-12-04,expédiée,973.59,web
11950,164,2025-10-26,échouée,150.23,mobile
11951,1157,2022-03-22,en cours,1767.88,web
11952,4705,2022-08-02,livrée,420.59,web
11953,1103,2020-01-01,en cours,498.92,web
11954,1758,2024-10-01,échouée,1420.12,mobile
11955,1465,2025-09-19,échouée,1575.47,web
11956,1378,2024-01-06,expédiée,1142.35,mobile
11957,2301,2024-05-15,en cours,747.58,web
11958,774,2025-07-26,en cours,1319.17,web
11959,1115,2024-02-18,échouée,1507.17,web
11960,1008,2019-09-15,échouée,1143.92,mobile
11961,1590,2025-07-25,livrée,631.52,web
11962,5850,2023-03-27,échouée,825.13,web
11963,1429,2024-02-23,livrée,824.72,mobile
11964,4999,2021-07-17,expédiée,955.48,mobile
11965,4450,2021-06-13,échouée,676.81,web
11966,2004,2020-03-02,échouée,89.04,web
11967,5799,2023-02-18,échouée,1333.53,mobile
11968,46,2019-03-26,en cours,1712.43,web
11969,3661,2022-04-20,livrée,384.35,mobile
11970,3787,2020-11-07,en cours,429.47,web
11971,145,2025-04-16,en cours,1865.57,mobile
11972,2511,2019-10-21,expédiée,1561.37,mobile
11973,386,2020-11-11,en cours,869.45,web
11974,3521,2025-08-30,livrée,839.9,web
11975,5245,2019-11-14,en cours,1428.06,mobile
11976,3935,2024-10-09,livrée,1803.45,web
11977,5987,2020-11-26,échouée,138.92,web
11978,63,2019-01-31,expédiée,1609.89,mobile
11979,2977,2019-11-21,livrée,632.56,web
11980,1564,2020-04-22,expédiée,1312.28,web
11981,3507,2020-11-14,livrée,689.22,web
11982,2415,2022-06-29,livrée,539.04,mobile
11983,5708,2024-07-24,en cours,1720.89,mobile
11984,2725,2020-12-01,livrée,1307.96,web
11985,5361,2020-10-03,expédiée,1609.96,mobile
11986,3897,2022-02-10,livrée,533.73,web
11987,3220,2021-02-24,échouée,1177.04,web
11988,2273,2021-11-20,expédiée,1118.82,mobile
11989,3327,2020-01-07,échouée,740.9,mobile
11990,2747,2025-10-08,en cours,955.76,mobile
11991,4311,2019-03-24,échouée,418.0,web
11992,3485,2024-04-12,livrée,1477.17,web
11993,4658,2025-01-14,livrée,1305.21,mobile
11994,3578,2019-04-22,en cours,1540.15,mobile
11995,2343,2019-11-25,expédiée,488.78,mobile
11996,4804,2019-09-09,en cours,918.27,mobile
11997,1145,2022-06-15,en cours,1586.5,mobile
11998,5377,2022-12-10,en cours,555.13,web
11999,1387,2023-11-08,livrée,757.67,mobile
12000,2188,2023-02-26,en cours,1125.04,web
12001,1198,2024-11-11,expédiée,963.53,mobile
12002,2194,2023-05-03,en cours,1925.5,web
12003,3349,2022-06-05,échouée,513.07,mobile
12004,2708,2024-05-09,expédiée,874.24,mobile
12005,1616,2019-03-26,échouée,225.43,web
12006,415,2024-01-30,en cours,414.55,mobile
12007,3313,2023-05-03,livrée,449.74,web
12008,3791,2025-10-28,livrée,1384.91,mobile
12009,3395,2025-07-05,en cours,1829.64,web
12010,903,2023-09-04,expédiée,1942.08,mobile
12011,2897,2023-04-21,expédiée,1819.19,mobile
12012,1331,2023-09-11,livrée,1141.74,mobile
12013,2451,2019-03-06,en cours,83.63,mobile
12014,3159,2023-08-21,livrée,988.51,web
12015,1495,2024-04-02,en cours,296.8,web
12016,3356,2025-10-06,échouée,1720.19,mobile
12017,786,2025-10-05,livrée,828.36,web
12018,3605,2025-04-24,échouée,763.32,mobile
12019,1624,2020-09-15,expédiée,335.99,mobile
12020,1820,2025-09-17,échouée,1652.05,web
12021,3427,2023-01-18,échouée,823.75,web
12022,4502,2023-03-16,livrée,638.62,web
12023,3857,2019-01-13,expédiée,488.71,mobile
12024,2475,2024-12-29,en cours,1845.96,mobile
12025,4510,2023-07-13,en cours,1695.81,mobile
12026,5417,2023-07-11,expédiée,405.59,web
12027,2330,2022-03-20,échouée,1272.59,mobile
12028,4286,2021-06-20,livrée,298.99,mobile
12029,1728,2022-02-20,échouée,261.1,mobile
12030,4228,2021-11-08,livrée,1159.39,web
12031,962,2020-10-10,expédiée,1183.6,web
12032,5154,2019-11-05,en cours,440.54,web
12033,1179,2024-10-09,livrée,1421.47,web
12034,3013,2023-04-28,livrée,309.18,web
12035,5945,2022-07-28,expédiée,759.83,mobile
12036,3995,2021-09-06,expédiée,962.75,web
12037,3782,2019-05-13,expédiée,431.68,mobile
12038,808,2024-09-24,livrée,142.95,web
12039,3165,2023-07-29,livrée,837.94,web
12040,2909,2022-10-07,livrée,1617.41,mobile
12041,3430,2021-11-29,échouée,101.93,web
12042,4393,2021-08-12,expédiée,258.54,mobile
12043,4153,2021-08-17,en cours,1006.32,mobile
12044,2400,2021-01-25,expédiée,400.94,web
12045,4654,2024-05-17,échouée,1759.84,web
12046,959,2021-04-11,en cours,964.38,mobile
12047,3301,2020-07-13,livrée,36.5,web
12048,2474,2022-05-04,livrée,1160.33,web
12049,5256,2022-07-10,en cours,67.66,mobile
12050,5190,2025-09-24,en cours,136.62,mobile
12051,1654,2019-06-17,échouée,1552.37,web
12052,1488,2023-02-21,livrée,605.89,web
12053,5558,2019-11-09,en cours,1234.05,web
12054,1546,2023-08-25,expédiée,1992.81,mobile
12055,4880,2022-03-24,expédiée,1337.33,mobile
12056,2146,2020-12-19,livrée,902.46,web
12057,5715,2025-10-24,en cours,1422.87,web
12058,1496,2024-07-24,en cours,561.38,mobile
12059,3287,2023-02-26,échouée,108.08,mobile
12060,3305,2022-05-30,échouée,73.21,mobile
12061,5106,2023-05-09,livrée,1091.06,mobile
12062,5920,2024-07-09,échouée,1193.24,web
12063,5515,2019-10-25,livrée,686.15,web
12064,1959,2024-03-06,livrée,253.0,mobile
12065,1753,2024-02-29,expédiée,365.64,web
12066,5963,2023-10-23,livrée,890.97,web
12067,2685,2021-05-17,échouée,1636.98,mobile
12068,793,2022-09-17,expédiée,1918.55,mobile
12069,2369,2019-11-06,livrée,419.79,web
12070,2099,2021-09-07,livrée,1791.6,web
12071,5447,2021-11-29,livrée,1414.36,web
12072,3221,2019-08-24,échouée,1877.49,mobile
12073,1330,2025-06-26,livrée,1138.29,mobile
12074,480,2022-04-14,livrée,973.53,mobile
12075,958,2020-12-16,en cours,1407.98,web
12076,1431,2024-03-16,livrée,1659.0,web
12077,5463,2020-02-29,livrée,311.14,web
12078,3264,2025-02-03,expédiée,76.03,mobile
12079,3636,2024-01-17,expédiée,1282.15,mobile
12080,2947,2025-02-16,expédiée,610.98,web
12081,1193,2025-02-18,livrée,359.19,web
12082,5053,2024-05-18,échouée,130.3,web
12083,2341,2023-02-15,livrée,63.71,mobile
12084,122,2022-12-06,échouée,710.73,mobile
12085,3108,2024-09-20,expédiée,719.73,mobile
12086,4636,2020-02-27,en cours,1080.58,mobile
12087,3012,2025-06-28,expédiée,103.69,web
12088,557,2022-06-10,expédiée,1304.43,web
12089,3686,2024-10-13,en cours,475.04,web
12090,2642,2024-10-24,en cours,649.91,web
12091,2932,2019-08-25,expédiée,1680.01,web
12092,1133,2021-10-28,livrée,446.46,web
12093,5705,2021-03-10,expédiée,406.01,web
12094,1051,2022-01-22,livrée,1738.7,web
12095,2888,2024-11-13,livrée,479.06,mobile
12096,1596,2023-05-25,en cours,205.22,mobile
12097,4686,2023-02-07,livrée,1163.8,web
12098,271,2019-09-02,échouée,1662.38,mobile
12099,2885,2024-08-14,échouée,1740.81,web
12100,2776,2025-03-28,en cours,716.55,mobile
12101,3588,2019-08-26,en cours,1896.24,mobile
12102,4827,2021-03-26,en cours,31.2,web
12103,4077,2019-06-18,expédiée,1497.23,web
12104,2466,2024-12-03,expédiée,668.18,web
12105,1352,2019-09-18,expédiée,1836.46,web
12106,2722,2021-02-16,expédiée,422.89,web
12107,5665,2019-12-18,échouée,640.86,mobile
12108,2384,2020-06-29,livrée,1942.52,mobile
12109,4239,2024-03-07,expédiée,214.48,web
12110,1018,2020-05-15,échouée,936.7,mobile
12111,1511,2019-02-14,en cours,1162.08,mobile
12112,4098,2022-09-23,expédiée,916.63,web
12113,1903,2023-12-15,en cours,1136.91,mobile
12114,4518,2023-05-01,échouée,1391.43,web
12115,2739,2024-09-06,échouée,516.14,web
12116,5078,2019-06-10,expédiée,423.3,mobile
12117,2102,2021-10-04,expédiée,1636.13,web
12118,2264,2025-09-13,expédiée,1673.49,web
12119,669,2022-05-24,en cours,1060.08,mobile
12120,5839,2023-11-23,en cours,39.42,web
12121,284,2025-06-07,livrée,756.46,web
12122,1023,2019-06-25,échouée,1635.7,web
12123,3772,2021-11-28,livrée,674.18,mobile
12124,4032,2020-07-30,échouée,1311.65,mobile
12125,2382,2021-08-01,livrée,1424.36,web
12126,1064,2022-04-29,livrée,406.28,mobile
12127,2428,2024-08-24,échouée,1320.4,web
12128,1024,2025-12-26,échouée,866.68,mobile
12129,896,2024-12-20,expédiée,557.52,web
12130,3108,2023-09-03,échouée,1162.41,web
12131,254,2020-07-11,livrée,1674.76,mobile
12132,944,2021-01-10,échouée,1561.45,mobile
12133,4831,2021-08-06,expédiée,141.65,mobile
12134,4528,2023-11-06,expédiée,94.21,web
12135,3765,2024-02-06,expédiée,1554.85,mobile
12136,3791,2022-03-02,expédiée,1735.68,mobile
12137,842,2023-01-27,expédiée,1918.56,web
12138,3969,2020-12-15,expédiée,1555.23,mobile
12139,654,2022-04-03,en cours,342.25,web
12140,4893,2022-08-28,livrée,674.67,mobile
12141,1629,2019-01-25,expédiée,386.77,web
12142,5720,2021-04-23,échouée,703.28,web
12143,505,2019-10-17,livrée,1775.5,web
12144,4717,2019-07-01,expédiée,451.06,web
12145,3611,2024-03-13,en cours,1911.18,web
12146,1498,2020-08-13,échouée,325.02,mobile
12147,1327,2022-12-24,en cours,1925.95,mobile
12148,704,2024-07-26,en cours,1075.02,web
12149,4056,2019-11-05,en cours,1715.73,web
12150,5896,2022-07-14,en cours,1945.13,web
12151,1066,2023-01-21,expédiée,143.47,web
12152,3791,2019-07-25,livrée,1762.26,web
12153,5582,2025-04-26,livrée,198.53,mobile
12154,483,2020-05-14,expédiée,294.41,web
12155,1076,2022-11-29,en cours,1681.1,web
12156,3000,2019-08-24,livrée,1296.81,mobile
12157,3854,2019-10-17,échouée,606.93,web
12158,5772,2024-01-21,en cours,1502.51,web
12159,4677,2023-12-06,expédiée,793.46,mobile
12160,3074,2019-05-11,expédiée,1318.86,web
12161,1763,2022-07-05,livrée,1315.19,mobile
12162,5084,2022-08-16,échouée,1887.56,mobile
12163,4210,2022-08-21,échouée,1275.7,mobile
12164,359,2024-03-20,expédiée,115.44,mobile
12165,5400,2022-05-21,en cours,1333.57,mobile
12166,1567,2022-07-17,échouée,1742.82,web
12167,5165,2019-02-07,expédiée,1810.19,web
12168,5469,2019-06-30,en cours,254.9,web
12169,342,2025-08-04,livrée,981.56,web
12170,942,2023-01-19,en cours,998.37,web
12171,4475,2022-10-02,échouée,987.93,web
12172,4507,2025-04-23,échouée,794.25,web
12173,4756,2024-08-22,expédiée,1459.22,web
12174,1089,2020-02-26,expédiée,340.76,mobile
12175,2003,2019-12-19,expédiée,1458.46,web
12176,3886,2022-12-28,en cours,1048.44,web
12177,5277,2023-08-13,expédiée,1024.16,web
12178,4103,2020-11-30,expédiée,1725.57,web
12179,2776,2022-04-27,échouée,154.48,mobile
12180,5479,2021-12-12,livrée,831.76,web
12181,2242,2020-07-19,livrée,1780.28,mobile
12182,4332,2021-02-02,livrée,1387.89,mobile
12183,5492,2025-02-17,livrée,75.83,web
12184,756,2025-06-14,échouée,598.59,mobile
12185,4399,2020-04-13,expédiée,1378.62,web
12186,3089,2022-02-20,livrée,304.52,web
12187,1067,2022-02-11,en cours,1176.04,web
12188,5217,2023-11-20,expédiée,1612.13,web
12189,3263,2021-07-27,livrée,795.36,mobile
12190,2507,2025-12-03,en cours,681.02,mobile
12191,814,2019-10-04,livrée,50.01,mobile
12192,573,2024-11-28,en cours,1798.63,web
12193,15,2019-07-02,livrée,85.26,mobile
12194,2541,2020-08-04,échouée,199.11,web
12195,2282,2019-05-16,en cours,157.5,web
12196,2547,2020-08-06,en cours,1882.01,mobile
12197,4630,2022-03-07,échouée,1628.88,mobile
12198,2915,2019-08-11,échouée,1665.26,mobile
12199,1461,2022-12-03,en cours,1280.97,mobile
12200,5707,2025-07-07,livrée,1919.49,web
12201,3480,2020-02-09,en cours,1628.47,mobile
12202,704,2023-06-17,en cours,112.7,web
12203,4048,2022-04-11,livrée,874.47,web
12204,2054,2024-03-03,en cours,1690.46,mobile
12205,252,2024-07-27,en cours,1439.83,mobile
12206,1600,2020-07-03,livrée,1942.93,mobile
12207,3999,2024-03-31,en cours,784.36,mobile
12208,488,2024-11-13,en cours,1259.52,mobile
12209,4835,2020-11-14,livrée,1500.37,mobile
12210,614,2024-12-14,en cours,687.32,mobile
12211,4292,2024-11-18,échouée,410.52,mobile
12212,2937,2019-01-03,échouée,129.4,mobile
12213,3027,2025-02-21,expédiée,793.8,web
12214,5505,2024-05-31,expédiée,1521.82,mobile
12215,1430,2023-10-01,expédiée,733.55,web
12216,2821,2023-09-04,expédiée,1682.43,web
12217,4749,2022-07-27,en cours,1702.64,web
12218,132,2019-08-31,échouée,532.88,mobile
12219,2185,2020-06-30,échouée,1154.7,web
12220,5701,2021-01-08,livrée,607.28,web
12221,3595,2022-02-14,en cours,504.42,web
12222,5951,2025-01-18,échouée,1709.21,web
12223,5263,2024-11-30,en cours,863.48,web
12224,1914,2023-09-26,en cours,621.71,web
12225,2793,2019-09-19,en cours,1907.28,web
12226,3462,2020-12-03,en cours,727.25,web
12227,4787,2019-07-05,échouée,1245.22,web
12228,2380,2025-04-14,en cours,1607.26,mobile
12229,4032,2021-03-11,échouée,1451.34,web
12230,2342,2022-10-06,livrée,665.7,web
12231,2618,2024-10-29,expédiée,1138.25,mobile
12232,5759,2022-02-04,en cours,1932.3,mobile
12233,1768,2023-09-07,échouée,564.89,web
12234,1808,2021-10-08,en cours,1239.45,web
12235,4861,2019-08-02,en cours,1502.4,mobile
12236,785,2023-04-01,échouée,1773.66,web
12237,5228,2022-07-01,échouée,647.34,mobile
12238,3535,2019-11-20,échouée,432.87,web
12239,1070,2021-10-27,échouée,1313.42,web
12240,3933,2024-04-30,expédiée,1755.2,web
12241,714,2019-06-08,expédiée,729.67,web
12242,4523,2023-07-29,livrée,1970.73,mobile
12243,5428,2023-03-13,en cours,997.4,web
12244,2008,2020-06-05,en cours,1309.47,web
12245,5729,2020-11-05,échouée,1858.92,mobile
12246,916,2019-06-09,expédiée,1261.38,web
12247,1006,2025-05-20,échouée,1958.43,mobile
12248,887,2020-04-16,échouée,911.83,mobile
12249,2797,2021-05-30,expédiée,832.38,web
12250,3136,2019-08-12,en cours,648.58,mobile
12251,5516,2019-01-13,livrée,177.82,mobile
12252,5804,2023-06-07,échouée,1625.57,web
12253,1568,2024-03-17,livrée,282.52,mobile
12254,154,2022-08-07,échouée,1620.34,web
12255,1657,2020-12-25,échouée,1062.76,web
12256,3795,2025-03-26,livrée,369.48,mobile
12257,4684,2025-05-09,livrée,1343.69,mobile
12258,5839,2022-10-21,expédiée,1589.35,web
12259,3816,2025-10-14,échouée,218.15,mobile
12260,3927,2023-04-12,livrée,1814.78,web
12261,1343,2025-04-23,expédiée,220.81,web
12262,4515,2024-06-19,expédiée,871.5,web
12263,4622,2023-06-12,en cours,207.23,mobile
12264,299,2025-08-22,expédiée,534.76,mobile
12265,2633,2022-04-20,en cours,692.07,mobile
12266,784,2021-01-08,en cours,402.5,web
12267,2018,2022-08-31,livrée,303.79,web
12268,1594,2021-09-19,échouée,1310.78,mobile
12269,5717,2021-01-08,expédiée,286.29,mobile
12270,3425,2021-03-11,livrée,1416.02,web
12271,5803,2019-08-30,échouée,1768.45,web
12272,2804,2019-05-11,expédiée,638.73,mobile
12273,4912,2021-10-20,expédiée,1404.47,web
12274,5823,2023-04-09,livrée,80.13,web
12275,1214,2025-12-26,livrée,932.66,web
12276,2645,2025-09-05,livrée,368.51,web
12277,3611,2021-08-18,en cours,647.43,web
12278,4557,2023-07-24,en cours,1772.86,mobile
12279,27,2019-10-07,expédiée,524.38,web
12280,4937,2023-04-25,en cours,257.45,web
12281,644,2021-12-25,échouée,1602.33,mobile
12282,998,2022-02-17,livrée,1008.02,web
12283,5451,2023-08-21,échouée,1799.55,mobile
12284,3603,2023-04-04,en cours,1177.47,web
12285,5233,2025-11-15,livrée,672.65,mobile
12286,4511,2022-05-01,en cours,1675.22,mobile
12287,4673,2023-01-02,livrée,1354.43,mobile
12288,159,2025-07-11,en cours,1646.19,mobile
12289,5453,2022-06-05,expédiée,1040.66,mobile
12290,2036,2023-01-11,expédiée,374.03,web
12291,2439,2020-11-05,expédiée,760.16,mobile
12292,4620,2025-04-21,expédiée,1040.36,web
12293,1655,2021-09-22,échouée,561.64,web
12294,3581,2019-12-17,livrée,263.91,mobile
12295,1648,2019-06-05,livrée,1160.55,mobile
12296,4475,2019-09-27,livrée,573.99,mobile
12297,5767,2020-08-02,expédiée,791.62,web
12298,2758,2019-12-31,échouée,1649.56,mobile
12299,5087,2024-10-14,échouée,1324.86,mobile
12300,4170,2019-04-24,livrée,1891.4,mobile
12301,3805,2022-01-12,échouée,1332.77,mobile
12302,5038,2021-08-07,expédiée,685.43,web
12303,701,2019-05-28,échouée,1391.13,web
12304,1641,2020-10-01,expédiée,117.49,mobile
12305,1740,2022-02-17,expédiée,227.95,mobile
12306,4091,2025-09-28,livrée,1480.19,web
12307,3519,2022-02-19,échouée,1708.7,mobile
12308,728,2023-06-11,en cours,1796.32,web
12309,3318,2021-02-11,échouée,651.53,mobile
12310,2444,2019-06-17,expédiée,1787.28,mobile
12311,659,2020-03-03,expédiée,168.98,web
12312,5875,2024-11-03,livrée,637.3,web
12313,3063,2021-09-09,en cours,869.52,web
12314,2718,2024-04-29,en cours,1535.85,mobile
12315,1574,2020-06-03,livrée,184.44,web
12316,4605,2023-09-22,livrée,1818.88,web
12317,1635,2020-10-25,expédiée,418.54,web
12318,4407,2019-01-30,livrée,456.76,mobile
12319,3485,2019-06-08,échouée,794.13,web
12320,3193,2022-11-13,échouée,493.61,mobile
12321,2480,2022-09-23,en cours,1388.73,web
12322,600,2023-09-12,expédiée,146.28,web
12323,1822,2023-07-01,échouée,337.16,web
12324,681,2025-08-02,échouée,151.99,web
12325,3910,2024-03-24,échouée,1565.67,mobile
12326,2008,2024-12-08,livrée,1736.48,web
12327,462,2025-12-20,livrée,873.62,web
12328,584,2023-09-29,échouée,408.75,web
12329,4431,2020-08-14,en cours,1565.83,web
12330,4421,2025-06-05,expédiée,1840.3,web
12331,984,2020-11-10,échouée,988.92,web
12332,2430,2019-08-24,expédiée,36.09,web
12333,4297,2022-05-15,en cours,1794.55,mobile
12334,4318,2023-01-25,en cours,578.73,mobile
12335,4847,2020-07-10,livrée,1908.27,mobile
12336,5304,2020-05-15,livrée,1959.65,mobile
12337,545,2021-09-22,livrée,836.15,mobile
12338,1065,2025-09-21,expédiée,1300.06,web
12339,4994,2024-12-08,échouée,475.37,mobile
12340,2446,2022-08-28,expédiée,585.89,web
12341,3972,2020-03-13,échouée,999.47,web
12342,1051,2021-05-09,en cours,619.86,mobile
12343,5195,2021-01-14,échouée,1813.55,mobile
12344,4876,2020-06-10,en cours,101.8,web
12345,4846,2023-05-07,expédiée,1710.09,mobile
12346,1466,2021-06-03,expédiée,398.93,mobile
12347,3037,2024-04-11,livrée,409.52,mobile
12348,24,2025-06-05,livrée,1563.07,web
12349,3203,2021-05-01,en cours,841.19,web
12350,935,2021-04-27,échouée,620.85,mobile
12351,554,2023-01-22,échouée,614.3,web
12352,3042,2019-02-06,expédiée,1806.1,mobile
12353,5505,2019-12-18,en cours,1592.03,mobile
12354,3361,2023-11-09,en cours,1709.89,web
12355,497,2025-01-29,en cours,1846.32,mobile
12356,3459,2020-10-13,en cours,976.33,mobile
12357,5376,2024-08-30,échouée,952.38,mobile
12358,5221,2024-01-22,en cours,1278.02,mobile
12359,1878,2023-05-29,expédiée,1989.94,web
12360,4494,2024-10-25,en cours,1933.69,mobile
12361,5546,2020-03-15,échouée,668.13,web
12362,5528,2021-12-28,expédiée,258.98,web
12363,5384,2021-04-18,livrée,1582.22,mobile
12364,4743,2023-12-17,en cours,1801.85,web
12365,2675,2023-02-05,expédiée,1119.47,mobile
12366,4919,2021-04-03,en cours,21.13,web
12367,3120,2021-12-06,livrée,1231.65,mobile
12368,4514,2022-12-22,expédiée,48.8,mobile
12369,2498,2019-01-06,livrée,1855.46,mobile
12370,3224,2024-06-07,expédiée,313.14,mobile
12371,1185,2024-06-23,livrée,115.32,mobile
12372,899,2025-11-13,en cours,637.97,web
12373,1173,2025-06-22,échouée,1059.28,mobile
12374,2754,2020-02-08,expédiée,892.09,web
12375,3930,2022-07-08,livrée,1968.33,web
12376,4561,2019-03-12,en cours,561.3,mobile
12377,1294,2023-08-19,expédiée,525.71,web
12378,5920,2024-02-28,échouée,1151.27,mobile
12379,1269,2023-08-05,expédiée,387.33,mobile
12380,872,2025-12-05,en cours,1318.18,mobile
12381,2203,2022-07-19,en cours,1132.58,mobile
12382,3115,2024-09-08,en cours,314.66,web
12383,5628,2023-11-26,livrée,887.9,web
12384,1947,2019-03-20,livrée,1545.0,mobile
12385,3739,2021-08-02,livrée,1997.47,mobile
12386,1991,2022-11-01,échouée,70.25,web
12387,115,2020-01-09,en cours,176.09,web
12388,4946,2024-04-26,en cours,764.41,web
12389,1680,2024-04-23,expédiée,783.6,mobile
12390,3610,2019-07-12,expédiée,695.42,mobile
12391,1808,2025-10-22,en cours,1935.2,mobile
12392,4095,2022-01-28,échouée,582.53,mobile
12393,3139,2022-12-02,expédiée,553.95,mobile
12394,4457,2020-10-26,échouée,1823.15,web
12395,3860,2022-02-10,expédiée,1594.38,web
12396,4057,2021-07-25,livrée,679.44,mobile
12397,1025,2019-11-06,échouée,596.49,web
12398,1684,2024-12-10,expédiée,121.9,mobile
12399,1009,2023-03-30,échouée,1641.4,web
12400,5585,2020-09-30,livrée,1664.05,mobile
12401,713,2025-08-30,expédiée,1489.62,web
12402,2277,2019-11-01,livrée,140.84,mobile
12403,3188,2024-01-14,livrée,879.38,web
12404,4636,2024-08-15,en cours,1719.23,web
12405,1216,2025-01-03,expédiée,160.71,web
12406,2527,2021-03-06,livrée,1976.27,web
12407,4784,2021-05-11,en cours,119.81,mobile
12408,3003,2022-03-21,échouée,1221.06,web
12409,3881,2019-01-09,en cours,713.84,mobile
12410,5748,2019-08-15,livrée,1210.82,web
12411,2275,2019-07-20,échouée,758.25,mobile
12412,257,2021-12-17,en cours,262.47,web
12413,3154,2023-02-09,expédiée,45.06,web
12414,5867,2025-08-04,échouée,548.48,web
12415,733,2020-09-21,échouée,1543.44,web
12416,5653,2021-02-28,livrée,1986.4,web
12417,846,2020-02-19,livrée,1009.54,mobile
12418,5995,2023-01-03,livrée,878.65,web
12419,1132,2023-08-29,expédiée,1821.87,mobile
12420,3696,2023-08-28,livrée,541.31,mobile
12421,3734,2024-06-08,échouée,303.07,mobile
12422,4811,2020-11-30,livrée,1592.84,web
12423,3949,2025-07-29,échouée,150.31,mobile
12424,2893,2020-09-05,livrée,1208.63,mobile
12425,3490,2021-06-12,livrée,196.69,web
12426,2119,2020-06-24,échouée,1150.79,mobile
12427,367,2025-01-25,expédiée,996.54,mobile
12428,3967,2025-01-29,expédiée,359.18,mobile
12429,1078,2025-05-11,livrée,1104.53,mobile
12430,1012,2023-01-29,en cours,335.62,mobile
12431,3248,2022-03-30,en cours,1812.52,mobile
12432,1058,2025-11-27,expédiée,1834.11,web
12433,4210,2019-02-21,en cours,1258.44,mobile
12434,5817,2025-02-10,livrée,1729.3,mobile
12435,5455,2024-03-26,expédiée,1016.46,mobile
12436,1075,2024-04-09,expédiée,594.7,mobile
12437,1609,2023-03-29,échouée,1664.2,mobile
12438,2079,2020-02-03,en cours,1433.0,mobile
12439,3157,2024-02-05,échouée,758.74,web
12440,3957,2020-02-02,échouée,430.47,mobile
12441,1149,2022-10-26,en cours,1887.45,mobile
12442,1956,2023-06-26,échouée,750.93,mobile
12443,1561,2022-02-17,en cours,1916.65,web
12444,3566,2022-04-28,expédiée,225.67,mobile
12445,4238,2024-06-15,échouée,1653.41,mobile
12446,2124,2019-07-24,livrée,50.03,web
12447,1143,2021-02-19,en cours,1639.41,web
12448,5085,2021-10-20,livrée,602.37,web
12449,4468,2022-01-30,en cours,1433.91,mobile
12450,3617,2021-04-02,livrée,1012.75,mobile
12451,5077,2021-03-22,livrée,1249.85,mobile
12452,2901,2019-01-31,en cours,1967.54,web
12453,437,2020-08-31,échouée,1168.85,web
12454,1353,2025-02-02,livrée,60.69,mobile
12455,160,2022-01-21,livrée,1197.65,mobile
12456,1735,2025-02-16,livrée,1661.61,mobile
12457,831,2024-05-07,en cours,1517.25,web
12458,5890,2025-06-02,expédiée,1626.13,mobile
12459,1255,2019-11-13,en cours,1194.9,web
12460,4966,2025-01-30,en cours,1005.57,mobile
12461,3396,2021-01-14,échouée,1039.96,web
12462,4247,2020-12-16,en cours,35.76,web
12463,1312,2020-09-04,en cours,911.4,mobile
12464,3604,2019-06-14,livrée,950.12,mobile
12465,2637,2020-11-06,livrée,969.04,web
12466,5519,2024-11-29,échouée,158.75,web
12467,811,2025-02-02,échouée,652.29,mobile
12468,4799,2021-11-16,en cours,1745.51,web
12469,4405,2023-01-29,échouée,285.68,mobile
12470,5938,2019-05-30,expédiée,188.29,mobile
12471,114,2023-07-18,livrée,1700.27,mobile
12472,127,2020-02-28,échouée,1106.56,web
12473,5099,2022-02-12,expédiée,1455.7,web
12474,261,2022-09-19,expédiée,898.58,mobile
12475,3405,2022-07-28,expédiée,1819.89,web
12476,138,2023-04-07,livrée,325.9,web
12477,5595,2024-07-21,livrée,1926.2,web
12478,4037,2021-09-05,en cours,181.8,mobile
12479,3050,2020-05-15,échouée,1558.72,web
12480,4771,2025-10-01,livrée,718.81,web
12481,3542,2022-08-15,livrée,315.31,mobile
12482,1126,2021-05-15,livrée,1880.19,web
12483,338,2025-09-16,en cours,1114.0,mobile
12484,173,2019-06-10,échouée,626.88,mobile
12485,718,2019-09-10,expédiée,558.84,mobile
12486,1614,2023-05-10,livrée,814.69,mobile
12487,3112,2023-03-09,expédiée,1123.97,web
12488,3126,2022-01-09,échouée,1170.71,mobile
12489,3473,2020-06-08,échouée,1699.17,mobile
12490,4926,2025-07-27,échouée,1266.27,mobile
12491,3480,2025-10-26,expédiée,1278.86,web
12492,5072,2023-09-05,en cours,1317.79,web
12493,313,2019-09-09,en cours,605.84,mobile
12494,2701,2019-02-16,échouée,364.79,mobile
12495,2837,2023-04-09,échouée,223.41,web
12496,2049,2019-08-28,expédiée,177.96,web
12497,1624,2025-07-01,expédiée,1189.0,mobile
12498,4863,2021-05-23,échouée,625.86,mobile
12499,5651,2019-08-01,échouée,141.23,web
12500,920,2019-07-25,en cours,1626.16,web
12501,2139,2020-03-02,en cours,742.63,mobile
12502,2173,2021-12-30,livrée,51.7,web
12503,5626,2019-03-02,expédiée,47.48,web
12504,5919,2024-02-10,expédiée,1699.02,mobile
12505,4745,2021-09-09,échouée,779.25,web
12506,2030,2019-06-09,livrée,1862.69,web
12507,2663,2022-12-05,en cours,1118.4,mobile
12508,3462,2021-02-04,en cours,1189.57,web
12509,1245,2020-08-22,livrée,131.52,mobile
12510,2920,2024-10-16,expédiée,609.28,mobile
12511,33,2023-02-18,expédiée,509.98,web
12512,4473,2024-11-22,échouée,219.48,mobile
12513,5987,2024-03-12,expédiée,371.73,mobile
12514,2758,2023-08-12,en cours,977.09,mobile
12515,3649,2024-07-25,en cours,1079.8,mobile
12516,492,2022-11-09,expédiée,1040.63,mobile
12517,3805,2025-10-28,échouée,938.81,mobile
12518,342,2020-02-23,en cours,1949.22,web
12519,387,2024-02-25,en cours,502.03,mobile
12520,2503,2025-09-16,livrée,280.21,mobile
12521,930,2024-12-04,livrée,693.06,web
12522,222,2021-11-02,expédiée,1955.11,mobile
12523,5938,2019-10-11,expédiée,1070.05,web
12524,3925,2020-08-10,expédiée,186.93,mobile
12525,1693,2024-08-04,échouée,1902.44,web
12526,5460,2022-11-28,livrée,1615.33,mobile
12527,2006,2025-05-01,livrée,26.85,mobile
12528,3629,2024-11-15,expédiée,31.08,mobile
12529,5862,2019-08-09,échouée,1929.9,web
12530,2897,2025-12-28,livrée,162.06,web
12531,730,2021-09-13,en cours,941.14,mobile
12532,2333,2021-10-09,livrée,347.0,mobile
12533,2885,2022-06-21,expédiée,292.66,mobile
12534,2204,2025-10-29,en cours,1236.9,web
12535,1120,2023-05-25,livrée,1705.53,mobile
12536,2007,2024-09-27,en cours,1378.75,mobile
12537,4231,2022-03-07,livrée,1534.29,mobile
12538,2841,2025-09-05,en cours,1341.59,web
12539,265,2022-06-23,livrée,524.15,web
12540,5050,2022-06-05,livrée,1728.15,mobile
12541,4913,2024-12-17,livrée,490.94,web
12542,1554,2025-05-13,livrée,1658.84,web
12543,3062,2023-07-06,livrée,394.18,web
12544,3238,2022-03-12,échouée,1354.9,mobile
12545,5450,2025-02-05,échouée,38.6,web
12546,1218,2021-07-07,livrée,1619.92,mobile
12547,4305,2023-12-16,livrée,859.33,web
12548,3334,2021-10-22,échouée,939.15,mobile
12549,3067,2019-02-17,livrée,937.3,mobile
12550,3152,2023-12-22,en cours,1064.64,mobile
12551,2990,2021-02-07,expédiée,1937.87,mobile
12552,2105,2021-05-07,livrée,1337.89,mobile
12553,1749,2020-05-31,livrée,985.43,web
12554,4008,2021-10-02,échouée,220.34,web
12555,2341,2020-07-12,expédiée,1862.84,web
12556,1684,2025-08-03,échouée,1304.66,mobile
12557,5352,2023-06-01,livrée,1172.78,web
12558,1825,2019-11-15,livrée,1173.24,web
12559,631,2021-09-22,échouée,1657.24,web
12560,2023,2020-11-22,échouée,212.52,web
12561,443,2019-09-26,en cours,1963.16,mobile
12562,1273,2024-11-02,échouée,505.67,mobile
12563,2243,2020-04-01,livrée,581.41,web
12564,770,2021-07-25,livrée,1905.66,web
12565,276,2023-04-25,en cours,1974.62,web
12566,133,2022-02-18,en cours,1432.74,mobile
12567,2417,2023-11-23,expédiée,313.44,mobile
12568,2448,2021-12-11,expédiée,836.42,web
12569,4284,2021-11-30,en cours,524.89,web
12570,90,2022-02-05,expédiée,1465.12,web
12571,4634,2024-04-02,livrée,1747.73,mobile
12572,632,2021-06-10,livrée,251.38,mobile
12573,1894,2019-11-11,livrée,1984.71,web
12574,44,2021-03-02,expédiée,766.6,web
12575,4482,2022-09-01,expédiée,1706.11,mobile
12576,2264,2025-11-22,livrée,1027.23,mobile
12577,4913,2024-07-04,livrée,1963.23,web
12578,3003,2024-04-12,échouée,1121.21,mobile
12579,5109,2025-04-05,échouée,278.07,mobile
12580,2469,2022-01-03,expédiée,50.21,mobile
12581,2256,2025-10-24,expédiée,1783.99,web
12582,2595,2021-01-19,expédiée,1964.49,mobile
12583,1886,2024-11-14,en cours,1241.21,mobile
12584,850,2019-05-21,livrée,285.85,web
12585,3676,2020-09-27,expédiée,1281.25,mobile
12586,3868,2023-09-11,livrée,1794.02,web
12587,5082,2024-08-29,livrée,496.4,mobile
12588,2194,2022-03-24,échouée,1432.45,web
12589,5787,2022-11-25,échouée,240.64,web
12590,2911,2019-04-27,livrée,592.95,web
12591,4783,2021-11-13,livrée,831.12,web
12592,5688,2022-08-31,expédiée,255.95,mobile
12593,5074,2024-07-01,échouée,500.52,web
12594,3286,2020-08-03,échouée,435.05,web
12595,1641,2021-07-28,échouée,1889.8,web
12596,2513,2022-07-08,en cours,813.98,mobile
12597,2236,2022-12-08,en cours,84.46,mobile
12598,3136,2023-02-08,en cours,825.66,web
12599,1913,2019-05-18,en cours,862.74,mobile
12600,5801,2020-02-06,échouée,748.21,mobile
12601,4219,2025-01-11,livrée,569.59,web
12602,4033,2023-07-31,livrée,367.74,mobile
12603,2176,2021-09-01,en cours,199.14,web
12604,241,2022-08-24,échouée,798.22,mobile
12605,4966,2023-06-24,échouée,968.2,web
12606,2584,2025-09-07,livrée,415.52,web
12607,1715,2023-09-18,livrée,184.29,web
12608,1246,2025-11-06,livrée,1756.01,web
12609,4259,2025-07-04,livrée,404.64,web
12610,5974,2024-12-22,expédiée,1674.89,mobile
12611,1684,2020-02-15,livrée,905.57,mobile
12612,3382,2020-12-17,échouée,1999.77,mobile
12613,3412,2025-05-06,en cours,400.73,mobile
12614,476,2024-10-02,en cours,996.98,mobile
12615,1613,2021-07-26,expédiée,534.13,web
12616,4057,2024-05-08,échouée,957.56,mobile
12617,5685,2024-05-25,expédiée,1817.92,mobile
12618,4889,2020-02-15,en cours,590.43,mobile
12619,1551,2022-09-25,expédiée,1795.16,mobile
12620,2622,2025-12-20,échouée,154.23,web
12621,4590,2020-05-24,échouée,1666.79,mobile
12622,2547,2022-02-20,expédiée,1893.98,mobile
12623,5695,2020-04-22,échouée,506.35,mobile
12624,2355,2025-03-09,en cours,1136.04,web
12625,1276,2019-07-14,en cours,1803.54,mobile
12626,2947,2020-10-23,livrée,1796.65,mobile
12627,3906,2023-04-13,livrée,756.88,web
12628,817,2019-06-24,en cours,38.59,web
12629,832,2019-08-28,échouée,292.8,mobile
12630,183,2019-04-15,en cours,754.21,mobile
12631,1216,2023-03-29,expédiée,1898.32,mobile
12632,3942,2021-12-20,échouée,1981.28,web
12633,3543,2019-01-14,en cours,1253.2,web
12634,365,2021-12-07,expédiée,1919.81,web
12635,3610,2022-01-11,en cours,500.69,web
12636,2537,2022-04-22,livrée,686.63,web
12637,619,2023-01-04,en cours,1535.72,mobile
12638,720,2019-05-23,livrée,1231.89,mobile
12639,1520,2019-09-23,en cours,884.16,web
12640,4565,2021-12-30,expédiée,1904.36,mobile
12641,3023,2019-12-14,livrée,1204.38,mobile
12642,5383,2021-04-27,échouée,1184.48,mobile
12643,3212,2024-06-17,échouée,1511.93,web
12644,1393,2021-04-16,livrée,1429.28,web
12645,1695,2024-06-26,expédiée,1886.31,web
12646,5725,2022-05-19,expédiée,1246.21,mobile
12647,2871,2022-07-29,expédiée,1048.35,web
12648,3512,2019-01-07,livrée,1009.62,web
12649,2763,2024-03-23,livrée,1767.22,web
12650,4795,2019-09-27,expédiée,884.62,mobile
12651,3884,2020-01-09,expédiée,1808.15,web
12652,1405,2024-04-06,expédiée,1396.19,mobile
12653,2441,2019-10-11,en cours,1018.62,mobile
12654,4635,2019-12-29,en cours,1333.12,mobile
12655,1854,2024-10-03,expédiée,1368.56,mobile
12656,3066,2025-02-21,échouée,1346.94,mobile
12657,1022,2023-01-20,en cours,1431.79,web
12658,3038,2021-12-10,expédiée,904.89,web
12659,3861,2021-01-29,en cours,1544.67,web
12660,2143,2024-06-19,échouée,312.79,web
12661,4546,2022-08-05,expédiée,977.64,mobile
12662,1406,2024-04-27,en cours,1566.66,mobile
12663,4114,2025-06-11,livrée,1750.58,web
12664,2339,2020-09-14,expédiée,743.65,mobile
12665,4804,2023-11-09,échouée,1377.43,mobile
12666,1987,2024-07-04,en cours,1900.19,web
12667,2083,2021-09-21,expédiée,962.1,mobile
12668,2312,2024-10-19,échouée,1544.39,mobile
12669,2252,2025-09-12,livrée,350.22,web
12670,5741,2019-12-18,en cours,1845.89,mobile
12671,870,2022-11-12,livrée,1836.39,web
12672,5394,2020-07-20,expédiée,112.71,web
12673,4127,2019-10-11,livrée,1855.47,mobile
12674,5191,2025-09-08,en cours,198.28,mobile
12675,1721,2021-02-13,en cours,322.6,mobile
12676,1459,2023-05-19,livrée,1505.69,mobile
12677,811,2024-04-13,expédiée,1223.49,web
12678,4525,2021-03-27,livrée,1990.31,mobile
12679,3244,2025-01-02,en cours,879.97,mobile
12680,5617,2023-06-01,échouée,755.26,web
12681,5612,2023-08-18,en cours,65.34,mobile
12682,4744,2022-03-27,échouée,1868.27,web
12683,2896,2020-09-19,échouée,825.1,mobile
12684,4237,2019-10-20,échouée,604.55,web
12685,3219,2020-05-16,livrée,299.04,mobile
12686,4379,2020-04-28,expédiée,1040.97,mobile
12687,1481,2020-08-13,échouée,1654.62,web
12688,3299,2019-09-08,expédiée,73.49,web
12689,2909,2024-02-04,livrée,1853.47,web
12690,5721,2025-10-21,expédiée,1362.84,web
12691,4212,2022-10-30,expédiée,1939.6,mobile
12692,286,2024-04-01,échouée,1565.71,web
12693,2795,2020-07-16,échouée,671.59,mobile
12694,453,2021-08-18,en cours,1662.46,web
12695,1080,2023-10-29,livrée,938.67,mobile
12696,4164,2024-03-05,échouée,457.97,web
12697,5262,2021-03-20,livrée,1943.87,mobile
12698,3205,2019-01-24,échouée,1022.16,mobile
12699,4480,2024-09-04,expédiée,1156.64,web
12700,3866,2022-01-16,livrée,642.83,web
12701,1937,2024-08-23,expédiée,815.42,web
12702,5076,2024-04-21,livrée,737.33,mobile
12703,3669,2023-12-13,livrée,804.43,web
12704,3911,2023-04-14,expédiée,833.8,mobile
12705,5232,2022-04-21,livrée,1214.24,mobile
12706,2754,2023-02-05,échouée,256.05,web
12707,4718,2019-03-21,échouée,1714.93,web
12708,5967,2022-01-09,livrée,1608.11,mobile
12709,1648,2025-02-03,expédiée,661.61,web
12710,4863,2024-01-20,échouée,296.66,mobile
12711,5053,2025-05-07,en cours,342.64,web
12712,1586,2019-07-16,expédiée,210.93,mobile
12713,2395,2025-12-19,expédiée,1346.84,mobile
12714,3011,2024-12-01,échouée,1301.05,mobile
12715,2595,2024-09-22,expédiée,128.14,web
12716,4558,2021-09-03,échouée,796.22,web
12717,1370,2019-05-20,expédiée,1041.59,web
12718,3548,2020-05-30,expédiée,1440.62,mobile
12719,3654,2021-05-22,échouée,1811.81,mobile
12720,3439,2025-05-25,échouée,1936.39,web
12721,5323,2024-05-18,livrée,456.15,web
12722,4746,2023-06-16,livrée,1486.31,web
12723,2157,2021-07-10,livrée,1709.11,mobile
12724,1868,2021-07-10,en cours,631.76,web
12725,4076,2020-05-04,échouée,1741.14,mobile
12726,3211,2019-05-09,livrée,980.82,web
12727,662,2021-07-07,expédiée,1007.99,web
12728,4514,2021-10-31,livrée,139.8,web
12729,2812,2021-09-28,en cours,385.96,web
12730,2619,2023-11-16,expédiée,304.53,web
12731,5727,2019-10-10,en cours,176.75,mobile
12732,2311,2024-03-03,livrée,749.59,mobile
12733,467,2020-08-17,livrée,454.92,mobile
12734,2350,2022-04-18,échouée,989.07,web
12735,2815,2025-10-21,échouée,359.79,mobile
12736,5622,2019-02-24,livrée,1365.46,web
12737,1700,2019-11-06,en cours,1439.0,web
12738,3816,2021-04-18,expédiée,1465.76,web
12739,3595,2020-07-10,en cours,1847.33,mobile
12740,4856,2019-02-14,livrée,1721.96,mobile
12741,5638,2025-06-30,expédiée,325.78,mobile
12742,305,2019-08-25,livrée,1885.93,web
12743,2260,2025-07-09,expédiée,225.56,web
12744,5229,2025-08-12,expédiée,833.37,mobile
12745,2690,2025-10-13,échouée,1663.65,mobile
12746,2806,2022-07-03,livrée,1616.59,mobile
12747,998,2021-05-09,échouée,1244.37,mobile
12748,2727,2023-06-05,échouée,1011.45,mobile
12749,3263,2019-04-06,en cours,589.1,web
12750,2463,2022-05-23,échouée,1305.66,mobile
12751,3104,2023-07-15,livrée,474.57,web
12752,1675,2020-05-12,expédiée,701.53,mobile
12753,1291,2025-10-18,échouée,343.35,web
12754,124,2020-01-09,livrée,1378.22,mobile
12755,5460,2024-02-03,en cours,418.74,mobile
12756,5603,2019-02-17,en cours,1357.17,mobile
12757,4754,2020-09-03,expédiée,1811.74,mobile
12758,2538,2022-08-03,expédiée,1815.88,mobile
12759,1550,2020-08-15,expédiée,882.78,mobile
12760,3264,2023-05-26,livrée,1668.8,web
12761,3312,2023-05-11,échouée,435.21,web
12762,2104,2024-10-05,échouée,1675.74,mobile
12763,2358,2022-10-22,expédiée,535.63,web
12764,836,2024-06-04,expédiée,1412.44,web
12765,4862,2022-10-02,expédiée,157.53,web
12766,1713,2020-06-22,en cours,1915.03,web
12767,1973,2020-06-07,échouée,1457.59,web
12768,498,2025-10-30,livrée,426.26,mobile
12769,5207,2024-08-22,livrée,1585.41,mobile
12770,1058,2024-01-24,en cours,1378.0,web
12771,477,2020-04-07,en cours,822.9,mobile
12772,1290,2021-03-17,échouée,919.18,web
12773,80,2024-06-13,échouée,1458.36,web
12774,737,2020-11-28,en cours,670.43,web
12775,1029,2022-08-26,livrée,105.48,web
12776,702,2024-01-27,échouée,1276.13,web
12777,904,2021-12-14,échouée,1800.88,web
12778,2544,2019-03-29,livrée,609.39,mobile
12779,2384,2021-06-24,échouée,1932.05,web
12780,3999,2025-07-16,en cours,1754.88,web
12781,1940,2023-07-05,échouée,949.08,web
12782,5787,2024-02-09,livrée,743.74,web
12783,2542,2023-11-15,échouée,1895.66,web
12784,3608,2022-10-09,en cours,1874.46,mobile
12785,4291,2022-05-28,en cours,392.17,web
12786,1915,2023-07-25,expédiée,987.43,mobile
12787,5872,2019-12-21,expédiée,784.5,mobile
12788,1570,2019-11-26,en cours,1118.01,mobile
12789,2157,2022-05-08,livrée,203.53,mobile
12790,3714,2019-04-03,échouée,103.46,mobile
12791,578,2024-12-01,échouée,1973.37,web
12792,3252,2022-08-20,livrée,1884.67,web
12793,280,2025-11-04,en cours,955.97,web
12794,3478,2019-04-02,expédiée,1536.69,mobile
12795,794,2021-02-26,échouée,985.87,web
12796,4429,2021-10-27,livrée,249.2,mobile
12797,295,2021-01-11,expédiée,1953.06,web
12798,2304,2020-06-14,échouée,569.94,web
12799,4782,2020-04-28,échouée,888.38,mobile
12800,1700,2019-02-01,expédiée,44.34,mobile
12801,3591,2021-08-06,livrée,1402.86,web
12802,3928,2025-03-17,expédiée,1024.89,web
12803,434,2024-08-29,expédiée,469.31,web
12804,1229,2025-06-25,échouée,1266.59,mobile
12805,3630,2020-02-24,en cours,267.31,mobile
12806,665,2021-03-22,en cours,1077.77,mobile
12807,3050,2021-03-15,expédiée,687.9,web
12808,2359,2022-12-30,livrée,875.11,mobile
12809,1649,2021-03-22,expédiée,1442.41,web
12810,3931,2019-04-16,échouée,1744.94,web
12811,5209,2022-06-18,expédiée,1380.54,web
12812,1978,2019-05-17,échouée,363.44,web
12813,1859,2020-03-11,livrée,247.12,web
12814,5331,2022-08-30,livrée,693.86,web
12815,5144,2021-03-05,échouée,557.16,mobile
12816,3080,2019-09-12,expédiée,417.35,web
12817,3348,2021-07-09,livrée,964.53,web
12818,1769,2023-02-17,livrée,686.29,mobile
12819,5597,2019-02-16,livrée,635.5,web
12820,1023,2020-10-17,en cours,1067.48,web
12821,5964,2020-06-13,livrée,1107.22,web
12822,3115,2022-05-09,expédiée,642.33,mobile
12823,5930,2022-07-24,en cours,141.36,mobile
12824,5164,2022-05-28,en cours,160.06,mobile
12825,5660,2024-06-06,livrée,727.29,mobile
12826,1549,2020-03-27,livrée,304.66,mobile
12827,1215,2024-06-27,en cours,100.35,mobile
12828,2810,2021-09-21,échouée,1165.37,mobile
12829,2251,2019-07-17,en cours,1175.36,web
12830,1041,2020-10-10,échouée,1139.7,mobile
12831,5651,2021-09-10,échouée,60.57,mobile
12832,5026,2022-01-10,livrée,804.59,web
12833,1035,2021-06-30,échouée,1077.69,mobile
12834,3942,2024-10-24,en cours,262.18,web
12835,475,2024-04-06,échouée,1862.32,web
12836,1759,2024-01-09,expédiée,1180.05,web
12837,4613,2025-12-26,échouée,1149.92,mobile
12838,25,2024-05-15,en cours,506.66,web
12839,3728,2019-02-01,expédiée,658.03,web
12840,5280,2024-04-29,expédiée,1943.54,mobile
12841,3688,2025-03-22,échouée,335.47,web
12842,112,2022-02-03,en cours,1922.01,web
12843,4814,2021-05-06,échouée,746.04,web
12844,4666,2019-01-23,en cours,771.01,mobile
12845,2014,2022-02-09,expédiée,1925.43,mobile
12846,1238,2024-09-28,expédiée,975.59,web
12847,4908,2020-07-23,expédiée,1188.21,mobile
12848,4967,2023-09-19,livrée,1780.75,mobile
12849,5088,2023-03-15,livrée,1775.09,web
12850,3923,2024-02-26,en cours,1072.49,web
12851,4052,2023-04-16,échouée,1152.16,web
12852,987,2020-06-19,échouée,1271.89,mobile
12853,5604,2025-09-28,livrée,877.67,web
12854,246,2022-06-30,en cours,1843.8,web
12855,2007,2023-07-08,en cours,914.32,mobile
12856,5280,2024-08-03,échouée,1853.29,mobile
12857,2674,2021-01-21,livrée,1962.58,web
12858,1743,2021-02-12,en cours,34.53,web
12859,2994,2025-05-22,échouée,338.25,mobile
12860,1145,2024-02-25,échouée,1342.87,mobile
12861,5416,2024-12-02,échouée,1142.39,mobile
12862,4708,2023-12-25,expédiée,1444.25,mobile
12863,1102,2019-06-22,expédiée,516.76,web
12864,96,2023-10-18,échouée,875.73,web
12865,1348,2024-12-17,expédiée,1272.0,web
12866,226,2023-01-04,en cours,1181.43,mobile
12867,2522,2023-06-07,échouée,1482.99,web
12868,641,2022-09-29,échouée,1000.93,web
12869,260,2019-06-11,livrée,1619.86,mobile
12870,4228,2019-12-19,livrée,475.27,mobile
12871,4505,2023-09-22,livrée,528.79,mobile
12872,4582,2022-06-22,expédiée,462.85,mobile
12873,5938,2019-08-13,livrée,480.47,web
12874,3162,2022-09-25,en cours,752.55,web
12875,4494,2022-09-18,livrée,1795.0,mobile
12876,4271,2020-05-03,échouée,348.3,web
12877,677,2020-03-02,en cours,1788.37,mobile
12878,2112,2024-07-28,expédiée,1535.07,web
12879,4870,2019-08-29,en cours,856.7,web
12880,4863,2023-08-31,livrée,1789.17,mobile
12881,3500,2023-05-08,en cours,527.83,web
12882,1505,2020-01-02,en cours,624.21,web
12883,1166,2024-05-14,expédiée,657.91,web
12884,3401,2022-04-12,en cours,962.82,web
12885,112,2022-11-22,expédiée,1450.63,web
12886,537,2019-05-01,en cours,1684.87,mobile
12887,1939,2021-12-13,en cours,1658.81,web
12888,3270,2023-08-15,échouée,569.4,web
12889,2583,2021-07-30,en cours,372.49,mobile
12890,216,2024-06-27,échouée,1328.16,web
12891,1541,2024-12-21,en cours,1319.68,mobile
12892,3983,2019-08-12,expédiée,474.52,mobile
12893,1218,2020-01-16,expédiée,361.06,web
12894,4319,2023-05-30,livrée,703.54,web
12895,1773,2019-02-11,livrée,854.52,mobile
12896,5758,2024-12-23,échouée,249.0,mobile
12897,4727,2021-12-16,en cours,464.38,web
12898,5374,2019-06-10,expédiée,244.53,web
12899,1643,2024-01-02,en cours,169.06,web
12900,4761,2024-05-13,en cours,829.45,mobile
12901,2404,2023-10-06,livrée,366.05,mobile
12902,4368,2024-02-14,échouée,1604.3,web
12903,5646,2025-02-24,livrée,221.74,mobile
12904,3637,2024-07-18,expédiée,666.8,mobile
12905,2342,2024-10-06,livrée,1526.02,mobile
12906,3216,2024-08-09,en cours,1111.27,web
12907,3525,2025-03-04,échouée,887.5,mobile
12908,1849,2022-11-29,expédiée,340.33,mobile
12909,2182,2019-08-22,échouée,1962.16,mobile
12910,1974,2022-07-21,échouée,39.25,mobile
12911,333,2020-05-25,en cours,670.62,mobile
12912,1943,2021-05-13,livrée,267.17,web
12913,1216,2022-03-07,livrée,1013.38,mobile
12914,5882,2022-09-10,livrée,1646.92,web
12915,4591,2023-11-29,livrée,324.97,web
12916,4192,2020-10-06,expédiée,1172.16,mobile
12917,5597,2025-03-01,livrée,296.61,web
12918,3549,2021-12-28,livrée,57.24,web
12919,339,2020-10-01,échouée,1638.4,web
12920,5087,2020-07-25,expédiée,57.87,mobile
12921,2484,2024-04-27,en cours,1064.6,web
12922,2416,2023-01-11,livrée,1051.94,mobile
12923,2833,2019-06-19,livrée,1350.71,web
12924,83,2025-12-30,livrée,272.16,mobile
12925,770,2022-06-17,expédiée,1218.95,web
12926,4897,2019-06-13,expédiée,743.35,mobile
12927,1583,2019-06-21,en cours,1803.65,web
12928,2613,2022-11-27,expédiée,1937.05,web
12929,2999,2021-12-31,expédiée,945.89,mobile
12930,4823,2023-12-03,expédiée,58.01,mobile
12931,1875,2021-10-31,échouée,23.56,mobile
12932,1850,2021-11-25,expédiée,1890.38,mobile
12933,1643,2019-02-14,livrée,1273.84,web
12934,4984,2019-12-15,échouée,1855.76,mobile
12935,282,2021-08-18,livrée,1691.37,web
12936,2980,2024-05-25,échouée,57.01,web
12937,4819,2025-10-28,expédiée,917.35,web
12938,4546,2023-05-18,livrée,891.61,web
12939,1285,2023-06-21,livrée,1436.85,mobile
12940,5930,2021-01-18,en cours,76.09,mobile
12941,1768,2021-08-02,livrée,1578.45,web
12942,2492,2023-08-01,échouée,130.82,web
12943,812,2019-07-29,livrée,1162.19,web
12944,5524,2024-09-22,expédiée,1842.09,web
12945,5591,2022-07-31,en cours,863.17,mobile
12946,5192,2020-06-24,échouée,1892.24,mobile
12947,3530,2019-07-02,expédiée,81.59,mobile
12948,3860,2021-05-12,expédiée,84.33,web
12949,4716,2025-01-24,en cours,318.03,mobile
12950,412,2021-11-04,échouée,1335.28,web
12951,4578,2025-10-12,échouée,1865.29,mobile
12952,4,2020-01-16,échouée,280.57,mobile
12953,5980,2023-11-26,en cours,108.72,web
12954,4929,2025-03-02,expédiée,424.31,web
12955,4235,2024-03-11,en cours,857.23,web
12956,3513,2024-03-10,échouée,1766.21,mobile
12957,630,2021-07-20,livrée,445.0,mobile
12958,5731,2023-10-28,échouée,1679.5,mobile
12959,1878,2025-03-12,livrée,897.61,mobile
12960,4990,2021-05-16,en cours,1171.48,web
12961,1001,2021-12-07,expédiée,881.58,mobile
12962,4324,2019-07-11,en cours,453.25,web
12963,4106,2019-11-12,livrée,1443.88,mobile
12964,1576,2024-01-31,en cours,333.36,web
12965,2010,2022-06-01,en cours,1723.1,mobile
12966,5211,2020-03-15,livrée,90.48,mobile
12967,3215,2022-02-15,échouée,1357.26,web
12968,2301,2023-05-17,livrée,72.41,mobile
12969,14,2025-05-19,en cours,157.93,web
12970,839,2024-01-20,en cours,1319.83,web
12971,4180,2020-06-19,expédiée,419.64,web
12972,571,2024-01-24,en cours,1601.49,mobile
12973,4098,2021-08-25,échouée,1533.51,web
12974,5225,2021-04-22,en cours,1108.81,mobile
12975,790,2020-07-01,en cours,1254.76,web
12976,3258,2025-07-19,échouée,498.11,mobile
12977,2794,2024-11-30,expédiée,102.43,web
12978,4867,2022-03-28,expédiée,662.07,web
12979,2071,2023-07-20,échouée,1841.1,web
12980,3105,2020-08-08,en cours,1057.2,mobile
12981,1154,2020-12-24,livrée,442.46,mobile
12982,3792,2021-11-08,expédiée,1456.57,mobile
12983,5399,2022-05-01,échouée,57.99,mobile
12984,459,2024-12-21,expédiée,222.83,mobile
12985,727,2025-02-17,en cours,132.25,web
12986,2768,2023-04-04,en cours,1694.39,web
12987,2090,2023-01-11,en cours,337.9,mobile
12988,4403,2023-01-25,expédiée,1083.24,mobile
12989,2440,2021-06-22,livrée,873.0,web
12990,5800,2020-01-20,livrée,432.4,web
12991,1064,2021-11-28,échouée,263.55,web
12992,5539,2023-07-30,expédiée,676.18,web
12993,2080,2025-12-17,échouée,1040.21,mobile
12994,1062,2022-06-24,livrée,66.63,mobile
12995,1107,2025-06-21,échouée,545.81,web
12996,2676,2020-08-27,livrée,319.42,mobile
12997,3209,2023-04-30,expédiée,1118.88,mobile
12998,2370,2023-12-25,expédiée,1777.34,web
12999,3404,2021-06-26,échouée,1859.14,web
13000,1201,2025-04-19,en cours,329.43,mobile
13001,533,2020-03-27,expédiée,322.04,mobile
13002,1998,2022-08-08,échouée,1268.79,web
13003,3023,2024-11-28,échouée,1146.39,mobile
13004,3011,2020-01-03,échouée,588.51,web
13005,2798,2020-10-26,livrée,355.86,web
13006,166,2021-02-12,expédiée,754.32,mobile
13007,3139,2020-11-16,échouée,1889.4,web
13008,686,2020-09-29,livrée,1379.95,web
13009,3374,2023-05-23,en cours,799.46,web
13010,63,2023-09-20,échouée,468.16,web
13011,5006,2020-09-11,livrée,1675.65,web
13012,29,2024-02-21,expédiée,505.16,mobile
13013,525,2023-07-28,en cours,1108.27,mobile
13014,5756,2024-07-05,en cours,67.64,web
13015,5592,2025-04-06,échouée,483.99,web
13016,4323,2024-02-02,expédiée,394.44,web
13017,3160,2019-08-26,livrée,643.91,web
13018,1461,2023-03-12,livrée,1678.73,mobile
13019,1588,2023-02-26,expédiée,530.0,mobile
13020,5322,2019-08-10,échouée,1764.07,web
13021,4675,2021-06-24,expédiée,347.69,mobile
13022,1826,2021-03-21,livrée,1209.32,mobile
13023,3869,2024-05-01,livrée,1945.95,web
13024,1783,2021-08-08,livrée,168.09,web
13025,995,2020-04-17,expédiée,1891.45,web
13026,608,2019-02-09,échouée,391.13,mobile
13027,3437,2019-10-28,livrée,1000.54,mobile
13028,751,2020-01-17,en cours,738.18,mobile
13029,517,2020-09-19,échouée,848.76,mobile
13030,2483,2019-11-05,en cours,399.01,mobile
13031,4962,2024-08-06,livrée,1651.46,web
13032,5163,2022-01-19,livrée,1469.8,web
13033,2492,2024-06-11,livrée,1866.1,mobile
13034,1063,2023-12-20,échouée,392.35,mobile
13035,940,2020-07-06,livrée,1352.71,web
13036,4781,2025-07-10,échouée,1471.89,mobile
13037,3244,2020-09-23,livrée,1872.85,web
13038,2539,2025-11-27,livrée,1021.04,mobile
13039,2037,2022-09-08,en cours,558.64,web
13040,4054,2020-08-29,livrée,1132.09,mobile
13041,1423,2023-01-02,expédiée,853.07,mobile
13042,2971,2025-08-03,expédiée,456.8,mobile
13043,5625,2021-12-23,échouée,1871.42,web
13044,3337,2023-09-07,en cours,507.17,web
13045,2486,2021-11-07,échouée,204.42,mobile
13046,4841,2019-03-30,échouée,609.58,mobile
13047,4311,2019-06-03,en cours,1376.5,web
13048,3975,2022-08-21,échouée,319.4,mobile
13049,5822,2021-03-30,en cours,1841.19,mobile
13050,503,2022-10-05,en cours,1833.6,web
13051,5311,2021-08-19,échouée,500.36,mobile
13052,2553,2025-01-25,expédiée,1750.45,web
13053,3966,2024-09-25,échouée,1066.49,web
13054,4550,2025-11-09,échouée,1164.78,mobile
13055,3841,2020-01-09,livrée,1654.61,web
13056,5404,2020-04-12,échouée,233.21,web
13057,57,2023-04-12,en cours,1758.48,mobile
13058,4443,2025-09-14,échouée,1833.25,web
13059,3792,2023-08-13,en cours,1519.37,web
13060,2874,2023-04-13,échouée,1766.44,web
13061,5825,2025-06-19,en cours,1647.04,mobile
13062,831,2022-06-20,échouée,305.93,mobile
13063,2239,2022-05-19,expédiée,40.04,mobile
13064,3791,2021-04-01,livrée,114.54,mobile
13065,620,2019-10-30,livrée,1938.17,web
13066,3127,2019-02-27,expédiée,1497.34,web
13067,5405,2023-08-30,en cours,909.22,web
13068,3791,2024-10-14,échouée,1735.27,web
13069,2664,2022-04-15,expédiée,1004.76,web
13070,941,2023-03-02,expédiée,1503.44,mobile
13071,3624,2021-10-21,expédiée,1681.35,web
13072,5340,2023-07-24,livrée,1816.45,mobile
13073,1173,2023-10-26,en cours,544.7,mobile
13074,4429,2021-09-20,expédiée,1814.94,web
13075,2859,2020-05-04,échouée,942.45,web
13076,3859,2019-12-15,livrée,552.38,web
13077,4867,2025-01-10,en cours,563.18,mobile
13078,4220,2019-10-05,échouée,337.46,web
13079,5388,2025-01-12,en cours,895.88,web
13080,3032,2024-02-11,échouée,1783.38,mobile
13081,4721,2023-08-08,expédiée,1246.16,mobile
13082,1565,2023-05-27,échouée,489.57,mobile
13083,5701,2019-04-30,en cours,1727.91,web
13084,3496,2019-10-18,en cours,1884.3,mobile
13085,4999,2025-03-28,livrée,1958.94,web
13086,1199,2020-05-16,livrée,1909.05,web
13087,4349,2020-06-19,expédiée,699.47,web
13088,391,2022-01-07,échouée,341.42,mobile
13089,4776,2019-07-24,expédiée,1538.11,web
13090,4342,2021-07-16,échouée,726.03,web
13091,586,2020-09-16,en cours,1492.1,mobile
13092,4546,2019-10-18,expédiée,495.72,web
13093,5455,2021-06-20,expédiée,402.54,mobile
13094,218,2020-11-09,expédiée,625.87,mobile
13095,521,2020-05-23,échouée,977.62,web
13096,3372,2020-05-12,échouée,1444.16,web
13097,4169,2022-05-08,en cours,342.43,web
13098,5716,2022-09-16,en cours,1931.96,mobile
13099,5008,2021-05-12,expédiée,1042.57,mobile
13100,5023,2024-05-07,livrée,1157.38,mobile
13101,918,2025-11-24,échouée,1540.8,mobile
13102,5643,2020-09-05,livrée,924.99,web
13103,1045,2019-07-30,livrée,881.19,web
13104,3101,2021-02-09,échouée,957.65,mobile
13105,3404,2025-05-23,livrée,1528.51,mobile
13106,5739,2022-01-08,expédiée,922.62,mobile
13107,5623,2025-06-23,livrée,133.09,mobile
13108,616,2020-06-21,en cours,1660.95,mobile
13109,480,2022-04-08,échouée,572.63,web
13110,4835,2019-01-30,en cours,360.75,web
13111,5856,2025-07-01,en cours,65.52,mobile
13112,150,2020-01-10,en cours,218.46,web
13113,4668,2024-06-24,en cours,392.57,mobile
13114,4879,2022-03-10,expédiée,1646.43,mobile
13115,2295,2020-11-19,en cours,1259.06,mobile
13116,4130,2025-12-04,expédiée,1326.2,mobile
13117,1597,2022-12-28,échouée,1736.27,mobile
13118,4550,2025-05-24,échouée,248.95,web
13119,5237,2024-03-26,expédiée,759.3,web
13120,2487,2021-07-03,expédiée,872.89,web
13121,1603,2022-04-16,expédiée,1110.14,mobile
13122,3879,2021-04-08,expédiée,337.35,web
13123,1495,2021-08-05,échouée,1628.85,mobile
13124,5739,2025-08-07,échouée,1088.86,web
13125,5684,2025-02-26,expédiée,560.82,web
13126,4643,2023-08-01,expédiée,1135.28,mobile
13127,986,2021-03-20,échouée,1268.1,mobile
13128,576,2021-04-11,en cours,842.85,mobile
13129,5662,2020-11-22,expédiée,45.67,mobile
13130,5482,2019-07-30,expédiée,1511.96,mobile
13131,4584,2020-11-15,livrée,1499.98,web
13132,4298,2019-12-23,échouée,1440.37,mobile
13133,371,2019-07-29,en cours,1749.92,web
13134,5061,2020-02-27,en cours,941.03,web
13135,789,2019-03-12,en cours,433.23,web
13136,392,2022-10-29,livrée,1287.21,mobile
13137,3727,2025-05-21,en cours,1661.62,mobile
13138,611,2022-08-02,expédiée,971.55,web
13139,4039,2020-03-29,échouée,878.47,web
13140,3979,2021-04-04,en cours,414.92,web
13141,5703,2022-12-20,expédiée,1893.66,web
13142,1760,2019-01-07,expédiée,1770.8,web
13143,2020,2019-05-24,expédiée,1954.01,web
13144,5371,2025-01-23,expédiée,1420.76,web
13145,2161,2019-12-19,échouée,327.55,web
13146,44,2021-02-25,échouée,1988.55,mobile
13147,5580,2022-11-13,en cours,1186.45,mobile
13148,3930,2022-04-20,expédiée,219.97,web
13149,2500,2024-04-26,livrée,146.42,mobile
13150,2223,2021-10-02,expédiée,1136.2,mobile
13151,238,2023-06-05,livrée,1054.66,web
13152,3863,2023-06-20,échouée,1485.78,web
13153,305,2022-12-21,expédiée,1889.12,web
13154,662,2025-12-08,expédiée,1931.24,web
13155,1905,2019-01-11,livrée,734.32,web
13156,488,2023-12-26,en cours,1316.5,web
13157,2192,2025-06-01,en cours,1095.64,web
13158,2973,2019-04-25,expédiée,1034.71,web
13159,4968,2023-11-20,échouée,531.44,web
13160,1251,2021-09-09,expédiée,1356.09,mobile
13161,4405,2022-09-29,expédiée,1394.35,web
13162,2815,2019-12-17,expédiée,1581.14,web
13163,1232,2024-10-23,expédiée,157.08,mobile
13164,3757,2020-01-15,expédiée,1978.83,mobile
13165,4086,2020-02-22,expédiée,20.9,web
13166,3038,2022-03-15,en cours,1815.11,web
13167,5058,2020-11-28,expédiée,31.11,mobile
13168,2842,2021-10-05,livrée,683.85,web
13169,1598,2019-07-28,expédiée,1434.76,mobile
13170,1254,2022-04-25,livrée,626.02,mobile
13171,5336,2019-11-17,expédiée,327.91,web
13172,1235,2023-02-10,livrée,542.55,web
13173,468,2020-08-31,livrée,1450.85,web
13174,1012,2020-08-01,livrée,375.08,mobile
13175,3504,2022-07-26,livrée,1072.22,mobile
13176,4265,2020-09-26,livrée,1731.12,mobile
13177,5931,2024-03-01,en cours,181.69,mobile
13178,1223,2019-06-23,échouée,967.14,web
13179,2593,2025-10-02,expédiée,351.87,web
13180,5066,2021-01-05,expédiée,1733.34,mobile
13181,4726,2025-12-21,expédiée,1744.44,mobile
13182,1676,2022-03-31,en cours,566.01,web
13183,4455,2023-03-07,en cours,878.04,mobile
13184,4504,2021-07-03,en cours,1854.41,mobile
13185,3754,2021-06-28,livrée,1095.98,mobile
13186,5670,2019-11-06,en cours,724.35,web
13187,3978,2023-06-22,expédiée,1327.55,web
13188,3212,2021-11-23,livrée,1062.25,mobile
13189,2095,2024-06-04,échouée,1494.46,mobile
13190,3657,2021-12-06,en cours,1327.24,mobile
13191,1048,2022-04-09,expédiée,1297.24,mobile
13192,2811,2021-04-22,échouée,1675.3,web
13193,3457,2023-01-21,expédiée,1206.41,web
13194,4935,2025-04-03,échouée,1513.09,web
13195,1799,2019-05-05,expédiée,1227.79,web
13196,4905,2022-01-22,livrée,998.12,mobile
13197,5185,2020-05-03,expédiée,150.68,web
13198,3847,2020-11-15,échouée,210.4,mobile
13199,3491,2019-07-04,livrée,1787.62,web
13200,884,2024-01-30,échouée,37.37,web
13201,1458,2021-02-20,livrée,711.65,web
13202,581,2024-04-17,expédiée,1023.29,mobile
13203,356,2025-07-05,en cours,1043.86,mobile
13204,2169,2024-09-06,échouée,1236.33,mobile
13205,4615,2020-12-09,en cours,1888.61,web
13206,890,2019-08-01,échouée,732.11,web
13207,3030,2020-09-18,livrée,875.35,mobile
13208,1236,2024-06-21,livrée,355.44,web
13209,416,2020-03-23,en cours,485.63,web
13210,3205,2024-10-16,expédiée,1729.75,web
13211,205,2023-11-13,livrée,735.33,web
13212,171,2019-07-19,livrée,569.52,web
13213,880,2023-03-09,livrée,1809.4,mobile
13214,2169,2021-04-30,en cours,158.57,web
13215,1475,2020-05-18,échouée,744.5,web
13216,5731,2021-11-03,en cours,362.69,web
13217,5417,2023-09-21,échouée,868.06,mobile
13218,886,2020-09-03,expédiée,1510.86,mobile
13219,101,2023-08-30,expédiée,291.75,mobile
13220,2053,2024-11-22,expédiée,551.66,mobile
13221,3989,2023-08-29,échouée,1775.31,web
13222,4531,2024-12-05,livrée,78.46,mobile
13223,5616,2025-01-02,expédiée,1126.98,mobile
13224,4992,2019-11-17,expédiée,1185.73,web
13225,4034,2019-07-22,expédiée,1434.47,web
13226,3488,2021-10-01,livrée,1298.32,mobile
13227,721,2021-02-23,expédiée,623.0,mobile
13228,4577,2022-08-25,échouée,1388.27,mobile
13229,4743,2025-08-11,échouée,1025.91,mobile
13230,5230,2023-02-12,en cours,1873.67,web
13231,4554,2023-01-21,expédiée,930.53,web
13232,2465,2021-11-02,en cours,1026.95,mobile
13233,803,2022-11-23,expédiée,1968.64,web
13234,1635,2025-04-17,échouée,1377.95,web
13235,101,2021-06-18,expédiée,1915.53,web
13236,5597,2020-04-10,échouée,565.37,mobile
13237,227,2021-05-09,en cours,1058.72,mobile
13238,4873,2021-09-17,expédiée,790.95,web
13239,1208,2020-04-27,expédiée,1767.32,web
13240,5811,2023-01-17,échouée,1378.77,mobile
13241,1759,2021-05-04,expédiée,830.97,web
13242,4520,2021-08-27,expédiée,1284.56,mobile
13243,2816,2023-10-04,échouée,287.49,mobile
13244,5098,2024-09-11,livrée,1588.87,mobile
13245,5955,2025-01-18,en cours,1611.89,web
13246,63,2021-10-14,en cours,681.05,web
13247,5031,2019-04-26,expédiée,788.44,web
13248,592,2023-08-30,expédiée,1313.61,web
13249,215,2022-07-13,échouée,767.37,mobile
13250,5978,2021-10-21,livrée,1396.05,web
13251,2268,2020-07-15,livrée,905.95,web
13252,5548,2024-01-25,échouée,1892.32,mobile
13253,1227,2025-12-29,expédiée,1047.69,web
13254,3384,2022-12-22,en cours,1266.79,web
13255,4405,2024-02-23,échouée,1138.99,web
13256,3711,2020-04-11,échouée,584.44,web
13257,1066,2020-09-13,livrée,1591.27,mobile
13258,3158,2024-12-09,échouée,1523.69,web
13259,3681,2021-07-06,en cours,1066.29,mobile
13260,21,2023-02-14,livrée,195.48,web
13261,2007,2020-01-17,échouée,859.03,mobile
13262,721,2019-03-04,en cours,745.41,web
13263,4177,2024-12-08,échouée,1756.37,mobile
13264,2,2021-02-02,livrée,1792.21,mobile
13265,5621,2020-05-19,expédiée,153.87,web
13266,5692,2020-07-24,échouée,1260.26,mobile
13267,2966,2024-08-30,livrée,1512.66,web
13268,3609,2021-12-20,en cours,1028.82,web
13269,3917,2022-10-09,expédiée,1884.11,mobile
13270,3672,2020-01-26,expédiée,1429.09,mobile
13271,2927,2023-07-16,expédiée,51.38,web
13272,2928,2021-08-12,expédiée,400.47,web
13273,5926,2023-08-30,échouée,486.45,web
13274,464,2020-05-05,échouée,615.52,web
13275,2093,2024-04-17,en cours,345.88,web
13276,75,2022-05-14,expédiée,1216.42,mobile
13277,2024,2025-03-31,livrée,1300.28,web
13278,2484,2022-06-01,expédiée,374.45,mobile
13279,5310,2023-04-23,livrée,681.87,web
13280,1404,2022-10-19,expédiée,1214.01,web
13281,1812,2022-06-02,échouée,1602.27,mobile
13282,4359,2023-08-26,livrée,969.72,mobile
13283,50,2024-01-07,livrée,966.11,mobile
13284,4588,2023-05-27,en cours,1465.66,web
13285,2692,2024-09-23,en cours,1873.78,mobile
13286,996,2024-01-27,en cours,798.46,web
13287,5821,2021-09-18,expédiée,1529.66,web
13288,1649,2021-11-28,échouée,1220.55,web
13289,2001,2020-01-10,livrée,575.26,mobile
13290,4456,2019-10-25,livrée,1936.66,mobile
13291,4864,2020-01-30,livrée,921.14,web
13292,402,2022-10-10,livrée,596.13,mobile
13293,166,2023-06-15,livrée,713.17,web
13294,2904,2023-09-19,échouée,99.05,web
13295,944,2025-04-08,échouée,688.46,web
13296,4436,2023-09-07,livrée,1408.56,web
13297,3193,2022-05-06,expédiée,972.67,web
13298,5614,2020-11-10,livrée,844.93,web
13299,2480,2023-10-26,expédiée,1911.09,mobile
13300,2266,2020-06-20,livrée,1579.96,mobile
13301,5001,2019-05-12,expédiée,1161.19,web
13302,1719,2021-04-10,en cours,1668.58,web
13303,5767,2025-06-02,expédiée,1748.04,mobile
13304,5565,2021-04-26,expédiée,724.52,web
13305,3625,2025-02-21,expédiée,1367.05,mobile
13306,5573,2023-06-11,livrée,303.71,web
13307,1526,2025-11-13,livrée,1050.42,web
13308,2226,2019-04-17,expédiée,31.12,web
13309,2096,2024-10-14,expédiée,1358.87,web
13310,4687,2019-08-17,livrée,1720.57,mobile
13311,2227,2025-02-16,expédiée,1025.62,web
13312,2189,2019-05-19,échouée,634.06,mobile
13313,2117,2019-10-25,en cours,1435.48,web
13314,4280,2022-03-04,expédiée,1805.77,web
13315,5215,2019-04-25,en cours,1687.79,mobile
13316,1211,2023-12-22,expédiée,1212.55,web
13317,3359,2020-07-09,en cours,927.1,mobile
13318,2203,2025-03-07,en cours,729.8,web
13319,4899,2021-07-04,expédiée,707.85,mobile
13320,80,2024-04-24,échouée,808.14,mobile
13321,1225,2020-03-04,livrée,1563.37,mobile
13322,3200,2024-06-26,échouée,707.08,mobile
13323,4455,2022-08-13,en cours,353.82,mobile
13324,27,2023-05-25,livrée,344.52,mobile
13325,4790,2020-09-23,livrée,1261.18,web
13326,437,2022-11-28,livrée,120.85,web
13327,623,2024-01-16,livrée,1603.42,web
13328,618,2024-10-19,en cours,1832.07,mobile
13329,3392,2025-03-11,échouée,1763.89,web
13330,2664,2025-04-14,expédiée,1691.59,web
13331,1511,2025-05-14,livrée,1424.97,web
13332,3747,2019-02-27,expédiée,1240.87,web
13333,2232,2025-10-05,livrée,36.17,mobile
13334,4608,2023-10-06,en cours,84.31,mobile
13335,2266,2025-08-27,expédiée,1826.63,mobile
13336,3319,2019-03-18,expédiée,357.53,web
13337,827,2021-03-02,expédiée,1892.09,mobile
13338,3864,2020-07-09,expédiée,1596.23,mobile
13339,3430,2021-05-29,échouée,1944.2,mobile
13340,1934,2024-06-17,en cours,380.44,web
13341,3507,2025-07-09,expédiée,608.25,mobile
13342,141,2025-09-22,échouée,1668.49,mobile
13343,1890,2025-03-22,en cours,1502.32,mobile
13344,2288,2023-06-03,livrée,1349.64,web
13345,5686,2025-11-02,en cours,1693.75,web
13346,4818,2021-01-18,livrée,1568.84,mobile
13347,2171,2024-11-13,échouée,1309.62,mobile
13348,3551,2024-06-24,livrée,420.32,web
13349,1421,2020-04-28,livrée,740.8,web
13350,2602,2025-12-06,expédiée,528.81,web
13351,119,2025-09-03,livrée,461.79,mobile
13352,1022,2022-05-07,échouée,634.88,mobile
13353,4622,2022-10-05,livrée,483.49,web
13354,235,2019-07-20,échouée,975.29,mobile
13355,5392,2022-12-01,livrée,1830.86,mobile
13356,2028,2025-02-17,expédiée,1904.88,mobile
13357,1451,2025-01-01,livrée,837.47,mobile
13358,5124,2023-04-14,expédiée,1868.41,mobile
13359,5700,2024-01-15,échouée,916.89,web
13360,5360,2025-01-21,en cours,109.2,web
13361,5585,2024-02-12,échouée,282.02,web
13362,712,2023-10-08,échouée,112.34,web
13363,2155,2020-11-11,expédiée,1434.41,mobile
13364,490,2025-04-17,expédiée,412.97,web
13365,1814,2023-04-12,expédiée,1526.3,mobile
13366,4029,2024-08-31,expédiée,1540.24,mobile
13367,3506,2020-04-01,expédiée,1070.34,mobile
13368,4254,2021-01-18,livrée,1799.84,mobile
13369,5809,2020-05-06,expédiée,1440.36,web
13370,1923,2025-04-07,livrée,838.94,web
13371,5622,2025-12-12,échouée,1872.24,web
13372,5215,2024-12-23,livrée,531.5,web
13373,1984,2022-06-05,expédiée,1177.82,mobile
13374,3674,2020-08-24,échouée,1185.12,web
13375,920,2019-04-08,livrée,1193.4,web
13376,647,2024-04-09,en cours,1985.07,mobile
13377,5706,2019-03-12,livrée,1556.8,web
13378,4331,2021-09-25,livrée,142.13,mobile
13379,3654,2023-02-20,en cours,1763.95,web
13380,5641,2024-04-24,expédiée,374.01,web
13381,5705,2022-05-23,échouée,1988.65,web
13382,3966,2020-07-15,livrée,1344.52,mobile
13383,1921,2025-06-24,échouée,1187.85,mobile
13384,83,2021-01-03,livrée,1722.22,web
13385,2694,2022-02-15,en cours,373.82,mobile
13386,1676,2025-02-05,expédiée,165.32,web
13387,4379,2025-09-20,livrée,1681.38,web
13388,2972,2024-05-31,livrée,820.75,mobile
13389,2760,2025-09-02,livrée,1874.39,web
13390,1745,2022-04-08,livrée,1232.02,web
13391,4394,2021-03-16,expédiée,616.51,mobile
13392,3555,2022-08-15,expédiée,342.97,mobile
13393,34,2019-04-16,échouée,514.46,web
13394,1003,2024-05-09,échouée,844.83,web
13395,3217,2025-03-04,livrée,1742.89,web
13396,386,2021-08-03,en cours,742.61,web
13397,3973,2019-03-14,échouée,1090.34,mobile
13398,1154,2024-08-10,en cours,1493.29,web
13399,699,2019-12-23,en cours,194.78,web
13400,5000,2021-08-13,livrée,1777.03,mobile
13401,1143,2023-12-18,échouée,520.22,web
13402,2669,2022-05-19,livrée,1943.7,web
13403,5838,2020-12-15,livrée,1029.93,mobile
13404,5581,2019-01-09,expédiée,1625.68,web
13405,373,2025-03-12,livrée,1021.66,mobile
13406,2635,2023-12-28,en cours,850.81,web
13407,5839,2019-04-24,livrée,451.37,mobile
13408,4686,2025-06-08,expédiée,64.3,mobile
13409,5277,2020-02-22,expédiée,1635.64,web
13410,4310,2020-05-08,échouée,677.31,web
13411,5756,2022-05-11,expédiée,619.05,web
13412,518,2019-06-30,livrée,1497.22,mobile
13413,5745,2025-07-23,livrée,637.8,web
13414,3365,2019-10-16,livrée,318.83,mobile
13415,2983,2023-02-11,livrée,310.26,mobile
13416,4143,2022-03-09,expédiée,1009.65,mobile
13417,375,2023-11-25,échouée,647.79,web
13418,818,2021-04-29,livrée,1751.04,mobile
13419,4776,2021-09-03,en cours,353.31,mobile
13420,1565,2023-07-20,expédiée,864.95,web
13421,2167,2022-08-16,échouée,874.89,mobile
13422,4303,2023-04-24,expédiée,1083.72,mobile
13423,5788,2025-11-10,échouée,624.82,web
13424,3630,2024-02-21,échouée,381.32,web
13425,1913,2025-09-08,échouée,1139.2,mobile
13426,1592,2023-01-18,expédiée,759.04,web
13427,1173,2021-04-14,livrée,355.68,mobile
13428,1256,2019-03-11,échouée,334.47,web
13429,3698,2019-05-06,en cours,521.66,web
13430,2558,2025-10-23,échouée,210.58,web
13431,5313,2024-01-05,échouée,110.63,mobile
13432,3413,2020-12-29,échouée,1901.85,web
13433,3478,2025-07-15,expédiée,193.81,web
13434,5829,2020-03-11,expédiée,150.66,mobile
13435,5127,2023-06-24,livrée,1540.93,mobile
13436,2223,2019-03-18,en cours,1978.51,web
13437,283,2020-03-22,expédiée,847.06,web
13438,4240,2024-02-23,échouée,1180.39,mobile
13439,4467,2020-04-11,en cours,569.7,web
13440,4221,2020-04-13,livrée,188.22,mobile
13441,651,2025-12-08,en cours,1235.15,web
13442,4301,2023-10-01,expédiée,1472.76,mobile
13443,4723,2021-03-21,en cours,1583.3,mobile
13444,3815,2024-07-26,livrée,794.51,mobile
13445,1930,2024-07-18,échouée,364.57,mobile
13446,1291,2023-06-29,échouée,1362.53,mobile
13447,4884,2019-05-14,livrée,532.74,mobile
13448,1474,2024-04-12,échouée,444.36,mobile
13449,5222,2023-03-05,échouée,443.46,mobile
13450,2816,2021-02-10,en cours,1870.72,mobile
13451,1442,2021-04-23,échouée,1606.49,web
13452,5049,2020-12-20,expédiée,1052.62,web
13453,1776,2022-02-12,expédiée,1751.62,mobile
13454,4635,2021-07-29,expédiée,856.59,mobile
13455,1276,2020-02-03,expédiée,641.34,mobile
13456,4949,2025-12-25,livrée,878.34,mobile
13457,1044,2023-08-02,échouée,1082.94,mobile
13458,706,2022-03-08,livrée,1872.29,web
13459,326,2024-06-06,échouée,1986.41,mobile
13460,123,2024-05-15,expédiée,1551.28,web
13461,1830,2023-06-11,expédiée,1253.9,web
13462,962,2023-10-26,en cours,995.77,web
13463,3551,2019-03-30,livrée,513.19,web
13464,145,2019-01-17,expédiée,45.68,web
13465,5754,2020-01-27,en cours,1707.08,web
13466,4129,2024-01-29,expédiée,560.58,web
13467,4350,2023-12-13,livrée,389.38,mobile
13468,4519,2023-04-16,échouée,371.47,mobile
13469,272,2021-10-19,expédiée,1967.16,mobile
13470,2134,2023-09-10,échouée,510.11,mobile
13471,1321,2020-08-13,en cours,836.23,mobile
13472,388,2025-04-13,expédiée,1050.22,mobile
13473,3439,2025-05-31,échouée,1230.12,mobile
13474,2196,2025-03-31,échouée,675.99,web
13475,4042,2025-04-19,échouée,419.48,web
13476,3465,2022-04-05,livrée,1542.1,mobile
13477,1410,2025-12-27,expédiée,812.5,mobile
13478,5165,2020-10-06,en cours,448.07,mobile
13479,466,2022-03-12,en cours,426.9,mobile
13480,4162,2024-03-19,expédiée,1563.11,mobile
13481,482,2023-02-28,échouée,376.2,mobile
13482,5488,2024-04-25,en cours,1217.58,mobile
13483,738,2019-01-10,en cours,1919.92,mobile
13484,5962,2023-01-21,en cours,1586.89,mobile
13485,1825,2025-01-11,échouée,1737.92,web
13486,3640,2019-07-11,expédiée,237.02,mobile
13487,5177,2019-01-26,échouée,846.2,web
13488,2456,2025-07-14,livrée,810.23,web
13489,3775,2022-11-17,expédiée,1300.54,web
13490,3672,2023-09-09,expédiée,1735.83,web
13491,2540,2023-07-05,en cours,1071.44,mobile
13492,1997,2019-11-18,échouée,48.81,web
13493,5977,2022-08-13,échouée,956.88,web
13494,3592,2024-04-10,en cours,240.43,mobile
13495,3302,2019-12-17,échouée,224.63,mobile
13496,1758,2025-11-25,en cours,1889.15,mobile
13497,28,2025-03-28,échouée,242.2,mobile
13498,3240,2019-03-09,expédiée,174.37,web
13499,4402,2019-06-20,échouée,1258.87,mobile
13500,5145,2023-04-08,échouée,502.29,mobile
13501,473,2024-08-20,en cours,314.01,mobile
13502,5201,2021-06-22,livrée,1815.58,mobile
13503,2182,2022-10-30,échouée,1576.05,web
13504,3682,2025-12-14,échouée,891.35,web
13505,723,2021-02-23,en cours,84.42,mobile
13506,1655,2021-09-25,échouée,1514.58,web
13507,1006,2021-03-05,expédiée,463.58,mobile
13508,2322,2024-11-28,livrée,182.25,web
13509,169,2025-06-09,en cours,159.72,web
13510,5342,2019-03-20,livrée,1826.1,web
13511,1512,2022-06-20,en cours,834.33,web
13512,3650,2021-12-10,livrée,1439.84,mobile
13513,2591,2024-09-16,en cours,1616.42,mobile
13514,51,2025-11-08,échouée,1975.63,mobile
13515,5074,2022-10-05,échouée,1590.15,web
13516,4752,2020-10-21,échouée,550.13,mobile
13517,5744,2025-09-02,échouée,1019.96,web
13518,1684,2021-11-21,expédiée,1696.06,web
13519,5018,2024-08-15,expédiée,1731.25,mobile
13520,5825,2023-03-02,expédiée,372.25,web
13521,1462,2019-03-19,en cours,262.84,web
13522,1003,2019-02-22,échouée,1482.32,web
13523,989,2025-03-20,expédiée,280.74,mobile
13524,3362,2020-03-28,en cours,1717.1,mobile
13525,188,2020-12-05,livrée,885.87,web
13526,4469,2019-04-25,en cours,493.23,mobile
13527,5190,2024-06-30,expédiée,1437.79,web
13528,5046,2023-05-18,en cours,1225.3,mobile
13529,5297,2020-08-20,en cours,1817.06,mobile
13530,5260,2025-06-11,livrée,647.54,mobile
13531,1993,2023-08-22,expédiée,950.68,mobile
13532,4966,2024-03-01,expédiée,1891.2,mobile
13533,426,2024-03-28,en cours,1769.98,web
13534,239,2022-10-03,livrée,362.3,mobile
13535,87,2024-07-06,échouée,1524.85,web
13536,1360,2019-08-30,expédiée,516.31,web
13537,5911,2019-03-28,livrée,1061.94,web
13538,4380,2019-03-20,en cours,1051.77,mobile
13539,5897,2021-09-03,échouée,883.83,mobile
13540,2117,2020-05-18,livrée,91.74,web
13541,2507,2023-11-04,livrée,1289.76,mobile
13542,1616,2023-09-14,échouée,1649.08,mobile
13543,1808,2023-09-08,en cours,1141.9,mobile
13544,5024,2020-10-23,échouée,1660.22,web
13545,1991,2025-12-01,en cours,1991.19,mobile
13546,1844,2022-06-30,livrée,1246.97,web
13547,1821,2019-01-08,expédiée,1882.71,mobile
13548,5033,2023-12-26,en cours,167.52,web
13549,2149,2019-11-16,livrée,206.42,mobile
13550,241,2023-07-23,livrée,1507.23,mobile
13551,3714,2020-04-14,échouée,1229.22,web
13552,1510,2024-10-09,échouée,1126.63,mobile
13553,3384,2020-11-27,en cours,1529.96,mobile
13554,4573,2023-03-11,expédiée,1732.52,mobile
13555,212,2023-10-24,livrée,1040.31,mobile
13556,1840,2025-11-10,échouée,1080.48,mobile
13557,645,2022-11-07,échouée,1405.86,mobile
13558,1447,2025-06-11,expédiée,666.58,mobile
13559,1142,2021-03-25,expédiée,429.53,web
13560,4287,2022-12-03,livrée,1339.63,web
13561,354,2019-07-09,échouée,347.41,web
13562,4932,2023-12-31,expédiée,121.3,mobile
13563,867,2025-08-20,en cours,508.77,mobile
13564,4894,2025-01-07,expédiée,1956.49,web
13565,5580,2020-04-11,échouée,922.07,web
13566,1202,2025-10-20,en cours,780.26,web
13567,4764,2021-08-30,livrée,1300.32,mobile
13568,3397,2019-04-25,expédiée,530.81,web
13569,854,2022-05-21,échouée,559.18,mobile
13570,2626,2023-12-06,en cours,74.4,mobile
13571,318,2021-03-17,échouée,405.39,web
13572,5633,2019-05-10,échouée,1560.94,mobile
13573,3976,2023-05-19,échouée,1509.05,mobile
13574,4700,2020-03-27,expédiée,1308.64,web
13575,2780,2021-11-12,échouée,712.88,mobile
13576,5429,2019-06-06,livrée,1457.03,mobile
13577,2484,2021-04-21,échouée,520.16,mobile
13578,3975,2025-05-17,expédiée,1823.42,mobile
13579,3840,2022-01-03,livrée,1819.21,mobile
13580,2399,2024-05-15,livrée,1691.34,mobile
13581,643,2021-03-24,échouée,1534.21,mobile
13582,4241,2024-02-28,en cours,310.49,mobile
13583,631,2022-08-22,échouée,1066.63,web
13584,5683,2025-05-23,livrée,1039.37,web
13585,2221,2024-02-22,expédiée,1178.7,web
13586,4083,2023-05-17,expédiée,1666.19,web
13587,5818,2021-04-09,échouée,537.99,mobile
13588,604,2024-11-06,en cours,1702.58,web
13589,5022,2025-07-25,livrée,682.48,mobile
13590,5438,2025-10-29,échouée,955.23,web
13591,2496,2019-04-29,livrée,607.85,mobile
13592,5582,2023-06-15,en cours,1346.12,web
13593,1194,2025-05-15,expédiée,1908.09,web
13594,3155,2024-04-21,livrée,212.19,mobile
13595,3456,2022-07-27,en cours,1201.78,mobile
13596,5756,2022-02-25,échouée,850.15,web
13597,2685,2020-05-29,en cours,1690.93,web
13598,1505,2019-11-21,expédiée,918.66,mobile
13599,2895,2022-03-02,livrée,1252.21,mobile
13600,5395,2023-11-21,livrée,99.66,mobile
13601,3901,2025-02-04,expédiée,248.53,web
13602,863,2020-04-22,livrée,1394.76,web
13603,4826,2024-06-04,en cours,540.62,web
13604,140,2019-09-11,échouée,642.18,mobile
13605,5959,2024-01-30,livrée,87.1,mobile
13606,3178,2022-03-04,expédiée,826.03,web
13607,3004,2022-06-04,livrée,1293.74,web
13608,4661,2025-11-09,expédiée,1389.73,mobile
13609,297,2023-08-01,échouée,893.58,mobile
13610,4594,2024-07-12,en cours,491.28,web
13611,4456,2020-11-14,échouée,1649.52,mobile
13612,3264,2019-01-30,expédiée,1358.49,web
13613,2205,2019-07-25,expédiée,218.81,web
13614,2197,2023-03-17,livrée,1541.66,mobile
13615,874,2024-08-29,en cours,461.23,web
13616,3253,2019-02-05,livrée,235.61,web
13617,3251,2023-09-07,échouée,1129.42,web
13618,2442,2023-07-09,en cours,1288.57,mobile
13619,4092,2023-11-06,livrée,1880.56,mobile
13620,3761,2023-12-06,livrée,111.15,web
13621,3493,2025-05-19,échouée,531.41,mobile
13622,3682,2023-06-07,échouée,1218.93,web
13623,1413,2021-06-22,échouée,211.64,web
13624,4189,2023-07-12,en cours,510.54,mobile
13625,4951,2021-06-07,expédiée,933.76,mobile
13626,3763,2019-11-15,livrée,1777.71,mobile
13627,2599,2023-12-28,échouée,702.17,web
13628,1232,2020-07-06,livrée,1668.13,web
13629,5608,2020-11-19,en cours,1122.0,mobile
13630,4862,2021-05-20,échouée,1499.76,mobile
13631,295,2019-02-06,expédiée,770.35,mobile
13632,3617,2024-06-03,livrée,624.17,mobile
13633,4541,2025-07-17,en cours,1531.92,mobile
13634,4333,2021-11-08,échouée,1828.98,mobile
13635,2234,2023-04-06,échouée,519.31,web
13636,5682,2021-09-14,livrée,85.76,mobile
13637,5460,2022-02-03,livrée,456.15,mobile
13638,3327,2021-12-18,échouée,902.25,mobile
13639,3553,2019-10-15,échouée,1435.26,web
13640,2562,2019-08-01,échouée,148.35,mobile
13641,1145,2025-01-15,livrée,399.8,web
13642,2544,2022-08-25,en cours,842.58,mobile
13643,5965,2019-09-25,livrée,141.51,mobile
13644,214,2025-01-31,expédiée,1589.45,mobile
13645,3857,2021-05-03,en cours,1178.49,mobile
13646,585,2019-04-12,en cours,1274.27,web
13647,4359,2025-04-03,en cours,1680.04,web
13648,1686,2020-02-04,expédiée,1665.37,web
13649,274,2022-06-01,échouée,257.55,web
13650,3133,2020-09-05,livrée,884.66,web
13651,95,2025-09-22,livrée,1262.39,web
13652,3631,2022-05-10,en cours,1866.72,web
13653,1461,2023-12-03,en cours,1244.76,web
13654,4688,2020-06-14,échouée,185.08,web
13655,2839,2020-11-18,échouée,128.3,web
13656,5662,2022-04-12,expédiée,331.09,web
13657,5593,2019-05-06,en cours,1245.03,mobile
13658,1941,2023-06-10,expédiée,1136.56,web
13659,3011,2021-08-19,échouée,650.59,web
13660,1190,2023-04-21,expédiée,1180.51,mobile
13661,838,2022-06-03,en cours,414.73,web
13662,5848,2022-06-03,en cours,1928.34,mobile
13663,2683,2021-12-08,en cours,477.98,web
13664,2222,2025-06-10,expédiée,694.15,mobile
13665,5300,2024-06-09,échouée,421.97,mobile
13666,2961,2023-03-20,expédiée,734.43,web
13667,2596,2025-02-28,livrée,1843.55,web
13668,3356,2020-02-27,échouée,1416.41,web
13669,1932,2019-04-12,en cours,1734.98,mobile
13670,5936,2019-03-29,échouée,179.81,mobile
13671,1325,2021-10-16,expédiée,1180.85,mobile
13672,1904,2024-10-04,livrée,370.14,web
13673,2928,2020-09-06,échouée,1030.19,mobile
13674,2199,2023-07-28,expédiée,1078.31,mobile
13675,36,2025-01-23,expédiée,824.16,web
13676,5397,2019-02-09,échouée,1127.24,mobile
13677,1365,2024-02-22,expédiée,1954.91,web
13678,4956,2022-09-28,échouée,218.79,web
13679,2886,2019-09-17,en cours,312.89,web
13680,3609,2025-07-02,expédiée,577.6,mobile
13681,2735,2021-11-07,en cours,1979.09,mobile
13682,1136,2021-12-02,échouée,1710.67,web
13683,5210,2021-02-16,en cours,1603.9,mobile
13684,4800,2021-01-29,expédiée,851.85,web
13685,168,2025-02-24,livrée,1109.5,mobile
13686,3059,2024-01-27,en cours,154.58,web
13687,966,2024-06-30,échouée,1290.35,mobile
13688,3048,2022-07-05,livrée,1637.06,mobile
13689,928,2025-07-10,livrée,811.07,web
13690,48,2025-11-18,livrée,1898.14,mobile
13691,4477,2023-12-27,échouée,1351.14,mobile
13692,5426,2024-05-03,expédiée,1880.24,mobile
13693,445,2024-04-11,en cours,287.67,mobile
13694,1462,2025-03-07,expédiée,472.48,mobile
13695,1701,2021-12-19,expédiée,1357.91,web
13696,1358,2020-03-12,en cours,1025.64,mobile
13697,547,2023-10-14,livrée,180.86,web
13698,3832,2023-05-29,en cours,1385.72,web
13699,25,2025-08-04,échouée,1249.45,mobile
13700,4934,2019-11-11,en cours,1888.05,web
13701,2660,2023-09-03,expédiée,218.67,mobile
13702,260,2019-07-10,expédiée,177.39,mobile
13703,4239,2022-06-20,livrée,433.98,web
13704,2171,2019-11-26,échouée,1704.39,web
13705,4817,2020-11-20,en cours,1815.43,mobile
13706,4386,2022-11-04,échouée,975.47,web
13707,3200,2024-08-28,échouée,1901.13,mobile
13708,1519,2021-06-02,en cours,1262.15,web
13709,2067,2023-08-28,expédiée,1292.19,web
13710,3341,2020-03-03,expédiée,1266.84,web
13711,4064,2019-06-13,échouée,1384.32,web
13712,5715,2021-05-24,livrée,84.9,mobile
13713,2048,2021-10-15,livrée,981.67,web
13714,2354,2022-09-02,livrée,1251.67,mobile
13715,4529,2020-08-08,expédiée,290.55,mobile
13716,3397,2021-02-18,livrée,559.75,mobile
13717,2176,2019-02-15,en cours,514.57,mobile
13718,2005,2025-10-25,expédiée,412.07,web
13719,1568,2025-06-16,en cours,1228.89,mobile
13720,178,2022-11-22,en cours,105.63,web
13721,1011,2020-11-18,livrée,734.49,web
13722,5687,2022-05-25,expédiée,1399.78,mobile
13723,412,2021-03-15,livrée,1646.75,mobile
13724,4776,2025-02-17,échouée,1288.42,web
13725,653,2021-12-01,échouée,1392.6,web
13726,4331,2022-09-10,en cours,23.21,mobile
13727,3031,2024-12-11,livrée,1890.06,web
13728,2276,2023-10-14,en cours,1337.8,web
13729,2549,2020-06-18,livrée,1578.09,web
13730,3338,2019-05-15,en cours,1619.13,mobile
13731,2134,2023-10-26,livrée,670.02,web
13732,502,2022-11-01,livrée,1632.22,mobile
13733,3971,2022-03-24,expédiée,1915.99,web
13734,2643,2021-09-16,échouée,330.35,web
13735,5231,2024-04-26,échouée,830.6,mobile
13736,2184,2022-01-17,livrée,583.83,web
13737,55,2021-11-16,en cours,1826.98,mobile
13738,1440,2020-07-15,échouée,560.04,mobile
13739,594,2025-11-18,expédiée,1164.45,web
13740,2497,2021-08-26,expédiée,1580.48,web
13741,2768,2021-03-15,en cours,1445.82,mobile
13742,1164,2022-11-28,livrée,955.03,mobile
13743,3722,2022-12-20,en cours,1273.24,mobile
13744,3168,2025-07-06,échouée,1644.88,web
13745,3319,2023-01-20,en cours,278.53,web
13746,4543,2025-04-13,en cours,1450.95,web
13747,3885,2021-09-30,échouée,1085.06,mobile
13748,1109,2019-01-26,en cours,1999.28,web
13749,2317,2021-06-17,livrée,985.88,web
13750,1278,2022-07-26,livrée,1512.6,web
13751,3196,2019-05-19,livrée,442.81,web
13752,4224,2021-12-31,expédiée,1751.49,web
13753,1508,2024-02-28,en cours,316.34,mobile
13754,686,2023-07-16,livrée,796.68,web
13755,4975,2025-12-17,en cours,907.15,mobile
13756,5541,2021-09-13,expédiée,85.35,mobile
13757,3529,2024-04-21,en cours,652.07,mobile
13758,1129,2019-06-19,livrée,1423.24,mobile
13759,2485,2025-02-04,en cours,1105.78,mobile
13760,3730,2024-05-02,livrée,1132.63,web
13761,4621,2019-06-01,livrée,1344.16,web
13762,3161,2023-11-01,expédiée,1743.07,mobile
13763,36,2024-07-02,en cours,1880.78,web
13764,4874,2024-01-29,expédiée,1320.0,mobile
13765,277,2024-06-10,échouée,746.15,mobile
13766,3398,2019-11-22,expédiée,1446.27,web
13767,5160,2025-05-10,en cours,1788.59,mobile
13768,4081,2022-03-19,échouée,1855.27,web
13769,1534,2023-06-28,en cours,1708.31,mobile
13770,1793,2022-09-09,échouée,1265.27,web
13771,1169,2024-08-28,en cours,919.98,mobile
13772,2253,2023-04-04,livrée,1032.27,mobile
13773,2020,2023-02-25,échouée,213.47,web
13774,267,2019-02-01,échouée,188.64,mobile
13775,1494,2020-01-27,expédiée,1087.43,web
13776,3976,2022-10-17,expédiée,179.03,mobile
13777,26,2020-07-01,expédiée,827.68,mobile
13778,5796,2022-01-10,en cours,1655.13,web
13779,3401,2025-01-06,expédiée,1016.92,web
13780,759,2023-03-29,expédiée,1307.26,mobile
13781,2526,2023-10-08,en cours,1442.21,web
13782,2978,2022-01-05,en cours,1342.25,web
13783,544,2022-12-15,livrée,1172.45,mobile
13784,39,2019-02-27,expédiée,590.95,web
13785,1856,2024-08-22,livrée,1489.14,mobile
13786,4801,2025-02-07,livrée,713.01,mobile
13787,4802,2025-12-07,en cours,1735.87,web
13788,2138,2024-06-22,en cours,1421.06,web
13789,2724,2022-02-28,échouée,1561.43,mobile
13790,4716,2023-02-07,livrée,194.41,mobile
13791,150,2021-09-10,en cours,484.73,web
13792,3374,2024-02-08,en cours,509.77,mobile
13793,3113,2020-01-12,échouée,1159.36,web
13794,4072,2021-09-18,échouée,759.38,web
13795,691,2021-04-25,livrée,448.79,web
13796,4312,2021-12-15,expédiée,1179.08,mobile
13797,576,2025-09-24,livrée,1716.34,web
13798,5766,2025-06-17,livrée,113.62,web
13799,1128,2021-04-15,en cours,345.85,mobile
13800,473,2023-03-23,échouée,23.11,web
13801,3951,2025-07-23,livrée,1656.19,mobile
13802,2279,2021-06-16,en cours,1412.52,mobile
13803,655,2020-11-12,expédiée,1392.86,mobile
13804,2586,2020-02-18,livrée,775.68,mobile
13805,3308,2022-05-18,livrée,1013.73,web
13806,2003,2023-03-17,livrée,1009.68,web
13807,2975,2024-06-19,échouée,83.6,mobile
13808,2190,2025-02-14,échouée,1663.16,mobile
13809,3761,2024-11-03,expédiée,429.94,mobile
13810,3897,2020-05-03,échouée,494.0,web
13811,1549,2022-11-07,en cours,832.36,mobile
13812,2544,2019-05-18,en cours,1712.88,web
13813,3229,2023-12-09,expédiée,1157.96,mobile
13814,5222,2021-01-05,livrée,759.27,web
13815,4682,2019-07-30,expédiée,21.1,web
13816,4883,2021-04-08,échouée,1040.5,web
13817,4831,2021-03-15,en cours,887.53,mobile
13818,1921,2024-05-25,livrée,1462.12,web
13819,5749,2019-05-23,expédiée,1821.09,web
13820,3974,2019-02-12,en cours,1731.8,mobile
13821,4561,2019-04-07,expédiée,855.63,web
13822,1231,2019-12-14,échouée,1772.3,web
13823,1811,2022-05-15,expédiée,1661.31,mobile
13824,3253,2022-12-21,échouée,583.64,mobile
13825,3612,2025-05-12,en cours,276.89,mobile
13826,948,2024-04-13,en cours,473.89,web
13827,3319,2024-01-28,expédiée,355.25,mobile
13828,3623,2023-09-24,échouée,617.6,mobile
13829,2386,2025-05-25,en cours,662.8,web
13830,569,2023-06-07,expédiée,1628.79,web
13831,764,2024-03-04,livrée,612.99,web
13832,1892,2025-07-11,expédiée,1842.11,mobile
13833,3631,2022-08-19,en cours,983.39,web
13834,1016,2020-04-03,expédiée,1329.02,web
13835,4071,2019-08-05,expédiée,134.4,web
13836,3011,2021-03-18,en cours,578.36,mobile
13837,4477,2020-12-10,en cours,1536.27,web
13838,942,2024-06-02,échouée,407.73,mobile
13839,2471,2019-09-25,livrée,1603.19,mobile
13840,1044,2024-06-27,en cours,301.5,web
13841,3272,2020-01-12,échouée,960.28,mobile
13842,1404,2020-07-14,expédiée,517.55,mobile
13843,1392,2020-02-16,expédiée,1063.21,mobile
13844,5809,2020-05-16,échouée,612.56,mobile
13845,4161,2019-03-01,échouée,1273.72,web
13846,3144,2019-12-16,expédiée,127.42,mobile
13847,5009,2019-02-25,expédiée,1764.87,mobile
13848,4792,2022-01-14,expédiée,69.08,web
13849,5353,2021-01-06,en cours,570.68,mobile
13850,597,2024-11-18,expédiée,1183.17,web
13851,3692,2024-11-11,échouée,1489.52,mobile
13852,1410,2025-08-11,expédiée,637.95,web
13853,3678,2024-02-27,en cours,1805.6,web
13854,4451,2025-11-08,livrée,1776.64,mobile
13855,1043,2023-07-02,expédiée,1663.36,web
13856,4616,2023-05-12,expédiée,40.82,mobile
13857,659,2019-09-27,en cours,207.97,web
13858,4950,2025-05-22,expédiée,1293.62,mobile
13859,4273,2023-10-27,livrée,1017.79,web
13860,4731,2021-04-14,échouée,114.23,mobile
13861,1614,2022-11-05,échouée,835.04,mobile
13862,283,2019-09-02,en cours,1522.77,mobile
13863,5338,2022-11-23,livrée,1964.32,web
13864,4135,2020-08-31,livrée,782.18,mobile
13865,5828,2025-04-30,livrée,165.55,mobile
13866,735,2024-11-12,échouée,832.59,mobile
13867,4599,2023-06-11,expédiée,291.11,mobile
13868,4027,2022-07-15,échouée,1366.82,web
13869,2528,2022-12-06,en cours,56.23,mobile
13870,5048,2025-09-26,expédiée,1583.04,mobile
13871,5246,2024-06-29,échouée,1836.05,web
13872,4420,2024-12-06,livrée,146.03,mobile
13873,3053,2021-11-18,échouée,201.56,web
13874,5406,2023-02-20,échouée,1481.12,web
13875,5660,2024-09-08,échouée,728.38,web
13876,4162,2024-01-16,livrée,1595.2,web
13877,353,2024-06-26,en cours,1570.12,mobile
13878,2996,2021-12-06,en cours,917.69,web
13879,1139,2024-08-17,expédiée,1486.78,mobile
13880,5205,2024-01-20,en cours,33.7,mobile
13881,5647,2020-11-28,en cours,948.8,web
13882,5244,2019-01-30,livrée,1176.07,web
13883,1447,2019-10-05,livrée,764.92,mobile
13884,1203,2022-11-17,expédiée,1869.32,web
13885,2731,2021-11-27,livrée,684.93,web
13886,44,2021-01-25,en cours,1378.72,mobile
13887,59,2019-10-26,en cours,1057.98,mobile
13888,3484,2022-09-28,en cours,1570.73,web
13889,2341,2022-06-03,livrée,1828.72,mobile
13890,1370,2019-02-21,échouée,1145.28,web
13891,4121,2024-08-07,en cours,611.89,web
13892,1086,2025-06-19,en cours,1838.99,mobile
13893,2117,2025-01-14,expédiée,1217.51,web
13894,3923,2025-01-19,livrée,98.8,web
13895,2724,2021-01-28,échouée,1421.98,mobile
13896,1724,2019-09-16,livrée,1135.23,mobile
13897,36,2020-04-26,échouée,996.56,web
13898,55,2023-03-19,en cours,26.05,mobile
13899,2813,2021-10-23,échouée,1721.32,web
13900,1066,2020-02-24,en cours,1806.08,web
13901,1540,2025-05-16,expédiée,202.82,web
13902,3614,2019-10-01,échouée,1882.37,mobile
13903,53,2020-10-06,en cours,641.91,mobile
13904,1627,2022-03-30,en cours,758.33,mobile
13905,5324,2020-09-06,en cours,103.3,mobile
13906,1061,2025-07-02,échouée,1180.17,mobile
13907,5640,2023-08-28,échouée,405.46,mobile
13908,5629,2025-11-13,en cours,1756.12,web
13909,5057,2021-07-14,expédiée,968.21,mobile
13910,4672,2023-08-20,livrée,1145.92,mobile
13911,2060,2024-06-25,expédiée,1566.23,mobile
13912,531,2025-10-04,livrée,1953.4,mobile
13913,3517,2025-08-28,en cours,396.46,mobile
13914,1766,2025-07-11,échouée,565.66,web
13915,3640,2025-03-29,expédiée,624.85,mobile
13916,2522,2022-01-15,échouée,879.98,mobile
13917,2777,2025-08-16,échouée,645.02,web
13918,1134,2023-10-02,livrée,701.6,web
13919,3318,2021-02-03,expédiée,1489.28,mobile
13920,676,2023-09-23,échouée,1639.14,web
13921,3516,2025-11-22,en cours,1458.67,web
13922,1119,2024-04-01,expédiée,50.13,mobile
13923,3557,2025-04-22,expédiée,856.26,web
13924,2853,2025-12-14,échouée,949.53,web
13925,670,2022-11-21,expédiée,43.18,web
13926,3550,2019-03-07,échouée,829.86,mobile
13927,3476,2022-06-13,expédiée,688.1,web
13928,5763,2024-06-26,échouée,961.97,web
13929,2057,2025-01-07,livrée,1901.37,web
13930,5784,2020-06-07,livrée,642.23,web
13931,2358,2024-04-27,échouée,72.99,web
13932,5670,2023-09-02,expédiée,186.76,mobile
13933,4631,2020-02-01,en cours,1440.72,web
13934,5573,2023-10-15,échouée,1949.38,mobile
13935,4368,2024-02-04,en cours,1408.98,web
13936,1955,2021-09-24,livrée,1326.71,web
13937,1130,2025-05-21,livrée,23.72,mobile
13938,1771,2022-03-19,en cours,401.48,mobile
13939,5753,2021-06-18,expédiée,828.09,web
13940,509,2023-09-15,échouée,1468.89,web
13941,546,2019-06-08,expédiée,322.04,mobile
13942,3229,2022-03-07,expédiée,249.64,web
13943,4860,2025-05-06,expédiée,651.43,mobile
13944,1506,2023-08-05,expédiée,40.6,mobile
13945,4062,2023-03-19,en cours,125.84,mobile
13946,1390,2021-08-08,échouée,72.69,mobile
13947,5646,2020-05-07,en cours,1143.72,mobile
13948,3792,2022-08-13,expédiée,144.75,web
13949,776,2020-04-28,en cours,961.85,web
13950,4568,2019-12-07,livrée,698.3,mobile
13951,4695,2025-05-28,échouée,1483.84,mobile
13952,2796,2022-07-04,en cours,775.8,mobile
13953,4538,2021-11-15,expédiée,1900.54,mobile
13954,5703,2020-09-22,expédiée,1344.16,web
13955,2874,2024-02-08,livrée,1515.65,mobile
13956,2158,2024-01-19,livrée,906.14,mobile
13957,3119,2025-08-22,échouée,1285.16,mobile
13958,5344,2023-03-21,en cours,1083.42,mobile
13959,5955,2025-01-17,expédiée,1917.18,mobile
13960,3352,2023-05-26,expédiée,1556.3,web
13961,4836,2021-03-27,expédiée,962.0,mobile
13962,4785,2024-04-25,livrée,85.19,mobile
13963,3762,2024-03-20,échouée,1393.9,web
13964,3525,2023-09-28,livrée,1743.37,mobile
13965,1809,2025-12-27,échouée,1855.61,web
13966,4998,2020-04-15,échouée,594.05,mobile
13967,5936,2022-03-25,en cours,983.05,mobile
13968,1210,2021-12-22,expédiée,1273.86,mobile
13969,5454,2020-04-01,livrée,955.76,mobile
13970,942,2024-11-22,livrée,1271.51,mobile
13971,3242,2025-01-01,expédiée,282.28,web
13972,4144,2022-03-06,livrée,169.44,web
13973,4950,2025-07-25,échouée,1341.45,web
13974,5934,2023-03-19,échouée,1830.7,mobile
13975,5938,2023-12-21,en cours,133.1,mobile
13976,4753,2025-11-18,en cours,1847.61,mobile
13977,865,2022-10-04,expédiée,367.59,web
13978,2659,2025-12-01,livrée,605.4,web
13979,1636,2019-02-27,échouée,1488.55,web
13980,3448,2020-03-18,échouée,1400.83,web
13981,3839,2019-07-09,en cours,849.53,web
13982,2647,2021-09-12,échouée,291.56,mobile
13983,282,2020-06-07,expédiée,1333.19,web
13984,3699,2020-04-27,livrée,543.83,mobile
13985,3008,2022-05-04,livrée,1469.9,mobile
13986,2555,2024-02-03,en cours,1123.67,web
13987,2977,2025-10-05,échouée,1189.64,web
13988,2409,2019-03-05,en cours,229.27,web
13989,3026,2023-10-30,expédiée,902.63,web
13990,2452,2025-11-28,en cours,116.88,mobile
13991,3092,2019-12-23,livrée,32.19,web
13992,1131,2022-02-11,échouée,1023.18,mobile
13993,2989,2019-12-14,en cours,1222.2,mobile
13994,1397,2025-10-18,échouée,1087.89,mobile
13995,5067,2022-06-24,livrée,1444.57,mobile
13996,1632,2023-11-30,expédiée,32.66,mobile
13997,3029,2022-04-21,livrée,1608.41,web
13998,2465,2022-04-15,livrée,827.29,mobile
13999,5793,2020-08-16,livrée,581.07,mobile
14000,473,2022-03-18,échouée,1813.3,web
14001,1902,2020-09-28,en cours,339.68,web
14002,1184,2023-02-14,livrée,731.72,web
14003,2310,2023-02-21,expédiée,524.4,mobile
14004,1965,2021-12-02,échouée,951.06,mobile
14005,5478,2025-12-10,livrée,1772.23,web
14006,3526,2024-04-09,expédiée,915.37,web
14007,4253,2021-03-31,échouée,105.34,web
14008,5710,2024-11-30,expédiée,1276.9,mobile
14009,5428,2023-11-27,livrée,503.16,web
14010,382,2025-09-11,en cours,988.12,mobile
14011,841,2020-05-25,échouée,604.08,mobile
14012,3023,2019-09-27,en cours,740.68,mobile
14013,5428,2024-07-11,livrée,1893.83,web
14014,5836,2020-12-28,livrée,1509.76,mobile
14015,2942,2024-03-25,échouée,1739.14,web
14016,2343,2020-03-26,livrée,600.42,mobile
14017,772,2025-05-12,échouée,1926.28,web
14018,5825,2024-05-18,en cours,1753.94,mobile
14019,5390,2022-11-02,en cours,1873.13,web
14020,4362,2024-01-21,échouée,1331.41,web
14021,5222,2025-11-19,expédiée,666.04,mobile
14022,3002,2022-11-19,échouée,609.69,mobile
14023,1269,2022-08-20,échouée,1120.56,web
14024,2721,2019-10-19,échouée,1510.19,mobile
14025,3757,2022-03-21,expédiée,1017.76,web
14026,2841,2019-05-05,expédiée,1797.43,mobile
14027,4558,2020-04-05,en cours,982.95,mobile
14028,5180,2025-01-04,échouée,295.29,web
14029,3431,2021-12-11,en cours,328.77,mobile
14030,4226,2021-03-12,livrée,1692.42,web
14031,136,2022-03-28,en cours,1250.0,web
14032,4359,2024-06-22,expédiée,1315.79,web
14033,1613,2021-03-26,échouée,1213.87,mobile
14034,5947,2022-09-04,échouée,1853.15,mobile
14035,5103,2025-04-07,expédiée,1299.2,mobile
14036,978,2022-08-26,en cours,509.39,web
14037,1762,2024-07-01,livrée,825.58,web
14038,1181,2019-03-13,livrée,1242.56,web
14039,5307,2021-01-26,expédiée,1018.57,web
14040,3329,2022-10-13,livrée,798.12,web
14041,3120,2022-12-19,en cours,972.35,mobile
14042,4226,2020-04-12,expédiée,1916.12,web
14043,1907,2022-06-19,échouée,1596.64,web
14044,1436,2020-08-17,échouée,1625.87,web
14045,3684,2020-12-04,livrée,1174.89,mobile
14046,5437,2022-02-05,échouée,1150.27,web
14047,5590,2022-12-13,expédiée,471.81,web
14048,17,2025-09-10,en cours,399.4,web
14049,489,2020-07-10,livrée,1099.46,mobile
14050,4681,2023-10-07,expédiée,1766.9,web
14051,4889,2024-01-21,en cours,1012.12,web
14052,4307,2020-08-21,livrée,1660.14,web
14053,2497,2020-09-12,échouée,328.23,mobile
14054,4250,2019-07-11,échouée,34.23,mobile
14055,5275,2022-03-17,échouée,824.08,mobile
14056,5833,2024-10-24,en cours,1782.71,mobile
14057,567,2022-08-09,échouée,1780.05,web
14058,5734,2019-01-27,échouée,688.22,web
14059,311,2019-02-21,livrée,1994.18,mobile
14060,602,2019-05-15,en cours,617.59,web
14061,2616,2021-02-15,échouée,1723.56,mobile
14062,975,2023-05-15,échouée,1130.17,mobile
14063,2586,2021-08-26,expédiée,1152.93,web
14064,1553,2024-10-31,en cours,1394.67,web
14065,1317,2019-12-24,expédiée,1705.55,web
14066,3168,2020-07-27,livrée,1159.83,mobile
14067,668,2020-01-31,expédiée,139.16,mobile
14068,4261,2022-01-16,expédiée,493.74,web
14069,502,2025-01-16,en cours,365.65,web
14070,981,2022-03-26,en cours,61.89,mobile
14071,1964,2023-04-04,expédiée,519.78,web
14072,424,2023-06-29,en cours,1949.15,mobile
14073,4699,2021-10-21,expédiée,1220.41,mobile
14074,89,2022-11-01,livrée,494.28,web
14075,3565,2025-10-08,en cours,744.32,web
14076,2155,2025-09-15,échouée,1740.99,mobile
14077,5219,2024-02-13,en cours,929.29,mobile
14078,4786,2023-04-25,livrée,511.68,mobile
14079,5425,2021-12-27,livrée,1759.75,web
14080,4661,2024-12-08,en cours,107.98,web
14081,4172,2023-03-05,expédiée,1488.82,mobile
14082,1475,2023-09-24,expédiée,1851.02,web
14083,516,2022-04-07,en cours,1545.69,web
14084,2082,2020-07-26,expédiée,1701.77,web
14085,5884,2023-05-12,échouée,1613.47,web
14086,3365,2019-08-12,expédiée,610.15,mobile
14087,1583,2020-05-05,expédiée,548.27,mobile
14088,3355,2022-11-02,expédiée,1495.12,mobile
14089,4262,2023-10-23,échouée,924.03,mobile
14090,4080,2024-12-10,expédiée,432.75,mobile
14091,4380,2021-03-18,livrée,1679.35,mobile
14092,3545,2025-10-14,échouée,1522.8,web
14093,4208,2020-07-26,expédiée,1133.11,mobile
14094,1440,2019-03-10,échouée,645.26,mobile
14095,1775,2024-08-04,échouée,610.55,mobile
14096,4839,2023-05-24,livrée,885.56,mobile
14097,2626,2025-05-07,en cours,692.0,web
14098,256,2024-11-10,expédiée,1894.45,mobile
14099,859,2019-07-06,échouée,1257.24,mobile
14100,2579,2025-01-22,en cours,979.93,web
14101,1140,2023-07-01,échouée,992.37,mobile
14102,4720,2024-12-23,échouée,936.11,web
14103,740,2019-04-08,échouée,1145.31,mobile
14104,3400,2022-06-05,livrée,99.44,web
14105,1136,2025-12-02,en cours,988.61,mobile
14106,2022,2019-03-20,en cours,1271.61,web
14107,4829,2024-01-25,échouée,1122.79,web
14108,5866,2019-06-21,expédiée,1740.62,mobile
14109,575,2023-02-22,expédiée,574.49,mobile
14110,4218,2021-10-23,en cours,149.45,mobile
14111,3298,2021-01-15,expédiée,1294.32,web
14112,2568,2022-02-03,échouée,1099.66,mobile
14113,4807,2025-10-14,échouée,1611.56,web
14114,33,2021-07-25,échouée,1173.18,web
14115,4110,2019-07-12,livrée,1628.65,web
14116,2663,2023-01-22,expédiée,1595.02,mobile
14117,2789,2020-10-19,livrée,1783.95,web
14118,3476,2022-09-27,livrée,752.79,mobile
14119,4424,2019-01-18,échouée,1178.27,mobile
14120,117,2024-06-19,livrée,1829.29,web
14121,5119,2022-09-16,livrée,1022.96,mobile
14122,3032,2025-04-17,en cours,521.36,web
14123,1890,2020-12-29,en cours,1029.67,web
14124,2060,2025-11-10,en cours,438.27,web
14125,1761,2021-11-08,livrée,1947.13,web
14126,2948,2019-11-26,en cours,688.56,mobile
14127,385,2024-02-10,en cours,225.69,web
14128,5462,2019-04-14,en cours,1294.28,mobile
14129,3285,2024-03-26,en cours,350.71,mobile
14130,5422,2023-03-05,échouée,123.46,web
14131,5193,2020-06-05,expédiée,1271.95,mobile
14132,2282,2023-10-18,expédiée,1925.87,web
14133,2338,2024-06-17,en cours,1539.14,web
14134,47,2019-11-07,échouée,680.51,mobile
14135,4204,2021-07-14,livrée,1521.48,mobile
14136,2712,2021-12-04,échouée,761.27,web
14137,5411,2025-03-03,échouée,487.46,mobile
14138,134,2024-12-22,livrée,1181.54,web
14139,3306,2024-10-24,en cours,734.07,web
14140,3387,2019-06-13,livrée,899.92,mobile
14141,3990,2019-12-14,en cours,1423.64,mobile
14142,921,2019-04-05,livrée,1379.42,web
14143,363,2020-06-20,en cours,1498.83,web
14144,1920,2019-04-29,expédiée,606.44,mobile
14145,1874,2023-12-31,livrée,763.97,mobile
14146,3136,2022-09-08,en cours,1246.24,mobile
14147,4406,2019-02-23,échouée,724.09,web
14148,5677,2020-11-23,expédiée,1595.07,web
14149,288,2025-09-21,échouée,329.79,mobile
14150,3751,2020-01-31,expédiée,225.04,mobile
14151,4770,2021-12-04,livrée,979.66,mobile
14152,3735,2023-05-04,livrée,1984.78,mobile
14153,1678,2020-01-01,livrée,1111.24,web
14154,1066,2024-01-07,livrée,1649.17,web
14155,1994,2022-07-22,échouée,648.35,mobile
14156,3422,2019-12-20,expédiée,1719.78,web
14157,773,2025-12-09,en cours,661.81,web
14158,4164,2024-03-24,expédiée,1485.47,web
14159,2026,2023-03-26,livrée,1682.96,mobile
14160,877,2025-08-26,échouée,1682.14,mobile
14161,245,2022-10-30,livrée,1729.47,mobile
14162,5530,2019-04-01,en cours,401.65,web
14163,2317,2024-09-30,livrée,108.17,web
14164,5154,2023-03-25,livrée,615.92,web
14165,949,2025-04-15,échouée,1109.6,mobile
14166,3083,2019-11-29,échouée,866.2,web
14167,3969,2019-10-23,livrée,432.08,web
14168,5755,2025-10-01,livrée,421.56,mobile
14169,4483,2022-06-14,livrée,448.49,web
14170,148,2022-12-16,livrée,1318.45,web
14171,2309,2020-10-12,en cours,591.49,web
14172,3222,2019-10-04,échouée,1591.15,web
14173,4914,2019-11-30,expédiée,76.39,web
14174,2628,2021-07-29,en cours,1581.5,mobile
14175,5341,2021-11-20,expédiée,57.05,web
14176,1413,2024-01-17,échouée,1918.05,mobile
14177,2739,2021-05-31,en cours,979.24,web
14178,4351,2022-02-19,livrée,40.9,mobile
14179,4956,2020-02-14,expédiée,963.07,mobile
14180,3964,2025-12-28,en cours,383.93,mobile
14181,54,2020-11-06,en cours,228.91,mobile
14182,5929,2021-05-01,en cours,1912.49,mobile
14183,2862,2019-11-18,en cours,1175.09,mobile
14184,3548,2020-02-11,en cours,589.89,mobile
14185,5407,2024-05-23,expédiée,1740.66,web
14186,5772,2020-02-04,échouée,222.25,mobile
14187,1594,2021-12-24,expédiée,1500.11,mobile
14188,4214,2025-04-10,expédiée,962.94,web
14189,2431,2024-09-13,livrée,40.87,mobile
14190,3621,2025-03-10,livrée,573.83,web
14191,3189,2025-08-02,expédiée,1884.85,web
14192,2934,2020-09-25,expédiée,1757.63,web
14193,5862,2022-07-06,expédiée,1305.73,mobile
14194,1727,2019-06-19,livrée,1986.31,web
14195,5731,2024-08-29,expédiée,57.94,web
14196,405,2020-10-15,échouée,517.11,mobile
14197,3952,2020-09-23,échouée,248.6,mobile
14198,4617,2024-12-31,en cours,1819.4,mobile
14199,4443,2021-08-10,en cours,1946.91,mobile
14200,4060,2024-03-19,en cours,215.12,mobile
14201,4305,2021-07-15,échouée,1598.58,web
14202,602,2025-02-22,en cours,1876.73,web
14203,2990,2020-01-19,expédiée,761.72,mobile
14204,5098,2021-02-23,en cours,1394.8,web
14205,5402,2025-12-14,en cours,385.54,web
14206,5276,2019-11-16,expédiée,880.25,mobile
14207,1725,2022-07-20,expédiée,1893.66,mobile
14208,2855,2022-08-04,en cours,1283.84,mobile
14209,5581,2021-04-14,en cours,307.22,mobile
14210,4544,2021-02-17,en cours,1300.28,web
14211,3222,2020-01-01,expédiée,631.42,web
14212,3163,2021-08-30,échouée,829.52,mobile
14213,1181,2019-11-19,échouée,1323.33,mobile
14214,3066,2021-08-11,livrée,1864.55,web
14215,4928,2024-04-06,expédiée,1103.5,mobile
14216,1990,2021-08-10,échouée,136.1,mobile
14217,5485,2021-01-03,en cours,480.02,mobile
14218,3915,2019-10-11,en cours,621.06,mobile
14219,4421,2021-11-29,en cours,955.36,web
14220,5065,2021-01-13,en cours,1563.21,mobile
14221,644,2020-10-06,échouée,1805.22,web
14222,1135,2022-06-27,en cours,1974.13,web
14223,2832,2024-02-06,échouée,1284.49,web
14224,1936,2020-09-11,en cours,778.99,mobile
14225,820,2019-10-24,en cours,1080.24,mobile
14226,1465,2022-02-26,échouée,23.43,mobile
14227,1044,2022-07-05,expédiée,226.18,mobile
14228,2308,2022-02-13,livrée,1740.96,mobile
14229,356,2020-02-09,expédiée,1087.29,mobile
14230,1242,2023-01-15,échouée,1330.79,web
14231,407,2019-06-09,échouée,1428.47,mobile
14232,2043,2021-09-06,livrée,1218.24,mobile
14233,1005,2024-02-05,livrée,1122.82,mobile
14234,862,2022-04-25,expédiée,408.19,web
14235,2056,2024-01-31,échouée,556.22,web
14236,2918,2020-07-05,échouée,1754.14,mobile
14237,235,2021-02-13,livrée,785.23,mobile
14238,3562,2024-08-10,échouée,1409.5,web
14239,4552,2021-11-27,en cours,1787.05,mobile
14240,5217,2019-08-14,livrée,1453.19,mobile
14241,4373,2021-05-31,livrée,1915.7,web
14242,2972,2021-09-01,expédiée,953.58,mobile
14243,3463,2020-03-17,en cours,334.49,mobile
14244,1541,2020-10-15,expédiée,513.99,web
14245,1441,2020-12-25,livrée,1500.02,web
14246,2734,2020-10-01,échouée,1263.44,web
14247,5239,2019-01-09,en cours,908.98,mobile
14248,2687,2021-10-20,en cours,24.44,mobile
14249,2768,2022-11-13,échouée,1186.89,mobile
14250,2103,2023-03-21,en cours,361.88,web
14251,4220,2019-11-04,livrée,1332.69,mobile
14252,1840,2019-12-19,livrée,1867.39,web
14253,3280,2025-04-18,en cours,956.64,web
14254,1104,2021-09-13,livrée,1194.05,mobile
14255,5917,2023-01-19,échouée,1403.86,mobile
14256,4832,2020-03-15,échouée,1662.28,mobile
14257,5576,2022-03-24,livrée,365.73,mobile
14258,62,2022-01-24,expédiée,1927.14,mobile
14259,3837,2021-07-17,en cours,1122.45,mobile
14260,719,2022-06-22,en cours,403.29,web
14261,1798,2019-05-21,livrée,387.8,mobile
14262,5563,2025-10-20,livrée,1563.75,web
14263,4129,2021-12-01,échouée,461.54,web
14264,3667,2020-10-19,en cours,487.49,mobile
14265,4703,2025-10-27,expédiée,144.5,mobile
14266,5252,2022-06-03,en cours,365.75,mobile
14267,1596,2022-05-17,échouée,1802.96,mobile
14268,116,2022-04-19,en cours,280.53,web
14269,5537,2022-02-23,en cours,1360.03,web
14270,567,2020-07-13,échouée,1034.78,web
14271,4060,2024-06-25,livrée,1968.77,mobile
14272,2028,2019-07-05,expédiée,40.11,mobile
14273,235,2025-11-30,en cours,1733.9,mobile
14274,4189,2022-09-29,en cours,851.57,mobile
14275,3068,2024-01-11,expédiée,34.68,mobile
14276,2598,2019-07-07,expédiée,944.35,web
14277,2115,2024-06-26,en cours,1036.26,mobile
14278,439,2023-10-17,livrée,1481.3,mobile
14279,3920,2022-12-13,en cours,97.42,web
14280,2128,2023-02-18,en cours,552.26,mobile
14281,3260,2025-04-15,expédiée,29.01,mobile
14282,2410,2022-10-12,livrée,166.46,web
14283,1309,2020-02-11,livrée,539.15,mobile
14284,3974,2022-02-09,expédiée,782.37,web
14285,5786,2020-06-23,livrée,390.41,mobile
14286,5194,2025-12-24,expédiée,562.04,mobile
14287,531,2020-04-07,échouée,1879.77,web
14288,5720,2023-10-04,en cours,1552.94,mobile
14289,190,2020-12-10,expédiée,617.35,mobile
14290,5777,2024-07-04,expédiée,973.41,mobile
14291,4193,2023-04-21,livrée,1980.5,web
14292,3103,2021-03-05,échouée,1389.48,web
14293,37,2025-08-26,livrée,926.48,web
14294,5882,2020-06-28,échouée,1061.6,mobile
14295,5197,2021-09-29,échouée,1140.25,web
14296,1054,2020-04-12,expédiée,1672.87,mobile
14297,4291,2024-03-14,échouée,1390.84,web
14298,1054,2024-05-17,livrée,1286.23,web
14299,5590,2025-02-17,expédiée,1857.44,mobile
14300,5066,2023-05-09,livrée,849.73,mobile
14301,5998,2025-10-11,en cours,1708.61,web
14302,1649,2020-06-02,échouée,1131.58,mobile
14303,3365,2022-12-08,expédiée,1410.94,mobile
14304,1911,2019-06-15,livrée,1983.38,mobile
14305,4835,2023-05-01,échouée,976.57,mobile
14306,5038,2023-08-11,en cours,1017.42,mobile
14307,5750,2025-10-15,échouée,134.73,mobile
14308,5672,2019-06-28,livrée,1912.9,mobile
14309,2547,2019-03-22,échouée,1735.72,mobile
14310,4857,2025-01-08,en cours,1733.1,mobile
14311,1543,2022-11-21,livrée,1168.64,web
14312,1705,2024-08-01,en cours,1352.16,web
14313,1196,2023-10-17,livrée,244.48,web
14314,3186,2024-09-30,expédiée,920.65,mobile
14315,5685,2019-05-24,échouée,997.16,mobile
14316,617,2020-07-16,livrée,1727.39,web
14317,1181,2022-08-21,expédiée,927.19,mobile
14318,5554,2025-03-05,en cours,1897.37,mobile
14319,1918,2020-09-18,livrée,1439.89,mobile
14320,5604,2020-06-05,expédiée,1364.08,mobile
14321,625,2022-09-27,livrée,1685.87,web
14322,4652,2020-11-03,expédiée,50.77,web
14323,3597,2025-06-04,livrée,1566.5,web
14324,5118,2019-07-15,en cours,755.46,web
14325,4870,2025-09-02,en cours,598.84,mobile
14326,4527,2025-07-06,livrée,1881.03,web
14327,667,2022-09-05,échouée,173.69,mobile
14328,299,2020-06-19,expédiée,1477.03,web
14329,3823,2021-08-13,livrée,254.26,mobile
14330,5789,2025-11-02,expédiée,1010.59,mobile
14331,986,2023-08-18,en cours,1312.4,mobile
14332,101,2019-11-01,expédiée,1801.19,web
14333,1413,2021-01-31,livrée,1317.79,web
14334,2777,2025-01-10,expédiée,1585.49,mobile
14335,4003,2022-01-19,en cours,757.69,mobile
14336,2104,2024-06-29,en cours,1679.44,mobile
14337,5211,2023-02-09,expédiée,1339.57,mobile
14338,5428,2019-11-25,en cours,1798.54,mobile
14339,2280,2022-05-14,en cours,264.82,web
14340,1284,2024-10-27,expédiée,1964.56,mobile
14341,5490,2020-02-23,en cours,541.71,mobile
14342,2477,2022-01-09,expédiée,365.11,mobile
14343,647,2022-01-01,échouée,793.11,web
14344,434,2023-12-23,en cours,456.56,mobile
14345,3786,2024-09-22,livrée,988.46,web
14346,436,2019-11-20,en cours,256.23,mobile
14347,3762,2024-03-01,en cours,564.59,web
14348,5192,2022-03-28,en cours,528.8,mobile
14349,5815,2025-10-14,en cours,1330.65,web
14350,182,2022-01-24,livrée,1911.69,mobile
14351,745,2023-08-30,échouée,259.82,web
14352,3143,2021-02-06,échouée,922.75,mobile
14353,4237,2023-05-03,en cours,1658.83,mobile
14354,2950,2020-12-05,échouée,928.75,web
14355,1271,2022-10-27,en cours,1088.75,web
14356,4051,2023-09-12,échouée,465.53,web
14357,5394,2020-12-11,en cours,1576.73,mobile
14358,4188,2021-11-08,livrée,46.67,web
14359,2321,2023-06-18,expédiée,924.67,web
14360,4984,2019-04-21,échouée,248.59,web
14361,2748,2023-06-07,livrée,177.1,mobile
14362,646,2023-08-26,en cours,801.62,web
14363,2167,2022-10-19,expédiée,1959.65,web
14364,4121,2022-02-07,livrée,1147.13,web
14365,2054,2020-06-23,échouée,1234.83,web
14366,132,2023-11-09,en cours,1405.08,mobile
14367,4436,2023-03-11,livrée,1440.56,web
14368,4732,2022-10-23,expédiée,1456.6,mobile
14369,2265,2020-08-06,en cours,1197.17,web
14370,4751,2022-11-13,en cours,1503.68,web
14371,1825,2025-04-15,livrée,438.15,mobile
14372,5125,2020-06-09,échouée,1605.9,web
14373,683,2020-05-24,livrée,96.67,web
14374,1350,2025-11-04,expédiée,1058.05,mobile
14375,1782,2025-02-10,en cours,1396.74,mobile
14376,2559,2020-01-25,livrée,939.83,web
14377,2121,2019-04-01,expédiée,1538.19,mobile
14378,871,2025-03-16,échouée,1034.94,mobile
14379,558,2024-07-19,échouée,1394.6,web
14380,4950,2024-09-14,livrée,1352.38,mobile
14381,149,2025-11-29,échouée,354.55,mobile
14382,5693,2025-07-14,expédiée,27.42,web
14383,2901,2021-10-27,livrée,1082.98,web
14384,44,2019-06-17,expédiée,257.58,web
14385,5381,2020-07-06,livrée,540.18,mobile
14386,5849,2021-12-11,échouée,1134.99,web
14387,3585,2025-06-24,livrée,1034.8,mobile
14388,305,2019-01-14,expédiée,1702.23,mobile
14389,5303,2020-04-14,expédiée,141.96,web
14390,5573,2021-02-24,échouée,817.46,web
14391,1245,2023-11-11,échouée,699.49,web
14392,4509,2019-07-18,livrée,839.6,web
14393,1230,2019-05-26,livrée,530.13,web
14394,5005,2022-05-31,livrée,1726.92,web
14395,1494,2024-10-07,en cours,396.8,web
14396,670,2019-01-03,échouée,1405.47,mobile
14397,4351,2024-12-17,échouée,994.5,mobile
14398,3330,2023-11-20,expédiée,1957.57,web
14399,1111,2020-06-12,échouée,462.86,web
14400,956,2021-12-09,échouée,1284.93,web
14401,3528,2025-06-26,en cours,1006.99,web
14402,2755,2025-09-13,expédiée,1859.0,web
14403,1845,2022-06-28,expédiée,1820.75,mobile
14404,1133,2020-10-13,expédiée,230.73,web
14405,5855,2021-03-24,en cours,1366.82,mobile
14406,5722,2022-08-27,en cours,1019.83,web
14407,5927,2024-06-29,livrée,1447.96,web
14408,3069,2025-03-12,livrée,1884.48,web
14409,2471,2025-03-22,échouée,35.59,mobile
14410,3712,2025-07-28,expédiée,1376.0,mobile
14411,1884,2020-09-22,en cours,181.2,web
14412,1589,2021-10-23,échouée,103.63,mobile
14413,3531,2021-09-18,expédiée,248.65,mobile
14414,2957,2022-01-11,expédiée,1172.91,web
14415,3262,2023-07-15,échouée,1891.36,mobile
14416,2464,2023-10-11,en cours,774.05,mobile
14417,2131,2021-07-16,échouée,1700.58,web
14418,1695,2025-12-01,échouée,1107.24,mobile
14419,1000,2019-09-17,expédiée,659.24,mobile
14420,4491,2019-12-09,livrée,1827.36,mobile
14421,4826,2025-11-15,livrée,1875.51,mobile
14422,4290,2019-02-25,en cours,682.56,mobile
14423,4698,2022-01-04,échouée,1518.63,web
14424,4171,2021-09-02,expédiée,1127.0,web
14425,5675,2022-06-27,livrée,208.52,mobile
14426,1892,2019-09-21,livrée,1040.82,web
14427,5918,2023-04-13,livrée,1591.36,web
14428,1607,2020-12-14,expédiée,718.11,mobile
14429,640,2019-10-23,expédiée,924.56,web
14430,1344,2019-06-01,échouée,280.64,mobile
14431,1856,2025-03-14,échouée,1880.69,mobile
14432,4706,2019-06-23,en cours,1083.03,mobile
14433,1005,2025-09-23,échouée,379.42,mobile
14434,5446,2019-02-07,expédiée,1517.1,web
14435,2551,2019-12-26,expédiée,224.71,web
14436,1955,2023-03-25,échouée,1377.69,mobile
14437,3627,2022-03-19,échouée,1242.61,web
14438,5265,2019-12-06,expédiée,1551.63,web
14439,2902,2022-10-15,en cours,859.48,web
14440,943,2021-02-22,en cours,1804.71,mobile
14441,2555,2025-02-07,échouée,1237.72,web
14442,941,2022-08-30,livrée,1000.52,web
14443,1799,2019-12-12,expédiée,1985.64,mobile
14444,613,2019-04-27,livrée,1572.45,mobile
14445,1926,2020-08-07,en cours,1845.46,web
14446,3667,2021-06-04,en cours,220.08,mobile
14447,815,2022-07-04,échouée,1349.44,web
14448,4313,2023-12-26,livrée,1747.11,mobile
14449,4023,2020-12-14,en cours,1075.74,mobile
14450,621,2024-01-11,expédiée,121.27,web
14451,1997,2020-10-17,expédiée,1167.55,web
14452,5088,2020-09-25,livrée,1656.31,web
14453,4084,2020-05-21,expédiée,1546.96,mobile
14454,1283,2020-09-21,livrée,1041.86,web
14455,5226,2022-03-11,échouée,957.51,web
14456,208,2020-11-30,échouée,1819.56,web
14457,1424,2022-10-10,échouée,298.7,web
14458,1504,2024-05-12,expédiée,1621.07,web
14459,3321,2020-08-17,expédiée,87.82,web
14460,313,2021-10-09,échouée,1206.73,web
14461,68,2025-03-23,expédiée,1795.66,mobile
14462,1097,2020-04-05,échouée,862.35,web
14463,294,2021-09-18,livrée,1655.52,web
14464,381,2023-01-19,expédiée,182.72,mobile
14465,543,2023-01-16,expédiée,421.29,mobile
14466,2156,2021-03-21,échouée,1922.52,mobile
14467,5148,2024-08-31,livrée,689.72,mobile
14468,5663,2024-08-18,expédiée,405.7,web
14469,1489,2025-08-10,en cours,1996.24,web
14470,3302,2025-09-26,échouée,79.01,mobile
14471,3350,2025-08-25,expédiée,545.67,mobile
14472,1818,2022-03-06,en cours,44.45,mobile
14473,2132,2024-06-11,livrée,191.05,web
14474,3729,2024-09-16,échouée,1346.56,web
14475,4456,2021-09-22,en cours,1825.22,web
14476,3426,2025-01-06,échouée,1299.15,web
14477,2520,2023-06-03,livrée,114.47,web
14478,1803,2021-07-31,échouée,805.53,web
14479,5291,2023-10-13,expédiée,1572.97,web
14480,3335,2024-08-15,expédiée,1752.77,mobile
14481,182,2023-10-03,expédiée,658.95,mobile
14482,5001,2024-02-29,expédiée,285.56,web
14483,548,2025-01-01,échouée,237.78,mobile
14484,2741,2024-07-17,en cours,1573.83,web
14485,3592,2021-06-11,expédiée,1486.38,mobile
14486,5263,2025-10-14,échouée,1012.79,mobile
14487,3327,2019-02-23,échouée,1657.76,web
14488,3735,2022-03-04,expédiée,844.57,mobile
14489,4307,2019-11-11,livrée,217.19,web
14490,3596,2020-07-01,en cours,1431.84,web
14491,2650,2021-08-03,expédiée,552.74,web
14492,3612,2019-02-05,en cours,1283.88,web
14493,5473,2023-02-14,expédiée,1256.04,web
14494,5121,2025-10-03,en cours,234.53,mobile
14495,1073,2025-04-27,livrée,1584.37,mobile
14496,2339,2019-04-22,expédiée,1619.36,web
14497,5344,2019-01-05,livrée,569.12,web
14498,56,2025-04-29,livrée,593.8,web
14499,5597,2020-07-12,expédiée,716.23,mobile
14500,1587,2023-07-29,livrée,1941.24,mobile
14501,3849,2020-07-18,expédiée,1477.02,mobile
14502,4032,2024-12-23,échouée,1351.76,web
14503,5231,2024-12-01,livrée,1233.47,web
14504,1267,2025-07-02,en cours,803.58,mobile
14505,2258,2025-07-10,en cours,1702.49,web
14506,784,2023-01-22,livrée,54.51,web
14507,4325,2019-05-06,expédiée,73.11,mobile
14508,1883,2024-12-07,expédiée,596.84,mobile
14509,1041,2024-09-01,échouée,818.25,web
14510,1532,2024-08-07,en cours,1532.21,mobile
14511,3589,2025-11-10,livrée,1119.9,web
14512,2384,2020-04-02,en cours,914.1,web
14513,949,2022-10-22,livrée,731.13,mobile
14514,3063,2025-02-06,échouée,1970.67,mobile
14515,4008,2020-10-18,livrée,324.18,web
14516,4393,2022-12-30,en cours,1956.71,web
14517,5457,2019-02-05,en cours,1954.06,web
14518,4044,2024-07-20,livrée,1784.17,mobile
14519,2714,2019-11-02,expédiée,1779.86,mobile
14520,4190,2020-07-28,échouée,857.83,web
14521,4230,2023-08-02,échouée,1286.19,web
14522,2194,2019-01-15,en cours,86.53,web
14523,768,2021-08-25,livrée,76.59,web
14524,478,2020-01-24,en cours,1631.7,web
14525,3355,2021-01-15,en cours,724.55,mobile
14526,255,2020-04-23,expédiée,1003.71,web
14527,4567,2022-07-21,en cours,403.98,web
14528,1711,2023-06-16,échouée,1822.8,web
14529,3348,2024-12-04,en cours,782.07,mobile
14530,1006,2022-01-06,en cours,1448.22,mobile
14531,194,2023-12-07,en cours,95.4,web
14532,5740,2023-06-23,en cours,925.02,web
14533,275,2023-05-17,échouée,1130.26,web
14534,1941,2021-01-04,échouée,1687.29,mobile
14535,1958,2025-02-08,expédiée,687.15,mobile
14536,4670,2021-03-20,en cours,313.37,web
14537,1195,2023-03-24,expédiée,1240.88,mobile
14538,2800,2025-07-14,en cours,1985.53,web
14539,2414,2020-09-30,en cours,695.49,mobile
14540,1260,2020-09-01,expédiée,1496.75,mobile
14541,2237,2020-12-22,livrée,148.79,mobile
14542,2273,2024-08-05,livrée,727.84,mobile
14543,3730,2024-04-24,échouée,258.5,web
14544,3782,2020-12-03,échouée,1944.65,web
14545,474,2023-10-07,en cours,1952.18,mobile
14546,1714,2023-05-06,en cours,224.03,mobile
14547,4289,2019-01-21,livrée,1361.58,mobile
14548,1643,2023-11-24,échouée,376.64,web
14549,3587,2022-06-25,en cours,610.45,mobile
14550,3617,2020-05-29,livrée,251.75,web
14551,3945,2025-01-16,livrée,620.25,web
14552,3477,2020-10-23,livrée,1321.64,web
14553,2343,2024-09-06,en cours,173.77,web
14554,4946,2023-04-20,en cours,1186.18,mobile
14555,5274,2022-01-01,livrée,1065.6,web
14556,3350,2020-05-27,échouée,1912.05,web
14557,5629,2022-04-27,échouée,1948.67,mobile
14558,5300,2021-08-31,en cours,487.13,mobile
14559,1244,2021-08-25,livrée,1329.69,mobile
14560,4841,2024-01-21,échouée,1171.86,mobile
14561,5773,2020-06-16,expédiée,1234.47,mobile
14562,5974,2019-06-22,livrée,867.97,web
14563,3939,2023-04-16,en cours,428.89,mobile
14564,4897,2023-01-05,expédiée,586.64,mobile
14565,1070,2025-03-16,expédiée,1443.69,web
14566,206,2022-05-24,expédiée,1140.22,web
14567,56,2020-08-13,livrée,780.5,mobile
14568,4662,2022-12-07,expédiée,285.31,mobile
14569,1462,2020-12-19,livrée,317.17,web
14570,5112,2024-02-01,expédiée,815.47,mobile
14571,4494,2021-01-28,en cours,803.22,web
14572,5425,2019-09-12,expédiée,1426.22,mobile
14573,5994,2020-07-02,échouée,1555.48,mobile
14574,5412,2021-03-26,livrée,1743.4,web
14575,3016,2019-09-03,en cours,550.81,mobile
14576,818,2020-06-06,échouée,1247.19,mobile
14577,4470,2025-05-06,livrée,860.17,mobile
14578,673,2019-10-18,échouée,893.3,mobile
14579,25,2024-06-04,en cours,1439.55,web
14580,1324,2019-09-19,en cours,1763.29,web
14581,4664,2020-04-27,livrée,1061.62,mobile
14582,2873,2022-11-16,échouée,309.12,web
14583,2398,2024-06-22,livrée,1714.11,web
14584,1093,2022-07-06,échouée,745.35,web
14585,5478,2021-04-25,échouée,64.75,mobile
14586,397,2024-10-02,expédiée,1882.67,mobile
14587,2358,2024-10-31,expédiée,1982.52,mobile
14588,1475,2024-09-10,livrée,463.41,mobile
14589,4135,2023-05-11,en cours,21.43,web
14590,2844,2021-10-05,expédiée,785.02,mobile
14591,1237,2021-10-01,livrée,1479.39,mobile
14592,4102,2023-06-06,expédiée,1429.97,mobile
14593,2972,2020-01-27,livrée,333.03,mobile
14594,3039,2020-11-11,expédiée,1606.78,web
14595,1304,2019-12-23,expédiée,1154.34,web
14596,5096,2023-06-08,livrée,60.33,mobile
14597,5366,2021-08-20,en cours,1107.66,web
14598,5973,2020-01-11,en cours,941.65,web
14599,2294,2023-03-13,expédiée,1000.13,web
14600,4542,2025-10-01,en cours,105.26,web
14601,3940,2022-08-04,livrée,753.32,web
14602,2270,2021-09-01,échouée,1396.56,web
14603,803,2023-09-04,en cours,1216.39,web
14604,4506,2020-03-30,expédiée,1133.76,mobile
14605,404,2024-03-30,livrée,1786.51,web
14606,3185,2023-05-20,livrée,1841.48,mobile
14607,2117,2025-01-03,échouée,1764.97,web
14608,681,2020-10-25,en cours,1411.91,mobile
14609,1458,2019-09-11,livrée,1815.78,web
14610,5111,2022-09-14,expédiée,685.7,mobile
14611,1815,2025-09-01,en cours,662.88,mobile
14612,2161,2019-11-10,en cours,799.17,mobile
14613,1104,2020-02-19,échouée,1537.03,web
14614,3405,2023-06-28,expédiée,373.23,mobile
14615,3737,2023-05-15,livrée,1867.29,mobile
14616,637,2021-01-18,échouée,1191.95,mobile
14617,2782,2020-04-30,échouée,1332.38,web
14618,1222,2025-07-16,livrée,1626.63,mobile
14619,2793,2023-11-14,livrée,283.44,web
14620,2920,2024-06-27,échouée,884.24,mobile
14621,3691,2023-08-26,expédiée,1014.23,web
14622,2305,2019-07-11,échouée,983.95,mobile
14623,95,2020-05-29,expédiée,894.62,mobile
14624,1399,2021-01-11,en cours,1458.97,mobile
14625,2950,2021-01-15,livrée,1367.39,mobile
14626,2760,2021-06-26,livrée,832.63,web
14627,1220,2019-09-25,en cours,328.69,mobile
14628,2033,2020-04-18,livrée,208.38,web
14629,1200,2019-08-20,échouée,1664.0,web
14630,461,2024-02-20,expédiée,388.64,mobile
14631,5986,2024-02-18,échouée,343.17,web
14632,1626,2019-09-06,expédiée,84.64,mobile
14633,3894,2019-06-05,en cours,635.19,web
14634,4667,2022-08-04,en cours,1848.7,web
14635,5814,2020-04-12,échouée,88.65,web
14636,3290,2020-02-03,livrée,198.72,mobile
14637,1860,2019-05-28,échouée,297.32,web
14638,5918,2025-06-13,livrée,641.24,mobile
14639,1475,2019-09-21,expédiée,840.7,mobile
14640,1231,2020-04-06,échouée,553.31,web
14641,1839,2022-06-26,expédiée,1915.4,mobile
14642,4646,2020-12-06,livrée,656.97,mobile
14643,2202,2020-05-21,en cours,105.11,web
14644,678,2022-04-04,livrée,398.89,web
14645,4876,2025-01-21,livrée,1579.48,web
14646,5060,2020-05-07,échouée,172.01,mobile
14647,2943,2025-02-06,expédiée,1234.42,web
14648,1792,2023-10-21,échouée,22.49,web
14649,1774,2024-12-19,en cours,230.35,web
14650,1889,2019-02-23,livrée,938.77,web
14651,5401,2019-06-19,en cours,785.03,web
14652,2963,2019-05-09,expédiée,977.61,mobile
14653,680,2025-09-26,livrée,592.16,web
14654,4422,2024-11-16,livrée,917.83,web
14655,2265,2024-02-05,échouée,1354.71,web
14656,2915,2025-07-27,en cours,1040.35,web
14657,1134,2024-05-10,en cours,122.47,mobile
14658,2987,2023-06-17,échouée,1808.59,web
14659,4581,2025-01-22,échouée,942.11,web
14660,5527,2020-06-13,en cours,1388.41,web
14661,3683,2025-08-17,en cours,177.81,mobile
14662,2942,2022-07-27,en cours,1482.23,web
14663,2336,2023-10-12,expédiée,171.87,mobile
14664,1600,2019-06-22,échouée,656.97,mobile
14665,1890,2019-08-25,expédiée,495.71,mobile
14666,1081,2023-11-03,en cours,170.4,web
14667,2249,2023-03-31,échouée,1915.69,web
14668,4720,2019-12-05,livrée,1841.19,mobile
14669,4464,2022-11-15,livrée,50.3,web
14670,2616,2019-05-03,livrée,889.76,web
14671,967,2020-04-09,échouée,804.42,mobile
14672,1607,2024-04-15,expédiée,456.27,web
14673,1373,2020-01-08,expédiée,770.85,web
14674,4208,2024-07-25,livrée,1754.21,web
14675,1267,2021-11-26,en cours,994.82,web
14676,3561,2019-06-24,livrée,868.28,web
14677,355,2020-01-22,expédiée,462.27,web
14678,4756,2020-01-14,livrée,243.49,web
14679,666,2024-02-11,livrée,1660.98,web
14680,4815,2021-12-24,expédiée,198.15,mobile
14681,2569,2023-12-20,livrée,1157.0,mobile
14682,1503,2024-10-20,livrée,1603.19,mobile
14683,5741,2023-10-15,livrée,1967.04,web
14684,5308,2021-01-21,livrée,1582.28,web
14685,2519,2024-04-25,expédiée,74.05,mobile
14686,3664,2025-04-12,en cours,887.05,mobile
14687,1689,2022-01-10,livrée,103.14,web
14688,706,2019-12-16,expédiée,145.89,web
14689,4371,2025-11-04,livrée,1521.46,mobile
14690,4629,2023-09-03,échouée,1305.63,mobile
14691,4042,2019-08-24,livrée,489.81,mobile
14692,4636,2025-02-08,en cours,907.12,mobile
14693,5615,2023-08-20,échouée,698.2,web
14694,1280,2025-03-05,expédiée,933.14,web
14695,4157,2020-06-03,échouée,42.37,web
14696,1767,2021-04-06,livrée,536.13,mobile
14697,3212,2019-12-08,en cours,1694.25,mobile
14698,1372,2025-05-27,en cours,286.88,mobile
14699,3899,2024-04-20,livrée,1394.26,mobile
14700,323,2020-10-12,en cours,1787.92,mobile
14701,186,2019-03-13,livrée,1877.28,web
14702,3984,2024-01-18,en cours,1103.31,web
14703,2434,2025-09-02,livrée,419.0,web
14704,5999,2024-11-07,en cours,167.26,web
14705,1751,2020-07-08,expédiée,1246.04,web
14706,2684,2023-05-06,expédiée,90.07,web
14707,5828,2019-06-26,expédiée,513.23,web
14708,1936,2024-03-16,échouée,308.56,web
14709,5113,2024-10-16,expédiée,256.2,web
14710,440,2022-05-19,livrée,1229.3,web
14711,1144,2020-08-25,expédiée,1467.75,web
14712,1965,2025-09-22,expédiée,1286.29,web
14713,3695,2019-10-15,expédiée,535.79,mobile
14714,4720,2025-02-27,en cours,209.48,web
14715,4248,2019-05-09,expédiée,82.29,web
14716,261,2024-03-29,expédiée,1927.18,web
14717,4998,2020-02-10,échouée,209.99,web
14718,1185,2019-04-14,échouée,477.26,web
14719,2926,2022-05-29,livrée,1606.8,web
14720,2615,2025-02-05,expédiée,1961.08,mobile
14721,1362,2021-04-15,livrée,885.35,web
14722,5969,2021-05-12,expédiée,1054.6,web
14723,1890,2019-10-16,livrée,1683.35,mobile
14724,3405,2019-06-13,échouée,835.05,web
14725,3024,2025-08-15,échouée,1620.82,mobile
14726,2552,2025-12-18,échouée,592.24,mobile
14727,4557,2020-01-12,échouée,1374.9,mobile
14728,3897,2023-03-06,échouée,94.04,mobile
14729,552,2022-12-21,échouée,623.7,mobile
14730,5414,2023-05-07,expédiée,444.02,web
14731,3381,2022-04-08,livrée,738.84,mobile
14732,1248,2022-08-08,échouée,1013.39,mobile
14733,2336,2021-12-09,livrée,1060.31,web
14734,3848,2025-02-24,livrée,1942.79,web
14735,2583,2024-12-27,livrée,183.71,mobile
14736,5541,2022-03-11,en cours,1197.5,web
14737,4073,2023-11-17,échouée,228.48,web
14738,2027,2024-02-03,livrée,1733.84,web
14739,4985,2021-11-10,expédiée,1280.23,mobile
14740,2462,2021-03-12,expédiée,1132.83,web
14741,1773,2022-04-06,expédiée,1854.94,mobile
14742,3797,2021-07-02,en cours,905.96,web
14743,3831,2020-07-19,livrée,406.11,mobile
14744,566,2024-12-12,échouée,1067.67,mobile
14745,1366,2025-06-27,livrée,345.56,web
14746,5763,2023-08-18,expédiée,963.04,mobile
14747,3335,2020-07-18,en cours,1638.81,mobile
14748,5420,2022-10-11,livrée,702.4,mobile
14749,5311,2024-08-25,échouée,1639.61,web
14750,5644,2022-04-07,livrée,673.23,web
14751,4239,2023-01-08,expédiée,1073.85,mobile
14752,4340,2025-02-28,livrée,698.26,mobile
14753,5668,2024-12-01,expédiée,1047.07,web
14754,2880,2022-05-15,en cours,1683.44,mobile
14755,4707,2025-05-01,expédiée,1404.72,mobile
14756,1482,2020-05-08,expédiée,1312.07,web
14757,5896,2023-02-06,livrée,446.42,web
14758,5107,2022-07-27,en cours,1733.95,web
14759,3000,2019-04-18,livrée,794.49,mobile
14760,4268,2022-11-18,échouée,261.03,web
14761,1948,2020-12-04,livrée,426.31,mobile
14762,3880,2022-10-23,en cours,48.99,web
14763,5425,2020-04-28,en cours,556.37,mobile
14764,98,2023-08-27,en cours,1580.76,web
14765,3847,2025-01-12,expédiée,193.4,web
14766,1525,2019-06-23,en cours,440.14,web
14767,1784,2024-03-04,échouée,1742.54,web
14768,119,2025-12-10,expédiée,1719.11,mobile
14769,3752,2025-10-31,expédiée,1233.19,web
14770,885,2021-11-09,expédiée,63.68,web
14771,3036,2019-03-30,expédiée,219.74,web
14772,2018,2022-06-21,expédiée,1626.82,mobile
14773,3627,2022-07-29,en cours,1622.1,mobile
14774,2194,2020-09-02,expédiée,404.74,web
14775,1480,2025-12-14,échouée,399.47,web
14776,2082,2023-09-12,livrée,78.28,web
14777,5527,2023-06-05,échouée,623.07,web
14778,1,2023-04-17,livrée,1505.53,web
14779,3072,2020-02-05,échouée,809.27,mobile
14780,1686,2024-10-15,échouée,467.17,web
14781,3445,2023-12-24,expédiée,82.81,mobile
14782,755,2021-12-20,en cours,818.9,web
14783,4886,2025-05-07,expédiée,1573.9,mobile
14784,3493,2020-11-13,échouée,1171.51,mobile
14785,5923,2025-03-11,en cours,218.47,mobile
14786,5907,2021-12-08,échouée,1708.77,web
14787,4714,2024-09-02,en cours,1814.29,web
14788,2592,2020-11-16,échouée,926.44,web
14789,700,2025-04-30,livrée,1100.26,mobile
14790,3317,2020-06-03,échouée,1540.98,web
14791,5743,2024-08-05,livrée,1182.97,web
14792,1922,2022-06-17,échouée,1425.05,mobile
14793,2307,2025-06-30,livrée,1649.58,mobile
14794,894,2025-02-27,expédiée,604.11,web
14795,1898,2019-09-05,en cours,1126.18,mobile
14796,5617,2024-11-14,expédiée,702.5,web
14797,4661,2022-05-27,livrée,122.26,mobile
14798,4923,2022-06-10,expédiée,446.08,mobile
14799,4494,2023-08-13,livrée,1256.18,mobile
14800,4712,2022-11-23,échouée,812.21,mobile
14801,4969,2021-04-10,en cours,924.41,web
14802,4004,2019-03-10,expédiée,1906.23,mobile
14803,98,2022-04-04,livrée,49.84,web
14804,956,2025-01-01,expédiée,1318.93,web
14805,2325,2021-09-04,en cours,239.41,mobile
14806,2771,2022-03-16,livrée,1529.9,mobile
14807,2283,2019-08-14,expédiée,82.66,mobile
14808,2874,2022-10-27,livrée,1431.14,web
14809,5772,2019-09-09,en cours,1298.36,mobile
14810,669,2023-06-14,échouée,1691.53,mobile
14811,1765,2023-12-11,en cours,953.57,mobile
14812,3219,2025-07-21,livrée,1781.4,web
14813,5789,2024-01-26,livrée,79.96,mobile
14814,5214,2021-01-16,expédiée,234.61,web
14815,1289,2022-09-18,échouée,1183.19,mobile
14816,969,2023-12-22,livrée,1468.86,mobile
14817,2913,2020-09-20,échouée,543.68,web
14818,5273,2021-06-20,livrée,118.23,mobile
14819,5802,2020-08-17,en cours,829.5,web
14820,2270,2023-11-17,livrée,1996.09,web
14821,1083,2022-10-18,expédiée,421.14,web
14822,4175,2025-01-08,livrée,1522.33,web
14823,1498,2024-09-26,expédiée,103.55,web
14824,2206,2024-10-07,en cours,1751.32,mobile
14825,2582,2021-01-08,expédiée,90.03,web
14826,1398,2024-03-10,expédiée,486.5,web
14827,1151,2024-12-11,expédiée,1388.81,mobile
14828,5534,2022-12-05,expédiée,140.24,mobile
14829,1238,2024-05-02,échouée,412.32,mobile
14830,2827,2022-10-28,livrée,522.11,web
14831,481,2022-12-14,expédiée,1757.04,web
14832,4935,2021-12-22,livrée,497.73,mobile
14833,4668,2019-05-14,échouée,1400.31,web
14834,4759,2020-02-06,en cours,143.12,mobile
14835,4098,2025-05-07,échouée,811.45,mobile
14836,2552,2025-05-06,en cours,198.43,web
14837,5216,2020-08-19,en cours,1144.04,mobile
14838,1862,2025-09-21,expédiée,255.31,web
14839,373,2020-06-10,échouée,735.91,web
14840,5941,2023-08-31,expédiée,891.37,web
14841,931,2025-06-01,livrée,1174.45,mobile
14842,5030,2025-05-14,échouée,987.22,web
14843,2749,2024-11-21,échouée,138.92,web
14844,1626,2021-03-14,en cours,439.16,mobile
14845,5810,2024-05-18,en cours,241.14,mobile
14846,4129,2023-02-11,en cours,1787.66,mobile
14847,1268,2019-11-28,échouée,384.9,web
14848,3744,2019-06-04,en cours,1749.74,web
14849,4618,2020-11-12,expédiée,1721.05,mobile
14850,5829,2020-09-13,expédiée,1061.43,web
14851,3139,2022-09-08,livrée,600.51,web
14852,5877,2020-05-21,en cours,1785.18,mobile
14853,2884,2025-06-18,échouée,1531.03,web
14854,1155,2020-10-21,en cours,1885.27,mobile
14855,3631,2025-06-29,en cours,899.6,mobile
14856,195,2025-08-11,échouée,1966.81,mobile
14857,4021,2020-02-01,échouée,1072.21,mobile
14858,4134,2024-01-18,en cours,222.72,web
14859,65,2021-11-27,expédiée,1855.85,mobile
14860,3634,2020-09-13,en cours,1165.69,web
14861,1785,2019-07-04,en cours,1014.5,web
14862,5801,2020-02-16,livrée,427.69,web
14863,1290,2019-10-05,échouée,1625.97,web
14864,3945,2019-08-15,livrée,1029.52,mobile
14865,5324,2021-08-15,échouée,1169.53,mobile
14866,3061,2022-05-29,livrée,653.16,mobile
14867,2259,2025-04-10,livrée,1043.21,mobile
14868,3490,2024-11-04,expédiée,1619.76,mobile
14869,4520,2019-12-27,en cours,1407.31,mobile
14870,3919,2021-03-30,livrée,1499.07,web
14871,1689,2024-12-03,échouée,981.52,web
14872,4580,2020-11-26,en cours,988.42,web
14873,1216,2020-09-09,livrée,508.6,web
14874,5775,2019-10-05,livrée,228.66,web
14875,2527,2024-05-31,expédiée,1882.52,web
14876,118,2021-08-03,expédiée,1725.16,web
14877,571,2025-02-25,expédiée,1943.62,web
14878,2217,2020-05-16,livrée,39.23,web
14879,4108,2022-01-07,livrée,1411.47,mobile
14880,5751,2020-05-30,en cours,1088.5,web
14881,4059,2019-01-27,échouée,1207.61,mobile
14882,5286,2025-01-11,expédiée,1821.87,web
14883,933,2025-09-29,livrée,328.13,mobile
14884,1885,2024-08-30,expédiée,136.32,mobile
14885,1272,2022-07-28,expédiée,1438.47,mobile
14886,1776,2019-12-29,expédiée,1186.11,mobile
14887,2108,2024-10-11,expédiée,83.63,mobile
14888,2640,2025-09-07,livrée,1113.22,mobile
14889,1804,2024-06-13,échouée,1435.85,web
14890,380,2024-06-26,expédiée,452.49,web
14891,5414,2019-12-24,livrée,1829.21,mobile
14892,5517,2020-10-02,livrée,292.54,mobile
14893,4897,2021-08-18,expédiée,758.05,web
14894,1516,2022-12-21,échouée,829.11,web
14895,1509,2023-06-09,livrée,474.12,mobile
14896,5101,2023-04-27,expédiée,1867.57,mobile
14897,3893,2019-07-15,livrée,1136.75,web
14898,2771,2022-11-07,en cours,1405.62,mobile
14899,3905,2020-08-25,livrée,214.31,web
14900,5077,2021-04-12,en cours,1059.16,web
14901,4059,2023-11-11,livrée,728.35,mobile
14902,326,2023-02-28,en cours,485.92,mobile
14903,5111,2020-04-17,échouée,1643.52,mobile
14904,5416,2022-01-10,expédiée,1777.19,mobile
14905,5418,2021-04-28,en cours,1736.58,web
14906,5079,2024-08-11,échouée,1742.89,mobile
14907,203,2019-01-11,échouée,1226.34,web
14908,2860,2024-04-10,échouée,733.33,web
14909,431,2025-11-06,en cours,1354.17,mobile
14910,5502,2021-03-04,expédiée,1610.4,mobile
14911,537,2025-12-09,en cours,140.65,mobile
14912,683,2024-12-06,en cours,913.42,web
14913,1694,2022-03-24,livrée,1031.1,mobile
14914,930,2019-01-14,échouée,704.87,web
14915,2175,2019-08-01,livrée,1598.45,web
14916,4604,2025-04-09,en cours,373.09,web
14917,2731,2024-10-30,expédiée,476.85,web
14918,178,2021-09-22,livrée,748.85,mobile
14919,108,2021-02-27,expédiée,1131.46,web
14920,4874,2019-11-03,échouée,150.03,web
14921,5989,2024-05-28,échouée,1251.09,web
14922,891,2024-05-24,livrée,1844.91,web
14923,4307,2019-10-07,livrée,538.41,web
14924,5801,2020-02-20,échouée,332.41,mobile
14925,2340,2019-03-01,en cours,1222.9,web
14926,1800,2019-01-15,expédiée,706.92,web
14927,2231,2024-01-08,livrée,1874.19,web
14928,5777,2019-07-19,livrée,747.43,web
14929,5440,2025-05-05,échouée,1119.64,mobile
14930,3476,2020-01-31,expédiée,1363.49,web
14931,4293,2023-09-10,livrée,214.0,mobile
14932,2304,2021-08-21,expédiée,1930.33,mobile
14933,3813,2022-01-12,en cours,1485.85,mobile
14934,4428,2022-04-27,livrée,1286.67,web
14935,323,2022-10-18,expédiée,464.2,web
14936,3093,2021-02-11,en cours,1721.23,web
14937,1992,2022-12-03,échouée,809.91,mobile
14938,5011,2021-12-06,expédiée,608.06,web
14939,2747,2022-08-28,échouée,524.34,mobile
14940,3379,2022-12-21,expédiée,1275.8,mobile
14941,3200,2020-10-23,expédiée,1463.8,web
14942,3256,2022-04-18,expédiée,637.83,web
14943,1569,2023-04-26,échouée,965.06,web
14944,3425,2019-04-03,livrée,1086.4,mobile
14945,5855,2022-02-18,livrée,1245.53,web
14946,3989,2021-03-07,échouée,1915.07,mobile
14947,295,2023-07-08,échouée,712.74,mobile
14948,1017,2021-06-04,en cours,841.82,web
14949,2855,2021-08-11,échouée,150.41,mobile
14950,1172,2024-12-12,livrée,1343.06,mobile
14951,4783,2021-05-06,en cours,1804.06,mobile
14952,3580,2019-05-08,expédiée,999.36,web
14953,3112,2023-12-20,livrée,1312.71,mobile
14954,202,2020-07-02,livrée,1696.6,mobile
14955,3794,2025-03-22,en cours,445.3,web
14956,5696,2020-02-13,échouée,943.65,web
14957,4128,2020-05-23,en cours,1658.87,mobile
14958,536,2022-01-24,expédiée,1297.03,mobile
14959,2905,2023-11-04,échouée,486.89,web
14960,4338,2021-03-11,échouée,1400.98,web
14961,2957,2025-06-06,livrée,140.64,mobile
14962,83,2023-05-11,livrée,144.53,mobile
14963,1173,2019-06-15,échouée,830.44,mobile
14964,5203,2024-07-16,livrée,1001.35,mobile
14965,39,2020-04-12,en cours,1415.19,web
14966,2794,2022-01-07,expédiée,1816.04,web
14967,243,2020-09-11,en cours,539.67,mobile
14968,4307,2019-07-30,échouée,456.33,mobile
14969,5473,2025-03-30,échouée,466.19,web
14970,5259,2021-05-17,échouée,1972.67,mobile
14971,4585,2024-02-15,expédiée,280.4,mobile
14972,2677,2022-11-13,échouée,1052.8,mobile
14973,1160,2023-12-27,en cours,1128.7,mobile
14974,3525,2019-05-29,expédiée,278.47,mobile
14975,3750,2021-08-10,échouée,1254.77,mobile
14976,1864,2023-12-20,expédiée,1703.86,mobile
14977,620,2020-05-23,livrée,1283.23,web
14978,2148,2025-09-08,en cours,1351.24,web
14979,4950,2019-12-18,échouée,1886.97,web
14980,3720,2024-10-15,livrée,391.99,web
14981,1184,2022-05-09,livrée,1558.74,web
14982,5458,2021-03-16,en cours,1032.09,web
14983,3503,2023-05-13,expédiée,684.01,mobile
14984,902,2019-07-01,livrée,1088.37,web
14985,422,2025-04-16,livrée,184.68,mobile
14986,2037,2023-08-11,en cours,1049.16,web
14987,5695,2020-01-27,échouée,871.29,web
14988,2401,2022-02-21,livrée,1851.48,mobile
14989,5953,2019-08-13,en cours,304.91,web
14990,5562,2025-03-20,expédiée,458.94,web
14991,5448,2022-03-12,livrée,181.59,mobile
14992,3230,2023-10-08,livrée,1179.63,mobile
14993,4465,2021-01-30,échouée,1947.21,web
14994,1231,2023-06-16,échouée,258.65,web
14995,4643,2022-11-01,expédiée,1251.37,mobile
14996,1209,2025-12-01,échouée,237.47,mobile
14997,4035,2019-02-03,en cours,374.75,mobile
14998,4722,2019-01-06,livrée,1425.23,web
14999,2057,2025-05-12,expédiée,1938.43,mobile
15000,2042,2025-11-11,échouée,1252.84,mobile
