id_livraison,id_commande,date_expedition,date_livraison,statut_livraison,transporteur
1,1,2022-03-29,2022-03-31,livrée,Jacquet Clerc S.A.R.L.
2,2,2022-01-07,2022-01-13,en cours,Coulon S.A.R.L.
3,3,2020-11-23,2020-11-30,livrée,Daniel
4,4,2020-10-10,2020-10-17,en attente,Valette
5,5,2021-04-05,2021-04-12,livrée,Fernandez Gaudin S.A.R.L.
6,6,2025-12-16,2025-12-23,en cours,Charpentier
7,7,2025-09-14,2025-09-21,livrée,Noël Costa SA
8,8,2025-07-09,2025-07-14,en cours,Lesage Gauthier S.A.R.L.
9,9,2019-03-19,2019-03-25,en attente,Charrier S.A.R.L.
10,10,2020-05-21,2020-05-28,livrée,Boulanger
11,11,2024-12-29,2025-01-02,livrée,Boulanger Weiss S.A.S.
12,12,2025-09-19,2025-09-25,en attente,Masson S.A.
13,13,2025-02-20,2025-02-25,en attente,Weiss
14,14,2022-09-21,2022-09-25,livrée,Hubert S.A.R.L.
15,15,2025-02-21,2025-02-28,en cours,Cousin SA
16,16,2022-06-11,2022-06-16,en cours,Sanchez Dufour S.A.
17,17,2023-04-09,2023-04-13,en attente,Verdier Guillot SARL
18,18,2023-04-17,2023-04-18,en cours,Grenier
19,19,2020-01-07,2020-01-14,en cours,Roy SARL
20,20,2022-11-30,2022-12-02,en cours,Merle SARL
21,21,2022-03-22,2022-03-24,en cours,Bourgeois S.A.S.
22,22,2023-12-21,2023-12-26,en attente,Fernandes
23,23,2023-10-07,2023-10-09,livrée,Paris
24,24,2023-10-10,2023-10-12,livrée,Roux SARL
25,25,2022-10-08,2022-10-14,livrée,Roy
26,26,2022-09-07,2022-09-14,livrée,Bonnet
27,27,2024-02-18,2024-02-20,en cours,Buisson SARL
28,28,2021-08-19,2021-08-21,livrée,Gosselin
29,29,2024-09-17,2024-09-24,en attente,Giraud Loiseau S.A.R.L.
30,30,2022-01-29,2022-02-02,en cours,Gillet Legrand S.A.S.
31,31,2024-11-11,2024-11-12,en cours,Lebon
32,32,2021-12-28,2021-12-29,en attente,Guérin
33,33,2020-07-26,2020-07-27,en cours,Duhamel Hervé S.A.S.
34,34,2021-06-23,2021-06-30,en cours,Coulon Lebon SA
35,35,2022-02-26,2022-03-05,livrée,Lesage
36,36,2023-07-02,2023-07-07,en attente,Roche Moreau SARL
37,37,2024-04-02,2024-04-09,en attente,Laroche Lacroix S.A.R.L.
38,38,2025-03-04,2025-03-09,en attente,De Oliveira
39,39,2019-06-17,2019-06-24,livrée,Rousseau
40,40,2020-03-02,2020-03-04,en cours,Barthelemy Vaillant SA
41,41,2021-10-31,2021-11-01,en attente,Fleury S.A.
42,42,2020-09-11,2020-09-18,en cours,Petit S.A.
43,43,2024-02-22,2024-02-24,livrée,Martel Adam et Fils
44,44,2022-04-27,2022-04-29,en cours,Daniel
45,45,2020-02-14,2020-02-19,livrée,Ruiz
46,46,2024-09-07,2024-09-13,en cours,Poirier Clerc S.A.S.
47,47,2022-07-29,2022-08-05,en attente,Lecomte Pascal S.A.S.
48,48,2019-06-08,2019-06-12,en attente,Martineau
49,49,2019-12-24,2019-12-27,en attente,Bodin et Fils
50,50,2020-12-21,2020-12-22,en cours,Ruiz
51,51,2020-06-14,2020-06-16,en cours,Pottier
52,52,2023-04-27,2023-04-29,en cours,Ollivier
53,53,2019-07-19,2019-07-24,livrée,Lopes et Fils
54,54,2022-04-02,2022-04-08,livrée,Lagarde et Fils
55,55,2021-07-28,2021-07-30,livrée,Guillou S.A.R.L.
56,56,2023-07-03,2023-07-06,en cours,Rodriguez S.A.R.L.
57,57,2024-12-28,2024-12-29,livrée,Seguin SARL
58,58,2019-08-31,2019-09-01,livrée,Camus Barre S.A.S.
59,59,2025-02-24,2025-03-01,en cours,Nguyen
60,60,2024-06-21,2024-06-23,livrée,Lopez
61,61,2022-09-12,2022-09-15,livrée,Antoine
62,62,2021-01-08,2021-01-10,en attente,Roussel
63,63,2025-03-18,2025-03-20,en cours,Renaud
64,64,2025-12-17,2025-12-24,livrée,Nicolas SARL
65,65,2019-07-04,2019-07-11,en cours,François Carre et Fils
66,66,2023-07-25,2023-07-28,en cours,Fouquet
67,67,2024-09-08,2024-09-09,livrée,Legros Diaz SA
68,68,2023-07-06,2023-07-13,en attente,Guyon
69,69,2025-05-13,2025-05-15,en cours,Joubert
70,70,2023-10-30,2023-11-04,en cours,Delannoy Gallet S.A.R.L.
71,71,2019-05-13,2019-05-19,en attente,Poulain Schneider S.A.R.L.
72,72,2025-11-16,2025-11-17,en attente,Thierry
73,73,2025-07-02,2025-07-08,en attente,Thomas
74,74,2025-08-21,2025-08-24,en attente,Gros
75,75,2023-01-31,2023-02-05,en cours,Letellier
76,76,2025-03-27,2025-03-30,en cours,Arnaud
77,77,2025-07-08,2025-07-14,en cours,Boucher
78,78,2019-10-18,2019-10-24,livrée,Weiss
79,79,2023-04-26,2023-05-01,en attente,Henry
80,80,2021-04-22,2021-04-24,en attente,Leduc
81,81,2019-09-20,2019-09-26,en attente,Mahe
82,82,2022-02-25,2022-02-26,livrée,Morel
83,83,2019-08-16,2019-08-18,en cours,Joseph
84,84,2020-07-25,2020-07-29,en cours,Mathieu
85,85,2020-05-13,2020-05-16,en attente,Gimenez
86,86,2021-09-28,2021-10-02,en attente,Gillet Morel SA
87,87,2021-01-12,2021-01-17,livrée,Diaz S.A.
88,88,2021-07-07,2021-07-08,livrée,Le Roux SA
89,89,2022-05-22,2022-05-29,en cours,Gallet S.A.S.
90,90,2020-09-26,2020-10-03,en attente,Maillet
91,91,2019-09-14,2019-09-17,en attente,Gallet
92,92,2020-07-23,2020-07-28,en attente,Guichard
93,93,2019-05-16,2019-05-17,en cours,Delahaye SARL
94,94,2020-02-14,2020-02-20,livrée,Blanchet S.A.
95,95,2022-12-13,2022-12-19,livrée,Bailly
96,96,2019-09-07,2019-09-13,en attente,Royer
97,97,2023-02-25,2023-03-04,livrée,Bouvet et Fils
98,98,2024-09-26,2024-10-01,en attente,Vincent et Fils
99,99,2025-06-13,2025-06-17,en attente,Grondin et Fils
100,100,2019-11-29,2019-12-06,en cours,Olivier
101,101,2019-06-10,2019-06-16,en attente,Bodin
102,102,2023-04-22,2023-04-24,en attente,Samson
103,103,2020-10-11,2020-10-15,en cours,Lopes
104,104,2023-09-15,2023-09-21,en attente,Gauthier
105,105,2025-09-19,2025-09-22,en attente,Julien S.A.S.
106,106,2023-05-26,2023-05-29,en attente,Normand Gautier SA
107,107,2022-12-17,2022-12-21,en cours,Pons
108,108,2023-06-28,2023-07-05,en attente,Sauvage S.A.
109,109,2020-12-10,2020-12-12,en attente,Sauvage Ribeiro S.A.S.
110,110,2021-04-07,2021-04-09,en attente,Carre S.A.S.
111,111,2024-02-09,2024-02-10,livrée,Joseph Pages S.A.S.
112,112,2020-04-20,2020-04-21,en attente,Traore et Fils
113,113,2020-11-04,2020-11-10,en attente,Hamon S.A.S.
114,114,2024-05-26,2024-05-29,en attente,Pruvost S.A.R.L.
115,115,2020-02-16,2020-02-18,en cours,Hoarau Chartier S.A.S.
116,116,2021-03-17,2021-03-24,en cours,Robert S.A.
117,117,2025-09-14,2025-09-19,en attente,Camus
118,118,2023-01-22,2023-01-23,en cours,Gosselin SARL
119,119,2024-04-28,2024-05-05,en attente,Boyer Pascal et Fils
120,120,2020-03-28,2020-03-29,livrée,Maury S.A.
121,121,2022-12-23,2022-12-28,livrée,Lacroix
122,122,2025-09-23,2025-09-25,en attente,Letellier S.A.S.
123,123,2023-09-17,2023-09-20,en attente,Teixeira
124,124,2020-11-06,2020-11-10,en attente,Maury SA
125,125,2019-07-07,2019-07-10,livrée,Pelletier S.A.S.
126,126,2019-09-01,2019-09-05,en cours,Delorme
127,127,2021-10-15,2021-10-21,en attente,Launay
128,128,2019-09-04,2019-09-05,en attente,Garnier
129,129,2023-05-24,2023-05-30,en attente,Blot
130,130,2022-07-18,2022-07-20,en cours,Reynaud Weiss et Fils
131,131,2023-11-16,2023-11-20,en attente,Deschamps
132,132,2020-01-11,2020-01-15,en attente,Vaillant
133,133,2019-04-14,2019-04-17,en attente,Michaud et Fils
134,134,2023-06-07,2023-06-14,livrée,Guillet Lombard SA
135,135,2023-11-09,2023-11-10,en attente,Lopes
136,136,2023-08-21,2023-08-25,en attente,Guyot
137,137,2023-04-02,2023-04-09,en cours,Girard
138,138,2024-12-05,2024-12-09,livrée,Bonneau
139,139,2025-01-30,2025-02-01,en cours,Meunier Lucas SA
140,140,2025-07-07,2025-07-11,livrée,Deschamps
141,141,2021-07-30,2021-08-03,en cours,Seguin et Fils
142,142,2019-02-03,2019-02-09,en attente,Fleury
143,143,2025-06-27,2025-07-03,en attente,Raynaud
144,144,2020-09-12,2020-09-17,en attente,Lévêque S.A.
145,145,2019-03-17,2019-03-24,en attente,Michaud Ruiz S.A.
146,146,2023-12-12,2023-12-13,en cours,Joubert S.A.S.
147,147,2024-04-23,2024-04-26,en cours,Neveu
148,148,2024-12-31,2025-01-06,en attente,Richard
149,149,2025-04-18,2025-04-22,en cours,Charrier Marchand SA
150,150,2022-05-26,2022-05-30,livrée,Guyot Launay S.A.R.L.
151,151,2019-05-01,2019-05-03,en cours,Legrand
152,152,2022-06-27,2022-07-01,livrée,Dubois S.A.
153,153,2024-08-01,2024-08-08,en attente,Morvan Perrin S.A.R.L.
154,154,2024-05-23,2024-05-24,en attente,Joly
155,155,2022-07-07,2022-07-12,en cours,Weiss
156,156,2022-08-10,2022-08-12,livrée,Dupré Martin S.A.S.
157,157,2022-07-09,2022-07-11,livrée,Guichard
158,158,2024-10-22,2024-10-27,en attente,Guillou
159,159,2023-06-22,2023-06-26,en attente,Rémy SA
160,160,2022-09-26,2022-10-02,livrée,Martel SA
161,161,2019-11-12,2019-11-16,en cours,Laurent Leroy et Fils
162,162,2025-06-11,2025-06-18,livrée,Benoit Laine SARL
163,163,2021-05-20,2021-05-22,livrée,Clément S.A.R.L.
164,164,2023-08-12,2023-08-16,en attente,Brun SARL
165,165,2020-07-08,2020-07-12,livrée,Masson
166,166,2020-12-16,2020-12-17,en attente,Leclerc S.A.
167,167,2024-07-27,2024-07-28,en attente,Humbert S.A.S.
168,168,2022-03-09,2022-03-11,en cours,Duval Le Goff et Fils
169,169,2022-10-27,2022-11-03,en cours,Baudry SA
170,170,2025-10-28,2025-11-04,livrée,Baudry Brunel S.A.
171,171,2019-08-13,2019-08-20,livrée,Traore et Fils
172,172,2023-04-12,2023-04-15,en cours,Weber
173,173,2020-09-21,2020-09-27,en attente,Costa Bègue S.A.R.L.
174,174,2019-01-15,2019-01-21,livrée,Fabre
175,175,2021-09-03,2021-09-07,en cours,Verdier SA
176,176,2021-10-17,2021-10-22,livrée,Roussel Regnier et Fils
177,177,2019-01-31,2019-02-01,en attente,Bouvet
178,178,2021-07-23,2021-07-27,en attente,Bazin
179,179,2022-05-12,2022-05-15,livrée,Le Gall Schmitt S.A.S.
180,180,2023-03-28,2023-04-03,en cours,Berger
181,181,2025-03-06,2025-03-11,livrée,Traore S.A.
182,182,2021-03-05,2021-03-07,en attente,Ferreira SA
183,183,2022-09-08,2022-09-09,en cours,Dufour et Fils
184,184,2021-01-01,2021-01-04,en attente,Schneider
185,185,2025-11-14,2025-11-16,livrée,Laine SA
186,186,2022-09-14,2022-09-20,en attente,Legrand
187,187,2021-01-16,2021-01-20,livrée,Lefèvre
188,188,2024-03-04,2024-03-10,en attente,Rey S.A.S.
189,189,2023-11-10,2023-11-17,en cours,Poirier Laurent S.A.R.L.
190,190,2019-06-16,2019-06-17,livrée,Gonzalez Collet S.A.R.L.
191,191,2021-07-18,2021-07-23,livrée,Fournier S.A.R.L.
192,192,2022-03-17,2022-03-18,en attente,Blot Masse S.A.R.L.
193,193,2025-05-26,2025-05-29,en cours,Maillot
194,194,2021-03-09,2021-03-14,en cours,Clerc
195,195,2025-06-22,2025-06-26,livrée,Leclercq S.A.S.
196,196,2023-12-10,2023-12-11,en attente,Sauvage S.A.
197,197,2021-05-11,2021-05-14,en attente,Prévost Diallo SARL
198,198,2024-09-28,2024-10-05,en cours,Auger
199,199,2021-12-16,2021-12-17,livrée,Moreno Weber SA
200,200,2025-02-03,2025-02-07,en attente,Dufour
201,201,2023-09-15,2023-09-20,livrée,Maréchal SARL
202,202,2023-06-07,2023-06-08,livrée,Morin Guillot S.A.S.
203,203,2024-07-15,2024-07-17,en cours,Aubert
204,204,2023-09-20,2023-09-24,livrée,Riou
205,205,2021-03-24,2021-03-30,livrée,Perrier et Fils
206,206,2022-05-16,2022-05-21,livrée,Morin
207,207,2024-06-02,2024-06-06,en cours,Lebon
208,208,2025-05-09,2025-05-13,livrée,Garcia
209,209,2022-06-02,2022-06-04,en attente,Allard SA
210,210,2019-01-20,2019-01-26,livrée,Barbe Lombard S.A.R.L.
211,211,2022-01-23,2022-01-24,en attente,Delannoy SARL
212,212,2019-07-21,2019-07-27,en cours,Faivre Camus S.A.S.
213,213,2024-12-29,2024-12-31,en cours,Marie
214,214,2023-10-02,2023-10-08,livrée,Tanguy Chartier SARL
215,215,2024-03-02,2024-03-04,en attente,Descamps
216,216,2023-04-11,2023-04-12,livrée,Bonneau Schneider S.A.
217,217,2022-08-24,2022-08-30,livrée,Vasseur
218,218,2021-11-09,2021-11-11,en cours,Turpin S.A.
219,219,2023-10-12,2023-10-19,livrée,Gomez
220,220,2022-03-09,2022-03-13,en attente,Laurent
221,221,2025-09-02,2025-09-04,livrée,Boulay
222,222,2019-03-02,2019-03-05,en attente,Faivre SA
223,223,2021-02-18,2021-02-20,livrée,Perrot SARL
224,224,2019-10-20,2019-10-25,en cours,Seguin SARL
225,225,2024-08-07,2024-08-09,livrée,Jean SA
226,226,2024-06-07,2024-06-13,en attente,Da Costa SA
227,227,2022-03-26,2022-04-01,livrée,Durand
228,228,2024-11-21,2024-11-26,en attente,Gaudin S.A.S.
229,229,2024-12-12,2024-12-16,en attente,Meyer
230,230,2021-03-15,2021-03-17,en cours,Pereira
231,231,2024-06-09,2024-06-13,livrée,Ferrand
232,232,2020-07-24,2020-07-30,en attente,Jacquot Guillot SARL
233,233,2025-05-19,2025-05-20,en attente,Martineau
234,234,2024-06-19,2024-06-22,livrée,Rousseau
235,235,2025-09-12,2025-09-18,en attente,Julien S.A.
236,236,2023-02-27,2023-03-01,livrée,Riou SARL
237,237,2019-04-07,2019-04-14,en cours,Rousset
238,238,2019-06-20,2019-06-22,en attente,Lelièvre Charrier et Fils
239,239,2023-12-04,2023-12-09,en attente,Fleury Mary SARL
240,240,2019-09-05,2019-09-12,en attente,Ferrand
241,241,2022-04-08,2022-04-12,en attente,Arnaud
242,242,2021-11-20,2021-11-25,en cours,Boyer
243,243,2022-02-26,2022-03-03,livrée,Gilbert
244,244,2024-05-06,2024-05-13,en cours,Fontaine
245,245,2021-09-21,2021-09-22,en cours,Andre SARL
246,246,2021-11-07,2021-11-10,livrée,Briand S.A.R.L.
247,247,2024-01-16,2024-01-18,livrée,Berger Potier SARL
248,248,2021-01-12,2021-01-17,en cours,Germain Briand S.A.
249,249,2023-02-27,2023-03-01,en cours,Raynaud
250,250,2021-01-27,2021-01-28,livrée,Teixeira Picard SARL
251,251,2025-11-21,2025-11-24,en cours,Techer Perrot SARL
252,252,2022-07-13,2022-07-20,livrée,Hardy Picard S.A.
253,253,2019-04-04,2019-04-07,en attente,Bonnet
254,254,2023-05-21,2023-05-22,en cours,Barbier SARL
255,255,2020-09-21,2020-09-23,livrée,Pottier Lucas et Fils
256,256,2025-05-21,2025-05-25,en attente,Mary
257,257,2019-01-09,2019-01-14,en attente,Andre Guilbert S.A.R.L.
258,258,2021-05-07,2021-05-10,en attente,Roche Albert S.A.S.
259,259,2020-05-26,2020-05-30,livrée,Pelletier Lecoq S.A.R.L.
260,260,2024-12-03,2024-12-07,en attente,Fernandes Andre et Fils
261,261,2019-01-26,2019-02-01,en attente,Lefebvre Masson S.A.
262,262,2023-06-26,2023-07-01,en cours,Rousseau et Fils
263,263,2022-01-13,2022-01-14,en attente,Normand S.A.R.L.
264,264,2022-03-27,2022-04-01,en attente,Jourdan
265,265,2024-02-17,2024-02-22,en cours,Vidal et Fils
266,266,2023-01-29,2023-02-04,livrée,Gallet
267,267,2023-04-05,2023-04-12,en cours,Legros
268,268,2020-09-05,2020-09-10,en attente,Costa
269,269,2024-02-03,2024-02-05,en attente,Dupont
270,270,2022-09-17,2022-09-22,en cours,Charrier
271,271,2021-12-16,2021-12-21,en attente,Morvan S.A.
272,272,2025-03-09,2025-03-12,livrée,Rémy Dijoux et Fils
273,273,2021-12-31,2022-01-03,en attente,Maillard
274,274,2021-02-10,2021-02-17,en attente,Dupuis
275,275,2021-02-13,2021-02-19,en attente,Vincent SA
276,276,2024-09-02,2024-09-08,en attente,Riou Bernard S.A.R.L.
277,277,2025-06-01,2025-06-04,livrée,Colin Fournier SA
278,278,2024-01-13,2024-01-20,en attente,Maurice Laporte et Fils
279,279,2020-08-26,2020-08-29,livrée,Normand
280,280,2019-06-14,2019-06-19,en attente,Laine
281,281,2022-10-30,2022-11-02,livrée,Legendre
282,282,2019-04-04,2019-04-11,livrée,Maurice S.A.
283,283,2024-06-08,2024-06-15,livrée,Leclercq
284,284,2019-03-21,2019-03-22,livrée,Maillet
285,285,2023-01-01,2023-01-02,en attente,Maillet Barbier SA
286,286,2019-10-09,2019-10-13,en attente,Grondin
287,287,2020-06-24,2020-06-28,en attente,Schmitt
288,288,2022-03-06,2022-03-11,en attente,Menard
289,289,2025-05-13,2025-05-17,en cours,Clément
290,290,2025-05-30,2025-06-04,en cours,Hubert Dijoux S.A.S.
291,291,2025-05-12,2025-05-13,en attente,Rocher Clément S.A.S.
292,292,2024-11-12,2024-11-18,en cours,Rousset Rodriguez et Fils
293,293,2022-05-23,2022-05-28,livrée,Bailly et Fils
294,294,2020-09-06,2020-09-13,en cours,Martineau
295,295,2022-09-28,2022-09-30,en cours,Meyer
296,296,2023-10-07,2023-10-13,en cours,Pichon
297,297,2024-05-04,2024-05-06,livrée,Guilbert SA
298,298,2023-04-24,2023-05-01,en cours,Leroy SA
299,299,2019-05-30,2019-06-02,en attente,Tanguy
300,300,2020-08-12,2020-08-13,en cours,Marty SARL
301,301,2021-11-12,2021-11-15,livrée,Bonneau De Oliveira S.A.S.
302,302,2022-04-17,2022-04-21,en attente,Salmon SARL
303,303,2021-07-17,2021-07-24,en attente,Dupré Dupuy SA
304,304,2023-10-03,2023-10-07,en attente,Duhamel
305,305,2022-06-24,2022-06-25,en attente,Sanchez S.A.S.
306,306,2023-11-11,2023-11-13,en attente,Antoine Carpentier SA
307,307,2020-08-24,2020-08-26,livrée,Paris
308,308,2025-06-25,2025-07-02,en attente,Pineau S.A.
309,309,2024-12-25,2025-01-01,en attente,Bonnin Pereira SARL
310,310,2022-08-10,2022-08-16,livrée,Perrier
311,311,2021-09-13,2021-09-17,en cours,Leduc Duhamel SARL
312,312,2022-09-18,2022-09-19,en attente,Gaudin S.A.R.L.
313,313,2025-11-21,2025-11-24,livrée,Rossi
314,314,2021-12-16,2021-12-23,livrée,Didier
315,315,2019-03-27,2019-04-01,en cours,Ferrand
316,316,2022-02-11,2022-02-14,en attente,Bouchet
317,317,2025-07-06,2025-07-11,en cours,Fabre S.A.S.
318,318,2024-12-12,2024-12-16,en cours,Brunet
319,319,2022-07-10,2022-07-11,en attente,Riou
320,320,2019-01-25,2019-01-26,en cours,Delattre
321,321,2020-11-25,2020-12-01,en attente,Gilles S.A.
322,322,2020-11-23,2020-11-30,livrée,Labbé
323,323,2024-01-01,2024-01-03,en attente,Rousseau Dias S.A.
324,324,2025-01-26,2025-02-01,en cours,David et Fils
325,325,2019-10-20,2019-10-22,livrée,Guérin SA
326,326,2021-09-07,2021-09-14,livrée,François
327,327,2025-09-19,2025-09-26,en cours,Ferrand et Fils
328,328,2024-04-11,2024-04-13,livrée,Mallet
329,329,2021-12-18,2021-12-22,en cours,Grenier Parent SA
330,330,2020-07-27,2020-08-02,livrée,Rolland
331,331,2022-08-23,2022-08-24,en cours,Huet SA
332,332,2025-03-13,2025-03-15,livrée,Hoarau Moreau SA
333,333,2025-03-12,2025-03-14,livrée,Reynaud
334,334,2025-02-05,2025-02-06,en attente,Schmitt
335,335,2024-01-11,2024-01-15,en cours,Martineau
336,336,2024-04-28,2024-05-02,en cours,Pascal et Fils
337,337,2021-09-26,2021-10-01,en cours,Fleury Nguyen et Fils
338,338,2022-02-23,2022-02-26,en cours,Wagner
339,339,2021-05-10,2021-05-17,livrée,Mathieu
340,340,2024-06-28,2024-07-04,livrée,Roussel
341,341,2021-02-12,2021-02-13,livrée,Lévy
342,342,2019-06-08,2019-06-11,en cours,Courtois Hardy S.A.R.L.
343,343,2024-08-14,2024-08-15,en cours,Gallet Vallet S.A.S.
344,344,2022-07-02,2022-07-06,en attente,Picard
345,345,2019-01-27,2019-01-29,en cours,Hubert
346,346,2019-03-27,2019-04-03,en cours,Huet
347,347,2023-02-24,2023-02-27,en attente,Perrin et Fils
348,348,2023-07-05,2023-07-07,livrée,Costa
349,349,2022-07-24,2022-07-30,livrée,Martineau S.A.
350,350,2021-03-18,2021-03-22,livrée,Godard Vasseur SA
351,351,2021-08-27,2021-09-02,en attente,Hernandez
352,352,2020-04-27,2020-04-29,en attente,Louis
353,353,2020-03-04,2020-03-06,livrée,Laporte S.A.R.L.
354,354,2023-08-13,2023-08-20,en attente,Rolland Charles SA
355,355,2025-10-12,2025-10-18,livrée,Roux Blin S.A.R.L.
356,356,2023-04-02,2023-04-07,en attente,Masse SARL
357,357,2022-06-22,2022-06-26,en cours,Paul
358,358,2022-05-27,2022-06-03,livrée,Benoit
359,359,2019-04-03,2019-04-04,en cours,Pruvost
360,360,2023-07-06,2023-07-12,en cours,Besson Mendès S.A.R.L.
361,361,2025-10-24,2025-10-26,en cours,Prévost S.A.R.L.
362,362,2024-07-18,2024-07-20,en attente,Peltier
363,363,2022-10-06,2022-10-09,livrée,Martinez Schmitt et Fils
364,364,2022-11-27,2022-11-29,en cours,François Courtois SARL
365,365,2023-12-09,2023-12-10,livrée,Raymond
366,366,2023-06-22,2023-06-26,livrée,Rodrigues
367,367,2021-05-17,2021-05-21,livrée,Jacob
368,368,2022-10-17,2022-10-23,livrée,Torres Torres S.A.
369,369,2025-02-14,2025-02-18,en cours,Gauthier
370,370,2019-10-15,2019-10-16,en cours,Meunier
371,371,2022-12-08,2022-12-10,en cours,Guillet Perret S.A.S.
372,372,2022-06-26,2022-06-29,livrée,Joly
373,373,2021-01-11,2021-01-13,livrée,Barthelemy
374,374,2023-07-18,2023-07-19,en cours,Hubert S.A.S.
375,375,2023-01-08,2023-01-11,en attente,Philippe Evrard SA
376,376,2019-11-09,2019-11-16,en cours,Faivre Guyon et Fils
377,377,2021-11-24,2021-12-01,en cours,Adam
378,378,2021-08-07,2021-08-13,en cours,Perret
379,379,2024-04-20,2024-04-26,en attente,Louis Laine S.A.R.L.
380,380,2023-01-31,2023-02-01,en attente,Coste
381,381,2021-12-14,2021-12-17,en attente,Camus SARL
382,382,2020-09-05,2020-09-07,en cours,Étienne et Fils
383,383,2020-04-21,2020-04-26,en cours,Diallo Bernier et Fils
384,384,2020-12-29,2021-01-05,livrée,Hamon Martin S.A.R.L.
385,385,2020-12-24,2020-12-25,en cours,Gimenez
386,386,2025-04-09,2025-04-16,livrée,Jacques SARL
387,387,2020-03-18,2020-03-24,en cours,Devaux
388,388,2022-11-05,2022-11-09,en attente,Chrétien Leleu et Fils
389,389,2019-10-20,2019-10-27,en attente,Dumas et Fils
390,390,2020-05-03,2020-05-09,en cours,Verdier
391,391,2022-04-10,2022-04-11,livrée,Baudry Jacques SA
392,392,2025-01-31,2025-02-01,livrée,Merle SARL
393,393,2022-05-26,2022-06-01,en cours,Hernandez et Fils
394,394,2019-04-18,2019-04-19,livrée,Michaud
395,395,2020-03-03,2020-03-08,en cours,Raynaud
396,396,2024-09-12,2024-09-16,en cours,Gomes S.A.
397,397,2024-08-22,2024-08-23,en attente,Joly Morel S.A.R.L.
398,398,2022-06-25,2022-06-28,en attente,Martin S.A.R.L.
399,399,2024-03-17,2024-03-18,en cours,Pages
400,400,2020-01-27,2020-02-02,livrée,Mary S.A.S.
401,401,2023-02-04,2023-02-08,en cours,Royer Raynaud SARL
402,402,2020-10-31,2020-11-06,livrée,Dupont Gautier S.A.
403,403,2020-07-29,2020-07-30,en attente,Gautier
404,404,2020-04-25,2020-04-30,en attente,Dufour SA
405,405,2019-11-13,2019-11-18,en cours,Thomas Dupuy S.A.R.L.
406,406,2022-04-14,2022-04-20,en cours,Tessier S.A.
407,407,2022-09-24,2022-09-25,en cours,Gautier
408,408,2020-02-12,2020-02-15,livrée,Seguin
409,409,2020-09-17,2020-09-18,en attente,Raynaud S.A.
410,410,2020-04-04,2020-04-11,en cours,Ramos
411,411,2024-04-01,2024-04-05,en attente,Godard
412,412,2021-07-30,2021-08-06,en attente,Martel Lelièvre S.A.S.
413,413,2022-06-04,2022-06-06,livrée,Besson S.A.
414,414,2024-04-19,2024-04-22,livrée,Faure
415,415,2023-06-06,2023-06-13,en cours,Martins
416,416,2019-04-20,2019-04-26,livrée,Delmas
417,417,2024-09-06,2024-09-07,en attente,Pichon
418,418,2024-09-03,2024-09-10,livrée,Camus Adam S.A.S.
419,419,2020-02-06,2020-02-10,en attente,Gros
420,420,2019-07-16,2019-07-19,en attente,Delannoy
421,421,2019-05-28,2019-05-31,en attente,Boutin Tanguy et Fils
422,422,2025-03-11,2025-03-15,en attente,Guérin Renaud S.A.S.
423,423,2025-06-27,2025-07-02,en cours,Boucher
424,424,2024-07-15,2024-07-21,livrée,Brunet Richard S.A.
425,425,2020-04-25,2020-05-01,en attente,Pons Maurice et Fils
426,426,2021-08-09,2021-08-13,en attente,Hebert
427,427,2023-05-07,2023-05-11,en cours,Robert Garcia et Fils
428,428,2022-02-07,2022-02-14,en cours,Perrin
429,429,2020-04-30,2020-05-01,en attente,Gilbert S.A.R.L.
430,430,2020-07-19,2020-07-22,en cours,Coulon S.A.S.
431,431,2021-04-05,2021-04-10,en attente,Turpin et Fils
432,432,2024-05-03,2024-05-09,en cours,Traore
433,433,2024-04-08,2024-04-09,livrée,Georges
434,434,2020-01-18,2020-01-21,en attente,Lefort Mace SA
435,435,2024-02-22,2024-02-24,livrée,Lévy Tessier S.A.R.L.
436,436,2025-02-23,2025-02-28,en attente,De Sousa
437,437,2020-09-30,2020-10-06,en cours,Monnier S.A.S.
438,438,2024-06-13,2024-06-14,livrée,Lebreton et Fils
439,439,2022-11-14,2022-11-20,livrée,Georges
440,440,2024-10-15,2024-10-22,en attente,Gomez
441,441,2022-09-02,2022-09-04,en cours,Leroy
442,442,2022-10-17,2022-10-18,livrée,Bègue
443,443,2025-12-27,2025-12-28,en attente,Dijoux
444,444,2024-11-03,2024-11-06,en attente,Imbert Gomes SA
445,445,2020-04-07,2020-04-12,livrée,Chevallier Perret S.A.R.L.
446,446,2021-07-23,2021-07-25,livrée,Lemonnier Lelièvre SARL
447,447,2019-07-05,2019-07-06,en attente,Lévy
448,448,2024-08-07,2024-08-08,en attente,Roger Étienne S.A.S.
449,449,2025-08-17,2025-08-19,livrée,Evrard S.A.S.
450,450,2020-11-08,2020-11-09,en attente,Bernier S.A.
451,451,2023-06-02,2023-06-05,en cours,Blanc et Fils
452,452,2025-02-21,2025-02-22,en cours,Pereira Sauvage S.A.
453,453,2019-04-03,2019-04-09,en attente,Bonnet Rolland S.A.S.
454,454,2022-12-23,2022-12-27,livrée,Chevalier Chrétien S.A.
455,455,2024-06-20,2024-06-26,en attente,Bouchet Gomez et Fils
456,456,2023-12-13,2023-12-19,livrée,Dos Santos Barthelemy SARL
457,457,2024-01-10,2024-01-16,livrée,Jourdan
458,458,2020-04-06,2020-04-13,livrée,Lacombe Dumas S.A.S.
459,459,2022-08-18,2022-08-19,en attente,Lesage S.A.S.
460,460,2021-08-11,2021-08-15,en cours,Allard
461,461,2021-06-30,2021-07-04,livrée,Dupont Grégoire S.A.R.L.
462,462,2025-03-10,2025-03-12,en cours,Mace
463,463,2019-05-25,2019-06-01,en cours,Bousquet
464,464,2019-03-20,2019-03-24,livrée,Boyer
465,465,2020-10-09,2020-10-10,livrée,Besnard
466,466,2021-03-09,2021-03-16,en attente,Pires
467,467,2023-06-16,2023-06-19,en cours,Daniel
468,468,2020-07-08,2020-07-09,livrée,Maillard Roger SA
469,469,2024-05-09,2024-05-14,en cours,Barbier
470,470,2024-05-01,2024-05-08,en cours,Gaudin S.A.
471,471,2019-12-18,2019-12-25,en cours,Lacroix Pereira et Fils
472,472,2024-10-29,2024-11-02,en attente,Delattre Clément S.A.
473,473,2019-01-04,2019-01-10,livrée,Arnaud
474,474,2019-05-23,2019-05-26,en cours,De Sousa
475,475,2022-05-31,2022-06-01,en attente,Vaillant
476,476,2020-11-15,2020-11-22,en attente,Leconte
477,477,2022-02-24,2022-03-02,livrée,Baudry
478,478,2021-11-26,2021-11-27,livrée,Maillard
479,479,2025-04-08,2025-04-14,en attente,Dumont
480,480,2025-03-19,2025-03-22,livrée,Brunet
481,481,2020-04-21,2020-04-24,en cours,Seguin SA
482,482,2024-04-14,2024-04-15,en cours,Lucas Vallée SA
483,483,2023-02-17,2023-02-23,en attente,Bernier
484,484,2019-03-23,2019-03-25,en cours,Techer Coulon SA
485,485,2020-08-13,2020-08-15,en cours,Poirier Faivre S.A.R.L.
486,486,2023-10-28,2023-10-30,en attente,Weber Lévy S.A.
487,487,2020-09-20,2020-09-26,en attente,Clément SA
488,488,2025-02-15,2025-02-16,en attente,Simon S.A.
489,489,2021-10-18,2021-10-22,en cours,Guillon
490,490,2019-04-14,2019-04-17,en attente,Léger
491,491,2019-09-20,2019-09-27,en cours,Barbier SARL
492,492,2025-07-05,2025-07-12,en cours,Langlois
493,493,2025-09-04,2025-09-05,livrée,Meyer Raymond SARL
494,494,2020-09-28,2020-10-01,en cours,Pierre Paul SA
495,495,2019-01-14,2019-01-15,livrée,Valette
496,496,2023-09-10,2023-09-11,en attente,Grégoire SA
497,497,2023-03-02,2023-03-07,en cours,Toussaint
498,498,2024-10-25,2024-10-26,en cours,Godard
499,499,2021-12-16,2021-12-20,livrée,Bousquet
500,500,2025-10-27,2025-10-28,livrée,Dias
501,501,2020-06-17,2020-06-23,livrée,Robert
502,502,2019-03-22,2019-03-25,en cours,Gosselin S.A.
503,503,2022-04-18,2022-04-19,en cours,Joseph SARL
504,504,2025-06-23,2025-06-27,en cours,Lebon
505,505,2023-03-13,2023-03-14,livrée,Moreau
506,506,2022-05-19,2022-05-26,en attente,Imbert Paris SARL
507,507,2025-09-22,2025-09-27,en cours,Boyer Adam et Fils
508,508,2021-03-31,2021-04-01,livrée,Dos Santos
509,509,2023-10-15,2023-10-21,en attente,Delahaye Pruvost et Fils
510,510,2020-12-07,2020-12-10,livrée,Bouvet
511,511,2021-10-27,2021-10-28,livrée,Carlier Dupuis S.A.R.L.
512,512,2023-05-30,2023-06-06,en cours,Gilles
513,513,2024-10-17,2024-10-20,en attente,Gauthier S.A.S.
514,514,2024-06-01,2024-06-07,en attente,Verdier
515,515,2022-10-11,2022-10-14,livrée,Hubert
516,516,2020-03-10,2020-03-16,livrée,Prévost
517,517,2025-02-06,2025-02-07,livrée,Raymond
518,518,2025-05-30,2025-06-06,en attente,Colin
519,519,2022-11-24,2022-11-28,en attente,Lecomte et Fils
520,520,2019-08-08,2019-08-10,en attente,Lecomte
521,521,2022-11-04,2022-11-07,livrée,Regnier
522,522,2020-07-30,2020-08-04,livrée,Guyon
523,523,2021-07-07,2021-07-13,en cours,Pinto Legendre S.A.S.
524,524,2024-11-26,2024-11-29,livrée,Bruneau Huet S.A.R.L.
525,525,2019-11-23,2019-11-24,en cours,Hernandez
526,526,2020-01-27,2020-01-28,en cours,Loiseau S.A.R.L.
527,527,2025-01-01,2025-01-04,en attente,Lombard Clément S.A.R.L.
528,528,2024-10-05,2024-10-07,en attente,Hebert
529,529,2021-08-08,2021-08-14,en cours,Caron
530,530,2020-10-25,2020-10-26,en cours,Masse Leroy S.A.S.
531,531,2019-06-28,2019-06-29,en cours,Schmitt S.A.S.
532,532,2024-08-03,2024-08-08,livrée,Lopez
533,533,2019-10-19,2019-10-21,en attente,Petitjean
534,534,2022-09-16,2022-09-21,livrée,Fischer Gauthier SA
535,535,2024-11-13,2024-11-19,livrée,Martins
536,536,2020-12-28,2021-01-02,en attente,Diaz
537,537,2025-05-20,2025-05-21,livrée,Colin
538,538,2019-12-04,2019-12-05,en cours,Mendès SA
539,539,2022-07-09,2022-07-10,en attente,Pasquier
540,540,2024-03-01,2024-03-02,en cours,Fontaine Wagner SA
541,541,2023-04-13,2023-04-20,livrée,Raynaud
542,542,2022-11-07,2022-11-10,en attente,Alexandre
543,543,2021-08-14,2021-08-17,livrée,Lagarde
544,544,2023-08-19,2023-08-24,en cours,Maillot et Fils
545,545,2024-05-24,2024-05-29,en cours,Besnard
546,546,2019-11-15,2019-11-19,en attente,Coste
547,547,2020-09-05,2020-09-07,en cours,Joubert
548,548,2022-01-24,2022-01-31,en cours,Petitjean
549,549,2019-03-11,2019-03-16,en cours,Gaudin Gosselin S.A.
550,550,2019-11-17,2019-11-19,en attente,Bouvet SARL
551,551,2022-09-18,2022-09-21,livrée,Guibert Chevalier et Fils
552,552,2022-03-16,2022-03-19,en cours,Guillon
553,553,2020-08-01,2020-08-03,en cours,Laine
554,554,2025-10-11,2025-10-16,en cours,Legendre S.A.
555,555,2022-07-05,2022-07-07,livrée,Mary
556,556,2025-02-21,2025-02-27,livrée,Pierre S.A.S.
557,557,2022-12-19,2022-12-20,livrée,Delannoy Nicolas SA
558,558,2022-02-24,2022-03-02,en cours,Mathieu S.A.
559,559,2022-07-11,2022-07-13,livrée,Leleu Simon S.A.R.L.
560,560,2022-09-14,2022-09-20,en cours,Masse
561,561,2020-01-24,2020-01-25,en attente,Peron S.A.
562,562,2024-08-14,2024-08-16,en cours,Briand Caron S.A.R.L.
563,563,2019-01-30,2019-02-05,en attente,Mary Mercier S.A.S.
564,564,2019-08-23,2019-08-27,en cours,Masse
565,565,2019-08-19,2019-08-24,en attente,Courtois
566,566,2021-08-03,2021-08-10,en cours,Nguyen
567,567,2025-09-20,2025-09-25,en cours,Robin
568,568,2024-01-10,2024-01-12,livrée,Weber
569,569,2024-09-07,2024-09-11,en attente,Bouchet Giraud SARL
570,570,2021-07-14,2021-07-21,en attente,Lemonnier
571,571,2021-06-09,2021-06-11,en attente,Colas SA
572,572,2024-05-16,2024-05-23,livrée,Weiss S.A.S.
573,573,2023-09-14,2023-09-20,en attente,Germain
574,574,2025-05-23,2025-05-27,livrée,Guyot
575,575,2023-10-25,2023-10-26,livrée,Gilbert SA
576,576,2024-11-02,2024-11-03,livrée,Benoit S.A.R.L.
577,577,2021-11-18,2021-11-24,livrée,Dupuy Dupré SARL
578,578,2022-09-03,2022-09-06,livrée,Perrin S.A.S.
579,579,2022-04-24,2022-04-26,en cours,Voisin
580,580,2024-02-06,2024-02-08,en attente,Didier SA
581,581,2020-01-15,2020-01-22,livrée,Chartier
582,582,2021-04-13,2021-04-19,en attente,Thierry
583,583,2022-12-18,2022-12-20,en cours,Hamel Lemoine S.A.
584,584,2021-03-17,2021-03-23,livrée,Julien et Fils
585,585,2021-10-22,2021-10-23,livrée,Nicolas
586,586,2019-09-15,2019-09-22,en cours,Lebon
587,587,2019-04-07,2019-04-10,en attente,Verdier SARL
588,588,2019-06-13,2019-06-19,livrée,Dias
589,589,2023-02-09,2023-02-14,livrée,Faivre S.A.S.
590,590,2025-10-11,2025-10-18,livrée,Bousquet
591,591,2023-02-18,2023-02-21,en cours,Marchand
592,592,2020-05-21,2020-05-23,en attente,Mace Pons et Fils
593,593,2023-03-22,2023-03-24,livrée,Ollivier SARL
594,594,2021-01-11,2021-01-18,en cours,Georges
595,595,2020-01-15,2020-01-16,en attente,Hamon
596,596,2022-08-28,2022-09-02,livrée,Sanchez
597,597,2021-04-17,2021-04-20,livrée,Mallet
598,598,2021-11-30,2021-12-05,livrée,Munoz
599,599,2023-09-22,2023-09-24,en cours,Paul
600,600,2025-08-25,2025-08-27,en cours,Normand
601,601,2021-10-18,2021-10-25,en attente,Lemaire Leconte S.A.
602,602,2023-07-14,2023-07-19,livrée,Ramos Moulin S.A.R.L.
603,603,2023-05-04,2023-05-06,en attente,Joseph SA
604,604,2022-10-21,2022-10-23,en cours,Legrand S.A.R.L.
605,605,2023-10-19,2023-10-26,en attente,Guérin Barbier S.A.R.L.
606,606,2021-12-05,2021-12-11,livrée,Fischer
607,607,2025-12-05,2025-12-08,en cours,Roger Gauthier SARL
608,608,2025-02-23,2025-02-24,livrée,Perrot
609,609,2019-06-03,2019-06-04,en cours,Fischer Lucas S.A.R.L.
610,610,2020-08-25,2020-08-28,en cours,Fournier S.A.R.L.
611,611,2022-04-12,2022-04-19,en attente,Techer Marin SA
612,612,2024-11-11,2024-11-18,en attente,Moreno
613,613,2019-03-26,2019-03-29,livrée,Leblanc
614,614,2022-05-26,2022-05-27,en attente,Blanchard Gallet SARL
615,615,2021-11-17,2021-11-23,en attente,Legendre
616,616,2019-02-03,2019-02-10,en attente,Laroche et Fils
617,617,2022-04-29,2022-05-03,livrée,Gosselin
618,618,2023-06-15,2023-06-21,en attente,Laporte Ferrand S.A.S.
619,619,2022-02-06,2022-02-12,livrée,Salmon Pottier S.A.
620,620,2023-05-06,2023-05-12,livrée,Pages et Fils
621,621,2024-12-04,2024-12-07,en attente,Maréchal
622,622,2020-04-26,2020-05-01,livrée,Caron SARL
623,623,2025-10-31,2025-11-02,livrée,Picard
624,624,2019-10-25,2019-10-31,en cours,Dupuis
625,625,2025-10-05,2025-10-09,livrée,Rocher SA
626,626,2023-04-27,2023-05-03,en cours,Besson Guillon SARL
627,627,2024-07-28,2024-08-02,en cours,Julien
628,628,2021-12-12,2021-12-19,en cours,Dumas S.A.R.L.
629,629,2020-03-03,2020-03-08,en attente,Blondel S.A.R.L.
630,630,2021-11-19,2021-11-20,en cours,Barbe
631,631,2020-01-12,2020-01-15,livrée,Fouquet Da Costa S.A.
632,632,2023-08-21,2023-08-26,livrée,Salmon
633,633,2019-09-30,2019-10-07,en attente,Guyot
634,634,2025-09-10,2025-09-15,en attente,Poulain Robert S.A.R.L.
635,635,2025-08-09,2025-08-10,livrée,Boulanger Leblanc S.A.S.
636,636,2021-11-01,2021-11-07,livrée,Brunet Perret SA
637,637,2025-01-09,2025-01-11,en cours,Rodriguez
638,638,2020-12-26,2020-12-27,en cours,Camus Lemonnier SA
639,639,2020-08-01,2020-08-06,livrée,Lévêque S.A.R.L.
640,640,2019-11-08,2019-11-10,en cours,Lelièvre S.A.R.L.
641,641,2021-09-07,2021-09-13,livrée,Coste
642,642,2024-06-08,2024-06-15,en attente,Aubry SA
643,643,2024-05-25,2024-05-27,livrée,Couturier Peltier S.A.
644,644,2024-02-22,2024-02-29,en cours,Da Costa S.A.R.L.
645,645,2020-05-20,2020-05-24,livrée,Diaz
646,646,2024-05-04,2024-05-06,en cours,Fernandes Joly S.A.S.
647,647,2022-01-27,2022-02-01,en cours,Julien S.A.R.L.
648,648,2019-08-11,2019-08-17,livrée,Fischer Vallée S.A.
649,649,2025-10-28,2025-10-31,livrée,Salmon Becker SARL
650,650,2022-06-17,2022-06-19,en cours,Rodriguez
651,651,2019-11-07,2019-11-12,en cours,Lebrun
652,652,2021-08-28,2021-08-29,en cours,Couturier
653,653,2025-11-11,2025-11-16,en attente,Mace Reynaud S.A.S.
654,654,2020-10-07,2020-10-11,en cours,Salmon
655,655,2025-09-29,2025-09-30,en cours,Brunel
656,656,2019-05-14,2019-05-21,en attente,Tessier SARL
657,657,2025-10-03,2025-10-06,en attente,David SA
658,658,2020-06-30,2020-07-04,livrée,Valentin
659,659,2023-10-12,2023-10-15,en attente,Jacques Collet SARL
660,660,2023-01-11,2023-01-12,livrée,Renault
661,661,2025-07-02,2025-07-05,en cours,Dos Santos
662,662,2019-10-29,2019-11-05,en cours,Lucas Blondel S.A.
663,663,2020-08-25,2020-08-28,en attente,Léger Monnier SA
664,664,2022-10-08,2022-10-14,en cours,Pasquier SA
665,665,2024-03-07,2024-03-13,en attente,Gérard
666,666,2020-03-15,2020-03-22,en cours,Faure Roy SA
667,667,2019-03-15,2019-03-22,livrée,Marchand
668,668,2022-07-18,2022-07-25,livrée,Grenier et Fils
669,669,2021-02-20,2021-02-24,livrée,Guibert
670,670,2025-07-15,2025-07-20,en attente,Devaux
671,671,2024-05-22,2024-05-23,en cours,Poulain
672,672,2025-04-05,2025-04-11,livrée,Daniel
673,673,2020-11-12,2020-11-17,livrée,Fournier
674,674,2022-10-12,2022-10-15,livrée,Gilbert
675,675,2019-03-04,2019-03-10,en attente,Lamy
676,676,2024-05-29,2024-06-05,en cours,Huet Pierre S.A.
677,677,2023-03-25,2023-03-28,en attente,Riou
678,678,2025-09-05,2025-09-11,livrée,Baudry
679,679,2021-01-19,2021-01-22,en attente,Chauvet Morin SA
680,680,2025-10-27,2025-10-28,en attente,Monnier et Fils
681,681,2025-05-16,2025-05-17,en attente,Mercier
682,682,2020-09-04,2020-09-06,en attente,Fontaine
683,683,2023-06-03,2023-06-09,en cours,Aubry
684,684,2022-10-27,2022-10-28,livrée,Clément S.A.S.
685,685,2025-06-10,2025-06-17,en attente,Barbier Morvan SARL
686,686,2025-12-13,2025-12-19,en attente,Rodrigues Berthelot S.A.S.
687,687,2025-07-04,2025-07-09,en attente,Brun
688,688,2023-04-04,2023-04-07,livrée,Hoarau
689,689,2021-08-21,2021-08-23,en attente,Moulin Foucher S.A.
690,690,2022-07-14,2022-07-19,en attente,Denis Duhamel S.A.
691,691,2023-10-07,2023-10-09,en attente,Mathieu S.A.
692,692,2024-06-08,2024-06-13,en cours,Fabre Baudry S.A.R.L.
693,693,2023-07-17,2023-07-24,en cours,Jacquot
694,694,2022-07-25,2022-07-31,en cours,Collet SA
695,695,2020-03-15,2020-03-16,en attente,Gillet
696,696,2020-04-14,2020-04-15,livrée,Masson
697,697,2025-07-27,2025-08-03,en cours,Monnier
698,698,2020-01-08,2020-01-12,en attente,Techer Boutin SARL
699,699,2021-09-08,2021-09-10,en cours,Dumont Garnier S.A.R.L.
700,700,2023-04-12,2023-04-17,livrée,Benoit Gallet S.A.R.L.
701,701,2025-11-06,2025-11-12,en cours,Vincent
702,702,2023-05-12,2023-05-16,livrée,Fournier
703,703,2025-01-07,2025-01-12,livrée,Dumont
704,704,2021-01-12,2021-01-19,en attente,Garcia et Fils
705,705,2023-03-07,2023-03-08,livrée,Dumas
706,706,2025-01-01,2025-01-05,livrée,Lelièvre
707,707,2024-11-16,2024-11-21,en attente,Camus Hamel S.A.S.
708,708,2024-01-29,2024-02-03,en cours,Mallet
709,709,2025-02-17,2025-02-20,en cours,Chauvin SARL
710,710,2020-10-21,2020-10-23,en cours,Bègue
711,711,2023-12-05,2023-12-08,en cours,Blanc
712,712,2022-12-25,2022-12-27,livrée,Allain Le Roux SA
713,713,2024-03-21,2024-03-25,en attente,Barbier Maurice SA
714,714,2024-07-17,2024-07-20,en attente,Muller SA
715,715,2021-06-26,2021-06-29,livrée,Schmitt SA
716,716,2021-07-14,2021-07-18,en cours,Munoz Lesage et Fils
717,717,2020-03-07,2020-03-10,livrée,Jacques Bonnin S.A.
718,718,2022-12-06,2022-12-13,en attente,Aubert
719,719,2019-04-29,2019-05-05,livrée,Chrétien
720,720,2024-10-29,2024-11-01,en cours,Legrand
721,721,2023-10-20,2023-10-26,livrée,Le Goff
722,722,2019-09-28,2019-10-01,en attente,Pires Rémy S.A.S.
723,723,2023-01-19,2023-01-25,en cours,David
724,724,2023-05-18,2023-05-19,en attente,Le Roux Duval SARL
725,725,2025-05-07,2025-05-14,en attente,Tessier Dumas SARL
726,726,2023-07-24,2023-07-31,livrée,Peltier
727,727,2025-09-20,2025-09-27,en attente,Rey S.A.R.L.
728,728,2020-12-10,2020-12-16,livrée,Navarro SARL
729,729,2025-03-11,2025-03-12,en attente,Bousquet
730,730,2025-05-21,2025-05-23,en cours,Rocher
731,731,2019-02-15,2019-02-16,en cours,Gilbert
732,732,2021-04-19,2021-04-20,en cours,Morvan
733,733,2025-12-06,2025-12-08,en cours,Boulay
734,734,2021-04-14,2021-04-20,livrée,Launay
735,735,2022-03-30,2022-04-06,livrée,Guyot Leleu SARL
736,736,2022-04-20,2022-04-25,en cours,Renard Henry S.A.S.
737,737,2022-04-09,2022-04-11,livrée,Perez
738,738,2021-05-24,2021-05-29,livrée,Nicolas S.A.
739,739,2021-11-18,2021-11-23,en cours,François
740,740,2025-04-14,2025-04-21,en attente,Chartier
741,741,2020-03-11,2020-03-14,livrée,Peltier Maréchal S.A.S.
742,742,2022-12-06,2022-12-11,en cours,Pichon
743,743,2025-09-07,2025-09-13,en cours,Gilbert S.A.
744,744,2024-09-19,2024-09-24,livrée,Rossi Vaillant SARL
745,745,2021-05-20,2021-05-23,livrée,Delorme
746,746,2022-07-19,2022-07-25,en attente,Robert et Fils
747,747,2020-06-17,2020-06-20,en attente,Royer
748,748,2019-01-08,2019-01-10,livrée,Barre Berger SARL
749,749,2023-06-26,2023-06-29,livrée,Maréchal Lebrun S.A.S.
750,750,2019-03-09,2019-03-16,en cours,Vallet
751,751,2019-10-09,2019-10-10,en attente,Vidal Vincent SA
752,752,2023-01-19,2023-01-25,livrée,Renard
753,753,2025-03-24,2025-03-30,livrée,Parent
754,754,2025-06-06,2025-06-11,livrée,Delaunay
755,755,2019-06-14,2019-06-20,en cours,Marty Leroy et Fils
756,756,2022-03-03,2022-03-10,en attente,Benoit SARL
757,757,2019-05-11,2019-05-17,en attente,Marion SA
758,758,2023-08-04,2023-08-05,en cours,Colin S.A.
759,759,2019-12-13,2019-12-15,livrée,Jacques S.A.R.L.
760,760,2021-05-25,2021-05-28,en attente,Delattre Riou SA
761,761,2019-01-01,2019-01-02,en cours,Marques
762,762,2023-08-26,2023-08-29,en cours,Muller
763,763,2023-09-19,2023-09-20,livrée,Parent S.A.
764,764,2024-10-24,2024-10-25,en attente,Olivier
765,765,2023-04-14,2023-04-21,en attente,Colas S.A.R.L.
766,766,2019-06-27,2019-06-30,livrée,Dupont S.A.R.L.
767,767,2024-08-31,2024-09-04,en cours,Gautier Maillet SARL
768,768,2019-02-15,2019-02-16,livrée,Robert
769,769,2022-07-03,2022-07-08,en cours,Boyer SARL
770,770,2023-04-03,2023-04-09,en attente,Techer Fernandez SARL
771,771,2023-05-23,2023-05-30,en cours,Louis Lesage SA
772,772,2025-01-28,2025-01-31,livrée,Barbe S.A.R.L.
773,773,2022-12-16,2022-12-20,livrée,Marques et Fils
774,774,2024-08-30,2024-09-05,livrée,Lacroix
775,775,2019-07-25,2019-07-27,livrée,Da Silva Antoine SARL
776,776,2022-01-25,2022-01-30,en cours,Morvan et Fils
777,777,2021-04-24,2021-04-27,en cours,Leclercq SARL
778,778,2020-07-16,2020-07-20,livrée,Pruvost
779,779,2020-01-05,2020-01-12,en attente,Marion
780,780,2019-05-26,2019-05-27,en attente,Godard
781,781,2023-08-21,2023-08-24,livrée,Henry S.A.R.L.
782,782,2020-06-05,2020-06-10,en attente,Bertin SARL
783,783,2019-01-31,2019-02-07,livrée,Schneider S.A.S.
784,784,2022-08-13,2022-08-16,en attente,Leroy Lebrun SARL
785,785,2024-12-26,2025-01-01,livrée,Duhamel
786,786,2023-12-12,2023-12-13,livrée,Carlier
787,787,2020-08-21,2020-08-22,en cours,Delahaye
788,788,2020-02-24,2020-02-28,livrée,Fabre et Fils
789,789,2019-05-13,2019-05-20,en cours,Bruneau Delorme SA
790,790,2022-12-01,2022-12-08,en cours,Legrand Vidal SA
791,791,2025-05-28,2025-05-30,livrée,Pierre
792,792,2020-01-17,2020-01-22,livrée,Fabre Mathieu S.A.
793,793,2023-03-15,2023-03-22,en cours,Jacquet
794,794,2022-06-21,2022-06-26,livrée,Gomez SA
795,795,2024-02-28,2024-03-03,livrée,Normand
796,796,2025-07-02,2025-07-06,en cours,Lesage
797,797,2024-02-02,2024-02-08,livrée,Hamon Marin et Fils
798,798,2025-12-19,2025-12-25,en cours,Martins Fernandes et Fils
799,799,2024-04-20,2024-04-23,en attente,Marie Monnier S.A.R.L.
800,800,2021-06-10,2021-06-14,en cours,Leleu Rey SA
801,801,2024-08-09,2024-08-11,livrée,Barthelemy
802,802,2022-03-17,2022-03-23,en cours,Leleu Faure S.A.
803,803,2020-04-27,2020-05-03,en attente,Pottier
804,804,2020-05-04,2020-05-08,livrée,Chevallier Blin S.A.
805,805,2025-02-16,2025-02-20,en cours,Pereira
806,806,2020-01-02,2020-01-06,en attente,Godard S.A.S.
807,807,2020-12-13,2020-12-16,en cours,Germain Gérard SARL
808,808,2024-08-28,2024-09-01,en attente,Buisson
809,809,2019-06-20,2019-06-26,livrée,Chauvet S.A.S.
810,810,2023-02-03,2023-02-08,en attente,Boucher
811,811,2019-02-18,2019-02-19,en cours,Poirier
812,812,2022-07-14,2022-07-17,en attente,Dupuis
813,813,2019-12-19,2019-12-21,en attente,Legrand
814,814,2021-12-02,2021-12-04,en attente,Thibault Normand S.A.S.
815,815,2024-06-30,2024-07-06,en attente,Maurice S.A.
816,816,2020-05-14,2020-05-19,livrée,Étienne
817,817,2023-04-21,2023-04-22,livrée,Michel S.A.S.
818,818,2023-12-24,2023-12-25,en cours,Delannoy S.A.R.L.
819,819,2022-04-30,2022-05-07,en cours,Ribeiro Lebrun SARL
820,820,2019-06-20,2019-06-26,en attente,Imbert
821,821,2023-01-02,2023-01-03,en cours,Delaunay
822,822,2025-04-20,2025-04-21,livrée,Besson
823,823,2025-12-14,2025-12-20,en cours,Vincent Pelletier S.A.
824,824,2021-12-15,2021-12-21,en attente,Regnier Roussel SA
825,825,2025-10-08,2025-10-10,livrée,Royer
826,826,2023-12-13,2023-12-17,livrée,Courtois
827,827,2019-06-02,2019-06-06,en attente,Delmas Fleury SA
828,828,2025-02-14,2025-02-19,en attente,Prévost Lévêque S.A.S.
829,829,2019-06-15,2019-06-21,en attente,Petit Weber S.A.R.L.
830,830,2023-04-19,2023-04-26,livrée,Petit SARL
831,831,2023-02-04,2023-02-09,en cours,Gillet
832,832,2023-11-19,2023-11-23,en attente,Breton
833,833,2025-07-20,2025-07-21,livrée,Le Goff
834,834,2023-06-12,2023-06-15,en cours,Lévy
835,835,2021-12-05,2021-12-12,en cours,Turpin Blin S.A.S.
836,836,2021-09-27,2021-10-04,en attente,Léger Lucas SARL
837,837,2020-09-24,2020-09-29,en attente,Maurice
838,838,2020-11-25,2020-12-02,livrée,Bertin Chartier SARL
839,839,2024-09-20,2024-09-26,livrée,Royer S.A.R.L.
840,840,2021-04-29,2021-04-30,livrée,Chauvet S.A.S.
841,841,2024-03-18,2024-03-22,livrée,Rousseau
842,842,2020-08-24,2020-08-28,en attente,Bazin
843,843,2019-03-13,2019-03-16,en attente,Pineau
844,844,2025-06-29,2025-06-30,en cours,Lemaire
845,845,2022-07-16,2022-07-22,en cours,Delattre
846,846,2019-12-24,2019-12-31,livrée,Jourdan
847,847,2024-09-10,2024-09-11,en attente,Valette Lecomte SA
848,848,2020-11-16,2020-11-21,livrée,Legrand SARL
849,849,2021-11-09,2021-11-10,livrée,Vaillant Courtois SA
850,850,2020-06-10,2020-06-11,en cours,Pichon S.A.R.L.
851,851,2021-01-23,2021-01-26,en attente,Lacombe
852,852,2022-06-12,2022-06-14,en cours,Techer
853,853,2021-04-17,2021-04-22,en cours,Durand Chauvet et Fils
854,854,2021-08-22,2021-08-26,en cours,Lemaire
855,855,2020-06-24,2020-06-27,en cours,Teixeira Joubert S.A.R.L.
856,856,2025-09-07,2025-09-08,en attente,Leroy Pruvost S.A.S.
857,857,2020-07-22,2020-07-25,livrée,Munoz et Fils
858,858,2025-01-05,2025-01-11,en cours,Brunel
859,859,2023-01-07,2023-01-11,en cours,Bernard et Fils
860,860,2019-06-06,2019-06-08,en attente,Marie SARL
861,861,2024-09-29,2024-10-05,en attente,Lecoq Rousseau SARL
862,862,2025-09-21,2025-09-23,en attente,Ledoux
863,863,2024-10-02,2024-10-07,livrée,Louis S.A.S.
864,864,2020-06-06,2020-06-08,livrée,Bonnin Deschamps SARL
865,865,2020-06-26,2020-06-30,en cours,Bonneau
866,866,2019-03-17,2019-03-24,en cours,Martin Gomes S.A.
867,867,2020-03-10,2020-03-14,en cours,Pasquier SA
868,868,2023-02-17,2023-02-24,en cours,Clément
869,869,2019-08-13,2019-08-15,en attente,Gilbert
870,870,2021-11-30,2021-12-02,livrée,Carlier
871,871,2024-06-07,2024-06-08,livrée,Berger Teixeira S.A.
872,872,2021-05-01,2021-05-07,en cours,Léger Leconte S.A.S.
873,873,2024-12-14,2024-12-16,en attente,Berger
874,874,2023-08-18,2023-08-21,en cours,Sanchez Lefort S.A.S.
875,875,2019-03-27,2019-04-01,en attente,Loiseau S.A.R.L.
876,876,2024-11-10,2024-11-14,en cours,Fontaine Bertrand SA
877,877,2022-07-24,2022-07-28,en cours,Brun
878,878,2021-04-01,2021-04-03,en cours,Benard
879,879,2024-07-26,2024-07-31,en attente,Gaillard Gros S.A.R.L.
880,880,2024-04-06,2024-04-12,livrée,Lemaître
881,881,2023-10-28,2023-11-02,en attente,Ramos
882,882,2021-06-06,2021-06-11,livrée,Léger
883,883,2020-10-21,2020-10-24,en attente,Pons
884,884,2019-05-19,2019-05-26,en attente,Pierre
885,885,2023-10-04,2023-10-06,livrée,Devaux
886,886,2020-05-22,2020-05-27,en attente,Samson
887,887,2021-01-03,2021-01-04,en attente,Brunet
888,888,2020-09-24,2020-09-30,livrée,Mendès
889,889,2021-11-13,2021-11-20,en cours,Tessier
890,890,2025-01-08,2025-01-13,livrée,Allain
891,891,2022-12-02,2022-12-09,en attente,Chauvin
892,892,2020-09-23,2020-09-30,en attente,Tessier Bouvier S.A.
893,893,2025-01-27,2025-02-01,livrée,Masson Fernandes S.A.S.
894,894,2024-03-26,2024-03-27,en attente,Langlois
895,895,2022-09-21,2022-09-23,en attente,Valette
896,896,2025-06-26,2025-06-27,en attente,Pascal et Fils
897,897,2025-08-17,2025-08-19,livrée,Boutin Salmon SARL
898,898,2024-11-12,2024-11-19,en cours,Hernandez S.A.
899,899,2019-04-26,2019-04-28,en attente,Roussel S.A.R.L.
900,900,2021-04-24,2021-04-28,en cours,Techer Laurent SARL
901,901,2023-02-27,2023-03-05,en cours,Techer S.A.R.L.
902,902,2024-10-31,2024-11-01,livrée,Barre
903,903,2021-11-12,2021-11-16,livrée,Brunel Poulain S.A.R.L.
904,904,2019-10-09,2019-10-12,livrée,Julien
905,905,2023-10-11,2023-10-14,en attente,Merle
906,906,2022-03-20,2022-03-21,en cours,Rousseau
907,907,2023-08-20,2023-08-25,en cours,Vasseur et Fils
908,908,2019-03-07,2019-03-14,en attente,Berthelot Wagner S.A.
909,909,2023-01-16,2023-01-20,en attente,Perrier
910,910,2019-01-07,2019-01-10,en cours,Valentin Cordier SARL
911,911,2024-12-29,2024-12-31,livrée,Pons
912,912,2025-06-16,2025-06-22,livrée,Descamps
913,913,2023-11-27,2023-11-29,en attente,Hubert Morin SA
914,914,2019-07-06,2019-07-10,en cours,Joseph
915,915,2019-08-15,2019-08-18,livrée,Mahe
916,916,2025-04-28,2025-05-01,en attente,Hardy SA
917,917,2019-04-23,2019-04-28,en cours,Becker
918,918,2020-11-06,2020-11-10,en attente,Moulin Parent et Fils
919,919,2021-10-29,2021-11-05,en cours,Letellier S.A.
920,920,2023-04-02,2023-04-05,en cours,Guilbert
921,921,2025-08-19,2025-08-23,en cours,Lecoq Chrétien SARL
922,922,2022-05-19,2022-05-20,en attente,Antoine et Fils
923,923,2024-08-21,2024-08-24,en attente,Guibert et Fils
924,924,2022-03-01,2022-03-04,livrée,Wagner Barbier S.A.R.L.
925,925,2020-11-06,2020-11-09,en attente,Jean Lemaître S.A.S.
926,926,2019-11-02,2019-11-03,en cours,Dos Santos
927,927,2019-09-29,2019-10-05,en attente,Pottier
928,928,2023-06-16,2023-06-22,livrée,Sauvage Mathieu S.A.R.L.
929,929,2023-11-08,2023-11-13,livrée,Bouchet
930,930,2019-06-08,2019-06-09,en attente,Dupuy
931,931,2021-04-02,2021-04-09,livrée,Bouchet
932,932,2025-01-12,2025-01-15,en attente,Guibert
933,933,2023-12-11,2023-12-14,livrée,Lelièvre
934,934,2022-03-27,2022-04-03,en cours,Humbert
935,935,2022-11-13,2022-11-16,en attente,Ramos
936,936,2024-04-20,2024-04-25,livrée,Tessier Alves SA
937,937,2024-12-21,2024-12-24,en attente,Allain
938,938,2020-12-14,2020-12-21,livrée,Bonneau
939,939,2025-03-30,2025-04-01,en cours,Da Costa
940,940,2024-04-28,2024-05-04,livrée,Grégoire
941,941,2021-11-14,2021-11-19,livrée,Hebert
942,942,2025-03-20,2025-03-22,en cours,Leroux
943,943,2023-10-28,2023-11-04,en attente,Blondel
944,944,2023-10-11,2023-10-13,en attente,Diallo
945,945,2023-09-27,2023-09-30,en attente,Pruvost
946,946,2025-08-20,2025-08-25,livrée,Leroy
947,947,2019-02-22,2019-02-28,en cours,Vallée
948,948,2019-12-09,2019-12-10,en attente,Leconte
949,949,2025-08-18,2025-08-24,en attente,Lefort Clerc S.A.
950,950,2021-09-16,2021-09-21,en cours,Fouquet S.A.
951,951,2025-07-29,2025-08-01,en attente,Grenier Germain SA
952,952,2023-04-08,2023-04-13,livrée,Guillon
953,953,2021-10-05,2021-10-09,en cours,Couturier
954,954,2022-03-09,2022-03-16,livrée,Mahe S.A.S.
955,955,2020-02-21,2020-02-22,en cours,Lejeune S.A.R.L.
956,956,2025-06-02,2025-06-06,en attente,Monnier S.A.
957,957,2019-06-16,2019-06-23,en cours,Alves Georges S.A.R.L.
958,958,2019-09-22,2019-09-29,livrée,Raymond
959,959,2019-06-21,2019-06-27,en attente,Traore
960,960,2024-02-14,2024-02-20,en cours,Weber Langlois SA
961,961,2023-02-07,2023-02-09,en cours,Gilles et Fils
962,962,2025-09-30,2025-10-06,en cours,Lefebvre Lefebvre S.A.
963,963,2024-03-10,2024-03-12,livrée,Grégoire Le Roux et Fils
964,964,2020-01-23,2020-01-30,en attente,Richard
965,965,2020-01-15,2020-01-19,en attente,Maréchal S.A.R.L.
966,966,2019-10-11,2019-10-18,livrée,Chartier
967,967,2021-06-15,2021-06-21,en cours,Girard Boulay S.A.R.L.
968,968,2020-09-21,2020-09-28,en cours,Pages S.A.R.L.
969,969,2019-09-21,2019-09-25,en cours,Rodrigues Pasquier S.A.
970,970,2021-07-06,2021-07-12,en cours,Pichon
971,971,2022-11-17,2022-11-19,en attente,Colas Muller S.A.R.L.
972,972,2024-02-20,2024-02-27,en cours,Delaunay
973,973,2022-03-02,2022-03-03,en cours,Jacquet SARL
974,974,2023-10-20,2023-10-21,en cours,Bousquet SA
975,975,2024-10-30,2024-11-02,en attente,Dupuy
976,976,2024-05-23,2024-05-28,livrée,Thierry
977,977,2025-10-22,2025-10-29,livrée,Julien
978,978,2021-02-05,2021-02-08,en attente,Schneider
979,979,2020-04-21,2020-04-26,en attente,Hoareau Bonnet S.A.
980,980,2023-05-28,2023-06-02,livrée,Leblanc Toussaint S.A.
981,981,2019-08-17,2019-08-21,en attente,Leroux
982,982,2020-08-12,2020-08-17,en cours,Étienne et Fils
983,983,2023-02-01,2023-02-02,livrée,Renault
984,984,2022-11-11,2022-11-16,en cours,Leduc
985,985,2020-09-05,2020-09-06,livrée,Aubert SA
986,986,2019-12-03,2019-12-08,en attente,Lejeune
987,987,2019-05-29,2019-06-04,en cours,Tessier
988,988,2023-09-27,2023-10-01,en cours,Maury SARL
989,989,2024-01-05,2024-01-06,livrée,Maillet et Fils
990,990,2024-10-16,2024-10-21,livrée,Samson
991,991,2021-11-07,2021-11-12,livrée,Perez
992,992,2020-05-02,2020-05-06,livrée,Reynaud Bourdon et Fils
993,993,2021-09-13,2021-09-20,en cours,Caron
994,994,2020-12-27,2020-12-30,livrée,De Oliveira
995,995,2019-03-31,2019-04-03,en cours,Jacob
996,996,2024-06-13,2024-06-19,livrée,Roussel SA
997,997,2023-10-13,2023-10-17,en attente,Lombard
998,998,2021-07-08,2021-07-14,en attente,Raymond Garnier S.A.
999,999,2025-07-04,2025-07-07,livrée,Daniel
1000,1000,2022-09-13,2022-09-19,en attente,Rolland
1001,1001,2024-05-22,2024-05-28,en cours,Caron
1002,1002,2025-11-09,2025-11-12,livrée,Vasseur
1003,1003,2021-07-27,2021-07-31,livrée,Joubert SARL
1004,1004,2023-03-27,2023-03-29,en cours,Pereira
1005,1005,2025-05-10,2025-05-15,livrée,Lefort
1006,1006,2019-10-26,2019-10-27,livrée,Goncalves
1007,1007,2023-01-14,2023-01-15,livrée,Buisson SA
1008,1008,2024-10-29,2024-11-03,en cours,Dias SARL
1009,1009,2020-02-07,2020-02-14,livrée,Garcia
1010,1010,2023-04-29,2023-05-06,en cours,Lévêque Thibault SA
1011,1011,2023-07-20,2023-07-22,livrée,Millet S.A.R.L.
1012,1012,2021-10-24,2021-10-28,en cours,Dos Santos
1013,1013,2024-05-04,2024-05-10,en attente,Blanchard
1014,1014,2023-06-27,2023-06-29,en attente,Bertin
1015,1015,2019-11-15,2019-11-16,livrée,Boutin
1016,1016,2023-11-03,2023-11-07,livrée,Martineau
1017,1017,2024-07-10,2024-07-12,en attente,Vidal
1018,1018,2020-11-02,2020-11-08,livrée,Lemonnier Evrard S.A.S.
1019,1019,2020-07-25,2020-07-28,livrée,Marchand
1020,1020,2023-05-27,2023-06-02,en attente,Delaunay Rousset SARL
1021,1021,2020-03-26,2020-04-01,en attente,Le Goff SA
1022,1022,2019-01-06,2019-01-07,en attente,Laroche
1023,1023,2022-07-04,2022-07-07,en attente,Hoarau
1024,1024,2025-01-04,2025-01-07,livrée,Grondin Grenier et Fils
1025,1025,2022-09-16,2022-09-19,livrée,Rodriguez Hamel et Fils
1026,1026,2023-02-08,2023-02-14,en cours,Rousset
1027,1027,2022-01-08,2022-01-12,en cours,Fischer Guyon S.A.R.L.
1028,1028,2023-07-10,2023-07-11,en cours,Thibault S.A.R.L.
1029,1029,2024-02-24,2024-02-26,livrée,Maury
1030,1030,2021-03-11,2021-03-15,en cours,Andre S.A.
1031,1031,2020-02-25,2020-02-27,en cours,Gaillard
1032,1032,2021-08-12,2021-08-13,en cours,Foucher
1033,1033,2024-02-09,2024-02-15,en attente,Bernard
1034,1034,2021-01-23,2021-01-27,en cours,Munoz SARL
1035,1035,2023-06-24,2023-06-29,en cours,Jacquet Clément SA
1036,1036,2020-02-11,2020-02-18,en attente,Perez
1037,1037,2023-03-21,2023-03-28,livrée,Philippe
1038,1038,2022-08-21,2022-08-25,en attente,Diaz
1039,1039,2022-01-26,2022-01-29,en cours,Bourdon
1040,1040,2019-11-19,2019-11-25,livrée,Daniel
1041,1041,2023-04-03,2023-04-05,en attente,Pierre
1042,1042,2020-11-27,2020-12-01,livrée,Legros
1043,1043,2024-06-27,2024-07-01,livrée,Blot SA
1044,1044,2025-11-25,2025-11-27,en cours,Blanchet Le Roux S.A.
1045,1045,2020-09-18,2020-09-20,livrée,Texier et Fils
1046,1046,2019-08-28,2019-08-29,livrée,Clerc
1047,1047,2024-11-28,2024-11-29,en cours,Verdier Meunier S.A.S.
1048,1048,2023-10-04,2023-10-09,en attente,Chrétien S.A.S.
1049,1049,2024-08-02,2024-08-03,en cours,Ferrand
1050,1050,2024-09-02,2024-09-05,en attente,Guillaume
1051,1051,2025-01-09,2025-01-16,en cours,Delaunay Pinto S.A.S.
1052,1052,2021-07-13,2021-07-18,en cours,Gautier Payet S.A.R.L.
1053,1053,2022-12-18,2022-12-25,en attente,Parent
1054,1054,2025-03-17,2025-03-19,en cours,Menard
1055,1055,2024-01-26,2024-02-01,livrée,Blanchard
1056,1056,2023-06-26,2023-07-02,livrée,Nguyen
1057,1057,2023-02-26,2023-03-02,livrée,Dupuis
1058,1058,2025-05-13,2025-05-15,en cours,Allard
1059,1059,2020-12-11,2020-12-12,livrée,Leconte
1060,1060,2019-05-07,2019-05-09,livrée,Guyon
1061,1061,2023-03-04,2023-03-09,en attente,Bertin Dias S.A.S.
1062,1062,2022-05-29,2022-06-03,livrée,Guillot François S.A.
1063,1063,2019-05-27,2019-05-28,livrée,Verdier
1064,1064,2023-10-15,2023-10-22,en cours,Gauthier
1065,1065,2020-09-20,2020-09-21,en attente,Peron
1066,1066,2020-09-22,2020-09-27,en attente,Bonnet
1067,1067,2022-03-30,2022-04-01,en attente,Barthelemy SARL
1068,1068,2020-11-14,2020-11-21,livrée,Bouvier Mace S.A.R.L.
1069,1069,2024-10-27,2024-11-03,livrée,Blin Couturier SA
1070,1070,2019-07-27,2019-08-02,livrée,Albert Muller et Fils
1071,1071,2023-01-02,2023-01-08,en attente,Dumas Maillard et Fils
1072,1072,2024-01-08,2024-01-10,en cours,Guilbert
1073,1073,2019-10-15,2019-10-19,en attente,Blanchet
1074,1074,2021-01-28,2021-02-02,en attente,De Oliveira
1075,1075,2023-04-10,2023-04-11,en attente,Germain S.A.
1076,1076,2023-12-01,2023-12-02,en attente,Torres
1077,1077,2019-07-08,2019-07-13,en attente,Monnier
1078,1078,2023-01-23,2023-01-26,livrée,Nicolas SARL
1079,1079,2023-06-27,2023-07-03,en cours,Pinto S.A.
1080,1080,2022-01-08,2022-01-13,en cours,Verdier
1081,1081,2019-08-14,2019-08-20,en cours,Dumas et Fils
1082,1082,2021-11-25,2021-11-30,en attente,Martel S.A.R.L.
1083,1083,2023-07-27,2023-07-31,en cours,Barbier Pierre S.A.
1084,1084,2019-02-22,2019-02-25,en cours,Letellier
1085,1085,2021-01-06,2021-01-11,en cours,Riou Maréchal S.A.R.L.
1086,1086,2022-05-24,2022-05-30,en attente,Schmitt
1087,1087,2024-06-13,2024-06-20,en attente,Besson Delattre S.A.R.L.
1088,1088,2022-10-22,2022-10-28,en cours,Techer
1089,1089,2022-06-09,2022-06-10,livrée,Bouchet
1090,1090,2019-09-06,2019-09-13,en cours,Simon
1091,1091,2019-12-20,2019-12-26,en cours,Legros
1092,1092,2024-08-17,2024-08-19,en attente,Thierry
1093,1093,2021-08-09,2021-08-11,en attente,Lopez
1094,1094,2024-01-05,2024-01-09,en cours,Hubert S.A.S.
1095,1095,2021-06-28,2021-07-01,en cours,Boucher Godard S.A.
1096,1096,2021-11-14,2021-11-17,en cours,Fernandes et Fils
1097,1097,2020-02-17,2020-02-19,en cours,Leroux S.A.R.L.
1098,1098,2019-02-18,2019-02-21,en cours,Bègue
1099,1099,2023-08-27,2023-08-28,en cours,Weiss
1100,1100,2021-06-27,2021-06-29,en attente,Dupré Marchal S.A.S.
1101,1101,2019-05-03,2019-05-09,en cours,Hamel
1102,1102,2025-08-10,2025-08-12,en cours,Jacquot
1103,1103,2024-10-24,2024-10-29,livrée,Benard
1104,1104,2022-07-24,2022-07-26,en cours,Gaudin SARL
1105,1105,2019-07-02,2019-07-04,livrée,Regnier SA
1106,1106,2019-11-25,2019-11-26,en attente,Marin
1107,1107,2019-06-11,2019-06-14,en cours,Tessier Martinez et Fils
1108,1108,2024-12-18,2024-12-25,en cours,Fleury
1109,1109,2025-01-04,2025-01-08,en cours,Briand
1110,1110,2025-06-08,2025-06-15,en attente,Vallet Rousseau S.A.S.
1111,1111,2019-06-25,2019-06-29,en cours,Descamps
1112,1112,2019-03-17,2019-03-22,en cours,Dupuy Bouchet S.A.R.L.
1113,1113,2024-07-15,2024-07-20,en attente,Gautier
1114,1114,2021-08-19,2021-08-23,en cours,Perrin
1115,1115,2019-11-09,2019-11-13,livrée,Ribeiro
1116,1116,2021-03-22,2021-03-23,en cours,Loiseau SARL
1117,1117,2020-06-10,2020-06-15,livrée,Bernard
1118,1118,2020-09-04,2020-09-11,en cours,Moreno Lacombe S.A.
1119,1119,2022-06-10,2022-06-11,en cours,Boulanger SA
1120,1120,2021-11-03,2021-11-10,en cours,Leclerc
1121,1121,2022-04-10,2022-04-12,livrée,Delaunay Lamy S.A.R.L.
1122,1122,2024-02-18,2024-02-21,en cours,Guérin
1123,1123,2024-12-07,2024-12-10,en attente,Marie S.A.
1124,1124,2025-08-09,2025-08-14,livrée,Letellier S.A.
1125,1125,2022-06-08,2022-06-12,en cours,Millet S.A.S.
1126,1126,2024-08-24,2024-08-28,en cours,Royer
1127,1127,2022-12-07,2022-12-12,en cours,Berthelot SA
1128,1128,2020-02-23,2020-02-28,livrée,Lemoine Chevalier SA
1129,1129,2019-01-12,2019-01-18,livrée,Gauthier Lemaire SA
1130,1130,2024-05-17,2024-05-19,en attente,Dupré Pires S.A.
1131,1131,2020-06-01,2020-06-07,en attente,Lemaire
1132,1132,2025-10-22,2025-10-28,livrée,Roux
1133,1133,2024-04-01,2024-04-02,en cours,Rivière
1134,1134,2025-04-20,2025-04-27,en attente,Gillet
1135,1135,2024-05-16,2024-05-17,livrée,Dufour Noël S.A.R.L.
1136,1136,2021-04-17,2021-04-23,en attente,Antoine Diaz SARL
1137,1137,2024-10-31,2024-11-07,en cours,Barbe
1138,1138,2022-11-24,2022-11-30,livrée,Gérard S.A.S.
1139,1139,2019-01-01,2019-01-04,en cours,Besnard Olivier S.A.
1140,1140,2020-12-25,2021-01-01,en cours,Mahe S.A.R.L.
1141,1141,2021-08-31,2021-09-03,livrée,De Oliveira
1142,1142,2020-03-03,2020-03-09,en attente,Morvan
1143,1143,2022-02-12,2022-02-16,en cours,Collin S.A.
1144,1144,2023-07-07,2023-07-11,en cours,Guichard
1145,1145,2025-09-16,2025-09-18,en attente,Girard
1146,1146,2020-01-15,2020-01-19,livrée,Gaillard
1147,1147,2019-06-02,2019-06-04,en attente,Cohen SARL
1148,1148,2021-05-28,2021-06-03,livrée,Briand
1149,1149,2023-02-13,2023-02-15,en cours,Lemoine
1150,1150,2022-10-15,2022-10-22,livrée,Bodin Lebrun et Fils
1151,1151,2019-06-22,2019-06-27,en cours,Raymond
1152,1152,2020-12-01,2020-12-03,en cours,Fontaine Lelièvre S.A.
1153,1153,2019-06-01,2019-06-04,en cours,Lebreton
1154,1154,2025-08-09,2025-08-14,en attente,Charles Tanguy S.A.S.
1155,1155,2021-05-03,2021-05-07,en attente,Picard Petitjean et Fils
1156,1156,2019-02-12,2019-02-18,livrée,Briand
1157,1157,2019-05-22,2019-05-29,en attente,Chevalier
1158,1158,2020-04-03,2020-04-04,en attente,Dupuis Marchand SA
1159,1159,2019-05-31,2019-06-04,en cours,Ruiz Becker S.A.
1160,1160,2021-05-08,2021-05-14,livrée,Benard
1161,1161,2025-04-07,2025-04-09,en cours,Chartier
1162,1162,2019-02-18,2019-02-25,en cours,Valentin
1163,1163,2024-07-03,2024-07-08,livrée,Rolland
1164,1164,2019-11-12,2019-11-18,en cours,Dufour
1165,1165,2024-07-01,2024-07-02,en attente,Leroy
1166,1166,2020-05-31,2020-06-02,en cours,Chevallier
1167,1167,2019-01-22,2019-01-29,en cours,Sanchez Rémy S.A.R.L.
1168,1168,2023-07-19,2023-07-25,en cours,Voisin Costa S.A.S.
1169,1169,2021-05-30,2021-06-04,livrée,Bernier
1170,1170,2025-06-11,2025-06-15,en cours,Hamon
1171,1171,2022-08-02,2022-08-09,livrée,Chartier Legendre S.A.
1172,1172,2019-12-04,2019-12-11,livrée,Clément
1173,1173,2025-04-22,2025-04-27,en attente,Lambert
1174,1174,2024-05-10,2024-05-12,en attente,Da Silva
1175,1175,2025-12-22,2025-12-23,livrée,Boutin
1176,1176,2019-07-02,2019-07-04,en attente,Vallée
1177,1177,2019-01-29,2019-02-02,en attente,Lebreton Alves S.A.R.L.
1178,1178,2025-07-23,2025-07-29,en attente,Guilbert S.A.R.L.
1179,1179,2019-04-19,2019-04-26,livrée,Letellier
1180,1180,2025-01-06,2025-01-08,en attente,Guilbert Delahaye S.A.S.
1181,1181,2024-11-25,2024-11-28,en cours,Bigot S.A.
1182,1182,2022-11-22,2022-11-28,livrée,Verdier
1183,1183,2022-12-23,2022-12-26,en attente,Lemonnier Voisin SA
1184,1184,2019-05-25,2019-05-28,en cours,Lefebvre
1185,1185,2025-10-06,2025-10-13,livrée,De Sousa
1186,1186,2020-08-18,2020-08-23,en cours,Bouvier
1187,1187,2024-06-29,2024-07-04,livrée,Dumont Martel S.A.
1188,1188,2024-12-26,2024-12-30,en cours,Lecomte Martel et Fils
1189,1189,2025-01-19,2025-01-26,en attente,Weber
1190,1190,2021-09-17,2021-09-18,en attente,Clerc Maurice SA
1191,1191,2023-05-26,2023-05-27,livrée,Nicolas
1192,1192,2024-07-13,2024-07-20,en cours,Jacques S.A.
1193,1193,2025-04-21,2025-04-23,en cours,Legendre S.A.R.L.
1194,1194,2019-07-22,2019-07-23,livrée,Laporte
1195,1195,2021-01-19,2021-01-21,en attente,Lelièvre et Fils
1196,1196,2025-11-24,2025-11-25,en cours,Lenoir Vidal SARL
1197,1197,2019-12-20,2019-12-22,en attente,Marie
1198,1198,2025-01-26,2025-01-27,livrée,Courtois
1199,1199,2021-02-08,2021-02-11,livrée,Bourdon et Fils
1200,1200,2025-01-18,2025-01-22,en cours,Costa Le Goff SA
1201,1201,2025-06-06,2025-06-13,en attente,Allain
1202,1202,2025-12-24,2025-12-27,en cours,Mary
1203,1203,2020-11-14,2020-11-15,en attente,Dijoux Robin SA
1204,1204,2022-12-25,2022-12-27,en cours,Riou
1205,1205,2022-03-25,2022-03-30,livrée,Charpentier et Fils
1206,1206,2023-03-20,2023-03-21,en cours,Sauvage
1207,1207,2019-05-11,2019-05-13,en attente,Fernandez S.A.
1208,1208,2021-09-20,2021-09-27,en attente,Henry Delattre S.A.
1209,1209,2025-04-30,2025-05-06,livrée,Grenier S.A.R.L.
1210,1210,2021-03-29,2021-03-31,en cours,François
1211,1211,2022-05-05,2022-05-07,en cours,Colin S.A.S.
1212,1212,2024-09-28,2024-10-05,livrée,Antoine
1213,1213,2021-03-07,2021-03-12,en attente,Marin Foucher et Fils
1214,1214,2025-05-25,2025-05-31,en cours,Poirier
1215,1215,2020-10-12,2020-10-14,en attente,Dupré S.A.
1216,1216,2020-08-08,2020-08-14,en attente,Cousin Guillot S.A.
1217,1217,2021-12-21,2021-12-22,en attente,Baudry
1218,1218,2020-04-08,2020-04-11,en cours,Rolland
1219,1219,2019-11-27,2019-12-04,en attente,Dumas et Fils
1220,1220,2020-06-06,2020-06-12,en attente,Dupont SA
1221,1221,2020-07-26,2020-08-01,livrée,Ruiz
1222,1222,2024-02-11,2024-02-12,en attente,Lesage
1223,1223,2019-04-25,2019-04-28,en cours,Maury
1224,1224,2025-10-31,2025-11-07,en attente,Fernandez
1225,1225,2024-06-07,2024-06-11,livrée,Charrier
1226,1226,2022-01-20,2022-01-23,en attente,Turpin
1227,1227,2025-03-25,2025-03-31,livrée,Valentin SARL
1228,1228,2019-11-06,2019-11-12,en attente,Gomes
1229,1229,2025-12-01,2025-12-08,en cours,Gaudin et Fils
1230,1230,2023-05-19,2023-05-26,livrée,Pascal
1231,1231,2021-06-03,2021-06-04,en cours,Gay Foucher SA
1232,1232,2020-07-21,2020-07-28,en attente,Bonnin Delahaye et Fils
1233,1233,2019-12-18,2019-12-21,livrée,Gomez
1234,1234,2025-07-01,2025-07-05,en cours,Mallet S.A.R.L.
1235,1235,2023-03-28,2023-04-04,livrée,Legendre
1236,1236,2025-11-16,2025-11-22,livrée,Ollivier
1237,1237,2020-06-13,2020-06-16,en cours,Le Gall Martineau SA
1238,1238,2023-03-03,2023-03-04,en cours,Lecomte
1239,1239,2023-03-22,2023-03-25,en cours,Coulon Dumas et Fils
1240,1240,2023-12-20,2023-12-23,livrée,Pelletier Denis SA
1241,1241,2022-11-15,2022-11-19,en cours,Louis SARL
1242,1242,2020-10-02,2020-10-05,en cours,Costa SARL
1243,1243,2024-01-30,2024-02-01,en cours,Paul S.A.
1244,1244,2024-07-07,2024-07-13,en cours,Peron
1245,1245,2020-06-29,2020-07-06,livrée,Laine
1246,1246,2020-12-12,2020-12-17,en cours,Boucher Boucher S.A.
1247,1247,2020-05-31,2020-06-02,en attente,Torres S.A.S.
1248,1248,2022-09-10,2022-09-15,en cours,Gillet S.A.S.
1249,1249,2025-12-17,2025-12-22,en attente,Reynaud
1250,1250,2025-08-28,2025-08-30,livrée,Baudry S.A.R.L.
1251,1251,2019-09-09,2019-09-13,livrée,Potier Vaillant S.A.S.
1252,1252,2021-04-07,2021-04-10,en cours,Descamps
1253,1253,2022-06-26,2022-06-29,en attente,Colas
1254,1254,2020-12-09,2020-12-12,en attente,Ledoux S.A.S.
1255,1255,2019-01-28,2019-02-01,livrée,Rodrigues et Fils
1256,1256,2021-07-28,2021-07-29,en attente,Garnier
1257,1257,2020-12-17,2020-12-23,en cours,Bigot S.A.S.
1258,1258,2020-05-26,2020-05-27,en cours,Thomas SA
1259,1259,2019-02-18,2019-02-25,en cours,Teixeira
1260,1260,2020-03-27,2020-03-30,livrée,Robin
1261,1261,2025-08-05,2025-08-10,en cours,Blondel
1262,1262,2019-08-11,2019-08-15,en attente,Le Roux
1263,1263,2022-03-17,2022-03-22,en attente,Nguyen Boyer S.A.R.L.
1264,1264,2022-02-18,2022-02-24,en attente,Monnier SA
1265,1265,2021-07-22,2021-07-26,en cours,Monnier Bourgeois S.A.R.L.
1266,1266,2024-01-14,2024-01-19,livrée,Couturier
1267,1267,2020-08-11,2020-08-15,en attente,David
1268,1268,2022-05-01,2022-05-07,en cours,Nicolas David S.A.R.L.
1269,1269,2024-04-18,2024-04-19,en attente,Leclerc
1270,1270,2024-11-04,2024-11-05,livrée,Renaud
1271,1271,2022-03-16,2022-03-22,livrée,Vasseur
1272,1272,2021-02-02,2021-02-05,en attente,Marty
1273,1273,2022-01-19,2022-01-25,livrée,Lombard Dijoux S.A.R.L.
1274,1274,2024-12-05,2024-12-10,en cours,Pottier
1275,1275,2020-03-26,2020-03-27,en attente,Daniel Petit SA
1276,1276,2024-10-18,2024-10-20,en attente,Rivière
1277,1277,2023-07-07,2023-07-11,livrée,Pierre
1278,1278,2021-05-17,2021-05-24,en attente,Georges S.A.
1279,1279,2025-08-16,2025-08-23,en cours,Lamy
1280,1280,2022-03-16,2022-03-19,en attente,Joly Thierry SARL
1281,1281,2024-02-21,2024-02-24,en attente,Petitjean
1282,1282,2022-07-31,2022-08-07,livrée,Guillou
1283,1283,2021-06-08,2021-06-13,en cours,Lévy
1284,1284,2023-06-05,2023-06-09,en attente,Mahe S.A.S.
1285,1285,2019-07-18,2019-07-25,en cours,Maury Descamps SA
1286,1286,2019-01-12,2019-01-14,en attente,Renaud
1287,1287,2020-06-17,2020-06-23,en cours,Legros Charrier SA
1288,1288,2024-10-09,2024-10-16,en cours,Fabre
1289,1289,2022-01-14,2022-01-16,en cours,Ledoux S.A.R.L.
1290,1290,2019-02-02,2019-02-05,en attente,Petit Collet S.A.S.
1291,1291,2024-05-13,2024-05-17,livrée,Moulin
1292,1292,2023-12-02,2023-12-06,en attente,Giraud
1293,1293,2024-07-19,2024-07-23,livrée,Lombard S.A.
1294,1294,2021-03-30,2021-04-05,en attente,Fabre
1295,1295,2019-08-07,2019-08-10,livrée,Colas
1296,1296,2024-05-21,2024-05-22,en cours,Dupuy
1297,1297,2019-02-01,2019-02-08,en attente,Pottier Launay SARL
1298,1298,2019-12-22,2019-12-24,en cours,Raynaud
1299,1299,2021-10-04,2021-10-09,livrée,Lopes S.A.
1300,1300,2023-12-22,2023-12-26,livrée,Colas et Fils
1301,1301,2025-01-05,2025-01-06,en cours,Martinez
1302,1302,2023-07-06,2023-07-12,en attente,Hernandez Maillard SARL
1303,1303,2024-10-12,2024-10-16,en cours,Vincent S.A.R.L.
1304,1304,2019-05-15,2019-05-16,en cours,Ollivier
1305,1305,2019-03-08,2019-03-12,en cours,Roux S.A.
1306,1306,2025-07-28,2025-08-01,livrée,Garcia
1307,1307,2024-02-07,2024-02-13,en cours,Breton SARL
1308,1308,2024-12-08,2024-12-14,livrée,Lopez
1309,1309,2022-01-21,2022-01-22,livrée,Lacombe S.A.S.
1310,1310,2023-04-06,2023-04-10,livrée,Costa Schneider S.A.R.L.
1311,1311,2019-05-21,2019-05-22,en attente,Chevalier Bruneau SARL
1312,1312,2022-12-01,2022-12-07,en attente,Devaux SARL
1313,1313,2022-09-16,2022-09-18,en attente,Robert et Fils
1314,1314,2020-05-27,2020-05-28,en attente,Lacroix
1315,1315,2025-02-23,2025-02-25,livrée,Leclercq
1316,1316,2022-01-15,2022-01-20,livrée,Clément Pineau et Fils
1317,1317,2021-02-07,2021-02-12,en attente,Brunel
1318,1318,2019-11-16,2019-11-18,en attente,Lecomte Dupuy S.A.
1319,1319,2025-06-24,2025-06-27,en attente,Payet
1320,1320,2020-10-28,2020-10-31,en attente,Dufour S.A.
1321,1321,2023-11-25,2023-11-27,en cours,Hubert
1322,1322,2022-02-18,2022-02-25,en attente,Vaillant SA
1323,1323,2025-01-19,2025-01-23,en cours,Moreau Payet S.A.R.L.
1324,1324,2024-07-23,2024-07-27,en cours,Gimenez Fernandes S.A.R.L.
1325,1325,2022-02-21,2022-02-27,en cours,Thibault
1326,1326,2019-11-28,2019-12-03,en cours,Dumont Lopes et Fils
1327,1327,2020-03-18,2020-03-23,en cours,Besnard
1328,1328,2024-06-05,2024-06-11,en attente,Morel
1329,1329,2021-03-17,2021-03-21,en cours,Masse
1330,1330,2019-02-26,2019-03-02,en cours,Lucas SARL
1331,1331,2019-04-13,2019-04-15,en attente,Lelièvre
1332,1332,2024-11-11,2024-11-18,en attente,Rocher S.A.S.
1333,1333,2020-06-09,2020-06-14,livrée,Allain S.A.S.
1334,1334,2019-03-26,2019-04-01,en cours,Perret
1335,1335,2024-11-03,2024-11-06,livrée,Leduc Grenier SARL
1336,1336,2024-06-28,2024-07-05,en attente,François
1337,1337,2021-03-22,2021-03-24,en cours,Poulain
1338,1338,2021-08-16,2021-08-20,en attente,Delattre
1339,1339,2023-11-10,2023-11-13,livrée,Denis S.A.S.
1340,1340,2020-03-25,2020-03-30,en cours,Deschamps S.A.R.L.
1341,1341,2025-10-18,2025-10-22,livrée,Lejeune Lévy et Fils
1342,1342,2025-11-10,2025-11-17,en attente,Thomas Vaillant S.A.S.
1343,1343,2023-09-22,2023-09-29,livrée,Laurent
1344,1344,2022-05-16,2022-05-21,en cours,Dubois
1345,1345,2021-10-13,2021-10-15,en attente,Hoareau et Fils
1346,1346,2023-05-25,2023-05-31,en attente,Martins
1347,1347,2024-04-12,2024-04-15,livrée,Roche
1348,1348,2023-09-10,2023-09-17,en attente,Pierre
1349,1349,2022-06-23,2022-06-27,livrée,Bodin
1350,1350,2021-10-08,2021-10-10,livrée,Regnier et Fils
1351,1351,2020-09-15,2020-09-16,livrée,Colin SA
1352,1352,2023-10-22,2023-10-23,livrée,Jacques Gallet SARL
1353,1353,2021-07-21,2021-07-28,en cours,Carre S.A.R.L.
1354,1354,2019-03-05,2019-03-07,en attente,Roche Pascal S.A.R.L.
1355,1355,2019-01-02,2019-01-07,en attente,Colas SARL
1356,1356,2025-12-05,2025-12-08,en cours,Lombard
1357,1357,2022-01-25,2022-01-27,en cours,Pasquier Faure S.A.R.L.
1358,1358,2019-06-07,2019-06-10,en cours,Ferreira Verdier S.A.S.
1359,1359,2025-01-13,2025-01-16,en cours,Jacques Robin S.A.S.
1360,1360,2019-04-27,2019-04-30,en cours,Leclerc
1361,1361,2020-03-06,2020-03-10,en attente,Texier S.A.S.
1362,1362,2019-04-12,2019-04-18,livrée,Lambert
1363,1363,2025-02-08,2025-02-14,livrée,Marchal Joly S.A.S.
1364,1364,2019-02-02,2019-02-04,livrée,Parent S.A.
1365,1365,2022-07-17,2022-07-23,en cours,Robin
1366,1366,2025-05-31,2025-06-01,livrée,Muller
1367,1367,2022-06-29,2022-07-02,en cours,Delahaye Marin et Fils
1368,1368,2022-02-11,2022-02-18,livrée,Dufour
1369,1369,2022-08-03,2022-08-10,en cours,Laine Bouvet SA
1370,1370,2024-12-02,2024-12-08,livrée,Breton
1371,1371,2024-09-13,2024-09-16,en attente,Valentin
1372,1372,2023-05-25,2023-05-26,en cours,Louis
1373,1373,2019-10-05,2019-10-06,en cours,Perrin SA
1374,1374,2024-04-20,2024-04-21,livrée,Fontaine SA
1375,1375,2021-09-21,2021-09-27,livrée,Peron
1376,1376,2020-05-29,2020-06-02,livrée,Fernandez SARL
1377,1377,2022-07-26,2022-08-02,en cours,Martins S.A.R.L.
1378,1378,2023-01-23,2023-01-28,livrée,Legrand
1379,1379,2025-11-17,2025-11-19,livrée,Cousin
1380,1380,2021-10-18,2021-10-19,en attente,Jacquet
1381,1381,2019-01-06,2019-01-13,en cours,Roger S.A.S.
1382,1382,2020-09-26,2020-09-27,en attente,Moreno Giraud SA
1383,1383,2025-02-21,2025-02-22,en cours,Simon S.A.
1384,1384,2024-03-12,2024-03-18,livrée,Devaux Fontaine S.A.R.L.
1385,1385,2023-01-12,2023-01-16,en attente,Brun
1386,1386,2019-03-27,2019-03-31,livrée,Bernard
1387,1387,2020-02-06,2020-02-12,en cours,Boutin
1388,1388,2022-12-13,2022-12-19,en cours,Pires SA
1389,1389,2019-01-22,2019-01-29,en attente,Faure
1390,1390,2020-09-11,2020-09-13,en cours,Louis
1391,1391,2021-02-20,2021-02-24,en attente,Grondin Mathieu S.A.S.
1392,1392,2021-05-05,2021-05-07,livrée,Lévy
1393,1393,2019-02-07,2019-02-10,en cours,Jacques
1394,1394,2019-02-26,2019-02-28,en cours,Alves Roche S.A.R.L.
1395,1395,2021-10-20,2021-10-27,en cours,Boulay
1396,1396,2020-02-11,2020-02-14,en attente,Pages S.A.
1397,1397,2022-08-01,2022-08-05,en attente,Charpentier SA
1398,1398,2019-09-21,2019-09-23,en cours,Georges
1399,1399,2019-11-24,2019-11-29,livrée,François Charrier SARL
1400,1400,2019-11-07,2019-11-10,en attente,Roux S.A.S.
1401,1401,2020-10-04,2020-10-07,livrée,Dupont S.A.S.
1402,1402,2021-02-25,2021-02-28,en attente,Lelièvre Schneider S.A.S.
1403,1403,2019-07-15,2019-07-19,livrée,Legrand S.A.
1404,1404,2019-06-30,2019-07-04,livrée,Blot
1405,1405,2025-01-09,2025-01-15,en attente,Henry S.A.R.L.
1406,1406,2025-11-07,2025-11-12,livrée,Weiss SARL
1407,1407,2021-08-19,2021-08-22,en attente,Blanchard Perez SA
1408,1408,2024-12-08,2024-12-13,livrée,Verdier S.A.
1409,1409,2022-07-29,2022-08-01,livrée,Renault Albert S.A.
1410,1410,2025-01-30,2025-02-04,livrée,Meunier Lambert SA
1411,1411,2021-09-26,2021-09-29,livrée,Lebrun SA
1412,1412,2025-11-24,2025-11-27,en cours,Guillon
1413,1413,2019-04-11,2019-04-15,livrée,Tanguy
1414,1414,2024-09-13,2024-09-18,en attente,Lefort
1415,1415,2019-05-17,2019-05-24,en cours,Vallet
1416,1416,2022-10-17,2022-10-21,en cours,Faure S.A.R.L.
1417,1417,2023-09-26,2023-10-02,en cours,Seguin SARL
1418,1418,2022-04-23,2022-04-30,en cours,Lemaire
1419,1419,2025-04-29,2025-04-30,en attente,Roussel
1420,1420,2022-10-18,2022-10-25,en attente,Julien SA
1421,1421,2021-02-03,2021-02-05,livrée,Olivier
1422,1422,2019-12-27,2019-12-28,en attente,Humbert
1423,1423,2025-08-14,2025-08-15,livrée,Weber S.A.S.
1424,1424,2020-01-09,2020-01-15,livrée,Allard Nguyen SARL
1425,1425,2021-06-22,2021-06-28,en cours,Pichon Lucas SARL
1426,1426,2025-04-08,2025-04-15,livrée,Baudry
1427,1427,2022-09-01,2022-09-02,en attente,Colas
1428,1428,2019-10-25,2019-10-31,livrée,Coste S.A.
1429,1429,2025-07-17,2025-07-23,livrée,Guyot
1430,1430,2024-09-04,2024-09-09,en cours,Bailly Letellier S.A.S.
1431,1431,2020-11-25,2020-11-30,en cours,Loiseau
1432,1432,2020-02-26,2020-03-04,livrée,Aubert
1433,1433,2019-05-28,2019-05-29,en cours,Maréchal
1434,1434,2021-05-27,2021-05-28,en attente,Thierry Toussaint SA
1435,1435,2022-05-04,2022-05-07,livrée,Breton Lemonnier S.A.R.L.
1436,1436,2025-12-22,2025-12-23,en attente,Colas
1437,1437,2022-07-31,2022-08-04,livrée,Barre Paris SARL
1438,1438,2022-04-13,2022-04-16,en cours,Lefort S.A.R.L.
1439,1439,2025-10-18,2025-10-25,livrée,Lamy Hubert SARL
1440,1440,2025-02-05,2025-02-09,livrée,Leconte
1441,1441,2024-08-06,2024-08-08,en attente,Godard Marin S.A.R.L.
1442,1442,2019-02-14,2019-02-16,en attente,Leclercq S.A.
1443,1443,2024-02-13,2024-02-20,en attente,Chauvet
1444,1444,2019-09-20,2019-09-27,livrée,Daniel Jacques S.A.S.
1445,1445,2021-10-22,2021-10-29,livrée,Meunier
1446,1446,2024-06-07,2024-06-09,en attente,Gaudin
1447,1447,2024-09-29,2024-10-03,en attente,Tanguy Courtois SA
1448,1448,2024-08-05,2024-08-11,livrée,Raymond
1449,1449,2024-07-13,2024-07-14,livrée,Pottier S.A.
1450,1450,2019-03-06,2019-03-13,en attente,Leclerc Boulanger SARL
1451,1451,2023-01-30,2023-02-01,en cours,David
1452,1452,2020-07-12,2020-07-19,en attente,Verdier
1453,1453,2023-11-08,2023-11-12,en attente,Pires et Fils
1454,1454,2020-02-17,2020-02-21,en attente,Paris
1455,1455,2023-03-27,2023-03-31,en cours,Bonnet SARL
1456,1456,2024-03-22,2024-03-25,en cours,Lefort Berger S.A.S.
1457,1457,2023-07-27,2023-07-30,en attente,Hardy Thomas S.A.R.L.
1458,1458,2023-04-28,2023-05-02,en cours,Grondin SARL
1459,1459,2024-04-29,2024-05-02,en attente,Salmon
1460,1460,2024-02-12,2024-02-15,en attente,Guichard S.A.R.L.
1461,1461,2023-03-09,2023-03-10,en cours,Blanc
1462,1462,2024-12-30,2025-01-02,livrée,Blin
1463,1463,2022-10-16,2022-10-23,livrée,Lemoine Guillot SARL
1464,1464,2024-04-06,2024-04-13,livrée,Garnier
1465,1465,2020-05-10,2020-05-14,en attente,Jean Vasseur SA
1466,1466,2020-03-31,2020-04-01,en attente,Leblanc SARL
1467,1467,2023-03-15,2023-03-17,livrée,Weber
1468,1468,2020-05-20,2020-05-27,en cours,Chevallier
1469,1469,2022-12-30,2023-01-03,en cours,Martineau
1470,1470,2021-03-18,2021-03-25,en attente,Pinto S.A.
1471,1471,2025-09-12,2025-09-19,en attente,Valette
1472,1472,2019-09-25,2019-09-26,livrée,Meunier
1473,1473,2025-05-31,2025-06-02,en attente,Leblanc
1474,1474,2021-08-05,2021-08-09,en attente,Texier et Fils
1475,1475,2021-10-19,2021-10-22,en cours,Delaunay S.A.
1476,1476,2021-05-12,2021-05-17,en attente,Barbier S.A.
1477,1477,2021-04-20,2021-04-21,livrée,Legrand SARL
1478,1478,2020-05-17,2020-05-18,livrée,Traore
1479,1479,2021-08-05,2021-08-10,livrée,Labbé
1480,1480,2024-04-23,2024-04-29,livrée,Marchand
1481,1481,2019-10-08,2019-10-14,en cours,Delaunay
1482,1482,2021-09-06,2021-09-11,en cours,Fournier S.A.S.
1483,1483,2021-06-20,2021-06-23,en cours,Roger Maurice et Fils
1484,1484,2022-07-29,2022-08-05,en attente,Da Costa Morel S.A.S.
1485,1485,2022-01-23,2022-01-28,livrée,Alves SARL
1486,1486,2025-04-28,2025-04-29,en cours,Laporte
1487,1487,2025-08-26,2025-08-30,en attente,Denis SARL
1488,1488,2025-03-20,2025-03-26,en cours,Guillon
1489,1489,2022-07-14,2022-07-17,en cours,Guillon
1490,1490,2019-07-31,2019-08-02,livrée,Robert Giraud S.A.
1491,1491,2025-12-25,2025-12-27,livrée,Mendès Meyer SA
1492,1492,2025-10-13,2025-10-16,livrée,Muller
1493,1493,2023-08-06,2023-08-11,en attente,Devaux Maury S.A.
1494,1494,2025-06-08,2025-06-10,livrée,Bouvet
1495,1495,2024-03-28,2024-03-31,livrée,Prévost Da Silva SARL
1496,1496,2021-05-11,2021-05-17,en attente,Delattre Pereira S.A.
1497,1497,2020-07-26,2020-07-27,livrée,Courtois S.A.R.L.
1498,1498,2020-01-08,2020-01-11,en cours,Toussaint
1499,1499,2022-09-13,2022-09-19,en attente,Menard
1500,1500,2022-04-28,2022-04-30,livrée,Durand et Fils
1501,1501,2022-08-14,2022-08-15,en attente,Lombard
1502,1502,2021-09-10,2021-09-14,en cours,Gérard
1503,1503,2019-05-09,2019-05-12,en cours,Gauthier Gomez SARL
1504,1504,2025-02-22,2025-02-27,en attente,Lemoine
1505,1505,2023-06-20,2023-06-22,livrée,Bazin
1506,1506,2025-04-24,2025-04-25,livrée,Vidal Humbert S.A.
1507,1507,2022-08-01,2022-08-02,en cours,Jourdan
1508,1508,2019-10-31,2019-11-03,livrée,Allain Perret S.A.R.L.
1509,1509,2021-06-07,2021-06-08,en attente,Pires
1510,1510,2019-09-17,2019-09-23,en cours,Blanc
1511,1511,2019-12-24,2019-12-28,livrée,Rousseau Perrot SARL
1512,1512,2024-08-25,2024-09-01,en cours,Duval S.A.S.
1513,1513,2024-03-10,2024-03-11,livrée,Perrot
1514,1514,2019-12-17,2019-12-21,livrée,Lebrun Clément S.A.
1515,1515,2021-06-25,2021-06-27,en cours,François SARL
1516,1516,2022-05-15,2022-05-22,en attente,Guillaume SARL
1517,1517,2019-03-19,2019-03-26,en cours,Adam S.A.R.L.
1518,1518,2025-11-17,2025-11-24,en attente,Benoit
1519,1519,2020-08-20,2020-08-26,en cours,Guillot S.A.
1520,1520,2022-07-06,2022-07-08,livrée,Meyer
1521,1521,2024-04-02,2024-04-05,en cours,Joseph S.A.S.
1522,1522,2021-09-30,2021-10-05,en attente,Hoareau
1523,1523,2022-12-08,2022-12-12,livrée,Roger
1524,1524,2025-05-01,2025-05-04,livrée,Charpentier S.A.S.
1525,1525,2025-05-09,2025-05-13,livrée,Samson
1526,1526,2024-04-08,2024-04-09,en cours,Henry Rousset S.A.R.L.
1527,1527,2019-01-23,2019-01-24,livrée,Berger Colas S.A.
1528,1528,2021-08-12,2021-08-13,livrée,Gomez Delattre SARL
1529,1529,2024-02-09,2024-02-16,livrée,Lebon
1530,1530,2024-02-08,2024-02-14,en cours,Martel
1531,1531,2020-03-06,2020-03-09,livrée,Hamon Lefebvre S.A.S.
1532,1532,2022-12-05,2022-12-08,livrée,Fontaine
1533,1533,2019-04-29,2019-05-05,en cours,Rivière
1534,1534,2025-08-20,2025-08-25,en cours,Auger S.A.S.
1535,1535,2024-04-21,2024-04-28,livrée,Maury S.A.R.L.
1536,1536,2020-09-07,2020-09-08,livrée,Briand
1537,1537,2019-06-12,2019-06-19,en cours,Chrétien
1538,1538,2024-07-07,2024-07-08,livrée,Durand
1539,1539,2025-10-29,2025-11-02,en attente,Lefort
1540,1540,2025-12-22,2025-12-27,en attente,Guillon
1541,1541,2025-05-31,2025-06-06,livrée,Jacob
1542,1542,2023-01-12,2023-01-19,livrée,Morvan SARL
1543,1543,2022-10-12,2022-10-13,en cours,Diaz Fabre SA
1544,1544,2020-02-07,2020-02-11,livrée,Durand
1545,1545,2025-01-30,2025-02-02,livrée,Fernandes
1546,1546,2024-11-12,2024-11-19,livrée,Jacquet Benard S.A.
1547,1547,2022-05-28,2022-06-03,livrée,Chauvin Gosselin S.A.
1548,1548,2021-03-09,2021-03-12,en attente,Guillet
1549,1549,2019-05-28,2019-06-04,livrée,Camus
1550,1550,2021-05-26,2021-06-02,livrée,Seguin SA
1551,1551,2025-12-26,2025-12-27,livrée,Valette
1552,1552,2024-11-05,2024-11-06,en attente,Grenier S.A.R.L.
1553,1553,2021-05-21,2021-05-28,livrée,Regnier Philippe SARL
1554,1554,2025-09-05,2025-09-10,en attente,Allard S.A.
1555,1555,2020-11-05,2020-11-06,en cours,Morin
1556,1556,2024-08-06,2024-08-07,en attente,Jacquet SA
1557,1557,2023-09-29,2023-10-02,livrée,Guyon
1558,1558,2025-12-28,2025-12-29,livrée,Delattre
1559,1559,2024-11-17,2024-11-18,en cours,Faure
1560,1560,2020-06-23,2020-06-25,livrée,Lenoir
1561,1561,2024-01-23,2024-01-28,en cours,Hervé
1562,1562,2025-09-22,2025-09-29,en attente,Baron Mace et Fils
1563,1563,2023-11-13,2023-11-17,livrée,Tanguy S.A.S.
1564,1564,2021-07-19,2021-07-22,en cours,Meunier SA
1565,1565,2020-04-08,2020-04-09,livrée,Guillaume Allain S.A.
1566,1566,2025-08-17,2025-08-19,livrée,Munoz
1567,1567,2023-09-27,2023-10-02,en cours,Leconte
1568,1568,2021-03-17,2021-03-21,livrée,Martins
1569,1569,2019-06-01,2019-06-05,livrée,Diallo Jourdan et Fils
1570,1570,2019-05-15,2019-05-16,en cours,Chevalier et Fils
1571,1571,2019-05-04,2019-05-06,en attente,Allain
1572,1572,2024-07-05,2024-07-08,en cours,Peron Vidal et Fils
1573,1573,2020-06-07,2020-06-10,livrée,Navarro
1574,1574,2024-08-23,2024-08-25,livrée,Grondin
1575,1575,2021-09-14,2021-09-17,en attente,Leclerc et Fils
1576,1576,2024-12-30,2025-01-06,en attente,Potier
1577,1577,2023-10-13,2023-10-15,livrée,Alexandre et Fils
1578,1578,2020-06-10,2020-06-16,en attente,Laine Delannoy SARL
1579,1579,2024-04-19,2024-04-26,livrée,Henry S.A.
1580,1580,2025-02-07,2025-02-11,en cours,Guyot Ramos et Fils
1581,1581,2023-12-15,2023-12-19,livrée,Morvan Fleury S.A.R.L.
1582,1582,2025-09-06,2025-09-12,livrée,Léger
1583,1583,2023-04-13,2023-04-16,en attente,Thibault
1584,1584,2025-05-11,2025-05-14,en cours,Delahaye S.A.
1585,1585,2025-02-03,2025-02-07,livrée,Raymond Morvan SA
1586,1586,2024-09-06,2024-09-10,en attente,Perrier S.A.R.L.
1587,1587,2024-11-24,2024-11-28,livrée,Guibert SARL
1588,1588,2020-04-14,2020-04-16,en attente,Roussel
1589,1589,2019-03-03,2019-03-04,en attente,Chevalier
1590,1590,2021-12-28,2022-01-04,en attente,Muller
1591,1591,2023-10-20,2023-10-22,livrée,Moulin
1592,1592,2021-01-30,2021-02-03,livrée,Faure Grondin SA
1593,1593,2025-11-30,2025-12-04,livrée,Lombard
1594,1594,2022-06-09,2022-06-14,en cours,Dufour
1595,1595,2023-07-07,2023-07-11,livrée,Charpentier
1596,1596,2021-03-23,2021-03-30,en attente,Fernandez
1597,1597,2019-02-07,2019-02-12,en cours,Maillard
1598,1598,2022-06-27,2022-07-03,en cours,Samson
1599,1599,2021-03-31,2021-04-02,en cours,Ruiz S.A.R.L.
1600,1600,2022-09-17,2022-09-20,en cours,Marchal Lefebvre S.A.S.
1601,1601,2019-02-16,2019-02-20,en cours,Raymond
1602,1602,2021-12-17,2021-12-19,en cours,Chauveau
1603,1603,2020-03-17,2020-03-23,livrée,Fernandez S.A.
1604,1604,2021-06-10,2021-06-17,livrée,Ferrand S.A.
1605,1605,2025-01-20,2025-01-27,en attente,Perez
1606,1606,2023-09-05,2023-09-07,en cours,Bigot Perret S.A.
1607,1607,2025-02-01,2025-02-07,en cours,Roy
1608,1608,2021-06-26,2021-06-28,en attente,Guyon
1609,1609,2023-05-28,2023-06-01,livrée,Rodriguez
1610,1610,2024-06-26,2024-06-30,en attente,Faure S.A.S.
1611,1611,2024-11-14,2024-11-21,en attente,Lefort
1612,1612,2021-11-12,2021-11-14,en attente,Navarro
1613,1613,2022-11-12,2022-11-14,en cours,Loiseau S.A.
1614,1614,2024-03-26,2024-03-30,livrée,Dupré
1615,1615,2020-07-09,2020-07-10,en cours,Morvan
1616,1616,2025-12-21,2025-12-22,en cours,Meunier Bouchet SARL
1617,1617,2024-10-03,2024-10-07,en cours,Delahaye
1618,1618,2024-09-16,2024-09-23,en attente,Baudry
1619,1619,2024-04-30,2024-05-05,livrée,Michaud Colas S.A.R.L.
1620,1620,2023-06-07,2023-06-14,en attente,Lopes
1621,1621,2019-04-05,2019-04-07,en attente,Klein
1622,1622,2024-04-14,2024-04-21,en cours,Legros
1623,1623,2019-06-05,2019-06-10,en cours,Pons Martel S.A.
1624,1624,2025-08-09,2025-08-11,livrée,Bourdon Maurice SARL
1625,1625,2022-10-16,2022-10-21,en cours,Carpentier Bernier et Fils
1626,1626,2024-01-18,2024-01-22,livrée,Martineau
1627,1627,2022-09-03,2022-09-09,en attente,Camus
1628,1628,2021-06-01,2021-06-08,livrée,Schmitt S.A.
1629,1629,2020-06-27,2020-07-01,livrée,Tanguy
1630,1630,2020-05-04,2020-05-05,livrée,Millet Leroux S.A.R.L.
1631,1631,2020-02-21,2020-02-23,en cours,Pierre
1632,1632,2025-05-17,2025-05-22,en attente,Leconte
1633,1633,2019-09-01,2019-09-02,en attente,Olivier
1634,1634,2025-10-23,2025-10-29,livrée,Vaillant SARL
1635,1635,2024-02-28,2024-03-06,livrée,Lefèvre Masson S.A.R.L.
1636,1636,2024-03-20,2024-03-27,livrée,Brunel Joubert SA
1637,1637,2020-02-01,2020-02-04,en cours,Millet Léger S.A.
1638,1638,2023-01-02,2023-01-07,livrée,Valentin S.A.S.
1639,1639,2019-01-05,2019-01-11,livrée,Roger SARL
1640,1640,2022-01-22,2022-01-27,livrée,Thibault Torres S.A.R.L.
1641,1641,2019-02-23,2019-02-27,livrée,Martel
1642,1642,2024-12-17,2024-12-21,en cours,Gallet Weber SA
1643,1643,2025-07-06,2025-07-11,en attente,Étienne
1644,1644,2025-09-06,2025-09-07,en attente,Gallet
1645,1645,2019-08-13,2019-08-19,livrée,Robin Charpentier SARL
1646,1646,2023-02-08,2023-02-15,livrée,Deschamps
1647,1647,2023-03-06,2023-03-08,en cours,Lebon SA
1648,1648,2022-02-14,2022-02-17,en cours,Lemonnier Le Roux SA
1649,1649,2024-03-10,2024-03-13,en attente,Nguyen SA
1650,1650,2021-04-07,2021-04-11,en cours,Perrier S.A.
1651,1651,2023-06-29,2023-07-04,en cours,Lejeune SA
1652,1652,2019-04-18,2019-04-19,livrée,Mace Goncalves SA
1653,1653,2021-08-10,2021-08-11,en cours,Blanchard Humbert SARL
1654,1654,2025-01-26,2025-01-31,livrée,Bruneau
1655,1655,2023-01-30,2023-02-06,en cours,Legendre SARL
1656,1656,2025-01-15,2025-01-20,en attente,Georges Barre et Fils
1657,1657,2023-02-27,2023-03-01,en cours,Hamon S.A.
1658,1658,2024-06-15,2024-06-22,en attente,Coulon S.A.R.L.
1659,1659,2020-11-14,2020-11-18,en cours,Riou
1660,1660,2021-11-17,2021-11-23,en attente,Dumas Grégoire et Fils
1661,1661,2022-08-23,2022-08-25,en cours,Blondel
1662,1662,2024-02-23,2024-02-28,livrée,Olivier Antoine SA
1663,1663,2019-05-07,2019-05-13,livrée,Rey Gilbert et Fils
1664,1664,2023-08-07,2023-08-09,en attente,Legros S.A.R.L.
1665,1665,2024-04-14,2024-04-16,livrée,Becker Marty S.A.S.
1666,1666,2022-12-11,2022-12-13,livrée,Adam
1667,1667,2019-06-06,2019-06-13,livrée,Martin
1668,1668,2021-07-28,2021-07-29,en cours,Muller Grenier SARL
1669,1669,2025-06-27,2025-07-04,en cours,Masson Brunel SA
1670,1670,2021-04-02,2021-04-08,livrée,Neveu S.A.
1671,1671,2023-02-16,2023-02-17,en cours,Besnard
1672,1672,2023-05-18,2023-05-22,en cours,Loiseau
1673,1673,2023-09-03,2023-09-07,en cours,Leroux S.A.R.L.
1674,1674,2021-02-05,2021-02-11,en cours,Fleury
1675,1675,2022-11-29,2022-11-30,en cours,Perrier SA
1676,1676,2023-08-02,2023-08-06,livrée,Gonzalez Le Roux S.A.R.L.
1677,1677,2020-09-18,2020-09-22,livrée,Guyot Rémy S.A.
1678,1678,2021-02-23,2021-02-24,en cours,Laine
1679,1679,2024-04-29,2024-05-04,en attente,Chauvin SARL
1680,1680,2021-11-26,2021-12-01,en cours,Dupré Étienne S.A.
1681,1681,2022-08-10,2022-08-11,livrée,Lambert et Fils
1682,1682,2020-11-16,2020-11-19,en attente,Marchand
1683,1683,2023-10-14,2023-10-17,livrée,Imbert S.A.S.
1684,1684,2023-11-01,2023-11-08,livrée,Alves S.A.S.
1685,1685,2025-07-05,2025-07-07,livrée,Barthelemy
1686,1686,2024-09-07,2024-09-10,livrée,Denis
1687,1687,2021-01-12,2021-01-15,en attente,Thibault Hamon S.A.S.
1688,1688,2020-06-18,2020-06-24,en cours,Turpin SARL
1689,1689,2025-12-05,2025-12-06,en cours,Dumont
1690,1690,2021-09-04,2021-09-07,en cours,Guichard
1691,1691,2019-01-02,2019-01-03,en attente,Descamps Vidal S.A.
1692,1692,2019-06-11,2019-06-14,en attente,Cordier
1693,1693,2022-08-19,2022-08-26,en attente,Texier
1694,1694,2023-12-12,2023-12-15,en attente,Lecoq
1695,1695,2025-01-08,2025-01-10,en attente,De Sousa
1696,1696,2020-09-08,2020-09-13,en attente,Delmas
1697,1697,2023-01-03,2023-01-05,en attente,Marchand S.A.
1698,1698,2025-05-05,2025-05-08,livrée,Guillon Andre et Fils
1699,1699,2023-03-11,2023-03-17,en attente,Brunel
1700,1700,2020-10-25,2020-10-28,livrée,Lejeune et Fils
1701,1701,2019-09-09,2019-09-15,en cours,Boutin
1702,1702,2021-11-10,2021-11-16,en attente,Grondin S.A.S.
1703,1703,2021-01-09,2021-01-15,en cours,Poirier Lebon S.A.R.L.
1704,1704,2022-01-17,2022-01-23,livrée,Martineau
1705,1705,2019-05-13,2019-05-16,en attente,Buisson Guibert S.A.R.L.
1706,1706,2023-05-19,2023-05-26,en attente,Laporte Louis S.A.S.
1707,1707,2022-03-03,2022-03-10,en cours,Menard
1708,1708,2023-07-11,2023-07-15,en attente,Marin
1709,1709,2022-09-07,2022-09-13,livrée,Rodriguez Marin S.A.
1710,1710,2023-05-22,2023-05-29,en attente,Laroche
1711,1711,2020-02-10,2020-02-12,en cours,Gomes SA
1712,1712,2024-02-11,2024-02-17,en attente,Rey
1713,1713,2021-07-14,2021-07-17,en attente,Berthelot S.A.R.L.
1714,1714,2019-04-09,2019-04-13,livrée,Guillaume
1715,1715,2021-12-30,2022-01-06,en cours,Evrard Marion S.A.R.L.
1716,1716,2024-11-09,2024-11-12,en cours,Blanchet SA
1717,1717,2023-11-25,2023-11-26,livrée,Gautier
1718,1718,2024-06-22,2024-06-23,en cours,Baudry Ramos S.A.R.L.
1719,1719,2020-02-24,2020-02-29,en cours,Dumas Bourgeois SARL
1720,1720,2019-07-01,2019-07-07,livrée,Leclerc Hebert SARL
1721,1721,2019-07-09,2019-07-14,livrée,Olivier
1722,1722,2023-05-18,2023-05-22,en cours,Couturier
1723,1723,2021-08-15,2021-08-22,livrée,Bonneau Blanc S.A.R.L.
1724,1724,2021-05-01,2021-05-07,en cours,Carpentier
1725,1725,2020-06-07,2020-06-10,en cours,Parent Grenier SA
1726,1726,2019-03-16,2019-03-17,en cours,Berger S.A.R.L.
1727,1727,2022-01-07,2022-01-09,en cours,Joly
1728,1728,2024-05-30,2024-06-01,livrée,Neveu SA
1729,1729,2019-03-25,2019-04-01,livrée,Weber Grégoire SA
1730,1730,2022-11-27,2022-11-30,en attente,Costa
1731,1731,2020-05-31,2020-06-07,en attente,Mathieu Michaud SARL
1732,1732,2023-01-16,2023-01-18,livrée,Peltier SA
1733,1733,2020-01-20,2020-01-22,livrée,Gilles Petit S.A.
1734,1734,2022-05-03,2022-05-04,livrée,Alexandre S.A.
1735,1735,2020-10-23,2020-10-30,en attente,Ruiz
1736,1736,2019-12-26,2020-01-01,en cours,Joseph
1737,1737,2020-03-19,2020-03-24,en cours,Ferreira
1738,1738,2024-11-22,2024-11-24,livrée,Lemoine S.A.R.L.
1739,1739,2019-12-11,2019-12-17,en attente,Michaud
1740,1740,2019-10-01,2019-10-08,livrée,Perrot
1741,1741,2024-02-13,2024-02-18,livrée,Gaudin SA
1742,1742,2019-05-09,2019-05-16,en attente,Guillou S.A.R.L.
1743,1743,2019-04-02,2019-04-03,en cours,Dumont
1744,1744,2022-02-25,2022-03-04,en cours,Mathieu S.A.S.
1745,1745,2020-11-16,2020-11-18,en attente,Meyer
1746,1746,2021-03-03,2021-03-09,livrée,Letellier Leconte S.A.
1747,1747,2020-07-26,2020-07-31,livrée,David Delahaye SARL
1748,1748,2021-01-16,2021-01-20,en cours,Bailly
1749,1749,2025-09-12,2025-09-16,livrée,Bodin SA
1750,1750,2025-07-06,2025-07-11,en cours,Rolland S.A.S.
1751,1751,2019-08-30,2019-09-01,en attente,Pages Giraud et Fils
1752,1752,2019-06-23,2019-06-29,en attente,Aubert
1753,1753,2024-08-05,2024-08-12,livrée,Vaillant S.A.S.
1754,1754,2024-10-05,2024-10-11,en attente,Martin S.A.S.
1755,1755,2025-04-06,2025-04-09,en cours,Hervé
1756,1756,2020-02-06,2020-02-09,livrée,Lamy
1757,1757,2023-12-10,2023-12-13,livrée,Brun
1758,1758,2025-03-16,2025-03-18,livrée,Lopes S.A.S.
1759,1759,2022-01-27,2022-02-01,en attente,Da Silva S.A.R.L.
1760,1760,2025-08-05,2025-08-11,livrée,Toussaint SA
1761,1761,2023-05-22,2023-05-25,en attente,Carlier
1762,1762,2024-08-12,2024-08-17,en cours,Faure Faure S.A.
1763,1763,2021-06-16,2021-06-17,livrée,Marie
1764,1764,2022-11-05,2022-11-06,en attente,Imbert
1765,1765,2022-01-21,2022-01-24,en attente,Richard SARL
1766,1766,2022-02-13,2022-02-20,livrée,Bruneau S.A.
1767,1767,2023-05-15,2023-05-21,en attente,Maury Andre S.A.R.L.
1768,1768,2021-07-29,2021-08-01,en cours,Da Costa
1769,1769,2023-10-06,2023-10-09,en cours,Rodriguez
1770,1770,2024-07-04,2024-07-11,en cours,Diallo et Fils
1771,1771,2019-12-09,2019-12-15,en attente,Seguin
1772,1772,2022-06-30,2022-07-05,en cours,Hebert Blot SARL
1773,1773,2019-12-12,2019-12-18,en cours,Marie Reynaud et Fils
1774,1774,2020-11-09,2020-11-11,en cours,Martin
1775,1775,2021-11-15,2021-11-20,livrée,Laroche Chauvin S.A.S.
1776,1776,2019-04-10,2019-04-14,livrée,Morin
1777,1777,2021-02-02,2021-02-05,en cours,Pons Lévy SA
1778,1778,2020-11-20,2020-11-25,en attente,Pottier Texier et Fils
1779,1779,2023-02-22,2023-02-27,en attente,Payet Da Costa et Fils
1780,1780,2025-05-27,2025-06-01,en cours,Maillet et Fils
1781,1781,2020-05-11,2020-05-14,en cours,Techer
1782,1782,2023-01-02,2023-01-04,en attente,Couturier
1783,1783,2022-01-05,2022-01-11,en cours,Neveu SARL
1784,1784,2019-02-20,2019-02-22,en cours,Germain
1785,1785,2019-07-22,2019-07-23,en attente,Leroy Duhamel SARL
1786,1786,2022-02-04,2022-02-10,livrée,Bouvier
1787,1787,2024-06-20,2024-06-23,en cours,Prévost
1788,1788,2021-11-03,2021-11-07,en attente,Bazin
1789,1789,2025-01-01,2025-01-02,en cours,Rousset
1790,1790,2025-01-09,2025-01-15,en cours,Gros
1791,1791,2021-02-11,2021-02-15,en attente,Boulanger
1792,1792,2025-01-11,2025-01-12,livrée,Fleury
1793,1793,2020-11-17,2020-11-22,en cours,Baron SA
1794,1794,2023-05-24,2023-05-26,en cours,Marty Pottier et Fils
1795,1795,2022-09-05,2022-09-10,en cours,Caron et Fils
1796,1796,2025-11-09,2025-11-11,en attente,Lebrun
1797,1797,2019-09-30,2019-10-06,livrée,Jacquot S.A.S.
1798,1798,2023-08-08,2023-08-15,en attente,Rodriguez SA
1799,1799,2020-11-07,2020-11-08,en attente,Hamel
1800,1800,2024-08-26,2024-08-29,en cours,Sauvage SA
1801,1801,2020-10-02,2020-10-05,en cours,Delannoy Masson S.A.S.
1802,1802,2025-04-04,2025-04-08,livrée,Sanchez
1803,1803,2023-02-07,2023-02-08,livrée,Robin
1804,1804,2025-09-29,2025-10-01,livrée,Pasquier et Fils
1805,1805,2023-01-08,2023-01-13,en cours,Huet S.A.R.L.
1806,1806,2023-12-09,2023-12-10,en cours,Cordier
1807,1807,2023-10-19,2023-10-23,en attente,Pelletier
1808,1808,2024-11-26,2024-11-29,en cours,Dubois S.A.R.L.
1809,1809,2019-03-21,2019-03-24,en attente,Wagner
1810,1810,2025-04-27,2025-04-30,livrée,Lacombe
1811,1811,2019-07-20,2019-07-26,en attente,Perret S.A.S.
1812,1812,2019-05-11,2019-05-12,livrée,Nguyen S.A.
1813,1813,2020-08-13,2020-08-16,en cours,Mary
1814,1814,2024-11-19,2024-11-22,en cours,Chauvin
1815,1815,2019-04-15,2019-04-18,livrée,Gomes
1816,1816,2025-12-19,2025-12-22,en cours,Deschamps
1817,1817,2024-11-02,2024-11-04,en attente,Carlier
1818,1818,2021-09-20,2021-09-27,en cours,Dupuy
1819,1819,2023-03-23,2023-03-25,en attente,Mace SARL
1820,1820,2022-09-10,2022-09-17,livrée,Blanchard S.A.S.
1821,1821,2025-07-06,2025-07-09,en cours,Delaunay
1822,1822,2020-11-11,2020-11-16,en attente,Giraud S.A.S.
1823,1823,2020-10-17,2020-10-20,livrée,Lefèvre Imbert SARL
1824,1824,2019-01-13,2019-01-19,livrée,Vidal Bourdon SA
1825,1825,2023-03-16,2023-03-20,en cours,Rossi Verdier SA
1826,1826,2020-08-27,2020-08-29,livrée,Mendès
1827,1827,2019-10-28,2019-11-04,en cours,Toussaint Pelletier SA
1828,1828,2023-08-05,2023-08-07,en attente,Delannoy
1829,1829,2023-01-09,2023-01-15,en attente,Valette S.A.
1830,1830,2024-02-26,2024-03-02,livrée,Launay et Fils
1831,1831,2020-07-08,2020-07-14,en cours,Henry
1832,1832,2023-05-18,2023-05-21,livrée,Klein
1833,1833,2024-07-08,2024-07-13,en attente,Fouquet Simon S.A.S.
1834,1834,2024-06-12,2024-06-16,en attente,Briand
1835,1835,2020-07-09,2020-07-13,en attente,Lebon Benoit SARL
1836,1836,2020-04-13,2020-04-14,en cours,Torres S.A.
1837,1837,2024-02-14,2024-02-17,en cours,Michel S.A.
1838,1838,2020-09-22,2020-09-23,livrée,Lévêque
1839,1839,2019-07-28,2019-08-01,en attente,Jacquet
1840,1840,2019-01-11,2019-01-17,en cours,Joseph
1841,1841,2025-10-13,2025-10-18,en cours,Lemonnier
1842,1842,2021-11-23,2021-11-29,en attente,Barbe Carpentier SARL
1843,1843,2019-09-13,2019-09-17,en cours,Bruneau et Fils
1844,1844,2019-04-24,2019-04-26,livrée,Morvan et Fils
1845,1845,2021-11-05,2021-11-07,livrée,Menard S.A.R.L.
1846,1846,2024-11-09,2024-11-15,livrée,Georges et Fils
1847,1847,2025-09-14,2025-09-19,livrée,Lefèvre
1848,1848,2024-03-20,2024-03-26,en attente,Lejeune SA
1849,1849,2022-05-23,2022-05-29,en cours,Delahaye S.A.R.L.
1850,1850,2022-06-14,2022-06-17,livrée,Roy
1851,1851,2022-03-19,2022-03-24,en cours,Baudry S.A.
1852,1852,2022-11-06,2022-11-12,en cours,Pichon
1853,1853,2022-02-28,2022-03-06,en cours,Regnier Philippe SA
1854,1854,2022-02-11,2022-02-13,en cours,Dias
1855,1855,2025-06-07,2025-06-11,en cours,Hoarau
1856,1856,2024-03-30,2024-04-06,en cours,De Oliveira
1857,1857,2023-03-18,2023-03-22,en attente,Grondin Brun SA
1858,1858,2019-11-13,2019-11-15,en cours,Allain
1859,1859,2020-02-17,2020-02-18,en cours,Gonzalez
1860,1860,2025-06-08,2025-06-09,livrée,Lenoir
1861,1861,2024-03-29,2024-04-01,livrée,Fernandez S.A.R.L.
1862,1862,2023-02-26,2023-03-04,en cours,Renault Rémy et Fils
1863,1863,2020-09-06,2020-09-09,en attente,Léger
1864,1864,2024-09-23,2024-09-25,en cours,Barbe
1865,1865,2020-12-24,2020-12-27,en cours,Gomes
1866,1866,2023-06-12,2023-06-14,en cours,Maillet SARL
1867,1867,2024-12-10,2024-12-13,en attente,Hoarau
1868,1868,2023-08-06,2023-08-13,en cours,Perrier Texier S.A.R.L.
1869,1869,2024-11-26,2024-11-30,livrée,Hoareau
1870,1870,2021-01-01,2021-01-06,livrée,Lefort SARL
1871,1871,2025-10-23,2025-10-26,en attente,Leleu Durand S.A.
1872,1872,2025-09-03,2025-09-07,en cours,Laroche S.A.
1873,1873,2021-12-27,2022-01-03,en attente,Blin
1874,1874,2021-12-22,2021-12-29,en cours,Martins Bouchet S.A.
1875,1875,2023-08-15,2023-08-21,en cours,Moreau
1876,1876,2022-01-07,2022-01-10,en attente,Bonneau
1877,1877,2022-10-08,2022-10-09,livrée,Duhamel Pelletier SARL
1878,1878,2022-02-26,2022-02-28,en attente,Turpin
1879,1879,2024-06-06,2024-06-09,en attente,Diaz Parent S.A.
1880,1880,2019-09-21,2019-09-26,en attente,Martins S.A.S.
1881,1881,2020-12-01,2020-12-03,livrée,Maillard
1882,1882,2020-03-26,2020-03-29,en cours,Dupuis SA
1883,1883,2025-02-09,2025-02-14,en cours,Masson Hoarau S.A.
1884,1884,2020-07-11,2020-07-15,livrée,Moulin et Fils
1885,1885,2021-05-31,2021-06-03,en cours,Dupuy Guillaume S.A.
1886,1886,2022-04-06,2022-04-12,en cours,Barre
1887,1887,2024-07-23,2024-07-29,en cours,Guillet SARL
1888,1888,2021-08-24,2021-08-31,livrée,Delannoy Leduc S.A.
1889,1889,2020-11-29,2020-12-05,en cours,Maréchal
1890,1890,2020-06-15,2020-06-16,en attente,Moreno
1891,1891,2025-07-23,2025-07-29,en cours,Chauvin
1892,1892,2025-08-21,2025-08-23,livrée,Denis SARL
1893,1893,2025-10-09,2025-10-12,livrée,Colas
1894,1894,2022-12-12,2022-12-17,en cours,Hernandez
1895,1895,2021-03-15,2021-03-21,en attente,Chauvin et Fils
1896,1896,2023-01-13,2023-01-19,en attente,Louis et Fils
1897,1897,2025-03-29,2025-04-01,en attente,Lucas S.A.
1898,1898,2024-01-16,2024-01-17,livrée,Martins Thibault SA
1899,1899,2024-05-05,2024-05-12,livrée,Besson
1900,1900,2022-01-04,2022-01-09,livrée,Fontaine Lacroix S.A.R.L.
1901,1901,2025-12-03,2025-12-04,livrée,Chartier S.A.S.
1902,1902,2021-04-05,2021-04-06,en attente,Bouchet
1903,1903,2019-08-03,2019-08-09,livrée,Letellier S.A.R.L.
1904,1904,2020-08-24,2020-08-25,en attente,Moreno Lenoir S.A.
1905,1905,2023-06-13,2023-06-19,livrée,Guillot
1906,1906,2025-06-27,2025-06-28,en cours,Coste Pelletier SARL
1907,1907,2020-08-04,2020-08-05,en attente,Pelletier Lévêque S.A.R.L.
1908,1908,2023-12-03,2023-12-09,en attente,Delattre Bousquet SA
1909,1909,2022-12-29,2023-01-01,livrée,Guillaume Wagner S.A.S.
1910,1910,2019-01-24,2019-01-29,en cours,Joubert Clerc SARL
1911,1911,2019-05-13,2019-05-15,en attente,Pruvost
1912,1912,2020-03-16,2020-03-23,en attente,Delahaye Verdier et Fils
1913,1913,2021-04-13,2021-04-15,en attente,Weiss et Fils
1914,1914,2019-01-23,2019-01-25,en attente,Roger S.A.
1915,1915,2022-11-26,2022-11-30,en attente,Morel Brunet SA
1916,1916,2019-09-05,2019-09-12,livrée,Hamel
1917,1917,2024-08-29,2024-08-30,livrée,Maillard
1918,1918,2023-10-23,2023-10-25,en attente,Lesage Bouchet S.A.
1919,1919,2024-07-15,2024-07-19,en cours,Rousset S.A.
1920,1920,2025-09-19,2025-09-23,livrée,Roger
1921,1921,2020-05-05,2020-05-09,en attente,Maury S.A.
1922,1922,2020-02-01,2020-02-03,en cours,Chevallier SARL
1923,1923,2019-01-27,2019-01-29,livrée,Munoz
1924,1924,2024-12-26,2025-01-01,en cours,Rodriguez
1925,1925,2021-08-06,2021-08-12,en cours,Vallée Bouchet S.A.R.L.
1926,1926,2024-07-05,2024-07-07,en cours,Maillet Fernandez SA
1927,1927,2023-11-09,2023-11-12,en attente,Maurice Dumont S.A.
1928,1928,2023-08-23,2023-08-29,en attente,François Guyon S.A.S.
1929,1929,2023-03-07,2023-03-12,livrée,Grondin
1930,1930,2020-03-14,2020-03-18,livrée,Nguyen
1931,1931,2025-06-27,2025-07-01,livrée,Pasquier Brunel et Fils
1932,1932,2022-01-04,2022-01-11,en cours,Guyon S.A.S.
1933,1933,2025-03-09,2025-03-16,en cours,Pineau
1934,1934,2023-03-01,2023-03-06,en cours,Barre Schneider et Fils
1935,1935,2022-12-10,2022-12-13,en attente,Lesage SARL
1936,1936,2022-12-02,2022-12-03,en attente,Bouvier Samson SARL
1937,1937,2021-09-22,2021-09-29,en attente,Dufour
1938,1938,2019-12-11,2019-12-15,livrée,Auger
1939,1939,2020-09-29,2020-10-05,en cours,Gonzalez S.A.S.
1940,1940,2021-08-14,2021-08-18,en cours,Buisson
1941,1941,2022-01-28,2022-01-30,en attente,Vaillant Gaudin SARL
1942,1942,2019-04-13,2019-04-19,en cours,Deschamps SARL
1943,1943,2019-06-28,2019-07-05,en attente,Laporte
1944,1944,2023-06-07,2023-06-11,en cours,Chartier S.A.R.L.
1945,1945,2023-09-09,2023-09-13,livrée,Marques Bonnin S.A.R.L.
1946,1946,2021-04-17,2021-04-22,livrée,Delmas S.A.R.L.
1947,1947,2025-06-08,2025-06-10,livrée,Hamon Bertrand S.A.R.L.
1948,1948,2022-01-13,2022-01-14,livrée,Alves Leroux et Fils
1949,1949,2021-09-29,2021-10-05,en cours,Grenier S.A.
1950,1950,2023-12-25,2023-12-30,livrée,Fischer
1951,1951,2020-08-08,2020-08-12,livrée,Ribeiro
1952,1952,2019-03-07,2019-03-14,en cours,Monnier SA
1953,1953,2023-03-06,2023-03-11,en cours,Dupont S.A.S.
1954,1954,2021-06-07,2021-06-08,en attente,Poirier Léger S.A.S.
1955,1955,2020-10-20,2020-10-24,en cours,Pelletier S.A.
1956,1956,2020-09-22,2020-09-28,en attente,Reynaud
1957,1957,2022-04-21,2022-04-28,livrée,Dubois
1958,1958,2019-09-17,2019-09-21,livrée,Chauvet Allard SA
1959,1959,2024-11-10,2024-11-14,livrée,Charles SA
1960,1960,2020-07-24,2020-07-25,en attente,Didier
1961,1961,2025-07-02,2025-07-06,en attente,Rossi Potier S.A.
1962,1962,2020-07-27,2020-07-28,livrée,Clément
1963,1963,2019-02-18,2019-02-22,en cours,Ollivier Perez S.A.
1964,1964,2023-04-30,2023-05-05,livrée,Mace
1965,1965,2020-12-04,2020-12-11,en cours,Charles
1966,1966,2024-09-15,2024-09-18,livrée,Blanchard Reynaud S.A.
1967,1967,2020-02-18,2020-02-23,en cours,Poulain SA
1968,1968,2021-09-12,2021-09-14,en cours,Coulon
1969,1969,2024-04-16,2024-04-20,en attente,Poulain
1970,1970,2021-03-26,2021-03-30,en attente,Jean
1971,1971,2022-04-15,2022-04-21,livrée,Bertrand
1972,1972,2023-12-16,2023-12-17,en attente,Gay S.A.
1973,1973,2025-05-02,2025-05-06,en attente,Costa
1974,1974,2022-08-16,2022-08-18,en attente,Diaz
1975,1975,2025-06-14,2025-06-20,en attente,Vidal
1976,1976,2020-04-19,2020-04-21,en cours,Gérard
1977,1977,2019-12-28,2020-01-02,en attente,Ledoux Raymond SA
1978,1978,2020-03-26,2020-03-27,en cours,Meunier
1979,1979,2025-04-29,2025-05-05,en attente,Guillou Leclercq SARL
1980,1980,2024-03-30,2024-04-05,en cours,Pierre
1981,1981,2019-05-12,2019-05-19,livrée,Bodin
1982,1982,2019-04-11,2019-04-18,en attente,Martel
1983,1983,2019-06-23,2019-06-29,en cours,Lagarde
1984,1984,2021-09-10,2021-09-16,livrée,Maréchal
1985,1985,2025-02-24,2025-02-26,en cours,Fabre Thomas S.A.
1986,1986,2019-10-19,2019-10-25,en cours,Maillard
1987,1987,2024-10-29,2024-10-30,en attente,Delorme Besnard et Fils
1988,1988,2021-03-05,2021-03-08,livrée,Pascal S.A.S.
1989,1989,2024-08-31,2024-09-05,livrée,Boulanger Fernandez SARL
1990,1990,2020-09-26,2020-09-28,en cours,Pichon Vasseur S.A.S.
1991,1991,2025-02-06,2025-02-08,livrée,Gilles
1992,1992,2020-12-27,2021-01-01,en cours,Rodrigues Pons et Fils
1993,1993,2021-01-26,2021-01-31,en cours,Ramos
1994,1994,2021-04-02,2021-04-08,livrée,Germain
1995,1995,2022-01-25,2022-01-29,en attente,Traore S.A.S.
1996,1996,2022-03-11,2022-03-16,en cours,Renard SARL
1997,1997,2024-01-31,2024-02-03,en cours,Vallée SARL
1998,1998,2019-03-16,2019-03-21,livrée,Voisin Martineau SARL
1999,1999,2021-11-25,2021-11-28,en attente,Bigot Vallée SARL
2000,2000,2020-05-18,2020-05-21,livrée,Durand Tessier SARL
2001,2001,2025-04-10,2025-04-17,livrée,Lesage
2002,2002,2021-03-26,2021-03-30,en attente,Lemaître
2003,2003,2024-08-29,2024-09-01,livrée,Barbe
2004,2004,2019-07-24,2019-07-29,livrée,Dos Santos Merle S.A.S.
2005,2005,2020-07-04,2020-07-11,livrée,Lesage S.A.S.
2006,2006,2023-04-18,2023-04-19,en cours,Marin SARL
2007,2007,2022-03-10,2022-03-15,en attente,Gimenez SA
2008,2008,2020-02-23,2020-02-26,en attente,Boyer SA
2009,2009,2020-10-01,2020-10-08,en cours,Guibert SA
2010,2010,2023-04-17,2023-04-20,en cours,Imbert Jacquot SA
2011,2011,2021-09-11,2021-09-13,en attente,Cordier S.A.R.L.
2012,2012,2025-08-08,2025-08-10,livrée,Roy
2013,2013,2020-09-29,2020-10-05,en cours,Leroy
2014,2014,2025-07-31,2025-08-02,en cours,Thibault Labbé SARL
2015,2015,2020-07-01,2020-07-06,en attente,Gros SA
2016,2016,2025-12-09,2025-12-16,livrée,Becker Gallet et Fils
2017,2017,2022-05-12,2022-05-19,livrée,Marty Coste S.A.
2018,2018,2024-10-05,2024-10-09,en cours,Gilles
2019,2019,2020-05-25,2020-05-31,en attente,Morvan
2020,2020,2024-04-06,2024-04-12,en cours,Millet Guyot et Fils
2021,2021,2019-04-04,2019-04-05,en attente,Marty Guichard S.A.S.
2022,2022,2020-07-07,2020-07-11,livrée,Cordier
2023,2023,2019-12-21,2019-12-22,en cours,Le Roux Bonnet et Fils
2024,2024,2020-02-03,2020-02-10,en attente,Rivière Roux SA
2025,2025,2025-08-16,2025-08-20,livrée,Chartier Gomez S.A.
2026,2026,2023-11-18,2023-11-19,livrée,Gonzalez et Fils
2027,2027,2022-12-24,2022-12-27,en attente,Joubert
2028,2028,2021-09-12,2021-09-13,livrée,Gauthier Brunet S.A.S.
2029,2029,2022-02-28,2022-03-05,en attente,Legendre
2030,2030,2023-05-26,2023-06-01,en attente,Neveu S.A.R.L.
2031,2031,2024-11-13,2024-11-19,livrée,Charpentier et Fils
2032,2032,2025-09-01,2025-09-04,en cours,Roux Alves et Fils
2033,2033,2020-06-09,2020-06-13,en cours,Étienne SA
2034,2034,2021-04-29,2021-05-03,en attente,Rousset
2035,2035,2025-04-11,2025-04-12,en cours,Boyer
2036,2036,2025-02-23,2025-03-02,livrée,Dupuy Philippe S.A.R.L.
2037,2037,2022-06-11,2022-06-18,en cours,Nicolas S.A.R.L.
2038,2038,2019-06-22,2019-06-29,en attente,Colin
2039,2039,2020-06-20,2020-06-27,livrée,Le Gall Lambert SARL
2040,2040,2023-08-17,2023-08-22,en cours,Nicolas
2041,2041,2020-02-06,2020-02-13,livrée,Bailly
2042,2042,2023-12-23,2023-12-27,en cours,Sanchez
2043,2043,2022-01-21,2022-01-25,livrée,Evrard S.A.S.
2044,2044,2022-11-14,2022-11-18,livrée,Collet
2045,2045,2021-02-23,2021-03-01,en cours,Navarro Bouchet S.A.
2046,2046,2020-05-01,2020-05-06,en attente,Alexandre
2047,2047,2019-07-30,2019-08-04,en cours,Lévy S.A.
2048,2048,2021-10-08,2021-10-11,en attente,Nguyen
2049,2049,2020-09-06,2020-09-10,en attente,De Sousa Bailly SA
2050,2050,2021-10-15,2021-10-20,en attente,Maillet
2051,2051,2024-09-05,2024-09-06,en cours,Jacques
2052,2052,2020-04-28,2020-05-03,en cours,Ribeiro
2053,2053,2022-07-04,2022-07-08,en attente,Le Goff
2054,2054,2023-09-21,2023-09-22,livrée,Guillon
2055,2055,2020-09-25,2020-09-28,en attente,Lemoine SA
2056,2056,2022-12-08,2022-12-13,en cours,Alves SARL
2057,2057,2024-08-04,2024-08-07,en cours,Jacquot
2058,2058,2021-06-27,2021-07-03,en cours,Guillaume
2059,2059,2023-12-07,2023-12-13,en cours,Gauthier
2060,2060,2023-05-14,2023-05-18,en attente,Leclerc Paul SA
2061,2061,2020-07-20,2020-07-24,livrée,Lejeune Meunier S.A.
2062,2062,2022-11-10,2022-11-13,en attente,Dos Santos
2063,2063,2025-12-25,2025-12-30,en attente,Garnier
2064,2064,2020-08-09,2020-08-14,en attente,Teixeira Petit SA
2065,2065,2024-08-17,2024-08-20,en cours,Carlier S.A.S.
2066,2066,2025-06-26,2025-06-30,en cours,Julien S.A.R.L.
2067,2067,2020-07-11,2020-07-16,en attente,Benoit
2068,2068,2025-01-01,2025-01-05,en cours,Richard
2069,2069,2024-05-26,2024-05-28,livrée,Georges
2070,2070,2021-02-15,2021-02-18,en attente,Charpentier
2071,2071,2020-04-21,2020-04-26,en cours,Girard
2072,2072,2022-06-01,2022-06-05,en attente,Descamps S.A.R.L.
2073,2073,2020-03-30,2020-04-01,en cours,Joseph SARL
2074,2074,2025-01-12,2025-01-16,en attente,Paris
2075,2075,2019-03-16,2019-03-20,en cours,Perret
2076,2076,2024-01-04,2024-01-11,en attente,Joly
2077,2077,2019-10-14,2019-10-19,livrée,Thomas et Fils
2078,2078,2023-08-12,2023-08-17,en cours,Seguin
2079,2079,2023-09-03,2023-09-05,livrée,Voisin
2080,2080,2020-03-22,2020-03-26,livrée,Bruneau
2081,2081,2023-12-30,2023-12-31,en cours,Cordier
2082,2082,2019-07-22,2019-07-24,en attente,Maillard S.A.R.L.
2083,2083,2023-05-10,2023-05-15,livrée,Gomes
2084,2084,2025-07-21,2025-07-25,en cours,Goncalves
2085,2085,2022-09-02,2022-09-08,en attente,Adam
2086,2086,2020-06-16,2020-06-18,en attente,Dufour Torres S.A.R.L.
2087,2087,2022-09-19,2022-09-22,en cours,Georges
2088,2088,2019-08-01,2019-08-05,en attente,Briand
2089,2089,2022-10-20,2022-10-23,en attente,Gauthier
2090,2090,2024-06-01,2024-06-06,en cours,Morvan Leroy S.A.R.L.
2091,2091,2020-12-25,2021-01-01,en attente,Ramos
2092,2092,2019-02-10,2019-02-13,livrée,Roussel Legendre S.A.R.L.
2093,2093,2021-08-15,2021-08-20,en attente,Poirier
2094,2094,2022-05-28,2022-06-02,livrée,Devaux
2095,2095,2024-08-15,2024-08-21,livrée,Breton
2096,2096,2019-12-18,2019-12-23,livrée,Le Gall SA
2097,2097,2023-07-30,2023-08-02,livrée,Labbé
2098,2098,2019-02-15,2019-02-16,en cours,Gilles S.A.S.
2099,2099,2023-07-25,2023-07-27,en attente,Guillot Chevallier S.A.S.
2100,2100,2019-01-14,2019-01-17,en cours,Barthelemy Le Gall S.A.
2101,2101,2021-11-21,2021-11-24,en cours,Le Gall Maréchal S.A.
2102,2102,2021-05-15,2021-05-18,en cours,Vincent
2103,2103,2021-08-05,2021-08-09,en cours,Lacroix Breton SA
2104,2104,2022-09-14,2022-09-19,en attente,Bodin Lebon et Fils
2105,2105,2023-05-29,2023-06-04,en attente,Guillet SARL
2106,2106,2024-08-17,2024-08-18,en cours,Rey
2107,2107,2024-10-28,2024-11-01,en cours,Besson Gérard S.A.S.
2108,2108,2025-03-17,2025-03-21,en attente,Dupuis Ribeiro et Fils
2109,2109,2019-11-24,2019-11-28,en attente,Normand et Fils
2110,2110,2022-05-24,2022-05-31,livrée,Roche
2111,2111,2021-12-17,2021-12-19,livrée,Guyon S.A.S.
2112,2112,2024-01-08,2024-01-14,livrée,Tanguy
2113,2113,2021-12-20,2021-12-26,livrée,Bourgeois Boyer S.A.
2114,2114,2023-11-08,2023-11-13,en cours,Delahaye SA
2115,2115,2022-02-02,2022-02-05,livrée,Alexandre
2116,2116,2025-07-15,2025-07-18,en attente,Boyer et Fils
2117,2117,2020-03-13,2020-03-19,livrée,Torres
2118,2118,2022-12-29,2023-01-05,livrée,Devaux Roy SA
2119,2119,2021-06-14,2021-06-19,en cours,Rousseau
2120,2120,2021-02-26,2021-03-02,en cours,Bailly Verdier SARL
2121,2121,2019-05-27,2019-06-03,en cours,De Sousa
2122,2122,2021-01-12,2021-01-18,en attente,Fischer SARL
2123,2123,2021-12-07,2021-12-14,en cours,Martel Mary S.A.
2124,2124,2022-07-11,2022-07-15,livrée,Devaux Alves SA
2125,2125,2019-01-06,2019-01-09,livrée,Martineau
2126,2126,2025-08-25,2025-08-27,livrée,Jourdan
2127,2127,2022-03-16,2022-03-21,en cours,Thomas Deschamps et Fils
2128,2128,2021-03-31,2021-04-01,en attente,Paris
2129,2129,2021-05-29,2021-05-30,en attente,Perez Pinto S.A.R.L.
2130,2130,2020-11-13,2020-11-20,en attente,Lecomte Legendre S.A.S.
2131,2131,2019-10-04,2019-10-05,en attente,Menard et Fils
2132,2132,2020-05-25,2020-05-29,en attente,Bigot
2133,2133,2023-10-11,2023-10-17,en cours,Vincent Blot SARL
2134,2134,2021-12-14,2021-12-21,en attente,Durand Raymond S.A.
2135,2135,2019-03-21,2019-03-27,en attente,Seguin S.A.
2136,2136,2025-01-25,2025-01-29,en attente,Toussaint et Fils
2137,2137,2022-03-17,2022-03-20,livrée,Huet
2138,2138,2020-07-27,2020-07-30,en cours,Marion
2139,2139,2020-08-17,2020-08-18,livrée,Le Goff
2140,2140,2023-08-23,2023-08-24,livrée,Costa
2141,2141,2025-06-15,2025-06-21,en attente,Poulain SARL
2142,2142,2024-08-06,2024-08-08,en attente,Maury S.A.
2143,2143,2020-04-18,2020-04-21,livrée,Germain S.A.S.
2144,2144,2025-09-27,2025-09-28,livrée,Boulay Lévy S.A.R.L.
2145,2145,2023-05-14,2023-05-19,en cours,Robin
2146,2146,2024-03-22,2024-03-27,en cours,Imbert S.A.
2147,2147,2020-04-19,2020-04-20,en attente,Lelièvre
2148,2148,2025-06-22,2025-06-28,en cours,Delattre Martins S.A.R.L.
2149,2149,2020-10-24,2020-10-25,en attente,Normand
2150,2150,2020-03-13,2020-03-14,livrée,Potier Merle SA
2151,2151,2024-06-14,2024-06-21,en attente,Mallet Hoarau SA
2152,2152,2019-09-29,2019-10-06,livrée,Prévost Blanchard S.A.S.
2153,2153,2025-11-13,2025-11-19,livrée,Laine Faure et Fils
2154,2154,2020-12-23,2020-12-26,livrée,Samson
2155,2155,2019-01-19,2019-01-24,en attente,Poirier Camus S.A.
2156,2156,2019-05-04,2019-05-11,livrée,Henry et Fils
2157,2157,2025-04-29,2025-05-02,en attente,Da Silva Michaud et Fils
2158,2158,2020-12-03,2020-12-04,en cours,Dumas
2159,2159,2019-02-09,2019-02-12,livrée,Paul
2160,2160,2024-01-28,2024-02-04,livrée,Lenoir S.A.S.
2161,2161,2023-01-09,2023-01-16,livrée,Peltier
2162,2162,2023-05-13,2023-05-16,en cours,Gay
2163,2163,2022-06-29,2022-07-04,en attente,Bouvier Faure SARL
2164,2164,2025-06-28,2025-07-01,livrée,Gilbert Philippe S.A.S.
2165,2165,2025-12-09,2025-12-10,en cours,Clerc S.A.R.L.
2166,2166,2020-11-03,2020-11-05,livrée,Gaudin
2167,2167,2020-03-07,2020-03-11,livrée,Schneider
2168,2168,2025-12-23,2025-12-30,en attente,Traore
2169,2169,2024-06-06,2024-06-07,en attente,Collet
2170,2170,2021-08-13,2021-08-17,en cours,Rousset SA
2171,2171,2019-02-10,2019-02-11,livrée,Rolland
2172,2172,2022-10-31,2022-11-04,livrée,Bouvier
2173,2173,2021-12-02,2021-12-05,livrée,Lefèvre
2174,2174,2020-06-15,2020-06-17,livrée,Morin SARL
2175,2175,2024-01-29,2024-02-02,en cours,Deschamps
2176,2176,2019-02-28,2019-03-06,en attente,Rivière SA
2177,2177,2019-02-11,2019-02-18,livrée,Michaud
2178,2178,2020-04-01,2020-04-06,en cours,Bazin Besson S.A.
2179,2179,2025-12-10,2025-12-17,en attente,Sauvage Grégoire SA
2180,2180,2025-09-06,2025-09-11,livrée,Reynaud et Fils
2181,2181,2022-08-01,2022-08-02,livrée,Gay S.A.
2182,2182,2024-07-01,2024-07-08,en cours,Lagarde Renard SA
2183,2183,2019-11-11,2019-11-14,livrée,Pierre SARL
2184,2184,2023-07-03,2023-07-07,en attente,Hamel SARL
2185,2185,2020-03-17,2020-03-21,livrée,Hamel
2186,2186,2024-04-02,2024-04-08,en cours,Cohen Weiss et Fils
2187,2187,2023-08-15,2023-08-16,en cours,Vallet S.A.
2188,2188,2023-08-22,2023-08-26,en attente,Peltier
2189,2189,2021-05-28,2021-05-29,en attente,Leconte
2190,2190,2021-12-16,2021-12-21,en attente,Martins
2191,2191,2023-04-16,2023-04-21,en attente,Carpentier
2192,2192,2024-01-12,2024-01-19,en cours,Carpentier SARL
2193,2193,2023-03-20,2023-03-26,livrée,Pons Ledoux S.A.S.
2194,2194,2025-06-22,2025-06-28,en attente,Guérin
2195,2195,2020-01-14,2020-01-19,en attente,Devaux
2196,2196,2024-04-20,2024-04-25,en cours,Monnier Valette SA
2197,2197,2023-03-04,2023-03-11,en cours,Lopez S.A.R.L.
2198,2198,2021-07-05,2021-07-12,livrée,Tanguy Guillaume S.A.
2199,2199,2019-06-23,2019-06-29,en attente,Chevallier SARL
2200,2200,2019-09-27,2019-10-04,en cours,Da Costa
2201,2201,2022-11-21,2022-11-22,en cours,Raymond Didier et Fils
2202,2202,2020-01-12,2020-01-14,en cours,Dupuis
2203,2203,2023-09-30,2023-10-03,livrée,Couturier
2204,2204,2024-12-30,2025-01-02,en cours,Marin
2205,2205,2025-06-08,2025-06-15,en attente,Diallo
2206,2206,2023-11-28,2023-12-02,livrée,Besson SARL
2207,2207,2020-09-12,2020-09-15,en attente,Bailly
2208,2208,2019-06-13,2019-06-17,en attente,Bègue Besson S.A.S.
2209,2209,2020-06-16,2020-06-22,livrée,Berger
2210,2210,2019-07-15,2019-07-17,en cours,Munoz
2211,2211,2020-04-06,2020-04-13,en attente,Gosselin Moreau S.A.S.
2212,2212,2019-02-23,2019-02-28,livrée,Gonzalez
2213,2213,2020-07-27,2020-07-29,en attente,Delattre
2214,2214,2022-05-29,2022-06-02,en attente,Vasseur SA
2215,2215,2023-08-24,2023-08-27,livrée,Schmitt et Fils
2216,2216,2024-10-21,2024-10-23,en cours,Moreno
2217,2217,2022-02-18,2022-02-21,livrée,Leroux Navarro S.A.R.L.
2218,2218,2021-08-10,2021-08-15,en cours,Marin
2219,2219,2021-12-15,2021-12-22,en cours,Faivre SARL
2220,2220,2020-05-28,2020-06-03,en cours,Nicolas
2221,2221,2023-05-22,2023-05-23,livrée,Lemonnier
2222,2222,2024-10-24,2024-10-28,livrée,Benoit
2223,2223,2025-12-22,2025-12-27,livrée,Clerc
2224,2224,2025-06-15,2025-06-20,en cours,Charles Regnier SARL
2225,2225,2019-02-16,2019-02-21,livrée,Duval et Fils
2226,2226,2024-09-01,2024-09-04,en attente,Charpentier
2227,2227,2023-07-13,2023-07-14,en attente,Noël SARL
2228,2228,2020-09-20,2020-09-23,livrée,Payet
2229,2229,2025-07-16,2025-07-22,en attente,Leclerc
2230,2230,2022-12-04,2022-12-08,en cours,Pinto S.A.S.
2231,2231,2021-10-08,2021-10-11,en attente,Prévost Mendès et Fils
2232,2232,2019-09-18,2019-09-21,livrée,Lopez S.A.
2233,2233,2025-04-12,2025-04-13,en cours,Martinez
2234,2234,2024-04-21,2024-04-24,en attente,Poulain S.A.
2235,2235,2023-11-05,2023-11-11,en attente,Bonnin Bertin S.A.R.L.
2236,2236,2024-09-24,2024-09-25,en attente,Maillard
2237,2237,2023-01-27,2023-02-02,en attente,Lelièvre
2238,2238,2019-10-17,2019-10-18,livrée,Gaudin
2239,2239,2021-08-15,2021-08-18,livrée,Nguyen
2240,2240,2023-06-15,2023-06-16,livrée,Klein Vasseur S.A.S.
2241,2241,2022-05-07,2022-05-12,livrée,Buisson
2242,2242,2021-03-07,2021-03-10,en attente,Baron
2243,2243,2021-08-29,2021-08-31,en cours,Chevalier
2244,2244,2019-01-08,2019-01-14,en cours,Perrier Marty SARL
2245,2245,2021-09-01,2021-09-06,en cours,Benoit
2246,2246,2024-02-23,2024-02-27,en attente,Petitjean SARL
2247,2247,2023-06-08,2023-06-14,en cours,Maury
2248,2248,2022-12-13,2022-12-19,en cours,Joubert Roussel S.A.S.
2249,2249,2021-03-30,2021-04-02,en cours,Benard S.A.
2250,2250,2022-01-10,2022-01-16,en attente,Hamel
2251,2251,2020-01-03,2020-01-07,en attente,Marty
2252,2252,2024-10-15,2024-10-16,en attente,Lambert Gaudin et Fils
2253,2253,2024-04-02,2024-04-06,en attente,Guillou
2254,2254,2024-02-27,2024-03-03,livrée,Roche
2255,2255,2021-07-27,2021-07-31,livrée,Duhamel Masson S.A.
2256,2256,2023-08-19,2023-08-24,livrée,Leroy
2257,2257,2020-01-02,2020-01-08,en attente,Marchand
2258,2258,2023-11-09,2023-11-14,livrée,Rousseau
2259,2259,2022-07-24,2022-07-25,livrée,Labbé SA
2260,2260,2023-07-24,2023-07-27,en cours,Hubert Fleury SARL
2261,2261,2020-05-03,2020-05-06,livrée,Bourdon Jacquet SARL
2262,2262,2021-03-29,2021-04-02,en cours,Parent
2263,2263,2025-04-06,2025-04-10,en cours,Parent
2264,2264,2022-07-08,2022-07-13,en attente,Bonneau
2265,2265,2025-03-03,2025-03-06,livrée,Perrot Fouquet et Fils
2266,2266,2024-06-27,2024-07-03,en attente,Masson
2267,2267,2021-08-12,2021-08-19,en attente,Delahaye Fournier et Fils
2268,2268,2023-08-21,2023-08-24,en cours,Pelletier
2269,2269,2025-09-22,2025-09-27,livrée,Brunet
2270,2270,2024-04-21,2024-04-22,livrée,Potier
2271,2271,2019-10-29,2019-11-02,en attente,Moreno
2272,2272,2023-01-22,2023-01-25,livrée,Joseph SA
2273,2273,2024-06-17,2024-06-20,livrée,Dijoux
2274,2274,2020-01-03,2020-01-04,en attente,Grenier Blin S.A.R.L.
2275,2275,2022-09-12,2022-09-18,en attente,Buisson
2276,2276,2021-10-01,2021-10-08,en cours,Brun
2277,2277,2024-02-26,2024-02-28,livrée,Brunet
2278,2278,2020-07-03,2020-07-07,livrée,Royer SA
2279,2279,2025-11-22,2025-11-24,en cours,Brun
2280,2280,2020-01-29,2020-02-02,en cours,Georges SA
2281,2281,2023-09-07,2023-09-10,en cours,Leblanc Charrier S.A.
2282,2282,2019-07-30,2019-08-05,en attente,Chauveau Mallet SA
2283,2283,2020-02-18,2020-02-23,en attente,Rossi
2284,2284,2023-05-06,2023-05-13,en cours,Cousin
2285,2285,2023-10-25,2023-10-31,en attente,Dufour S.A.S.
2286,2286,2021-08-12,2021-08-17,en cours,Vallée
2287,2287,2021-03-17,2021-03-20,livrée,Charrier
2288,2288,2024-05-14,2024-05-15,en attente,Colas
2289,2289,2024-06-24,2024-06-29,en cours,Martins Traore S.A.
2290,2290,2021-01-23,2021-01-24,en cours,Gilbert
2291,2291,2019-08-29,2019-08-31,livrée,Faure
2292,2292,2023-08-11,2023-08-18,en attente,Duhamel Allard SARL
2293,2293,2021-07-13,2021-07-14,livrée,Guibert S.A.S.
2294,2294,2021-09-23,2021-09-30,livrée,Hoarau et Fils
2295,2295,2024-08-09,2024-08-15,en attente,Laurent
2296,2296,2021-12-05,2021-12-10,en cours,Fleury Gilbert S.A.
2297,2297,2021-08-05,2021-08-09,en attente,Fouquet Lejeune et Fils
2298,2298,2019-08-25,2019-08-31,en attente,Gimenez Lejeune S.A.
2299,2299,2022-02-13,2022-02-20,en cours,Laporte
2300,2300,2025-04-11,2025-04-17,en attente,Hubert SA
2301,2301,2025-03-13,2025-03-19,livrée,Lamy
2302,2302,2022-01-22,2022-01-23,livrée,Caron
2303,2303,2023-12-20,2023-12-27,en cours,Prévost Laporte S.A.R.L.
2304,2304,2024-07-28,2024-07-30,en cours,Morvan
2305,2305,2024-10-27,2024-11-01,en attente,Laine S.A.S.
2306,2306,2022-05-05,2022-05-06,livrée,Blin
2307,2307,2020-04-29,2020-04-30,en attente,Pereira et Fils
2308,2308,2025-08-14,2025-08-20,en cours,Hamel
2309,2309,2023-01-24,2023-01-27,en cours,Ramos
2310,2310,2023-06-01,2023-06-07,en cours,Normand S.A.R.L.
2311,2311,2019-12-12,2019-12-14,livrée,Morvan S.A.R.L.
2312,2312,2025-12-03,2025-12-08,en attente,Delmas
2313,2313,2021-07-21,2021-07-27,livrée,Perrot SARL
2314,2314,2020-06-06,2020-06-07,en attente,Prévost Vallet S.A.R.L.
2315,2315,2025-10-02,2025-10-06,en cours,Dos Santos
2316,2316,2023-12-06,2023-12-09,en attente,Turpin et Fils
2317,2317,2021-11-27,2021-12-02,livrée,Hardy S.A.
2318,2318,2022-09-30,2022-10-04,livrée,Grégoire Charpentier S.A.
2319,2319,2020-10-26,2020-10-29,en attente,Chrétien
2320,2320,2025-04-25,2025-04-30,en attente,Renault S.A.
2321,2321,2024-07-05,2024-07-06,en attente,Robin Guillaume S.A.
2322,2322,2025-04-23,2025-04-28,en attente,Mahe
2323,2323,2023-02-22,2023-02-26,livrée,Moreno
2324,2324,2022-11-30,2022-12-06,en cours,Benard
2325,2325,2025-05-28,2025-05-31,en attente,Hubert et Fils
2326,2326,2024-02-11,2024-02-18,livrée,Baron SA
2327,2327,2024-10-01,2024-10-05,livrée,Dumont
2328,2328,2019-12-18,2019-12-22,en cours,Rivière
2329,2329,2022-02-16,2022-02-23,livrée,Bertin Costa S.A.R.L.
2330,2330,2022-08-18,2022-08-21,livrée,Royer S.A.
2331,2331,2019-03-20,2019-03-23,en attente,Vasseur
2332,2332,2022-04-21,2022-04-27,en attente,Peltier et Fils
2333,2333,2024-05-23,2024-05-28,livrée,Ramos
2334,2334,2020-09-04,2020-09-09,en attente,Roux
2335,2335,2023-09-24,2023-09-25,livrée,Chrétien
2336,2336,2022-03-31,2022-04-05,en cours,Guillet Grondin S.A.
2337,2337,2025-10-25,2025-10-26,livrée,Boulanger
2338,2338,2020-05-08,2020-05-13,livrée,Rolland Letellier SA
2339,2339,2023-11-11,2023-11-16,livrée,Deschamps Monnier SA
2340,2340,2024-09-12,2024-09-14,en attente,Laroche
2341,2341,2021-06-10,2021-06-12,en attente,Le Gall
2342,2342,2025-04-01,2025-04-07,en attente,Cordier
2343,2343,2024-11-10,2024-11-14,en cours,Fournier Lejeune S.A.S.
2344,2344,2025-09-03,2025-09-05,en attente,Torres S.A.
2345,2345,2021-05-20,2021-05-23,en cours,Potier Costa SA
2346,2346,2021-09-22,2021-09-26,en cours,Reynaud SARL
2347,2347,2024-07-01,2024-07-07,livrée,Chartier
2348,2348,2024-12-19,2024-12-23,livrée,Dumont
2349,2349,2025-06-29,2025-07-02,en cours,Laine S.A.R.L.
2350,2350,2023-05-23,2023-05-25,en cours,Bouvier Vidal S.A.R.L.
2351,2351,2024-01-11,2024-01-16,livrée,Gonzalez et Fils
2352,2352,2019-01-10,2019-01-12,en attente,Techer S.A.
2353,2353,2022-12-17,2022-12-18,en cours,Loiseau S.A.S.
2354,2354,2025-08-15,2025-08-16,livrée,Gimenez SARL
2355,2355,2021-04-15,2021-04-19,en cours,Robin SARL
2356,2356,2023-01-27,2023-02-03,en cours,Launay
2357,2357,2024-05-28,2024-06-03,en attente,Legrand Goncalves et Fils
2358,2358,2023-01-17,2023-01-19,en cours,Rossi Humbert SARL
2359,2359,2020-01-18,2020-01-25,en attente,Richard Leblanc SA
2360,2360,2023-10-06,2023-10-13,en attente,Chrétien
2361,2361,2025-03-20,2025-03-25,livrée,Colas SARL
2362,2362,2023-10-11,2023-10-16,en cours,Aubert
2363,2363,2019-08-02,2019-08-09,en cours,Gimenez Lejeune SARL
2364,2364,2020-02-12,2020-02-14,livrée,Didier S.A.
2365,2365,2024-04-01,2024-04-07,en attente,Toussaint
2366,2366,2019-03-31,2019-04-05,en cours,Rousset
2367,2367,2022-12-31,2023-01-05,livrée,Moreau Turpin S.A.R.L.
2368,2368,2019-07-28,2019-07-31,en cours,Dubois Cordier S.A.S.
2369,2369,2019-09-20,2019-09-27,en cours,Leroy
2370,2370,2024-06-24,2024-06-27,livrée,Boyer
2371,2371,2019-12-03,2019-12-10,en attente,Leblanc Pruvost SARL
2372,2372,2023-11-07,2023-11-09,en attente,Louis Philippe S.A.S.
2373,2373,2021-08-27,2021-08-30,en cours,Gay Richard S.A.
2374,2374,2025-01-20,2025-01-24,en attente,Dumas Leroy SARL
2375,2375,2020-03-18,2020-03-23,en attente,Sauvage Allard SA
2376,2376,2025-12-02,2025-12-09,en cours,Dubois SA
2377,2377,2022-08-13,2022-08-17,en attente,Carlier S.A.R.L.
2378,2378,2025-07-09,2025-07-10,en cours,Benard et Fils
2379,2379,2022-07-13,2022-07-16,livrée,Techer
2380,2380,2020-10-13,2020-10-15,livrée,Petit SARL
2381,2381,2024-05-03,2024-05-05,en cours,Mary
2382,2382,2022-09-08,2022-09-11,livrée,Perez
2383,2383,2025-08-27,2025-09-03,en attente,Collin Jean SA
2384,2384,2024-04-08,2024-04-14,livrée,Cousin
2385,2385,2021-11-06,2021-11-09,en attente,Gillet Julien S.A.R.L.
2386,2386,2021-11-05,2021-11-09,en cours,Thierry et Fils
2387,2387,2019-04-24,2019-04-27,livrée,Techer
2388,2388,2023-07-01,2023-07-04,livrée,Diallo Weiss S.A.
2389,2389,2025-01-15,2025-01-17,en attente,Allain Meyer SARL
2390,2390,2020-03-18,2020-03-25,livrée,Rocher SARL
2391,2391,2024-09-25,2024-10-02,en cours,Bernier
2392,2392,2021-02-08,2021-02-10,en cours,Noël
2393,2393,2025-10-29,2025-11-02,livrée,Carre S.A.
2394,2394,2023-01-25,2023-02-01,en attente,Hamon S.A.
2395,2395,2023-04-21,2023-04-27,livrée,Charpentier
2396,2396,2024-06-02,2024-06-03,livrée,Robert Torres S.A.
2397,2397,2022-08-17,2022-08-18,en attente,Lopez
2398,2398,2023-09-02,2023-09-03,livrée,Labbé Michel S.A.
2399,2399,2022-10-03,2022-10-08,livrée,Ollivier
2400,2400,2021-01-13,2021-01-17,en cours,Alves Morin SA
2401,2401,2024-10-05,2024-10-10,en attente,Regnier SA
2402,2402,2023-09-15,2023-09-21,en attente,Roger Meunier SA
2403,2403,2024-07-04,2024-07-09,en attente,Mendès Lebreton S.A.
2404,2404,2023-01-19,2023-01-26,en attente,Martin SA
2405,2405,2021-09-22,2021-09-23,en attente,Courtois
2406,2406,2021-04-07,2021-04-12,en cours,Gaudin
2407,2407,2025-02-11,2025-02-13,en cours,Marin Martel S.A.R.L.
2408,2408,2019-09-18,2019-09-24,en attente,Delorme
2409,2409,2023-11-21,2023-11-28,en cours,Thibault
2410,2410,2024-11-20,2024-11-21,en attente,Descamps
2411,2411,2024-12-06,2024-12-08,en attente,Rousseau S.A.R.L.
2412,2412,2019-05-14,2019-05-19,en attente,Renard SA
2413,2413,2024-08-06,2024-08-07,livrée,Delorme
2414,2414,2023-11-24,2023-11-26,en cours,Coste S.A.R.L.
2415,2415,2021-05-17,2021-05-24,en cours,Adam Vaillant S.A.
2416,2416,2024-08-16,2024-08-18,en cours,Baron
2417,2417,2020-02-29,2020-03-06,en cours,Pascal
2418,2418,2022-08-29,2022-09-05,livrée,Auger S.A.
2419,2419,2025-11-11,2025-11-15,en attente,Martineau
2420,2420,2020-05-27,2020-05-31,en attente,Grondin
2421,2421,2019-09-17,2019-09-21,livrée,Gay
2422,2422,2022-01-28,2022-02-01,livrée,Marty
2423,2423,2025-11-03,2025-11-07,en attente,Hubert
2424,2424,2023-03-04,2023-03-11,en cours,Delaunay
2425,2425,2021-03-28,2021-04-04,en attente,Lesage
2426,2426,2024-11-19,2024-11-25,livrée,Ledoux Boulanger S.A.R.L.
2427,2427,2024-11-29,2024-11-30,en cours,Lecomte
2428,2428,2024-10-31,2024-11-06,en cours,Fleury
2429,2429,2023-12-20,2023-12-27,en attente,Maillot
2430,2430,2022-02-21,2022-02-26,en attente,Courtois
2431,2431,2023-11-11,2023-11-17,en cours,Georges
2432,2432,2023-08-05,2023-08-09,livrée,Perrin
2433,2433,2024-05-28,2024-06-01,en cours,Besson Parent S.A.S.
2434,2434,2022-02-02,2022-02-08,livrée,Bouvet Alexandre et Fils
2435,2435,2023-01-06,2023-01-12,livrée,Albert S.A.
2436,2436,2024-03-22,2024-03-26,livrée,Courtois Meunier et Fils
2437,2437,2020-01-08,2020-01-15,en attente,Rousseau Maillet S.A.R.L.
2438,2438,2023-07-04,2023-07-10,en attente,Munoz S.A.R.L.
2439,2439,2021-02-23,2021-03-01,livrée,Guillou
2440,2440,2025-04-08,2025-04-14,livrée,Laporte
2441,2441,2022-06-30,2022-07-02,en attente,Bonnet S.A.
2442,2442,2021-11-09,2021-11-10,livrée,Durand Baudry SARL
2443,2443,2022-09-14,2022-09-19,en cours,Grenier
2444,2444,2024-06-08,2024-06-11,en attente,Hebert Guillou SARL
2445,2445,2021-07-15,2021-07-21,en attente,Costa Laporte et Fils
2446,2446,2023-05-30,2023-06-02,livrée,Roux SARL
2447,2447,2023-05-31,2023-06-03,livrée,Costa Grondin S.A.S.
2448,2448,2023-01-22,2023-01-26,en cours,Étienne
2449,2449,2024-12-10,2024-12-15,en cours,Fischer
2450,2450,2025-01-23,2025-01-24,en cours,Garnier
2451,2451,2022-08-22,2022-08-28,en attente,Barbier
2452,2452,2024-03-11,2024-03-14,en cours,Imbert
2453,2453,2025-01-07,2025-01-12,livrée,Hebert Brunet S.A.
2454,2454,2024-12-17,2024-12-23,livrée,Tessier
2455,2455,2024-04-20,2024-04-22,en cours,Bodin
2456,2456,2021-04-24,2021-04-27,en cours,Pires Perez S.A.
2457,2457,2024-04-20,2024-04-25,en cours,Berger
2458,2458,2019-07-05,2019-07-09,en attente,Neveu
2459,2459,2022-04-15,2022-04-16,livrée,Lefebvre et Fils
2460,2460,2023-10-29,2023-10-30,en cours,Becker S.A.
2461,2461,2019-08-09,2019-08-10,en cours,Roussel Muller S.A.
2462,2462,2021-11-29,2021-12-01,en cours,Mallet Julien S.A.R.L.
2463,2463,2024-09-23,2024-09-25,livrée,Ruiz
2464,2464,2022-03-12,2022-03-13,livrée,Benoit
2465,2465,2025-10-20,2025-10-24,en cours,Rodriguez David S.A.
2466,2466,2020-07-27,2020-07-31,en attente,Carpentier
2467,2467,2019-02-08,2019-02-13,en attente,Sanchez S.A.R.L.
2468,2468,2025-07-28,2025-07-29,en attente,Guibert SA
2469,2469,2024-02-18,2024-02-19,livrée,Maillard
2470,2470,2021-12-23,2021-12-26,livrée,Rivière
2471,2471,2024-03-25,2024-03-28,en attente,Costa
2472,2472,2022-09-27,2022-10-03,en attente,Barbe S.A.R.L.
2473,2473,2025-12-18,2025-12-23,livrée,Allard Ruiz S.A.S.
2474,2474,2019-03-02,2019-03-07,en cours,Marin S.A.R.L.
2475,2475,2021-08-29,2021-08-31,en attente,Becker
2476,2476,2023-02-15,2023-02-22,en attente,Cousin Cordier et Fils
2477,2477,2024-12-25,2024-12-26,livrée,Guillet
2478,2478,2021-11-12,2021-11-18,en cours,Dupuis
2479,2479,2025-10-11,2025-10-15,en cours,Becker Mendès et Fils
2480,2480,2019-06-25,2019-07-01,en attente,Diallo
2481,2481,2021-08-03,2021-08-10,en attente,Guillot
2482,2482,2023-09-27,2023-10-02,en cours,Wagner
2483,2483,2023-02-23,2023-02-26,en attente,Hernandez
2484,2484,2023-04-03,2023-04-05,livrée,Rémy S.A.
2485,2485,2023-04-16,2023-04-19,livrée,Morel
2486,2486,2025-12-20,2025-12-22,en attente,Gomes
2487,2487,2020-10-19,2020-10-20,en attente,Humbert
2488,2488,2021-01-01,2021-01-07,en attente,Fabre
2489,2489,2024-04-20,2024-04-24,livrée,Renaud et Fils
2490,2490,2020-06-04,2020-06-05,en cours,Bertrand
2491,2491,2022-11-19,2022-11-20,livrée,Picard SARL
2492,2492,2019-12-03,2019-12-04,en cours,Tanguy Lopez SA
2493,2493,2019-08-25,2019-08-29,livrée,Rousseau
2494,2494,2020-02-12,2020-02-14,en cours,David Moulin S.A.
2495,2495,2021-06-02,2021-06-06,en cours,Tessier Prévost SARL
2496,2496,2022-05-26,2022-05-28,en attente,Marie
2497,2497,2024-08-02,2024-08-06,en attente,Henry SA
2498,2498,2024-07-16,2024-07-21,livrée,Collet Lefebvre SA
2499,2499,2025-11-29,2025-12-02,en attente,Maury Vallée S.A.
2500,2500,2020-08-29,2020-09-03,en attente,Verdier
2501,2501,2020-09-19,2020-09-24,en cours,Costa
2502,2502,2023-12-04,2023-12-08,livrée,Gosselin
2503,2503,2019-11-29,2019-12-03,en attente,Lecomte
2504,2504,2020-10-04,2020-10-07,livrée,Grégoire SA
2505,2505,2023-06-21,2023-06-23,en cours,Laurent
2506,2506,2025-10-11,2025-10-18,en attente,Gilbert
2507,2507,2019-12-02,2019-12-04,livrée,Guillot Lévêque S.A.
2508,2508,2024-11-29,2024-11-30,en cours,Torres
2509,2509,2025-10-07,2025-10-14,livrée,Richard
2510,2510,2021-12-04,2021-12-11,livrée,Lejeune
2511,2511,2021-05-09,2021-05-16,en attente,Martineau
2512,2512,2023-06-19,2023-06-25,livrée,Boulanger Chartier SARL
2513,2513,2025-05-30,2025-05-31,livrée,Rocher Pruvost S.A.S.
2514,2514,2019-04-26,2019-04-30,en cours,Evrard SARL
2515,2515,2022-02-11,2022-02-15,en cours,Blanchet Navarro et Fils
2516,2516,2019-12-08,2019-12-13,en cours,Grondin S.A.R.L.
2517,2517,2021-07-27,2021-08-01,en cours,Gallet
2518,2518,2020-09-22,2020-09-27,en attente,Sanchez Delattre S.A.S.
2519,2519,2020-01-02,2020-01-04,en cours,Carlier
2520,2520,2021-09-28,2021-10-04,en attente,Delaunay
2521,2521,2023-02-08,2023-02-10,livrée,Guillet S.A.R.L.
2522,2522,2022-12-17,2022-12-19,en cours,Descamps Langlois SARL
2523,2523,2020-02-27,2020-03-02,en cours,Guibert
2524,2524,2025-04-25,2025-04-28,livrée,Picard S.A.
2525,2525,2025-11-25,2025-11-30,livrée,Ribeiro S.A.
2526,2526,2023-08-28,2023-08-30,livrée,Loiseau
2527,2527,2022-07-07,2022-07-12,livrée,Maillot Paul S.A.R.L.
2528,2528,2024-07-25,2024-07-28,en attente,Valentin et Fils
2529,2529,2019-12-22,2019-12-27,en cours,Martel
2530,2530,2019-07-07,2019-07-10,en cours,Garnier
2531,2531,2025-09-27,2025-09-30,livrée,Lemaire Ferreira S.A.R.L.
2532,2532,2019-03-28,2019-04-03,en cours,Giraud S.A.S.
2533,2533,2019-05-30,2019-06-01,en attente,Courtois SA
2534,2534,2021-10-09,2021-10-14,livrée,Benard
2535,2535,2022-03-08,2022-03-14,en attente,Bouchet
2536,2536,2020-04-13,2020-04-19,en attente,Berthelot
2537,2537,2021-01-05,2021-01-11,livrée,Brunet S.A.
2538,2538,2020-05-06,2020-05-13,livrée,Mahe et Fils
2539,2539,2021-11-09,2021-11-16,en cours,Gilles S.A.
2540,2540,2020-12-03,2020-12-09,livrée,Fernandes
2541,2541,2021-08-04,2021-08-05,livrée,Cohen
2542,2542,2024-03-21,2024-03-26,en cours,Muller Potier SA
2543,2543,2025-08-25,2025-08-30,en cours,Fouquet
2544,2544,2019-09-19,2019-09-20,en attente,Alves SA
2545,2545,2019-12-30,2020-01-02,livrée,Potier
2546,2546,2022-11-09,2022-11-12,en attente,Payet Étienne et Fils
2547,2547,2023-04-10,2023-04-13,livrée,Rocher
2548,2548,2019-04-01,2019-04-05,livrée,Ollivier
2549,2549,2025-10-23,2025-10-27,livrée,Loiseau Vidal S.A.
2550,2550,2025-08-15,2025-08-16,livrée,Lemoine SA
2551,2551,2021-05-06,2021-05-07,en cours,Lemaître S.A.R.L.
2552,2552,2022-10-24,2022-10-28,en cours,Maillet
2553,2553,2024-04-29,2024-05-03,en cours,Menard
2554,2554,2025-10-24,2025-10-26,en cours,Rolland
2555,2555,2019-10-19,2019-10-22,en attente,Verdier
2556,2556,2020-04-07,2020-04-11,livrée,Traore
2557,2557,2025-02-09,2025-02-15,en cours,Vallet
2558,2558,2022-08-18,2022-08-24,livrée,Besson
2559,2559,2021-06-28,2021-07-03,en cours,Bertin SA
2560,2560,2023-01-18,2023-01-21,livrée,Guillet SARL
2561,2561,2020-08-17,2020-08-20,livrée,Bodin
2562,2562,2025-07-13,2025-07-15,en cours,Carlier Clément SARL
2563,2563,2020-06-21,2020-06-24,en cours,Garnier Auger S.A.R.L.
2564,2564,2019-03-11,2019-03-13,en cours,Rousseau
2565,2565,2025-12-20,2025-12-26,en attente,Maillard Valette S.A.
2566,2566,2019-09-18,2019-09-25,en cours,Ferrand
2567,2567,2022-01-23,2022-01-28,en attente,Guibert
2568,2568,2024-01-16,2024-01-20,livrée,Laroche Adam S.A.R.L.
2569,2569,2022-07-19,2022-07-25,en cours,Marchal SARL
2570,2570,2022-05-27,2022-06-01,livrée,Faure Charrier S.A.R.L.
2571,2571,2019-10-26,2019-10-31,en cours,Clément S.A.R.L.
2572,2572,2020-08-19,2020-08-23,en cours,Chevallier SARL
2573,2573,2025-11-30,2025-12-01,en attente,Guillot
2574,2574,2024-02-15,2024-02-22,livrée,Tanguy Andre S.A.
2575,2575,2020-07-04,2020-07-10,livrée,Tessier Duval et Fils
2576,2576,2025-08-17,2025-08-23,en attente,Perrin
2577,2577,2019-12-28,2020-01-01,en attente,Léger S.A.
2578,2578,2023-12-06,2023-12-10,en attente,Marques Ledoux S.A.S.
2579,2579,2021-12-12,2021-12-18,en cours,Lamy
2580,2580,2020-09-25,2020-09-27,en attente,Chauvet
2581,2581,2024-01-15,2024-01-21,en attente,Jourdan S.A.
2582,2582,2020-04-10,2020-04-14,en attente,Leleu
2583,2583,2022-03-23,2022-03-29,en cours,Lebreton
2584,2584,2025-11-06,2025-11-09,en attente,Bouvet Guillot SA
2585,2585,2021-07-16,2021-07-23,livrée,Bouvet Chauveau SARL
2586,2586,2021-11-01,2021-11-02,livrée,Hardy S.A.S.
2587,2587,2024-07-10,2024-07-13,en cours,Tessier
2588,2588,2023-02-11,2023-02-15,en attente,Carlier SA
2589,2589,2024-06-15,2024-06-16,en cours,Carre
2590,2590,2023-11-12,2023-11-15,en attente,Dias Lacombe SARL
2591,2591,2023-04-20,2023-04-23,en cours,Lefort
2592,2592,2022-07-20,2022-07-21,livrée,Munoz et Fils
2593,2593,2025-12-17,2025-12-24,en attente,Barbe S.A.
2594,2594,2019-11-25,2019-11-30,livrée,Marchal
2595,2595,2023-11-01,2023-11-06,livrée,Riou
2596,2596,2024-04-08,2024-04-14,livrée,Jacob Schneider S.A.
2597,2597,2024-11-06,2024-11-11,en attente,Chauveau
2598,2598,2024-01-30,2024-02-03,livrée,Pichon
2599,2599,2020-01-10,2020-01-15,en attente,Lefebvre
2600,2600,2025-01-31,2025-02-07,en cours,Huet
2601,2601,2019-07-07,2019-07-08,en attente,Valette S.A.R.L.
2602,2602,2022-05-17,2022-05-18,livrée,Labbé
2603,2603,2019-06-29,2019-07-02,livrée,Legrand
2604,2604,2022-05-07,2022-05-14,en cours,Dumont et Fils
2605,2605,2020-10-08,2020-10-10,en attente,Antoine Louis SARL
2606,2606,2025-06-14,2025-06-20,en cours,Besson SA
2607,2607,2021-03-15,2021-03-18,livrée,Cohen Andre SARL
2608,2608,2023-12-19,2023-12-25,en attente,Martin
2609,2609,2025-03-03,2025-03-04,en attente,Delahaye Tessier S.A.
2610,2610,2024-10-04,2024-10-07,en attente,Guibert S.A.
2611,2611,2024-04-27,2024-05-04,en cours,Lucas
2612,2612,2023-08-14,2023-08-17,en cours,Fabre
2613,2613,2021-11-07,2021-11-13,livrée,Paris
2614,2614,2019-02-22,2019-02-26,en cours,Mendès S.A.R.L.
2615,2615,2019-04-26,2019-04-27,en attente,Meyer S.A.R.L.
2616,2616,2022-10-06,2022-10-07,livrée,Leleu
2617,2617,2025-12-07,2025-12-09,livrée,Dupuy Pons SA
2618,2618,2021-06-29,2021-07-05,livrée,Regnier
2619,2619,2019-07-15,2019-07-16,livrée,Ledoux
2620,2620,2024-05-09,2024-05-16,en attente,Hoarau Roussel SA
2621,2621,2024-09-22,2024-09-25,en cours,Roger S.A.S.
2622,2622,2020-04-16,2020-04-18,livrée,Chrétien David et Fils
2623,2623,2022-07-08,2022-07-15,en attente,Lombard S.A.R.L.
2624,2624,2025-08-30,2025-09-03,en cours,Le Roux SARL
2625,2625,2019-12-11,2019-12-15,en attente,Brunet
2626,2626,2022-08-23,2022-08-29,en attente,Guyot
2627,2627,2022-10-05,2022-10-08,livrée,Rodriguez Launay et Fils
2628,2628,2021-05-07,2021-05-08,livrée,Noël
2629,2629,2023-02-09,2023-02-10,en cours,Benard
2630,2630,2023-01-20,2023-01-21,livrée,Morin
2631,2631,2019-08-05,2019-08-09,en cours,Chauvet Guérin S.A.
2632,2632,2022-05-31,2022-06-05,en attente,Fischer S.A.S.
2633,2633,2021-08-21,2021-08-22,en attente,Michaud
2634,2634,2025-08-03,2025-08-06,livrée,Maillot
2635,2635,2021-09-26,2021-10-01,en attente,Godard Delattre SARL
2636,2636,2020-09-29,2020-10-03,en cours,Dupré Ferreira S.A.S.
2637,2637,2021-11-05,2021-11-12,en cours,Barbier S.A.R.L.
2638,2638,2019-01-22,2019-01-24,livrée,Camus S.A.R.L.
2639,2639,2021-04-04,2021-04-11,livrée,Leclerc
2640,2640,2021-11-22,2021-11-24,en cours,Lecoq
2641,2641,2020-09-05,2020-09-10,en cours,Boyer
2642,2642,2022-07-24,2022-07-31,en cours,Hoareau
2643,2643,2024-11-06,2024-11-09,en attente,Étienne
2644,2644,2021-06-28,2021-07-01,livrée,Raymond S.A.R.L.
2645,2645,2024-11-11,2024-11-17,en cours,Da Silva
2646,2646,2019-07-29,2019-07-31,en attente,Maillard
2647,2647,2019-12-31,2020-01-03,livrée,Renaud S.A.R.L.
2648,2648,2019-05-18,2019-05-23,livrée,Schmitt David SARL
2649,2649,2021-10-01,2021-10-02,en attente,Guillot
2650,2650,2020-12-22,2020-12-25,en cours,Marion Mace et Fils
2651,2651,2023-04-17,2023-04-22,en cours,Delattre
2652,2652,2023-02-18,2023-02-25,en attente,Thomas SA
2653,2653,2025-07-11,2025-07-18,en cours,Labbé SA
2654,2654,2024-05-05,2024-05-11,en attente,Alexandre S.A.R.L.
2655,2655,2019-11-29,2019-12-03,en cours,Menard
2656,2656,2024-10-23,2024-10-28,livrée,Payet et Fils
2657,2657,2023-12-26,2023-12-28,livrée,Prévost Chevalier SA
2658,2658,2021-06-23,2021-06-28,en cours,Bonneau Guillaume et Fils
2659,2659,2021-08-11,2021-08-15,en cours,Besnard
2660,2660,2024-10-19,2024-10-21,en cours,Morin
2661,2661,2019-03-04,2019-03-06,en cours,Bègue
2662,2662,2022-06-17,2022-06-21,livrée,Bourdon
2663,2663,2020-09-16,2020-09-21,livrée,Godard Louis SA
2664,2664,2022-12-07,2022-12-08,livrée,Leleu Teixeira SA
2665,2665,2023-02-05,2023-02-12,en cours,Weiss Lopes SA
2666,2666,2020-04-02,2020-04-09,en attente,Perret
2667,2667,2021-11-17,2021-11-20,en attente,Mendès
2668,2668,2023-03-19,2023-03-22,en cours,Dias S.A.R.L.
2669,2669,2019-07-28,2019-08-04,livrée,Lesage
2670,2670,2023-04-08,2023-04-09,en cours,Guichard
2671,2671,2025-04-07,2025-04-10,livrée,Bousquet Jacquet S.A.S.
2672,2672,2024-07-03,2024-07-08,livrée,Riou SARL
2673,2673,2019-06-12,2019-06-15,livrée,Monnier Dos Santos S.A.
2674,2674,2022-08-28,2022-08-30,en cours,Albert
2675,2675,2024-05-16,2024-05-19,en cours,Carre
2676,2676,2019-07-11,2019-07-13,en cours,Gaudin
2677,2677,2025-02-02,2025-02-09,en cours,Leroy
2678,2678,2022-04-11,2022-04-15,livrée,Pereira
2679,2679,2019-01-13,2019-01-19,en cours,Andre et Fils
2680,2680,2022-04-07,2022-04-09,en cours,Marchal SARL
2681,2681,2020-12-19,2020-12-21,en attente,Turpin Coste S.A.R.L.
2682,2682,2025-12-23,2025-12-28,en cours,Lefèvre
2683,2683,2021-08-06,2021-08-10,livrée,Coulon
2684,2684,2019-12-24,2019-12-31,en attente,Thomas
2685,2685,2021-01-11,2021-01-18,en attente,Aubert
2686,2686,2021-07-31,2021-08-07,livrée,Rossi et Fils
2687,2687,2022-12-08,2022-12-12,en attente,Verdier
2688,2688,2019-08-22,2019-08-29,en attente,Carre
2689,2689,2025-12-31,2026-01-01,livrée,Chrétien
2690,2690,2025-03-20,2025-03-25,livrée,Rémy
2691,2691,2019-04-20,2019-04-25,en attente,Boulay Renard et Fils
2692,2692,2025-09-30,2025-10-05,en cours,Breton
2693,2693,2023-12-15,2023-12-21,en attente,Muller
2694,2694,2019-10-12,2019-10-13,livrée,Chevallier
2695,2695,2019-03-04,2019-03-07,livrée,Schneider SARL
2696,2696,2020-04-02,2020-04-07,en cours,Morin
2697,2697,2022-07-01,2022-07-07,en attente,Jacques
2698,2698,2023-03-04,2023-03-08,en cours,Legrand Perrot S.A.
2699,2699,2025-03-04,2025-03-05,livrée,Schmitt
2700,2700,2021-01-21,2021-01-22,en attente,Roux Valette S.A.
2701,2701,2020-02-17,2020-02-24,livrée,Gaudin
2702,2702,2023-07-18,2023-07-19,en cours,Perret Auger S.A.R.L.
2703,2703,2019-08-10,2019-08-11,en cours,Adam et Fils
2704,2704,2019-01-05,2019-01-11,livrée,Fischer Hardy S.A.S.
2705,2705,2025-12-16,2025-12-22,livrée,Laroche
2706,2706,2020-12-12,2020-12-19,en cours,Royer S.A.S.
2707,2707,2025-08-23,2025-08-29,en attente,Caron
2708,2708,2024-06-06,2024-06-13,en attente,Carlier
2709,2709,2019-11-28,2019-12-01,en attente,Perrot Hoareau SA
2710,2710,2023-08-28,2023-09-03,livrée,Samson Riou S.A.S.
2711,2711,2025-05-14,2025-05-20,en attente,Millet
2712,2712,2021-10-11,2021-10-13,en cours,Perret
2713,2713,2022-10-11,2022-10-18,en cours,Morin
2714,2714,2021-07-19,2021-07-20,en cours,Hamon SA
2715,2715,2019-09-05,2019-09-11,en attente,Moreno
2716,2716,2024-12-28,2024-12-31,en cours,Maréchal SARL
2717,2717,2019-10-06,2019-10-10,livrée,Boulanger
2718,2718,2020-09-29,2020-10-04,en cours,Benard S.A.
2719,2719,2021-05-03,2021-05-07,en attente,Dubois et Fils
2720,2720,2024-04-25,2024-04-26,livrée,Dubois Perret et Fils
2721,2721,2020-11-16,2020-11-18,livrée,Moulin Lopez et Fils
2722,2722,2021-04-26,2021-05-03,en attente,Pinto Labbé et Fils
2723,2723,2022-08-15,2022-08-20,en attente,Marion
2724,2724,2021-04-27,2021-04-29,livrée,Legrand
2725,2725,2019-09-04,2019-09-09,livrée,Cordier Vincent S.A.S.
2726,2726,2022-10-13,2022-10-20,en cours,Alves
2727,2727,2021-03-30,2021-04-01,livrée,Lecomte
2728,2728,2022-10-09,2022-10-10,livrée,Jourdan
2729,2729,2025-11-22,2025-11-23,en cours,Berthelot
2730,2730,2021-06-06,2021-06-11,livrée,Albert
2731,2731,2019-06-15,2019-06-19,livrée,Pottier S.A.R.L.
2732,2732,2023-03-21,2023-03-28,en cours,Ollivier S.A.
2733,2733,2020-01-29,2020-02-01,livrée,Aubert et Fils
2734,2734,2022-07-15,2022-07-22,en attente,Normand
2735,2735,2020-04-20,2020-04-24,en attente,Blot
2736,2736,2023-09-15,2023-09-22,en cours,Hardy
2737,2737,2024-03-25,2024-03-30,en cours,Godard S.A.R.L.
2738,2738,2022-01-29,2022-02-04,en cours,Renaud
2739,2739,2021-08-19,2021-08-22,livrée,Sanchez
2740,2740,2024-09-02,2024-09-08,livrée,Torres SA
2741,2741,2024-07-20,2024-07-25,en attente,Laroche
2742,2742,2023-03-07,2023-03-08,livrée,Chauvet SARL
2743,2743,2025-05-17,2025-05-19,livrée,Menard S.A.S.
2744,2744,2023-09-30,2023-10-04,en attente,Couturier
2745,2745,2025-07-13,2025-07-15,en attente,Joseph
2746,2746,2024-07-10,2024-07-11,en cours,Breton
2747,2747,2019-12-25,2019-12-27,livrée,Sanchez et Fils
2748,2748,2024-06-28,2024-06-30,en cours,Lambert
2749,2749,2020-10-02,2020-10-05,en attente,Menard SA
2750,2750,2024-08-17,2024-08-24,en attente,Pascal Giraud et Fils
2751,2751,2020-06-23,2020-06-25,livrée,Collet
2752,2752,2024-02-28,2024-02-29,livrée,Benard Samson et Fils
2753,2753,2022-11-29,2022-12-02,en cours,Tessier
2754,2754,2020-05-15,2020-05-21,livrée,Pons
2755,2755,2019-09-04,2019-09-05,livrée,Leconte
2756,2756,2023-01-12,2023-01-13,livrée,Guillon S.A.
2757,2757,2019-08-03,2019-08-08,en cours,Guillot Gaudin S.A.R.L.
2758,2758,2023-02-14,2023-02-17,livrée,Morel
2759,2759,2024-11-22,2024-11-24,livrée,Blondel
2760,2760,2020-12-23,2020-12-29,livrée,Robert
2761,2761,2020-01-02,2020-01-09,en attente,Ferreira et Fils
2762,2762,2023-11-30,2023-12-03,livrée,De Oliveira Besnard S.A.S.
2763,2763,2019-10-17,2019-10-23,livrée,Ferrand
2764,2764,2021-05-26,2021-05-27,en cours,Laurent
2765,2765,2021-02-16,2021-02-22,en cours,Coulon SARL
2766,2766,2023-10-08,2023-10-10,livrée,Mary S.A.
2767,2767,2021-12-23,2021-12-26,en cours,Thibault
2768,2768,2023-04-16,2023-04-20,en attente,Jacquot Lefort SARL
2769,2769,2023-06-05,2023-06-11,livrée,Neveu S.A.
2770,2770,2020-08-09,2020-08-13,en attente,Blot Dumas S.A.
2771,2771,2021-02-21,2021-02-22,en cours,Alexandre S.A.R.L.
2772,2772,2023-11-30,2023-12-05,en attente,Bertin
2773,2773,2023-04-02,2023-04-09,en attente,Guyon et Fils
2774,2774,2025-02-06,2025-02-08,livrée,Goncalves Roussel SARL
2775,2775,2019-06-05,2019-06-06,en cours,Bouvier
2776,2776,2026-01-01,2026-01-06,en cours,Lopez SA
2777,2777,2019-11-02,2019-11-06,livrée,Rocher S.A.
2778,2778,2024-05-26,2024-05-30,en attente,Dumas
2779,2779,2019-09-01,2019-09-07,livrée,Royer
2780,2780,2022-07-03,2022-07-04,en cours,De Sousa
2781,2781,2020-03-04,2020-03-10,livrée,Humbert
2782,2782,2024-12-14,2024-12-18,en cours,Lacroix
2783,2783,2023-03-11,2023-03-15,livrée,Fleury Pelletier S.A.
2784,2784,2021-02-15,2021-02-17,en attente,Munoz
2785,2785,2024-10-14,2024-10-15,livrée,Berger
2786,2786,2019-02-23,2019-02-24,en cours,Briand S.A.S.
2787,2787,2019-08-08,2019-08-11,en attente,Leroy
2788,2788,2020-06-07,2020-06-08,en attente,Maurice Poirier SA
2789,2789,2021-01-08,2021-01-09,en cours,Neveu S.A.S.
2790,2790,2022-12-23,2022-12-27,livrée,Normand
2791,2791,2023-05-05,2023-05-12,en attente,Weiss
2792,2792,2025-12-15,2025-12-17,en cours,Thomas
2793,2793,2023-08-26,2023-09-02,en cours,Chauvet S.A.R.L.
2794,2794,2022-04-18,2022-04-20,en cours,Perez S.A.S.
2795,2795,2020-09-24,2020-10-01,en attente,Cordier
2796,2796,2019-02-07,2019-02-10,livrée,Sanchez
2797,2797,2020-10-23,2020-10-29,en attente,Leroux
2798,2798,2021-10-30,2021-10-31,en attente,Blot Michaud SARL
2799,2799,2024-02-13,2024-02-19,livrée,Gillet S.A.R.L.
2800,2800,2025-01-21,2025-01-23,en attente,Bodin
2801,2801,2021-11-23,2021-11-28,en cours,Lemaire Chevalier et Fils
2802,2802,2025-03-03,2025-03-06,en cours,Leroy
2803,2803,2020-04-17,2020-04-20,livrée,Guillou S.A.
2804,2804,2023-10-08,2023-10-13,en cours,Ramos Bernier SA
2805,2805,2019-01-10,2019-01-15,livrée,Mary
2806,2806,2021-10-22,2021-10-24,livrée,Regnier
2807,2807,2021-11-19,2021-11-20,en attente,Lombard
2808,2808,2024-11-19,2024-11-26,en cours,Diaz
2809,2809,2024-10-20,2024-10-25,livrée,Briand
2810,2810,2023-06-16,2023-06-18,en cours,Bodin SA
2811,2811,2022-07-02,2022-07-07,livrée,Jacquot Maréchal SARL
2812,2812,2023-07-25,2023-07-31,en cours,Boulanger Gaillard S.A.
2813,2813,2024-07-09,2024-07-12,en cours,Nguyen
2814,2814,2019-08-27,2019-09-03,livrée,Renard
2815,2815,2025-12-16,2025-12-21,en cours,Courtois
2816,2816,2020-08-07,2020-08-10,en cours,Gaillard Delorme SA
2817,2817,2022-07-12,2022-07-18,en attente,Joseph et Fils
2818,2818,2022-07-10,2022-07-11,en attente,Tessier
2819,2819,2023-02-11,2023-02-15,en cours,Allain
2820,2820,2023-09-02,2023-09-09,en attente,Brunel SARL
2821,2821,2022-06-07,2022-06-08,en attente,Pereira
2822,2822,2021-10-13,2021-10-20,en cours,Couturier
2823,2823,2024-08-14,2024-08-16,livrée,Mercier
2824,2824,2023-08-24,2023-08-26,en cours,Verdier
2825,2825,2023-04-18,2023-04-19,livrée,Rossi
2826,2826,2023-01-27,2023-01-28,livrée,Delaunay
2827,2827,2021-11-20,2021-11-26,livrée,Regnier
2828,2828,2019-12-10,2019-12-17,en attente,Coste SARL
2829,2829,2019-12-28,2019-12-30,en cours,Robin
2830,2830,2021-02-13,2021-02-16,en cours,Faure Couturier SARL
2831,2831,2019-09-25,2019-09-30,livrée,Gros
2832,2832,2021-08-17,2021-08-24,en attente,Lucas
2833,2833,2025-06-05,2025-06-11,livrée,Garcia
2834,2834,2024-03-19,2024-03-24,en cours,Martin Caron S.A.
2835,2835,2019-10-04,2019-10-06,livrée,Verdier S.A.S.
2836,2836,2024-05-10,2024-05-13,en attente,Dijoux Raymond SA
2837,2837,2019-09-16,2019-09-17,en cours,Godard Ramos SARL
2838,2838,2024-10-11,2024-10-18,livrée,Guillon
2839,2839,2023-09-11,2023-09-17,en attente,Labbé
2840,2840,2019-11-11,2019-11-17,en cours,Sanchez Le Gall S.A.R.L.
2841,2841,2019-10-12,2019-10-17,livrée,Bernier
2842,2842,2019-04-10,2019-04-15,livrée,Devaux S.A.R.L.
2843,2843,2023-06-23,2023-06-30,en cours,Muller
2844,2844,2021-10-04,2021-10-08,en cours,Royer Da Silva et Fils
2845,2845,2020-11-07,2020-11-11,livrée,Tanguy
2846,2846,2019-10-19,2019-10-26,en cours,Payet
2847,2847,2022-04-19,2022-04-21,en cours,Labbé Noël et Fils
2848,2848,2023-12-21,2023-12-24,livrée,Alves Lebreton SARL
2849,2849,2023-11-19,2023-11-25,en attente,Bertin
2850,2850,2022-01-26,2022-02-01,livrée,Hoarau Gaudin SARL
2851,2851,2019-12-29,2020-01-04,livrée,Weiss
2852,2852,2020-10-14,2020-10-19,en cours,Bonneau S.A.S.
2853,2853,2025-12-05,2025-12-07,livrée,Benoit
2854,2854,2019-09-28,2019-10-05,en attente,Giraud S.A.S.
2855,2855,2022-10-23,2022-10-28,en attente,Vincent S.A.R.L.
2856,2856,2024-03-04,2024-03-06,en attente,Léger S.A.S.
2857,2857,2020-08-07,2020-08-11,en cours,Ribeiro Clerc S.A.
2858,2858,2020-12-04,2020-12-07,en cours,Meunier
2859,2859,2022-06-21,2022-06-25,en cours,Charrier S.A.
2860,2860,2019-05-05,2019-05-09,livrée,Guillot S.A.
2861,2861,2021-07-18,2021-07-25,livrée,David SARL
2862,2862,2022-11-11,2022-11-15,en attente,Fernandes
2863,2863,2021-05-02,2021-05-09,en attente,Chrétien S.A.S.
2864,2864,2023-03-23,2023-03-30,livrée,Chauveau SA
2865,2865,2025-09-24,2025-09-30,en attente,Maurice
2866,2866,2023-07-01,2023-07-06,en attente,Bourgeois Charles et Fils
2867,2867,2023-03-12,2023-03-19,en cours,Pinto Nicolas S.A.R.L.
2868,2868,2024-11-15,2024-11-16,en attente,De Sousa
2869,2869,2025-10-01,2025-10-05,en attente,Thomas
2870,2870,2022-11-09,2022-11-10,livrée,Rivière S.A.R.L.
2871,2871,2019-02-05,2019-02-09,livrée,Legrand
2872,2872,2023-03-05,2023-03-12,livrée,Charrier S.A.
2873,2873,2025-01-19,2025-01-22,en attente,Jean S.A.
2874,2874,2023-06-09,2023-06-16,en attente,Martel S.A.R.L.
2875,2875,2024-11-24,2024-11-26,en cours,Roger Bonnet et Fils
2876,2876,2025-04-04,2025-04-11,en attente,Vallet
2877,2877,2020-08-21,2020-08-22,en attente,Carre S.A.S.
2878,2878,2020-04-25,2020-05-02,livrée,Julien SARL
2879,2879,2024-09-08,2024-09-11,en cours,Menard
2880,2880,2023-08-28,2023-09-02,en cours,Olivier S.A.
2881,2881,2021-10-24,2021-10-25,en cours,Rodriguez
2882,2882,2024-05-26,2024-05-27,en cours,Faure
2883,2883,2021-07-18,2021-07-25,en cours,Lecoq
2884,2884,2023-06-08,2023-06-14,en attente,Peron
2885,2885,2019-07-07,2019-07-09,en attente,Marion S.A.
2886,2886,2022-04-01,2022-04-06,en attente,Da Silva Bertrand S.A.
2887,2887,2019-11-05,2019-11-09,en cours,Gilbert S.A.S.
2888,2888,2022-10-27,2022-11-03,livrée,Fernandez
2889,2889,2023-12-04,2023-12-07,en cours,Prévost et Fils
2890,2890,2019-08-23,2019-08-30,livrée,Voisin
2891,2891,2023-04-25,2023-04-26,en cours,Lefebvre Lagarde SA
2892,2892,2024-10-23,2024-10-30,en attente,Alexandre
2893,2893,2019-01-23,2019-01-27,en cours,Pages S.A.R.L.
2894,2894,2022-06-14,2022-06-21,livrée,Ledoux SA
2895,2895,2024-02-22,2024-02-29,en cours,Guillet
2896,2896,2021-06-11,2021-06-17,livrée,Bruneau
2897,2897,2020-05-17,2020-05-18,en attente,Jacques SA
2898,2898,2024-12-27,2024-12-31,en attente,Blot
2899,2899,2022-01-21,2022-01-22,en attente,Briand S.A.S.
2900,2900,2022-09-09,2022-09-15,en attente,Lemaire Moreau SA
2901,2901,2019-12-30,2020-01-01,en cours,Mace Raymond S.A.
2902,2902,2025-10-16,2025-10-22,en cours,Lacroix Monnier S.A.S.
2903,2903,2021-12-02,2021-12-09,livrée,Dias SA
2904,2904,2025-05-13,2025-05-18,en cours,Robin Lemaître S.A.S.
2905,2905,2024-03-31,2024-04-04,en attente,Raynaud S.A.S.
2906,2906,2021-12-06,2021-12-09,en cours,Besson Vasseur S.A.S.
2907,2907,2019-10-29,2019-10-30,en cours,Boucher
2908,2908,2019-02-26,2019-02-27,en cours,Leclercq S.A.
2909,2909,2022-08-09,2022-08-14,livrée,Olivier
2910,2910,2020-01-15,2020-01-16,livrée,Leleu
2911,2911,2021-05-19,2021-05-21,en cours,Laporte S.A.
2912,2912,2022-03-09,2022-03-15,livrée,Lebrun SA
2913,2913,2024-06-21,2024-06-23,livrée,Martinez
2914,2914,2022-10-06,2022-10-12,en cours,Rodriguez
2915,2915,2024-02-26,2024-03-02,en attente,Foucher
2916,2916,2023-02-22,2023-03-01,livrée,Meyer
2917,2917,2025-09-05,2025-09-06,en cours,Pelletier SARL
2918,2918,2019-12-16,2019-12-22,en cours,Lenoir
2919,2919,2021-06-01,2021-06-08,livrée,Moreno
2920,2920,2025-11-24,2025-11-28,en attente,Marie
2921,2921,2020-06-04,2020-06-11,en cours,Grégoire
2922,2922,2022-02-08,2022-02-15,en cours,Techer Guyot S.A.S.
2923,2923,2024-01-06,2024-01-12,en cours,Valette Salmon S.A.R.L.
2924,2924,2022-03-23,2022-03-27,en cours,Jourdan Alexandre SARL
2925,2925,2019-05-22,2019-05-28,livrée,Benard
2926,2926,2022-02-16,2022-02-20,en cours,Gillet SARL
2927,2927,2021-03-28,2021-04-04,en cours,De Sousa Charpentier et Fils
2928,2928,2022-08-23,2022-08-29,en attente,Moreno Martin S.A.R.L.
2929,2929,2022-06-20,2022-06-23,en cours,Hamel
2930,2930,2025-03-19,2025-03-26,en attente,Benoit S.A.
2931,2931,2023-03-15,2023-03-19,livrée,Pierre
2932,2932,2020-05-21,2020-05-26,en attente,Pineau Lagarde S.A.S.
2933,2933,2022-06-02,2022-06-05,en cours,Lacombe
2934,2934,2025-08-12,2025-08-19,en attente,Sanchez
2935,2935,2020-07-18,2020-07-19,en cours,Guilbert SARL
2936,2936,2023-11-12,2023-11-17,en cours,Loiseau
2937,2937,2023-01-19,2023-01-26,livrée,Texier
2938,2938,2019-03-20,2019-03-23,livrée,Lévêque S.A.R.L.
2939,2939,2021-06-17,2021-06-20,en cours,Foucher
2940,2940,2024-06-02,2024-06-03,en attente,Julien Nguyen SA
2941,2941,2022-07-05,2022-07-08,en attente,Regnier
2942,2942,2023-11-27,2023-11-28,livrée,Dufour
2943,2943,2022-10-06,2022-10-08,livrée,Barthelemy Le Goff et Fils
2944,2944,2022-01-22,2022-01-29,livrée,Dos Santos Coste SARL
2945,2945,2025-10-27,2025-10-31,en cours,Fouquet
2946,2946,2020-11-21,2020-11-26,en attente,Moreno S.A.S.
2947,2947,2025-02-19,2025-02-23,en attente,Dos Santos Thierry S.A.
2948,2948,2020-10-12,2020-10-13,en attente,Pons S.A.S.
2949,2949,2024-11-10,2024-11-14,livrée,Thierry S.A.S.
2950,2950,2020-10-17,2020-10-24,en cours,Barbier et Fils
2951,2951,2025-01-29,2025-01-30,en attente,Breton
2952,2952,2020-11-08,2020-11-14,en attente,Vaillant
2953,2953,2019-09-28,2019-10-02,en cours,Breton
2954,2954,2023-11-03,2023-11-07,livrée,Didier Pelletier et Fils
2955,2955,2023-02-05,2023-02-06,livrée,Collin
2956,2956,2020-10-29,2020-11-04,livrée,Gilbert
2957,2957,2023-07-12,2023-07-13,livrée,Briand
2958,2958,2019-07-19,2019-07-25,en cours,Ramos S.A.
2959,2959,2023-05-20,2023-05-24,en cours,Hubert SARL
2960,2960,2020-08-12,2020-08-13,en attente,Berger
2961,2961,2025-12-03,2025-12-06,en attente,Dubois S.A.
2962,2962,2022-08-07,2022-08-14,en cours,Lecomte
2963,2963,2024-09-20,2024-09-21,en attente,Pons
2964,2964,2021-12-18,2021-12-22,en cours,Maillot Perrier et Fils
2965,2965,2023-01-20,2023-01-22,en cours,Ribeiro
2966,2966,2025-01-19,2025-01-24,en cours,Leroux
2967,2967,2024-01-25,2024-01-28,livrée,Weber et Fils
2968,2968,2022-06-21,2022-06-26,livrée,Rodriguez
2969,2969,2022-02-25,2022-03-04,en attente,Bigot
2970,2970,2021-08-21,2021-08-26,en cours,Bigot Pires S.A.
2971,2971,2020-06-28,2020-07-03,livrée,Masse
2972,2972,2021-12-06,2021-12-07,en attente,Pascal
2973,2973,2024-03-21,2024-03-25,en attente,Tanguy Lenoir SARL
2974,2974,2023-06-22,2023-06-25,livrée,Barbier Maillet S.A.R.L.
2975,2975,2021-04-15,2021-04-18,en attente,Imbert Dupont S.A.
2976,2976,2019-03-26,2019-03-28,en cours,Hervé S.A.R.L.
2977,2977,2022-02-01,2022-02-05,en attente,Lebreton Gay S.A.S.
2978,2978,2024-06-25,2024-06-30,livrée,Bertin
2979,2979,2024-02-16,2024-02-21,livrée,Fabre S.A.S.
2980,2980,2021-09-02,2021-09-06,en cours,Lemaire
2981,2981,2019-07-26,2019-07-27,en attente,Peron
2982,2982,2025-06-28,2025-07-01,en cours,Dubois Torres SARL
2983,2983,2020-07-22,2020-07-26,livrée,Nicolas et Fils
2984,2984,2024-07-12,2024-07-19,livrée,Moreau
2985,2985,2019-03-29,2019-04-05,livrée,Vidal
2986,2986,2023-11-05,2023-11-08,en cours,Gay
2987,2987,2024-10-24,2024-10-31,en attente,Bourgeois
2988,2988,2025-05-03,2025-05-10,livrée,Perrot
2989,2989,2021-01-15,2021-01-20,livrée,Lefort
2990,2990,2024-08-30,2024-09-03,livrée,Traore
2991,2991,2021-09-19,2021-09-25,en attente,Guillou Giraud SA
2992,2992,2024-07-02,2024-07-05,livrée,Renard
2993,2993,2025-04-09,2025-04-12,en attente,Wagner
2994,2994,2024-11-24,2024-11-25,livrée,Ribeiro
2995,2995,2025-08-16,2025-08-21,en cours,Rey Jacquot SA
2996,2996,2021-05-14,2021-05-18,en attente,Cousin
2997,2997,2019-04-13,2019-04-19,en cours,Richard Jacques et Fils
2998,2998,2024-11-05,2024-11-10,en attente,Gimenez et Fils
2999,2999,2024-12-09,2024-12-11,livrée,Bègue Hubert S.A.R.L.
3000,3000,2022-08-13,2022-08-18,en attente,Pasquier
3001,3001,2025-05-06,2025-05-12,en cours,Potier
3002,3002,2021-10-05,2021-10-07,en cours,Coulon Dumont S.A.R.L.
3003,3003,2023-02-25,2023-02-27,livrée,Fontaine S.A.
3004,3004,2025-02-03,2025-02-04,en cours,Cordier
3005,3005,2023-08-30,2023-09-03,livrée,Adam
3006,3006,2024-11-15,2024-11-17,livrée,Lacroix
3007,3007,2025-10-19,2025-10-20,livrée,Blanchet Lenoir S.A.
3008,3008,2021-11-17,2021-11-20,livrée,Faure
3009,3009,2019-10-12,2019-10-19,en cours,Charpentier
3010,3010,2019-04-20,2019-04-26,en cours,Verdier
3011,3011,2020-04-03,2020-04-09,livrée,Goncalves
3012,3012,2023-03-11,2023-03-15,en attente,Peltier
3013,3013,2022-05-18,2022-05-24,en attente,Collet Gomes SA
3014,3014,2024-06-14,2024-06-18,en cours,Leroux SARL
3015,3015,2019-06-17,2019-06-19,livrée,Blanchard
3016,3016,2022-06-08,2022-06-12,en attente,Besnard
3017,3017,2019-08-01,2019-08-03,livrée,Hardy
3018,3018,2024-03-03,2024-03-09,en attente,Rémy Boyer et Fils
3019,3019,2025-08-21,2025-08-28,en attente,Barre Potier SARL
3020,3020,2024-03-05,2024-03-08,livrée,Morin Martins et Fils
3021,3021,2023-04-02,2023-04-07,en attente,Hamon SA
3022,3022,2022-11-21,2022-11-28,en cours,Briand Garcia SARL
3023,3023,2023-11-06,2023-11-09,en cours,Ollivier S.A.S.
3024,3024,2022-10-28,2022-10-31,en cours,Colin Bousquet SARL
3025,3025,2019-01-18,2019-01-20,en cours,Picard
3026,3026,2023-11-15,2023-11-20,en cours,Guyon Da Silva S.A.R.L.
3027,3027,2019-08-08,2019-08-11,en cours,Lemonnier
3028,3028,2019-08-07,2019-08-08,livrée,Laporte
3029,3029,2019-05-20,2019-05-25,en attente,Bonnet Joseph S.A.R.L.
3030,3030,2022-12-11,2022-12-18,livrée,Lecomte
3031,3031,2020-11-26,2020-11-30,livrée,Duhamel SA
3032,3032,2019-09-23,2019-09-28,livrée,Thibault
3033,3033,2023-07-20,2023-07-25,en attente,Ferreira
3034,3034,2020-04-18,2020-04-24,en attente,Chevalier
3035,3035,2024-02-28,2024-02-29,livrée,Lopes
3036,3036,2022-05-21,2022-05-28,livrée,Gillet Ribeiro S.A.R.L.
3037,3037,2023-08-25,2023-09-01,en cours,Allain
3038,3038,2019-04-17,2019-04-20,en cours,Lelièvre Collet S.A.
3039,3039,2020-09-18,2020-09-25,livrée,Dupuy
3040,3040,2024-02-24,2024-02-25,en cours,Gimenez Lejeune S.A.R.L.
3041,3041,2022-01-08,2022-01-12,livrée,Laroche S.A.R.L.
3042,3042,2021-08-28,2021-09-02,en attente,Berthelot Gillet S.A.S.
3043,3043,2019-09-07,2019-09-13,en cours,Guillon Guyon et Fils
3044,3044,2021-10-25,2021-11-01,livrée,Fournier SARL
3045,3045,2021-12-09,2021-12-11,livrée,Petit
3046,3046,2022-10-10,2022-10-14,en attente,Lemoine SARL
3047,3047,2023-01-24,2023-01-28,en cours,Allain Potier S.A.R.L.
3048,3048,2025-01-24,2025-01-25,en cours,Teixeira
3049,3049,2023-05-10,2023-05-13,en attente,Boulanger
3050,3050,2023-01-28,2023-02-04,livrée,Royer
3051,3051,2025-02-09,2025-02-12,livrée,Grenier
3052,3052,2020-06-29,2020-07-04,en cours,Philippe
3053,3053,2023-08-22,2023-08-25,livrée,Jean
3054,3054,2024-01-15,2024-01-19,en cours,Diallo Merle S.A.R.L.
3055,3055,2019-10-16,2019-10-18,en attente,Rousset
3056,3056,2025-06-04,2025-06-05,en cours,Duhamel
3057,3057,2021-09-08,2021-09-11,en cours,Mahe
3058,3058,2024-03-05,2024-03-07,livrée,Bouvet et Fils
3059,3059,2021-08-29,2021-09-05,en cours,Langlois
3060,3060,2025-04-10,2025-04-14,en attente,Mary
3061,3061,2025-02-24,2025-02-28,en attente,Marin S.A.
3062,3062,2019-12-06,2019-12-10,en attente,Simon
3063,3063,2025-07-07,2025-07-11,livrée,Boyer
3064,3064,2020-12-29,2020-12-30,livrée,Paris Wagner SARL
3065,3065,2024-07-28,2024-08-02,en attente,Fernandes
3066,3066,2019-06-02,2019-06-03,en attente,Dupuis Dijoux S.A.
3067,3067,2022-04-17,2022-04-23,en cours,Guillot
3068,3068,2024-05-20,2024-05-27,en attente,Gonzalez
3069,3069,2019-10-16,2019-10-20,en cours,Paul
3070,3070,2019-09-04,2019-09-06,en attente,Royer Gaudin SARL
3071,3071,2025-12-22,2025-12-23,en cours,Collin
3072,3072,2020-06-09,2020-06-10,en attente,Rodrigues Vaillant S.A.R.L.
3073,3073,2019-12-30,2020-01-05,en attente,Rémy Boyer SARL
3074,3074,2024-05-28,2024-05-30,livrée,Dupuy
3075,3075,2023-07-06,2023-07-13,en attente,Langlois SARL
3076,3076,2019-09-04,2019-09-06,livrée,Legendre SA
3077,3077,2023-11-15,2023-11-20,en cours,Lefèvre Marion SARL
3078,3078,2023-07-23,2023-07-24,livrée,Dubois
3079,3079,2024-01-02,2024-01-04,en attente,Carpentier
3080,3080,2024-04-06,2024-04-09,en attente,Perrin Meyer SARL
3081,3081,2020-05-19,2020-05-20,en cours,Laporte S.A.
3082,3082,2022-01-03,2022-01-08,livrée,Blot et Fils
3083,3083,2024-07-11,2024-07-13,en cours,Dumas S.A.R.L.
3084,3084,2024-12-16,2024-12-22,livrée,Mendès Besnard et Fils
3085,3085,2022-10-24,2022-10-30,en attente,Rolland Bouvier SARL
3086,3086,2022-11-29,2022-12-04,livrée,Thomas
3087,3087,2024-10-06,2024-10-11,en attente,Couturier Baudry S.A.
3088,3088,2025-01-08,2025-01-09,en attente,Henry
3089,3089,2022-11-07,2022-11-10,livrée,Schneider S.A.R.L.
3090,3090,2019-10-28,2019-11-03,en attente,Garcia
3091,3091,2025-03-14,2025-03-17,en cours,Julien
3092,3092,2019-04-18,2019-04-20,en attente,Hoarau
3093,3093,2024-03-06,2024-03-08,en cours,Maréchal
3094,3094,2022-03-22,2022-03-23,en cours,Munoz Bernier SARL
3095,3095,2021-06-23,2021-06-30,livrée,Devaux
3096,3096,2019-07-28,2019-07-31,en attente,Godard
3097,3097,2020-02-15,2020-02-16,livrée,Prévost
3098,3098,2024-01-15,2024-01-20,en cours,Louis SA
3099,3099,2022-02-23,2022-02-27,en attente,Perez
3100,3100,2019-12-12,2019-12-13,livrée,Dumas Buisson S.A.
3101,3101,2020-03-08,2020-03-12,en attente,Meyer et Fils
3102,3102,2019-10-17,2019-10-22,en cours,Pereira
3103,3103,2025-11-03,2025-11-07,en cours,Girard
3104,3104,2023-05-15,2023-05-17,en cours,Rousseau SA
3105,3105,2025-03-12,2025-03-18,livrée,Verdier SARL
3106,3106,2025-05-05,2025-05-08,en attente,Da Costa SA
3107,3107,2025-07-17,2025-07-21,en attente,Chauveau S.A.R.L.
3108,3108,2023-04-08,2023-04-10,livrée,Bigot
3109,3109,2025-10-19,2025-10-21,livrée,Chauveau
3110,3110,2023-05-02,2023-05-08,en attente,Paris
3111,3111,2019-07-16,2019-07-17,en cours,Caron
3112,3112,2024-12-09,2024-12-10,en attente,Giraud
3113,3113,2023-05-25,2023-05-31,livrée,Couturier SA
3114,3114,2019-04-05,2019-04-08,en cours,Marques Collin et Fils
3115,3115,2019-12-30,2019-12-31,livrée,Renaud Perez S.A.
3116,3116,2021-03-15,2021-03-20,livrée,Germain
3117,3117,2024-04-16,2024-04-22,livrée,Voisin
3118,3118,2023-12-03,2023-12-09,en cours,Collin SARL
3119,3119,2023-10-11,2023-10-18,livrée,Alves
3120,3120,2024-10-01,2024-10-04,en attente,Brun
3121,3121,2025-04-11,2025-04-16,livrée,Gosselin Legrand S.A.R.L.
3122,3122,2024-07-20,2024-07-26,livrée,Royer SA
3123,3123,2022-12-01,2022-12-06,en cours,Jourdan
3124,3124,2019-05-26,2019-05-27,en cours,Le Roux et Fils
3125,3125,2021-02-13,2021-02-18,en attente,Grenier
3126,3126,2022-12-04,2022-12-09,livrée,Bernard Perrot SA
3127,3127,2019-06-27,2019-07-01,en attente,Guyot SA
3128,3128,2025-12-08,2025-12-11,en cours,Robin
3129,3129,2022-02-18,2022-02-19,livrée,Pelletier
3130,3130,2023-09-12,2023-09-18,livrée,Carlier
3131,3131,2020-11-19,2020-11-25,en cours,Lefèvre Gautier S.A.S.
3132,3132,2021-08-31,2021-09-07,en cours,Nguyen Courtois et Fils
3133,3133,2022-09-06,2022-09-13,en cours,Bertin S.A.
3134,3134,2025-10-23,2025-10-27,livrée,Pereira
3135,3135,2019-06-05,2019-06-09,en attente,Grégoire Bertin S.A.R.L.
3136,3136,2024-05-30,2024-06-01,en attente,Leleu Normand S.A.R.L.
3137,3137,2021-01-05,2021-01-06,en cours,Boutin Boulanger et Fils
3138,3138,2022-02-17,2022-02-22,en cours,Moreno et Fils
3139,3139,2022-11-23,2022-11-28,en attente,Godard
3140,3140,2022-01-11,2022-01-17,en cours,Didier S.A.S.
3141,3141,2021-01-01,2021-01-07,en cours,Salmon Jacob SARL
3142,3142,2020-06-25,2020-06-29,livrée,Blanc Normand SARL
3143,3143,2022-09-03,2022-09-04,en attente,Rémy et Fils
3144,3144,2025-09-07,2025-09-08,en cours,Lemaître Mercier SARL
3145,3145,2022-05-28,2022-05-31,livrée,Gomes
3146,3146,2025-12-29,2025-12-30,en attente,Gillet
3147,3147,2021-09-26,2021-09-30,en attente,De Oliveira
3148,3148,2024-07-22,2024-07-27,en attente,Léger S.A.R.L.
3149,3149,2019-10-03,2019-10-05,en attente,Gilles
3150,3150,2020-04-07,2020-04-13,livrée,Chauvin
3151,3151,2020-07-12,2020-07-17,livrée,Bouvet
3152,3152,2020-06-23,2020-06-28,en attente,Seguin SA
3153,3153,2024-06-07,2024-06-08,livrée,Bodin S.A.S.
3154,3154,2019-04-05,2019-04-06,livrée,Ruiz S.A.S.
3155,3155,2021-01-07,2021-01-12,en cours,Girard
3156,3156,2022-04-05,2022-04-09,livrée,Bailly Rossi S.A.
3157,3157,2020-03-18,2020-03-21,en attente,Guillet
3158,3158,2024-08-01,2024-08-03,en cours,Reynaud
3159,3159,2021-01-15,2021-01-17,en cours,Aubert
3160,3160,2024-04-11,2024-04-16,en attente,Moulin Gaillard S.A.
3161,3161,2025-10-21,2025-10-24,en cours,Gauthier
3162,3162,2020-10-16,2020-10-19,livrée,Neveu
3163,3163,2020-05-20,2020-05-27,en cours,Chauvet SA
3164,3164,2023-12-09,2023-12-16,en attente,Maurice
3165,3165,2025-09-13,2025-09-16,livrée,Guillot
3166,3166,2023-08-31,2023-09-01,livrée,Coste Lévêque SA
3167,3167,2022-07-26,2022-07-27,en cours,Letellier Menard et Fils
3168,3168,2022-07-03,2022-07-08,livrée,Baudry Deschamps S.A.R.L.
3169,3169,2022-12-02,2022-12-05,livrée,Ferreira Clément SA
3170,3170,2020-06-27,2020-07-01,en cours,Jacques
3171,3171,2020-12-15,2020-12-18,en attente,Torres
3172,3172,2022-09-03,2022-09-04,livrée,Morvan SARL
3173,3173,2025-10-14,2025-10-21,livrée,Hubert S.A.
3174,3174,2023-05-16,2023-05-22,livrée,Payet
3175,3175,2025-04-27,2025-04-28,en cours,Bigot Ferrand SARL
3176,3176,2019-04-29,2019-05-03,livrée,Leduc SA
3177,3177,2022-11-13,2022-11-15,livrée,Carre S.A.S.
3178,3178,2019-03-11,2019-03-17,en cours,Lefebvre Mary S.A.R.L.
3179,3179,2019-02-22,2019-03-01,livrée,Gros Jean SA
3180,3180,2023-11-29,2023-12-06,en cours,Dupuy
3181,3181,2021-07-18,2021-07-23,livrée,Charles
3182,3182,2025-05-27,2025-06-03,en cours,Guillet
3183,3183,2021-06-13,2021-06-18,en attente,Peltier
3184,3184,2019-04-01,2019-04-06,en cours,Maillot
3185,3185,2025-01-03,2025-01-06,en cours,Brunel Chauveau S.A.
3186,3186,2019-05-29,2019-06-05,livrée,Moulin De Oliveira S.A.S.
3187,3187,2023-04-16,2023-04-21,livrée,Guyot
3188,3188,2025-09-13,2025-09-14,en attente,Masse
3189,3189,2020-10-24,2020-10-28,en cours,Dijoux S.A.R.L.
3190,3190,2023-11-10,2023-11-15,en cours,Lenoir
3191,3191,2025-04-20,2025-04-27,en cours,Barthelemy
3192,3192,2024-11-14,2024-11-21,livrée,Rocher Lombard S.A.S.
3193,3193,2019-12-01,2019-12-07,en cours,Lemaître SA
3194,3194,2019-05-22,2019-05-24,en cours,Jacquet
3195,3195,2019-08-21,2019-08-28,en attente,Giraud Guilbert S.A.
3196,3196,2020-04-12,2020-04-19,en attente,Julien
3197,3197,2025-06-23,2025-06-26,en cours,Teixeira Bigot S.A.S.
3198,3198,2020-09-20,2020-09-27,livrée,Lombard
3199,3199,2021-02-14,2021-02-19,en cours,Ramos Millet S.A.S.
3200,3200,2021-08-09,2021-08-12,en attente,Morel
3201,3201,2025-03-31,2025-04-06,en cours,Rodriguez
3202,3202,2019-10-26,2019-10-31,en cours,Baudry
3203,3203,2022-02-26,2022-03-03,en cours,Laroche S.A.
3204,3204,2023-11-30,2023-12-03,en cours,Rodriguez SA
3205,3205,2023-10-19,2023-10-25,livrée,Roy
3206,3206,2024-07-27,2024-08-01,en cours,Andre
3207,3207,2021-03-09,2021-03-11,livrée,Leblanc
3208,3208,2024-12-05,2024-12-08,en cours,Weiss
3209,3209,2025-07-12,2025-07-17,en attente,Fernandez et Fils
3210,3210,2025-05-01,2025-05-07,en attente,Baron Hoareau S.A.R.L.
3211,3211,2020-06-09,2020-06-16,livrée,Besson SA
3212,3212,2025-07-13,2025-07-18,en cours,Lesage S.A.S.
3213,3213,2023-04-03,2023-04-10,en cours,Le Roux Ribeiro et Fils
3214,3214,2020-05-23,2020-05-26,en attente,Caron
3215,3215,2024-06-10,2024-06-13,en cours,Auger S.A.
3216,3216,2023-09-11,2023-09-13,en cours,Diallo
3217,3217,2025-09-07,2025-09-10,livrée,Pasquier Fournier S.A.S.
3218,3218,2019-07-25,2019-07-30,livrée,Voisin
3219,3219,2020-12-02,2020-12-07,en attente,Seguin Cordier S.A.
3220,3220,2019-08-18,2019-08-20,en cours,Aubry Clément S.A.
3221,3221,2019-11-23,2019-11-28,en attente,Lagarde SA
3222,3222,2023-07-22,2023-07-26,en attente,Buisson et Fils
3223,3223,2022-11-28,2022-11-30,en cours,Roy Gomez et Fils
3224,3224,2023-01-21,2023-01-27,livrée,Guillou
3225,3225,2024-09-03,2024-09-06,en cours,Boulay
3226,3226,2021-06-24,2021-06-25,en cours,Pascal SA
3227,3227,2023-07-05,2023-07-06,livrée,Valette
3228,3228,2024-07-13,2024-07-20,livrée,Le Gall
3229,3229,2025-01-07,2025-01-14,en attente,Dupuy
3230,3230,2025-09-03,2025-09-06,en cours,Le Gall SARL
3231,3231,2021-05-12,2021-05-15,livrée,Lemaire
3232,3232,2020-04-18,2020-04-21,livrée,Clément Jacquot et Fils
3233,3233,2021-12-30,2022-01-02,livrée,Lamy
3234,3234,2019-03-30,2019-04-03,en cours,Jacquet S.A.R.L.
3235,3235,2020-01-31,2020-02-01,en attente,Charles SA
3236,3236,2023-05-22,2023-05-25,en cours,Hamel et Fils
3237,3237,2021-04-01,2021-04-05,en attente,Denis
3238,3238,2021-06-21,2021-06-24,en attente,Sauvage
3239,3239,2021-05-10,2021-05-11,en cours,Prévost
3240,3240,2024-03-06,2024-03-12,livrée,Albert SARL
3241,3241,2023-11-10,2023-11-17,en attente,Pasquier
3242,3242,2024-09-10,2024-09-15,livrée,Martins Martins S.A.R.L.
3243,3243,2024-07-19,2024-07-25,en attente,Renaud Humbert SA
3244,3244,2025-03-13,2025-03-19,en attente,Humbert S.A.
3245,3245,2024-04-11,2024-04-15,en cours,Fischer
3246,3246,2023-03-03,2023-03-04,en cours,Tanguy
3247,3247,2022-01-24,2022-01-25,livrée,Colas Berger et Fils
3248,3248,2024-02-23,2024-03-01,en cours,Le Gall
3249,3249,2022-04-01,2022-04-08,en attente,Thomas S.A.
3250,3250,2020-09-07,2020-09-09,en cours,Durand Dupuy SARL
3251,3251,2024-03-05,2024-03-09,livrée,Roy SA
3252,3252,2022-09-03,2022-09-10,en attente,Fernandez Laroche et Fils
3253,3253,2019-08-02,2019-08-04,en cours,Ferrand
3254,3254,2021-09-24,2021-09-30,livrée,Ferreira
3255,3255,2021-10-08,2021-10-12,livrée,Potier
3256,3256,2021-07-04,2021-07-09,livrée,Fleury S.A.S.
3257,3257,2024-02-07,2024-02-12,en attente,Charpentier S.A.S.
3258,3258,2019-08-19,2019-08-20,livrée,Guillaume
3259,3259,2019-02-12,2019-02-15,en cours,Berthelot
3260,3260,2021-07-18,2021-07-24,en cours,Regnier
3261,3261,2020-02-20,2020-02-25,en attente,Texier
3262,3262,2020-09-12,2020-09-17,livrée,Gaudin Fouquet S.A.
3263,3263,2021-05-09,2021-05-11,en cours,Fontaine Faure S.A.
3264,3264,2025-03-24,2025-03-27,livrée,Joseph S.A.R.L.
3265,3265,2020-11-09,2020-11-14,en cours,Leroy
3266,3266,2019-05-07,2019-05-11,en cours,Roger Pineau S.A.S.
3267,3267,2024-11-13,2024-11-16,en cours,Blanchet
3268,3268,2025-08-24,2025-08-25,livrée,Briand
3269,3269,2022-11-23,2022-11-25,en cours,Royer SA
3270,3270,2023-05-14,2023-05-21,en attente,Evrard
3271,3271,2019-03-19,2019-03-23,en attente,Blanchard
3272,3272,2021-11-21,2021-11-28,en attente,Thomas Laurent et Fils
3273,3273,2025-11-11,2025-11-15,livrée,Laroche
3274,3274,2023-10-18,2023-10-21,en cours,Maillard S.A.R.L.
3275,3275,2023-03-14,2023-03-15,en cours,Loiseau S.A.
3276,3276,2023-02-27,2023-03-04,livrée,Schmitt Garcia SARL
3277,3277,2019-03-20,2019-03-26,en attente,Thibault S.A.S.
3278,3278,2019-03-14,2019-03-16,en attente,Launay
3279,3279,2025-02-04,2025-02-06,livrée,Bourdon
3280,3280,2019-10-21,2019-10-23,en attente,Leroux
3281,3281,2025-12-30,2026-01-06,en cours,Lamy
3282,3282,2019-07-05,2019-07-09,en cours,Pereira
3283,3283,2024-02-03,2024-02-05,en attente,Brun
3284,3284,2025-10-03,2025-10-10,en attente,Fontaine Thibault SA
3285,3285,2025-04-09,2025-04-11,en attente,Evrard
3286,3286,2024-01-28,2024-02-03,en attente,Pineau
3287,3287,2025-03-09,2025-03-14,en attente,Julien
3288,3288,2022-09-11,2022-09-17,livrée,Prévost SA
3289,3289,2021-12-16,2021-12-19,en attente,Leduc S.A.
3290,3290,2021-01-29,2021-01-30,en cours,Gaillard
3291,3291,2025-08-29,2025-09-01,en cours,Valentin
3292,3292,2022-12-24,2022-12-25,en attente,Leclerc
3293,3293,2022-05-31,2022-06-04,en cours,Legrand et Fils
3294,3294,2019-09-12,2019-09-19,en attente,Monnier
3295,3295,2023-05-11,2023-05-17,en attente,Le Roux
3296,3296,2024-06-04,2024-06-05,en cours,Bourgeois
3297,3297,2021-02-16,2021-02-19,en attente,Hubert
3298,3298,2024-11-25,2024-12-01,livrée,Rossi
3299,3299,2022-10-02,2022-10-04,livrée,Guilbert
3300,3300,2019-04-29,2019-05-03,livrée,Lévy
3301,3301,2025-03-20,2025-03-24,en attente,Delmas
3302,3302,2021-12-18,2021-12-20,livrée,Besnard
3303,3303,2025-03-13,2025-03-16,en attente,Gilles
3304,3304,2023-02-20,2023-02-21,en cours,Allain S.A.S.
3305,3305,2021-12-27,2021-12-29,en attente,Thibault S.A.
3306,3306,2023-07-06,2023-07-08,livrée,Thibault et Fils
3307,3307,2021-01-03,2021-01-04,en attente,Lecoq
3308,3308,2020-03-19,2020-03-20,en attente,Didier Gallet S.A.R.L.
3309,3309,2019-02-19,2019-02-21,en attente,Gautier SA
3310,3310,2023-11-09,2023-11-14,en cours,Benoit
3311,3311,2025-02-20,2025-02-23,en attente,Barthelemy
3312,3312,2019-04-27,2019-04-29,en attente,Duval
3313,3313,2022-03-25,2022-03-27,en attente,Garnier SA
3314,3314,2020-02-15,2020-02-18,en attente,Langlois
3315,3315,2025-10-30,2025-11-05,en attente,Berthelot
3316,3316,2025-11-30,2025-12-02,livrée,Auger
3317,3317,2021-03-18,2021-03-20,en cours,Weiss et Fils
3318,3318,2022-02-15,2022-02-18,en cours,Raymond SARL
3319,3319,2025-10-16,2025-10-18,livrée,Philippe Paris et Fils
3320,3320,2024-02-10,2024-02-15,en attente,Valette Blanc S.A.R.L.
3321,3321,2024-02-13,2024-02-16,livrée,Boucher SARL
3322,3322,2021-09-08,2021-09-15,en cours,Hoarau
3323,3323,2023-12-18,2023-12-20,en attente,Launay Munoz S.A.R.L.
3324,3324,2019-12-06,2019-12-09,en attente,Gallet Gonzalez et Fils
3325,3325,2022-04-23,2022-04-28,en cours,Henry SARL
3326,3326,2021-06-07,2021-06-12,en attente,Meunier S.A.S.
3327,3327,2025-04-14,2025-04-18,en attente,Roche Pereira SARL
3328,3328,2020-04-29,2020-05-06,livrée,Lopes S.A.S.
3329,3329,2024-10-17,2024-10-24,en attente,Schneider S.A.R.L.
3330,3330,2025-11-27,2025-12-04,en attente,Guichard
3331,3331,2025-06-04,2025-06-11,en attente,Weiss
3332,3332,2025-09-04,2025-09-10,en cours,Gauthier Techer SARL
3333,3333,2023-12-31,2024-01-01,en attente,Baron
3334,3334,2019-03-13,2019-03-15,livrée,Martinez
3335,3335,2022-03-21,2022-03-27,livrée,Marchal SARL
3336,3336,2023-11-24,2023-12-01,en attente,Gonzalez
3337,3337,2020-08-20,2020-08-21,en cours,Jourdan
3338,3338,2022-02-19,2022-02-22,en attente,Leroy SA
3339,3339,2021-10-07,2021-10-13,en cours,Rey
3340,3340,2023-06-19,2023-06-20,livrée,Masson S.A.
3341,3341,2023-09-18,2023-09-25,livrée,Pruvost
3342,3342,2021-05-01,2021-05-06,en cours,Peron
3343,3343,2024-02-22,2024-02-29,en cours,Blanchet Da Costa S.A.
3344,3344,2020-04-18,2020-04-21,en cours,Camus Lopez et Fils
3345,3345,2024-11-25,2024-12-01,en attente,Bouvet S.A.R.L.
3346,3346,2019-01-22,2019-01-24,livrée,Martineau S.A.
3347,3347,2022-11-23,2022-11-29,en cours,Joseph SA
3348,3348,2020-02-19,2020-02-21,livrée,Perrier Bouchet SARL
3349,3349,2022-10-01,2022-10-05,en attente,Bodin
3350,3350,2023-11-13,2023-11-14,en attente,Boulay Grégoire SARL
3351,3351,2025-08-23,2025-08-27,en attente,Caron S.A.R.L.
3352,3352,2025-04-14,2025-04-16,livrée,Paul Klein S.A.
3353,3353,2019-03-18,2019-03-19,en attente,Chevallier Leconte S.A.
3354,3354,2024-09-09,2024-09-10,en cours,Nguyen
3355,3355,2024-11-10,2024-11-12,en attente,Lebon
3356,3356,2020-01-04,2020-01-06,en cours,Mendès Mace S.A.R.L.
3357,3357,2024-04-03,2024-04-08,en cours,Couturier
3358,3358,2023-03-06,2023-03-11,en attente,Ruiz S.A.R.L.
3359,3359,2022-12-25,2022-12-26,en cours,Laporte
3360,3360,2022-03-13,2022-03-15,en attente,Courtois S.A.R.L.
3361,3361,2021-11-16,2021-11-20,en attente,Louis Chrétien S.A.S.
3362,3362,2024-02-12,2024-02-16,livrée,Guyot
3363,3363,2024-01-13,2024-01-20,livrée,Pierre
3364,3364,2025-04-17,2025-04-20,en attente,Goncalves
3365,3365,2025-02-11,2025-02-15,livrée,Pons et Fils
3366,3366,2021-03-18,2021-03-23,livrée,Bazin
3367,3367,2025-10-16,2025-10-17,en cours,Denis et Fils
3368,3368,2020-01-30,2020-02-06,livrée,Voisin
3369,3369,2023-05-15,2023-05-18,livrée,Torres Hoareau et Fils
3370,3370,2025-01-19,2025-01-23,livrée,Diallo
3371,3371,2020-06-26,2020-06-27,en cours,Gallet et Fils
3372,3372,2020-09-28,2020-10-01,en attente,Roussel S.A.
3373,3373,2021-02-08,2021-02-09,en cours,Fleury
3374,3374,2024-04-21,2024-04-26,livrée,Alexandre
3375,3375,2019-09-06,2019-09-08,livrée,Bonnin SA
3376,3376,2020-12-20,2020-12-26,en cours,Lefèvre Roy S.A.S.
3377,3377,2024-03-14,2024-03-15,en attente,Mathieu
3378,3378,2019-02-13,2019-02-17,en attente,Diaz Blanchard SA
3379,3379,2024-01-18,2024-01-21,en cours,Louis
3380,3380,2023-01-07,2023-01-11,en attente,Muller
3381,3381,2023-08-20,2023-08-23,en attente,Dupré Masson SARL
3382,3382,2021-09-10,2021-09-13,livrée,Aubert S.A.R.L.
3383,3383,2019-03-28,2019-04-02,en attente,Renaud Roux S.A.R.L.
3384,3384,2022-11-11,2022-11-16,livrée,Pereira
3385,3385,2019-11-07,2019-11-14,en attente,Poulain
3386,3386,2024-01-27,2024-01-28,en cours,Gautier S.A.S.
3387,3387,2022-11-30,2022-12-05,en cours,Schmitt Blanchet SA
3388,3388,2024-12-31,2025-01-02,en attente,Rolland Rey et Fils
3389,3389,2022-08-11,2022-08-16,en attente,Dupuis Pons et Fils
3390,3390,2020-02-10,2020-02-11,en cours,Gillet Loiseau et Fils
3391,3391,2021-03-15,2021-03-17,livrée,Weber
3392,3392,2019-11-17,2019-11-21,livrée,Peron
3393,3393,2019-07-13,2019-07-14,livrée,Marchal
3394,3394,2019-07-07,2019-07-12,en cours,Louis
3395,3395,2024-05-22,2024-05-23,en attente,Guyon
3396,3396,2024-05-24,2024-05-28,livrée,Rolland
3397,3397,2019-08-03,2019-08-08,en cours,Bigot
3398,3398,2019-07-13,2019-07-16,livrée,Brunet
3399,3399,2019-12-22,2019-12-26,livrée,Mercier
3400,3400,2024-12-30,2025-01-01,livrée,Le Roux
3401,3401,2023-11-08,2023-11-13,en cours,Leclercq
3402,3402,2020-10-05,2020-10-08,en attente,Moreno
3403,3403,2020-11-11,2020-11-15,en cours,Bonnin
3404,3404,2023-09-18,2023-09-19,livrée,Letellier
3405,3405,2020-04-21,2020-04-26,livrée,Martins S.A.S.
3406,3406,2021-03-31,2021-04-07,en attente,Leblanc S.A.R.L.
3407,3407,2025-12-01,2025-12-05,en cours,Chartier Schneider SA
3408,3408,2025-01-11,2025-01-14,livrée,Hoarau SARL
3409,3409,2022-11-03,2022-11-05,livrée,Monnier
3410,3410,2023-07-15,2023-07-16,livrée,Laporte et Fils
3411,3411,2025-06-18,2025-06-23,livrée,Meunier et Fils
3412,3412,2021-04-06,2021-04-07,livrée,Bruneau Marion et Fils
3413,3413,2023-07-21,2023-07-27,en cours,Alves
3414,3414,2022-06-07,2022-06-08,livrée,Gauthier Pruvost S.A.
3415,3415,2019-04-18,2019-04-19,en attente,Richard
3416,3416,2024-05-01,2024-05-04,en cours,Weber
3417,3417,2021-05-27,2021-05-29,livrée,Robert Barbe S.A.R.L.
3418,3418,2025-12-26,2025-12-31,en cours,Imbert
3419,3419,2020-08-13,2020-08-16,en cours,Lemaître
3420,3420,2022-08-06,2022-08-12,en cours,Lefebvre Schneider SARL
3421,3421,2023-10-30,2023-11-06,en attente,Thierry
3422,3422,2023-03-27,2023-03-28,livrée,Lombard S.A.
3423,3423,2020-07-25,2020-07-26,en attente,Le Goff Sanchez SA
3424,3424,2019-10-09,2019-10-13,en cours,Martineau
3425,3425,2022-02-23,2022-02-24,en cours,Lambert
3426,3426,2020-08-24,2020-08-25,en cours,Mallet
3427,3427,2023-10-21,2023-10-28,en cours,Ribeiro SARL
3428,3428,2019-10-20,2019-10-25,livrée,Ferreira Pierre SA
3429,3429,2025-05-09,2025-05-14,livrée,Verdier
3430,3430,2025-04-21,2025-04-27,en cours,Olivier SARL
3431,3431,2025-02-08,2025-02-11,livrée,Guyon Delmas S.A.
3432,3432,2024-08-12,2024-08-16,livrée,Leblanc Delattre S.A.
3433,3433,2024-04-24,2024-04-27,livrée,Barthelemy
3434,3434,2022-01-20,2022-01-26,en attente,Gillet
3435,3435,2022-02-02,2022-02-03,en attente,Coulon S.A.S.
3436,3436,2023-01-28,2023-01-31,livrée,Antoine Fouquet SA
3437,3437,2023-12-10,2023-12-11,livrée,Lopes
3438,3438,2022-01-26,2022-01-31,en cours,Blanc
3439,3439,2021-05-19,2021-05-23,en attente,Couturier
3440,3440,2021-09-03,2021-09-10,en attente,Vincent Simon S.A.S.
3441,3441,2020-03-01,2020-03-06,en attente,Julien Gomes SA
3442,3442,2019-07-28,2019-08-01,livrée,Voisin
3443,3443,2022-10-08,2022-10-15,livrée,Bonneau Leblanc S.A.S.
3444,3444,2023-05-26,2023-06-01,en attente,Petit Jacquot SARL
3445,3445,2025-12-02,2025-12-08,en cours,Lopez Bernier SA
3446,3446,2024-05-22,2024-05-26,en cours,Chauveau Boyer SA
3447,3447,2025-01-07,2025-01-12,en attente,Teixeira SARL
3448,3448,2019-06-02,2019-06-05,en attente,Deschamps S.A.R.L.
3449,3449,2020-12-23,2020-12-27,livrée,Mallet
3450,3450,2024-08-15,2024-08-16,en cours,Rousseau
3451,3451,2024-08-26,2024-08-31,en attente,Fontaine Leleu et Fils
3452,3452,2022-08-27,2022-09-03,en cours,Loiseau
3453,3453,2021-04-05,2021-04-07,en attente,Boucher Roux et Fils
3454,3454,2021-02-12,2021-02-16,en cours,Gosselin
3455,3455,2021-07-19,2021-07-25,livrée,Gilles Raynaud S.A.S.
3456,3456,2024-04-26,2024-05-01,livrée,Buisson
3457,3457,2022-07-14,2022-07-15,en attente,Lambert SARL
3458,3458,2025-08-17,2025-08-23,en cours,Lemonnier Clément S.A.S.
3459,3459,2021-10-11,2021-10-15,livrée,Ferrand
3460,3460,2021-06-02,2021-06-08,en cours,Lopes S.A.
3461,3461,2020-12-04,2020-12-09,en cours,Chrétien Voisin S.A.R.L.
3462,3462,2019-04-27,2019-04-29,en attente,Blin SA
3463,3463,2024-08-30,2024-09-02,livrée,Muller Gaillard SA
3464,3464,2021-07-26,2021-07-29,en cours,Gomes SA
3465,3465,2024-11-22,2024-11-24,livrée,Nguyen SA
3466,3466,2023-11-19,2023-11-21,en cours,Loiseau S.A.S.
3467,3467,2021-12-26,2021-12-29,en attente,Auger
3468,3468,2025-11-22,2025-11-27,en cours,Hubert
3469,3469,2021-10-08,2021-10-12,en cours,Da Costa
3470,3470,2022-08-10,2022-08-16,livrée,Lecoq
3471,3471,2024-12-31,2025-01-04,en attente,Marty
3472,3472,2021-09-11,2021-09-14,en attente,Menard Jourdan SARL
3473,3473,2024-05-11,2024-05-12,en attente,Rossi
3474,3474,2025-01-11,2025-01-18,en cours,Lacroix
3475,3475,2022-12-21,2022-12-27,en attente,Fernandez
3476,3476,2023-08-11,2023-08-16,en attente,Perez
3477,3477,2024-02-07,2024-02-12,en cours,Laurent SARL
3478,3478,2025-10-22,2025-10-26,en cours,Gaudin Lamy S.A.R.L.
3479,3479,2023-02-08,2023-02-13,en attente,Didier
3480,3480,2019-06-06,2019-06-09,livrée,Étienne
3481,3481,2023-02-08,2023-02-10,en attente,Mallet Buisson S.A.
3482,3482,2021-08-21,2021-08-26,livrée,Lemonnier Blanchet S.A.S.
3483,3483,2022-11-05,2022-11-09,livrée,Andre S.A.R.L.
3484,3484,2022-01-17,2022-01-19,livrée,Colin
3485,3485,2019-12-16,2019-12-21,livrée,Fernandes
3486,3486,2021-01-27,2021-01-30,en attente,Faivre Blanc S.A.R.L.
3487,3487,2021-11-21,2021-11-23,en cours,Blanc SARL
3488,3488,2019-12-09,2019-12-14,en cours,Prévost
3489,3489,2023-01-22,2023-01-25,livrée,Bodin
3490,3490,2022-07-27,2022-07-29,en cours,Coste
3491,3491,2021-01-23,2021-01-28,en attente,Chartier
3492,3492,2019-11-20,2019-11-23,livrée,Ferreira
3493,3493,2025-09-30,2025-10-06,en cours,De Oliveira
3494,3494,2023-10-01,2023-10-04,livrée,Thibault
3495,3495,2024-02-09,2024-02-12,livrée,Lamy SA
3496,3496,2021-05-05,2021-05-10,en cours,Faivre
3497,3497,2025-04-13,2025-04-15,en cours,Da Costa
3498,3498,2020-06-07,2020-06-09,en attente,Da Silva SARL
3499,3499,2021-08-16,2021-08-17,livrée,Gomez
3500,3500,2021-11-11,2021-11-12,livrée,Coulon
3501,3501,2023-06-02,2023-06-05,livrée,Bodin et Fils
3502,3502,2024-10-10,2024-10-17,livrée,Paul S.A.
3503,3503,2023-02-18,2023-02-20,en cours,Coste
3504,3504,2021-10-08,2021-10-10,livrée,Perez
3505,3505,2020-11-28,2020-12-05,en attente,Bouvet Guérin S.A.S.
3506,3506,2019-10-28,2019-11-03,en attente,Bourgeois Regnier SA
3507,3507,2022-06-12,2022-06-18,en cours,Toussaint
3508,3508,2025-04-25,2025-04-26,livrée,Grondin
3509,3509,2025-01-21,2025-01-24,en attente,Charrier SARL
3510,3510,2019-12-03,2019-12-06,livrée,Potier
3511,3511,2023-08-11,2023-08-12,en attente,Bourdon S.A.S.
3512,3512,2022-03-12,2022-03-16,livrée,Maréchal SA
3513,3513,2019-04-20,2019-04-21,livrée,Delahaye
3514,3514,2023-01-22,2023-01-29,en cours,Lopes Perret SA
3515,3515,2022-06-13,2022-06-17,livrée,Lelièvre Maréchal SA
3516,3516,2022-10-10,2022-10-15,livrée,Rémy
3517,3517,2023-07-06,2023-07-08,en cours,Bertin S.A.
3518,3518,2025-06-29,2025-07-05,en attente,Blot Buisson S.A.S.
3519,3519,2025-10-25,2025-10-29,livrée,Fernandes S.A.R.L.
3520,3520,2023-09-04,2023-09-10,en attente,Guillon Girard S.A.
3521,3521,2020-05-19,2020-05-24,en attente,Raymond
3522,3522,2019-07-27,2019-08-02,en attente,Antoine
3523,3523,2025-07-27,2025-08-02,en cours,Auger Hardy S.A.
3524,3524,2025-04-25,2025-05-02,livrée,Bertin
3525,3525,2022-02-25,2022-02-26,en attente,Simon
3526,3526,2025-03-20,2025-03-24,en cours,Peltier Grondin S.A.
3527,3527,2020-06-11,2020-06-18,en attente,Pires SARL
3528,3528,2020-01-27,2020-01-30,en cours,Ruiz
3529,3529,2022-02-16,2022-02-19,livrée,Dubois
3530,3530,2023-05-18,2023-05-21,en cours,Masson
3531,3531,2024-01-12,2024-01-19,livrée,Mercier Blin SA
3532,3532,2022-10-30,2022-11-05,livrée,Barbier
3533,3533,2020-11-04,2020-11-08,livrée,Barre Goncalves S.A.
3534,3534,2020-07-13,2020-07-17,en attente,Besnard
3535,3535,2023-11-28,2023-12-05,en attente,Rey
3536,3536,2024-02-19,2024-02-24,en cours,Guillaume SARL
3537,3537,2022-06-13,2022-06-14,en attente,Benoit Léger SARL
3538,3538,2020-11-10,2020-11-12,livrée,Descamps S.A.S.
3539,3539,2023-12-28,2024-01-04,en attente,Blondel S.A.
3540,3540,2024-03-18,2024-03-23,en cours,Raynaud Fischer et Fils
3541,3541,2024-02-02,2024-02-03,en cours,Caron
3542,3542,2019-12-18,2019-12-19,en attente,Merle et Fils
3543,3543,2019-03-31,2019-04-04,en cours,Daniel SA
3544,3544,2019-06-01,2019-06-04,livrée,Pineau S.A.
3545,3545,2023-10-05,2023-10-11,en attente,Parent
3546,3546,2019-10-08,2019-10-15,en attente,Roux S.A.S.
3547,3547,2021-01-31,2021-02-06,livrée,Blanchet
3548,3548,2020-08-23,2020-08-26,livrée,Leclerc Grégoire SA
3549,3549,2021-04-11,2021-04-16,livrée,Bailly Gay S.A.S.
3550,3550,2019-01-17,2019-01-24,en attente,Hoarau S.A.R.L.
3551,3551,2025-05-26,2025-05-31,en cours,Barbier SA
3552,3552,2023-10-20,2023-10-27,en cours,Andre SARL
3553,3553,2020-10-22,2020-10-23,en cours,Raymond
3554,3554,2024-07-21,2024-07-27,en attente,Bourgeois
3555,3555,2021-10-23,2021-10-25,en attente,Lopes S.A.R.L.
3556,3556,2022-04-24,2022-04-27,en attente,Blondel
3557,3557,2023-04-14,2023-04-20,livrée,Hebert Barbe SA
3558,3558,2019-03-06,2019-03-11,livrée,Tanguy
3559,3559,2025-10-04,2025-10-09,en attente,Gomez
3560,3560,2022-12-25,2022-12-26,livrée,Descamps
3561,3561,2024-01-06,2024-01-10,en attente,Fleury
3562,3562,2024-01-23,2024-01-28,en attente,Peron Mallet et Fils
3563,3563,2019-02-20,2019-02-25,en cours,Maillard
3564,3564,2022-04-11,2022-04-13,en attente,Guillaume SA
3565,3565,2021-01-20,2021-01-26,en cours,Gros
3566,3566,2019-08-29,2019-09-04,en attente,Bruneau Antoine SARL
3567,3567,2025-10-26,2025-11-02,en attente,Allard
3568,3568,2019-06-29,2019-07-03,en attente,Pineau
3569,3569,2023-03-22,2023-03-28,livrée,Legendre Charles et Fils
3570,3570,2025-04-21,2025-04-26,livrée,Fournier
3571,3571,2020-11-11,2020-11-17,en attente,Labbé
3572,3572,2023-06-21,2023-06-28,en attente,Bruneau Poirier S.A.
3573,3573,2024-12-17,2024-12-24,en attente,Fontaine S.A.S.
3574,3574,2021-04-21,2021-04-23,en cours,Couturier
3575,3575,2025-01-01,2025-01-07,livrée,Martineau
3576,3576,2023-11-29,2023-12-05,en attente,Delaunay
3577,3577,2024-05-25,2024-05-28,en cours,Adam Fontaine SA
3578,3578,2023-12-30,2024-01-03,en cours,Chauvet S.A.
3579,3579,2022-08-24,2022-08-25,livrée,Techer
3580,3580,2019-08-01,2019-08-02,livrée,Brunel
3581,3581,2024-08-29,2024-09-03,en attente,Ferrand
3582,3582,2020-08-05,2020-08-11,en attente,Lelièvre SA
3583,3583,2023-10-27,2023-11-02,en attente,Gaudin S.A.S.
3584,3584,2023-02-11,2023-02-15,en attente,Da Silva
3585,3585,2024-03-03,2024-03-10,en attente,Seguin
3586,3586,2019-09-12,2019-09-14,en attente,Guillaume
3587,3587,2022-12-08,2022-12-12,en cours,Lévêque Mary S.A.
3588,3588,2024-06-16,2024-06-18,en cours,Pasquier
3589,3589,2022-06-09,2022-06-16,en cours,Jourdan
3590,3590,2020-05-21,2020-05-22,en cours,Blanchet
3591,3591,2024-09-23,2024-09-30,en attente,Legros Hamon S.A.S.
3592,3592,2024-04-28,2024-05-02,en attente,Muller
3593,3593,2019-01-09,2019-01-16,livrée,Perrin Durand S.A.R.L.
3594,3594,2024-10-17,2024-10-18,en attente,Ollivier S.A.
3595,3595,2025-11-02,2025-11-07,livrée,Gaillard
3596,3596,2020-06-10,2020-06-14,livrée,Rodrigues
3597,3597,2025-06-18,2025-06-24,en cours,Pelletier
3598,3598,2023-07-24,2023-07-30,livrée,Raymond
3599,3599,2025-12-26,2025-12-29,en attente,Daniel S.A.R.L.
3600,3600,2022-09-17,2022-09-22,en cours,Toussaint
3601,3601,2021-01-13,2021-01-17,livrée,Leleu Payet S.A.R.L.
3602,3602,2023-10-24,2023-10-25,en cours,Leblanc et Fils
3603,3603,2019-08-28,2019-09-04,livrée,Boucher
3604,3604,2024-12-19,2024-12-24,en cours,Sanchez Langlois S.A.R.L.
3605,3605,2025-07-06,2025-07-07,en attente,Hamon
3606,3606,2021-10-08,2021-10-09,en attente,Clément
3607,3607,2022-04-21,2022-04-24,en attente,Barbe
3608,3608,2023-03-22,2023-03-23,en cours,Bouvet
3609,3609,2025-06-19,2025-06-25,en cours,Hamon
3610,3610,2019-05-13,2019-05-16,en attente,Rocher
3611,3611,2019-06-15,2019-06-16,en cours,Navarro Laporte et Fils
3612,3612,2022-12-18,2022-12-23,en cours,Rémy S.A.S.
3613,3613,2020-07-27,2020-07-29,en attente,Lemaître
3614,3614,2019-04-23,2019-04-29,livrée,Poirier
3615,3615,2021-08-16,2021-08-19,en attente,Delattre
3616,3616,2022-12-14,2022-12-19,en cours,Pineau
3617,3617,2023-10-28,2023-11-02,en attente,Henry
3618,3618,2023-12-06,2023-12-13,en cours,Adam
3619,3619,2025-02-06,2025-02-07,livrée,Bruneau S.A.S.
3620,3620,2022-12-27,2022-12-30,en attente,Costa Auger S.A.
3621,3621,2024-12-16,2024-12-18,en attente,Traore
3622,3622,2023-04-11,2023-04-18,en cours,Guyot Millet et Fils
3623,3623,2020-06-15,2020-06-22,en attente,David
3624,3624,2019-04-16,2019-04-17,en cours,Legrand
3625,3625,2023-09-21,2023-09-26,en cours,Schmitt S.A.S.
3626,3626,2023-06-27,2023-06-29,en cours,Valentin Pinto SARL
3627,3627,2019-05-25,2019-05-29,en attente,Verdier Maillard S.A.S.
3628,3628,2020-02-01,2020-02-05,en cours,Torres Leconte SARL
3629,3629,2023-06-16,2023-06-22,en attente,Jacquet
3630,3630,2022-08-30,2022-09-05,livrée,Thierry Perez S.A.S.
3631,3631,2022-08-30,2022-09-04,livrée,Techer
3632,3632,2019-06-18,2019-06-24,livrée,Petitjean
3633,3633,2022-04-25,2022-05-02,livrée,Cousin Bourdon SA
3634,3634,2025-02-07,2025-02-10,en cours,Bouchet SARL
3635,3635,2020-09-03,2020-09-09,en attente,Perrier
3636,3636,2021-10-26,2021-10-30,livrée,Leblanc S.A.R.L.
3637,3637,2023-01-12,2023-01-13,en cours,Charpentier et Fils
3638,3638,2019-08-19,2019-08-25,livrée,Sanchez
3639,3639,2019-06-22,2019-06-26,en cours,Barbe Alves S.A.S.
3640,3640,2025-04-22,2025-04-28,en cours,Thibault S.A.R.L.
3641,3641,2021-04-02,2021-04-05,en cours,Gautier Guyon S.A.R.L.
3642,3642,2023-03-02,2023-03-07,en attente,Georges SARL
3643,3643,2024-11-05,2024-11-07,livrée,Meunier
3644,3644,2019-10-22,2019-10-29,livrée,Maillot S.A.R.L.
3645,3645,2021-08-03,2021-08-04,en attente,Joubert
3646,3646,2025-10-01,2025-10-03,en cours,Garnier et Fils
3647,3647,2025-02-08,2025-02-14,en attente,Fabre
3648,3648,2025-12-21,2025-12-24,en attente,Blanchet Ledoux SA
3649,3649,2023-02-18,2023-02-21,livrée,Turpin
3650,3650,2022-04-30,2022-05-03,livrée,Deschamps
3651,3651,2024-12-12,2024-12-16,livrée,Bernier SARL
3652,3652,2025-07-13,2025-07-20,en attente,Bruneau
3653,3653,2020-07-22,2020-07-27,livrée,Lamy Boutin SA
3654,3654,2024-11-23,2024-11-30,livrée,Guyot
3655,3655,2022-09-30,2022-10-04,en attente,Pottier SARL
3656,3656,2021-04-01,2021-04-03,en cours,Prévost SA
3657,3657,2025-01-17,2025-01-23,livrée,Pascal S.A.S.
3658,3658,2022-02-24,2022-02-28,en cours,Mahe
3659,3659,2020-03-02,2020-03-07,en attente,Meyer
3660,3660,2021-02-10,2021-02-16,livrée,Renaud
3661,3661,2024-12-31,2025-01-01,en attente,Renard
3662,3662,2020-09-16,2020-09-21,livrée,Payet
3663,3663,2020-07-15,2020-07-21,en cours,Perez Navarro S.A.R.L.
3664,3664,2023-09-06,2023-09-08,en attente,Maillot
3665,3665,2022-03-13,2022-03-15,en attente,Gilles SA
3666,3666,2024-02-11,2024-02-15,en cours,Vidal
3667,3667,2023-08-28,2023-08-30,en attente,Faure
3668,3668,2019-08-10,2019-08-17,en cours,Letellier Ollivier et Fils
3669,3669,2021-03-17,2021-03-24,en cours,Guibert
3670,3670,2024-01-06,2024-01-09,en attente,Morel Camus SA
3671,3671,2023-10-12,2023-10-17,en attente,Pires
3672,3672,2025-04-23,2025-04-27,livrée,Brunet
3673,3673,2020-12-10,2020-12-13,livrée,Brunet S.A.R.L.
3674,3674,2019-07-31,2019-08-01,en cours,Meunier S.A.S.
3675,3675,2025-01-03,2025-01-10,en attente,Robert
3676,3676,2021-07-03,2021-07-04,en cours,Duval
3677,3677,2025-08-03,2025-08-05,en cours,Georges S.A.S.
3678,3678,2023-02-20,2023-02-23,livrée,Fernandes
3679,3679,2024-05-01,2024-05-07,en attente,Loiseau Chauvet S.A.S.
3680,3680,2019-12-05,2019-12-08,en cours,Gérard Lebrun et Fils
3681,3681,2019-02-18,2019-02-20,en cours,Sauvage Briand S.A.
3682,3682,2025-04-15,2025-04-18,en cours,Toussaint Raynaud S.A.S.
3683,3683,2021-09-28,2021-09-30,en attente,Bousquet Lebon S.A.S.
3684,3684,2020-11-11,2020-11-15,livrée,David
3685,3685,2024-03-19,2024-03-23,en attente,Traore S.A.R.L.
3686,3686,2023-04-24,2023-04-29,livrée,Lenoir Pascal SARL
3687,3687,2021-03-31,2021-04-01,livrée,Benoit S.A.S.
3688,3688,2024-06-10,2024-06-13,en cours,Delorme Étienne et Fils
3689,3689,2020-11-24,2020-11-29,livrée,Gomez
3690,3690,2020-07-28,2020-07-31,livrée,Gimenez et Fils
3691,3691,2022-04-02,2022-04-03,en cours,Garcia
3692,3692,2021-12-09,2021-12-11,livrée,Marchand
3693,3693,2023-03-31,2023-04-06,en attente,Charles S.A.
3694,3694,2021-08-11,2021-08-12,en cours,Pons SA
3695,3695,2023-08-13,2023-08-15,livrée,Brunet
3696,3696,2019-05-04,2019-05-09,en attente,Charrier
3697,3697,2025-02-23,2025-02-28,en attente,Blin
3698,3698,2022-11-06,2022-11-07,en cours,Thomas
3699,3699,2024-08-26,2024-08-27,livrée,Marie
3700,3700,2020-02-07,2020-02-13,en attente,Tessier
3701,3701,2019-08-10,2019-08-15,en attente,Rocher Moreau SARL
3702,3702,2022-10-06,2022-10-08,en attente,Valentin
3703,3703,2023-04-24,2023-04-28,en attente,Rémy Costa S.A.S.
3704,3704,2019-08-08,2019-08-12,livrée,Blanchet
3705,3705,2025-03-15,2025-03-19,livrée,Rousset
3706,3706,2021-12-11,2021-12-12,en attente,Marty Verdier SA
3707,3707,2019-09-03,2019-09-07,en cours,Camus Perez S.A.S.
3708,3708,2020-11-23,2020-11-29,en cours,Faure SARL
3709,3709,2023-12-19,2023-12-23,en cours,Olivier
3710,3710,2024-10-08,2024-10-15,en cours,Seguin S.A.
3711,3711,2019-04-05,2019-04-09,en cours,Boulay S.A.R.L.
3712,3712,2025-06-09,2025-06-10,en cours,Klein Payet SARL
3713,3713,2022-10-18,2022-10-21,en cours,Bonnin S.A.
3714,3714,2024-11-08,2024-11-14,livrée,Turpin
3715,3715,2022-09-03,2022-09-09,en attente,Gosselin
3716,3716,2022-06-29,2022-07-06,en cours,Lefebvre
3717,3717,2019-11-22,2019-11-26,en cours,Bègue Roche S.A.S.
3718,3718,2019-07-03,2019-07-08,livrée,Garnier S.A.S.
3719,3719,2022-09-29,2022-10-03,en cours,Pages Millet et Fils
3720,3720,2022-05-25,2022-05-28,en cours,Jean SA
3721,3721,2021-08-30,2021-09-03,en attente,Lefebvre
3722,3722,2020-11-21,2020-11-25,livrée,Valette
3723,3723,2020-03-09,2020-03-11,en attente,Perez
3724,3724,2023-10-06,2023-10-10,en attente,Gaillard Robert SA
3725,3725,2024-12-26,2024-12-28,en attente,Masson De Oliveira S.A.R.L.
3726,3726,2023-05-31,2023-06-01,en cours,Paris
3727,3727,2024-11-18,2024-11-23,en attente,Millet Lemoine SARL
3728,3728,2025-05-10,2025-05-12,en attente,Dupré Verdier S.A.
3729,3729,2023-12-29,2024-01-02,en cours,Guillaume SARL
3730,3730,2019-11-18,2019-11-19,en attente,Bertrand
3731,3731,2022-10-27,2022-10-30,en attente,Fournier Simon et Fils
3732,3732,2025-06-13,2025-06-19,en attente,Girard
3733,3733,2025-11-10,2025-11-11,livrée,Leconte
3734,3734,2023-10-31,2023-11-06,livrée,Peltier
3735,3735,2019-07-03,2019-07-09,en cours,Durand SA
3736,3736,2021-06-22,2021-06-25,en cours,Mercier S.A.R.L.
3737,3737,2025-05-28,2025-06-01,en attente,Marty S.A.
3738,3738,2024-06-25,2024-07-01,en attente,Humbert et Fils
3739,3739,2021-03-20,2021-03-25,en attente,Vidal
3740,3740,2019-08-25,2019-09-01,en cours,Lamy
3741,3741,2025-07-15,2025-07-18,en attente,Lagarde
3742,3742,2023-06-09,2023-06-14,en cours,Cohen S.A.R.L.
3743,3743,2021-03-16,2021-03-20,livrée,Hoarau
3744,3744,2023-11-08,2023-11-10,en cours,Perrin SA
3745,3745,2025-01-11,2025-01-12,livrée,Bertin S.A.R.L.
3746,3746,2023-04-04,2023-04-07,livrée,Launay Girard SA
3747,3747,2021-12-19,2021-12-22,en cours,Legros S.A.
3748,3748,2021-06-30,2021-07-03,en attente,Gaillard
3749,3749,2024-11-03,2024-11-07,en attente,Poirier
3750,3750,2022-07-04,2022-07-09,livrée,Martel S.A.S.
3751,3751,2020-02-05,2020-02-06,en cours,Lebon
3752,3752,2019-02-02,2019-02-09,livrée,Pelletier S.A.R.L.
3753,3753,2023-08-10,2023-08-11,en cours,Gomez
3754,3754,2023-04-06,2023-04-12,en cours,Dufour
3755,3755,2022-11-21,2022-11-25,livrée,Tanguy Foucher SA
3756,3756,2020-10-05,2020-10-10,livrée,Marty Raynaud et Fils
3757,3757,2022-08-06,2022-08-09,livrée,Gomes
3758,3758,2025-09-17,2025-09-21,livrée,Pelletier
3759,3759,2024-10-08,2024-10-11,livrée,Guilbert
3760,3760,2020-01-22,2020-01-25,livrée,Peron
3761,3761,2024-04-30,2024-05-06,livrée,Marchal
3762,3762,2024-08-26,2024-08-29,en cours,Joly
3763,3763,2020-01-08,2020-01-09,en cours,Poulain
3764,3764,2019-10-21,2019-10-28,en attente,Tessier
3765,3765,2025-06-12,2025-06-13,livrée,Bègue Nguyen S.A.
3766,3766,2023-03-21,2023-03-27,en cours,Gosselin
3767,3767,2024-05-02,2024-05-08,en attente,Torres
3768,3768,2024-02-16,2024-02-17,en cours,Roger S.A.S.
3769,3769,2019-09-27,2019-10-04,livrée,Lemoine
3770,3770,2020-02-03,2020-02-09,livrée,Vallée Daniel SA
3771,3771,2019-05-04,2019-05-06,en attente,Morvan S.A.R.L.
3772,3772,2024-08-21,2024-08-28,en attente,Blot Henry SARL
3773,3773,2023-11-23,2023-11-29,en cours,Deschamps Foucher et Fils
3774,3774,2023-10-06,2023-10-07,en attente,Aubert
3775,3775,2023-06-15,2023-06-16,livrée,Moulin
3776,3776,2020-09-11,2020-09-17,en attente,Briand
3777,3777,2019-03-06,2019-03-10,en attente,Lévy
3778,3778,2024-02-28,2024-03-03,en attente,Robin Descamps SARL
3779,3779,2023-01-18,2023-01-19,en attente,Evrard
3780,3780,2022-09-02,2022-09-09,en attente,Baron S.A.S.
3781,3781,2023-05-14,2023-05-17,en cours,Peltier
3782,3782,2019-03-23,2019-03-28,en cours,Carlier
3783,3783,2025-05-02,2025-05-06,en attente,Da Silva
3784,3784,2022-04-14,2022-04-18,livrée,Moreno
3785,3785,2019-07-01,2019-07-05,en attente,Guilbert
3786,3786,2024-04-23,2024-04-30,en attente,Andre SA
3787,3787,2024-12-12,2024-12-13,livrée,Fleury
3788,3788,2025-12-15,2025-12-19,en attente,Valette
3789,3789,2020-08-23,2020-08-29,livrée,Bodin
3790,3790,2024-01-29,2024-02-03,en attente,Dubois
3791,3791,2020-07-27,2020-07-29,en cours,Toussaint
3792,3792,2021-07-24,2021-07-28,livrée,Lemonnier SARL
3793,3793,2022-08-25,2022-08-28,en attente,Laine
3794,3794,2020-10-11,2020-10-18,en cours,Cordier Nicolas S.A.S.
3795,3795,2022-08-26,2022-08-28,en cours,Rey S.A.
3796,3796,2019-04-02,2019-04-08,en cours,Gay Merle et Fils
3797,3797,2019-08-05,2019-08-06,en cours,David Martin SARL
3798,3798,2022-04-12,2022-04-16,en cours,Benard
3799,3799,2020-03-01,2020-03-06,livrée,Bouchet
3800,3800,2023-05-29,2023-06-03,en cours,Couturier et Fils
3801,3801,2025-07-07,2025-07-10,en attente,Guillet Thomas S.A.S.
3802,3802,2021-12-21,2021-12-24,livrée,Imbert
3803,3803,2020-10-22,2020-10-28,en attente,Pineau Lévy S.A.
3804,3804,2023-05-15,2023-05-20,en attente,Besson SA
3805,3805,2019-08-08,2019-08-15,en cours,Lemoine et Fils
3806,3806,2024-07-20,2024-07-26,livrée,Bertrand
3807,3807,2024-04-17,2024-04-18,en attente,Jacques
3808,3808,2021-12-24,2021-12-25,en cours,Legros Nguyen S.A.
3809,3809,2025-07-12,2025-07-17,livrée,Pons Chauveau SA
3810,3810,2022-09-28,2022-10-05,en attente,Baron
3811,3811,2022-11-25,2022-11-28,en attente,Blanc
3812,3812,2024-05-20,2024-05-21,livrée,Boulay Paul S.A.R.L.
3813,3813,2022-07-29,2022-07-31,en cours,Menard
3814,3814,2025-10-30,2025-11-06,en attente,Jourdan
3815,3815,2025-04-08,2025-04-10,en cours,Brunel
3816,3816,2021-10-05,2021-10-10,en cours,Jacob
3817,3817,2020-12-19,2020-12-20,livrée,Guilbert Vidal S.A.S.
3818,3818,2021-08-04,2021-08-05,en attente,Hoareau Guilbert S.A.S.
3819,3819,2021-04-20,2021-04-25,en cours,Leconte S.A.
3820,3820,2020-06-26,2020-06-28,en attente,Lemoine Le Roux SA
3821,3821,2024-11-09,2024-11-10,en cours,De Oliveira
3822,3822,2019-06-15,2019-06-19,en cours,Fleury Blondel SA
3823,3823,2021-10-08,2021-10-10,livrée,Marchand
3824,3824,2024-05-23,2024-05-30,en attente,Roussel S.A.S.
3825,3825,2023-03-06,2023-03-08,livrée,Clerc
3826,3826,2025-03-25,2025-03-30,en attente,Maury SA
3827,3827,2021-06-01,2021-06-02,en cours,Da Costa
3828,3828,2025-12-05,2025-12-12,en attente,Leroux SARL
3829,3829,2023-11-23,2023-11-25,en cours,Jacquot Rémy et Fils
3830,3830,2024-06-30,2024-07-01,livrée,Baron
3831,3831,2022-06-11,2022-06-13,livrée,Grondin
3832,3832,2025-04-22,2025-04-29,en attente,Bousquet S.A.S.
3833,3833,2022-05-04,2022-05-06,livrée,Breton
3834,3834,2024-03-28,2024-04-04,en attente,Camus
3835,3835,2021-02-05,2021-02-07,en cours,Teixeira S.A.S.
3836,3836,2023-05-22,2023-05-26,en cours,Coulon
3837,3837,2021-11-16,2021-11-18,en cours,Legros S.A.S.
3838,3838,2021-10-07,2021-10-10,en attente,Pinto
3839,3839,2025-01-11,2025-01-13,livrée,Peltier Delorme S.A.R.L.
3840,3840,2023-07-20,2023-07-21,en attente,Dupuis
3841,3841,2020-01-16,2020-01-23,livrée,Pottier
3842,3842,2025-07-06,2025-07-11,livrée,Lombard SA
3843,3843,2024-09-18,2024-09-20,en attente,Marques
3844,3844,2020-04-27,2020-05-01,en cours,Roux
3845,3845,2021-03-26,2021-03-30,en cours,Dupré
3846,3846,2025-07-31,2025-08-07,livrée,Nguyen
3847,3847,2022-08-11,2022-08-12,livrée,Aubert
3848,3848,2025-06-02,2025-06-07,en cours,Chevallier et Fils
3849,3849,2022-07-03,2022-07-09,livrée,Loiseau
3850,3850,2020-09-08,2020-09-11,en attente,Buisson
3851,3851,2023-07-06,2023-07-13,en attente,Samson S.A.R.L.
3852,3852,2022-08-21,2022-08-25,en attente,Legrand
3853,3853,2020-03-06,2020-03-11,en attente,Fernandes S.A.R.L.
3854,3854,2021-04-04,2021-04-08,livrée,Fischer SA
3855,3855,2023-03-20,2023-03-24,livrée,Dufour
3856,3856,2022-06-04,2022-06-05,en attente,Teixeira S.A.
3857,3857,2021-07-25,2021-07-29,en cours,Blondel Marty SA
3858,3858,2019-01-27,2019-02-01,livrée,Boulanger
3859,3859,2022-01-26,2022-01-27,en attente,Pires
3860,3860,2020-09-30,2020-10-03,en cours,Joseph
3861,3861,2025-06-17,2025-06-21,en attente,Rodriguez
3862,3862,2021-04-15,2021-04-19,en attente,Bourdon Besnard S.A.
3863,3863,2025-10-12,2025-10-15,en attente,Marie
3864,3864,2019-08-05,2019-08-08,en cours,Gosselin
3865,3865,2024-11-01,2024-11-06,en cours,Lacroix
3866,3866,2024-07-11,2024-07-15,en cours,Guyot
3867,3867,2025-09-20,2025-09-25,livrée,Germain Millet SARL
3868,3868,2019-10-27,2019-11-01,livrée,Lelièvre
3869,3869,2025-05-29,2025-06-04,en attente,Vallée Morin S.A.
3870,3870,2022-05-15,2022-05-22,livrée,Caron
3871,3871,2023-12-10,2023-12-12,en cours,Fischer
3872,3872,2021-04-05,2021-04-12,en attente,Hubert
3873,3873,2021-08-22,2021-08-27,en cours,Chauvet
3874,3874,2023-03-10,2023-03-11,livrée,Masse S.A.R.L.
3875,3875,2021-08-08,2021-08-13,en attente,Briand S.A.
3876,3876,2020-10-08,2020-10-15,en attente,Boucher
3877,3877,2019-06-02,2019-06-09,en attente,Marion
3878,3878,2021-02-20,2021-02-23,en cours,Descamps
3879,3879,2024-11-27,2024-11-30,en cours,Chevalier
3880,3880,2025-06-01,2025-06-06,en attente,Rey
3881,3881,2025-04-18,2025-04-21,livrée,Dupuy Bernier S.A.R.L.
3882,3882,2024-01-25,2024-01-27,livrée,Neveu
3883,3883,2020-05-17,2020-05-23,livrée,Moreno
3884,3884,2024-06-23,2024-06-29,en attente,Duval
3885,3885,2022-08-23,2022-08-27,en cours,Lemaire Seguin S.A.R.L.
3886,3886,2023-01-14,2023-01-16,livrée,Bonnin Roux SA
3887,3887,2023-01-27,2023-02-01,en cours,Thierry
3888,3888,2019-11-04,2019-11-11,en cours,Couturier SA
3889,3889,2024-07-08,2024-07-14,en attente,Lebreton S.A.S.
3890,3890,2019-03-02,2019-03-08,en cours,Maury Seguin SA
3891,3891,2021-07-12,2021-07-18,livrée,Bigot S.A.
3892,3892,2023-07-02,2023-07-05,en cours,Rodriguez
3893,3893,2019-02-23,2019-02-26,en cours,Dupuis
3894,3894,2024-02-04,2024-02-05,en cours,Rocher SARL
3895,3895,2023-09-19,2023-09-24,livrée,Bertrand S.A.S.
3896,3896,2020-01-23,2020-01-30,en attente,Deschamps Leconte S.A.
3897,3897,2022-04-06,2022-04-12,livrée,Bonnin Wagner SA
3898,3898,2023-02-16,2023-02-17,en attente,Bodin
3899,3899,2020-11-28,2020-12-05,livrée,Payet SARL
3900,3900,2019-07-07,2019-07-09,livrée,Cousin
3901,3901,2020-10-06,2020-10-09,en attente,Maillot
3902,3902,2024-08-17,2024-08-24,en attente,Léger
3903,3903,2023-10-18,2023-10-19,livrée,Moulin
3904,3904,2020-07-29,2020-07-30,livrée,Bailly S.A.
3905,3905,2020-12-05,2020-12-12,en attente,Verdier
3906,3906,2025-06-01,2025-06-04,en cours,Chevalier et Fils
3907,3907,2022-10-03,2022-10-10,livrée,Lefort S.A.S.
3908,3908,2020-09-21,2020-09-28,en attente,Léger Pires SARL
3909,3909,2024-08-10,2024-08-13,livrée,Martineau
3910,3910,2019-11-30,2019-12-03,livrée,Nicolas SARL
3911,3911,2025-09-17,2025-09-19,en cours,Delannoy
3912,3912,2024-11-10,2024-11-11,en attente,Vaillant
3913,3913,2020-11-29,2020-12-05,en cours,Techer
3914,3914,2021-02-27,2021-02-28,en cours,Foucher Denis SARL
3915,3915,2020-01-01,2020-01-07,en attente,Charpentier SA
3916,3916,2023-02-19,2023-02-22,en cours,Turpin
3917,3917,2020-08-03,2020-08-07,en attente,Bousquet Dupré S.A.R.L.
3918,3918,2022-10-08,2022-10-15,en cours,Lebon S.A.S.
3919,3919,2023-11-25,2023-12-02,en cours,Traore Bertrand S.A.R.L.
3920,3920,2025-10-24,2025-10-26,en cours,Renard S.A.S.
3921,3921,2024-07-25,2024-07-29,en cours,Chauvet et Fils
3922,3922,2023-06-08,2023-06-11,en cours,Hubert S.A.
3923,3923,2021-06-15,2021-06-19,livrée,Fabre S.A.R.L.
3924,3924,2023-03-07,2023-03-14,en attente,Hamon Germain S.A.R.L.
3925,3925,2020-02-20,2020-02-23,en attente,Fischer
3926,3926,2019-10-21,2019-10-27,en cours,Girard
3927,3927,2021-02-07,2021-02-08,livrée,De Oliveira
3928,3928,2024-08-12,2024-08-14,en attente,Potier
3929,3929,2021-09-25,2021-09-28,en attente,Jourdan S.A.S.
3930,3930,2021-08-31,2021-09-04,en attente,Bouchet S.A.S.
3931,3931,2021-06-13,2021-06-18,en attente,Lemaître S.A.
3932,3932,2020-12-31,2021-01-04,en attente,Joly
3933,3933,2022-06-26,2022-07-03,livrée,Bourdon S.A.S.
3934,3934,2019-05-13,2019-05-14,livrée,Carlier
3935,3935,2025-10-23,2025-10-26,en cours,Chevallier
3936,3936,2023-02-08,2023-02-10,en attente,Jean
3937,3937,2021-03-23,2021-03-29,en cours,Lebreton
3938,3938,2021-12-16,2021-12-18,en cours,Simon Devaux S.A.
3939,3939,2022-07-17,2022-07-21,en attente,Étienne
3940,3940,2025-12-04,2025-12-08,en attente,Moreno Jacquet SARL
3941,3941,2019-11-16,2019-11-21,en cours,Jacquot
3942,3942,2025-05-19,2025-05-25,en attente,Chevallier
3943,3943,2020-06-14,2020-06-15,en attente,Colin
3944,3944,2022-04-30,2022-05-02,livrée,Fischer S.A.R.L.
3945,3945,2020-06-17,2020-06-23,en attente,Colin Duval SARL
3946,3946,2021-03-17,2021-03-21,livrée,Brunel Étienne S.A.
3947,3947,2024-06-14,2024-06-15,en cours,Thibault et Fils
3948,3948,2019-11-20,2019-11-24,livrée,Merle SA
3949,3949,2020-02-13,2020-02-18,en attente,Noël Traore SA
3950,3950,2022-04-28,2022-04-29,livrée,Legrand
3951,3951,2023-09-05,2023-09-10,en attente,Legrand
3952,3952,2025-12-28,2025-12-30,livrée,Hamel et Fils
3953,3953,2021-05-29,2021-06-04,en attente,Leclercq
3954,3954,2019-03-01,2019-03-03,livrée,Charrier
3955,3955,2019-08-13,2019-08-14,en attente,Le Gall Tanguy SA
3956,3956,2024-03-02,2024-03-06,en attente,Vidal SARL
3957,3957,2019-05-11,2019-05-18,en cours,Huet Salmon S.A.R.L.
3958,3958,2025-10-19,2025-10-24,en attente,Lemaître SARL
3959,3959,2025-06-25,2025-07-01,en cours,Roux
3960,3960,2019-05-13,2019-05-17,en attente,Blanchet
3961,3961,2025-07-29,2025-08-05,livrée,Ollivier Marques et Fils
3962,3962,2019-02-20,2019-02-27,en attente,Marin Vallet SARL
3963,3963,2020-05-04,2020-05-08,livrée,Barbier
3964,3964,2025-01-27,2025-01-29,en cours,Hebert S.A.
3965,3965,2024-01-06,2024-01-13,en attente,Besson
3966,3966,2021-09-19,2021-09-21,en attente,Jacquet Sanchez S.A.
3967,3967,2024-02-14,2024-02-19,livrée,Couturier
3968,3968,2020-02-29,2020-03-03,en attente,Navarro SARL
3969,3969,2019-12-08,2019-12-13,en cours,Dupuy Devaux et Fils
3970,3970,2023-07-07,2023-07-14,en attente,Masson
3971,3971,2020-02-13,2020-02-17,en cours,Dijoux
3972,3972,2024-02-15,2024-02-19,livrée,Lefebvre
3973,3973,2019-11-19,2019-11-25,en cours,Colin
3974,3974,2021-10-27,2021-11-03,en cours,Boyer
3975,3975,2019-05-11,2019-05-14,en attente,Chauvin Garcia et Fils
3976,3976,2020-02-24,2020-02-27,en cours,Maurice
3977,3977,2019-10-28,2019-11-04,livrée,Guillet Jacob S.A.R.L.
3978,3978,2024-01-28,2024-02-01,en attente,Reynaud
3979,3979,2020-03-04,2020-03-10,livrée,Boutin Dos Santos SA
3980,3980,2019-12-19,2019-12-25,livrée,Gallet
3981,3981,2022-10-21,2022-10-24,en cours,Mercier
3982,3982,2020-08-04,2020-08-11,en cours,Guillaume SARL
3983,3983,2020-08-02,2020-08-09,livrée,Lefèvre
3984,3984,2024-03-26,2024-03-28,en cours,Teixeira
3985,3985,2019-04-16,2019-04-21,en cours,Gilbert S.A.
3986,3986,2019-08-10,2019-08-17,livrée,Imbert SA
3987,3987,2019-11-27,2019-12-03,en cours,Ramos
3988,3988,2024-06-06,2024-06-11,en cours,Parent SARL
3989,3989,2025-04-30,2025-05-03,livrée,Laporte
3990,3990,2024-08-17,2024-08-19,en attente,Perrin
3991,3991,2024-08-02,2024-08-04,en cours,Lemaître Auger SARL
3992,3992,2024-02-12,2024-02-17,en cours,Boutin S.A.R.L.
3993,3993,2025-05-08,2025-05-11,en cours,Hebert
3994,3994,2019-03-13,2019-03-16,livrée,De Sousa Diaz SARL
3995,3995,2021-04-20,2021-04-24,en attente,Martins De Sousa S.A.R.L.
3996,3996,2022-10-12,2022-10-17,en cours,Labbé
3997,3997,2019-12-25,2019-12-29,en attente,Boyer
3998,3998,2025-10-18,2025-10-21,livrée,Brunet Barbier S.A.S.
3999,3999,2021-12-21,2021-12-26,en attente,Briand S.A.S.
4000,4000,2023-06-16,2023-06-17,en cours,Gonzalez Ferreira et Fils
4001,4001,2023-08-07,2023-08-11,livrée,Charles
4002,4002,2025-04-23,2025-04-30,en cours,Gillet
4003,4003,2022-09-12,2022-09-17,en attente,Julien
4004,4004,2021-02-13,2021-02-15,en attente,Delaunay
4005,4005,2021-03-01,2021-03-08,en attente,Jacquet S.A.
4006,4006,2020-09-04,2020-09-10,en cours,Jacob Launay SA
4007,4007,2025-12-23,2025-12-26,en cours,Marin
4008,4008,2023-06-27,2023-06-28,en cours,Simon
4009,4009,2021-08-16,2021-08-18,livrée,Germain
4010,4010,2020-04-24,2020-04-25,en cours,Aubert S.A.S.
4011,4011,2021-04-08,2021-04-14,en attente,Ruiz
4012,4012,2019-08-25,2019-08-30,en cours,Techer SARL
4013,4013,2025-02-20,2025-02-23,en cours,Noël
4014,4014,2019-09-23,2019-09-27,en cours,Bigot
4015,4015,2021-04-24,2021-04-26,en attente,Germain Guyot et Fils
4016,4016,2025-04-17,2025-04-18,en cours,Humbert
4017,4017,2024-04-18,2024-04-20,en cours,Legendre Perrier SA
4018,4018,2023-06-29,2023-07-05,en cours,Navarro
4019,4019,2023-06-23,2023-06-30,en cours,Maurice
4020,4020,2019-12-27,2020-01-02,en cours,Joseph
4021,4021,2019-09-22,2019-09-29,en cours,Reynaud Bègue S.A.S.
4022,4022,2024-01-16,2024-01-21,en attente,Le Gall Benoit S.A.R.L.
4023,4023,2020-01-20,2020-01-25,en cours,Paul S.A.S.
4024,4024,2021-02-10,2021-02-15,en cours,Munoz Blin S.A.S.
4025,4025,2019-10-25,2019-10-31,en attente,Hervé Lacombe S.A.
4026,4026,2025-10-19,2025-10-24,en attente,Munoz Pascal SA
4027,4027,2019-07-11,2019-07-16,en cours,Noël S.A.
4028,4028,2025-12-06,2025-12-08,livrée,Legros S.A.R.L.
4029,4029,2020-03-23,2020-03-26,livrée,Bouvet
4030,4030,2021-10-10,2021-10-11,en attente,Pascal Joly SARL
4031,4031,2019-07-22,2019-07-23,en cours,Gay
4032,4032,2024-03-09,2024-03-13,livrée,Lombard
4033,4033,2024-07-07,2024-07-10,livrée,Maurice S.A.
4034,4034,2020-07-12,2020-07-13,livrée,David
4035,4035,2022-01-16,2022-01-18,en cours,Dos Santos et Fils
4036,4036,2025-06-29,2025-06-30,en attente,Chevalier S.A.R.L.
4037,4037,2025-06-06,2025-06-10,livrée,Thierry S.A.S.
4038,4038,2024-06-10,2024-06-17,en cours,Barbe Olivier SA
4039,4039,2020-12-07,2020-12-12,livrée,Munoz S.A.R.L.
4040,4040,2019-01-14,2019-01-19,en attente,Duhamel
4041,4041,2023-04-20,2023-04-22,en attente,Boyer S.A.R.L.
4042,4042,2022-01-14,2022-01-17,en attente,Sauvage
4043,4043,2024-10-01,2024-10-06,livrée,Dupuy Peron et Fils
4044,4044,2019-02-09,2019-02-10,livrée,Carre Henry S.A.R.L.
4045,4045,2021-04-06,2021-04-13,en attente,Letellier Baudry S.A.S.
4046,4046,2024-06-18,2024-06-25,en cours,Nicolas Techer SA
4047,4047,2025-10-13,2025-10-20,livrée,Meyer
4048,4048,2023-05-21,2023-05-24,en attente,Fernandez
4049,4049,2020-03-05,2020-03-07,livrée,Hebert
4050,4050,2019-12-31,2020-01-04,en cours,Voisin S.A.R.L.
4051,4051,2022-02-15,2022-02-20,livrée,Lopez
4052,4052,2019-04-26,2019-04-27,en cours,Ramos Menard SA
4053,4053,2025-12-13,2025-12-16,en cours,Caron Lefèvre SARL
4054,4054,2025-12-22,2025-12-28,en cours,Perret
4055,4055,2022-02-25,2022-03-01,en attente,Hebert
4056,4056,2020-05-14,2020-05-15,livrée,Ferrand
4057,4057,2021-02-11,2021-02-15,livrée,Vaillant
4058,4058,2019-01-28,2019-02-01,livrée,Blondel SARL
4059,4059,2025-12-13,2025-12-16,livrée,Lemaire
4060,4060,2025-12-17,2025-12-19,en cours,Baron
4061,4061,2020-03-21,2020-03-24,livrée,Germain Nicolas S.A.S.
4062,4062,2020-05-18,2020-05-22,en attente,Hervé
4063,4063,2021-05-08,2021-05-15,livrée,Perez
4064,4064,2021-12-08,2021-12-10,en cours,Lefèvre SARL
4065,4065,2023-05-14,2023-05-16,en cours,Berthelot Chrétien SARL
4066,4066,2022-03-16,2022-03-20,livrée,Bazin Garcia S.A.R.L.
4067,4067,2019-05-24,2019-05-27,livrée,Delannoy
4068,4068,2022-05-18,2022-05-19,en cours,Ribeiro Bonneau et Fils
4069,4069,2019-07-17,2019-07-24,en attente,Laporte Ledoux S.A.
4070,4070,2023-06-12,2023-06-14,en attente,Lecomte
4071,4071,2021-09-13,2021-09-14,en attente,Pinto S.A.
4072,4072,2022-05-21,2022-05-28,livrée,Dupont
4073,4073,2021-09-25,2021-10-01,livrée,Leroy Benoit S.A.
4074,4074,2024-03-22,2024-03-24,en cours,Nicolas Simon S.A.R.L.
4075,4075,2024-12-30,2025-01-03,en cours,Laporte S.A.S.
4076,4076,2024-05-22,2024-05-29,livrée,Dumont
4077,4077,2024-11-12,2024-11-17,livrée,Guichard Lesage et Fils
4078,4078,2023-02-13,2023-02-19,en cours,Gros Thibault SARL
4079,4079,2025-05-02,2025-05-03,en attente,Renard
4080,4080,2025-10-29,2025-10-30,en cours,Payet SA
4081,4081,2024-09-13,2024-09-19,en attente,Didier Descamps S.A.S.
4082,4082,2020-12-24,2020-12-29,en attente,Gaudin S.A.R.L.
4083,4083,2019-04-05,2019-04-08,en cours,Grondin
4084,4084,2022-09-30,2022-10-04,livrée,Martineau Ribeiro SARL
4085,4085,2024-11-18,2024-11-25,en attente,Leroux
4086,4086,2019-10-14,2019-10-17,en cours,Boyer
4087,4087,2021-07-29,2021-08-03,en attente,Tanguy SARL
4088,4088,2020-06-11,2020-06-18,en cours,Letellier
4089,4089,2022-04-24,2022-04-26,livrée,Moreno S.A.S.
4090,4090,2021-04-09,2021-04-14,en attente,Leblanc Salmon et Fils
4091,4091,2023-04-26,2023-04-28,en cours,Salmon SA
4092,4092,2023-08-06,2023-08-08,en attente,Blanchet SA
4093,4093,2021-12-11,2021-12-13,en cours,Besson Delahaye SA
4094,4094,2025-12-20,2025-12-25,livrée,Charpentier Lombard S.A.
4095,4095,2024-06-21,2024-06-23,livrée,Gay Roussel S.A.S.
4096,4096,2019-12-27,2020-01-03,en attente,Charles
4097,4097,2022-08-08,2022-08-11,en attente,Lucas
4098,4098,2025-06-24,2025-07-01,livrée,Collet
4099,4099,2024-01-11,2024-01-14,en attente,Lemonnier Dufour SA
4100,4100,2022-09-27,2022-10-02,livrée,Clerc et Fils
4101,4101,2024-02-05,2024-02-08,en cours,Boucher
4102,4102,2025-09-29,2025-10-05,livrée,Chauvin
4103,4103,2024-01-20,2024-01-25,en attente,Menard
4104,4104,2019-03-16,2019-03-20,livrée,Maillet
4105,4105,2021-10-31,2021-11-02,en attente,Rodriguez S.A.
4106,4106,2024-06-08,2024-06-14,en attente,Leroy Samson S.A.
4107,4107,2020-05-29,2020-06-03,en attente,Morvan S.A.
4108,4108,2019-01-12,2019-01-13,livrée,Humbert
4109,4109,2022-01-19,2022-01-22,en cours,Brun S.A.R.L.
4110,4110,2020-05-18,2020-05-21,en cours,Robert Coulon SARL
4111,4111,2021-03-12,2021-03-19,en attente,Lemonnier
4112,4112,2021-06-09,2021-06-16,en attente,Antoine SA
4113,4113,2019-02-05,2019-02-12,en cours,Perrin
4114,4114,2020-11-11,2020-11-12,en attente,Vidal Joly et Fils
4115,4115,2022-09-29,2022-10-04,en attente,Guillet SARL
4116,4116,2024-09-22,2024-09-24,en cours,Briand Duhamel S.A.
4117,4117,2025-07-27,2025-07-29,en cours,Teixeira S.A.S.
4118,4118,2020-03-03,2020-03-07,livrée,Ribeiro
4119,4119,2024-01-06,2024-01-12,en cours,Dias
4120,4120,2021-12-06,2021-12-13,en attente,Riou
4121,4121,2024-03-11,2024-03-13,livrée,Hoarau Perrot et Fils
4122,4122,2024-08-31,2024-09-07,en cours,Baudry
4123,4123,2020-12-22,2020-12-23,livrée,Potier
4124,4124,2022-06-12,2022-06-17,livrée,Roger
4125,4125,2025-05-22,2025-05-28,en attente,Guyon
4126,4126,2022-08-26,2022-08-31,livrée,Julien SARL
4127,4127,2021-12-31,2022-01-04,en cours,Barre Bousquet S.A.S.
4128,4128,2024-08-08,2024-08-14,livrée,Chauvet SA
4129,4129,2024-05-24,2024-05-31,livrée,Godard
4130,4130,2022-03-23,2022-03-25,en attente,Turpin
4131,4131,2019-11-05,2019-11-07,livrée,Picard
4132,4132,2021-10-04,2021-10-09,livrée,Guyon
4133,4133,2021-05-26,2021-05-31,en attente,Ramos
4134,4134,2025-09-05,2025-09-08,en cours,Arnaud S.A.R.L.
4135,4135,2021-03-09,2021-03-10,livrée,Courtois Blin SARL
4136,4136,2023-06-19,2023-06-26,en attente,Morel S.A.
4137,4137,2019-02-04,2019-02-11,livrée,Renault SA
4138,4138,2024-01-22,2024-01-28,en attente,Valette SARL
4139,4139,2025-03-06,2025-03-09,livrée,Boutin Baudry S.A.R.L.
4140,4140,2021-04-14,2021-04-19,livrée,Bonnin
4141,4141,2022-05-13,2022-05-19,en cours,Jourdan
4142,4142,2022-07-16,2022-07-19,livrée,Ribeiro
4143,4143,2021-10-02,2021-10-08,en cours,Lopez
4144,4144,2020-08-25,2020-08-28,en attente,Launay Tanguy S.A.R.L.
4145,4145,2023-06-21,2023-06-23,en cours,Bigot SARL
4146,4146,2021-09-13,2021-09-17,en cours,Raynaud
4147,4147,2025-12-24,2025-12-31,en attente,Pinto Langlois S.A.
4148,4148,2022-09-04,2022-09-09,en cours,Garcia SARL
4149,4149,2020-11-14,2020-11-21,en cours,Morvan
4150,4150,2023-05-07,2023-05-09,en cours,Jacquet Bourgeois SARL
4151,4151,2023-08-31,2023-09-07,livrée,Jacquet S.A.
4152,4152,2021-11-17,2021-11-19,en attente,Riou
4153,4153,2023-04-29,2023-05-02,en attente,Muller S.A.S.
4154,4154,2025-12-10,2025-12-16,en attente,Da Silva
4155,4155,2021-03-01,2021-03-03,en attente,Leclercq Guilbert SARL
4156,4156,2023-04-12,2023-04-18,en attente,Durand
4157,4157,2025-12-07,2025-12-11,en cours,Gonzalez Renard SA
4158,4158,2024-10-25,2024-10-26,en cours,Carpentier
4159,4159,2019-12-07,2019-12-09,livrée,Courtois S.A.R.L.
4160,4160,2024-09-19,2024-09-21,livrée,Dufour
4161,4161,2019-01-15,2019-01-16,en attente,Léger
4162,4162,2022-05-25,2022-06-01,en attente,Deschamps
4163,4163,2022-09-09,2022-09-13,livrée,Pasquier
4164,4164,2023-10-06,2023-10-11,livrée,Rodrigues
4165,4165,2023-06-02,2023-06-08,en attente,Guichard
4166,4166,2022-12-20,2022-12-27,en cours,Bailly Maillet SA
4167,4167,2023-01-19,2023-01-26,livrée,Bouvet
4168,4168,2023-12-29,2023-12-30,livrée,Roux
4169,4169,2020-05-20,2020-05-22,en cours,Lecomte S.A.R.L.
4170,4170,2022-09-28,2022-10-03,livrée,Masse Humbert SA
4171,4171,2025-10-15,2025-10-16,en cours,Richard
4172,4172,2021-11-08,2021-11-13,en attente,Berger
4173,4173,2022-07-10,2022-07-13,en cours,Bazin
4174,4174,2020-01-15,2020-01-22,en attente,Germain SARL
4175,4175,2023-11-08,2023-11-09,en cours,Boulanger
4176,4176,2022-06-17,2022-06-22,en cours,Giraud Morin et Fils
4177,4177,2019-01-07,2019-01-11,livrée,Lagarde
4178,4178,2020-01-16,2020-01-23,en attente,Bazin
4179,4179,2023-11-25,2023-11-26,en cours,Albert
4180,4180,2022-01-20,2022-01-24,livrée,Lévêque
4181,4181,2025-11-11,2025-11-18,en cours,Riou
4182,4182,2020-07-28,2020-07-30,en cours,Léger Collin S.A.
4183,4183,2019-03-22,2019-03-26,livrée,Lenoir
4184,4184,2019-03-07,2019-03-14,livrée,Torres Monnier SARL
4185,4185,2021-06-06,2021-06-10,livrée,Breton S.A.
4186,4186,2021-02-11,2021-02-12,en cours,Charpentier Laroche SARL
4187,4187,2021-03-10,2021-03-13,en attente,Marion
4188,4188,2022-11-15,2022-11-21,en cours,Marchand Rodriguez S.A.S.
4189,4189,2025-08-03,2025-08-05,en attente,Bourdon Texier SARL
4190,4190,2022-11-21,2022-11-27,en attente,Gimenez SARL
4191,4191,2020-05-05,2020-05-11,en attente,Richard SARL
4192,4192,2019-01-19,2019-01-21,en attente,Lecoq
4193,4193,2022-10-22,2022-10-26,en attente,Petit Roux S.A.R.L.
4194,4194,2025-04-17,2025-04-18,en cours,Robert Dupuy et Fils
4195,4195,2022-02-13,2022-02-19,livrée,Le Roux
4196,4196,2020-03-29,2020-04-01,en cours,Da Silva S.A.
4197,4197,2023-01-18,2023-01-23,livrée,Pierre Fernandes SARL
4198,4198,2019-09-20,2019-09-26,en cours,Hebert
4199,4199,2024-09-22,2024-09-26,livrée,Da Silva Hubert S.A.S.
4200,4200,2020-12-29,2021-01-05,livrée,Guilbert SARL
4201,4201,2022-11-22,2022-11-28,en cours,Blondel Goncalves S.A.
4202,4202,2024-04-30,2024-05-06,en attente,Chevallier
4203,4203,2023-02-13,2023-02-17,en cours,Maréchal
4204,4204,2019-10-21,2019-10-28,en cours,Laporte
4205,4205,2021-04-14,2021-04-15,livrée,Ramos Jacques SA
4206,4206,2023-11-02,2023-11-05,en cours,Dupuis
4207,4207,2022-01-01,2022-01-07,livrée,Ollivier
4208,4208,2024-12-19,2024-12-24,en attente,Techer
4209,4209,2022-09-12,2022-09-16,en attente,Delattre
4210,4210,2020-10-25,2020-10-29,livrée,Boulanger Garnier S.A.
4211,4211,2024-07-13,2024-07-20,en attente,Hoareau
4212,4212,2021-07-20,2021-07-22,en cours,Le Roux
4213,4213,2024-04-13,2024-04-19,en cours,Diallo
4214,4214,2024-05-19,2024-05-26,en attente,Charles
4215,4215,2022-09-09,2022-09-12,livrée,Poirier Grégoire S.A.R.L.
4216,4216,2019-02-11,2019-02-15,en attente,Becker
4217,4217,2024-11-01,2024-11-02,en cours,Lefebvre
4218,4218,2025-05-07,2025-05-12,en cours,Charpentier Petit et Fils
4219,4219,2019-11-10,2019-11-17,livrée,Chrétien
4220,4220,2021-02-08,2021-02-12,en cours,Humbert SARL
4221,4221,2021-04-22,2021-04-24,en attente,Descamps Vincent SA
4222,4222,2020-06-16,2020-06-17,en attente,Maillard
4223,4223,2023-07-20,2023-07-22,en cours,Laine Guillon et Fils
4224,4224,2023-07-20,2023-07-25,livrée,Maréchal
4225,4225,2022-09-03,2022-09-06,livrée,Mahe Pires S.A.R.L.
4226,4226,2022-12-29,2023-01-04,en attente,Humbert
4227,4227,2025-11-11,2025-11-17,livrée,Duval
4228,4228,2025-10-26,2025-10-29,en attente,Laine
4229,4229,2021-08-06,2021-08-07,livrée,Menard S.A.S.
4230,4230,2021-09-09,2021-09-13,en cours,Lejeune
4231,4231,2025-06-21,2025-06-25,en cours,Jourdan S.A.
4232,4232,2020-11-10,2020-11-11,en attente,Peltier
4233,4233,2025-10-21,2025-10-25,en cours,Seguin
4234,4234,2024-11-09,2024-11-13,livrée,Paul S.A.
4235,4235,2025-05-10,2025-05-16,en cours,Rousset Perrier S.A.R.L.
4236,4236,2020-07-16,2020-07-23,en attente,Pineau Legros S.A.
4237,4237,2021-05-28,2021-05-31,livrée,Dupont
4238,4238,2019-07-24,2019-07-26,en attente,Alexandre
4239,4239,2023-04-11,2023-04-18,en attente,Hubert SARL
4240,4240,2025-04-15,2025-04-22,en attente,Dupont Laporte S.A.S.
4241,4241,2022-10-15,2022-10-17,en attente,Parent Albert S.A.
4242,4242,2020-09-19,2020-09-21,en attente,Becker
4243,4243,2022-11-16,2022-11-20,en attente,Colin S.A.S.
4244,4244,2019-02-19,2019-02-24,livrée,Blot
4245,4245,2025-05-23,2025-05-24,livrée,Barbe
4246,4246,2019-03-16,2019-03-20,en cours,Vaillant
4247,4247,2024-12-11,2024-12-17,en attente,Foucher Dos Santos S.A.R.L.
4248,4248,2024-10-14,2024-10-15,en cours,Moreno Lamy S.A.R.L.
4249,4249,2020-10-18,2020-10-20,livrée,Pichon Collin S.A.
4250,4250,2025-07-01,2025-07-04,en attente,Pottier
4251,4251,2019-02-05,2019-02-09,en cours,Gallet
4252,4252,2020-10-27,2020-10-31,en attente,Dumont
4253,4253,2021-10-25,2021-10-29,en attente,Vallée S.A.S.
4254,4254,2023-12-15,2023-12-17,livrée,Robin Dufour SA
4255,4255,2022-04-19,2022-04-21,en cours,Regnier
4256,4256,2024-11-24,2024-11-26,en cours,Hoareau
4257,4257,2023-09-17,2023-09-22,en attente,Couturier S.A.S.
4258,4258,2020-09-01,2020-09-06,livrée,Didier Fontaine S.A.
4259,4259,2023-10-25,2023-10-26,en cours,Guichard S.A.R.L.
4260,4260,2024-04-05,2024-04-12,en attente,Chartier
4261,4261,2023-01-03,2023-01-05,livrée,Godard
4262,4262,2019-11-13,2019-11-17,en attente,Joly S.A.
4263,4263,2019-09-11,2019-09-16,en cours,Gros S.A.S.
4264,4264,2019-09-03,2019-09-05,en cours,Valentin S.A.S.
4265,4265,2019-09-30,2019-10-02,en attente,Roussel
4266,4266,2020-04-14,2020-04-18,livrée,Jacquot
4267,4267,2019-05-15,2019-05-22,en attente,Schmitt
4268,4268,2021-10-20,2021-10-25,en cours,Denis
4269,4269,2022-10-06,2022-10-07,en cours,Leclerc SARL
4270,4270,2024-07-16,2024-07-17,livrée,Grégoire SARL
4271,4271,2021-12-18,2021-12-21,en cours,Chevalier S.A.
4272,4272,2022-09-15,2022-09-18,en attente,Lombard Hubert et Fils
4273,4273,2019-07-28,2019-07-29,en cours,Schmitt
4274,4274,2025-04-26,2025-05-02,en cours,François Diallo et Fils
4275,4275,2019-09-29,2019-10-01,en cours,Chauveau
4276,4276,2022-07-31,2022-08-04,en cours,Fischer SA
4277,4277,2022-05-30,2022-06-05,en attente,Barthelemy
4278,4278,2024-03-11,2024-03-16,en cours,Leconte S.A.
4279,4279,2019-05-18,2019-05-20,livrée,Pierre
4280,4280,2025-09-10,2025-09-11,livrée,Dijoux S.A.R.L.
4281,4281,2019-03-18,2019-03-25,livrée,Julien S.A.R.L.
4282,4282,2021-01-17,2021-01-18,en cours,Costa Fabre S.A.S.
4283,4283,2021-04-24,2021-04-26,en cours,Pichon et Fils
4284,4284,2023-07-09,2023-07-15,en cours,Paul
4285,4285,2019-12-06,2019-12-08,en attente,Chevallier Vasseur S.A.R.L.
4286,4286,2025-07-27,2025-07-30,en attente,Guilbert et Fils
4287,4287,2019-02-10,2019-02-14,en cours,Diallo S.A.R.L.
4288,4288,2023-03-01,2023-03-06,en attente,Poirier
4289,4289,2020-01-02,2020-01-03,en attente,Grondin
4290,4290,2025-01-28,2025-02-02,en attente,Bouchet S.A.S.
4291,4291,2023-08-02,2023-08-07,livrée,Leconte
4292,4292,2024-04-09,2024-04-12,en cours,Dos Santos
4293,4293,2025-08-05,2025-08-11,en attente,Vidal Carre SARL
4294,4294,2025-03-05,2025-03-12,en attente,Boucher
4295,4295,2025-10-17,2025-10-23,en attente,Besnard S.A.R.L.
4296,4296,2023-05-27,2023-06-02,en attente,Bonneau
4297,4297,2022-03-10,2022-03-12,en cours,Valette
4298,4298,2019-12-12,2019-12-15,livrée,Leconte Diallo S.A.S.
4299,4299,2023-10-25,2023-11-01,livrée,Moulin Guilbert S.A.
4300,4300,2019-09-02,2019-09-07,en attente,Perrier SARL
4301,4301,2023-09-30,2023-10-07,livrée,Prévost SARL
4302,4302,2024-02-01,2024-02-05,en attente,Bourdon SA
4303,4303,2021-09-02,2021-09-05,en attente,Pruvost
4304,4304,2023-04-12,2023-04-13,en cours,Blanchard
4305,4305,2023-04-23,2023-04-27,en cours,Gaudin S.A.R.L.
4306,4306,2021-04-18,2021-04-24,en attente,Guillet
4307,4307,2023-05-19,2023-05-20,livrée,Adam Boulanger SA
4308,4308,2024-01-26,2024-01-28,livrée,Samson S.A.S.
4309,4309,2021-07-21,2021-07-23,en cours,Laurent et Fils
4310,4310,2020-01-12,2020-01-16,en cours,Vaillant
4311,4311,2022-02-18,2022-02-24,en attente,Delaunay Couturier et Fils
4312,4312,2023-02-27,2023-03-01,en attente,Moulin Torres S.A.
4313,4313,2020-04-12,2020-04-17,en cours,Hervé
4314,4314,2023-01-17,2023-01-18,en cours,Chauveau
4315,4315,2025-11-09,2025-11-11,en cours,Devaux
4316,4316,2019-09-20,2019-09-24,livrée,Diaz
4317,4317,2020-12-07,2020-12-11,en attente,Bouchet Blanc et Fils
4318,4318,2021-01-21,2021-01-25,en attente,Marchal Carpentier S.A.S.
4319,4319,2021-03-27,2021-03-29,en attente,Colas S.A.
4320,4320,2024-05-05,2024-05-06,en attente,Besson et Fils
4321,4321,2024-04-10,2024-04-17,livrée,Morvan S.A.R.L.
4322,4322,2023-12-13,2023-12-15,livrée,Martel Pereira SARL
4323,4323,2025-05-07,2025-05-13,livrée,Julien Auger SA
4324,4324,2020-07-23,2020-07-26,livrée,Diaz
4325,4325,2022-01-10,2022-01-13,livrée,Pascal
4326,4326,2023-07-15,2023-07-20,en cours,Maury S.A.R.L.
4327,4327,2023-11-19,2023-11-24,en cours,Dumont
4328,4328,2020-12-02,2020-12-09,en attente,Valette
4329,4329,2022-08-04,2022-08-07,en cours,Fabre Chevallier SARL
4330,4330,2020-08-09,2020-08-12,en attente,Germain
4331,4331,2023-12-14,2023-12-21,livrée,Rodriguez SA
4332,4332,2023-09-16,2023-09-17,livrée,Bousquet Guérin S.A.S.
4333,4333,2025-05-13,2025-05-14,livrée,Louis
4334,4334,2022-04-23,2022-04-25,en cours,Turpin
4335,4335,2023-04-24,2023-04-26,en attente,Lesage S.A.
4336,4336,2022-06-03,2022-06-08,livrée,Bertin Marin S.A.
4337,4337,2021-08-13,2021-08-15,en attente,Lagarde et Fils
4338,4338,2024-01-16,2024-01-18,livrée,Baudry
4339,4339,2020-04-30,2020-05-05,en cours,Lemaire
4340,4340,2023-08-18,2023-08-19,livrée,Martinez
4341,4341,2023-07-07,2023-07-14,livrée,Chevallier
4342,4342,2020-06-05,2020-06-10,en attente,Germain
4343,4343,2023-01-27,2023-02-02,livrée,Boulay
4344,4344,2025-11-12,2025-11-15,en cours,Allain
4345,4345,2021-08-30,2021-09-03,livrée,Delorme Bigot SA
4346,4346,2024-10-29,2024-11-01,livrée,Legros Fernandez SA
4347,4347,2021-11-09,2021-11-11,en cours,Bousquet
4348,4348,2020-12-07,2020-12-12,en cours,Guyot
4349,4349,2021-09-26,2021-09-29,en attente,Gillet
4350,4350,2023-04-20,2023-04-26,en cours,Guibert SA
4351,4351,2021-05-14,2021-05-15,livrée,Rémy Paris S.A.S.
4352,4352,2021-12-22,2021-12-28,en cours,Jacques
4353,4353,2021-01-25,2021-01-31,livrée,Leroux
4354,4354,2023-05-10,2023-05-14,en attente,Guillou
4355,4355,2023-01-13,2023-01-15,livrée,Dias Dijoux S.A.R.L.
4356,4356,2022-11-20,2022-11-25,en cours,Poirier
4357,4357,2025-08-18,2025-08-25,en attente,Chauvin et Fils
4358,4358,2020-04-07,2020-04-14,en cours,Colin
4359,4359,2024-05-24,2024-05-25,livrée,Paul Roussel S.A.
4360,4360,2020-11-07,2020-11-09,livrée,Diallo
4361,4361,2022-07-01,2022-07-06,en cours,Weiss SA
4362,4362,2024-04-19,2024-04-23,livrée,Duhamel S.A.R.L.
4363,4363,2020-04-23,2020-04-24,livrée,Le Gall et Fils
4364,4364,2023-05-05,2023-05-12,livrée,Guillet
4365,4365,2024-09-25,2024-10-02,en cours,Vincent S.A.
4366,4366,2021-08-31,2021-09-06,livrée,Merle S.A.
4367,4367,2022-09-05,2022-09-12,livrée,Sauvage Ribeiro SARL
4368,4368,2024-07-02,2024-07-07,en attente,Blondel S.A.
4369,4369,2025-01-11,2025-01-14,livrée,Mallet
4370,4370,2025-02-21,2025-02-24,en attente,Da Costa
4371,4371,2024-06-04,2024-06-06,en attente,Baudry
4372,4372,2025-07-30,2025-07-31,en attente,Germain S.A.
4373,4373,2019-04-04,2019-04-06,livrée,Duhamel
4374,4374,2025-04-01,2025-04-03,en cours,Pineau
4375,4375,2024-12-07,2024-12-14,livrée,Hardy
4376,4376,2020-08-18,2020-08-19,livrée,Lambert S.A.
4377,4377,2022-09-16,2022-09-19,livrée,Grondin
4378,4378,2025-09-28,2025-10-04,en cours,Jourdan S.A.R.L.
4379,4379,2021-11-30,2021-12-01,en cours,Rodrigues
4380,4380,2021-08-07,2021-08-13,en cours,Berthelot S.A.R.L.
4381,4381,2022-07-12,2022-07-14,en cours,Gay S.A.S.
4382,4382,2020-09-14,2020-09-20,livrée,Léger Denis SA
4383,4383,2022-07-10,2022-07-15,en attente,Royer
4384,4384,2020-09-30,2020-10-01,en attente,Rousset
4385,4385,2023-11-20,2023-11-26,en attente,Vallet
4386,4386,2021-09-19,2021-09-20,en attente,Schneider
4387,4387,2022-05-16,2022-05-18,en cours,Rossi Charles S.A.R.L.
4388,4388,2025-08-22,2025-08-29,en cours,Morvan Bouvet S.A.R.L.
4389,4389,2024-07-02,2024-07-06,en cours,Antoine Pichon SA
4390,4390,2024-06-06,2024-06-09,livrée,Gomes S.A.S.
4391,4391,2023-08-29,2023-09-01,en cours,Pruvost
4392,4392,2023-04-02,2023-04-03,en attente,Lemonnier Garcia S.A.
4393,4393,2020-07-13,2020-07-19,en cours,Gillet SARL
4394,4394,2024-02-12,2024-02-18,en attente,Chauvet Étienne S.A.
4395,4395,2022-09-21,2022-09-22,en cours,Ferrand S.A.S.
4396,4396,2023-05-20,2023-05-26,en attente,Hamon SA
4397,4397,2025-06-05,2025-06-06,en cours,Rivière S.A.R.L.
4398,4398,2025-01-02,2025-01-06,en cours,Vidal
4399,4399,2022-02-15,2022-02-20,livrée,Chauveau S.A.R.L.
4400,4400,2022-05-31,2022-06-02,en cours,Legros SA
4401,4401,2025-07-26,2025-07-29,en cours,Goncalves
4402,4402,2022-12-10,2022-12-15,en attente,Blin
4403,4403,2022-11-04,2022-11-05,en attente,Martineau SA
4404,4404,2019-09-01,2019-09-03,en cours,Lacroix Sanchez S.A.S.
4405,4405,2024-03-29,2024-03-30,en cours,Renaud S.A.
4406,4406,2024-10-26,2024-10-31,en attente,Gomez SA
4407,4407,2019-08-25,2019-08-31,livrée,Alves Tessier S.A.R.L.
4408,4408,2022-06-09,2022-06-15,en attente,Reynaud
4409,4409,2020-09-24,2020-09-28,en attente,Arnaud
4410,4410,2019-08-10,2019-08-16,livrée,Guibert S.A.R.L.
4411,4411,2019-01-29,2019-02-01,livrée,Gomes Lemaire et Fils
4412,4412,2021-09-17,2021-09-18,livrée,Gimenez Mallet et Fils
4413,4413,2025-08-23,2025-08-24,livrée,Lucas
4414,4414,2024-05-29,2024-06-04,en cours,Guyot SA
4415,4415,2025-08-14,2025-08-17,en attente,Fischer SA
4416,4416,2020-01-29,2020-01-30,en attente,Parent SA
4417,4417,2020-05-03,2020-05-09,en cours,Pereira et Fils
4418,4418,2025-05-29,2025-06-03,livrée,Turpin Delaunay S.A.R.L.
4419,4419,2020-10-03,2020-10-09,en attente,Mendès
4420,4420,2023-02-14,2023-02-18,livrée,François Julien SA
4421,4421,2022-07-04,2022-07-05,en attente,Moreau SARL
4422,4422,2025-09-02,2025-09-05,livrée,Chartier
4423,4423,2021-01-18,2021-01-22,en cours,Dos Santos
4424,4424,2024-07-26,2024-07-28,en cours,Marchand
4425,4425,2019-01-04,2019-01-09,en cours,Laporte
4426,4426,2021-09-27,2021-09-28,en cours,Normand
4427,4427,2023-04-04,2023-04-08,livrée,Lefèvre
4428,4428,2020-09-16,2020-09-23,livrée,Vincent
4429,4429,2025-05-24,2025-05-27,livrée,Lebrun
4430,4430,2019-06-23,2019-06-28,en cours,Paul et Fils
4431,4431,2019-01-26,2019-01-28,en attente,Mace
4432,4432,2020-10-20,2020-10-21,en attente,Humbert
4433,4433,2025-12-31,2026-01-01,livrée,Leclercq Lefort SA
4434,4434,2025-10-15,2025-10-16,livrée,Lesage
4435,4435,2024-08-26,2024-08-29,en cours,Allain S.A.S.
4436,4436,2024-02-23,2024-02-24,livrée,Becker SA
4437,4437,2023-07-23,2023-07-25,livrée,Maréchal S.A.
4438,4438,2025-11-28,2025-11-29,livrée,Baron
4439,4439,2020-10-26,2020-11-02,en cours,Dupuis
4440,4440,2023-12-03,2023-12-07,livrée,Jacquet
4441,4441,2021-05-23,2021-05-25,en cours,Denis Gérard S.A.S.
4442,4442,2022-10-30,2022-11-02,livrée,Gauthier
4443,4443,2024-10-05,2024-10-08,en cours,Sauvage Leblanc S.A.S.
4444,4444,2025-09-01,2025-09-05,livrée,Carlier
4445,4445,2023-02-23,2023-03-02,en cours,Millet Cordier S.A.
4446,4446,2020-10-23,2020-10-25,livrée,Maurice
4447,4447,2021-05-14,2021-05-16,en cours,Julien Jacquet S.A.
4448,4448,2019-04-10,2019-04-17,en cours,Leclercq Joly et Fils
4449,4449,2025-01-03,2025-01-09,livrée,Lemoine
4450,4450,2020-01-22,2020-01-27,en attente,Briand Ferreira S.A.S.
4451,4451,2019-05-06,2019-05-09,en cours,Fischer
4452,4452,2025-05-25,2025-05-27,en attente,Pages
4453,4453,2022-01-06,2022-01-08,en attente,Barthelemy
4454,4454,2021-05-29,2021-06-05,en cours,Vallet
4455,4455,2024-08-13,2024-08-14,en attente,Pires et Fils
4456,4456,2023-09-02,2023-09-05,en cours,Diaz
4457,4457,2020-11-25,2020-11-26,en attente,Dias
4458,4458,2025-11-03,2025-11-05,en attente,Bègue S.A.
4459,4459,2022-04-28,2022-04-30,en attente,Brunet Barbe S.A.R.L.
4460,4460,2024-09-05,2024-09-11,livrée,Da Silva Boyer et Fils
4461,4461,2019-05-08,2019-05-14,en attente,Ruiz
4462,4462,2024-02-12,2024-02-18,livrée,Allard
4463,4463,2023-06-18,2023-06-19,livrée,Maillet S.A.S.
4464,4464,2024-02-20,2024-02-25,livrée,Munoz Schmitt SARL
4465,4465,2020-05-14,2020-05-15,en attente,Rodriguez S.A.R.L.
4466,4466,2022-08-18,2022-08-22,livrée,Fernandez Duval SA
4467,4467,2019-11-23,2019-11-26,en cours,Marchand Bousquet et Fils
4468,4468,2019-02-08,2019-02-14,livrée,Valentin
4469,4469,2023-05-24,2023-05-29,en attente,Verdier SARL
4470,4470,2025-01-31,2025-02-04,livrée,Lamy SA
4471,4471,2020-12-15,2020-12-21,livrée,Maillet
4472,4472,2023-05-02,2023-05-05,livrée,Germain S.A.
4473,4473,2019-08-19,2019-08-22,en cours,Denis S.A.S.
4474,4474,2022-10-20,2022-10-22,en cours,David S.A.S.
4475,4475,2024-10-23,2024-10-25,livrée,Chevallier Laine et Fils
4476,4476,2021-08-22,2021-08-23,en attente,Guibert Reynaud S.A.
4477,4477,2023-05-12,2023-05-18,en attente,Delahaye
4478,4478,2023-06-22,2023-06-27,livrée,Diallo
4479,4479,2022-11-23,2022-11-29,en attente,Blondel Durand S.A.S.
4480,4480,2022-09-15,2022-09-17,en attente,Gonzalez Baron S.A.R.L.
4481,4481,2019-01-29,2019-02-05,livrée,Deschamps S.A.R.L.
4482,4482,2025-04-27,2025-04-29,en cours,Lefèvre
4483,4483,2025-07-04,2025-07-07,en attente,Hoarau
4484,4484,2019-09-24,2019-09-29,en cours,Lejeune
4485,4485,2020-10-12,2020-10-19,en cours,Peron Lacroix S.A.
4486,4486,2022-08-05,2022-08-11,livrée,Bousquet S.A.
4487,4487,2025-03-10,2025-03-16,en cours,François
4488,4488,2021-08-16,2021-08-22,en cours,Pascal
4489,4489,2023-08-06,2023-08-10,en cours,Da Silva
4490,4490,2022-09-13,2022-09-14,en attente,Regnier Albert et Fils
4491,4491,2022-09-30,2022-10-03,en attente,Briand
4492,4492,2023-05-27,2023-05-29,en attente,Lelièvre
4493,4493,2022-05-22,2022-05-27,en cours,Gilbert SARL
4494,4494,2022-05-11,2022-05-12,en attente,Hernandez
4495,4495,2023-09-29,2023-10-05,livrée,Vidal
4496,4496,2022-02-01,2022-02-07,en attente,Munoz Grondin et Fils
4497,4497,2020-05-06,2020-05-08,en attente,Guillou Roussel SA
4498,4498,2024-01-16,2024-01-19,livrée,Goncalves SA
4499,4499,2025-11-19,2025-11-25,livrée,Weiss
4500,4500,2025-07-03,2025-07-05,livrée,Blanc Vidal et Fils
4501,4501,2019-08-05,2019-08-06,livrée,Lopes
4502,4502,2025-10-15,2025-10-20,livrée,Joubert
4503,4503,2024-08-12,2024-08-13,livrée,Lefèvre
4504,4504,2024-01-25,2024-01-31,livrée,Robert S.A.S.
4505,4505,2022-02-19,2022-02-24,livrée,Leconte
4506,4506,2024-03-06,2024-03-08,livrée,Rodriguez S.A.S.
4507,4507,2019-06-23,2019-06-30,livrée,Raymond
4508,4508,2019-04-05,2019-04-10,en cours,Leroux
4509,4509,2023-04-04,2023-04-07,en cours,Noël SA
4510,4510,2022-02-16,2022-02-22,en cours,Morvan
4511,4511,2022-11-05,2022-11-09,en cours,Langlois
4512,4512,2019-06-17,2019-06-19,livrée,Hamon Laroche S.A.R.L.
4513,4513,2022-01-17,2022-01-21,en attente,Monnier Colin SARL
4514,4514,2024-07-19,2024-07-23,livrée,Guillou Renaud S.A.R.L.
4515,4515,2021-06-15,2021-06-19,livrée,Brunet
4516,4516,2024-01-18,2024-01-23,livrée,Marty
4517,4517,2023-01-14,2023-01-19,en attente,Étienne
4518,4518,2021-08-23,2021-08-25,en cours,Vidal
4519,4519,2022-09-10,2022-09-15,en attente,Bouchet Jacquet S.A.S.
4520,4520,2024-09-21,2024-09-28,en cours,Courtois
4521,4521,2019-07-02,2019-07-07,livrée,Roche
4522,4522,2019-07-06,2019-07-11,en cours,Noël S.A.R.L.
4523,4523,2024-06-02,2024-06-07,en cours,Lemaître
4524,4524,2019-01-24,2019-01-25,livrée,Diaz Breton S.A.R.L.
4525,4525,2023-11-08,2023-11-09,livrée,Guillet Descamps et Fils
4526,4526,2022-03-12,2022-03-19,livrée,Gillet SARL
4527,4527,2024-07-09,2024-07-16,livrée,Gaudin S.A.S.
4528,4528,2023-03-07,2023-03-14,livrée,Lelièvre
4529,4529,2024-05-28,2024-05-29,livrée,Lebreton Jacquet S.A.R.L.
4530,4530,2019-07-19,2019-07-23,en attente,Maillard
4531,4531,2020-06-09,2020-06-13,en cours,Pasquier
4532,4532,2020-12-06,2020-12-09,en attente,Alves SA
4533,4533,2020-06-19,2020-06-23,en cours,Lévy S.A.S.
4534,4534,2023-11-20,2023-11-27,livrée,Martinez S.A.R.L.
4535,4535,2022-06-04,2022-06-08,en attente,Marin Weber S.A.S.
4536,4536,2020-06-27,2020-06-29,en attente,Gallet
4537,4537,2021-12-28,2022-01-01,livrée,Lenoir
4538,4538,2021-12-04,2021-12-08,en cours,Bonnet Perrier et Fils
4539,4539,2025-09-09,2025-09-15,en cours,Rousset Colin S.A.
4540,4540,2019-03-05,2019-03-11,livrée,Barthelemy Delahaye S.A.
4541,4541,2020-09-25,2020-09-30,livrée,Menard
4542,4542,2024-03-22,2024-03-27,livrée,Klein SARL
4543,4543,2025-02-09,2025-02-10,livrée,Antoine Perret SA
4544,4544,2019-11-01,2019-11-08,en attente,Maréchal
4545,4545,2022-03-30,2022-04-04,en cours,Lebrun
4546,4546,2023-05-12,2023-05-13,en attente,Marchal
4547,4547,2020-07-19,2020-07-26,en cours,Thibault S.A.
4548,4548,2020-05-03,2020-05-06,en attente,Lacroix
4549,4549,2021-01-05,2021-01-11,livrée,Gilles S.A.
4550,4550,2023-11-25,2023-12-01,livrée,Munoz
4551,4551,2020-01-23,2020-01-28,livrée,Legendre Coste S.A.R.L.
4552,4552,2024-09-03,2024-09-06,en attente,Leconte S.A.R.L.
4553,4553,2022-10-14,2022-10-18,livrée,Rocher
4554,4554,2021-03-05,2021-03-08,en cours,Antoine Thomas SARL
4555,4555,2020-08-29,2020-08-31,livrée,Besson Bodin et Fils
4556,4556,2024-03-15,2024-03-20,en cours,Lemonnier Lévy S.A.S.
4557,4557,2021-10-14,2021-10-21,en cours,Ruiz SARL
4558,4558,2023-03-24,2023-03-29,en cours,Robert
4559,4559,2019-12-22,2019-12-26,livrée,Regnier SARL
4560,4560,2023-11-22,2023-11-29,en attente,Diaz S.A.
4561,4561,2024-01-26,2024-01-27,en attente,Berthelot Marie et Fils
4562,4562,2020-11-02,2020-11-05,livrée,Mace
4563,4563,2019-07-29,2019-08-05,en cours,Turpin S.A.S.
4564,4564,2019-05-14,2019-05-16,en cours,Coulon SA
4565,4565,2023-08-14,2023-08-17,livrée,Lacombe
4566,4566,2025-03-07,2025-03-13,en attente,Diallo
4567,4567,2019-03-31,2019-04-03,en attente,Pineau
4568,4568,2024-03-07,2024-03-09,en attente,Aubert
4569,4569,2019-03-17,2019-03-21,en cours,Richard Maury et Fils
4570,4570,2019-09-01,2019-09-06,en cours,Colin
4571,4571,2020-07-14,2020-07-21,en cours,Devaux
4572,4572,2020-01-19,2020-01-23,en cours,Fabre Launay S.A.S.
4573,4573,2025-07-05,2025-07-07,en cours,Rey
4574,4574,2019-06-15,2019-06-16,livrée,Jean
4575,4575,2024-07-23,2024-07-26,en cours,Olivier Pereira S.A.R.L.
4576,4576,2023-11-02,2023-11-04,en cours,Berger
4577,4577,2019-02-12,2019-02-14,en cours,Duhamel
4578,4578,2021-08-28,2021-09-01,en attente,Adam SARL
4579,4579,2021-02-01,2021-02-03,en attente,Bazin Grégoire et Fils
4580,4580,2024-08-06,2024-08-10,livrée,Lemaire
4581,4581,2024-02-19,2024-02-20,en attente,Delmas Pierre S.A.R.L.
4582,4582,2022-12-10,2022-12-17,en attente,Camus
4583,4583,2021-05-03,2021-05-08,livrée,Fleury Labbé S.A.S.
4584,4584,2021-08-01,2021-08-03,en attente,Millet S.A.S.
4585,4585,2021-04-06,2021-04-08,en cours,Samson
4586,4586,2022-11-05,2022-11-06,en attente,Grondin et Fils
4587,4587,2024-11-10,2024-11-11,livrée,Barre
4588,4588,2021-06-25,2021-07-02,en attente,Collin SARL
4589,4589,2020-04-10,2020-04-17,en cours,Meyer Valette S.A.R.L.
4590,4590,2022-07-16,2022-07-19,livrée,Barbier
4591,4591,2023-09-24,2023-09-30,en cours,Letellier
4592,4592,2020-06-25,2020-06-28,en cours,Leroux
4593,4593,2021-07-13,2021-07-16,en attente,Le Roux Martel S.A.
4594,4594,2020-04-05,2020-04-08,en cours,Pires et Fils
4595,4595,2024-01-26,2024-01-29,livrée,Pascal
4596,4596,2019-03-21,2019-03-28,en attente,Fleury
4597,4597,2021-06-15,2021-06-17,en cours,Masson
4598,4598,2023-12-04,2023-12-05,livrée,Devaux Le Roux S.A.S.
4599,4599,2023-02-14,2023-02-21,en attente,Bonneau Lelièvre et Fils
4600,4600,2025-07-06,2025-07-10,en attente,Delattre et Fils
4601,4601,2024-03-15,2024-03-19,livrée,Renard SA
4602,4602,2023-11-16,2023-11-23,livrée,Mary
4603,4603,2019-07-15,2019-07-22,en attente,Gay S.A.
4604,4604,2022-12-26,2022-12-27,livrée,Torres SA
4605,4605,2023-03-11,2023-03-16,en cours,Joly Lucas SARL
4606,4606,2022-10-12,2022-10-18,livrée,Lopes
4607,4607,2025-10-13,2025-10-18,en cours,Lambert Klein S.A.R.L.
4608,4608,2019-12-15,2019-12-20,livrée,Traore
4609,4609,2019-10-02,2019-10-09,en attente,Maurice
4610,4610,2021-11-07,2021-11-11,en cours,Gaillard SARL
4611,4611,2021-04-16,2021-04-19,en cours,Dupont
4612,4612,2025-02-17,2025-02-20,livrée,Poirier SA
4613,4613,2021-08-07,2021-08-12,en attente,Lenoir
4614,4614,2022-01-25,2022-01-28,en cours,Leclercq
4615,4615,2019-04-04,2019-04-10,en cours,Potier S.A.
4616,4616,2020-04-16,2020-04-17,en cours,Antoine SARL
4617,4617,2023-04-18,2023-04-19,en cours,Loiseau SA
4618,4618,2024-01-20,2024-01-26,livrée,Chauvin
4619,4619,2025-11-10,2025-11-17,livrée,Costa
4620,4620,2020-03-02,2020-03-05,livrée,Richard
4621,4621,2023-02-15,2023-02-18,en attente,Rey
4622,4622,2024-01-02,2024-01-03,en attente,Guillou
4623,4623,2022-02-04,2022-02-11,en cours,Legendre
4624,4624,2022-04-08,2022-04-10,en cours,Robin Richard S.A.S.
4625,4625,2024-05-19,2024-05-26,en cours,Evrard
4626,4626,2025-04-27,2025-05-04,en attente,Bodin Baudry SA
4627,4627,2022-12-05,2022-12-07,livrée,Vincent S.A.R.L.
4628,4628,2020-04-14,2020-04-19,livrée,Ollivier Marie S.A.S.
4629,4629,2019-12-01,2019-12-02,livrée,Sanchez Texier et Fils
4630,4630,2020-10-11,2020-10-16,en attente,Gomes Maillot S.A.
4631,4631,2025-11-10,2025-11-16,livrée,Peron Bazin SARL
4632,4632,2025-05-01,2025-05-06,en attente,Merle Gillet S.A.R.L.
4633,4633,2023-11-24,2023-11-27,livrée,Pages S.A.S.
4634,4634,2024-06-18,2024-06-21,en cours,Guibert
4635,4635,2019-01-01,2019-01-06,livrée,Bazin
4636,4636,2021-08-04,2021-08-07,en attente,Thibault
4637,4637,2025-03-14,2025-03-21,en attente,Blot
4638,4638,2021-12-25,2021-12-27,livrée,Guillon
4639,4639,2021-12-15,2021-12-22,livrée,Dos Santos S.A.S.
4640,4640,2023-03-12,2023-03-17,livrée,Raymond et Fils
4641,4641,2024-06-25,2024-06-30,en attente,Thibault SARL
4642,4642,2023-07-02,2023-07-03,en cours,Picard
4643,4643,2019-01-08,2019-01-15,en cours,Barre S.A.S.
4644,4644,2025-07-03,2025-07-10,livrée,Brun S.A.S.
4645,4645,2023-06-15,2023-06-20,en cours,Muller
4646,4646,2023-09-19,2023-09-23,livrée,Diallo Bertrand S.A.S.
4647,4647,2025-08-04,2025-08-11,en attente,Richard
4648,4648,2024-06-21,2024-06-25,livrée,Denis SARL
4649,4649,2023-03-31,2023-04-03,en attente,Gonzalez Martel S.A.
4650,4650,2021-06-04,2021-06-11,en cours,Berthelot Hebert S.A.
4651,4651,2021-05-21,2021-05-24,livrée,Boulanger Grégoire SA
4652,4652,2025-06-20,2025-06-26,livrée,Benard
4653,4653,2023-01-12,2023-01-15,en attente,Schmitt Schmitt et Fils
4654,4654,2025-05-17,2025-05-21,livrée,Peron
4655,4655,2023-01-31,2023-02-05,livrée,Charrier
4656,4656,2022-08-02,2022-08-04,en cours,Diaz S.A.S.
4657,4657,2024-07-17,2024-07-23,en cours,Tanguy S.A.S.
4658,4658,2024-12-31,2025-01-03,en cours,Peltier Ramos S.A.R.L.
4659,4659,2023-09-20,2023-09-23,en cours,Humbert et Fils
4660,4660,2025-05-20,2025-05-25,livrée,Lefort
4661,4661,2019-06-06,2019-06-12,en cours,Vincent Grenier et Fils
4662,4662,2025-08-29,2025-09-05,en attente,Cordier Chauveau S.A.
4663,4663,2022-11-13,2022-11-15,en attente,Hamon Rolland et Fils
4664,4664,2020-11-13,2020-11-19,en attente,Tessier Payet S.A.R.L.
4665,4665,2025-06-26,2025-06-30,en attente,Leconte SA
4666,4666,2023-02-19,2023-02-20,livrée,Weber Berthelot et Fils
4667,4667,2022-04-02,2022-04-05,en attente,Lelièvre
4668,4668,2022-03-15,2022-03-20,en attente,Pichon Vallée et Fils
4669,4669,2023-03-31,2023-04-06,livrée,Breton SA
4670,4670,2021-10-21,2021-10-22,livrée,Pasquier Bailly SA
4671,4671,2019-09-24,2019-09-26,en cours,Duhamel
4672,4672,2025-07-05,2025-07-11,en cours,Mendès
4673,4673,2020-07-04,2020-07-08,livrée,Besnard SA
4674,4674,2023-01-14,2023-01-21,en attente,Mathieu
4675,4675,2021-09-26,2021-09-27,en attente,Vincent Guibert SARL
4676,4676,2020-10-08,2020-10-14,en attente,Dos Santos Langlois S.A.R.L.
4677,4677,2021-05-12,2021-05-18,livrée,Gilles Aubert S.A.R.L.
4678,4678,2019-06-21,2019-06-24,en attente,Marty SARL
4679,4679,2021-09-19,2021-09-20,en cours,Le Gall S.A.R.L.
4680,4680,2020-02-23,2020-02-27,en cours,Jacquet
4681,4681,2024-07-31,2024-08-03,en attente,Ferreira
4682,4682,2025-04-17,2025-04-21,livrée,Moreau
4683,4683,2022-06-20,2022-06-25,en cours,Dumont S.A.R.L.
4684,4684,2019-03-10,2019-03-16,livrée,Chevalier Laroche S.A.
4685,4685,2023-10-25,2023-10-28,en attente,Launay
4686,4686,2020-08-06,2020-08-12,en attente,Dufour SA
4687,4687,2024-04-12,2024-04-19,livrée,Mahe Buisson S.A.
4688,4688,2020-05-01,2020-05-08,en cours,Potier Bernier S.A.
4689,4689,2019-12-14,2019-12-18,livrée,Paul Renault S.A.
4690,4690,2025-06-10,2025-06-13,en cours,Leroy
4691,4691,2023-09-30,2023-10-01,livrée,Moreau
4692,4692,2023-04-14,2023-04-19,livrée,Guillon
4693,4693,2021-10-11,2021-10-12,en attente,Camus Lebreton S.A.R.L.
4694,4694,2025-03-01,2025-03-03,en attente,Germain
4695,4695,2019-06-08,2019-06-09,en attente,Lemonnier
4696,4696,2023-09-19,2023-09-26,en cours,François
4697,4697,2019-05-12,2019-05-13,en attente,Diallo
4698,4698,2025-09-06,2025-09-13,en cours,Boyer
4699,4699,2025-10-09,2025-10-12,livrée,Pelletier SA
4700,4700,2023-07-26,2023-07-29,livrée,Buisson Adam SA
4701,4701,2023-05-30,2023-06-06,en attente,Lejeune
4702,4702,2025-09-12,2025-09-15,livrée,Léger
4703,4703,2023-04-25,2023-04-30,en attente,David
4704,4704,2020-01-10,2020-01-17,livrée,De Oliveira
4705,4705,2021-12-25,2022-01-01,en cours,Letellier
4706,4706,2020-05-18,2020-05-19,livrée,Gaillard
4707,4707,2025-12-06,2025-12-10,en attente,Godard
4708,4708,2023-04-18,2023-04-19,en attente,Lemoine Adam S.A.S.
4709,4709,2020-10-23,2020-10-26,livrée,Le Roux Blanc SARL
4710,4710,2020-01-10,2020-01-15,en cours,Maillot
4711,4711,2020-09-15,2020-09-22,livrée,Guillot Valentin et Fils
4712,4712,2023-07-23,2023-07-29,en cours,Jacquet Leduc SA
4713,4713,2022-09-10,2022-09-12,en cours,Legrand SA
4714,4714,2022-06-26,2022-07-02,en attente,Chauvet Martineau et Fils
4715,4715,2024-01-20,2024-01-27,livrée,Richard S.A.R.L.
4716,4716,2023-06-20,2023-06-26,livrée,Delmas Poulain S.A.R.L.
4717,4717,2021-04-23,2021-04-25,livrée,Delorme
4718,4718,2019-01-20,2019-01-25,en cours,Schmitt S.A.S.
4719,4719,2023-11-11,2023-11-14,livrée,Blot
4720,4720,2019-09-12,2019-09-19,en cours,Guyot SARL
4721,4721,2021-07-09,2021-07-13,en cours,Le Roux
4722,4722,2025-10-26,2025-10-30,en cours,Weiss SA
4723,4723,2022-02-14,2022-02-16,en cours,Raynaud Guichard SARL
4724,4724,2023-04-22,2023-04-29,en attente,Lemoine SA
4725,4725,2025-07-02,2025-07-07,en cours,Gallet SA
4726,4726,2019-11-01,2019-11-02,en attente,Bruneau SARL
4727,4727,2023-08-16,2023-08-18,livrée,Noël SA
4728,4728,2019-04-12,2019-04-15,en attente,Rodrigues
4729,4729,2024-01-06,2024-01-10,en attente,Dupont S.A.S.
4730,4730,2025-10-18,2025-10-22,en attente,Chauveau Paul SARL
4731,4731,2020-04-21,2020-04-28,en attente,Dubois
4732,4732,2019-08-06,2019-08-10,en cours,Jacquet
4733,4733,2023-09-09,2023-09-12,livrée,Gallet Chartier S.A.S.
4734,4734,2024-05-24,2024-05-29,en cours,Renaud
4735,4735,2019-07-14,2019-07-19,en cours,Guérin Bertin et Fils
4736,4736,2025-04-02,2025-04-04,en cours,Brunel
4737,4737,2022-04-04,2022-04-11,en cours,Godard
4738,4738,2020-02-28,2020-02-29,livrée,Tanguy Peron S.A.R.L.
4739,4739,2020-10-14,2020-10-15,en cours,Paul
4740,4740,2025-06-25,2025-06-26,en attente,Collin
4741,4741,2019-06-12,2019-06-18,en attente,Coulon
4742,4742,2023-02-24,2023-03-03,en attente,Blanc SA
4743,4743,2019-11-17,2019-11-18,livrée,Guérin Guilbert et Fils
4744,4744,2025-03-11,2025-03-15,livrée,Carlier
4745,4745,2019-03-26,2019-03-28,en cours,Dos Santos
4746,4746,2024-01-19,2024-01-25,en cours,Mercier
4747,4747,2023-07-29,2023-08-05,en attente,Pires Letellier S.A.R.L.
4748,4748,2020-02-28,2020-03-01,en cours,Becker
4749,4749,2025-09-26,2025-09-28,livrée,Monnier Gilbert et Fils
4750,4750,2025-05-21,2025-05-25,en attente,Dijoux
4751,4751,2023-04-24,2023-05-01,en attente,Pages
4752,4752,2019-01-15,2019-01-22,en attente,Gosselin
4753,4753,2024-02-19,2024-02-20,livrée,Julien
4754,4754,2024-01-28,2024-02-02,en attente,Seguin Dias SARL
4755,4755,2019-03-22,2019-03-25,en attente,Charpentier et Fils
4756,4756,2019-12-17,2019-12-18,en attente,Jourdan
4757,4757,2021-01-11,2021-01-13,livrée,Weiss S.A.S.
4758,4758,2021-06-19,2021-06-22,en cours,Léger Texier SARL
4759,4759,2021-07-27,2021-08-02,en cours,Lejeune S.A.R.L.
4760,4760,2019-04-16,2019-04-17,en cours,Barbier
4761,4761,2019-01-10,2019-01-11,en cours,Chevalier
4762,4762,2023-01-08,2023-01-09,en cours,Wagner
4763,4763,2019-12-22,2019-12-25,livrée,Pons
4764,4764,2020-10-04,2020-10-05,en cours,Besnard et Fils
4765,4765,2020-06-11,2020-06-17,livrée,Dumont
4766,4766,2021-11-11,2021-11-18,en attente,Martin Monnier SA
4767,4767,2024-01-10,2024-01-17,en cours,Lefèvre
4768,4768,2025-12-15,2025-12-16,livrée,Rousseau
4769,4769,2020-11-16,2020-11-18,en attente,Marques Descamps SA
4770,4770,2024-01-08,2024-01-11,en attente,Marin et Fils
4771,4771,2019-12-12,2019-12-14,en attente,Normand S.A.S.
4772,4772,2025-10-24,2025-10-31,en attente,Didier
4773,4773,2019-06-27,2019-06-28,en cours,Gillet
4774,4774,2020-12-21,2020-12-26,livrée,Joly Dubois et Fils
4775,4775,2025-04-30,2025-05-05,en attente,Petit et Fils
4776,4776,2021-11-27,2021-11-28,en cours,Salmon Philippe SA
4777,4777,2022-05-12,2022-05-17,en cours,Pages
4778,4778,2023-04-02,2023-04-07,en attente,Marion Lecoq et Fils
4779,4779,2025-11-15,2025-11-17,en attente,Besson S.A.R.L.
4780,4780,2022-08-11,2022-08-14,en attente,Techer
4781,4781,2022-08-17,2022-08-22,en attente,Nguyen
4782,4782,2020-10-26,2020-11-02,livrée,Torres SARL
4783,4783,2019-11-27,2019-12-04,en attente,Garnier
4784,4784,2022-11-19,2022-11-20,en attente,Schmitt
4785,4785,2019-12-05,2019-12-06,en cours,Bonnet
4786,4786,2021-04-04,2021-04-09,livrée,Bouchet
4787,4787,2022-05-24,2022-05-30,en attente,David
4788,4788,2023-03-03,2023-03-07,en attente,Ruiz
4789,4789,2019-07-17,2019-07-24,en attente,Rey Michel SA
4790,4790,2022-07-30,2022-08-05,en attente,Laurent Valette et Fils
4791,4791,2021-09-02,2021-09-05,livrée,Lemaître S.A.
4792,4792,2022-06-16,2022-06-18,en cours,Sauvage
4793,4793,2025-04-09,2025-04-13,livrée,Julien S.A.
4794,4794,2024-01-22,2024-01-27,en cours,Rossi S.A.R.L.
4795,4795,2021-07-20,2021-07-22,livrée,Ribeiro S.A.S.
4796,4796,2022-10-06,2022-10-12,en cours,Faure Dubois SA
4797,4797,2022-01-18,2022-01-25,en cours,Mace et Fils
4798,4798,2019-01-11,2019-01-13,en attente,Joubert Roger S.A.
4799,4799,2019-09-01,2019-09-05,en attente,Guillaume Duhamel et Fils
4800,4800,2023-05-10,2023-05-12,livrée,Chevallier SARL
4801,4801,2023-01-09,2023-01-10,livrée,Boutin S.A.R.L.
4802,4802,2025-02-06,2025-02-12,livrée,Briand
4803,4803,2020-04-16,2020-04-19,livrée,Jourdan S.A.R.L.
4804,4804,2024-09-14,2024-09-19,en attente,Lacombe S.A.
4805,4805,2022-08-03,2022-08-04,en attente,Lebrun
4806,4806,2024-09-04,2024-09-11,livrée,Courtois
4807,4807,2019-01-07,2019-01-11,en cours,Bouvet Gallet S.A.R.L.
4808,4808,2023-02-21,2023-02-24,livrée,Moreno S.A.S.
4809,4809,2023-02-09,2023-02-14,en attente,Pichon
4810,4810,2023-02-01,2023-02-08,livrée,Bigot
4811,4811,2020-12-29,2021-01-02,en cours,Voisin Ollivier S.A.R.L.
4812,4812,2019-11-03,2019-11-08,en cours,Laroche Hervé S.A.R.L.
4813,4813,2020-10-29,2020-11-02,en attente,Leconte Charles SA
4814,4814,2024-05-10,2024-05-12,en cours,Le Roux
4815,4815,2024-11-07,2024-11-12,en cours,Lenoir Vidal SA
4816,4816,2025-12-12,2025-12-14,livrée,Pruvost Martin S.A.S.
4817,4817,2020-09-10,2020-09-15,en cours,Auger Gillet S.A.S.
4818,4818,2021-02-05,2021-02-08,livrée,Da Costa
4819,4819,2022-06-05,2022-06-08,en attente,Camus Aubert SA
4820,4820,2024-09-23,2024-09-30,en attente,Masse Delahaye S.A.
4821,4821,2019-08-16,2019-08-19,en cours,Mahe Salmon S.A.R.L.
4822,4822,2024-06-23,2024-06-26,en attente,Chevalier
4823,4823,2021-11-26,2021-11-28,en cours,Ferrand S.A.S.
4824,4824,2023-04-01,2023-04-02,en cours,Schmitt S.A.S.
4825,4825,2024-02-19,2024-02-20,livrée,Gillet et Fils
4826,4826,2021-08-13,2021-08-19,livrée,Reynaud Bonnin SA
4827,4827,2021-01-26,2021-01-28,en attente,Muller Prévost S.A.S.
4828,4828,2024-10-23,2024-10-28,en cours,Cordier
4829,4829,2022-08-16,2022-08-23,en attente,Pierre
4830,4830,2025-05-16,2025-05-22,en attente,Collet S.A.
4831,4831,2023-02-06,2023-02-07,en cours,Gillet SA
4832,4832,2020-06-28,2020-07-03,livrée,Arnaud S.A.
4833,4833,2025-10-14,2025-10-18,livrée,Roche
4834,4834,2025-06-22,2025-06-27,en cours,Marion
4835,4835,2020-07-08,2020-07-14,livrée,Pons SA
4836,4836,2025-11-26,2025-11-27,livrée,Delaunay S.A.R.L.
4837,4837,2022-06-18,2022-06-23,en cours,Marty et Fils
4838,4838,2019-06-21,2019-06-24,en cours,Joseph S.A.R.L.
4839,4839,2022-02-22,2022-02-27,en cours,Renault
4840,4840,2024-06-03,2024-06-08,en attente,Bernier
4841,4841,2021-04-27,2021-05-04,en attente,Robert
4842,4842,2025-06-15,2025-06-20,livrée,Lecoq
4843,4843,2023-03-09,2023-03-13,livrée,Fleury SA
4844,4844,2023-02-24,2023-03-01,en cours,Descamps
4845,4845,2023-07-18,2023-07-24,livrée,Lefebvre
4846,4846,2024-11-14,2024-11-16,en attente,Schmitt
4847,4847,2020-12-08,2020-12-11,en cours,Evrard
4848,4848,2022-05-12,2022-05-15,livrée,Mallet
4849,4849,2020-07-09,2020-07-16,en attente,Pasquier Lagarde S.A.R.L.
4850,4850,2019-12-28,2019-12-29,livrée,Lemonnier Mercier et Fils
4851,4851,2020-10-22,2020-10-26,livrée,Payet et Fils
4852,4852,2023-12-01,2023-12-03,livrée,Leclerc
4853,4853,2025-10-17,2025-10-20,en attente,Le Gall
4854,4854,2020-05-16,2020-05-17,en attente,Masse S.A.R.L.
4855,4855,2019-02-10,2019-02-12,en attente,Lefèvre SA
4856,4856,2024-01-08,2024-01-11,en cours,Guillet Leduc SARL
4857,4857,2022-05-23,2022-05-25,en cours,Roux Foucher et Fils
4858,4858,2020-07-01,2020-07-08,en attente,Buisson SA
4859,4859,2024-12-25,2024-12-28,en attente,Grenier
4860,4860,2024-10-24,2024-10-26,en attente,Perret
4861,4861,2024-12-14,2024-12-21,en attente,Bourgeois
4862,4862,2024-08-01,2024-08-07,en attente,Cordier S.A.
4863,4863,2022-11-12,2022-11-16,en attente,Gauthier S.A.
4864,4864,2020-11-23,2020-11-30,en cours,Arnaud
4865,4865,2021-08-27,2021-08-28,livrée,Lacombe Gautier S.A.S.
4866,4866,2019-03-02,2019-03-09,livrée,Maillet
4867,4867,2020-03-23,2020-03-27,en cours,Aubry SARL
4868,4868,2021-09-11,2021-09-18,livrée,Bertin
4869,4869,2023-02-12,2023-02-16,livrée,Lefort Lefort SARL
4870,4870,2025-11-19,2025-11-23,en attente,Denis
4871,4871,2021-02-02,2021-02-04,en attente,Masson Baron SARL
4872,4872,2024-11-14,2024-11-21,en attente,Guillou
4873,4873,2021-06-30,2021-07-04,en cours,Leclercq
4874,4874,2021-08-12,2021-08-15,en attente,Meunier Chevalier et Fils
4875,4875,2025-02-27,2025-03-04,en cours,Bonnet S.A.
4876,4876,2023-11-16,2023-11-21,en attente,Rossi
4877,4877,2020-12-17,2020-12-19,en attente,Barre
4878,4878,2020-02-15,2020-02-17,en attente,Boulay Perrin SARL
4879,4879,2025-08-15,2025-08-16,en cours,Joseph
4880,4880,2024-11-13,2024-11-16,en cours,Clément Moreno SA
4881,4881,2024-09-08,2024-09-11,en cours,Maillot
4882,4882,2021-05-18,2021-05-24,en attente,Parent
4883,4883,2021-08-26,2021-09-01,en attente,Faivre
4884,4884,2023-07-26,2023-07-30,livrée,Rey
4885,4885,2021-08-25,2021-08-26,livrée,Faure Goncalves et Fils
4886,4886,2021-12-14,2021-12-17,en cours,Mahe Chevallier S.A.R.L.
4887,4887,2022-07-25,2022-07-28,en cours,Joly Dos Santos S.A.R.L.
4888,4888,2020-09-16,2020-09-19,en attente,Fernandes
4889,4889,2021-12-10,2021-12-17,en attente,Faure Legros S.A.R.L.
4890,4890,2025-12-23,2025-12-28,en attente,Dias et Fils
4891,4891,2019-12-19,2019-12-22,en cours,Da Costa
4892,4892,2022-03-24,2022-03-26,en attente,Maurice
4893,4893,2025-03-17,2025-03-22,en cours,Hamon
4894,4894,2019-05-18,2019-05-24,en attente,Dos Santos
4895,4895,2023-06-19,2023-06-20,en attente,Merle S.A.R.L.
4896,4896,2023-04-18,2023-04-22,livrée,Dupont et Fils
4897,4897,2022-09-30,2022-10-02,en attente,Faure
4898,4898,2021-08-08,2021-08-10,en attente,Giraud S.A.S.
4899,4899,2022-01-31,2022-02-02,livrée,Fleury
4900,4900,2020-07-23,2020-07-25,en cours,Girard
4901,4901,2019-04-18,2019-04-24,en attente,Boyer
4902,4902,2021-01-25,2021-02-01,en cours,Muller Imbert S.A.
4903,4903,2025-05-07,2025-05-14,livrée,Roy
4904,4904,2022-02-24,2022-02-25,en cours,Maréchal S.A.
4905,4905,2021-11-22,2021-11-25,livrée,Lesage
4906,4906,2023-11-08,2023-11-14,en attente,Julien S.A.
4907,4907,2022-12-21,2022-12-27,livrée,Caron
4908,4908,2021-11-04,2021-11-11,en attente,Fontaine SARL
4909,4909,2021-03-04,2021-03-09,en cours,Meunier
4910,4910,2025-02-09,2025-02-10,livrée,Lefort
4911,4911,2021-05-19,2021-05-23,en cours,Schmitt Guillet S.A.S.
4912,4912,2021-06-01,2021-06-07,livrée,Michel
4913,4913,2025-09-07,2025-09-08,en cours,Auger
4914,4914,2024-01-28,2024-02-03,en cours,Ledoux S.A.R.L.
4915,4915,2020-08-26,2020-08-31,livrée,Chrétien
4916,4916,2019-08-26,2019-08-30,en attente,Durand
4917,4917,2025-04-21,2025-04-22,en cours,Maréchal
4918,4918,2025-05-28,2025-05-29,en attente,Pottier
4919,4919,2022-12-12,2022-12-15,en cours,Gonzalez
4920,4920,2023-08-31,2023-09-05,en cours,Lemonnier Charpentier SARL
4921,4921,2025-03-29,2025-03-30,en attente,Collin SARL
4922,4922,2025-09-06,2025-09-11,livrée,Diallo S.A.R.L.
4923,4923,2023-06-27,2023-07-01,livrée,Paris
4924,4924,2024-05-09,2024-05-12,livrée,Masse
4925,4925,2021-11-21,2021-11-27,en attente,Dubois
4926,4926,2019-05-01,2019-05-03,livrée,Camus
4927,4927,2019-12-23,2019-12-26,livrée,Auger Pasquier S.A.S.
4928,4928,2022-05-28,2022-05-31,en attente,Durand SARL
4929,4929,2022-08-08,2022-08-12,livrée,Chauvet S.A.S.
4930,4930,2020-10-14,2020-10-19,en attente,Mercier SA
4931,4931,2019-07-13,2019-07-17,livrée,Roche
4932,4932,2023-04-02,2023-04-04,en attente,Martinez
4933,4933,2023-02-15,2023-02-22,en attente,Bouvier
4934,4934,2022-11-20,2022-11-24,livrée,Chauvet
4935,4935,2022-05-04,2022-05-09,en attente,Legrand
4936,4936,2022-08-18,2022-08-25,en attente,Garcia
4937,4937,2022-01-21,2022-01-25,en cours,Mercier Gros SA
4938,4938,2019-03-06,2019-03-08,en attente,Hoareau
4939,4939,2019-01-27,2019-02-01,en attente,Bourdon
4940,4940,2025-01-09,2025-01-14,en cours,Millet
4941,4941,2021-08-20,2021-08-27,en attente,Boucher et Fils
4942,4942,2025-11-06,2025-11-11,en cours,Robin SA
4943,4943,2019-12-04,2019-12-11,livrée,Potier
4944,4944,2020-10-05,2020-10-08,en attente,Valette Vidal et Fils
4945,4945,2019-10-10,2019-10-14,en attente,Da Silva S.A.R.L.
4946,4946,2021-12-20,2021-12-25,en cours,Normand
4947,4947,2022-04-22,2022-04-24,livrée,Nguyen
4948,4948,2020-11-30,2020-12-01,livrée,Denis S.A.R.L.
4949,4949,2019-12-03,2019-12-05,en attente,Faivre
4950,4950,2022-06-01,2022-06-06,livrée,Lenoir
4951,4951,2023-11-10,2023-11-11,en attente,Bourgeois
4952,4952,2022-04-22,2022-04-26,en attente,Paris
4953,4953,2021-10-05,2021-10-09,livrée,Moulin S.A.
4954,4954,2019-09-15,2019-09-20,livrée,Michel
4955,4955,2025-05-04,2025-05-11,en cours,Marchal
4956,4956,2022-02-18,2022-02-21,en cours,Delmas
4957,4957,2019-12-22,2019-12-29,en attente,Benoit
4958,4958,2023-07-06,2023-07-07,en cours,Gimenez Delorme SARL
4959,4959,2021-05-22,2021-05-29,en cours,Colas S.A.R.L.
4960,4960,2022-04-27,2022-05-02,en cours,Alexandre
4961,4961,2023-01-13,2023-01-18,en cours,Gay
4962,4962,2019-12-27,2020-01-01,livrée,Godard
4963,4963,2022-12-07,2022-12-08,en attente,Torres
4964,4964,2025-12-16,2025-12-18,en cours,Buisson SARL
4965,4965,2025-04-28,2025-05-01,en cours,Mercier Poirier S.A.
4966,4966,2022-08-01,2022-08-06,livrée,Marin S.A.R.L.
4967,4967,2022-12-21,2022-12-27,en cours,Roux Vallet S.A.R.L.
4968,4968,2025-04-03,2025-04-07,en attente,Chrétien Leroy SARL
4969,4969,2021-05-21,2021-05-27,livrée,Lenoir
4970,4970,2025-03-17,2025-03-22,livrée,Barbe
4971,4971,2020-07-05,2020-07-09,livrée,Jacob
4972,4972,2021-05-29,2021-06-05,en cours,Martineau Peltier S.A.S.
4973,4973,2024-03-30,2024-03-31,en attente,Fernandez
4974,4974,2023-07-03,2023-07-06,en attente,Laine
4975,4975,2024-07-16,2024-07-19,en cours,Mace S.A.R.L.
4976,4976,2019-01-26,2019-01-28,en cours,Payet et Fils
4977,4977,2023-05-07,2023-05-09,en attente,Ribeiro
4978,4978,2021-05-10,2021-05-16,en attente,Bourdon
4979,4979,2020-06-17,2020-06-19,en attente,Samson et Fils
4980,4980,2021-07-05,2021-07-06,livrée,Bousquet SA
4981,4981,2023-01-04,2023-01-05,livrée,Maury Lemonnier et Fils
4982,4982,2025-12-13,2025-12-16,livrée,Thomas et Fils
4983,4983,2023-02-26,2023-02-28,en cours,Lévy
4984,4984,2025-12-06,2025-12-13,en attente,Simon SARL
4985,4985,2020-07-12,2020-07-16,livrée,Noël SARL
4986,4986,2019-07-06,2019-07-07,livrée,Marie
4987,4987,2023-01-13,2023-01-14,en cours,Weiss Boutin S.A.S.
4988,4988,2024-09-18,2024-09-20,livrée,Barre SA
4989,4989,2021-09-01,2021-09-05,livrée,Henry
4990,4990,2025-08-07,2025-08-14,en attente,Rémy S.A.S.
4991,4991,2025-08-18,2025-08-20,en cours,Vallée
4992,4992,2024-04-05,2024-04-12,en cours,Neveu
4993,4993,2022-06-28,2022-06-30,en cours,Guyot Gimenez SARL
4994,4994,2025-05-12,2025-05-17,livrée,Léger
4995,4995,2021-10-06,2021-10-08,livrée,Delaunay Ruiz et Fils
4996,4996,2023-08-30,2023-09-01,livrée,Rivière
4997,4997,2025-12-25,2025-12-30,en attente,Rousseau
4998,4998,2019-11-21,2019-11-25,en attente,Huet
4999,4999,2025-05-01,2025-05-05,en attente,Dufour
5000,5000,2023-08-01,2023-08-06,en attente,Bourdon
5001,5001,2021-04-22,2021-04-28,en cours,Noël
5002,5002,2024-02-09,2024-02-11,en attente,Roux
5003,5003,2020-02-08,2020-02-10,en cours,Girard Charrier S.A.S.
5004,5004,2021-04-15,2021-04-19,en cours,Leclerc
5005,5005,2025-04-14,2025-04-17,en attente,Dumas S.A.
5006,5006,2022-09-21,2022-09-26,livrée,Samson et Fils
5007,5007,2019-06-03,2019-06-06,livrée,Blot
5008,5008,2020-10-06,2020-10-09,livrée,Fernandes
5009,5009,2025-04-11,2025-04-12,en attente,Foucher
5010,5010,2023-07-31,2023-08-05,livrée,Deschamps S.A.R.L.
5011,5011,2020-09-11,2020-09-18,livrée,Rossi
5012,5012,2023-10-05,2023-10-11,livrée,Gallet SARL
5013,5013,2020-09-14,2020-09-17,en attente,Brunel
5014,5014,2024-02-16,2024-02-21,en cours,Henry
5015,5015,2025-01-14,2025-01-19,livrée,Lefebvre
5016,5016,2021-12-14,2021-12-21,livrée,Raymond S.A.R.L.
5017,5017,2023-02-19,2023-02-24,en cours,François et Fils
5018,5018,2022-02-03,2022-02-09,en cours,Gaudin
5019,5019,2020-09-08,2020-09-14,en attente,Carre S.A.S.
5020,5020,2019-02-24,2019-02-26,en attente,Benard Langlois S.A.S.
5021,5021,2025-12-06,2025-12-09,en attente,Bonnet SA
5022,5022,2024-01-08,2024-01-14,en cours,Bernier Nguyen S.A.R.L.
5023,5023,2023-02-08,2023-02-12,en attente,Garnier
5024,5024,2021-09-07,2021-09-08,en attente,Lecoq SA
5025,5025,2020-09-10,2020-09-17,livrée,Pichon
5026,5026,2020-11-07,2020-11-10,en cours,Ferrand
5027,5027,2022-07-28,2022-08-03,livrée,Dijoux
5028,5028,2022-01-17,2022-01-23,en attente,Blondel
5029,5029,2024-03-28,2024-03-31,en attente,Guilbert
5030,5030,2024-07-26,2024-07-30,livrée,Payet
5031,5031,2022-10-19,2022-10-21,livrée,Olivier
5032,5032,2023-02-09,2023-02-13,livrée,Cohen
5033,5033,2021-04-06,2021-04-08,livrée,Bodin
5034,5034,2024-06-26,2024-07-02,en attente,Vaillant S.A.S.
5035,5035,2024-04-08,2024-04-11,livrée,Gérard
5036,5036,2025-01-09,2025-01-11,en attente,Hervé
5037,5037,2020-07-07,2020-07-11,en attente,Blanc
5038,5038,2022-10-29,2022-11-05,en attente,Ramos
5039,5039,2022-04-26,2022-05-02,en cours,Dias
5040,5040,2021-08-10,2021-08-13,en attente,Bourdon Guillot SARL
5041,5041,2024-03-18,2024-03-22,en attente,Le Gall et Fils
5042,5042,2024-09-16,2024-09-18,livrée,Hernandez
5043,5043,2021-05-25,2021-05-31,en attente,Pelletier Girard SARL
5044,5044,2021-02-17,2021-02-21,en cours,Lebreton S.A.
5045,5045,2021-05-26,2021-05-29,en cours,Lenoir
5046,5046,2019-07-06,2019-07-13,en attente,Merle
5047,5047,2021-08-15,2021-08-19,livrée,Mallet
5048,5048,2020-05-03,2020-05-09,en attente,Delaunay Lebon SARL
5049,5049,2019-05-23,2019-05-29,livrée,Lamy Pons SA
5050,5050,2025-12-15,2025-12-19,en cours,Poirier
5051,5051,2023-10-17,2023-10-19,en attente,Collet
5052,5052,2019-06-16,2019-06-19,en attente,Perrin Ollivier S.A.R.L.
5053,5053,2024-05-10,2024-05-17,en cours,Bernard
5054,5054,2024-05-15,2024-05-20,en cours,Maréchal Simon et Fils
5055,5055,2022-03-08,2022-03-14,livrée,Auger Pons S.A.S.
5056,5056,2020-07-02,2020-07-09,en cours,Boulanger S.A.
5057,5057,2023-08-16,2023-08-22,livrée,Fabre
5058,5058,2025-10-28,2025-11-02,livrée,Brun Texier S.A.S.
5059,5059,2021-09-22,2021-09-23,en cours,Marie SA
5060,5060,2022-07-26,2022-07-31,livrée,Pages
5061,5061,2022-10-14,2022-10-16,en attente,Valentin
5062,5062,2023-10-02,2023-10-08,en attente,Paris
5063,5063,2025-05-06,2025-05-10,livrée,Rodriguez Rousseau SARL
5064,5064,2022-08-12,2022-08-18,en attente,Vidal
5065,5065,2019-04-13,2019-04-19,livrée,Legros
5066,5066,2023-04-09,2023-04-12,en cours,Dupont SARL
5067,5067,2025-03-05,2025-03-06,en cours,Hernandez
5068,5068,2019-01-14,2019-01-19,livrée,Teixeira
5069,5069,2025-05-23,2025-05-27,livrée,Leclercq Poirier et Fils
5070,5070,2022-05-05,2022-05-06,livrée,Blanchet
5071,5071,2021-11-03,2021-11-09,en attente,Brunel Lelièvre et Fils
5072,5072,2020-11-08,2020-11-10,livrée,Pruvost Bernard S.A.S.
5073,5073,2024-03-11,2024-03-18,en cours,Paris
5074,5074,2022-08-05,2022-08-08,en cours,Cousin
5075,5075,2023-11-16,2023-11-19,en attente,Brunel
5076,5076,2020-09-28,2020-10-04,en attente,Gay Denis S.A.R.L.
5077,5077,2021-10-05,2021-10-10,en cours,Schmitt Faivre SARL
5078,5078,2020-06-24,2020-07-01,en attente,Guérin Gilbert SA
5079,5079,2023-05-05,2023-05-08,en attente,Rodrigues Blanchet et Fils
5080,5080,2020-02-24,2020-02-28,en cours,Torres
5081,5081,2024-03-11,2024-03-15,livrée,Marty François S.A.
5082,5082,2019-08-04,2019-08-11,en attente,Lévêque
5083,5083,2019-03-31,2019-04-04,en cours,Rocher
5084,5084,2025-01-07,2025-01-11,livrée,Marchal
5085,5085,2025-10-11,2025-10-17,livrée,Nicolas
5086,5086,2020-07-17,2020-07-21,en cours,Paul
5087,5087,2019-09-23,2019-09-26,en attente,Guillot Wagner S.A.S.
5088,5088,2020-07-15,2020-07-20,livrée,Pires SARL
5089,5089,2024-03-03,2024-03-07,en attente,Peron et Fils
5090,5090,2019-09-12,2019-09-18,livrée,Chevallier
5091,5091,2025-05-25,2025-05-26,en attente,Richard
5092,5092,2024-05-11,2024-05-15,en attente,Tessier Mahe SA
5093,5093,2019-07-26,2019-08-01,en cours,Maillet
5094,5094,2023-06-20,2023-06-23,livrée,Dos Santos
5095,5095,2019-01-31,2019-02-02,en cours,Renaud Boulanger SA
5096,5096,2025-02-16,2025-02-21,livrée,Dumas
5097,5097,2019-02-04,2019-02-07,en cours,Bailly Thibault SARL
5098,5098,2020-08-06,2020-08-10,livrée,Moulin
5099,5099,2021-02-25,2021-03-03,en cours,Martins Lombard SA
5100,5100,2019-08-11,2019-08-17,en cours,Meyer
5101,5101,2021-10-20,2021-10-26,livrée,Bonnet
5102,5102,2024-03-05,2024-03-09,livrée,Dupuy S.A.S.
5103,5103,2024-11-08,2024-11-13,livrée,Charrier S.A.R.L.
5104,5104,2025-05-12,2025-05-16,en attente,Nicolas
5105,5105,2025-10-03,2025-10-10,en cours,Rousseau
5106,5106,2022-06-08,2022-06-14,livrée,Lesage Roussel S.A.
5107,5107,2019-02-11,2019-02-14,en attente,Devaux SARL
5108,5108,2020-04-15,2020-04-18,en attente,Cousin
5109,5109,2022-03-27,2022-04-01,en cours,Rey Roger S.A.R.L.
5110,5110,2020-05-09,2020-05-11,livrée,Grondin
5111,5111,2025-02-22,2025-02-28,en attente,Dufour Dupuy S.A.
5112,5112,2021-07-09,2021-07-16,en cours,Torres
5113,5113,2024-02-19,2024-02-24,en attente,Fischer
5114,5114,2022-03-15,2022-03-16,en cours,Clerc
5115,5115,2022-08-21,2022-08-24,en attente,Mathieu
5116,5116,2025-07-24,2025-07-31,en cours,Carpentier Aubert et Fils
5117,5117,2020-05-16,2020-05-18,en attente,Girard Lelièvre S.A.
5118,5118,2019-04-24,2019-04-25,livrée,Fontaine
5119,5119,2021-07-12,2021-07-17,en attente,Caron Richard S.A.S.
5120,5120,2020-12-04,2020-12-07,en attente,Valette
5121,5121,2024-08-03,2024-08-09,en cours,Ferreira Louis SARL
5122,5122,2021-03-14,2021-03-19,en cours,Ferrand et Fils
5123,5123,2023-07-27,2023-07-29,livrée,Hubert
5124,5124,2019-01-24,2019-01-25,livrée,Da Costa S.A.R.L.
5125,5125,2021-05-05,2021-05-09,en cours,Imbert S.A.S.
5126,5126,2019-09-26,2019-09-28,en attente,Bigot Blin SA
5127,5127,2023-03-30,2023-03-31,livrée,Besson Moulin S.A.R.L.
5128,5128,2025-05-07,2025-05-11,livrée,Ribeiro
5129,5129,2019-06-19,2019-06-26,en attente,Gallet
5130,5130,2021-06-11,2021-06-14,en attente,Pons SA
5131,5131,2024-11-24,2024-12-01,en attente,Devaux
5132,5132,2024-04-05,2024-04-10,en cours,Petitjean
5133,5133,2021-06-15,2021-06-17,livrée,Pruvost Barbier et Fils
5134,5134,2024-09-03,2024-09-06,livrée,Guillot S.A.R.L.
5135,5135,2024-08-21,2024-08-28,en attente,Wagner S.A.
5136,5136,2019-12-03,2019-12-06,en attente,Duval
5137,5137,2019-01-19,2019-01-22,livrée,Bertrand
5138,5138,2024-05-18,2024-05-25,en cours,Garnier Philippe SA
5139,5139,2022-05-17,2022-05-22,en attente,Raymond
5140,5140,2024-02-08,2024-02-10,livrée,Jourdan SARL
5141,5141,2024-12-30,2024-12-31,en attente,Masse
5142,5142,2019-08-20,2019-08-27,livrée,Goncalves S.A.S.
5143,5143,2025-11-10,2025-11-13,livrée,Renard
5144,5144,2020-08-26,2020-08-27,en attente,Delmas
5145,5145,2019-04-29,2019-04-30,en cours,Brunet
5146,5146,2021-10-22,2021-10-29,en attente,Renault Teixeira SARL
5147,5147,2025-06-15,2025-06-20,livrée,Fournier S.A.
5148,5148,2024-11-15,2024-11-20,livrée,Thomas S.A.
5149,5149,2022-02-23,2022-02-27,en attente,Guérin
5150,5150,2023-07-06,2023-07-07,en attente,Morin et Fils
5151,5151,2021-09-13,2021-09-17,en attente,Léger
5152,5152,2022-05-08,2022-05-12,livrée,Salmon SARL
5153,5153,2022-11-07,2022-11-13,livrée,Carlier
5154,5154,2019-05-13,2019-05-15,livrée,Dumont Breton SA
5155,5155,2023-07-06,2023-07-13,livrée,Nicolas SARL
5156,5156,2024-11-17,2024-11-21,en attente,Meyer
5157,5157,2021-05-05,2021-05-10,en attente,Evrard
5158,5158,2019-09-22,2019-09-27,en cours,Blanchard S.A.R.L.
5159,5159,2025-03-05,2025-03-10,en attente,De Sousa
5160,5160,2022-11-07,2022-11-13,en attente,Ledoux
5161,5161,2022-11-17,2022-11-24,en cours,Didier Blondel SA
5162,5162,2025-08-02,2025-08-07,livrée,Weiss S.A.S.
5163,5163,2020-02-08,2020-02-12,en cours,Mace Lopez S.A.S.
5164,5164,2024-03-02,2024-03-09,en cours,Alexandre
5165,5165,2023-12-05,2023-12-07,en attente,Pottier S.A.
5166,5166,2020-06-06,2020-06-13,livrée,Blin
5167,5167,2022-04-14,2022-04-15,livrée,Moulin
5168,5168,2020-10-19,2020-10-22,en attente,Guichard S.A.R.L.
5169,5169,2024-02-02,2024-02-07,en cours,Bodin
5170,5170,2022-04-11,2022-04-14,en cours,Petitjean
5171,5171,2025-04-01,2025-04-03,livrée,Lebon
5172,5172,2021-03-14,2021-03-19,en attente,Deschamps Leclerc SARL
5173,5173,2025-03-30,2025-04-04,en cours,Hardy
5174,5174,2021-02-11,2021-02-15,livrée,Deschamps SARL
5175,5175,2019-06-19,2019-06-24,en cours,Bigot
5176,5176,2025-09-15,2025-09-16,en attente,Roux
5177,5177,2020-08-31,2020-09-04,livrée,Louis
5178,5178,2019-03-01,2019-03-07,livrée,Bertrand Auger et Fils
5179,5179,2023-09-04,2023-09-08,livrée,Petit
5180,5180,2019-07-02,2019-07-07,livrée,Durand SA
5181,5181,2022-04-14,2022-04-18,livrée,Girard Pichon S.A.S.
5182,5182,2019-02-03,2019-02-09,en cours,Martins Durand S.A.
5183,5183,2022-11-17,2022-11-18,livrée,Lefebvre
5184,5184,2020-04-12,2020-04-14,en attente,Daniel
5185,5185,2022-12-16,2022-12-18,en attente,Cordier Henry et Fils
5186,5186,2019-07-25,2019-07-27,en cours,Caron S.A.S.
5187,5187,2023-10-16,2023-10-21,en attente,Muller Peron et Fils
5188,5188,2025-01-13,2025-01-15,livrée,Garcia
5189,5189,2019-01-15,2019-01-18,en cours,Bernier
5190,5190,2020-08-27,2020-08-31,livrée,Joly
5191,5191,2025-04-02,2025-04-06,en attente,Duval
5192,5192,2019-09-06,2019-09-07,livrée,Meyer SARL
5193,5193,2024-03-23,2024-03-25,en attente,Fontaine
5194,5194,2023-09-30,2023-10-07,en attente,Merle Colas SA
5195,5195,2025-04-19,2025-04-23,livrée,Ribeiro
5196,5196,2024-04-07,2024-04-14,en cours,Cousin
5197,5197,2024-11-23,2024-11-29,en cours,Thibault SARL
5198,5198,2021-11-30,2021-12-06,en attente,Diaz Bouchet SA
5199,5199,2021-07-04,2021-07-11,en attente,Marchal Turpin SA
5200,5200,2024-10-08,2024-10-11,livrée,Weber
5201,5201,2024-03-23,2024-03-30,livrée,Potier
5202,5202,2022-05-21,2022-05-25,en attente,Monnier Laporte et Fils
5203,5203,2023-06-09,2023-06-15,livrée,Lemonnier
5204,5204,2023-10-02,2023-10-04,livrée,Raynaud
5205,5205,2020-09-26,2020-09-30,en cours,Baudry
5206,5206,2024-11-14,2024-11-19,en attente,Maillard
5207,5207,2024-09-27,2024-10-03,en attente,Morvan
5208,5208,2023-05-26,2023-05-31,livrée,Petit Roger S.A.
5209,5209,2024-11-22,2024-11-29,en attente,Morel
5210,5210,2022-09-19,2022-09-24,en attente,Becker
5211,5211,2024-10-05,2024-10-11,livrée,Rodrigues S.A.
5212,5212,2020-09-19,2020-09-25,en cours,Duhamel
5213,5213,2019-04-03,2019-04-07,en cours,Leduc Becker SARL
5214,5214,2019-06-02,2019-06-05,livrée,Rey Gillet SARL
5215,5215,2021-01-26,2021-01-28,en attente,Blanc Delattre et Fils
5216,5216,2024-11-26,2024-11-28,en attente,Colas
5217,5217,2023-10-05,2023-10-12,en attente,Chauvet Meyer SARL
5218,5218,2022-11-20,2022-11-25,en attente,David Nguyen SA
5219,5219,2023-01-31,2023-02-03,en attente,Laine
5220,5220,2022-12-03,2022-12-06,livrée,Noël
5221,5221,2020-09-05,2020-09-08,livrée,Coulon
5222,5222,2019-09-15,2019-09-22,en attente,Robert
5223,5223,2020-10-31,2020-11-05,en attente,Michel Antoine S.A.R.L.
5224,5224,2020-01-09,2020-01-12,en cours,Pages Coste SARL
5225,5225,2021-12-11,2021-12-13,livrée,Adam SA
5226,5226,2019-11-09,2019-11-15,livrée,Dubois et Fils
5227,5227,2023-02-24,2023-02-26,en attente,Perrier S.A.R.L.
5228,5228,2025-09-09,2025-09-10,en cours,Thierry SA
5229,5229,2023-05-30,2023-05-31,livrée,Guichard Blin S.A.R.L.
5230,5230,2021-12-19,2021-12-26,en attente,Lebrun
5231,5231,2019-09-18,2019-09-23,en attente,Clerc
5232,5232,2021-06-26,2021-06-29,en cours,Delattre SARL
5233,5233,2023-02-15,2023-02-16,en attente,Boutin Bonneau SARL
5234,5234,2021-06-01,2021-06-02,en cours,Meunier SA
5235,5235,2020-06-06,2020-06-13,livrée,Hoareau
5236,5236,2019-03-30,2019-04-03,en cours,Carlier
5237,5237,2021-11-13,2021-11-19,livrée,Guichard SARL
5238,5238,2020-11-09,2020-11-13,livrée,Costa
5239,5239,2019-06-22,2019-06-26,en cours,Masson
5240,5240,2019-06-01,2019-06-03,en attente,Morvan
5241,5241,2021-03-17,2021-03-19,en cours,Mendès
5242,5242,2020-01-04,2020-01-10,en attente,Couturier
5243,5243,2021-07-24,2021-07-27,en cours,Rodrigues
5244,5244,2023-05-30,2023-06-03,en cours,Fernandes
5245,5245,2019-11-23,2019-11-29,en attente,Muller
5246,5246,2019-04-20,2019-04-22,livrée,Da Silva
5247,5247,2023-06-27,2023-07-04,en attente,Dubois SARL
5248,5248,2020-07-03,2020-07-06,en attente,Collin
5249,5249,2023-08-03,2023-08-05,en cours,Poulain
5250,5250,2021-04-09,2021-04-16,en cours,Chevallier SA
5251,5251,2024-10-10,2024-10-16,livrée,Gillet
5252,5252,2023-05-15,2023-05-22,en cours,Rodrigues
5253,5253,2024-10-27,2024-10-30,livrée,Martel
5254,5254,2019-07-25,2019-07-30,livrée,Étienne Costa S.A.R.L.
5255,5255,2024-07-11,2024-07-14,en cours,Leroy
5256,5256,2021-11-02,2021-11-08,en cours,Lemaire
5257,5257,2024-10-10,2024-10-12,livrée,Guillet
5258,5258,2022-03-19,2022-03-26,en attente,Robert
5259,5259,2020-08-16,2020-08-18,livrée,Pons
5260,5260,2022-03-21,2022-03-28,livrée,Rolland Denis et Fils
5261,5261,2025-06-06,2025-06-08,en cours,Le Roux
5262,5262,2022-03-23,2022-03-29,livrée,Techer S.A.
5263,5263,2019-08-02,2019-08-04,en cours,Mathieu
5264,5264,2024-02-04,2024-02-09,en cours,Huet
5265,5265,2024-08-18,2024-08-21,livrée,Vaillant
5266,5266,2022-04-11,2022-04-17,en attente,Foucher
5267,5267,2023-04-19,2023-04-20,livrée,Bonnet S.A.R.L.
5268,5268,2025-06-13,2025-06-17,en cours,Hoarau Leclerc SA
5269,5269,2022-12-23,2022-12-29,en attente,Renaud SARL
5270,5270,2022-04-10,2022-04-12,livrée,Hardy Bazin S.A.S.
5271,5271,2022-09-09,2022-09-11,en cours,Munoz
5272,5272,2024-06-29,2024-07-04,en cours,Michaud
5273,5273,2023-10-20,2023-10-25,en cours,Vaillant Rey et Fils
5274,5274,2024-05-13,2024-05-17,en cours,Thierry
5275,5275,2021-08-17,2021-08-21,en attente,Leblanc
5276,5276,2019-04-10,2019-04-13,en attente,Hebert
5277,5277,2021-04-24,2021-04-25,en attente,Gomez
5278,5278,2023-12-29,2024-01-01,en attente,Pruvost
5279,5279,2019-12-30,2020-01-05,en attente,Lefèvre
5280,5280,2019-11-07,2019-11-12,livrée,Gilbert
5281,5281,2023-11-07,2023-11-13,en attente,Renaud Gonzalez S.A.S.
5282,5282,2019-08-12,2019-08-16,en cours,Paul
5283,5283,2022-03-12,2022-03-19,en cours,Schneider
5284,5284,2024-09-04,2024-09-10,livrée,Hamel Pottier et Fils
5285,5285,2023-12-25,2023-12-30,en attente,Hardy et Fils
5286,5286,2020-08-11,2020-08-14,en attente,Lebon Dubois SARL
5287,5287,2023-04-28,2023-05-01,livrée,Auger
5288,5288,2022-09-03,2022-09-05,livrée,Martins Andre SA
5289,5289,2021-01-03,2021-01-08,en cours,Lebrun Morin et Fils
5290,5290,2020-02-14,2020-02-21,livrée,Baron
5291,5291,2022-04-04,2022-04-08,en attente,Potier
5292,5292,2019-12-22,2019-12-26,en cours,Tessier
5293,5293,2021-03-10,2021-03-17,en attente,Valentin
5294,5294,2025-11-16,2025-11-19,en cours,Diaz S.A.R.L.
5295,5295,2020-06-12,2020-06-16,en attente,Louis
5296,5296,2023-09-24,2023-09-28,en cours,Fournier
5297,5297,2019-03-19,2019-03-22,en attente,Lopes Maillot SARL
5298,5298,2022-04-16,2022-04-18,en attente,Turpin
5299,5299,2024-03-09,2024-03-12,en attente,Jacquot Clerc S.A.R.L.
5300,5300,2019-10-25,2019-10-30,en attente,Voisin S.A.
5301,5301,2021-05-29,2021-06-04,en cours,Traore Payet et Fils
5302,5302,2024-06-03,2024-06-10,en cours,Coste
5303,5303,2019-03-29,2019-04-04,livrée,Langlois Ruiz S.A.
5304,5304,2022-04-23,2022-04-26,en cours,Faivre
5305,5305,2025-06-07,2025-06-14,en cours,Robin SARL
5306,5306,2021-10-22,2021-10-27,en attente,Coulon
5307,5307,2023-05-02,2023-05-07,en attente,Mathieu
5308,5308,2022-02-12,2022-02-17,en attente,Gallet Étienne et Fils
5309,5309,2025-02-03,2025-02-08,livrée,Imbert Lecoq et Fils
5310,5310,2024-07-18,2024-07-19,en attente,Blondel
5311,5311,2021-05-02,2021-05-09,en attente,Blot
5312,5312,2021-12-01,2021-12-03,en cours,Rousseau Bourgeois SA
5313,5313,2025-02-27,2025-03-03,en attente,Laine Léger S.A.S.
5314,5314,2023-06-29,2023-07-06,en attente,Dias
5315,5315,2020-10-14,2020-10-18,livrée,Bonneau
5316,5316,2025-05-07,2025-05-14,en cours,Prévost S.A.
5317,5317,2025-02-09,2025-02-11,en attente,Turpin
5318,5318,2025-05-24,2025-05-30,en attente,Blot SA
5319,5319,2019-03-27,2019-04-01,livrée,Perrot Marchand SARL
5320,5320,2021-10-05,2021-10-07,en cours,Blin SA
5321,5321,2021-12-31,2022-01-04,en cours,Hebert
5322,5322,2025-04-16,2025-04-23,en cours,Millet Jacquot S.A.S.
5323,5323,2023-06-21,2023-06-27,en attente,Klein Renard S.A.R.L.
5324,5324,2019-05-25,2019-05-27,en attente,Dijoux
5325,5325,2024-05-15,2024-05-17,livrée,De Oliveira SA
5326,5326,2021-11-13,2021-11-19,en cours,Baudry
5327,5327,2019-07-27,2019-07-30,en attente,Guillot
5328,5328,2020-07-17,2020-07-18,en cours,Hubert S.A.R.L.
5329,5329,2024-02-14,2024-02-21,en attente,Legrand SA
5330,5330,2025-10-26,2025-10-28,en cours,Hamon
5331,5331,2021-02-10,2021-02-14,en cours,Blondel Breton SA
5332,5332,2025-04-24,2025-04-27,en cours,Lévêque
5333,5333,2019-08-07,2019-08-11,en cours,Goncalves
5334,5334,2019-05-13,2019-05-15,en cours,Lemaire SARL
5335,5335,2021-01-21,2021-01-23,en attente,Couturier
5336,5336,2019-03-24,2019-03-26,en cours,Petit Dumont S.A.
5337,5337,2019-01-30,2019-02-01,en attente,Bouchet Maillot SARL
5338,5338,2025-02-07,2025-02-09,livrée,Leclerc
5339,5339,2021-10-21,2021-10-27,livrée,Roger Monnier SA
5340,5340,2021-07-24,2021-07-27,livrée,Joseph
5341,5341,2021-04-07,2021-04-10,en attente,Hardy Simon SA
5342,5342,2025-08-10,2025-08-16,en cours,Morvan
5343,5343,2022-10-30,2022-11-01,en attente,Jean
5344,5344,2023-11-08,2023-11-13,livrée,Briand Rousset SARL
5345,5345,2025-04-17,2025-04-19,en cours,Lecoq
5346,5346,2020-02-04,2020-02-06,en cours,Ribeiro Mace et Fils
5347,5347,2024-07-04,2024-07-10,en cours,Bernier
5348,5348,2021-01-23,2021-01-30,en cours,Leclercq
5349,5349,2020-12-18,2020-12-23,en cours,Maurice Bonnet S.A.R.L.
5350,5350,2019-06-19,2019-06-24,en cours,Regnier S.A.
5351,5351,2022-08-21,2022-08-25,en cours,Blanchard
5352,5352,2022-11-26,2022-12-03,en attente,Pascal
5353,5353,2022-12-16,2022-12-21,en cours,Charpentier Antoine S.A.R.L.
5354,5354,2023-02-22,2023-02-26,livrée,Blanchet
5355,5355,2022-03-27,2022-03-28,en attente,Dumas Dijoux SA
5356,5356,2019-03-06,2019-03-08,livrée,Chartier
5357,5357,2020-05-14,2020-05-18,livrée,Chauvet et Fils
5358,5358,2019-03-15,2019-03-21,en attente,Perrin Delaunay S.A.S.
5359,5359,2023-02-25,2023-02-26,en attente,Brun
5360,5360,2024-02-17,2024-02-21,livrée,Moulin Courtois S.A.R.L.
5361,5361,2023-12-18,2023-12-19,en cours,Perret Gilles SARL
5362,5362,2023-12-15,2023-12-16,livrée,Gosselin
5363,5363,2024-04-02,2024-04-03,en cours,Pons
5364,5364,2025-06-06,2025-06-07,livrée,Da Silva Grenier SA
5365,5365,2021-03-27,2021-04-02,livrée,Grenier
5366,5366,2020-06-23,2020-06-24,en cours,Regnier
5367,5367,2025-04-28,2025-04-29,en attente,Berthelot
5368,5368,2021-04-01,2021-04-04,en attente,Dumont
5369,5369,2021-10-06,2021-10-07,livrée,Colas Bonnin SARL
5370,5370,2023-02-28,2023-03-02,en attente,Launay
5371,5371,2023-10-14,2023-10-16,livrée,Fontaine
5372,5372,2024-04-17,2024-04-24,en attente,Roussel Chevalier S.A.
5373,5373,2024-09-07,2024-09-08,livrée,Gallet S.A.S.
5374,5374,2019-03-20,2019-03-23,en cours,Durand SA
5375,5375,2025-08-18,2025-08-25,en attente,David
5376,5376,2024-09-29,2024-10-01,en cours,Marty SA
5377,5377,2020-09-20,2020-09-21,en attente,Maurice Raymond S.A.S.
5378,5378,2020-06-27,2020-06-30,livrée,Noël et Fils
5379,5379,2022-11-30,2022-12-02,livrée,Alves Teixeira S.A.R.L.
5380,5380,2020-05-08,2020-05-09,en cours,Andre Guichard SA
5381,5381,2021-09-29,2021-09-30,livrée,Philippe S.A.
5382,5382,2024-12-24,2024-12-30,en attente,Guibert S.A.
5383,5383,2019-05-12,2019-05-14,livrée,Morel
5384,5384,2022-09-28,2022-09-29,livrée,Pineau SARL
5385,5385,2019-10-25,2019-10-29,en attente,Jacob Pineau SARL
5386,5386,2020-06-25,2020-07-01,livrée,Chauvet et Fils
5387,5387,2025-06-24,2025-06-26,livrée,Legendre S.A.R.L.
5388,5388,2020-02-12,2020-02-15,livrée,Étienne Vallet SARL
5389,5389,2021-09-17,2021-09-22,en cours,Leclercq
5390,5390,2022-10-09,2022-10-16,livrée,Fournier
5391,5391,2023-05-11,2023-05-16,en attente,Pineau
5392,5392,2025-11-23,2025-11-27,en cours,Dos Santos SARL
5393,5393,2021-03-04,2021-03-07,en cours,Guyot
5394,5394,2023-03-26,2023-04-02,livrée,Pineau
5395,5395,2025-10-11,2025-10-13,en cours,Bigot S.A.
5396,5396,2024-06-08,2024-06-11,en attente,Marques SA
5397,5397,2024-10-15,2024-10-20,livrée,Aubry
5398,5398,2021-01-04,2021-01-08,en cours,Maréchal Faure S.A.S.
5399,5399,2022-10-21,2022-10-26,en cours,Leconte et Fils
5400,5400,2022-06-08,2022-06-14,en attente,Rodrigues
5401,5401,2019-12-28,2019-12-31,en cours,Thibault Carlier SARL
5402,5402,2020-11-25,2020-11-28,livrée,Brunel
5403,5403,2024-03-12,2024-03-13,livrée,Marchand
5404,5404,2019-12-09,2019-12-10,livrée,Fernandes Godard et Fils
5405,5405,2023-05-25,2023-05-28,en cours,Garcia
5406,5406,2020-04-29,2020-05-05,livrée,Legros
5407,5407,2021-12-23,2021-12-30,livrée,Germain
5408,5408,2024-08-19,2024-08-25,en attente,Picard
5409,5409,2020-03-08,2020-03-10,en cours,Hebert Klein SA
5410,5410,2023-03-14,2023-03-21,en attente,Loiseau Leclerc SARL
5411,5411,2019-04-29,2019-05-05,livrée,Morin
5412,5412,2024-04-01,2024-04-08,en attente,Chartier
5413,5413,2023-04-03,2023-04-10,en attente,Boucher et Fils
5414,5414,2022-06-30,2022-07-03,en attente,Hoarau Vidal et Fils
5415,5415,2019-05-16,2019-05-21,en cours,Lucas SA
5416,5416,2021-09-22,2021-09-23,en attente,Rodrigues
5417,5417,2025-11-02,2025-11-06,livrée,Leconte
5418,5418,2021-01-27,2021-01-28,en attente,Collin SA
5419,5419,2025-01-12,2025-01-16,livrée,Lelièvre Duval SA
5420,5420,2023-06-22,2023-06-25,en cours,Neveu
5421,5421,2020-03-31,2020-04-05,en attente,Cordier Jourdan SARL
5422,5422,2020-03-26,2020-04-01,livrée,Clément S.A.
5423,5423,2023-10-10,2023-10-11,livrée,Bigot SARL
5424,5424,2025-09-16,2025-09-18,en attente,Dijoux SARL
5425,5425,2020-03-06,2020-03-12,en attente,Barbier
5426,5426,2024-02-20,2024-02-25,en cours,Roy
5427,5427,2019-06-28,2019-06-30,en cours,Breton
5428,5428,2021-08-29,2021-09-05,en cours,Regnier
5429,5429,2019-11-13,2019-11-17,en attente,Picard Georges SARL
5430,5430,2025-01-14,2025-01-20,en attente,Fontaine
5431,5431,2021-12-06,2021-12-12,en attente,Le Gall SARL
5432,5432,2022-11-30,2022-12-06,en cours,Fleury
5433,5433,2024-04-01,2024-04-05,en attente,Diaz
5434,5434,2022-05-22,2022-05-27,livrée,Martineau Fernandes et Fils
5435,5435,2021-06-19,2021-06-22,livrée,Teixeira
5436,5436,2022-08-30,2022-08-31,livrée,Delahaye Laine S.A.R.L.
5437,5437,2024-03-14,2024-03-16,livrée,Meunier
5438,5438,2019-12-14,2019-12-16,en attente,Richard Olivier S.A.
5439,5439,2023-01-30,2023-02-03,en cours,Gomes
5440,5440,2024-06-19,2024-06-22,en cours,Allain et Fils
5441,5441,2019-09-10,2019-09-13,en cours,Garnier Lebreton S.A.R.L.
5442,5442,2022-02-22,2022-02-27,livrée,Guilbert
5443,5443,2025-01-28,2025-01-31,livrée,Dubois Dos Santos S.A.R.L.
5444,5444,2020-07-27,2020-08-03,livrée,Blondel
5445,5445,2023-11-24,2023-12-01,en cours,Guillaume
5446,5446,2025-03-13,2025-03-14,livrée,Mallet et Fils
5447,5447,2024-01-10,2024-01-11,en attente,Tanguy S.A.R.L.
5448,5448,2025-10-02,2025-10-04,en cours,Ollivier
5449,5449,2024-07-05,2024-07-09,livrée,Rivière Ramos S.A.
5450,5450,2019-11-15,2019-11-16,livrée,Pierre S.A.
5451,5451,2024-12-21,2024-12-25,en cours,Humbert
5452,5452,2024-08-10,2024-08-12,en cours,Chartier Vallet S.A.S.
5453,5453,2020-02-22,2020-02-29,livrée,Leroy S.A.R.L.
5454,5454,2020-05-03,2020-05-07,en cours,Didier S.A.
5455,5455,2023-06-18,2023-06-25,en cours,Toussaint SA
5456,5456,2025-02-10,2025-02-12,en cours,Lenoir
5457,5457,2021-05-13,2021-05-19,en attente,Da Silva S.A.R.L.
5458,5458,2019-01-22,2019-01-28,en attente,Duval
5459,5459,2021-08-28,2021-09-04,livrée,Masse
5460,5460,2021-11-11,2021-11-18,en attente,Mendès Charles S.A.
5461,5461,2019-09-30,2019-10-05,livrée,Gaudin
5462,5462,2020-06-25,2020-06-27,en cours,Maury S.A.
5463,5463,2021-04-12,2021-04-16,en cours,Lejeune
5464,5464,2020-01-12,2020-01-18,en attente,Giraud
5465,5465,2021-04-21,2021-04-28,en attente,Didier SARL
5466,5466,2019-06-23,2019-06-28,en attente,Lebreton Carlier SA
5467,5467,2021-02-19,2021-02-23,en attente,Lévêque Georges S.A.S.
5468,5468,2021-08-14,2021-08-18,en cours,Rousseau
5469,5469,2024-07-16,2024-07-20,livrée,Descamps SARL
5470,5470,2020-04-13,2020-04-19,en cours,Giraud
5471,5471,2023-11-15,2023-11-20,livrée,Chartier
5472,5472,2022-02-10,2022-02-15,en attente,Gay
5473,5473,2022-03-07,2022-03-13,en attente,Lopes Delorme et Fils
5474,5474,2023-05-14,2023-05-21,en attente,Besson S.A.R.L.
5475,5475,2019-08-23,2019-08-26,livrée,Pires S.A.
5476,5476,2021-03-18,2021-03-23,en cours,Lévy SARL
5477,5477,2021-12-29,2022-01-02,en cours,Martinez SA
5478,5478,2025-05-19,2025-05-21,livrée,Vasseur
5479,5479,2023-08-04,2023-08-10,en cours,Regnier
5480,5480,2024-05-09,2024-05-14,en cours,Fleury
5481,5481,2021-12-16,2021-12-22,livrée,Ledoux S.A.
5482,5482,2025-05-31,2025-06-05,en cours,Lagarde
5483,5483,2022-01-23,2022-01-26,livrée,Collet Rey S.A.S.
5484,5484,2021-05-09,2021-05-11,en cours,Aubert Martins SA
5485,5485,2020-07-20,2020-07-26,en attente,Collet
5486,5486,2025-05-09,2025-05-13,livrée,Turpin S.A.
5487,5487,2025-01-20,2025-01-24,en attente,Daniel SARL
5488,5488,2022-12-05,2022-12-08,livrée,Nguyen
5489,5489,2025-04-25,2025-04-26,en attente,Jourdan Blanchet S.A.R.L.
5490,5490,2023-05-22,2023-05-27,livrée,Morin et Fils
5491,5491,2025-07-11,2025-07-17,en cours,Delmas
5492,5492,2024-04-23,2024-04-30,en cours,Blanchet S.A.
5493,5493,2024-03-16,2024-03-18,en cours,Collet
5494,5494,2024-03-16,2024-03-23,en attente,Brunel S.A.S.
5495,5495,2023-02-15,2023-02-16,livrée,Raynaud
5496,5496,2025-03-01,2025-03-04,livrée,Pottier Bonnet S.A.R.L.
5497,5497,2020-05-13,2020-05-17,livrée,Klein
5498,5498,2019-10-16,2019-10-21,en attente,Roy S.A.R.L.
5499,5499,2019-04-19,2019-04-22,en cours,Guichard S.A.
5500,5500,2023-11-27,2023-12-02,livrée,Huet
5501,5501,2022-04-08,2022-04-09,en attente,Reynaud Blanchard S.A.
5502,5502,2019-06-21,2019-06-27,livrée,Marin
5503,5503,2019-10-25,2019-10-26,livrée,Bouvier S.A.R.L.
5504,5504,2020-11-20,2020-11-22,en attente,Regnier S.A.R.L.
5505,5505,2019-05-03,2019-05-04,en cours,Robert S.A.R.L.
5506,5506,2024-03-14,2024-03-17,en attente,Tessier
5507,5507,2025-05-28,2025-05-31,en cours,Legrand
5508,5508,2023-03-15,2023-03-20,en attente,Pottier Courtois S.A.
5509,5509,2019-08-20,2019-08-21,livrée,Fernandes Lemaître S.A.R.L.
5510,5510,2020-04-24,2020-04-25,en attente,Chauvin Pottier et Fils
5511,5511,2024-11-03,2024-11-04,en cours,Martin
5512,5512,2024-06-28,2024-07-01,en attente,Delorme et Fils
5513,5513,2021-07-23,2021-07-30,en attente,Bonneau Gay S.A.S.
5514,5514,2019-05-31,2019-06-06,livrée,Bigot
5515,5515,2019-07-02,2019-07-03,en cours,Rousset
5516,5516,2024-03-17,2024-03-18,livrée,Perrier S.A.
5517,5517,2024-09-22,2024-09-25,en attente,De Sousa SA
5518,5518,2024-10-02,2024-10-09,en cours,Potier
5519,5519,2025-08-11,2025-08-17,livrée,Caron Blanchard S.A.S.
5520,5520,2019-05-16,2019-05-19,en attente,Marchand Leconte S.A.R.L.
5521,5521,2020-05-20,2020-05-27,en cours,Le Gall
5522,5522,2022-04-02,2022-04-03,livrée,Colin
5523,5523,2019-09-23,2019-09-26,en cours,Bigot
5524,5524,2021-05-27,2021-05-28,livrée,Mace S.A.
5525,5525,2020-04-19,2020-04-20,en cours,Voisin
5526,5526,2023-04-14,2023-04-20,livrée,Marie
5527,5527,2019-04-29,2019-05-01,en attente,Leroux Bouvier S.A.R.L.
5528,5528,2022-04-21,2022-04-26,livrée,Benard
5529,5529,2019-07-27,2019-07-30,en attente,Grégoire
5530,5530,2025-09-26,2025-09-30,livrée,Pottier
5531,5531,2020-02-27,2020-02-29,livrée,Seguin
5532,5532,2020-07-13,2020-07-18,livrée,Fouquet SA
5533,5533,2025-07-19,2025-07-26,livrée,Hervé SA
5534,5534,2020-01-09,2020-01-11,livrée,Pichon Delattre S.A.S.
5535,5535,2024-05-17,2024-05-18,livrée,Le Roux SA
5536,5536,2025-02-01,2025-02-05,en cours,Rossi Robin S.A.
5537,5537,2019-05-23,2019-05-24,en cours,Gallet
5538,5538,2023-01-21,2023-01-28,en cours,Blanc
5539,5539,2025-03-05,2025-03-07,en cours,Ledoux Bazin et Fils
5540,5540,2020-05-24,2020-05-28,en attente,Mathieu
5541,5541,2023-07-22,2023-07-25,en cours,Diallo
5542,5542,2024-11-10,2024-11-13,en attente,Leduc S.A.R.L.
5543,5543,2023-07-11,2023-07-15,en cours,Leleu
5544,5544,2019-09-13,2019-09-19,en cours,Alexandre
5545,5545,2024-12-03,2024-12-06,en cours,Bousquet SA
5546,5546,2019-12-23,2019-12-29,en attente,Charpentier
5547,5547,2019-09-28,2019-09-30,en attente,Maury Barthelemy SA
5548,5548,2025-02-05,2025-02-07,en cours,Lecoq
5549,5549,2020-05-08,2020-05-09,en cours,Parent Olivier S.A.R.L.
5550,5550,2023-04-27,2023-05-03,livrée,Lemaître S.A.S.
5551,5551,2020-11-10,2020-11-11,en cours,Roux Hebert S.A.S.
5552,5552,2024-08-04,2024-08-10,en attente,Boucher
5553,5553,2023-06-15,2023-06-20,en attente,Petitjean S.A.
5554,5554,2022-04-30,2022-05-01,en cours,Pichon Guillot S.A.R.L.
5555,5555,2022-04-07,2022-04-13,livrée,Renault
5556,5556,2022-12-06,2022-12-12,livrée,Gosselin
5557,5557,2024-05-05,2024-05-09,en attente,Chauvet S.A.
5558,5558,2023-02-01,2023-02-07,en cours,Legrand SARL
5559,5559,2021-11-15,2021-11-17,livrée,Charpentier S.A.
5560,5560,2023-05-17,2023-05-21,en cours,Fournier
5561,5561,2022-06-01,2022-06-07,en attente,Royer SA
5562,5562,2021-01-02,2021-01-08,en cours,Mallet David S.A.
5563,5563,2020-11-11,2020-11-17,en cours,Bourdon
5564,5564,2019-05-16,2019-05-18,en cours,Léger Verdier S.A.R.L.
5565,5565,2022-05-11,2022-05-15,livrée,Pascal
5566,5566,2022-04-24,2022-04-30,en attente,Delannoy De Oliveira S.A.
5567,5567,2024-05-06,2024-05-10,en attente,Rey Bertin et Fils
5568,5568,2022-10-15,2022-10-20,livrée,Bernier Bonneau S.A.S.
5569,5569,2022-05-20,2022-05-27,livrée,Guyon S.A.S.
5570,5570,2019-09-26,2019-09-30,en cours,Briand Dumas S.A.R.L.
5571,5571,2020-11-02,2020-11-07,en cours,Vasseur Hebert S.A.R.L.
5572,5572,2023-05-05,2023-05-07,en attente,Garnier SARL
5573,5573,2025-05-18,2025-05-25,en attente,Carpentier
5574,5574,2025-09-01,2025-09-06,en attente,Gonzalez
5575,5575,2020-03-01,2020-03-02,livrée,Daniel Charpentier SA
5576,5576,2020-12-27,2021-01-01,livrée,Germain
5577,5577,2024-04-20,2024-04-24,en attente,Bigot
5578,5578,2023-09-24,2023-09-28,en attente,Nicolas
5579,5579,2024-07-21,2024-07-24,en attente,Evrard
5580,5580,2021-03-12,2021-03-17,en attente,Rodriguez
5581,5581,2020-10-05,2020-10-07,livrée,Loiseau Da Costa SARL
5582,5582,2020-08-30,2020-09-01,livrée,Loiseau Schmitt SA
5583,5583,2024-02-13,2024-02-15,en attente,Baudry Pereira S.A.S.
5584,5584,2021-03-15,2021-03-18,livrée,Duhamel
5585,5585,2024-07-08,2024-07-13,livrée,Auger Cordier et Fils
5586,5586,2022-06-04,2022-06-08,livrée,Leclercq
5587,5587,2020-10-25,2020-10-28,en cours,Dos Santos
5588,5588,2020-03-27,2020-04-01,en cours,Launay S.A.S.
5589,5589,2022-03-28,2022-03-31,livrée,Dupont
5590,5590,2020-06-08,2020-06-13,en attente,Pages
5591,5591,2020-03-29,2020-03-30,en attente,Fleury Rivière S.A.R.L.
5592,5592,2022-04-13,2022-04-14,livrée,Lamy
5593,5593,2020-07-17,2020-07-20,livrée,Hoarau Fernandez et Fils
5594,5594,2023-04-10,2023-04-13,livrée,Morvan Lagarde et Fils
5595,5595,2020-08-01,2020-08-04,en attente,Vasseur
5596,5596,2021-06-02,2021-06-06,en attente,Le Gall
5597,5597,2025-05-11,2025-05-15,livrée,Breton Guillou et Fils
5598,5598,2022-01-05,2022-01-09,en attente,Boulay S.A.S.
5599,5599,2019-01-17,2019-01-19,en cours,Descamps
5600,5600,2025-10-10,2025-10-17,en cours,Lecomte Hamel S.A.R.L.
5601,5601,2020-02-15,2020-02-20,en cours,Antoine SA
5602,5602,2019-08-23,2019-08-29,en attente,Foucher S.A.S.
5603,5603,2019-11-29,2019-12-02,en cours,Lemaire Martin SA
5604,5604,2020-10-20,2020-10-26,livrée,Rivière
5605,5605,2025-08-02,2025-08-04,en attente,Maillet Carre et Fils
5606,5606,2025-07-14,2025-07-16,en cours,Pichon
5607,5607,2023-08-05,2023-08-06,en cours,Guichard SARL
5608,5608,2022-04-13,2022-04-19,en attente,Roger
5609,5609,2024-10-15,2024-10-19,en attente,Pruvost
5610,5610,2025-12-24,2025-12-29,en attente,Roy S.A.
5611,5611,2024-09-26,2024-10-01,en attente,Marin et Fils
5612,5612,2023-12-20,2023-12-23,en attente,Perrier SA
5613,5613,2022-04-19,2022-04-21,en cours,Albert
5614,5614,2024-03-14,2024-03-19,en attente,Dupré
5615,5615,2023-06-14,2023-06-16,en cours,Roux
5616,5616,2021-01-13,2021-01-18,livrée,De Oliveira et Fils
5617,5617,2023-05-10,2023-05-16,livrée,Lefort SARL
5618,5618,2022-12-15,2022-12-18,en attente,Bernier
5619,5619,2025-11-29,2025-12-02,livrée,Perrier
5620,5620,2023-04-18,2023-04-25,en cours,Mercier Ledoux et Fils
5621,5621,2020-08-12,2020-08-15,en attente,Leclercq S.A.S.
5622,5622,2022-03-14,2022-03-16,en attente,Leleu SARL
5623,5623,2025-03-04,2025-03-10,livrée,Lacroix S.A.
5624,5624,2025-12-09,2025-12-12,en cours,Rousseau S.A.R.L.
5625,5625,2019-04-12,2019-04-13,en cours,Ledoux et Fils
5626,5626,2023-12-25,2023-12-26,en cours,Lopez
5627,5627,2024-06-14,2024-06-18,livrée,Mercier Sanchez et Fils
5628,5628,2021-08-22,2021-08-27,en attente,Pascal
5629,5629,2022-01-29,2022-02-05,en attente,Seguin Jourdan S.A.
5630,5630,2021-04-14,2021-04-20,en cours,Marchal
5631,5631,2023-11-02,2023-11-05,en cours,Muller Traore SARL
5632,5632,2025-09-20,2025-09-27,livrée,Pichon
5633,5633,2019-06-26,2019-06-28,en attente,Regnier Dumont S.A.
5634,5634,2021-07-20,2021-07-22,en cours,Berthelot Maurice SA
5635,5635,2019-07-02,2019-07-09,en attente,Lucas S.A.R.L.
5636,5636,2021-05-29,2021-06-03,en attente,Perez Lecomte et Fils
5637,5637,2025-01-03,2025-01-09,en cours,Ferrand
5638,5638,2022-03-11,2022-03-18,en cours,Faivre SA
5639,5639,2019-03-23,2019-03-24,livrée,Giraud
5640,5640,2022-02-20,2022-02-25,en cours,Marie Guillou SA
5641,5641,2021-08-22,2021-08-26,livrée,Leconte SA
5642,5642,2019-09-06,2019-09-13,en cours,Nguyen S.A.
5643,5643,2024-03-08,2024-03-13,en cours,Duhamel SARL
5644,5644,2025-06-11,2025-06-14,en cours,Valette SARL
5645,5645,2021-03-31,2021-04-02,en cours,Gaillard S.A.R.L.
5646,5646,2024-03-09,2024-03-14,livrée,Lemaître Lucas SA
5647,5647,2025-05-04,2025-05-10,en attente,Bouchet
5648,5648,2020-04-12,2020-04-14,en attente,Germain
5649,5649,2021-11-15,2021-11-16,livrée,Loiseau S.A.
5650,5650,2023-10-29,2023-11-04,livrée,Ferreira Coulon S.A.R.L.
5651,5651,2024-07-09,2024-07-13,en attente,Guyot SA
5652,5652,2024-07-19,2024-07-26,en attente,Boulanger SA
5653,5653,2022-04-29,2022-04-30,livrée,Gautier Alexandre S.A.S.
5654,5654,2019-07-05,2019-07-10,en cours,Collet
5655,5655,2022-07-17,2022-07-21,en attente,Coulon
5656,5656,2022-12-08,2022-12-11,en attente,Guillon
5657,5657,2021-03-23,2021-03-28,en cours,Barthelemy
5658,5658,2024-01-30,2024-02-01,en cours,Chauvin SARL
5659,5659,2023-08-13,2023-08-17,en cours,Robin
5660,5660,2023-11-09,2023-11-15,livrée,Carre
5661,5661,2021-07-21,2021-07-25,en attente,Couturier
5662,5662,2024-12-20,2024-12-22,en attente,Gimenez
5663,5663,2024-07-12,2024-07-15,en cours,Benoit Goncalves S.A.S.
5664,5664,2019-03-22,2019-03-25,en attente,Cousin
5665,5665,2025-05-06,2025-05-13,livrée,Pinto SARL
5666,5666,2022-08-08,2022-08-12,en cours,Moreau
5667,5667,2023-07-17,2023-07-19,en cours,Jacques
5668,5668,2021-09-19,2021-09-26,livrée,Leblanc Bertin S.A.R.L.
5669,5669,2023-07-27,2023-07-30,en cours,Gilbert
5670,5670,2023-04-21,2023-04-27,en cours,Bègue Huet S.A.
5671,5671,2024-09-12,2024-09-18,en attente,Samson
5672,5672,2021-09-09,2021-09-12,en cours,Delattre
5673,5673,2024-04-22,2024-04-27,livrée,Couturier
5674,5674,2023-02-27,2023-03-05,en attente,Boutin Fabre SA
5675,5675,2019-11-25,2019-12-02,en attente,Verdier
5676,5676,2020-09-29,2020-10-06,livrée,Hamel et Fils
5677,5677,2025-07-27,2025-07-31,en cours,Guillaume
5678,5678,2019-10-07,2019-10-12,livrée,De Oliveira Gros S.A.S.
5679,5679,2024-12-10,2024-12-15,en attente,Lagarde
5680,5680,2023-10-04,2023-10-05,en cours,Pons S.A.
5681,5681,2022-08-12,2022-08-14,livrée,Alves Blot SARL
5682,5682,2019-12-25,2019-12-29,en cours,Lopes
5683,5683,2021-05-18,2021-05-24,livrée,Garcia Blondel SA
5684,5684,2021-02-09,2021-02-14,en cours,Foucher S.A.S.
5685,5685,2025-06-06,2025-06-10,en attente,Mathieu
5686,5686,2025-04-03,2025-04-10,en cours,Baudry et Fils
5687,5687,2022-05-27,2022-06-02,en attente,Poirier S.A.
5688,5688,2023-12-01,2023-12-08,livrée,Rémy
5689,5689,2024-08-08,2024-08-12,en attente,Rolland SARL
5690,5690,2021-12-13,2021-12-18,en attente,Lefèvre
5691,5691,2019-06-02,2019-06-04,livrée,Louis
5692,5692,2022-06-07,2022-06-12,livrée,Blin
5693,5693,2020-07-22,2020-07-26,en attente,Carlier et Fils
5694,5694,2024-06-03,2024-06-10,en attente,Weber Chartier S.A.R.L.
5695,5695,2025-06-27,2025-07-04,en attente,Marchal et Fils
5696,5696,2024-12-23,2024-12-30,en cours,Peltier
5697,5697,2022-12-27,2022-12-30,en attente,Renard Brun SARL
5698,5698,2019-02-13,2019-02-18,livrée,Moreau
5699,5699,2023-06-22,2023-06-27,en cours,Evrard Dias SA
5700,5700,2022-03-29,2022-04-02,en attente,Chevallier Becker et Fils
5701,5701,2025-10-21,2025-10-23,en attente,Rivière
5702,5702,2020-02-29,2020-03-05,en cours,Besson Guyon S.A.S.
5703,5703,2025-03-04,2025-03-06,en cours,Guillon Julien et Fils
5704,5704,2024-05-09,2024-05-10,livrée,Traore
5705,5705,2022-01-29,2022-02-02,en cours,Antoine SARL
5706,5706,2019-05-01,2019-05-03,en attente,Ramos
5707,5707,2025-06-30,2025-07-04,en attente,Lamy SA
5708,5708,2024-01-24,2024-01-26,en cours,Aubry
5709,5709,2020-05-15,2020-05-18,livrée,Girard
5710,5710,2020-01-03,2020-01-04,en cours,Voisin
5711,5711,2025-09-20,2025-09-23,en attente,Barbier SA
5712,5712,2024-04-26,2024-04-30,en attente,Olivier
5713,5713,2022-08-28,2022-08-30,en cours,Carre Poirier S.A.
5714,5714,2019-03-21,2019-03-28,livrée,Mercier
5715,5715,2025-12-23,2025-12-29,en cours,Grégoire
5716,5716,2020-05-09,2020-05-14,en cours,Fleury S.A.
5717,5717,2021-12-24,2021-12-31,en attente,Allard Pascal et Fils
5718,5718,2019-09-16,2019-09-17,en cours,Hoareau Thibault S.A.S.
5719,5719,2020-11-03,2020-11-06,en cours,Briand S.A.S.
5720,5720,2019-01-03,2019-01-05,en attente,Hervé SARL
5721,5721,2025-12-11,2025-12-18,en cours,Royer S.A.R.L.
5722,5722,2022-04-16,2022-04-21,en attente,Perez
5723,5723,2019-12-20,2019-12-24,en attente,Duval
5724,5724,2020-10-10,2020-10-14,en attente,Blanchard
5725,5725,2022-05-28,2022-06-03,en attente,Gillet SARL
5726,5726,2025-01-12,2025-01-13,en attente,Bousquet S.A.S.
5727,5727,2019-10-19,2019-10-20,en cours,Mathieu
5728,5728,2022-11-25,2022-11-26,en attente,Mary Besnard S.A.S.
5729,5729,2021-07-29,2021-07-31,en attente,Didier Boulanger et Fils
5730,5730,2020-06-22,2020-06-26,en cours,Pasquier SA
5731,5731,2019-02-21,2019-02-23,livrée,Barre S.A.
5732,5732,2023-08-13,2023-08-19,livrée,Boyer
5733,5733,2021-06-15,2021-06-22,en cours,Maillard
5734,5734,2024-02-25,2024-02-27,en attente,Fournier
5735,5735,2024-12-16,2024-12-19,en cours,Guibert
5736,5736,2025-12-22,2025-12-25,livrée,Morin et Fils
5737,5737,2025-05-23,2025-05-27,livrée,Imbert Lévy S.A.
5738,5738,2020-08-01,2020-08-05,en attente,Aubry
5739,5739,2019-07-24,2019-07-30,livrée,Bouvier S.A.S.
5740,5740,2021-01-24,2021-01-28,en attente,Bernard S.A.
5741,5741,2019-03-31,2019-04-04,livrée,Langlois
5742,5742,2023-09-17,2023-09-23,en attente,Brunet
5743,5743,2019-12-01,2019-12-04,livrée,Merle Philippe S.A.
5744,5744,2024-10-26,2024-11-01,en cours,Lagarde
5745,5745,2020-04-25,2020-05-02,en attente,Costa Lemaître SA
5746,5746,2025-12-14,2025-12-16,livrée,Pasquier
5747,5747,2021-10-28,2021-11-01,en attente,Gimenez
5748,5748,2025-03-01,2025-03-02,livrée,Renaud et Fils
5749,5749,2023-03-24,2023-03-29,en attente,Ledoux Gaillard S.A.S.
5750,5750,2024-10-12,2024-10-16,en attente,Robert
5751,5751,2023-04-09,2023-04-11,en cours,Gilbert S.A.S.
5752,5752,2022-02-11,2022-02-13,en attente,Berger SARL
5753,5753,2021-04-09,2021-04-16,livrée,Carpentier
5754,5754,2024-07-31,2024-08-05,livrée,Fontaine
5755,5755,2021-10-08,2021-10-10,livrée,Huet Legrand S.A.S.
5756,5756,2023-04-27,2023-05-02,livrée,Girard
5757,5757,2021-01-21,2021-01-23,livrée,Marin S.A.S.
5758,5758,2019-01-28,2019-02-02,livrée,Pierre Besson et Fils
5759,5759,2021-09-07,2021-09-09,en attente,Martin SA
5760,5760,2021-01-26,2021-01-30,livrée,Letellier
5761,5761,2025-08-21,2025-08-22,livrée,Ollivier
5762,5762,2021-06-06,2021-06-08,en attente,Gaillard SA
5763,5763,2021-05-29,2021-06-01,livrée,Baron et Fils
5764,5764,2019-09-02,2019-09-06,en cours,Laurent
5765,5765,2020-04-09,2020-04-13,en cours,Gaudin Hoarau S.A.S.
5766,5766,2019-10-31,2019-11-07,en cours,Leroux et Fils
5767,5767,2019-10-04,2019-10-10,livrée,Hebert
5768,5768,2024-10-14,2024-10-20,en attente,Masse S.A.S.
5769,5769,2019-05-05,2019-05-09,livrée,Laroche
5770,5770,2025-07-15,2025-07-20,livrée,Morin
5771,5771,2025-09-22,2025-09-23,livrée,Perret
5772,5772,2020-08-09,2020-08-13,en attente,Valentin SARL
5773,5773,2024-08-18,2024-08-21,en cours,Gautier Guillou SA
5774,5774,2024-10-08,2024-10-12,en attente,Letellier
5775,5775,2021-07-03,2021-07-09,en attente,Gimenez S.A.S.
5776,5776,2021-09-16,2021-09-18,livrée,Paris Poulain S.A.R.L.
5777,5777,2024-05-15,2024-05-22,livrée,Boyer SARL
5778,5778,2024-12-29,2024-12-30,en attente,Leduc
5779,5779,2024-03-14,2024-03-18,en cours,Guillon
5780,5780,2024-02-23,2024-02-29,en attente,Didier S.A.R.L.
5781,5781,2020-05-03,2020-05-09,en attente,Mercier S.A.S.
5782,5782,2023-10-21,2023-10-25,livrée,Huet S.A.
5783,5783,2021-06-02,2021-06-04,livrée,Fabre Vallet SARL
5784,5784,2023-04-24,2023-04-26,en attente,Fernandes Gaudin SA
5785,5785,2023-08-23,2023-08-26,en cours,Verdier
5786,5786,2024-03-27,2024-03-29,en attente,Moreno
5787,5787,2022-04-07,2022-04-13,en cours,Chevalier
5788,5788,2021-01-31,2021-02-02,en cours,Lefort
5789,5789,2024-12-26,2024-12-28,livrée,Dupré S.A.
5790,5790,2020-09-29,2020-10-06,en attente,Barbier Lagarde et Fils
5791,5791,2019-08-30,2019-09-06,livrée,Robin
5792,5792,2020-01-01,2020-01-05,en attente,Nguyen Ferreira SA
5793,5793,2020-04-13,2020-04-18,en attente,Collin
5794,5794,2025-08-15,2025-08-22,en attente,Maillard
5795,5795,2023-08-31,2023-09-02,livrée,Bazin S.A.R.L.
5796,5796,2024-11-08,2024-11-14,en cours,Bernard
5797,5797,2021-08-11,2021-08-12,en attente,Gosselin
5798,5798,2024-06-10,2024-06-11,livrée,Pineau S.A.S.
5799,5799,2024-12-19,2024-12-21,livrée,Munoz Robert S.A.S.
5800,5800,2024-12-30,2024-12-31,en attente,Pelletier
5801,5801,2021-03-02,2021-03-04,en attente,Gilbert
5802,5802,2021-11-24,2021-11-26,en cours,Marchand
5803,5803,2021-11-06,2021-11-13,en cours,Moulin
5804,5804,2022-04-09,2022-04-13,livrée,Rousseau
5805,5805,2025-02-13,2025-02-20,en cours,Joubert et Fils
5806,5806,2024-08-08,2024-08-11,en attente,Lagarde
5807,5807,2022-09-19,2022-09-21,en attente,Descamps
5808,5808,2019-04-05,2019-04-12,livrée,Collet
5809,5809,2024-03-18,2024-03-21,en attente,Langlois
5810,5810,2020-01-08,2020-01-09,en attente,Boulay SARL
5811,5811,2022-09-28,2022-10-01,livrée,Ledoux SARL
5812,5812,2024-01-02,2024-01-09,en cours,Wagner
5813,5813,2023-08-22,2023-08-24,en cours,Teixeira
5814,5814,2020-05-15,2020-05-20,livrée,Blin Morvan S.A.S.
5815,5815,2021-02-13,2021-02-18,livrée,Thierry
5816,5816,2020-06-30,2020-07-05,livrée,Briand
5817,5817,2019-08-10,2019-08-16,en cours,Weiss SA
5818,5818,2022-04-02,2022-04-05,en cours,Delahaye
5819,5819,2021-09-18,2021-09-19,livrée,Mercier
5820,5820,2023-03-09,2023-03-15,en attente,Wagner Leroy S.A.R.L.
5821,5821,2020-12-04,2020-12-09,en cours,Schmitt Hamon et Fils
5822,5822,2021-09-27,2021-09-29,en cours,Barthelemy S.A.S.
5823,5823,2024-05-08,2024-05-12,en cours,Rolland S.A.S.
5824,5824,2023-10-28,2023-10-31,en attente,Bouvier Nguyen S.A.R.L.
5825,5825,2025-10-01,2025-10-04,en attente,Chauvin Albert S.A.S.
5826,5826,2023-02-28,2023-03-06,en attente,Legros
5827,5827,2019-12-31,2020-01-04,en attente,Barre Vincent SARL
5828,5828,2025-08-24,2025-08-29,en attente,Fleury
5829,5829,2025-05-03,2025-05-06,en cours,Paul S.A.S.
5830,5830,2019-12-30,2020-01-01,livrée,Vallée S.A.
5831,5831,2024-08-28,2024-09-02,en attente,Barbe Le Gall S.A.S.
5832,5832,2019-08-16,2019-08-18,livrée,Petitjean Barbier S.A.
5833,5833,2019-12-30,2020-01-03,en cours,Prévost Diaz S.A.R.L.
5834,5834,2022-01-16,2022-01-17,en cours,Pierre SARL
5835,5835,2022-09-16,2022-09-17,livrée,Rolland Brunet S.A.S.
5836,5836,2019-12-26,2019-12-30,livrée,Jean
5837,5837,2024-08-10,2024-08-13,en cours,Berthelot
5838,5838,2020-09-03,2020-09-06,en cours,Le Goff
5839,5839,2021-08-05,2021-08-08,livrée,Vallet
5840,5840,2021-12-18,2021-12-19,en cours,Traore S.A.
5841,5841,2024-09-02,2024-09-07,en attente,Lacroix
5842,5842,2022-03-15,2022-03-21,en attente,Brunel
5843,5843,2023-12-14,2023-12-19,en attente,Rossi Roche S.A.R.L.
5844,5844,2019-08-22,2019-08-26,en attente,Blanchet
5845,5845,2019-07-21,2019-07-27,en cours,Dias Bousquet et Fils
5846,5846,2025-02-16,2025-02-18,en cours,Jacob
5847,5847,2019-12-19,2019-12-20,en attente,Loiseau S.A.S.
5848,5848,2021-08-05,2021-08-12,livrée,Durand et Fils
5849,5849,2023-01-30,2023-02-01,en attente,Coulon Auger SARL
5850,5850,2025-01-13,2025-01-15,en cours,Letellier Andre S.A.
5851,5851,2021-03-26,2021-03-28,livrée,Charles SARL
5852,5852,2023-03-24,2023-03-25,en cours,Pasquier Dias S.A.
5853,5853,2019-10-09,2019-10-11,en cours,Blin Klein S.A.
5854,5854,2021-12-28,2021-12-29,livrée,Gilles
5855,5855,2019-04-15,2019-04-16,en cours,François SARL
5856,5856,2022-12-02,2022-12-04,en attente,Bouchet et Fils
5857,5857,2019-01-07,2019-01-13,en cours,Pottier S.A.R.L.
5858,5858,2024-05-08,2024-05-14,en cours,Muller Bègue SA
5859,5859,2019-03-15,2019-03-20,en attente,Leclercq
5860,5860,2025-09-21,2025-09-26,en attente,Martins SARL
5861,5861,2020-10-22,2020-10-25,livrée,Roy
5862,5862,2019-08-03,2019-08-07,en cours,Bigot
5863,5863,2024-12-24,2024-12-27,en cours,Maury
5864,5864,2025-07-09,2025-07-14,en cours,Bertin
5865,5865,2025-07-01,2025-07-05,en cours,Gilles Bouvier SARL
5866,5866,2019-09-24,2019-09-27,en attente,Hoarau
5867,5867,2023-05-18,2023-05-19,en attente,Launay
5868,5868,2024-08-11,2024-08-15,livrée,Mary Girard SARL
5869,5869,2020-05-21,2020-05-25,en cours,Morvan SARL
5870,5870,2021-10-27,2021-11-03,livrée,Poirier
5871,5871,2021-04-26,2021-04-28,en cours,Le Goff
5872,5872,2022-07-13,2022-07-17,livrée,Joly SARL
5873,5873,2022-10-14,2022-10-17,en attente,Noël
5874,5874,2020-04-06,2020-04-07,en cours,Fournier Lombard S.A.R.L.
5875,5875,2019-02-21,2019-02-23,livrée,Lacroix
5876,5876,2025-02-24,2025-02-25,livrée,Dubois
5877,5877,2023-08-20,2023-08-24,livrée,Jean et Fils
5878,5878,2024-05-01,2024-05-05,en attente,Perrier
5879,5879,2019-04-04,2019-04-08,en attente,Turpin
5880,5880,2019-02-06,2019-02-08,en attente,Laurent
5881,5881,2025-12-29,2026-01-01,livrée,Reynaud Lefèvre S.A.R.L.
5882,5882,2024-11-26,2024-11-27,en cours,Blondel
5883,5883,2021-10-10,2021-10-14,livrée,Mendès Robin S.A.
5884,5884,2019-09-18,2019-09-19,en attente,Marchal Gros SA
5885,5885,2020-07-11,2020-07-16,livrée,Alves
5886,5886,2025-05-10,2025-05-15,livrée,Descamps
5887,5887,2020-06-24,2020-06-28,livrée,Charrier
5888,5888,2019-08-28,2019-09-01,en cours,Bernard Normand S.A.
5889,5889,2020-01-20,2020-01-21,en attente,Charles
5890,5890,2020-07-08,2020-07-13,en cours,Dumont
5891,5891,2024-06-30,2024-07-02,livrée,Pascal S.A.S.
5892,5892,2022-03-04,2022-03-11,en cours,Payet Charrier et Fils
5893,5893,2021-11-19,2021-11-23,en cours,Nicolas S.A.
5894,5894,2025-01-18,2025-01-24,livrée,Michaud
5895,5895,2021-01-17,2021-01-20,en attente,Gautier Renaud SA
5896,5896,2019-06-26,2019-06-28,en cours,Pages De Sousa S.A.
5897,5897,2021-11-16,2021-11-20,en cours,Mendès
5898,5898,2024-03-31,2024-04-03,en attente,Laurent SARL
5899,5899,2019-10-26,2019-11-02,livrée,Thomas Reynaud SARL
5900,5900,2019-09-30,2019-10-01,en attente,Cordier
5901,5901,2023-01-04,2023-01-11,livrée,Léger
5902,5902,2025-10-17,2025-10-23,en attente,Barre
5903,5903,2024-09-08,2024-09-14,en cours,Godard
5904,5904,2024-06-11,2024-06-15,livrée,Perrier Garnier SARL
5905,5905,2025-01-04,2025-01-11,en attente,Pineau S.A.R.L.
5906,5906,2023-12-15,2023-12-19,en attente,Guyot
5907,5907,2022-11-21,2022-11-27,livrée,Brunel Perrot S.A.S.
5908,5908,2024-09-06,2024-09-08,livrée,Bodin Pires S.A.
5909,5909,2025-06-03,2025-06-09,en attente,Briand
5910,5910,2021-01-05,2021-01-07,livrée,Benoit
5911,5911,2021-11-11,2021-11-16,en attente,Maury SARL
5912,5912,2023-10-04,2023-10-05,livrée,Louis
5913,5913,2019-06-13,2019-06-18,en cours,Pruvost
5914,5914,2020-08-19,2020-08-23,livrée,Ferrand S.A.S.
5915,5915,2020-05-10,2020-05-13,en cours,Menard
5916,5916,2019-10-29,2019-11-04,en cours,Marty
5917,5917,2020-01-07,2020-01-12,en cours,Delannoy
5918,5918,2019-12-03,2019-12-04,livrée,Guillet S.A.
5919,5919,2021-10-09,2021-10-10,en attente,Pruvost
5920,5920,2021-11-07,2021-11-12,en cours,Ferreira
5921,5921,2022-01-11,2022-01-14,en cours,Perrier
5922,5922,2025-06-01,2025-06-07,en cours,Perez
5923,5923,2023-06-03,2023-06-06,en attente,Guyon et Fils
5924,5924,2020-12-14,2020-12-19,livrée,Roger Lecomte SA
5925,5925,2020-08-06,2020-08-13,en cours,Robin SA
5926,5926,2022-09-02,2022-09-07,livrée,Lebon
5927,5927,2023-11-22,2023-11-26,livrée,Mallet
5928,5928,2024-11-15,2024-11-17,livrée,Didier
5929,5929,2022-04-20,2022-04-21,livrée,Louis Gillet SARL
5930,5930,2022-06-13,2022-06-15,en cours,Hebert et Fils
5931,5931,2024-02-15,2024-02-17,livrée,Roche Lebreton SA
5932,5932,2021-11-07,2021-11-09,livrée,Lucas Gilbert SA
5933,5933,2020-03-27,2020-03-29,livrée,Duval
5934,5934,2019-02-09,2019-02-16,en attente,Bonnin S.A.
5935,5935,2021-04-10,2021-04-11,en cours,Roger
5936,5936,2021-01-21,2021-01-28,livrée,Breton Marques S.A.R.L.
5937,5937,2020-04-18,2020-04-23,livrée,Perrot SA
5938,5938,2019-02-20,2019-02-26,en cours,Valentin Bourdon et Fils
5939,5939,2022-10-29,2022-11-04,livrée,Cordier
5940,5940,2025-05-18,2025-05-24,en cours,Deschamps SA
5941,5941,2021-04-27,2021-05-01,livrée,Perret
5942,5942,2025-11-19,2025-11-24,livrée,Rodriguez
5943,5943,2020-02-02,2020-02-09,en cours,Roy Buisson et Fils
5944,5944,2023-09-05,2023-09-10,en attente,Guillaume Pelletier SA
5945,5945,2019-06-08,2019-06-14,livrée,Guillou
5946,5946,2023-09-03,2023-09-08,en cours,Fouquet Vidal SA
5947,5947,2025-02-20,2025-02-22,en cours,Jacquot Berger S.A.
5948,5948,2023-02-20,2023-02-23,en attente,Leblanc Rodrigues S.A.
5949,5949,2021-04-21,2021-04-25,livrée,Clerc
5950,5950,2021-08-24,2021-08-29,en attente,Morvan S.A.S.
5951,5951,2022-02-04,2022-02-08,livrée,Fournier
5952,5952,2022-05-06,2022-05-08,livrée,Bouchet Payet et Fils
5953,5953,2024-08-30,2024-09-05,en cours,Andre
5954,5954,2022-05-28,2022-06-02,livrée,Fleury
5955,5955,2019-08-16,2019-08-19,en attente,Dufour
5956,5956,2020-04-05,2020-04-08,en cours,Olivier Dupont SARL
5957,5957,2024-09-05,2024-09-07,en cours,Lopez Olivier SARL
5958,5958,2023-04-16,2023-04-18,en attente,Grenier
5959,5959,2020-09-19,2020-09-23,en cours,Menard SA
5960,5960,2020-12-16,2020-12-18,livrée,Guérin
5961,5961,2025-10-17,2025-10-20,en cours,Aubert Benoit S.A.
5962,5962,2023-06-06,2023-06-08,en cours,Picard
5963,5963,2019-07-09,2019-07-10,en cours,Renard et Fils
5964,5964,2019-05-04,2019-05-07,en cours,Carre S.A.S.
5965,5965,2025-01-17,2025-01-18,en cours,Guyot S.A.S.
5966,5966,2024-09-10,2024-09-12,en attente,Dijoux
5967,5967,2021-10-07,2021-10-09,livrée,Picard et Fils
5968,5968,2021-08-31,2021-09-01,en cours,Marchand
5969,5969,2023-04-24,2023-05-01,en cours,Julien S.A.R.L.
5970,5970,2025-05-19,2025-05-24,en cours,Alexandre S.A.R.L.
5971,5971,2024-03-05,2024-03-07,en cours,Cordier S.A.
5972,5972,2024-12-14,2024-12-16,en attente,Alves S.A.S.
5973,5973,2025-11-27,2025-11-30,en cours,Robert Pichon SARL
5974,5974,2021-05-01,2021-05-02,livrée,Meyer et Fils
5975,5975,2023-08-03,2023-08-06,en cours,Pages
5976,5976,2019-07-19,2019-07-23,en attente,Delaunay
5977,5977,2023-05-10,2023-05-12,en attente,Daniel
5978,5978,2019-05-23,2019-05-26,livrée,Guillou Mary et Fils
5979,5979,2024-09-23,2024-09-29,en cours,Gallet
5980,5980,2019-06-09,2019-06-13,livrée,Gros SA
5981,5981,2025-06-07,2025-06-13,en cours,Lebrun S.A.S.
5982,5982,2025-10-18,2025-10-19,livrée,Martineau S.A.R.L.
5983,5983,2021-12-18,2021-12-21,livrée,Lebrun
5984,5984,2020-01-03,2020-01-10,livrée,Joly S.A.
5985,5985,2019-11-14,2019-11-19,livrée,Bernier
5986,5986,2020-04-24,2020-04-27,en cours,Le Gall S.A.S.
5987,5987,2020-08-18,2020-08-24,livrée,Collet Hoarau S.A.R.L.
5988,5988,2019-01-04,2019-01-06,en attente,Garcia Gallet et Fils
5989,5989,2024-11-20,2024-11-26,en cours,Pottier
5990,5990,2019-05-28,2019-05-30,en attente,Hubert S.A.R.L.
5991,5991,2021-03-04,2021-03-09,en cours,Gérard Maury S.A.
5992,5992,2022-03-19,2022-03-23,en attente,Laurent
5993,5993,2024-09-27,2024-09-28,livrée,Renault Lejeune S.A.S.
5994,5994,2020-04-18,2020-04-22,livrée,Charpentier Garcia SA
5995,5995,2021-03-06,2021-03-07,en attente,Fischer Sanchez SARL
5996,5996,2021-12-20,2021-12-24,en cours,Laroche Guyot SARL
5997,5997,2025-06-26,2025-07-01,en cours,Chartier Allain S.A.R.L.
5998,5998,2025-06-04,2025-06-06,livrée,Schmitt
5999,5999,2024-08-06,2024-08-13,en cours,Gillet
6000,6000,2021-01-27,2021-01-28,en attente,Boyer
6001,6001,2021-07-28,2021-07-29,livrée,Vaillant S.A.S.
6002,6002,2023-02-23,2023-03-01,en attente,François SARL
6003,6003,2024-12-14,2024-12-18,en attente,Alexandre
6004,6004,2021-02-04,2021-02-08,en attente,Huet Lombard SARL
6005,6005,2025-08-09,2025-08-16,en attente,Duhamel S.A.
6006,6006,2021-01-30,2021-02-01,en attente,Raynaud Lopez SARL
6007,6007,2020-12-08,2020-12-12,en attente,Lefebvre et Fils
6008,6008,2023-08-22,2023-08-26,en cours,David
6009,6009,2023-02-22,2023-02-24,en cours,De Sousa Lopez SARL
6010,6010,2020-08-13,2020-08-16,en cours,Morel Guillaume SARL
6011,6011,2025-03-19,2025-03-23,livrée,Laine
6012,6012,2024-10-15,2024-10-18,en cours,Lamy Navarro et Fils
6013,6013,2021-04-03,2021-04-09,en attente,Munoz SA
6014,6014,2025-03-30,2025-03-31,livrée,Faivre S.A.S.
6015,6015,2023-03-04,2023-03-10,livrée,Andre
6016,6016,2019-08-01,2019-08-08,en attente,Klein Marion S.A.S.
6017,6017,2021-02-23,2021-02-25,en cours,Lacroix S.A.S.
6018,6018,2025-11-14,2025-11-15,livrée,Pierre Duval S.A.R.L.
6019,6019,2025-10-30,2025-11-04,livrée,Olivier
6020,6020,2024-08-27,2024-08-30,en cours,Bertin Brunet S.A.
6021,6021,2024-05-25,2024-05-30,livrée,Roche
6022,6022,2023-10-13,2023-10-15,en attente,Marty S.A.S.
6023,6023,2020-02-21,2020-02-28,en cours,Camus S.A.
6024,6024,2022-01-18,2022-01-19,livrée,Imbert Rousset SA
6025,6025,2020-10-02,2020-10-08,en cours,Millet et Fils
6026,6026,2025-11-21,2025-11-28,livrée,Benard SARL
6027,6027,2022-09-29,2022-09-30,livrée,Dupuy
6028,6028,2025-06-10,2025-06-12,en cours,Bernier Evrard S.A.S.
6029,6029,2023-09-01,2023-09-06,livrée,Dijoux S.A.S.
6030,6030,2023-10-01,2023-10-03,en cours,Boulay
6031,6031,2022-05-27,2022-05-28,en cours,Pinto
6032,6032,2022-09-30,2022-10-06,en cours,Denis
6033,6033,2024-12-20,2024-12-26,en cours,Guillaume S.A.S.
6034,6034,2021-03-02,2021-03-05,en cours,Jean
6035,6035,2023-01-20,2023-01-21,en cours,Jourdan
6036,6036,2021-04-04,2021-04-09,en attente,Rey Ferrand SARL
6037,6037,2024-11-22,2024-11-27,livrée,Menard Gauthier SA
6038,6038,2022-11-12,2022-11-14,en attente,Andre
6039,6039,2020-04-30,2020-05-04,en cours,Barbe S.A.S.
6040,6040,2023-09-30,2023-10-01,en cours,Lombard
6041,6041,2022-06-16,2022-06-17,en cours,Lévy Faivre S.A.R.L.
6042,6042,2019-07-22,2019-07-23,livrée,François
6043,6043,2025-03-24,2025-03-28,en cours,Rolland Charpentier S.A.R.L.
6044,6044,2021-11-01,2021-11-08,en attente,Roger
6045,6045,2022-05-16,2022-05-20,en attente,Schmitt
6046,6046,2023-09-13,2023-09-16,en cours,Gilbert SARL
6047,6047,2025-12-16,2025-12-18,en attente,Pires
6048,6048,2025-09-17,2025-09-24,livrée,Dias Imbert S.A.
6049,6049,2021-08-30,2021-09-06,livrée,Boulay
6050,6050,2020-09-10,2020-09-17,livrée,Delmas
6051,6051,2025-12-04,2025-12-05,en attente,Nicolas Raynaud SA
6052,6052,2021-08-07,2021-08-12,livrée,Lopes
6053,6053,2024-07-07,2024-07-09,en attente,Gillet
6054,6054,2019-05-14,2019-05-17,en attente,Gillet SA
6055,6055,2023-02-02,2023-02-07,livrée,Gillet Samson S.A.R.L.
6056,6056,2022-03-04,2022-03-05,en cours,Guichard S.A.S.
6057,6057,2022-12-30,2023-01-06,en attente,Cordier
6058,6058,2020-11-15,2020-11-21,en cours,Delannoy Legros S.A.S.
6059,6059,2023-10-17,2023-10-20,en cours,Perrot et Fils
6060,6060,2019-08-09,2019-08-15,en cours,Collet et Fils
6061,6061,2020-09-24,2020-09-30,livrée,Gomes SA
6062,6062,2021-09-25,2021-10-01,en cours,Pottier S.A.
6063,6063,2023-10-18,2023-10-25,livrée,Moreau SARL
6064,6064,2024-05-26,2024-05-27,en attente,Peron
6065,6065,2023-05-13,2023-05-17,en cours,Toussaint S.A.
6066,6066,2019-03-21,2019-03-28,livrée,Berthelot
6067,6067,2024-08-09,2024-08-15,livrée,Hervé
6068,6068,2019-10-27,2019-10-29,en cours,Voisin
6069,6069,2025-02-24,2025-02-26,livrée,Allain Brunet S.A.S.
6070,6070,2022-01-13,2022-01-14,livrée,François Masson et Fils
6071,6071,2022-07-08,2022-07-10,en attente,Pereira SA
6072,6072,2020-11-02,2020-11-06,livrée,Maillot Hamel S.A.R.L.
6073,6073,2019-03-17,2019-03-23,en attente,Pineau
6074,6074,2019-06-06,2019-06-11,livrée,Petitjean
6075,6075,2025-02-15,2025-02-16,livrée,Hubert Charles SARL
6076,6076,2024-08-16,2024-08-22,en attente,Bertrand Lacombe et Fils
6077,6077,2023-05-23,2023-05-28,livrée,Vincent
6078,6078,2021-08-30,2021-09-06,en attente,Guyot SA
6079,6079,2021-03-14,2021-03-21,livrée,Blanc SA
6080,6080,2025-01-31,2025-02-04,livrée,Andre S.A.
6081,6081,2025-09-26,2025-09-27,en attente,Coste
6082,6082,2025-10-25,2025-10-29,en cours,François
6083,6083,2025-09-02,2025-09-04,en attente,Clerc Delaunay SARL
6084,6084,2021-01-04,2021-01-07,en cours,Fournier SARL
6085,6085,2025-07-06,2025-07-11,livrée,Poirier Briand et Fils
6086,6086,2020-10-20,2020-10-26,en cours,Mendès
6087,6087,2022-12-03,2022-12-09,en attente,Barthelemy S.A.R.L.
6088,6088,2020-11-26,2020-12-02,en attente,Allain Lamy et Fils
6089,6089,2023-01-04,2023-01-08,en cours,Da Silva
6090,6090,2021-08-14,2021-08-17,en attente,Weiss Hebert S.A.
6091,6091,2020-04-30,2020-05-03,en cours,Renard SARL
6092,6092,2024-02-25,2024-02-29,en attente,Lambert SARL
6093,6093,2020-05-01,2020-05-08,en cours,Giraud
6094,6094,2022-10-30,2022-11-06,livrée,Maurice
6095,6095,2019-01-21,2019-01-26,livrée,Godard Dupuis S.A.S.
6096,6096,2021-08-26,2021-08-27,livrée,Allard SA
6097,6097,2019-09-19,2019-09-22,livrée,Lesage
6098,6098,2022-09-29,2022-10-02,livrée,Alexandre Sanchez et Fils
6099,6099,2025-09-30,2025-10-02,livrée,Léger
6100,6100,2024-09-05,2024-09-09,en attente,Masse
6101,6101,2025-12-23,2025-12-26,livrée,Legrand S.A.S.
6102,6102,2023-03-02,2023-03-05,en attente,Maury Auger et Fils
6103,6103,2023-12-03,2023-12-06,en cours,Coulon Boulay S.A.S.
6104,6104,2019-05-01,2019-05-07,livrée,Le Goff David S.A.S.
6105,6105,2020-03-30,2020-04-02,livrée,Samson
6106,6106,2019-03-18,2019-03-20,livrée,Étienne
6107,6107,2024-12-12,2024-12-14,en attente,Renard
6108,6108,2023-04-04,2023-04-09,en cours,Marchand Petit S.A.
6109,6109,2023-05-12,2023-05-17,en attente,Goncalves S.A.S.
6110,6110,2022-03-07,2022-03-14,livrée,Fabre S.A.S.
6111,6111,2023-07-25,2023-07-30,en attente,Pascal Hoareau et Fils
6112,6112,2023-08-03,2023-08-04,livrée,Bazin Blanc et Fils
6113,6113,2019-12-08,2019-12-10,en attente,Delahaye
6114,6114,2025-03-09,2025-03-13,en attente,Riou
6115,6115,2023-10-06,2023-10-11,en cours,Joubert Pasquier S.A.
6116,6116,2024-01-28,2024-02-04,livrée,Fleury
6117,6117,2023-06-26,2023-06-29,livrée,Henry
6118,6118,2020-11-19,2020-11-25,en attente,Gilbert Jourdan SA
6119,6119,2021-11-26,2021-11-28,livrée,Rossi SARL
6120,6120,2020-01-08,2020-01-12,livrée,Bernier SARL
6121,6121,2021-10-28,2021-11-02,en attente,Gilles et Fils
6122,6122,2023-03-16,2023-03-20,en attente,Wagner SA
6123,6123,2021-12-03,2021-12-06,livrée,Rivière Jacquet S.A.R.L.
6124,6124,2020-04-16,2020-04-23,livrée,Dumont Tessier S.A.R.L.
6125,6125,2025-06-11,2025-06-14,en cours,Guillon
6126,6126,2022-12-29,2023-01-04,en cours,Marques Pelletier SA
6127,6127,2023-01-30,2023-02-02,en attente,Brun S.A.S.
6128,6128,2020-03-16,2020-03-18,en cours,Hernandez SA
6129,6129,2019-04-09,2019-04-15,en attente,Barbier Bertin et Fils
6130,6130,2019-05-22,2019-05-28,en cours,Lebreton
6131,6131,2022-11-30,2022-12-02,livrée,Maillet S.A.S.
6132,6132,2022-03-27,2022-04-01,en attente,Roche
6133,6133,2019-03-28,2019-03-29,en cours,Noël
6134,6134,2023-05-31,2023-06-02,en cours,Muller
6135,6135,2021-10-14,2021-10-17,livrée,Fischer
6136,6136,2019-08-10,2019-08-15,en attente,Bertin
6137,6137,2025-02-07,2025-02-11,en cours,Giraud
6138,6138,2020-07-02,2020-07-04,en attente,Renault S.A.R.L.
6139,6139,2019-02-15,2019-02-17,en cours,Langlois
6140,6140,2020-05-03,2020-05-08,en cours,Perret
6141,6141,2021-10-17,2021-10-23,livrée,Lenoir Renard S.A.S.
6142,6142,2022-12-05,2022-12-06,livrée,Samson
6143,6143,2022-09-03,2022-09-04,en attente,Baudry
6144,6144,2021-07-23,2021-07-27,en cours,Cohen
6145,6145,2022-08-13,2022-08-17,en attente,Barbier
6146,6146,2020-07-11,2020-07-18,en attente,Raynaud Meunier S.A.S.
6147,6147,2020-03-05,2020-03-12,en attente,Legros
6148,6148,2024-02-13,2024-02-16,en cours,Chevalier Allard et Fils
6149,6149,2022-11-17,2022-11-20,en attente,Chevalier
6150,6150,2020-07-07,2020-07-12,en cours,Besnard Boucher S.A.R.L.
6151,6151,2024-04-14,2024-04-16,en attente,Martin SA
6152,6152,2022-11-27,2022-12-01,en cours,Briand
6153,6153,2021-01-19,2021-01-20,en attente,Weber Germain et Fils
6154,6154,2025-05-14,2025-05-16,en attente,Maillard S.A.R.L.
6155,6155,2020-06-04,2020-06-05,en attente,Boyer
6156,6156,2021-03-08,2021-03-15,en cours,Lamy
6157,6157,2020-07-31,2020-08-06,livrée,Simon Nicolas S.A.R.L.
6158,6158,2022-07-14,2022-07-17,livrée,Legros
6159,6159,2021-10-23,2021-10-25,livrée,Peron
6160,6160,2022-12-02,2022-12-05,en attente,Pereira
6161,6161,2022-01-04,2022-01-11,en cours,Daniel
6162,6162,2019-06-21,2019-06-24,livrée,Royer
6163,6163,2025-07-10,2025-07-14,en attente,Petit S.A.R.L.
6164,6164,2019-02-17,2019-02-24,en cours,Lucas
6165,6165,2025-05-18,2025-05-19,livrée,Marion Pascal S.A.
6166,6166,2024-12-29,2024-12-30,en cours,Denis Torres S.A.R.L.
6167,6167,2022-04-27,2022-05-03,en cours,Le Gall Leclercq et Fils
6168,6168,2025-12-14,2025-12-21,livrée,Peltier Bouvet S.A.R.L.
6169,6169,2024-10-07,2024-10-09,en attente,Leconte S.A.
6170,6170,2023-11-22,2023-11-26,livrée,Becker Torres SARL
6171,6171,2025-09-01,2025-09-02,en cours,Petitjean Munoz et Fils
6172,6172,2023-11-29,2023-12-04,en cours,Renard Moreno S.A.
6173,6173,2022-10-23,2022-10-30,en cours,Thierry
6174,6174,2023-08-10,2023-08-14,livrée,Pelletier SARL
6175,6175,2025-12-25,2025-12-29,en cours,Perez SA
6176,6176,2019-10-15,2019-10-20,en cours,Alves SARL
6177,6177,2021-09-09,2021-09-16,livrée,Delaunay Legendre S.A.S.
6178,6178,2021-04-06,2021-04-07,livrée,Rodrigues Weiss S.A.R.L.
6179,6179,2024-03-07,2024-03-11,livrée,Lecoq
6180,6180,2024-01-01,2024-01-02,en attente,Gaudin
6181,6181,2019-04-27,2019-04-29,en attente,Auger Boucher S.A.R.L.
6182,6182,2019-08-04,2019-08-09,en cours,Mercier S.A.
6183,6183,2019-11-25,2019-12-01,en attente,Hernandez Pages S.A.S.
6184,6184,2019-01-21,2019-01-27,livrée,Diaz S.A.
6185,6185,2022-01-26,2022-01-27,en attente,Martin
6186,6186,2021-04-03,2021-04-10,en attente,Perrier Thomas S.A.
6187,6187,2022-03-12,2022-03-16,livrée,Launay
6188,6188,2019-02-27,2019-03-02,en attente,Le Gall
6189,6189,2019-02-24,2019-03-01,en attente,Bouchet
6190,6190,2025-03-15,2025-03-17,livrée,Pages
6191,6191,2020-01-18,2020-01-19,livrée,Roux
6192,6192,2020-04-11,2020-04-16,en attente,Menard Cordier SARL
6193,6193,2024-01-08,2024-01-11,en attente,Martinez SARL
6194,6194,2023-12-23,2023-12-27,en attente,Pires Langlois S.A.S.
6195,6195,2022-08-05,2022-08-08,livrée,Bigot
6196,6196,2025-09-26,2025-10-01,livrée,Lévy S.A.S.
6197,6197,2021-01-16,2021-01-21,livrée,Menard
6198,6198,2023-07-05,2023-07-06,en cours,Raynaud
6199,6199,2023-05-21,2023-05-24,en cours,Duval Leconte SA
6200,6200,2020-08-29,2020-09-03,en attente,Pereira
6201,6201,2024-11-20,2024-11-26,livrée,Samson S.A.S.
6202,6202,2019-03-08,2019-03-09,en attente,Rocher Meyer SARL
6203,6203,2022-12-11,2022-12-17,en cours,Lenoir SARL
6204,6204,2020-11-29,2020-12-02,en attente,Maury Marty et Fils
6205,6205,2019-09-01,2019-09-04,en cours,Maréchal et Fils
6206,6206,2025-01-09,2025-01-14,en cours,Roger
6207,6207,2023-08-12,2023-08-14,livrée,Diaz
6208,6208,2023-05-27,2023-05-31,en cours,Poirier
6209,6209,2020-04-22,2020-04-26,en cours,Pasquier
6210,6210,2023-04-13,2023-04-19,en cours,Leroy
6211,6211,2025-01-11,2025-01-13,en cours,Weiss SARL
6212,6212,2022-04-26,2022-04-28,en cours,Roy
6213,6213,2024-01-26,2024-01-31,en attente,Navarro
6214,6214,2025-09-03,2025-09-07,livrée,Benoit Guichard S.A.R.L.
6215,6215,2021-12-16,2021-12-17,en attente,Bousquet
6216,6216,2021-12-20,2021-12-22,en cours,Millet SARL
6217,6217,2024-06-30,2024-07-05,en attente,Charles
6218,6218,2022-10-01,2022-10-02,livrée,Lacroix
6219,6219,2024-10-22,2024-10-24,livrée,Dupont SA
6220,6220,2024-12-04,2024-12-10,en attente,Delahaye Leduc S.A.
6221,6221,2024-06-27,2024-07-03,livrée,Pascal
6222,6222,2022-03-22,2022-03-26,livrée,Vallet
6223,6223,2025-11-03,2025-11-04,en attente,Camus S.A.S.
6224,6224,2022-03-24,2022-03-31,en cours,Berthelot
6225,6225,2025-05-04,2025-05-06,en cours,Bouchet Berger et Fils
6226,6226,2020-10-17,2020-10-19,en attente,Lefèvre Joseph S.A.S.
6227,6227,2021-05-14,2021-05-21,en attente,Clément et Fils
6228,6228,2022-11-02,2022-11-04,en attente,Lefèvre S.A.S.
6229,6229,2019-05-20,2019-05-22,livrée,Gonzalez S.A.
6230,6230,2019-03-24,2019-03-28,livrée,Mary
6231,6231,2024-11-01,2024-11-04,en attente,Bazin S.A.R.L.
6232,6232,2021-08-01,2021-08-02,en attente,Gaudin S.A.
6233,6233,2022-02-11,2022-02-12,en attente,Lagarde
6234,6234,2024-06-09,2024-06-10,en attente,Poulain Colas SARL
6235,6235,2025-10-09,2025-10-13,livrée,Navarro Gautier SA
6236,6236,2022-10-19,2022-10-20,livrée,Roux SARL
6237,6237,2022-03-19,2022-03-25,en cours,Fouquet
6238,6238,2025-04-08,2025-04-10,livrée,Jacquot et Fils
6239,6239,2020-02-12,2020-02-16,livrée,Schneider
6240,6240,2024-02-11,2024-02-12,en cours,Lecomte Klein S.A.S.
6241,6241,2023-07-18,2023-07-25,en attente,Pereira S.A.S.
6242,6242,2024-03-21,2024-03-24,livrée,Gimenez Andre et Fils
6243,6243,2023-01-31,2023-02-01,en cours,Peron S.A.
6244,6244,2021-05-19,2021-05-25,en cours,Carlier
6245,6245,2024-07-14,2024-07-19,en attente,Rémy SARL
6246,6246,2024-01-31,2024-02-03,en attente,Paul
6247,6247,2019-09-05,2019-09-08,en cours,Lecoq S.A.S.
6248,6248,2020-01-08,2020-01-11,en cours,Texier
6249,6249,2020-01-29,2020-02-03,livrée,Rodriguez Rolland S.A.
6250,6250,2023-12-19,2023-12-21,en cours,Étienne Rodriguez SARL
6251,6251,2024-10-10,2024-10-16,en attente,Clément
6252,6252,2025-10-20,2025-10-24,livrée,Hamon
6253,6253,2019-10-22,2019-10-23,en attente,Pierre
6254,6254,2020-07-27,2020-07-29,livrée,Gay
6255,6255,2020-10-05,2020-10-08,en cours,Hoarau S.A.R.L.
6256,6256,2024-01-12,2024-01-18,en attente,Le Roux
6257,6257,2024-06-06,2024-06-13,en cours,Normand
6258,6258,2021-11-01,2021-11-08,en cours,Diaz
6259,6259,2019-10-05,2019-10-11,en cours,Bègue Schneider SA
6260,6260,2022-01-22,2022-01-27,en attente,Joubert SA
6261,6261,2021-06-23,2021-06-24,livrée,Coste
6262,6262,2025-06-11,2025-06-14,en cours,Leleu
6263,6263,2020-07-12,2020-07-15,en cours,Aubry S.A.S.
6264,6264,2019-10-19,2019-10-20,en attente,Turpin
6265,6265,2019-05-31,2019-06-07,livrée,Marchal et Fils
6266,6266,2023-12-25,2023-12-28,en cours,Coulon
6267,6267,2022-04-07,2022-04-09,en cours,Lemaire
6268,6268,2025-07-06,2025-07-10,livrée,Thibault
6269,6269,2023-04-23,2023-04-29,en attente,Leleu
6270,6270,2025-08-21,2025-08-25,livrée,Salmon SA
6271,6271,2019-05-13,2019-05-16,en attente,Devaux
6272,6272,2020-02-26,2020-03-02,en cours,Maillot
6273,6273,2024-03-02,2024-03-04,livrée,Cordier
6274,6274,2020-04-26,2020-04-30,livrée,Benard
6275,6275,2025-07-05,2025-07-11,en attente,Voisin
6276,6276,2020-03-14,2020-03-19,en cours,Hebert
6277,6277,2025-09-07,2025-09-10,en attente,Ferreira Renard S.A.
6278,6278,2019-05-19,2019-05-25,livrée,Joseph
6279,6279,2025-12-14,2025-12-17,en attente,Leleu
6280,6280,2020-12-21,2020-12-24,en cours,Robin S.A.
6281,6281,2020-07-09,2020-07-10,en cours,Germain
6282,6282,2022-07-01,2022-07-02,en attente,Leleu S.A.S.
6283,6283,2021-06-07,2021-06-13,en cours,Wagner
6284,6284,2023-11-09,2023-11-13,en cours,Blanchard SARL
6285,6285,2024-01-01,2024-01-07,livrée,Guilbert
6286,6286,2024-01-14,2024-01-16,livrée,Perrier SA
6287,6287,2021-03-27,2021-04-01,livrée,Marin S.A.
6288,6288,2020-12-17,2020-12-18,en attente,Paul
6289,6289,2020-07-02,2020-07-06,livrée,Gilbert S.A.R.L.
6290,6290,2021-09-01,2021-09-08,en attente,Bègue Carre et Fils
6291,6291,2023-09-29,2023-10-01,en cours,Gay Étienne S.A.R.L.
6292,6292,2021-07-29,2021-08-03,livrée,Le Goff
6293,6293,2019-03-28,2019-04-03,livrée,Couturier
6294,6294,2022-12-13,2022-12-14,livrée,Michaud
6295,6295,2019-12-30,2020-01-06,en cours,Aubry
6296,6296,2025-09-06,2025-09-13,en cours,Hamon
6297,6297,2022-12-27,2022-12-30,en cours,Picard De Sousa SA
6298,6298,2019-12-25,2019-12-26,en attente,Denis
6299,6299,2022-07-20,2022-07-24,en attente,Joseph Bourgeois SARL
6300,6300,2022-07-05,2022-07-10,en cours,Salmon
6301,6301,2020-05-16,2020-05-21,en attente,Poirier
6302,6302,2019-10-22,2019-10-26,en cours,Léger et Fils
6303,6303,2025-02-07,2025-02-13,livrée,Richard S.A.R.L.
6304,6304,2025-09-15,2025-09-16,en attente,Didier SARL
6305,6305,2025-01-17,2025-01-18,livrée,Delaunay Gosselin SARL
6306,6306,2022-09-09,2022-09-16,livrée,Fouquet
6307,6307,2023-01-18,2023-01-23,en cours,Legendre Blanchard S.A.R.L.
6308,6308,2024-08-11,2024-08-18,livrée,Rivière Poulain et Fils
6309,6309,2021-01-18,2021-01-20,en attente,Le Goff
6310,6310,2023-08-19,2023-08-20,en attente,Antoine Guillot S.A.S.
6311,6311,2021-12-05,2021-12-08,livrée,Lacombe S.A.R.L.
6312,6312,2019-06-02,2019-06-08,en attente,Legros Leroux S.A.
6313,6313,2021-03-23,2021-03-24,en attente,Lemoine
6314,6314,2023-05-29,2023-06-05,en attente,Pichon Pruvost S.A.S.
6315,6315,2019-10-28,2019-11-04,en attente,Dufour
6316,6316,2024-01-17,2024-01-22,en attente,Faure Pereira SARL
6317,6317,2020-10-08,2020-10-14,livrée,Carlier Roche S.A.R.L.
6318,6318,2019-10-10,2019-10-14,livrée,Étienne S.A.R.L.
6319,6319,2019-03-20,2019-03-24,livrée,Chauvin S.A.
6320,6320,2024-08-18,2024-08-24,livrée,Renault SA
6321,6321,2025-09-17,2025-09-23,en attente,Rivière Lebrun S.A.R.L.
6322,6322,2021-06-17,2021-06-19,en attente,Perrot Jacques SARL
6323,6323,2025-01-09,2025-01-10,en cours,Dias et Fils
6324,6324,2024-09-01,2024-09-02,en attente,Chauvet
6325,6325,2022-06-27,2022-06-28,en cours,Fischer S.A.R.L.
6326,6326,2025-06-30,2025-07-07,livrée,Millet SARL
6327,6327,2021-02-25,2021-03-03,livrée,Martin S.A.
6328,6328,2024-08-18,2024-08-21,en cours,Lenoir
6329,6329,2024-09-03,2024-09-09,en cours,Faure
6330,6330,2023-10-27,2023-11-01,livrée,Rossi Clément S.A.
6331,6331,2020-09-26,2020-09-30,livrée,Philippe Barthelemy S.A.S.
6332,6332,2025-10-19,2025-10-26,en attente,Louis Petit S.A.S.
6333,6333,2020-09-10,2020-09-14,livrée,Leroux
6334,6334,2020-11-02,2020-11-07,livrée,Laporte
6335,6335,2020-02-24,2020-03-02,en cours,Barthelemy SA
6336,6336,2025-06-29,2025-07-05,en attente,Allard Cordier S.A.
6337,6337,2025-09-11,2025-09-18,en attente,Labbé
6338,6338,2024-06-30,2024-07-02,livrée,Chauvin Guillet et Fils
6339,6339,2021-08-08,2021-08-13,en cours,Chartier
6340,6340,2022-09-10,2022-09-13,livrée,Fischer S.A.R.L.
6341,6341,2025-05-27,2025-06-01,livrée,Wagner
6342,6342,2024-10-06,2024-10-07,en cours,Boucher
6343,6343,2022-01-30,2022-02-06,en attente,Boulanger et Fils
6344,6344,2021-11-19,2021-11-25,en attente,Jacques Denis S.A.R.L.
6345,6345,2024-03-05,2024-03-09,livrée,Grenier S.A.
6346,6346,2023-11-13,2023-11-16,en cours,Auger
6347,6347,2021-11-29,2021-12-04,en attente,Regnier Mercier S.A.R.L.
6348,6348,2022-02-18,2022-02-22,en cours,Richard
6349,6349,2023-05-30,2023-06-01,en attente,Parent
6350,6350,2023-01-02,2023-01-04,en cours,Briand
6351,6351,2019-07-04,2019-07-09,en attente,Clerc SARL
6352,6352,2021-10-01,2021-10-07,en cours,Laporte Briand SARL
6353,6353,2022-11-14,2022-11-17,en cours,Robert Humbert S.A.
6354,6354,2022-01-13,2022-01-19,en cours,Gonzalez
6355,6355,2023-12-05,2023-12-08,en attente,Carre
6356,6356,2019-03-16,2019-03-20,en attente,Lévy S.A.S.
6357,6357,2023-11-26,2023-11-29,en cours,Wagner Colin SARL
6358,6358,2025-08-13,2025-08-17,livrée,Marchand S.A.R.L.
6359,6359,2023-06-04,2023-06-06,en attente,Laporte S.A.R.L.
6360,6360,2023-01-22,2023-01-29,en cours,David
6361,6361,2021-10-30,2021-11-04,livrée,Schmitt David SARL
6362,6362,2021-08-10,2021-08-14,livrée,Ramos Bernier et Fils
6363,6363,2020-10-05,2020-10-12,livrée,Baron Martel S.A.S.
6364,6364,2025-04-13,2025-04-19,livrée,Dijoux S.A.R.L.
6365,6365,2024-04-26,2024-04-27,livrée,Ramos
6366,6366,2023-03-24,2023-03-26,en cours,Breton Rolland S.A.
6367,6367,2021-10-10,2021-10-17,en attente,Petitjean
6368,6368,2023-04-10,2023-04-11,en cours,Grenier S.A.R.L.
6369,6369,2024-07-30,2024-08-05,en attente,Leroux
6370,6370,2023-04-07,2023-04-13,en cours,Bigot
6371,6371,2021-09-27,2021-10-01,livrée,Blin
6372,6372,2022-01-03,2022-01-08,en attente,Guillot
6373,6373,2019-01-30,2019-02-03,livrée,Gaillard
6374,6374,2025-09-24,2025-10-01,en cours,Coste Antoine et Fils
6375,6375,2025-02-15,2025-02-21,en attente,Gauthier SA
6376,6376,2020-07-10,2020-07-16,en attente,Vaillant Allain et Fils
6377,6377,2022-12-04,2022-12-09,en attente,Blanc Maillot S.A.
6378,6378,2019-09-03,2019-09-04,en attente,Coste
6379,6379,2022-05-09,2022-05-14,en attente,Neveu
6380,6380,2020-08-29,2020-08-31,livrée,Faivre
6381,6381,2022-12-18,2022-12-24,en attente,Blot S.A.S.
6382,6382,2025-10-07,2025-10-12,en cours,Ledoux Lebon et Fils
6383,6383,2024-02-07,2024-02-09,en cours,Normand S.A.R.L.
6384,6384,2021-04-09,2021-04-16,en cours,Lecoq Le Roux S.A.
6385,6385,2021-05-02,2021-05-05,en attente,Georges
6386,6386,2019-03-15,2019-03-19,livrée,Godard
6387,6387,2021-09-24,2021-09-26,livrée,Lévy SARL
6388,6388,2023-11-11,2023-11-18,livrée,Julien
6389,6389,2023-12-06,2023-12-10,en cours,Loiseau S.A.R.L.
6390,6390,2020-02-08,2020-02-15,en attente,Berthelot
6391,6391,2022-02-17,2022-02-18,en attente,Launay
6392,6392,2021-11-08,2021-11-09,en attente,Tessier
6393,6393,2024-02-13,2024-02-16,en cours,Bouchet Menard et Fils
6394,6394,2019-10-11,2019-10-14,en attente,Gimenez SARL
6395,6395,2019-05-24,2019-05-27,en cours,Auger Barbe S.A.R.L.
6396,6396,2025-06-17,2025-06-19,en attente,Thierry
6397,6397,2022-07-06,2022-07-13,livrée,Blondel
6398,6398,2019-12-17,2019-12-22,en cours,Martins Bonneau SARL
6399,6399,2022-07-27,2022-08-01,livrée,Grondin SARL
6400,6400,2022-12-11,2022-12-16,en attente,Jacquot SA
6401,6401,2019-06-23,2019-06-24,en attente,Delmas
6402,6402,2022-10-24,2022-10-29,en cours,Lacroix
6403,6403,2023-05-25,2023-05-31,en cours,Daniel Samson S.A.S.
6404,6404,2023-03-26,2023-03-30,en cours,Allain
6405,6405,2022-08-03,2022-08-08,en cours,Klein Le Gall S.A.
6406,6406,2025-06-07,2025-06-11,livrée,Bourdon
6407,6407,2020-03-14,2020-03-18,livrée,Neveu
6408,6408,2024-08-08,2024-08-12,en cours,Barthelemy
6409,6409,2019-11-08,2019-11-14,en attente,Moreau
6410,6410,2022-10-13,2022-10-15,en cours,Pascal
6411,6411,2019-05-14,2019-05-16,en cours,Guérin
6412,6412,2025-10-26,2025-10-30,en attente,Pascal
6413,6413,2022-06-04,2022-06-07,livrée,Mendès Aubry SA
6414,6414,2021-01-29,2021-02-03,en attente,Bazin
6415,6415,2020-06-27,2020-06-28,en cours,Lemaître
6416,6416,2022-09-10,2022-09-12,en cours,Marty
6417,6417,2023-04-02,2023-04-05,livrée,Vasseur Baudry SA
6418,6418,2020-12-25,2021-01-01,en cours,Gaillard
6419,6419,2024-06-19,2024-06-22,livrée,Lopez S.A.R.L.
6420,6420,2023-11-01,2023-11-06,livrée,Faivre S.A.R.L.
6421,6421,2020-05-16,2020-05-17,en cours,Mercier
6422,6422,2020-07-04,2020-07-10,livrée,Bouvier
6423,6423,2021-08-04,2021-08-10,en cours,Seguin
6424,6424,2020-07-06,2020-07-08,en attente,Muller Duhamel S.A.R.L.
6425,6425,2022-09-20,2022-09-26,livrée,Martel
6426,6426,2021-06-06,2021-06-13,en attente,Devaux Marie SARL
6427,6427,2025-02-22,2025-02-26,livrée,Millet
6428,6428,2022-10-28,2022-11-04,en cours,Gay
6429,6429,2023-12-14,2023-12-16,en cours,Ramos
6430,6430,2021-09-14,2021-09-19,livrée,Marin S.A.R.L.
6431,6431,2019-01-08,2019-01-13,en cours,Brunel Michel SARL
6432,6432,2025-06-09,2025-06-10,livrée,Cousin S.A.
6433,6433,2025-04-26,2025-05-01,en cours,Bruneau
6434,6434,2020-02-17,2020-02-24,en cours,Rousset et Fils
6435,6435,2024-03-09,2024-03-11,en attente,Ledoux
6436,6436,2022-04-24,2022-04-28,livrée,Traore Launay S.A.R.L.
6437,6437,2020-04-02,2020-04-08,en cours,Gay
6438,6438,2020-11-20,2020-11-21,en cours,Diallo S.A.R.L.
6439,6439,2019-04-24,2019-04-30,en cours,Maillot S.A.R.L.
6440,6440,2022-10-07,2022-10-14,en cours,Le Roux
6441,6441,2023-07-18,2023-07-23,en cours,Durand Valette SA
6442,6442,2021-08-27,2021-09-01,en cours,Marques Dupuis SA
6443,6443,2025-06-15,2025-06-21,en cours,Léger Jourdan SA
6444,6444,2021-06-23,2021-06-28,en cours,Maillard
6445,6445,2023-11-15,2023-11-22,livrée,Gauthier Thibault SA
6446,6446,2024-03-20,2024-03-21,livrée,Thierry
6447,6447,2021-10-20,2021-10-26,en attente,Legros S.A.R.L.
6448,6448,2021-01-19,2021-01-22,en cours,Legros
6449,6449,2019-01-29,2019-02-02,en cours,Étienne Perrier SA
6450,6450,2022-08-10,2022-08-17,en cours,Toussaint
6451,6451,2023-10-14,2023-10-20,livrée,Caron
6452,6452,2024-01-12,2024-01-17,en cours,Fischer
6453,6453,2025-01-02,2025-01-04,en attente,Gauthier Léger S.A.R.L.
6454,6454,2020-02-11,2020-02-17,livrée,Tanguy Letellier SA
6455,6455,2025-03-23,2025-03-28,en attente,Vidal
6456,6456,2022-07-13,2022-07-15,livrée,Ferrand Hervé S.A.R.L.
6457,6457,2019-07-22,2019-07-23,livrée,Albert Étienne SA
6458,6458,2019-09-26,2019-10-01,en cours,Benard SARL
6459,6459,2024-12-26,2025-01-01,en attente,Carre Launay SARL
6460,6460,2021-12-04,2021-12-09,en cours,Dumas
6461,6461,2020-02-07,2020-02-11,en attente,Allard SARL
6462,6462,2022-08-03,2022-08-08,en attente,Martinez S.A.R.L.
6463,6463,2020-04-24,2020-05-01,en cours,Vaillant SARL
6464,6464,2023-12-24,2023-12-31,en attente,Weber Guillaume S.A.
6465,6465,2021-06-06,2021-06-12,en attente,Leclerc S.A.S.
6466,6466,2022-04-03,2022-04-05,livrée,Bonneau
6467,6467,2024-07-11,2024-07-15,livrée,Samson et Fils
6468,6468,2020-01-01,2020-01-02,en attente,Leclerc
6469,6469,2022-09-21,2022-09-25,livrée,Wagner S.A.R.L.
6470,6470,2019-02-08,2019-02-14,en attente,Dupont
6471,6471,2025-03-24,2025-03-27,en cours,Lemonnier
6472,6472,2021-08-29,2021-08-30,en attente,Gilbert
6473,6473,2022-04-04,2022-04-06,en attente,Bertin Colin SARL
6474,6474,2024-07-06,2024-07-13,en attente,Grenier et Fils
6475,6475,2023-12-24,2023-12-28,livrée,Charrier SARL
6476,6476,2025-12-17,2025-12-22,en cours,Launay
6477,6477,2020-03-09,2020-03-15,en cours,Caron SARL
6478,6478,2024-09-26,2024-09-30,en cours,Guillaume
6479,6479,2022-07-27,2022-08-02,en attente,Bertin
6480,6480,2019-01-14,2019-01-19,en cours,Bousquet S.A.R.L.
6481,6481,2021-07-02,2021-07-04,en cours,Charrier Giraud SARL
6482,6482,2025-02-12,2025-02-18,en cours,Rolland
6483,6483,2024-12-25,2025-01-01,livrée,Blanc Rémy SARL
6484,6484,2023-02-21,2023-02-25,livrée,Salmon S.A.
6485,6485,2020-07-22,2020-07-27,en attente,Laurent S.A.R.L.
6486,6486,2021-04-15,2021-04-20,en attente,Thierry
6487,6487,2022-02-04,2022-02-09,en cours,Blot SA
6488,6488,2021-01-18,2021-01-24,en cours,Legros
6489,6489,2021-12-07,2021-12-10,en cours,Merle
6490,6490,2021-10-29,2021-11-01,en attente,Loiseau Guillet S.A.S.
6491,6491,2024-03-06,2024-03-07,livrée,Hamon Gonzalez SA
6492,6492,2021-02-22,2021-03-01,en cours,Lacombe SARL
6493,6493,2020-05-29,2020-06-04,en attente,Bouvet SARL
6494,6494,2019-02-24,2019-02-25,livrée,Boyer
6495,6495,2019-11-08,2019-11-14,en attente,Le Roux
6496,6496,2021-12-27,2021-12-28,livrée,Mendès
6497,6497,2023-11-05,2023-11-11,en attente,Peltier Charpentier S.A.R.L.
6498,6498,2024-06-09,2024-06-12,en attente,Schneider S.A.R.L.
6499,6499,2021-06-29,2021-06-30,livrée,Maury
6500,6500,2022-12-15,2022-12-20,livrée,Dos Santos
6501,6501,2023-04-18,2023-04-22,livrée,Simon
6502,6502,2019-05-15,2019-05-20,en cours,Wagner Grégoire S.A.
6503,6503,2023-08-23,2023-08-25,en attente,Henry
6504,6504,2025-06-17,2025-06-24,livrée,Caron
6505,6505,2025-05-08,2025-05-09,livrée,Adam
6506,6506,2021-09-08,2021-09-09,en cours,Bernier
6507,6507,2019-03-14,2019-03-21,en attente,Torres
6508,6508,2023-12-15,2023-12-21,en cours,Marchal
6509,6509,2021-06-10,2021-06-13,livrée,Ledoux
6510,6510,2024-01-16,2024-01-18,en cours,Lecoq
6511,6511,2024-09-02,2024-09-04,en attente,Dijoux
6512,6512,2024-12-17,2024-12-21,en attente,Blondel Seguin S.A.R.L.
6513,6513,2020-08-24,2020-08-25,livrée,Lebon SARL
6514,6514,2019-01-26,2019-01-27,en cours,Albert
6515,6515,2025-02-05,2025-02-06,en attente,Lebrun
6516,6516,2023-05-04,2023-05-10,en cours,Petitjean
6517,6517,2019-01-24,2019-01-31,en cours,Hardy
6518,6518,2021-01-16,2021-01-17,livrée,Denis
6519,6519,2024-05-30,2024-05-31,en cours,De Oliveira Rémy S.A.
6520,6520,2021-06-12,2021-06-19,en attente,Barbe
6521,6521,2023-08-23,2023-08-28,en attente,Marion Laroche et Fils
6522,6522,2020-03-10,2020-03-15,en attente,Pereira SARL
6523,6523,2021-11-25,2021-11-26,en attente,Renault
6524,6524,2022-05-29,2022-06-04,en cours,Cousin
6525,6525,2022-08-02,2022-08-04,en cours,Martineau
6526,6526,2025-10-23,2025-10-29,en attente,Julien
6527,6527,2023-10-19,2023-10-24,livrée,Laine Salmon SA
6528,6528,2024-09-20,2024-09-26,en cours,Guillet S.A.R.L.
6529,6529,2019-12-12,2019-12-15,en attente,Dumont Pruvost et Fils
6530,6530,2024-08-14,2024-08-18,livrée,Wagner
6531,6531,2019-08-10,2019-08-16,en cours,Pages
6532,6532,2025-12-17,2025-12-24,en attente,Perret Lemaître S.A.S.
6533,6533,2022-03-09,2022-03-10,en attente,Boyer et Fils
6534,6534,2022-06-26,2022-06-27,en attente,Noël
6535,6535,2023-07-30,2023-08-06,en attente,Carre S.A.S.
6536,6536,2020-05-16,2020-05-23,en cours,Auger S.A.S.
6537,6537,2019-07-28,2019-08-02,en cours,Fabre Toussaint S.A.R.L.
6538,6538,2020-01-19,2020-01-20,en cours,Guillon S.A.
6539,6539,2019-02-09,2019-02-10,en attente,Dufour
6540,6540,2025-02-07,2025-02-10,en cours,Rossi Perrin S.A.
6541,6541,2023-09-02,2023-09-05,en attente,Jourdan
6542,6542,2023-02-27,2023-03-03,livrée,Faivre S.A.S.
6543,6543,2022-02-01,2022-02-02,en cours,Grondin
6544,6544,2022-05-05,2022-05-12,livrée,Laine Laine S.A.S.
6545,6545,2023-12-24,2023-12-28,en cours,Seguin SA
6546,6546,2020-10-03,2020-10-07,en cours,Maury S.A.R.L.
6547,6547,2024-02-18,2024-02-20,livrée,Hernandez
6548,6548,2019-09-09,2019-09-10,en attente,Gomez S.A.S.
6549,6549,2020-07-11,2020-07-13,livrée,Vallet S.A.
6550,6550,2022-04-04,2022-04-07,en attente,Lemoine
6551,6551,2021-02-25,2021-03-03,livrée,Rémy
6552,6552,2024-12-08,2024-12-15,en attente,Merle
6553,6553,2019-10-26,2019-10-31,livrée,Huet Lebreton S.A.R.L.
6554,6554,2024-02-16,2024-02-22,livrée,Delmas
6555,6555,2023-09-08,2023-09-11,en attente,Chevalier SA
6556,6556,2023-10-30,2023-11-04,livrée,Robert Ferreira et Fils
6557,6557,2022-07-21,2022-07-23,en attente,Pasquier SA
6558,6558,2025-05-03,2025-05-09,livrée,Pineau
6559,6559,2024-12-22,2024-12-28,en attente,Martinez SARL
6560,6560,2024-01-31,2024-02-06,en attente,Briand Verdier et Fils
6561,6561,2021-02-21,2021-02-27,en attente,Albert
6562,6562,2023-10-05,2023-10-07,livrée,Léger Paris SA
6563,6563,2022-04-05,2022-04-12,en attente,Joly Adam S.A.S.
6564,6564,2019-01-14,2019-01-16,en cours,Robert
6565,6565,2019-04-26,2019-05-01,en attente,Lopez S.A.R.L.
6566,6566,2025-06-18,2025-06-22,en attente,Lombard Maillard S.A.R.L.
6567,6567,2022-09-27,2022-10-02,livrée,Deschamps Fleury S.A.
6568,6568,2020-03-29,2020-04-02,en attente,Breton
6569,6569,2021-02-23,2021-02-25,livrée,Fouquet Maurice S.A.R.L.
6570,6570,2024-05-08,2024-05-14,en cours,Delorme
6571,6571,2021-12-10,2021-12-11,en attente,Dos Santos
6572,6572,2023-08-03,2023-08-06,en attente,Le Goff S.A.S.
6573,6573,2022-11-29,2022-11-30,livrée,Nicolas
6574,6574,2022-04-24,2022-05-01,en cours,Delaunay
6575,6575,2020-12-03,2020-12-04,en cours,Caron et Fils
6576,6576,2019-01-04,2019-01-10,livrée,Delannoy
6577,6577,2021-07-21,2021-07-28,livrée,Masson
6578,6578,2022-01-20,2022-01-23,en attente,Morel
6579,6579,2024-08-02,2024-08-09,livrée,Schneider
6580,6580,2022-05-05,2022-05-09,en attente,Gomes
6581,6581,2025-07-29,2025-08-03,livrée,Regnier Leclerc S.A.S.
6582,6582,2019-06-09,2019-06-13,en cours,Allard S.A.R.L.
6583,6583,2022-05-17,2022-05-22,livrée,Chevalier
6584,6584,2024-04-25,2024-04-26,en attente,Arnaud S.A.
6585,6585,2025-11-01,2025-11-06,livrée,Lambert
6586,6586,2024-05-29,2024-06-01,en cours,Traore S.A.S.
6587,6587,2021-11-25,2021-11-30,en cours,Ferreira
6588,6588,2022-07-04,2022-07-07,en cours,Blondel et Fils
6589,6589,2020-01-04,2020-01-06,en attente,Garcia
6590,6590,2021-08-01,2021-08-04,livrée,Guillon Hervé SARL
6591,6591,2024-01-13,2024-01-20,en cours,Rivière S.A.R.L.
6592,6592,2019-03-29,2019-03-30,livrée,Mace
6593,6593,2024-01-08,2024-01-15,en attente,Rocher Lejeune et Fils
6594,6594,2025-04-17,2025-04-21,en attente,Jacob
6595,6595,2023-10-13,2023-10-19,livrée,Julien
6596,6596,2023-10-09,2023-10-14,en attente,Hardy S.A.R.L.
6597,6597,2024-03-31,2024-04-07,en attente,Aubry S.A.S.
6598,6598,2022-04-22,2022-04-23,en cours,Rivière
6599,6599,2020-05-22,2020-05-24,livrée,Lévy Tanguy et Fils
6600,6600,2024-10-25,2024-10-30,en attente,Joseph
6601,6601,2021-02-18,2021-02-23,en attente,Loiseau S.A.S.
6602,6602,2020-04-20,2020-04-25,en attente,Meunier
6603,6603,2022-03-26,2022-03-27,livrée,Turpin
6604,6604,2020-11-19,2020-11-26,en cours,Gauthier
6605,6605,2022-08-28,2022-08-30,en cours,Chevallier
6606,6606,2019-02-24,2019-02-28,en cours,Pelletier Lévy et Fils
6607,6607,2021-06-30,2021-07-02,en attente,Pruvost
6608,6608,2021-05-13,2021-05-14,en cours,Rolland Cohen S.A.
6609,6609,2024-03-06,2024-03-11,livrée,Launay SARL
6610,6610,2020-01-20,2020-01-26,en cours,Da Costa
6611,6611,2020-10-31,2020-11-06,livrée,Lefort Barthelemy SARL
6612,6612,2025-06-02,2025-06-09,livrée,Hamel
6613,6613,2025-01-22,2025-01-23,en attente,Bonnet
6614,6614,2023-01-04,2023-01-05,en cours,Didier
6615,6615,2024-12-22,2024-12-25,en attente,Courtois Durand SA
6616,6616,2023-02-24,2023-03-01,en cours,Lacombe et Fils
6617,6617,2024-06-05,2024-06-11,livrée,Carpentier
6618,6618,2024-12-25,2024-12-31,en attente,Pinto
6619,6619,2020-07-22,2020-07-26,livrée,Schmitt
6620,6620,2022-03-16,2022-03-23,en cours,Gay S.A.
6621,6621,2021-02-18,2021-02-22,en cours,Fleury Lévêque S.A.R.L.
6622,6622,2021-07-18,2021-07-25,en attente,Pons
6623,6623,2024-01-08,2024-01-11,livrée,Lebrun
6624,6624,2023-02-25,2023-02-26,en cours,Moulin Cousin SA
6625,6625,2021-01-09,2021-01-10,en attente,Bailly Guérin et Fils
6626,6626,2021-06-08,2021-06-11,livrée,Foucher
6627,6627,2023-05-02,2023-05-06,livrée,Morel SA
6628,6628,2021-06-12,2021-06-13,en attente,Grégoire
6629,6629,2023-10-25,2023-10-31,livrée,Guyon
6630,6630,2019-09-27,2019-09-29,livrée,Weber Rousset SARL
6631,6631,2020-01-26,2020-02-01,en attente,Mathieu Marques S.A.
6632,6632,2022-11-01,2022-11-08,en attente,Clément S.A.S.
6633,6633,2021-05-20,2021-05-24,en attente,Toussaint Barbe SARL
6634,6634,2019-04-23,2019-04-30,en cours,Brunet
6635,6635,2019-01-15,2019-01-20,en cours,Schmitt Robert SARL
6636,6636,2022-12-14,2022-12-20,livrée,Duhamel
6637,6637,2021-10-11,2021-10-18,en attente,Regnier Lucas S.A.S.
6638,6638,2025-05-20,2025-05-22,en cours,Blanchard
6639,6639,2019-05-26,2019-05-29,en cours,Monnier
6640,6640,2024-12-19,2024-12-22,en attente,Becker SA
6641,6641,2022-02-07,2022-02-10,en cours,Gérard
6642,6642,2025-12-25,2025-12-27,en cours,Renault Delahaye et Fils
6643,6643,2024-07-06,2024-07-08,en cours,Guyon S.A.R.L.
6644,6644,2019-04-08,2019-04-13,livrée,Joubert SA
6645,6645,2025-01-25,2025-01-27,livrée,Ramos SA
6646,6646,2025-07-02,2025-07-03,en attente,Lemaître Collin S.A.R.L.
6647,6647,2021-06-27,2021-07-04,livrée,Barthelemy et Fils
6648,6648,2022-03-14,2022-03-17,livrée,Ollivier Labbé SARL
6649,6649,2019-04-17,2019-04-20,en cours,Lebon S.A.R.L.
6650,6650,2019-12-10,2019-12-11,livrée,Samson Thierry SA
6651,6651,2019-06-06,2019-06-08,livrée,Julien S.A.R.L.
6652,6652,2025-06-02,2025-06-06,en cours,Dufour
6653,6653,2020-07-01,2020-07-02,en cours,Peltier Deschamps SARL
6654,6654,2019-02-01,2019-02-03,en attente,Hervé
6655,6655,2019-02-27,2019-03-06,en cours,Rodriguez Hernandez et Fils
6656,6656,2020-11-09,2020-11-16,en cours,De Oliveira
6657,6657,2020-09-17,2020-09-21,livrée,Gosselin S.A.S.
6658,6658,2024-01-29,2024-02-05,en attente,Grenier
6659,6659,2020-10-03,2020-10-09,en attente,Ollivier Roux S.A.R.L.
6660,6660,2020-01-23,2020-01-28,livrée,Lévy
6661,6661,2022-12-12,2022-12-18,en cours,Bailly S.A.S.
6662,6662,2023-12-29,2023-12-31,en attente,Gay
6663,6663,2024-09-30,2024-10-07,en cours,Boutin SA
6664,6664,2024-05-30,2024-06-01,en cours,Michaud S.A.S.
6665,6665,2024-05-09,2024-05-13,en attente,Brunel S.A.S.
6666,6666,2025-02-16,2025-02-17,livrée,Maillet S.A.
6667,6667,2020-07-31,2020-08-01,en attente,Poirier S.A.
6668,6668,2022-05-18,2022-05-21,en cours,Auger
6669,6669,2019-08-04,2019-08-09,en attente,Imbert Allain et Fils
6670,6670,2020-05-02,2020-05-06,en cours,Lefèvre
6671,6671,2019-06-24,2019-07-01,en attente,Diallo Gay S.A.S.
6672,6672,2021-02-07,2021-02-09,en cours,Payet
6673,6673,2022-09-06,2022-09-07,en cours,François
6674,6674,2022-02-16,2022-02-23,en cours,Chartier S.A.S.
6675,6675,2019-11-24,2019-12-01,en cours,Robert
6676,6676,2020-04-28,2020-04-30,en attente,Michel
6677,6677,2021-08-27,2021-08-31,livrée,Berger S.A.S.
6678,6678,2020-08-10,2020-08-17,livrée,Hamon
6679,6679,2022-02-22,2022-02-27,livrée,Leroux
6680,6680,2023-03-06,2023-03-10,livrée,Rivière
6681,6681,2025-04-24,2025-04-25,en cours,Bousquet Chevalier SA
6682,6682,2020-08-01,2020-08-03,en attente,Humbert
6683,6683,2023-02-05,2023-02-06,en cours,Didier
6684,6684,2022-10-10,2022-10-15,en attente,Faivre S.A.S.
6685,6685,2025-06-05,2025-06-11,en attente,Laroche
6686,6686,2024-06-02,2024-06-05,en cours,Baudry
6687,6687,2022-07-30,2022-08-02,en attente,Blot Lacroix S.A.
6688,6688,2019-03-27,2019-03-29,en cours,Collet
6689,6689,2019-07-01,2019-07-04,livrée,Bruneau Laporte S.A.
6690,6690,2023-12-24,2023-12-29,livrée,Lebon
6691,6691,2020-02-17,2020-02-23,en attente,Blot
6692,6692,2025-08-15,2025-08-17,en attente,Pasquier Delannoy S.A.
6693,6693,2022-07-04,2022-07-11,livrée,Renaud
6694,6694,2021-02-05,2021-02-12,en cours,Hubert
6695,6695,2022-05-25,2022-05-26,en attente,Dos Santos S.A.
6696,6696,2021-11-26,2021-11-29,livrée,Schneider
6697,6697,2020-05-16,2020-05-19,en cours,Ruiz et Fils
6698,6698,2024-08-06,2024-08-07,livrée,Laroche Martineau et Fils
6699,6699,2019-03-04,2019-03-07,livrée,Julien
6700,6700,2025-10-23,2025-10-25,en cours,Goncalves SA
6701,6701,2020-03-01,2020-03-07,livrée,Lévy Techer S.A.S.
6702,6702,2019-08-27,2019-09-03,livrée,Klein Hubert SA
6703,6703,2020-06-20,2020-06-21,livrée,Normand et Fils
6704,6704,2024-07-19,2024-07-22,livrée,Pires
6705,6705,2025-08-05,2025-08-10,en cours,Charpentier
6706,6706,2019-12-29,2020-01-02,en attente,Gros Michel SA
6707,6707,2023-07-10,2023-07-12,en attente,Guillou S.A.
6708,6708,2025-03-17,2025-03-21,livrée,Lopes
6709,6709,2025-03-20,2025-03-23,en cours,Mathieu SA
6710,6710,2023-10-23,2023-10-30,en attente,Toussaint
6711,6711,2020-07-03,2020-07-05,livrée,Payet
6712,6712,2020-05-28,2020-05-31,en cours,Godard Baron et Fils
6713,6713,2021-07-09,2021-07-12,en cours,Bernard
6714,6714,2019-08-09,2019-08-15,livrée,Bourgeois SA
6715,6715,2022-03-01,2022-03-08,en cours,Imbert
6716,6716,2025-11-26,2025-11-30,livrée,Philippe Michaud S.A.R.L.
6717,6717,2025-10-07,2025-10-12,en attente,De Sousa
6718,6718,2021-06-18,2021-06-24,en cours,Bonneau SA
6719,6719,2025-08-09,2025-08-11,en cours,Moulin
6720,6720,2021-06-22,2021-06-26,en attente,Peron
6721,6721,2025-01-12,2025-01-14,en cours,Perrier SARL
6722,6722,2023-01-30,2023-02-02,en cours,Delattre Delmas SA
6723,6723,2022-05-12,2022-05-17,livrée,Mary
6724,6724,2024-06-26,2024-06-27,livrée,Boulanger
6725,6725,2019-05-07,2019-05-12,en attente,Boutin Perrin S.A.
6726,6726,2020-09-20,2020-09-24,en attente,Salmon
6727,6727,2022-04-05,2022-04-09,en attente,Ledoux
6728,6728,2024-06-19,2024-06-23,livrée,Seguin
6729,6729,2022-03-13,2022-03-15,en cours,Cohen David S.A.S.
6730,6730,2023-05-10,2023-05-11,en attente,Bourdon
6731,6731,2025-10-15,2025-10-19,en attente,Barre
6732,6732,2024-08-04,2024-08-08,en cours,Martin S.A.S.
6733,6733,2023-08-05,2023-08-12,en attente,Pages
6734,6734,2021-08-13,2021-08-15,livrée,Allain
6735,6735,2021-09-29,2021-09-30,en attente,Renaud
6736,6736,2024-12-09,2024-12-10,livrée,Teixeira
6737,6737,2020-12-31,2021-01-03,livrée,Léger
6738,6738,2022-05-21,2022-05-25,livrée,Deschamps et Fils
6739,6739,2020-04-10,2020-04-15,livrée,Henry Peltier SARL
6740,6740,2022-03-28,2022-03-31,livrée,Fernandes Launay et Fils
6741,6741,2024-03-21,2024-03-28,en attente,Lopes
6742,6742,2023-01-01,2023-01-02,livrée,Bernier Collet SA
6743,6743,2024-04-16,2024-04-22,en attente,Michel SARL
6744,6744,2025-05-18,2025-05-23,en attente,Lebreton Grégoire S.A.
6745,6745,2024-12-23,2024-12-24,en attente,Roger S.A.R.L.
6746,6746,2022-06-20,2022-06-22,en cours,Mercier
6747,6747,2019-09-10,2019-09-12,en cours,Gautier S.A.R.L.
6748,6748,2023-03-02,2023-03-03,en cours,Joseph
6749,6749,2025-04-06,2025-04-07,en attente,Lévy S.A.
6750,6750,2022-06-23,2022-06-28,en cours,Meyer SARL
6751,6751,2019-02-08,2019-02-10,en cours,Bourgeois
6752,6752,2024-04-12,2024-04-16,livrée,Baudry
6753,6753,2019-07-12,2019-07-15,en attente,Fernandes
6754,6754,2024-04-18,2024-04-22,livrée,Andre
6755,6755,2021-10-04,2021-10-08,en attente,Lucas S.A.R.L.
6756,6756,2019-05-29,2019-06-04,en cours,Wagner et Fils
6757,6757,2025-03-04,2025-03-10,en cours,Rivière Marchal SA
6758,6758,2023-04-09,2023-04-13,en cours,Bodin
6759,6759,2019-06-08,2019-06-10,livrée,Pineau et Fils
6760,6760,2021-07-18,2021-07-25,en attente,Barbier
6761,6761,2022-03-16,2022-03-20,en attente,Pascal SARL
6762,6762,2024-10-30,2024-11-03,livrée,Lopez
6763,6763,2022-08-09,2022-08-10,en attente,Lopez SA
6764,6764,2024-09-22,2024-09-26,en attente,Peltier Besnard SA
6765,6765,2023-03-24,2023-03-26,livrée,Lévêque et Fils
6766,6766,2024-10-21,2024-10-25,livrée,Samson
6767,6767,2023-05-30,2023-06-05,en attente,Auger
6768,6768,2022-08-16,2022-08-17,en attente,Weiss Colas S.A.R.L.
6769,6769,2023-03-19,2023-03-24,en cours,Parent
6770,6770,2023-07-13,2023-07-19,en cours,Valette S.A.
6771,6771,2023-01-26,2023-01-30,en cours,Costa Besson et Fils
6772,6772,2020-04-17,2020-04-22,en cours,Ferrand
6773,6773,2022-06-30,2022-07-02,en attente,Mercier
6774,6774,2025-06-02,2025-06-05,en cours,Mace Charles SARL
6775,6775,2025-01-12,2025-01-14,livrée,Valette S.A.R.L.
6776,6776,2021-05-07,2021-05-09,en cours,Daniel
6777,6777,2019-04-12,2019-04-16,en attente,Hoareau S.A.R.L.
6778,6778,2024-03-23,2024-03-28,livrée,Cohen
6779,6779,2025-09-22,2025-09-25,livrée,Renault
6780,6780,2022-08-23,2022-08-24,livrée,Alves Boutin S.A.S.
6781,6781,2022-11-16,2022-11-19,livrée,Dupont Huet S.A.R.L.
6782,6782,2025-10-02,2025-10-05,en cours,Chevallier Dijoux S.A.R.L.
6783,6783,2021-01-28,2021-02-03,en cours,Letellier Lopez SA
6784,6784,2020-07-09,2020-07-12,en cours,Gomez et Fils
6785,6785,2025-11-03,2025-11-05,en cours,Payet et Fils
6786,6786,2024-03-03,2024-03-08,livrée,Caron Verdier et Fils
6787,6787,2021-12-05,2021-12-07,livrée,Ferrand Bazin SA
6788,6788,2020-08-22,2020-08-26,livrée,Guérin Hoareau SARL
6789,6789,2023-11-04,2023-11-10,livrée,Laine SARL
6790,6790,2022-10-17,2022-10-20,livrée,Roger Hamel SA
6791,6791,2019-01-02,2019-01-08,livrée,Navarro
6792,6792,2023-03-13,2023-03-14,en attente,Peron SA
6793,6793,2021-11-15,2021-11-20,livrée,Peltier et Fils
6794,6794,2024-10-01,2024-10-06,livrée,Langlois
6795,6795,2020-02-01,2020-02-03,en attente,Allain
6796,6796,2024-05-13,2024-05-20,en cours,Grondin
6797,6797,2025-07-16,2025-07-20,livrée,Guichard
6798,6798,2020-10-14,2020-10-20,en cours,Guyot
6799,6799,2022-10-15,2022-10-18,livrée,Léger S.A.
6800,6800,2020-01-03,2020-01-06,en attente,Berger
6801,6801,2023-10-22,2023-10-23,en attente,Delannoy S.A.
6802,6802,2019-07-28,2019-07-29,en cours,Caron Laroche SARL
6803,6803,2022-11-08,2022-11-10,en cours,Camus
6804,6804,2025-04-26,2025-04-29,en cours,Vasseur S.A.S.
6805,6805,2019-09-06,2019-09-13,livrée,Hernandez et Fils
6806,6806,2020-05-02,2020-05-03,en attente,Bouchet Langlois SA
6807,6807,2022-08-03,2022-08-04,en cours,Barthelemy
6808,6808,2021-11-20,2021-11-27,en attente,Pinto Bernard SARL
6809,6809,2023-10-28,2023-10-31,en cours,Hernandez S.A.R.L.
6810,6810,2022-02-22,2022-02-25,livrée,Leclerc Imbert SA
6811,6811,2021-02-28,2021-03-04,livrée,Dupré
6812,6812,2019-12-05,2019-12-09,en cours,Brun
6813,6813,2023-03-23,2023-03-28,livrée,Boulanger SA
6814,6814,2025-06-30,2025-07-03,en cours,Michaud SA
6815,6815,2021-06-04,2021-06-06,livrée,Meyer
6816,6816,2019-04-26,2019-05-03,en attente,Salmon Leleu et Fils
6817,6817,2019-09-18,2019-09-20,en attente,Fischer S.A.S.
6818,6818,2023-01-01,2023-01-02,en cours,Delorme
6819,6819,2025-10-08,2025-10-12,livrée,Bouchet
6820,6820,2020-11-12,2020-11-18,en cours,Normand
6821,6821,2019-01-29,2019-02-02,en cours,Marie
6822,6822,2019-05-21,2019-05-23,en cours,Fouquet et Fils
6823,6823,2019-02-18,2019-02-25,en cours,Imbert S.A.S.
6824,6824,2024-10-23,2024-10-24,en attente,Deschamps
6825,6825,2024-12-11,2024-12-14,en attente,Brun et Fils
6826,6826,2020-04-05,2020-04-09,livrée,Pons
6827,6827,2022-11-09,2022-11-12,en attente,Blin Martineau et Fils
6828,6828,2025-03-03,2025-03-06,en cours,Thomas
6829,6829,2025-08-16,2025-08-22,livrée,Merle
6830,6830,2019-06-07,2019-06-08,en attente,Courtois Sanchez SA
6831,6831,2022-06-26,2022-06-29,en attente,Lejeune
6832,6832,2024-05-23,2024-05-24,en cours,Pages Payet SA
6833,6833,2023-03-29,2023-04-01,livrée,Schmitt S.A.R.L.
6834,6834,2019-03-10,2019-03-11,en cours,Da Costa SARL
6835,6835,2023-07-14,2023-07-20,en cours,Grenier Pierre SARL
6836,6836,2023-01-16,2023-01-18,livrée,Colas S.A.S.
6837,6837,2023-04-10,2023-04-12,en attente,Raynaud
6838,6838,2019-06-10,2019-06-13,en cours,Georges
6839,6839,2020-08-07,2020-08-09,en cours,Delahaye et Fils
6840,6840,2020-04-05,2020-04-08,en cours,Rousset S.A.S.
6841,6841,2020-08-18,2020-08-23,en attente,Denis
6842,6842,2024-04-18,2024-04-20,en cours,Leclercq
6843,6843,2019-08-04,2019-08-10,en cours,Étienne S.A.R.L.
6844,6844,2021-03-11,2021-03-12,livrée,Boucher
6845,6845,2024-07-30,2024-08-05,en attente,Riou
6846,6846,2022-04-25,2022-05-02,livrée,Guillou S.A.R.L.
6847,6847,2021-01-17,2021-01-22,livrée,Seguin
6848,6848,2021-05-06,2021-05-09,livrée,Grondin
6849,6849,2020-05-25,2020-05-31,en cours,Guérin
6850,6850,2020-03-05,2020-03-09,en cours,Pons
6851,6851,2024-12-10,2024-12-13,en cours,Bruneau Huet S.A.
6852,6852,2020-03-15,2020-03-22,en cours,Thomas
6853,6853,2019-03-05,2019-03-12,livrée,Louis S.A.S.
6854,6854,2025-12-22,2025-12-29,en cours,Laurent
6855,6855,2020-05-17,2020-05-21,en cours,Hamon
6856,6856,2025-12-07,2025-12-13,livrée,Blanc
6857,6857,2021-04-30,2021-05-04,livrée,Tanguy
6858,6858,2022-01-15,2022-01-22,livrée,Germain Renaud SA
6859,6859,2022-04-04,2022-04-11,en attente,Roussel
6860,6860,2021-10-05,2021-10-08,en cours,Nicolas
6861,6861,2019-07-10,2019-07-17,en cours,Rocher S.A.
6862,6862,2020-02-04,2020-02-07,en cours,Weiss
6863,6863,2020-03-02,2020-03-08,en attente,Fleury S.A.R.L.
6864,6864,2024-05-20,2024-05-24,en cours,Robin
6865,6865,2025-07-19,2025-07-26,en cours,Lopes Michaud S.A.R.L.
6866,6866,2024-07-29,2024-07-31,livrée,Robert
6867,6867,2023-07-17,2023-07-20,en attente,Georges SARL
6868,6868,2019-06-27,2019-07-01,en cours,Fischer SARL
6869,6869,2022-01-09,2022-01-10,en attente,Lebon SARL
6870,6870,2023-10-03,2023-10-07,en attente,Lacroix
6871,6871,2019-01-09,2019-01-15,en attente,Coste
6872,6872,2022-06-22,2022-06-29,en cours,Jacob
6873,6873,2025-01-03,2025-01-06,en attente,Foucher Philippe S.A.
6874,6874,2025-05-26,2025-05-30,en attente,Chauvet
6875,6875,2019-02-07,2019-02-13,en cours,Brunet SARL
6876,6876,2019-04-04,2019-04-07,livrée,Pascal
6877,6877,2025-08-27,2025-08-29,livrée,Hernandez
6878,6878,2020-09-07,2020-09-14,livrée,Ramos
6879,6879,2024-04-08,2024-04-15,livrée,Jacob SARL
6880,6880,2025-10-04,2025-10-10,livrée,Pinto Marion SARL
6881,6881,2020-01-13,2020-01-14,livrée,Descamps
6882,6882,2023-10-12,2023-10-18,en cours,Torres S.A.S.
6883,6883,2023-11-21,2023-11-25,livrée,Costa et Fils
6884,6884,2020-01-03,2020-01-06,en cours,Lejeune Guillet S.A.S.
6885,6885,2020-11-08,2020-11-12,livrée,Joubert Marty S.A.S.
6886,6886,2023-08-07,2023-08-13,en attente,Lecoq Boulanger S.A.
6887,6887,2025-03-30,2025-04-04,en cours,Lefort Rousset S.A.
6888,6888,2025-07-16,2025-07-21,en attente,Pinto Grondin S.A.
6889,6889,2023-05-05,2023-05-06,en cours,Rodrigues SARL
6890,6890,2021-04-26,2021-05-01,livrée,Raynaud
6891,6891,2025-05-03,2025-05-09,en cours,Guillot
6892,6892,2023-06-04,2023-06-06,en attente,Joly SA
6893,6893,2019-06-01,2019-06-04,en cours,Gaudin SARL
6894,6894,2024-07-30,2024-07-31,en attente,Poulain S.A.R.L.
6895,6895,2022-10-24,2022-10-27,en cours,Camus
6896,6896,2020-07-16,2020-07-19,en cours,Roussel Charles SARL
6897,6897,2019-08-23,2019-08-27,en attente,Hardy Blanc SARL
6898,6898,2020-01-17,2020-01-20,en attente,Martins
6899,6899,2025-05-16,2025-05-23,en cours,Breton
6900,6900,2019-02-14,2019-02-21,livrée,Gillet
6901,6901,2020-11-30,2020-12-01,livrée,Jourdan
6902,6902,2020-12-26,2020-12-30,en attente,Barbier
6903,6903,2022-09-11,2022-09-12,livrée,Descamps S.A.
6904,6904,2023-08-30,2023-09-01,en attente,Sauvage
6905,6905,2024-12-08,2024-12-13,en cours,Étienne
6906,6906,2022-10-14,2022-10-19,en attente,Fournier S.A.
6907,6907,2024-08-26,2024-09-01,en cours,Lemaître S.A.S.
6908,6908,2022-05-19,2022-05-26,livrée,Étienne et Fils
6909,6909,2023-08-12,2023-08-16,en cours,Aubry
6910,6910,2022-07-15,2022-07-19,en attente,Foucher Gonzalez et Fils
6911,6911,2025-01-19,2025-01-24,en cours,Navarro
6912,6912,2025-10-12,2025-10-17,livrée,Laroche
6913,6913,2025-09-13,2025-09-16,en attente,Pons
6914,6914,2024-01-05,2024-01-07,en cours,Pascal Dupuy SARL
6915,6915,2024-06-20,2024-06-24,en cours,Roy SARL
6916,6916,2024-11-23,2024-11-28,en attente,Collet
6917,6917,2022-11-11,2022-11-13,en cours,Navarro Goncalves S.A.S.
6918,6918,2023-10-19,2023-10-26,en attente,Grondin et Fils
6919,6919,2021-07-30,2021-07-31,en cours,Jacquet
6920,6920,2021-11-23,2021-11-25,en cours,Thierry SARL
6921,6921,2022-01-22,2022-01-25,livrée,Buisson Dubois S.A.R.L.
6922,6922,2024-12-01,2024-12-08,en cours,Guérin S.A.S.
6923,6923,2023-02-22,2023-03-01,en attente,Moulin Carpentier SA
6924,6924,2019-07-11,2019-07-14,livrée,Noël S.A.R.L.
6925,6925,2021-09-21,2021-09-24,en attente,Vallée S.A.R.L.
6926,6926,2022-10-10,2022-10-11,en cours,Guibert
6927,6927,2020-07-28,2020-08-03,livrée,Albert Regnier S.A.R.L.
6928,6928,2024-10-09,2024-10-16,en attente,Duhamel
6929,6929,2022-11-20,2022-11-26,livrée,Hebert
6930,6930,2025-04-10,2025-04-14,en attente,Maillet SA
6931,6931,2025-12-24,2025-12-27,livrée,Bodin
6932,6932,2022-12-03,2022-12-06,en attente,François S.A.R.L.
6933,6933,2024-11-02,2024-11-09,en cours,Thomas S.A.
6934,6934,2020-10-30,2020-11-06,livrée,Pages et Fils
6935,6935,2021-03-24,2021-03-26,en cours,Blot Klein S.A.S.
6936,6936,2024-04-28,2024-05-05,en cours,Meunier
6937,6937,2024-04-30,2024-05-05,en cours,Leconte SARL
6938,6938,2019-10-01,2019-10-02,livrée,Bousquet Thomas S.A.
6939,6939,2019-01-11,2019-01-17,en attente,Becker Thierry SARL
6940,6940,2024-12-11,2024-12-12,en cours,Baudry
6941,6941,2020-02-14,2020-02-19,livrée,Lefort
6942,6942,2019-12-13,2019-12-17,livrée,Boulay
6943,6943,2025-01-30,2025-02-03,livrée,Regnier
6944,6944,2024-12-26,2024-12-31,en cours,Lévy S.A.S.
6945,6945,2023-12-27,2023-12-31,en attente,Prévost
6946,6946,2022-04-10,2022-04-14,en attente,Maillard SA
6947,6947,2022-08-12,2022-08-13,en attente,Guibert SA
6948,6948,2024-01-27,2024-01-31,livrée,Blanc
6949,6949,2021-02-05,2021-02-07,en attente,Perrot
6950,6950,2019-09-16,2019-09-17,en cours,Buisson Fournier SA
6951,6951,2023-05-12,2023-05-19,livrée,Monnier et Fils
6952,6952,2021-06-13,2021-06-16,en attente,Paul
6953,6953,2024-02-03,2024-02-04,livrée,Dias
6954,6954,2020-09-11,2020-09-18,en attente,Bouvet
6955,6955,2019-07-13,2019-07-17,livrée,Marchal
6956,6956,2022-02-19,2022-02-21,livrée,Maillet et Fils
6957,6957,2024-01-01,2024-01-02,en cours,Baron
6958,6958,2024-01-29,2024-02-04,livrée,Foucher
6959,6959,2021-09-25,2021-09-30,livrée,Charles
6960,6960,2025-09-08,2025-09-09,en attente,Berthelot et Fils
6961,6961,2025-11-04,2025-11-07,en attente,Arnaud
6962,6962,2025-06-28,2025-07-04,livrée,Martin
6963,6963,2019-01-20,2019-01-21,livrée,Guillon
6964,6964,2024-09-01,2024-09-04,livrée,Camus
6965,6965,2022-07-30,2022-08-05,en cours,Jacob
6966,6966,2022-10-28,2022-10-30,en attente,Gomes Bodin S.A.
6967,6967,2023-10-06,2023-10-07,livrée,Hernandez
6968,6968,2024-03-25,2024-03-29,en cours,Rocher S.A.R.L.
6969,6969,2019-01-08,2019-01-11,en cours,Wagner Ribeiro SARL
6970,6970,2025-03-20,2025-03-21,livrée,Nguyen Sanchez SARL
6971,6971,2020-08-26,2020-09-01,en attente,Le Gall
6972,6972,2022-10-27,2022-11-02,livrée,Adam
6973,6973,2021-06-05,2021-06-07,en attente,Peltier
6974,6974,2023-10-23,2023-10-30,en attente,Lamy
6975,6975,2023-11-03,2023-11-09,livrée,Fontaine
6976,6976,2022-02-23,2022-02-25,livrée,Parent
6977,6977,2022-11-01,2022-11-08,en cours,Grondin
6978,6978,2021-10-28,2021-11-04,en attente,Dijoux
6979,6979,2023-06-17,2023-06-21,en attente,Lebreton
6980,6980,2019-02-09,2019-02-16,en cours,Monnier
6981,6981,2022-10-18,2022-10-25,en cours,Schmitt S.A.
6982,6982,2022-07-29,2022-08-04,livrée,Launay
6983,6983,2022-08-19,2022-08-21,en attente,Marty Germain SA
6984,6984,2024-08-07,2024-08-12,en cours,Dumas
6985,6985,2020-09-24,2020-10-01,en attente,Buisson Vincent S.A.R.L.
6986,6986,2025-08-01,2025-08-05,en attente,Lefebvre Rocher SA
6987,6987,2022-01-05,2022-01-10,en attente,Cousin
6988,6988,2022-07-20,2022-07-27,livrée,Renault S.A.
6989,6989,2020-07-27,2020-07-28,livrée,Bodin
6990,6990,2024-04-27,2024-04-28,livrée,Rodrigues
6991,6991,2025-08-11,2025-08-12,en attente,Leduc S.A.S.
6992,6992,2023-08-04,2023-08-09,en attente,Monnier
6993,6993,2019-04-14,2019-04-17,en attente,Dupont
6994,6994,2019-08-18,2019-08-19,en attente,Peron
6995,6995,2024-02-25,2024-03-03,livrée,Gaudin
6996,6996,2023-09-20,2023-09-26,en attente,Thomas
6997,6997,2021-03-18,2021-03-20,en attente,Lopez Delannoy S.A.
6998,6998,2021-05-16,2021-05-22,en cours,Lebon Lamy S.A.S.
6999,6999,2024-08-31,2024-09-01,en attente,Joubert
7000,7000,2024-07-13,2024-07-20,en attente,Allard S.A.S.
7001,7001,2021-08-19,2021-08-23,en cours,Schmitt Leconte et Fils
7002,7002,2021-08-20,2021-08-25,en attente,Lejeune Pires SARL
7003,7003,2024-02-12,2024-02-15,en attente,Peltier
7004,7004,2022-12-04,2022-12-05,en attente,Guérin
7005,7005,2020-06-13,2020-06-17,en cours,Bertrand S.A.
7006,7006,2021-12-20,2021-12-26,en cours,Gérard
7007,7007,2020-12-15,2020-12-16,en cours,Prévost
7008,7008,2022-03-13,2022-03-17,en cours,Gallet Brun S.A.R.L.
7009,7009,2019-12-15,2019-12-18,livrée,Chauvin S.A.R.L.
7010,7010,2025-10-17,2025-10-19,en cours,Lelièvre
7011,7011,2020-08-18,2020-08-21,en cours,Gay S.A.S.
7012,7012,2021-04-01,2021-04-03,livrée,Giraud S.A.R.L.
7013,7013,2023-11-18,2023-11-21,livrée,Boulay
7014,7014,2023-12-03,2023-12-07,en attente,Dufour Picard S.A.S.
7015,7015,2021-01-26,2021-01-29,en attente,Guilbert Bertrand S.A.R.L.
7016,7016,2022-09-30,2022-10-07,en cours,Lefort
7017,7017,2021-07-25,2021-07-30,en attente,Mathieu
7018,7018,2025-01-18,2025-01-23,en attente,Chevalier Laurent S.A.
7019,7019,2024-07-02,2024-07-08,livrée,Salmon Muller SARL
7020,7020,2025-02-18,2025-02-21,en attente,Grondin Guillet S.A.S.
7021,7021,2023-05-13,2023-05-17,en cours,Delattre SARL
7022,7022,2024-12-20,2024-12-26,en cours,Laine
7023,7023,2021-07-24,2021-07-29,en attente,Arnaud
7024,7024,2020-05-03,2020-05-09,en cours,Chauveau
7025,7025,2023-05-12,2023-05-17,en attente,Pages S.A.
7026,7026,2019-08-27,2019-09-03,en cours,Torres
7027,7027,2019-08-19,2019-08-24,livrée,Mary Duval S.A.S.
7028,7028,2021-08-18,2021-08-22,livrée,Poirier
7029,7029,2023-06-07,2023-06-14,livrée,Morvan
7030,7030,2023-12-20,2023-12-21,en cours,Jacquet S.A.S.
7031,7031,2025-12-25,2025-12-31,livrée,David Dufour SA
7032,7032,2021-06-21,2021-06-22,en attente,Voisin
7033,7033,2022-10-11,2022-10-18,en attente,Rey S.A.R.L.
7034,7034,2024-10-23,2024-10-24,livrée,Blot
7035,7035,2019-05-12,2019-05-14,en cours,Gimenez
7036,7036,2022-02-17,2022-02-22,en cours,Renard
7037,7037,2020-10-20,2020-10-21,livrée,Fernandes
7038,7038,2024-01-04,2024-01-09,en attente,Joseph Peron S.A.R.L.
7039,7039,2024-08-08,2024-08-14,en attente,Bertrand
7040,7040,2021-08-29,2021-08-31,livrée,Daniel SA
7041,7041,2019-07-17,2019-07-23,en attente,Parent
7042,7042,2021-03-22,2021-03-27,en attente,Jacquot Paris S.A.R.L.
7043,7043,2021-04-04,2021-04-11,livrée,Benard
7044,7044,2021-04-09,2021-04-12,en attente,Peron Seguin et Fils
7045,7045,2024-08-18,2024-08-23,en cours,Berger
7046,7046,2025-08-19,2025-08-22,en attente,Pierre
7047,7047,2022-04-30,2022-05-05,en cours,Masse
7048,7048,2025-11-15,2025-11-21,livrée,Carlier S.A.
7049,7049,2021-03-02,2021-03-05,en cours,Benard Guibert SA
7050,7050,2024-06-10,2024-06-11,en attente,Diallo
7051,7051,2025-07-31,2025-08-04,en cours,Gomez Vasseur S.A.S.
7052,7052,2023-05-02,2023-05-03,livrée,Moreau S.A.S.
7053,7053,2023-03-05,2023-03-10,en attente,Marty
7054,7054,2022-07-02,2022-07-04,livrée,Masson S.A.
7055,7055,2023-04-23,2023-04-28,livrée,Fabre
7056,7056,2023-07-08,2023-07-14,livrée,Collin
7057,7057,2025-06-22,2025-06-24,livrée,Hubert
7058,7058,2023-04-07,2023-04-14,livrée,Merle S.A.
7059,7059,2025-09-30,2025-10-05,livrée,Jacquot Mace S.A.S.
7060,7060,2019-02-23,2019-03-02,en attente,Blondel
7061,7061,2023-06-26,2023-06-30,livrée,Perret
7062,7062,2023-01-23,2023-01-29,livrée,Gomez
7063,7063,2025-04-07,2025-04-12,en attente,Roy S.A.
7064,7064,2020-12-13,2020-12-15,en cours,Chauvet
7065,7065,2023-01-20,2023-01-21,en cours,Gautier
7066,7066,2024-04-30,2024-05-03,livrée,Antoine
7067,7067,2019-08-02,2019-08-06,en attente,Maury
7068,7068,2021-05-25,2021-05-28,en cours,Boyer
7069,7069,2021-09-21,2021-09-26,livrée,Guyot
7070,7070,2021-09-12,2021-09-16,en cours,Weber
7071,7071,2025-02-21,2025-02-23,en cours,Normand
7072,7072,2024-07-25,2024-07-27,en cours,Bonnet Bailly S.A.S.
7073,7073,2024-05-01,2024-05-08,en cours,Toussaint Poulain SARL
7074,7074,2022-05-03,2022-05-09,en attente,Descamps
7075,7075,2025-04-26,2025-05-03,livrée,Lambert S.A.S.
7076,7076,2025-09-25,2025-10-01,en attente,Guillot
7077,7077,2025-01-12,2025-01-18,livrée,Carre
7078,7078,2020-05-23,2020-05-30,en cours,Lecomte
7079,7079,2023-10-26,2023-10-29,livrée,Brunel
7080,7080,2025-10-13,2025-10-19,en attente,Samson Léger et Fils
7081,7081,2024-02-18,2024-02-20,livrée,Pierre Pons S.A.
7082,7082,2022-03-05,2022-03-10,en cours,Seguin
7083,7083,2021-03-26,2021-03-27,en cours,Perrier Bonneau S.A.
7084,7084,2024-04-16,2024-04-23,en attente,Guillaume
7085,7085,2019-11-14,2019-11-15,en cours,Carre
7086,7086,2025-08-30,2025-09-02,livrée,Nguyen Robert SARL
7087,7087,2020-08-24,2020-08-25,livrée,Noël et Fils
7088,7088,2024-08-12,2024-08-16,en attente,Imbert SA
7089,7089,2025-02-20,2025-02-27,en cours,Goncalves S.A.R.L.
7090,7090,2020-12-22,2020-12-25,en attente,Lacroix
7091,7091,2024-04-07,2024-04-14,en cours,Morin S.A.R.L.
7092,7092,2023-03-22,2023-03-27,en cours,Marchand
7093,7093,2021-05-06,2021-05-10,en attente,Paul
7094,7094,2019-03-17,2019-03-21,en attente,David S.A.
7095,7095,2022-10-23,2022-10-29,livrée,Antoine
7096,7096,2020-03-04,2020-03-10,livrée,Collin et Fils
7097,7097,2020-01-23,2020-01-29,en attente,Lebreton
7098,7098,2023-11-04,2023-11-09,livrée,Marie
7099,7099,2022-10-28,2022-10-29,en cours,Boulay
7100,7100,2019-03-14,2019-03-15,livrée,Dias
7101,7101,2025-03-22,2025-03-24,en attente,Leblanc SARL
7102,7102,2023-11-23,2023-11-30,en cours,Gautier et Fils
7103,7103,2019-09-12,2019-09-18,en attente,Colas Arnaud S.A.
7104,7104,2021-06-30,2021-07-03,en cours,Morvan Ollivier S.A.R.L.
7105,7105,2021-07-30,2021-08-01,en attente,Dumas
7106,7106,2022-03-22,2022-03-24,en attente,Lévy
7107,7107,2020-02-14,2020-02-21,en attente,Renard S.A.S.
7108,7108,2021-09-13,2021-09-19,livrée,Le Roux Loiseau S.A.S.
7109,7109,2023-04-27,2023-05-01,en cours,Pelletier
7110,7110,2025-06-15,2025-06-21,en cours,Bazin S.A.R.L.
7111,7111,2025-01-27,2025-01-31,livrée,Guillot Legros et Fils
7112,7112,2021-04-28,2021-05-04,livrée,Bernier
7113,7113,2025-01-21,2025-01-28,en cours,Mahe Aubert S.A.R.L.
7114,7114,2021-12-18,2021-12-19,livrée,Bourdon et Fils
7115,7115,2020-04-21,2020-04-27,livrée,Prévost et Fils
7116,7116,2024-04-01,2024-04-05,livrée,Laurent Maillard S.A.R.L.
7117,7117,2024-09-03,2024-09-06,en attente,Gimenez
7118,7118,2024-07-30,2024-08-02,en attente,Guillon S.A.
7119,7119,2020-10-30,2020-11-05,en attente,Antoine Rémy S.A.
7120,7120,2023-11-27,2023-11-30,en attente,Joseph
7121,7121,2019-03-16,2019-03-18,livrée,Maréchal
7122,7122,2024-10-29,2024-11-05,en attente,Dos Santos S.A.R.L.
7123,7123,2024-03-08,2024-03-15,livrée,Traore
7124,7124,2021-08-15,2021-08-21,livrée,Germain S.A.R.L.
7125,7125,2022-04-09,2022-04-13,en attente,Guyon
7126,7126,2023-04-06,2023-04-09,en cours,Lamy S.A.S.
7127,7127,2019-04-19,2019-04-26,livrée,Regnier Roy et Fils
7128,7128,2024-08-06,2024-08-11,en attente,Chrétien
7129,7129,2023-10-22,2023-10-26,livrée,David et Fils
7130,7130,2023-03-04,2023-03-11,en cours,Cousin Ollivier S.A.
7131,7131,2019-01-05,2019-01-09,en cours,Meyer
7132,7132,2022-06-22,2022-06-25,en cours,Delaunay
7133,7133,2022-04-08,2022-04-10,en attente,Ferrand
7134,7134,2025-05-13,2025-05-16,en attente,Deschamps
7135,7135,2025-02-19,2025-02-23,livrée,Collin Renard S.A.
7136,7136,2020-02-25,2020-02-28,en cours,Bourgeois SA
7137,7137,2019-08-22,2019-08-23,en cours,Bourgeois
7138,7138,2021-07-18,2021-07-20,en attente,Leroy
7139,7139,2020-02-06,2020-02-08,en cours,Tessier et Fils
7140,7140,2020-04-11,2020-04-14,en cours,Barbe
7141,7141,2022-05-03,2022-05-09,en attente,Laurent Briand S.A.S.
7142,7142,2021-04-04,2021-04-11,en attente,Hervé S.A.R.L.
7143,7143,2020-07-10,2020-07-15,en cours,Simon
7144,7144,2024-03-13,2024-03-14,livrée,Becker et Fils
7145,7145,2022-10-25,2022-10-31,en cours,Brunet S.A.R.L.
7146,7146,2022-08-16,2022-08-19,en cours,Maillet S.A.S.
7147,7147,2020-04-13,2020-04-20,en cours,Labbé
7148,7148,2023-10-17,2023-10-20,en attente,Vaillant
7149,7149,2020-04-26,2020-05-02,en attente,Blanchard Navarro SA
7150,7150,2023-11-29,2023-12-06,en attente,Munoz Nicolas S.A.
7151,7151,2025-07-09,2025-07-13,en cours,Traore Robin et Fils
7152,7152,2023-04-10,2023-04-15,livrée,Le Gall Bourdon S.A.R.L.
7153,7153,2020-01-17,2020-01-21,en attente,Petitjean
7154,7154,2019-10-06,2019-10-09,en cours,Legendre
7155,7155,2020-05-29,2020-06-02,livrée,Marques
7156,7156,2024-12-06,2024-12-13,en cours,Bourdon
7157,7157,2019-06-11,2019-06-16,livrée,Fontaine
7158,7158,2022-02-04,2022-02-08,en attente,Vincent SA
7159,7159,2020-08-26,2020-08-31,en cours,Ferrand Guillon SA
7160,7160,2019-02-02,2019-02-09,en attente,Duval
7161,7161,2019-10-28,2019-10-31,en cours,Chevalier S.A.S.
7162,7162,2021-04-04,2021-04-06,livrée,Hoareau S.A.
7163,7163,2024-08-25,2024-08-27,livrée,Pasquier SARL
7164,7164,2023-02-01,2023-02-02,en attente,Jourdan
7165,7165,2020-01-20,2020-01-27,en attente,Simon
7166,7166,2020-03-04,2020-03-06,livrée,Deschamps et Fils
7167,7167,2024-07-27,2024-08-01,livrée,Bonneau
7168,7168,2021-09-26,2021-09-30,en cours,Besson
7169,7169,2021-11-01,2021-11-02,en attente,Bourgeois et Fils
7170,7170,2022-06-14,2022-06-19,en attente,Martineau
7171,7171,2020-04-21,2020-04-23,en attente,Renard Legendre S.A.S.
7172,7172,2021-10-26,2021-10-30,livrée,Renaud
7173,7173,2023-01-16,2023-01-21,en attente,Le Roux S.A.R.L.
7174,7174,2021-04-22,2021-04-26,en attente,Maillot
7175,7175,2020-12-19,2020-12-24,en cours,Morin SARL
7176,7176,2024-03-24,2024-03-27,livrée,Rousset
7177,7177,2024-06-05,2024-06-09,livrée,Camus Pons S.A.S.
7178,7178,2024-09-16,2024-09-20,livrée,Delmas S.A.S.
7179,7179,2022-12-13,2022-12-20,en cours,Camus Ramos S.A.S.
7180,7180,2022-06-15,2022-06-18,en cours,Langlois
7181,7181,2022-06-14,2022-06-17,livrée,Perrier SA
7182,7182,2025-03-03,2025-03-05,en cours,Bourdon Delorme S.A.S.
7183,7183,2021-12-03,2021-12-08,livrée,Adam
7184,7184,2019-07-12,2019-07-17,en attente,Perez
7185,7185,2020-06-11,2020-06-12,livrée,Renard
7186,7186,2022-06-29,2022-07-02,en attente,Chevallier
7187,7187,2019-12-28,2019-12-31,livrée,Ramos
7188,7188,2024-03-23,2024-03-30,en cours,Bruneau
7189,7189,2024-12-01,2024-12-06,en attente,Lesage SA
7190,7190,2024-10-16,2024-10-22,en attente,Leleu Mathieu S.A.
7191,7191,2023-11-18,2023-11-25,en cours,Poirier
7192,7192,2020-09-01,2020-09-02,en attente,Monnier
7193,7193,2024-10-20,2024-10-25,en attente,Rousset Laporte SARL
7194,7194,2023-10-06,2023-10-12,en attente,Garnier
7195,7195,2024-03-25,2024-03-26,en attente,Joubert
7196,7196,2022-01-17,2022-01-22,en attente,Arnaud S.A.
7197,7197,2025-05-04,2025-05-07,livrée,Picard
7198,7198,2019-07-05,2019-07-08,livrée,Berthelot
7199,7199,2020-06-02,2020-06-09,livrée,Klein
7200,7200,2024-10-18,2024-10-22,en attente,Mathieu SA
7201,7201,2022-08-22,2022-08-28,en cours,Diallo
7202,7202,2025-01-14,2025-01-18,livrée,Bourdon et Fils
7203,7203,2024-11-03,2024-11-06,livrée,Ollivier
7204,7204,2025-10-21,2025-10-28,en attente,Benard
7205,7205,2023-12-17,2023-12-20,livrée,Didier S.A.S.
7206,7206,2025-10-18,2025-10-19,en cours,Dumas Fabre SARL
7207,7207,2024-10-30,2024-11-04,en cours,Paul S.A.S.
7208,7208,2024-01-05,2024-01-07,livrée,Regnier SA
7209,7209,2022-11-06,2022-11-09,en attente,Pages Auger S.A.S.
7210,7210,2020-01-02,2020-01-07,en attente,Aubry SARL
7211,7211,2019-08-24,2019-08-28,en attente,Moreno
7212,7212,2022-01-02,2022-01-03,en attente,Guibert
7213,7213,2025-11-08,2025-11-11,en cours,Hamel
7214,7214,2025-08-27,2025-08-28,en attente,Humbert
7215,7215,2019-05-21,2019-05-23,en attente,Tanguy
7216,7216,2022-01-23,2022-01-26,en cours,Guibert
7217,7217,2022-08-05,2022-08-10,en cours,Masson
7218,7218,2019-12-01,2019-12-03,en attente,Lévêque
7219,7219,2021-01-20,2021-01-27,en attente,Blanchet Fontaine S.A.R.L.
7220,7220,2020-07-23,2020-07-27,livrée,Royer S.A.S.
7221,7221,2023-06-11,2023-06-17,en cours,Benoit Monnier S.A.R.L.
7222,7222,2024-11-30,2024-12-04,en cours,Vidal SARL
7223,7223,2024-01-28,2024-01-29,en cours,Ruiz
7224,7224,2022-05-06,2022-05-08,en attente,Maury Martinez SARL
7225,7225,2024-05-09,2024-05-11,livrée,Gomez Masse SARL
7226,7226,2019-03-19,2019-03-25,en cours,Laroche Dupuis S.A.
7227,7227,2025-09-18,2025-09-19,en attente,Bègue Berger et Fils
7228,7228,2020-06-16,2020-06-23,en attente,Bourdon
7229,7229,2023-03-29,2023-04-03,en cours,Bodin
7230,7230,2025-07-10,2025-07-17,en attente,Pons
7231,7231,2022-07-11,2022-07-13,en attente,Monnier
7232,7232,2023-01-20,2023-01-26,en cours,Rousseau
7233,7233,2025-11-20,2025-11-27,livrée,Albert
7234,7234,2021-05-01,2021-05-03,en attente,Lagarde Hernandez S.A.R.L.
7235,7235,2024-03-23,2024-03-29,livrée,Wagner Henry S.A.
7236,7236,2021-08-18,2021-08-25,livrée,Delaunay
7237,7237,2023-05-17,2023-05-18,en attente,Delmas
7238,7238,2022-09-07,2022-09-13,en cours,Aubert
7239,7239,2020-06-11,2020-06-14,livrée,Mace Leleu S.A.
7240,7240,2022-02-26,2022-03-03,livrée,Dupont Leclercq SA
7241,7241,2025-01-02,2025-01-04,en cours,Moreno
7242,7242,2024-04-03,2024-04-08,en cours,Lecoq
7243,7243,2021-02-16,2021-02-19,en attente,Boutin
7244,7244,2022-12-05,2022-12-10,livrée,Prévost S.A.S.
7245,7245,2021-07-11,2021-07-13,en attente,Rey Benard SA
7246,7246,2024-03-22,2024-03-23,en cours,Dumas S.A.
7247,7247,2022-07-08,2022-07-12,en cours,Renaud
7248,7248,2022-01-11,2022-01-15,en attente,Dias Delattre S.A.
7249,7249,2023-04-15,2023-04-21,en cours,Benoit
7250,7250,2025-07-13,2025-07-15,en attente,Lambert Lecoq S.A.S.
7251,7251,2023-04-21,2023-04-28,en cours,Gaillard et Fils
7252,7252,2025-01-16,2025-01-21,livrée,Vallée
7253,7253,2021-06-19,2021-06-24,en cours,Pinto SARL
7254,7254,2024-11-10,2024-11-12,en cours,Payet
7255,7255,2025-01-10,2025-01-16,en attente,Roussel
7256,7256,2021-04-11,2021-04-14,en cours,Alves SA
7257,7257,2021-10-23,2021-10-29,livrée,Charrier
7258,7258,2024-09-21,2024-09-23,livrée,Maury Delmas S.A.
7259,7259,2023-11-05,2023-11-06,livrée,Lecomte S.A.S.
7260,7260,2020-12-03,2020-12-10,en cours,Nguyen S.A.
7261,7261,2023-11-23,2023-11-29,livrée,Weber
7262,7262,2021-05-12,2021-05-15,livrée,Fernandez
7263,7263,2025-08-12,2025-08-19,livrée,Bègue
7264,7264,2025-03-02,2025-03-06,livrée,Girard SA
7265,7265,2019-10-14,2019-10-20,en attente,Jourdan
7266,7266,2023-03-22,2023-03-26,en cours,Le Goff
7267,7267,2024-08-23,2024-08-24,en attente,Pons S.A.S.
7268,7268,2020-12-20,2020-12-27,livrée,Camus S.A.S.
7269,7269,2022-04-01,2022-04-03,en cours,Grégoire
7270,7270,2023-02-14,2023-02-16,livrée,Huet Perez S.A.R.L.
7271,7271,2020-08-26,2020-08-29,en attente,Pascal S.A.
7272,7272,2019-05-27,2019-05-28,en attente,Potier SARL
7273,7273,2020-06-07,2020-06-14,en attente,Guillaume
7274,7274,2025-08-25,2025-08-31,livrée,Guillaume
7275,7275,2024-12-08,2024-12-15,livrée,Marchand Cohen S.A.R.L.
7276,7276,2019-05-03,2019-05-05,en attente,Martins
7277,7277,2023-01-24,2023-01-31,en attente,Martin Colas SA
7278,7278,2023-08-10,2023-08-14,en attente,Arnaud
7279,7279,2025-04-05,2025-04-07,en cours,Duval
7280,7280,2023-12-31,2024-01-03,livrée,Gros S.A.
7281,7281,2025-04-09,2025-04-14,en attente,Grenier
7282,7282,2025-10-25,2025-10-27,en attente,Moreno
7283,7283,2019-09-01,2019-09-06,livrée,Boutin Fernandez SA
7284,7284,2024-12-07,2024-12-12,livrée,Allard S.A.
7285,7285,2024-07-25,2024-07-28,en cours,Bernier Bouvier SA
7286,7286,2019-07-01,2019-07-07,livrée,Hernandez SA
7287,7287,2019-03-02,2019-03-07,en cours,Bègue
7288,7288,2020-03-13,2020-03-17,en attente,Peron
7289,7289,2019-11-21,2019-11-28,en attente,Leclercq S.A.S.
7290,7290,2019-01-16,2019-01-20,en cours,Hoarau SA
7291,7291,2020-12-08,2020-12-10,livrée,Marchal
7292,7292,2023-07-11,2023-07-12,en attente,Léger et Fils
7293,7293,2024-08-20,2024-08-27,en cours,Mendès
7294,7294,2024-03-24,2024-03-29,en attente,Hoareau S.A.R.L.
7295,7295,2021-02-27,2021-02-28,en attente,Gérard Klein S.A.
7296,7296,2023-03-21,2023-03-26,livrée,Seguin
7297,7297,2021-05-28,2021-05-31,en attente,Guyot
7298,7298,2025-10-01,2025-10-08,en attente,Bousquet
7299,7299,2020-10-09,2020-10-13,en cours,Pires
7300,7300,2019-07-05,2019-07-11,en cours,Clerc
7301,7301,2022-05-29,2022-05-31,en attente,Lefebvre S.A.R.L.
7302,7302,2022-02-25,2022-02-27,en cours,Foucher
7303,7303,2020-04-19,2020-04-23,en attente,Chauvet
7304,7304,2022-12-27,2023-01-01,en cours,Boutin S.A.R.L.
7305,7305,2019-05-01,2019-05-03,livrée,Renaud
7306,7306,2021-12-08,2021-12-13,livrée,Tessier
7307,7307,2023-08-31,2023-09-05,en cours,Evrard S.A.S.
7308,7308,2021-08-16,2021-08-23,en attente,Barbier
7309,7309,2024-05-31,2024-06-03,en attente,François SARL
7310,7310,2021-10-01,2021-10-05,en attente,Benoit S.A.R.L.
7311,7311,2024-12-19,2024-12-20,livrée,Perrier
7312,7312,2020-01-18,2020-01-20,en attente,Bousquet S.A.S.
7313,7313,2021-08-22,2021-08-28,livrée,Guibert et Fils
7314,7314,2020-07-08,2020-07-11,en cours,Becker
7315,7315,2021-02-25,2021-02-26,en attente,Alexandre Roux S.A.S.
7316,7316,2019-03-29,2019-04-01,en cours,Weber et Fils
7317,7317,2024-05-24,2024-05-26,en cours,Lesage
7318,7318,2022-04-24,2022-04-27,en cours,Turpin et Fils
7319,7319,2019-01-09,2019-01-12,en attente,Benoit Julien SA
7320,7320,2021-10-11,2021-10-16,en attente,Rolland
7321,7321,2025-01-02,2025-01-06,en cours,Pichon
7322,7322,2019-12-25,2019-12-27,en cours,Samson
7323,7323,2019-06-03,2019-06-09,livrée,Fouquet
7324,7324,2020-06-07,2020-06-09,en cours,Samson
7325,7325,2025-12-30,2026-01-03,en cours,Bertin SA
7326,7326,2023-04-13,2023-04-15,livrée,Lambert
7327,7327,2025-08-21,2025-08-24,en cours,Lefebvre Letellier SA
7328,7328,2019-04-02,2019-04-07,livrée,Hervé S.A.
7329,7329,2021-04-05,2021-04-06,livrée,Devaux Martinez et Fils
7330,7330,2024-08-22,2024-08-26,en cours,Payet Devaux SA
7331,7331,2020-09-12,2020-09-16,en cours,Delorme S.A.
7332,7332,2019-11-16,2019-11-17,livrée,Roux SA
7333,7333,2025-03-15,2025-03-18,livrée,Ribeiro SA
7334,7334,2020-05-08,2020-05-12,en attente,Mahe S.A.R.L.
7335,7335,2023-08-13,2023-08-15,en cours,Descamps S.A.R.L.
7336,7336,2020-12-01,2020-12-02,livrée,Bonnet Sanchez S.A.S.
7337,7337,2021-11-02,2021-11-04,en attente,Fernandez SARL
7338,7338,2020-07-22,2020-07-23,en cours,Monnier Clément SA
7339,7339,2020-11-17,2020-11-19,livrée,Gilbert S.A.S.
7340,7340,2022-01-20,2022-01-26,en attente,Chauvet
7341,7341,2020-12-10,2020-12-16,en attente,Dumas Brunet S.A.S.
7342,7342,2019-11-10,2019-11-12,en attente,Bourdon
7343,7343,2020-05-08,2020-05-11,en cours,Leclercq
7344,7344,2020-08-31,2020-09-04,en cours,Dias
7345,7345,2024-05-09,2024-05-13,en cours,Alves S.A.S.
7346,7346,2024-11-03,2024-11-08,en cours,Michaud
7347,7347,2023-09-22,2023-09-29,livrée,Maurice S.A.
7348,7348,2023-11-24,2023-11-30,en cours,Pineau
7349,7349,2024-09-10,2024-09-15,livrée,Fernandez S.A.
7350,7350,2024-04-04,2024-04-10,livrée,Aubry S.A.R.L.
7351,7351,2025-01-05,2025-01-11,livrée,Étienne
7352,7352,2020-12-23,2020-12-27,en attente,Merle
7353,7353,2021-10-05,2021-10-10,livrée,Lamy S.A.R.L.
7354,7354,2025-07-23,2025-07-27,en cours,Teixeira et Fils
7355,7355,2022-10-30,2022-11-05,en cours,Tessier et Fils
7356,7356,2020-09-25,2020-10-02,livrée,Pichon et Fils
7357,7357,2025-11-18,2025-11-25,en attente,Mace Guillet S.A.R.L.
7358,7358,2023-08-02,2023-08-08,en cours,Hoarau
7359,7359,2021-03-14,2021-03-15,en attente,Jean Meyer et Fils
7360,7360,2025-11-09,2025-11-12,livrée,Pascal
7361,7361,2023-01-20,2023-01-24,en cours,Tanguy Ledoux et Fils
7362,7362,2024-12-22,2024-12-23,en attente,Peltier
7363,7363,2023-06-27,2023-06-30,en attente,Renault
7364,7364,2020-05-17,2020-05-19,en cours,Bonnin
7365,7365,2022-03-09,2022-03-16,en cours,Pages Meyer et Fils
7366,7366,2020-04-21,2020-04-26,en attente,Renaud
7367,7367,2019-12-02,2019-12-08,en attente,Bertrand
7368,7368,2024-12-04,2024-12-05,en attente,Pascal
7369,7369,2021-03-05,2021-03-06,en cours,Moulin S.A.S.
7370,7370,2025-07-10,2025-07-14,en attente,Breton et Fils
7371,7371,2019-01-28,2019-02-02,en cours,Perez
7372,7372,2019-04-03,2019-04-07,en cours,Lenoir Lebrun SA
7373,7373,2023-06-21,2023-06-23,en cours,Gomez Schmitt S.A.R.L.
7374,7374,2024-04-05,2024-04-12,en cours,Barre Rémy S.A.
7375,7375,2022-12-05,2022-12-12,en attente,Renaud
7376,7376,2025-11-09,2025-11-11,en attente,Petit
7377,7377,2024-12-05,2024-12-11,en attente,Perez S.A.S.
7378,7378,2024-11-02,2024-11-09,livrée,Le Gall
7379,7379,2024-02-21,2024-02-22,livrée,Valette Pasquier SARL
7380,7380,2021-04-20,2021-04-22,en cours,Chrétien
7381,7381,2025-01-02,2025-01-04,en attente,Ferrand Gaudin S.A.
7382,7382,2021-08-14,2021-08-20,livrée,Léger S.A.S.
7383,7383,2024-06-17,2024-06-19,en attente,Lefebvre
7384,7384,2024-12-06,2024-12-11,en cours,Lefort Deschamps et Fils
7385,7385,2023-01-10,2023-01-12,en cours,Pages
7386,7386,2021-11-29,2021-12-01,livrée,Couturier SARL
7387,7387,2024-10-28,2024-11-03,en cours,Toussaint S.A.S.
7388,7388,2024-03-28,2024-04-01,livrée,Huet Fouquet SARL
7389,7389,2022-01-23,2022-01-28,livrée,Louis S.A.
7390,7390,2022-02-07,2022-02-11,en cours,Pineau Costa et Fils
7391,7391,2020-03-30,2020-04-06,en cours,Bazin
7392,7392,2021-02-07,2021-02-09,livrée,Verdier et Fils
7393,7393,2019-11-17,2019-11-19,en cours,Evrard
7394,7394,2023-05-09,2023-05-16,en cours,Fernandes SA
7395,7395,2019-05-16,2019-05-19,livrée,Paris
7396,7396,2023-07-02,2023-07-04,en attente,Alves Hernandez S.A.S.
7397,7397,2021-02-28,2021-03-03,en attente,Bousquet
7398,7398,2022-02-09,2022-02-12,en cours,Vallet S.A.S.
7399,7399,2025-03-04,2025-03-05,en attente,Humbert Couturier S.A.
7400,7400,2022-06-24,2022-06-30,en cours,Besson S.A.
7401,7401,2019-12-27,2020-01-01,en attente,Le Roux S.A.
7402,7402,2025-05-06,2025-05-11,livrée,Grondin Hebert S.A.S.
7403,7403,2025-06-13,2025-06-17,livrée,Leblanc
7404,7404,2021-12-07,2021-12-14,en attente,Barthelemy
7405,7405,2022-11-25,2022-11-28,en cours,Brunet Pottier SARL
7406,7406,2023-08-21,2023-08-28,livrée,Da Silva
7407,7407,2023-05-11,2023-05-15,livrée,Coste
7408,7408,2020-07-26,2020-07-28,en cours,Bonneau
7409,7409,2022-12-29,2023-01-04,en cours,Leroy Rousset SARL
7410,7410,2021-10-21,2021-10-25,livrée,Delmas
7411,7411,2020-02-23,2020-02-28,livrée,Alves
7412,7412,2023-04-23,2023-04-25,en attente,Lejeune
7413,7413,2025-11-11,2025-11-13,en cours,Peron Lefebvre S.A.
7414,7414,2023-06-17,2023-06-22,livrée,Gérard Mercier S.A.S.
7415,7415,2020-07-28,2020-08-01,en cours,Vincent
7416,7416,2025-08-03,2025-08-10,en cours,Lucas Le Goff SA
7417,7417,2022-08-24,2022-08-29,en attente,Didier
7418,7418,2020-06-18,2020-06-21,en attente,Petitjean Gros S.A.R.L.
7419,7419,2020-08-18,2020-08-23,en attente,Gonzalez
7420,7420,2024-03-20,2024-03-21,en cours,Neveu
7421,7421,2022-12-05,2022-12-06,en cours,Meunier Grégoire et Fils
7422,7422,2023-11-14,2023-11-16,en attente,Duhamel
7423,7423,2025-05-24,2025-05-27,en attente,Gallet
7424,7424,2023-03-05,2023-03-07,en attente,Lecoq
7425,7425,2022-07-30,2022-07-31,en attente,Martins Roux et Fils
7426,7426,2021-02-19,2021-02-21,en attente,Marchal Lelièvre SA
7427,7427,2025-01-16,2025-01-17,livrée,Colas
7428,7428,2020-09-08,2020-09-15,en cours,François Charpentier SARL
7429,7429,2020-12-16,2020-12-17,en attente,Da Silva
7430,7430,2020-05-21,2020-05-23,en cours,Boucher
7431,7431,2021-12-30,2022-01-01,en cours,Costa
7432,7432,2023-04-02,2023-04-06,livrée,Boutin
7433,7433,2022-04-26,2022-04-27,livrée,Didier SA
7434,7434,2025-09-06,2025-09-12,en attente,Baron
7435,7435,2019-11-14,2019-11-18,en cours,Leleu et Fils
7436,7436,2019-12-12,2019-12-18,livrée,Turpin Joubert S.A.S.
7437,7437,2019-08-25,2019-08-31,en cours,Blanchard
7438,7438,2022-06-21,2022-06-28,en cours,Thierry
7439,7439,2025-07-28,2025-08-01,en cours,Weber
7440,7440,2025-03-18,2025-03-21,en attente,Perrin
7441,7441,2021-12-10,2021-12-17,en cours,Becker
7442,7442,2024-12-10,2024-12-14,en cours,Chauveau Maillot S.A.
7443,7443,2019-10-31,2019-11-06,en attente,Blanchet Marty SA
7444,7444,2024-11-10,2024-11-11,en cours,Ramos et Fils
7445,7445,2021-06-24,2021-06-30,en cours,Marin
7446,7446,2021-05-07,2021-05-11,livrée,Boulanger
7447,7447,2023-09-06,2023-09-10,livrée,Buisson Delannoy S.A.
7448,7448,2019-04-15,2019-04-22,en cours,Raynaud
7449,7449,2025-08-08,2025-08-11,livrée,Joubert
7450,7450,2022-10-09,2022-10-13,en attente,Buisson
7451,7451,2022-05-04,2022-05-07,en attente,Hubert
7452,7452,2019-09-29,2019-10-04,livrée,Launay
7453,7453,2020-11-11,2020-11-15,livrée,Girard Teixeira S.A.
7454,7454,2024-01-19,2024-01-20,livrée,Hernandez
7455,7455,2024-06-26,2024-07-01,en cours,Robin Perrin et Fils
7456,7456,2021-07-20,2021-07-24,en cours,Carlier
7457,7457,2023-08-08,2023-08-14,en cours,Renaud et Fils
7458,7458,2019-10-13,2019-10-18,livrée,Guyot Becker SA
7459,7459,2022-10-05,2022-10-06,livrée,Boulanger
7460,7460,2019-09-08,2019-09-11,en cours,Charpentier
7461,7461,2022-12-10,2022-12-13,livrée,Marty
7462,7462,2024-03-27,2024-04-02,en attente,Fleury S.A.
7463,7463,2024-03-28,2024-04-03,en attente,Delannoy
7464,7464,2024-05-27,2024-05-30,en cours,Briand S.A.R.L.
7465,7465,2022-01-20,2022-01-21,en cours,Marie S.A.R.L.
7466,7466,2023-11-19,2023-11-20,en attente,Labbé Pelletier et Fils
7467,7467,2024-11-22,2024-11-27,livrée,Reynaud SA
7468,7468,2022-09-02,2022-09-09,en cours,Leconte Lopez S.A.
7469,7469,2025-11-21,2025-11-27,en cours,Morin Michaud S.A.
7470,7470,2020-01-24,2020-01-27,livrée,Royer S.A.
7471,7471,2023-07-14,2023-07-21,en attente,Raynaud
7472,7472,2023-05-11,2023-05-13,en cours,Gomes S.A.S.
7473,7473,2024-10-17,2024-10-23,livrée,Guilbert
7474,7474,2022-11-21,2022-11-24,en attente,Roy
7475,7475,2024-06-24,2024-06-29,livrée,Buisson Charles et Fils
7476,7476,2019-02-06,2019-02-07,livrée,Fouquet
7477,7477,2023-04-25,2023-04-27,en cours,Gérard
7478,7478,2021-10-28,2021-11-03,en attente,Prévost
7479,7479,2019-04-12,2019-04-17,en attente,Lelièvre
7480,7480,2019-12-23,2019-12-26,livrée,Roussel Morel SARL
7481,7481,2021-03-11,2021-03-13,en cours,Diallo
7482,7482,2025-01-10,2025-01-17,livrée,Lagarde Maurice SA
7483,7483,2022-03-15,2022-03-19,en attente,Techer Prévost SARL
7484,7484,2020-12-06,2020-12-10,en cours,Munoz S.A.S.
7485,7485,2023-08-01,2023-08-07,livrée,Caron Lamy S.A.R.L.
7486,7486,2021-05-16,2021-05-17,livrée,Fontaine
7487,7487,2023-11-17,2023-11-23,en attente,Potier et Fils
7488,7488,2020-10-01,2020-10-02,en cours,Gosselin S.A.S.
7489,7489,2022-12-24,2022-12-30,livrée,Lefort
7490,7490,2025-03-16,2025-03-18,livrée,Perrin
7491,7491,2025-08-05,2025-08-12,en cours,Boyer S.A.S.
7492,7492,2019-09-25,2019-09-28,en attente,Roche et Fils
7493,7493,2025-04-01,2025-04-08,livrée,Bertin Pascal et Fils
7494,7494,2019-07-15,2019-07-21,en cours,Bonneau
7495,7495,2024-01-05,2024-01-08,livrée,Rossi Olivier et Fils
7496,7496,2024-04-25,2024-04-28,en attente,Barthelemy Lefort et Fils
7497,7497,2023-02-25,2023-02-28,en attente,Leblanc
7498,7498,2019-01-13,2019-01-19,livrée,Colas De Oliveira S.A.R.L.
7499,7499,2022-11-06,2022-11-11,livrée,Hernandez S.A.
7500,7500,2023-02-26,2023-03-01,livrée,Lejeune et Fils
7501,7501,2025-05-04,2025-05-05,livrée,Delattre Chevalier S.A.S.
7502,7502,2019-03-21,2019-03-24,en cours,Baron Verdier et Fils
7503,7503,2020-03-17,2020-03-23,livrée,Vincent et Fils
7504,7504,2020-10-07,2020-10-11,en cours,Launay
7505,7505,2020-07-19,2020-07-20,en attente,Guérin SA
7506,7506,2022-05-23,2022-05-26,en attente,Brunet SARL
7507,7507,2019-12-24,2019-12-28,livrée,Blanchet SA
7508,7508,2025-08-30,2025-09-05,en attente,Morel Gomes S.A.
7509,7509,2025-04-24,2025-04-30,livrée,Schneider Muller S.A.
7510,7510,2019-01-24,2019-01-31,en cours,Guillon
7511,7511,2019-07-23,2019-07-28,en cours,Camus Cousin S.A.
7512,7512,2023-08-14,2023-08-16,livrée,Klein
7513,7513,2022-06-29,2022-07-04,en attente,Bailly
7514,7514,2021-09-11,2021-09-14,en cours,Gomes Weiss S.A.
7515,7515,2025-10-19,2025-10-23,en cours,Pichon Grégoire SARL
7516,7516,2024-08-05,2024-08-11,en attente,Prévost et Fils
7517,7517,2024-02-04,2024-02-06,en attente,Blanchard
7518,7518,2019-05-08,2019-05-15,en cours,Bruneau Blanchet S.A.S.
7519,7519,2024-06-30,2024-07-06,livrée,Roy
7520,7520,2024-11-04,2024-11-06,en cours,Mahe
7521,7521,2021-04-04,2021-04-11,en cours,Cohen
7522,7522,2021-03-28,2021-03-30,en attente,Diaz
7523,7523,2023-07-24,2023-07-29,en cours,Klein SA
7524,7524,2019-09-17,2019-09-22,en cours,Roux Vallée SARL
7525,7525,2021-04-14,2021-04-19,livrée,Leroux
7526,7526,2024-04-20,2024-04-22,en attente,Lefebvre
7527,7527,2022-09-14,2022-09-17,livrée,Clerc S.A.R.L.
7528,7528,2021-08-15,2021-08-17,livrée,Andre Descamps et Fils
7529,7529,2023-01-17,2023-01-23,en cours,Goncalves Lejeune S.A.S.
7530,7530,2020-09-15,2020-09-17,en attente,Reynaud
7531,7531,2020-01-07,2020-01-09,en attente,Gallet
7532,7532,2023-01-17,2023-01-19,en cours,Jacques
7533,7533,2022-03-18,2022-03-19,en cours,Grenier
7534,7534,2023-01-20,2023-01-27,livrée,Lecomte
7535,7535,2021-01-08,2021-01-14,livrée,Lopes S.A.
7536,7536,2020-03-06,2020-03-11,livrée,Bigot Rocher SA
7537,7537,2024-10-08,2024-10-12,livrée,Parent Joly SA
7538,7538,2025-10-17,2025-10-24,livrée,Bigot
7539,7539,2025-02-02,2025-02-07,en cours,Gay
7540,7540,2024-02-26,2024-02-29,livrée,Chrétien
7541,7541,2025-07-19,2025-07-21,en cours,Denis S.A.R.L.
7542,7542,2020-06-20,2020-06-22,en attente,Ramos
7543,7543,2019-03-07,2019-03-12,en attente,Aubert
7544,7544,2019-07-28,2019-08-02,livrée,Weber SARL
7545,7545,2024-07-10,2024-07-11,livrée,Jacques
7546,7546,2024-08-28,2024-09-01,livrée,Rodriguez
7547,7547,2022-11-14,2022-11-15,en attente,Baron
7548,7548,2022-02-08,2022-02-09,en cours,Henry SA
7549,7549,2024-05-05,2024-05-10,livrée,Barbe SARL
7550,7550,2024-02-29,2024-03-02,en cours,Teixeira
7551,7551,2024-05-19,2024-05-22,en attente,Guérin
7552,7552,2024-11-10,2024-11-11,livrée,Masse
7553,7553,2019-08-16,2019-08-22,en attente,Langlois
7554,7554,2025-10-21,2025-10-26,en cours,Chevallier Lopez S.A.R.L.
7555,7555,2023-07-15,2023-07-21,en attente,Goncalves
7556,7556,2022-12-27,2022-12-30,livrée,Lévy et Fils
7557,7557,2025-09-21,2025-09-24,en attente,Poulain Cordier S.A.
7558,7558,2019-08-23,2019-08-27,en attente,Gomez S.A.R.L.
7559,7559,2021-10-09,2021-10-11,en cours,Godard
7560,7560,2023-12-02,2023-12-08,en attente,Lecomte
7561,7561,2019-06-03,2019-06-09,livrée,Brunel S.A.
7562,7562,2024-12-03,2024-12-08,en cours,Gérard
7563,7563,2024-09-06,2024-09-13,en cours,Descamps
7564,7564,2021-09-13,2021-09-17,en cours,Guichard SA
7565,7565,2024-03-20,2024-03-26,livrée,Blondel et Fils
7566,7566,2021-03-30,2021-04-06,livrée,Raynaud Martineau et Fils
7567,7567,2022-01-16,2022-01-23,en cours,Grenier
7568,7568,2024-04-14,2024-04-15,en cours,Vallet
7569,7569,2020-12-26,2021-01-01,livrée,Seguin Bouvier S.A.
7570,7570,2020-07-11,2020-07-12,en attente,Dupuy
7571,7571,2020-03-26,2020-03-27,en cours,Barre
7572,7572,2020-10-07,2020-10-08,livrée,Loiseau Bazin S.A.S.
7573,7573,2020-10-01,2020-10-08,livrée,Renard
7574,7574,2023-12-16,2023-12-18,en cours,Noël
7575,7575,2025-06-23,2025-06-24,en cours,Girard et Fils
7576,7576,2020-10-16,2020-10-21,en attente,Robert Bodin S.A.S.
7577,7577,2021-10-20,2021-10-27,en cours,Dupuis
7578,7578,2025-10-09,2025-10-12,en attente,Maillard
7579,7579,2020-03-04,2020-03-07,livrée,Techer Samson S.A.
7580,7580,2019-06-02,2019-06-06,en cours,Hubert
7581,7581,2020-01-10,2020-01-12,en attente,Pasquier
7582,7582,2019-09-23,2019-09-26,en cours,Denis S.A.
7583,7583,2024-06-25,2024-06-28,en cours,Marie
7584,7584,2024-05-03,2024-05-07,en cours,Camus Aubert et Fils
7585,7585,2019-02-01,2019-02-08,en cours,Costa
7586,7586,2022-10-12,2022-10-19,en cours,Guyon
7587,7587,2024-05-27,2024-06-01,en cours,Royer Lenoir SA
7588,7588,2019-06-22,2019-06-29,en attente,Pottier Dos Santos S.A.S.
7589,7589,2020-05-08,2020-05-09,livrée,Delorme
7590,7590,2021-01-04,2021-01-10,en attente,Clerc
7591,7591,2023-02-21,2023-02-24,en cours,Pruvost et Fils
7592,7592,2023-08-07,2023-08-14,livrée,Tessier
7593,7593,2022-11-06,2022-11-11,en cours,Gilles Lecoq SA
7594,7594,2021-03-13,2021-03-18,livrée,Marchand
7595,7595,2019-06-08,2019-06-15,livrée,Cohen Adam et Fils
7596,7596,2024-01-06,2024-01-08,en cours,Bouvet SA
7597,7597,2025-11-16,2025-11-23,en attente,Benoit
7598,7598,2022-07-13,2022-07-14,en cours,Vincent SARL
7599,7599,2023-08-28,2023-09-03,livrée,Maréchal et Fils
7600,7600,2022-10-18,2022-10-24,livrée,Bernard S.A.
7601,7601,2022-03-26,2022-03-31,en cours,Barre SA
7602,7602,2025-11-16,2025-11-23,en cours,Hardy et Fils
7603,7603,2023-12-29,2024-01-02,en attente,Marie
7604,7604,2023-06-09,2023-06-14,livrée,Mary
7605,7605,2025-03-09,2025-03-15,en cours,Richard Renard S.A.S.
7606,7606,2023-08-04,2023-08-11,en attente,Allain S.A.R.L.
7607,7607,2021-10-15,2021-10-21,en attente,Lenoir
7608,7608,2019-09-19,2019-09-20,en attente,Peltier
7609,7609,2022-09-23,2022-09-27,en cours,Marion
7610,7610,2025-02-23,2025-02-25,en attente,Schmitt
7611,7611,2021-08-06,2021-08-09,en cours,Ollivier
7612,7612,2023-11-29,2023-12-04,en cours,Joubert S.A.R.L.
7613,7613,2020-05-17,2020-05-21,en cours,Guichard
7614,7614,2025-09-07,2025-09-10,livrée,Leroux
7615,7615,2021-08-02,2021-08-07,livrée,Gilbert S.A.
7616,7616,2024-11-02,2024-11-05,en cours,Richard SARL
7617,7617,2025-01-08,2025-01-11,en attente,Delaunay S.A.R.L.
7618,7618,2021-11-29,2021-11-30,livrée,Gaudin
7619,7619,2023-08-29,2023-09-02,en attente,Riou Lacroix SARL
7620,7620,2024-09-14,2024-09-15,livrée,Bonnet
7621,7621,2021-12-26,2021-12-27,en attente,Hoareau
7622,7622,2025-10-05,2025-10-07,en cours,Blot Boulay et Fils
7623,7623,2022-09-06,2022-09-12,en cours,Aubert SARL
7624,7624,2021-08-12,2021-08-19,livrée,Maillard Deschamps S.A.S.
7625,7625,2020-04-13,2020-04-19,en attente,Hubert Bazin S.A.
7626,7626,2025-10-01,2025-10-02,en attente,Evrard S.A.
7627,7627,2025-05-11,2025-05-17,en attente,Gay
7628,7628,2019-04-08,2019-04-13,livrée,Vasseur Noël S.A.S.
7629,7629,2020-03-28,2020-03-29,en cours,Boyer
7630,7630,2021-05-22,2021-05-25,en cours,Rossi SA
7631,7631,2019-07-24,2019-07-31,en attente,Boucher
7632,7632,2022-05-01,2022-05-02,en cours,Valentin Martin S.A.R.L.
7633,7633,2020-10-08,2020-10-09,livrée,Courtois
7634,7634,2024-09-07,2024-09-12,en cours,Andre S.A.
7635,7635,2025-11-11,2025-11-13,en cours,Joubert SARL
7636,7636,2019-05-17,2019-05-19,livrée,Gonzalez
7637,7637,2024-05-22,2024-05-23,livrée,Louis
7638,7638,2020-11-18,2020-11-25,en cours,Navarro
7639,7639,2025-08-24,2025-08-30,livrée,Daniel SARL
7640,7640,2020-08-31,2020-09-06,en cours,Hoareau SA
7641,7641,2024-07-10,2024-07-17,en attente,Texier
7642,7642,2019-01-29,2019-02-01,en attente,Jourdan
7643,7643,2025-01-07,2025-01-13,en cours,Pons
7644,7644,2025-08-18,2025-08-20,livrée,Lecomte Giraud S.A.
7645,7645,2022-11-17,2022-11-24,en attente,Bouvier
7646,7646,2023-11-11,2023-11-13,livrée,Weiss Renaud et Fils
7647,7647,2022-07-13,2022-07-18,en cours,Menard
7648,7648,2019-12-01,2019-12-06,en attente,Hoareau
7649,7649,2022-11-25,2022-11-30,livrée,Klein
7650,7650,2020-02-24,2020-02-25,en cours,Mahe SA
7651,7651,2022-03-15,2022-03-22,livrée,Roger Picard S.A.S.
7652,7652,2024-09-06,2024-09-08,en attente,Vallet
7653,7653,2020-07-21,2020-07-26,en attente,Prévost Antoine S.A.S.
7654,7654,2023-06-07,2023-06-08,en attente,Labbé Fleury S.A.S.
7655,7655,2024-01-22,2024-01-27,livrée,Picard S.A.S.
7656,7656,2020-02-29,2020-03-02,en cours,Jean
7657,7657,2023-08-03,2023-08-04,en cours,Leleu
7658,7658,2019-06-02,2019-06-04,en cours,Lesage
7659,7659,2023-08-30,2023-09-01,livrée,Wagner SARL
7660,7660,2023-11-10,2023-11-12,en cours,Blanchard S.A.R.L.
7661,7661,2020-07-06,2020-07-11,livrée,Martinez
7662,7662,2025-06-06,2025-06-11,en attente,Bertrand SA
7663,7663,2022-03-04,2022-03-09,en attente,Weiss
7664,7664,2019-03-19,2019-03-23,en attente,Delattre SA
7665,7665,2022-01-31,2022-02-01,livrée,Collet S.A.R.L.
7666,7666,2020-05-07,2020-05-08,en cours,Humbert S.A.
7667,7667,2024-02-11,2024-02-14,en attente,Daniel Marques et Fils
7668,7668,2020-04-09,2020-04-14,en attente,Coste
7669,7669,2021-10-07,2021-10-10,en cours,Hernandez SA
7670,7670,2021-04-03,2021-04-05,en cours,Barbier
7671,7671,2020-11-22,2020-11-29,en cours,Perret Torres S.A.S.
7672,7672,2021-10-15,2021-10-17,en attente,Germain
7673,7673,2023-02-12,2023-02-15,en cours,Albert
7674,7674,2022-09-07,2022-09-08,en cours,Bailly
7675,7675,2024-02-01,2024-02-02,livrée,Masse
7676,7676,2024-03-18,2024-03-23,en attente,Humbert Muller SA
7677,7677,2023-02-20,2023-02-25,en attente,Lacroix SARL
7678,7678,2021-05-31,2021-06-06,en cours,Étienne Bourdon S.A.
7679,7679,2025-05-12,2025-05-14,livrée,Simon SARL
7680,7680,2023-09-03,2023-09-04,livrée,Besnard
7681,7681,2020-09-25,2020-10-01,en cours,Labbé
7682,7682,2022-01-05,2022-01-12,en attente,Girard Michaud SA
7683,7683,2021-03-04,2021-03-08,livrée,Duhamel SA
7684,7684,2024-02-29,2024-03-06,en cours,Lecomte
7685,7685,2019-03-07,2019-03-13,livrée,Dupré
7686,7686,2019-08-22,2019-08-29,en attente,Vaillant S.A.R.L.
7687,7687,2020-09-04,2020-09-09,livrée,Buisson S.A.
7688,7688,2020-11-08,2020-11-13,en attente,Perrier Delmas S.A.
7689,7689,2023-05-30,2023-06-05,livrée,Evrard
7690,7690,2020-04-18,2020-04-21,en cours,Descamps Perrier S.A.
7691,7691,2021-08-25,2021-08-26,livrée,Rémy
7692,7692,2021-02-15,2021-02-19,en attente,Millet Hoareau S.A.R.L.
7693,7693,2019-06-09,2019-06-13,en cours,Mercier Letellier SA
7694,7694,2022-12-18,2022-12-19,en attente,Fleury
7695,7695,2023-11-26,2023-11-29,livrée,Nguyen et Fils
7696,7696,2022-05-20,2022-05-21,en attente,Benard Imbert SARL
7697,7697,2021-10-25,2021-10-27,en attente,Thierry
7698,7698,2023-10-30,2023-10-31,en attente,Lévêque
7699,7699,2023-02-04,2023-02-10,en cours,Gallet SA
7700,7700,2021-02-08,2021-02-13,en cours,Brunel
7701,7701,2024-06-08,2024-06-14,en attente,Leclerc
7702,7702,2020-06-19,2020-06-22,en attente,Guyot
7703,7703,2022-05-19,2022-05-22,en cours,Grenier
7704,7704,2021-09-22,2021-09-26,en attente,Rousset
7705,7705,2023-05-05,2023-05-06,en attente,Samson Maréchal S.A.R.L.
7706,7706,2024-12-04,2024-12-10,en attente,Coulon
7707,7707,2023-08-27,2023-09-02,livrée,Bertin S.A.R.L.
7708,7708,2020-04-14,2020-04-20,en attente,Toussaint Étienne S.A.S.
7709,7709,2022-12-23,2022-12-28,livrée,Moulin S.A.R.L.
7710,7710,2023-12-04,2023-12-06,livrée,Dumas Morvan et Fils
7711,7711,2019-10-12,2019-10-14,en attente,Grenier
7712,7712,2022-10-10,2022-10-15,en cours,Barthelemy
7713,7713,2020-09-26,2020-10-01,livrée,Labbé Joseph SA
7714,7714,2020-03-01,2020-03-05,en attente,Pineau
7715,7715,2022-11-07,2022-11-08,livrée,Mace Sanchez et Fils
7716,7716,2019-03-23,2019-03-24,livrée,Lesage SA
7717,7717,2025-07-23,2025-07-25,en attente,Letellier
7718,7718,2025-09-15,2025-09-21,en cours,Bazin et Fils
7719,7719,2020-12-17,2020-12-22,en cours,Navarro
7720,7720,2025-09-12,2025-09-14,en cours,Dufour SARL
7721,7721,2023-03-27,2023-03-29,en attente,Lefèvre Bertrand SARL
7722,7722,2023-06-06,2023-06-12,en attente,Neveu
7723,7723,2021-02-18,2021-02-22,en attente,Mercier
7724,7724,2021-09-14,2021-09-19,en cours,Fontaine
7725,7725,2025-10-19,2025-10-22,livrée,Sanchez S.A.R.L.
7726,7726,2021-04-12,2021-04-15,en cours,Maury S.A.R.L.
7727,7727,2019-07-05,2019-07-12,livrée,Pierre Raymond SA
7728,7728,2021-03-16,2021-03-17,en attente,Olivier S.A.
7729,7729,2024-06-03,2024-06-08,en cours,Benard
7730,7730,2023-06-27,2023-06-29,en attente,Laroche
7731,7731,2020-04-23,2020-04-28,livrée,Mary
7732,7732,2021-06-08,2021-06-09,livrée,Garcia Becker S.A.S.
7733,7733,2020-01-16,2020-01-19,en attente,Allain Pages et Fils
7734,7734,2020-01-16,2020-01-23,en cours,Cohen
7735,7735,2019-06-01,2019-06-05,en attente,Letellier SA
7736,7736,2025-10-22,2025-10-28,livrée,Moreau Da Silva SA
7737,7737,2023-03-22,2023-03-26,en cours,Carre
7738,7738,2020-03-15,2020-03-20,en cours,Hernandez SA
7739,7739,2023-07-06,2023-07-11,en attente,Seguin S.A.S.
7740,7740,2023-08-08,2023-08-15,en cours,Rivière
7741,7741,2022-10-02,2022-10-06,en attente,Noël Pages et Fils
7742,7742,2025-02-18,2025-02-25,en cours,Boulay
7743,7743,2022-05-07,2022-05-08,en cours,Lamy
7744,7744,2025-04-11,2025-04-13,en cours,Rossi S.A.
7745,7745,2025-11-07,2025-11-10,en cours,Le Gall SA
7746,7746,2019-04-10,2019-04-12,livrée,Langlois
7747,7747,2023-11-29,2023-12-06,en attente,Roger Bonneau et Fils
7748,7748,2019-10-12,2019-10-13,en attente,Gomez
7749,7749,2020-08-23,2020-08-28,en cours,Launay SA
7750,7750,2021-02-08,2021-02-09,en attente,Maillet SA
7751,7751,2022-04-19,2022-04-23,livrée,Pires
7752,7752,2025-09-21,2025-09-25,en attente,Royer
7753,7753,2024-12-14,2024-12-15,en attente,Duhamel
7754,7754,2022-11-03,2022-11-09,en attente,Perez
7755,7755,2020-01-10,2020-01-12,en attente,Humbert
7756,7756,2020-01-15,2020-01-21,en attente,Guichard
7757,7757,2025-11-28,2025-11-29,en attente,Schneider Gomes SA
7758,7758,2022-02-11,2022-02-18,en cours,Marques
7759,7759,2021-05-21,2021-05-26,en attente,Jacques Lambert S.A.R.L.
7760,7760,2022-06-18,2022-06-25,livrée,Barthelemy et Fils
7761,7761,2025-12-16,2025-12-19,en attente,Hoareau
7762,7762,2020-11-16,2020-11-20,en attente,Schneider Girard S.A.R.L.
7763,7763,2019-05-11,2019-05-13,en cours,Bouvet
7764,7764,2019-03-05,2019-03-10,en cours,Gomez
7765,7765,2024-09-01,2024-09-02,en attente,Breton Guérin SA
7766,7766,2021-05-02,2021-05-06,en attente,Vaillant et Fils
7767,7767,2023-05-22,2023-05-29,en cours,Charles S.A.S.
7768,7768,2025-12-29,2025-12-31,livrée,Tanguy
7769,7769,2022-05-12,2022-05-17,en cours,Bernard Pinto SARL
7770,7770,2024-05-24,2024-05-30,livrée,Perez
7771,7771,2021-11-20,2021-11-27,livrée,Hamon Michel et Fils
7772,7772,2019-01-22,2019-01-27,en cours,Lévêque SA
7773,7773,2020-05-31,2020-06-02,en cours,Ribeiro
7774,7774,2020-02-13,2020-02-20,en cours,Rey
7775,7775,2024-08-07,2024-08-12,en cours,Monnier Clément et Fils
7776,7776,2022-01-30,2022-02-06,livrée,Marie S.A.S.
7777,7777,2021-10-06,2021-10-09,en attente,Gaillard
7778,7778,2023-07-18,2023-07-20,en cours,Morvan SARL
7779,7779,2022-04-23,2022-04-29,livrée,Thierry S.A.S.
7780,7780,2020-10-06,2020-10-08,livrée,De Oliveira Henry SARL
7781,7781,2019-07-06,2019-07-08,en attente,Besnard
7782,7782,2019-12-07,2019-12-11,en attente,Fournier Ramos S.A.R.L.
7783,7783,2021-11-27,2021-12-02,en attente,Gomez
7784,7784,2023-02-01,2023-02-03,livrée,Germain S.A.
7785,7785,2022-07-26,2022-07-29,en attente,Fouquet SA
7786,7786,2021-12-12,2021-12-16,en cours,Torres S.A.
7787,7787,2023-02-04,2023-02-07,en attente,Mercier
7788,7788,2020-05-07,2020-05-11,en attente,Reynaud Garnier S.A.S.
7789,7789,2022-07-08,2022-07-10,en attente,Dupuis
7790,7790,2023-03-04,2023-03-09,en cours,Bruneau
7791,7791,2020-03-04,2020-03-11,en cours,Diaz Blin et Fils
7792,7792,2021-07-15,2021-07-16,en cours,Millet S.A.S.
7793,7793,2019-07-22,2019-07-25,livrée,Clément Morin S.A.R.L.
7794,7794,2020-02-29,2020-03-05,en cours,Didier
7795,7795,2023-10-18,2023-10-22,livrée,Daniel
7796,7796,2025-05-10,2025-05-17,en cours,Duhamel
7797,7797,2019-07-01,2019-07-08,en attente,Roger S.A.R.L.
7798,7798,2021-01-21,2021-01-24,livrée,Fouquet Chrétien S.A.S.
7799,7799,2020-10-14,2020-10-18,livrée,Gay S.A.
7800,7800,2023-12-24,2023-12-27,livrée,Paul et Fils
7801,7801,2019-05-14,2019-05-19,livrée,Fournier S.A.
7802,7802,2025-02-21,2025-02-24,livrée,Carre
7803,7803,2025-12-29,2025-12-31,en cours,Bertin
7804,7804,2021-08-29,2021-09-03,en attente,Lacroix Martin S.A.R.L.
7805,7805,2022-04-11,2022-04-18,en cours,Rousset Brunel SA
7806,7806,2022-12-27,2022-12-29,en attente,Lamy
7807,7807,2021-07-29,2021-08-01,livrée,David
7808,7808,2019-01-15,2019-01-19,en attente,Voisin
7809,7809,2021-09-18,2021-09-23,en attente,Marin
7810,7810,2024-05-14,2024-05-19,en attente,Garnier S.A.
7811,7811,2023-05-14,2023-05-20,en attente,Rodriguez
7812,7812,2020-01-02,2020-01-05,livrée,Jacquot SARL
7813,7813,2020-07-20,2020-07-27,en attente,Buisson
7814,7814,2019-03-20,2019-03-22,livrée,Lefort S.A.S.
7815,7815,2025-07-26,2025-07-31,livrée,Delannoy
7816,7816,2024-09-19,2024-09-24,en attente,Normand SARL
7817,7817,2019-04-24,2019-04-28,en cours,Seguin
7818,7818,2019-01-08,2019-01-13,livrée,Briand SARL
7819,7819,2023-06-15,2023-06-19,en attente,Petit
7820,7820,2021-07-04,2021-07-05,en attente,Roussel SA
7821,7821,2019-07-10,2019-07-16,en cours,Voisin
7822,7822,2024-05-13,2024-05-15,en cours,Roger S.A.R.L.
7823,7823,2023-12-31,2024-01-03,livrée,Robin et Fils
7824,7824,2019-09-09,2019-09-12,livrée,François S.A.
7825,7825,2025-10-08,2025-10-11,livrée,Imbert Bodin S.A.S.
7826,7826,2019-03-28,2019-03-30,livrée,Reynaud
7827,7827,2019-08-21,2019-08-22,en cours,Fernandes
7828,7828,2025-08-20,2025-08-22,livrée,Lemonnier Barthelemy S.A.S.
7829,7829,2022-11-22,2022-11-25,livrée,Godard
7830,7830,2019-01-08,2019-01-13,livrée,Gimenez Simon S.A.S.
7831,7831,2020-12-07,2020-12-11,en attente,Camus SARL
7832,7832,2024-11-29,2024-12-04,livrée,Michel
7833,7833,2021-04-19,2021-04-22,livrée,Le Roux Lucas S.A.
7834,7834,2022-09-30,2022-10-04,en attente,Vaillant
7835,7835,2025-10-20,2025-10-23,livrée,Pages
7836,7836,2023-06-09,2023-06-11,en cours,Moulin
7837,7837,2023-04-28,2023-05-03,en attente,Joly SA
7838,7838,2021-11-07,2021-11-08,en attente,Devaux
7839,7839,2020-05-22,2020-05-28,en attente,Delattre S.A.
7840,7840,2025-03-16,2025-03-17,livrée,Pichon SA
7841,7841,2022-09-27,2022-09-28,en attente,Pons S.A.S.
7842,7842,2025-02-05,2025-02-09,livrée,Carre
7843,7843,2022-03-11,2022-03-18,en attente,Marques
7844,7844,2022-01-16,2022-01-22,en attente,Diallo et Fils
7845,7845,2023-11-20,2023-11-27,livrée,Guillot S.A.R.L.
7846,7846,2019-02-21,2019-02-28,en cours,Dijoux
7847,7847,2024-03-30,2024-04-02,en attente,Besnard Delaunay SARL
7848,7848,2022-04-23,2022-04-26,en cours,Rémy
7849,7849,2025-04-25,2025-04-26,en attente,Chauvin
7850,7850,2025-07-14,2025-07-15,en attente,Texier
7851,7851,2025-10-01,2025-10-03,en attente,Prévost Roy SARL
7852,7852,2024-12-24,2024-12-29,en cours,Lacroix
7853,7853,2022-04-13,2022-04-18,livrée,Jourdan
7854,7854,2021-11-27,2021-12-03,livrée,Muller
7855,7855,2021-05-06,2021-05-12,livrée,Neveu
7856,7856,2025-10-16,2025-10-21,en attente,Dupuis S.A.S.
7857,7857,2020-01-16,2020-01-17,livrée,Allain
7858,7858,2023-11-23,2023-11-29,livrée,Aubert
7859,7859,2020-06-24,2020-07-01,livrée,Pereira
7860,7860,2019-04-12,2019-04-19,en attente,Jacques Normand SARL
7861,7861,2025-02-22,2025-02-25,en cours,Bourdon Gay S.A.R.L.
7862,7862,2023-03-30,2023-04-03,en cours,Samson
7863,7863,2023-03-18,2023-03-21,livrée,Dupuy
7864,7864,2022-07-09,2022-07-12,livrée,Bouvier Moulin et Fils
7865,7865,2023-01-23,2023-01-29,en cours,Olivier S.A.R.L.
7866,7866,2022-12-08,2022-12-13,en attente,Lopes SA
7867,7867,2023-08-15,2023-08-20,en attente,Perrier
7868,7868,2020-10-07,2020-10-13,en cours,Pottier Masse SA
7869,7869,2024-08-08,2024-08-11,en attente,Dupuis Rossi et Fils
7870,7870,2021-09-04,2021-09-07,livrée,Evrard
7871,7871,2022-07-15,2022-07-16,en attente,Dupont
7872,7872,2023-02-16,2023-02-19,livrée,Lemaire
7873,7873,2022-11-17,2022-11-20,en cours,Colin
7874,7874,2020-01-14,2020-01-21,livrée,Raynaud Hubert S.A.R.L.
7875,7875,2021-11-21,2021-11-28,en cours,Pottier
7876,7876,2024-12-12,2024-12-14,en cours,Lemaire
7877,7877,2023-12-24,2023-12-30,livrée,Launay
7878,7878,2022-11-17,2022-11-20,en cours,Lopes
7879,7879,2022-08-11,2022-08-12,en cours,Collet
7880,7880,2025-06-02,2025-06-05,livrée,Gaudin Rocher S.A.R.L.
7881,7881,2020-06-19,2020-06-26,en cours,Ferrand
7882,7882,2021-08-08,2021-08-15,livrée,Hardy Bègue S.A.
7883,7883,2024-01-02,2024-01-07,livrée,Dupont S.A.R.L.
7884,7884,2021-10-18,2021-10-23,en cours,Giraud
7885,7885,2020-02-21,2020-02-24,en cours,Joubert SA
7886,7886,2023-12-31,2024-01-01,en cours,Dias S.A.S.
7887,7887,2024-05-18,2024-05-19,en attente,Bernard S.A.R.L.
7888,7888,2022-12-11,2022-12-18,en cours,Delahaye
7889,7889,2022-05-18,2022-05-21,en attente,Boulay
7890,7890,2020-11-11,2020-11-14,en attente,Berthelot
7891,7891,2025-12-23,2025-12-29,en attente,Meyer S.A.S.
7892,7892,2025-11-24,2025-11-29,en cours,Lemonnier S.A.S.
7893,7893,2025-09-10,2025-09-11,livrée,Alves Blin S.A.R.L.
7894,7894,2020-01-17,2020-01-24,en cours,Fernandes
7895,7895,2025-02-08,2025-02-11,en attente,Albert S.A.
7896,7896,2023-11-25,2023-11-29,livrée,Thibault SARL
7897,7897,2024-11-28,2024-11-29,livrée,Hoarau SA
7898,7898,2024-10-29,2024-11-01,en cours,Jacques Bonneau et Fils
7899,7899,2024-03-04,2024-03-09,livrée,Legros
7900,7900,2021-03-30,2021-04-01,en attente,Fontaine
7901,7901,2023-06-17,2023-06-20,en cours,Humbert S.A.R.L.
7902,7902,2020-02-05,2020-02-10,en cours,Riou
7903,7903,2024-04-27,2024-04-29,en attente,Lagarde SARL
7904,7904,2021-06-26,2021-06-28,en attente,Bourdon
7905,7905,2025-12-26,2026-01-02,en cours,Bruneau SA
7906,7906,2021-01-19,2021-01-24,en cours,Peltier
7907,7907,2023-03-11,2023-03-16,livrée,Germain
7908,7908,2024-10-19,2024-10-21,en attente,Besson
7909,7909,2022-06-01,2022-06-08,en attente,Thibault
7910,7910,2025-08-02,2025-08-03,en cours,Brunet
7911,7911,2024-11-03,2024-11-05,en cours,Da Silva
7912,7912,2019-05-22,2019-05-23,en attente,Guillou Lecomte SARL
7913,7913,2024-12-18,2024-12-24,en cours,Diaz SARL
7914,7914,2024-03-10,2024-03-11,en attente,Lefèvre Le Gall S.A.S.
7915,7915,2021-06-20,2021-06-21,en cours,Roche
7916,7916,2020-09-21,2020-09-23,livrée,Fontaine
7917,7917,2019-12-18,2019-12-20,en cours,Duhamel S.A.S.
7918,7918,2023-02-28,2023-03-07,en cours,Gomez Dupont S.A.R.L.
7919,7919,2024-04-14,2024-04-19,en attente,Courtois
7920,7920,2024-06-03,2024-06-07,en cours,Gaillard et Fils
7921,7921,2021-05-26,2021-05-28,livrée,Chrétien
7922,7922,2021-11-06,2021-11-07,en cours,Breton
7923,7923,2021-02-05,2021-02-12,en attente,Lacombe
7924,7924,2020-09-01,2020-09-06,livrée,Bruneau
7925,7925,2019-10-19,2019-10-23,en cours,Collin SA
7926,7926,2021-05-25,2021-05-29,en cours,Benard
7927,7927,2023-01-06,2023-01-12,en cours,Weiss S.A.
7928,7928,2022-01-10,2022-01-15,livrée,Vasseur S.A.R.L.
7929,7929,2024-03-29,2024-04-03,en cours,Torres
7930,7930,2020-04-29,2020-05-06,en cours,Delorme
7931,7931,2022-03-19,2022-03-26,en attente,Fouquet Girard SA
7932,7932,2022-10-11,2022-10-18,en attente,Gilbert Hamon S.A.
7933,7933,2023-06-14,2023-06-15,livrée,Barbe
7934,7934,2019-02-06,2019-02-11,en attente,Rocher
7935,7935,2019-10-07,2019-10-11,en attente,Leroy S.A.
7936,7936,2022-04-01,2022-04-08,en cours,Roux
7937,7937,2024-11-23,2024-11-26,livrée,Fischer Lefebvre S.A.S.
7938,7938,2019-01-18,2019-01-21,livrée,Denis Da Silva SA
7939,7939,2023-07-16,2023-07-17,en cours,Wagner Potier SA
7940,7940,2023-07-09,2023-07-16,en cours,Joly S.A.
7941,7941,2019-08-01,2019-08-08,livrée,Bonnin
7942,7942,2025-01-17,2025-01-22,livrée,Perrin
7943,7943,2019-04-21,2019-04-28,en cours,Grégoire
7944,7944,2021-07-03,2021-07-06,en attente,Coste
7945,7945,2023-05-01,2023-05-04,en attente,Hamel SA
7946,7946,2019-08-01,2019-08-02,livrée,Noël Vidal SA
7947,7947,2025-05-22,2025-05-24,livrée,Roger
7948,7948,2020-02-06,2020-02-08,livrée,Guillon
7949,7949,2022-03-19,2022-03-26,en cours,Picard Lucas et Fils
7950,7950,2020-07-18,2020-07-20,en cours,Roy
7951,7951,2024-10-29,2024-11-03,livrée,Petitjean Vidal SARL
7952,7952,2021-05-22,2021-05-29,en attente,Toussaint
7953,7953,2021-04-11,2021-04-12,en cours,Morin Baudry S.A.
7954,7954,2022-05-22,2022-05-28,en attente,Meyer
7955,7955,2022-04-28,2022-05-05,livrée,Rey
7956,7956,2019-03-15,2019-03-22,livrée,Barbe
7957,7957,2024-05-13,2024-05-20,en attente,Ollivier
7958,7958,2024-05-04,2024-05-09,en cours,Sauvage
7959,7959,2025-12-15,2025-12-17,livrée,Leconte
7960,7960,2021-02-05,2021-02-06,en attente,Auger Navarro SA
7961,7961,2023-04-22,2023-04-26,en cours,Le Gall
7962,7962,2021-08-25,2021-08-29,livrée,Grégoire
7963,7963,2025-11-05,2025-11-09,livrée,Camus SA
7964,7964,2020-09-30,2020-10-01,en attente,Devaux
7965,7965,2024-05-21,2024-05-22,en cours,Dias
7966,7966,2024-08-04,2024-08-11,livrée,Lecomte
7967,7967,2023-12-17,2023-12-22,livrée,Cordier
7968,7968,2021-03-30,2021-04-01,livrée,Dupré
7969,7969,2024-03-23,2024-03-30,en cours,Joly SA
7970,7970,2023-02-02,2023-02-07,en attente,Schmitt
7971,7971,2022-03-05,2022-03-08,en cours,Bouchet Faivre et Fils
7972,7972,2021-12-17,2021-12-21,en attente,Guillon
7973,7973,2022-02-08,2022-02-13,livrée,Pineau S.A.
7974,7974,2025-08-18,2025-08-21,en attente,Coulon Laporte SA
7975,7975,2024-12-31,2025-01-03,en cours,Mary S.A.
7976,7976,2022-06-02,2022-06-07,en cours,Barthelemy Roche et Fils
7977,7977,2022-01-11,2022-01-18,en cours,Benard S.A.R.L.
7978,7978,2024-11-07,2024-11-09,en attente,Moreno Moulin S.A.
7979,7979,2023-02-28,2023-03-05,en cours,Rodrigues
7980,7980,2021-12-14,2021-12-18,en attente,Roche Mary et Fils
7981,7981,2022-02-18,2022-02-23,livrée,Morvan S.A.
7982,7982,2021-11-19,2021-11-25,livrée,Dumas SARL
7983,7983,2022-03-30,2022-04-05,livrée,Dupré De Sousa S.A.S.
7984,7984,2025-11-05,2025-11-07,livrée,Guyot Techer S.A.S.
7985,7985,2024-06-25,2024-07-02,en cours,Descamps
7986,7986,2020-02-20,2020-02-24,livrée,Michaud S.A.R.L.
7987,7987,2023-01-30,2023-01-31,en attente,Mercier Hervé et Fils
7988,7988,2019-11-06,2019-11-11,en attente,Laroche
7989,7989,2024-10-26,2024-10-31,en attente,Sanchez S.A.
7990,7990,2019-09-29,2019-10-02,livrée,Bernier Georges SA
7991,7991,2023-09-10,2023-09-17,livrée,Brunel
7992,7992,2020-09-24,2020-09-25,en cours,Besnard
7993,7993,2019-07-18,2019-07-22,en cours,Laine S.A.S.
7994,7994,2019-04-16,2019-04-18,en cours,Benoit S.A.
7995,7995,2023-10-18,2023-10-21,livrée,Hebert
7996,7996,2020-06-02,2020-06-03,en cours,Merle Ferreira S.A.R.L.
7997,7997,2023-06-18,2023-06-21,en cours,Blot Descamps SA
7998,7998,2021-12-17,2021-12-24,livrée,Ollivier
7999,7999,2023-07-06,2023-07-10,livrée,Delorme et Fils
8000,8000,2022-10-21,2022-10-24,en cours,Nicolas SA
8001,8001,2022-07-03,2022-07-04,en cours,Duval Charrier SA
8002,8002,2019-03-20,2019-03-24,en attente,Leconte
8003,8003,2019-05-10,2019-05-13,livrée,Marin Traore SARL
8004,8004,2024-03-31,2024-04-07,en attente,Guibert et Fils
8005,8005,2024-09-05,2024-09-08,en cours,Verdier
8006,8006,2021-09-21,2021-09-23,livrée,Petitjean
8007,8007,2020-09-30,2020-10-02,en attente,Albert Bouchet S.A.S.
8008,8008,2023-10-14,2023-10-16,en attente,Collin
8009,8009,2021-02-12,2021-02-18,livrée,Rey
8010,8010,2021-06-01,2021-06-05,livrée,Martin S.A.R.L.
8011,8011,2019-12-28,2019-12-31,livrée,Guillet
8012,8012,2020-03-30,2020-03-31,en cours,Leclercq S.A.
8013,8013,2020-03-27,2020-03-30,en cours,Millet Gay SA
8014,8014,2021-09-08,2021-09-15,en cours,Pires De Oliveira SA
8015,8015,2023-11-16,2023-11-23,en cours,Pichon
8016,8016,2023-06-15,2023-06-18,en cours,Briand
8017,8017,2022-11-28,2022-11-30,en attente,Mahe Roux S.A.R.L.
8018,8018,2020-07-30,2020-08-02,en attente,Diallo
8019,8019,2020-06-13,2020-06-17,en cours,Roger
8020,8020,2022-08-18,2022-08-21,en cours,Guillou
8021,8021,2025-12-31,2026-01-02,livrée,Rousset
8022,8022,2025-10-09,2025-10-14,en attente,Valette SARL
8023,8023,2022-07-10,2022-07-11,en cours,Marie
8024,8024,2022-03-28,2022-04-03,en attente,Lesage Noël S.A.
8025,8025,2024-01-04,2024-01-05,en cours,Vasseur Devaux S.A.R.L.
8026,8026,2021-09-19,2021-09-22,en cours,Dias Cordier S.A.
8027,8027,2019-01-22,2019-01-23,livrée,Lacombe Carlier et Fils
8028,8028,2020-03-09,2020-03-14,livrée,Bousquet Pinto SA
8029,8029,2025-02-06,2025-02-07,livrée,Traore
8030,8030,2021-06-29,2021-06-30,en attente,Perret SARL
8031,8031,2021-08-22,2021-08-27,en attente,Labbé
8032,8032,2023-10-10,2023-10-13,en attente,Blot
8033,8033,2021-04-29,2021-05-01,en attente,Reynaud
8034,8034,2024-06-10,2024-06-17,en attente,Brunet Pinto et Fils
8035,8035,2020-04-15,2020-04-17,en attente,Labbé Martin S.A.R.L.
8036,8036,2022-05-15,2022-05-19,livrée,Lefort
8037,8037,2025-08-15,2025-08-21,en attente,Mace SARL
8038,8038,2022-03-23,2022-03-30,en cours,Perrin SARL
8039,8039,2020-10-19,2020-10-26,en cours,Garnier
8040,8040,2019-12-13,2019-12-17,en cours,Valentin S.A.S.
8041,8041,2019-04-01,2019-04-08,en cours,Valentin SARL
8042,8042,2019-11-23,2019-11-29,en attente,Gros SA
8043,8043,2025-02-01,2025-02-03,en cours,Collin Lecomte S.A.
8044,8044,2019-12-20,2019-12-22,en cours,Bonnin Aubry S.A.R.L.
8045,8045,2024-02-18,2024-02-23,livrée,Michaud
8046,8046,2021-07-20,2021-07-21,en attente,Chauvin Raynaud S.A.S.
8047,8047,2019-07-30,2019-08-06,livrée,Vallée
8048,8048,2024-06-03,2024-06-04,en cours,Collin et Fils
8049,8049,2024-12-08,2024-12-13,en cours,Paris
8050,8050,2022-08-31,2022-09-02,en attente,Rémy SA
8051,8051,2025-06-25,2025-06-26,en cours,Maury
8052,8052,2025-10-21,2025-10-23,livrée,Moreno
8053,8053,2022-12-06,2022-12-08,en cours,Dijoux SA
8054,8054,2025-07-10,2025-07-11,en attente,Lacombe S.A.
8055,8055,2020-05-31,2020-06-07,en attente,Hardy et Fils
8056,8056,2023-12-18,2023-12-22,en attente,Lemonnier
8057,8057,2024-09-24,2024-10-01,en cours,Peltier
8058,8058,2020-05-18,2020-05-19,en attente,Sauvage
8059,8059,2024-02-12,2024-02-17,en attente,Lambert Bigot SA
8060,8060,2024-07-05,2024-07-10,en cours,Techer SA
8061,8061,2023-11-28,2023-11-29,livrée,Lambert
8062,8062,2021-08-17,2021-08-19,en attente,Normand et Fils
8063,8063,2020-06-14,2020-06-16,livrée,Huet et Fils
8064,8064,2022-07-18,2022-07-24,en cours,Bertrand S.A.S.
8065,8065,2020-07-22,2020-07-28,en cours,Guillet
8066,8066,2025-06-06,2025-06-08,en attente,Blanc
8067,8067,2021-05-06,2021-05-13,en cours,Raymond
8068,8068,2021-11-27,2021-11-30,en cours,Sauvage
8069,8069,2024-04-13,2024-04-16,en cours,Gaudin
8070,8070,2025-08-08,2025-08-12,en cours,Étienne
8071,8071,2022-01-09,2022-01-14,en cours,Raymond
8072,8072,2024-01-30,2024-02-05,livrée,Bonnin S.A.S.
8073,8073,2024-01-19,2024-01-23,en attente,Pelletier
8074,8074,2019-05-03,2019-05-07,livrée,Mahe
8075,8075,2024-11-13,2024-11-16,en attente,Bouvet
8076,8076,2025-01-04,2025-01-10,en attente,Rousset Baudry S.A.
8077,8077,2019-08-23,2019-08-25,en attente,Ruiz
8078,8078,2019-05-01,2019-05-08,en cours,Rossi et Fils
8079,8079,2021-07-24,2021-07-27,en attente,Albert
8080,8080,2019-06-23,2019-06-27,livrée,Gallet
8081,8081,2020-03-02,2020-03-08,livrée,Blondel
8082,8082,2022-08-04,2022-08-10,en cours,Prévost
8083,8083,2025-08-07,2025-08-11,en cours,Lopes
8084,8084,2021-04-20,2021-04-24,en attente,Potier
8085,8085,2025-10-29,2025-11-02,en cours,Fernandes
8086,8086,2023-10-09,2023-10-15,en cours,Barbier
8087,8087,2023-07-13,2023-07-15,en attente,Guilbert
8088,8088,2019-04-28,2019-05-02,livrée,Maillard S.A.S.
8089,8089,2024-08-27,2024-08-29,en attente,Thibault
8090,8090,2022-11-03,2022-11-09,en cours,Marty S.A.
8091,8091,2019-06-30,2019-07-05,livrée,Charles
8092,8092,2025-05-17,2025-05-24,en cours,Rousseau S.A.S.
8093,8093,2022-06-26,2022-06-28,livrée,Pinto
8094,8094,2022-10-13,2022-10-14,livrée,Poirier
8095,8095,2021-07-28,2021-08-03,en attente,Fontaine Jacquot S.A.R.L.
8096,8096,2023-01-10,2023-01-11,en cours,Gomez SARL
8097,8097,2021-06-07,2021-06-10,livrée,Faivre Roux et Fils
8098,8098,2024-10-15,2024-10-20,en cours,Hamel
8099,8099,2021-11-07,2021-11-10,livrée,Grondin
8100,8100,2019-11-16,2019-11-18,livrée,Andre
8101,8101,2023-04-05,2023-04-11,livrée,Menard SA
8102,8102,2022-11-01,2022-11-05,en cours,Brun Marie S.A.R.L.
8103,8103,2021-01-20,2021-01-22,en cours,Delahaye
8104,8104,2024-02-07,2024-02-08,en attente,Delahaye Marques S.A.R.L.
8105,8105,2023-09-23,2023-09-24,livrée,Pineau
8106,8106,2023-05-02,2023-05-07,livrée,Cohen S.A.R.L.
8107,8107,2021-05-28,2021-05-29,livrée,Rivière
8108,8108,2022-05-05,2022-05-07,en attente,Meyer
8109,8109,2020-10-10,2020-10-12,livrée,Voisin Moulin S.A.S.
8110,8110,2022-10-06,2022-10-11,livrée,Jacob Roger S.A.S.
8111,8111,2020-05-27,2020-05-31,en cours,Poirier SARL
8112,8112,2025-09-28,2025-10-01,livrée,Blanchard
8113,8113,2021-01-28,2021-02-01,livrée,Martel Duhamel S.A.S.
8114,8114,2025-02-24,2025-03-03,en cours,Jacquet
8115,8115,2024-12-27,2024-12-31,en attente,Hubert
8116,8116,2023-12-03,2023-12-04,en cours,Verdier
8117,8117,2024-10-30,2024-11-06,en cours,Bailly SARL
8118,8118,2022-07-19,2022-07-23,en attente,Turpin
8119,8119,2022-07-26,2022-07-27,livrée,Leconte
8120,8120,2023-07-26,2023-07-27,en cours,Guillot S.A.S.
8121,8121,2025-03-13,2025-03-18,en cours,Brunel S.A.S.
8122,8122,2020-12-08,2020-12-14,en attente,Pottier
8123,8123,2021-06-05,2021-06-08,en attente,Le Roux
8124,8124,2022-09-07,2022-09-09,livrée,Jacob
8125,8125,2020-09-05,2020-09-12,en attente,Bègue
8126,8126,2019-01-10,2019-01-12,en attente,Clément Pereira S.A.S.
8127,8127,2023-04-06,2023-04-13,en attente,Bouvier Labbé S.A.R.L.
8128,8128,2022-08-12,2022-08-19,livrée,Bousquet
8129,8129,2024-01-25,2024-01-28,en cours,Bernard SARL
8130,8130,2021-01-26,2021-02-01,en cours,Louis
8131,8131,2023-05-12,2023-05-14,en attente,Bousquet S.A.
8132,8132,2021-05-07,2021-05-11,livrée,Laroche S.A.R.L.
8133,8133,2023-11-06,2023-11-13,en attente,Pottier S.A.S.
8134,8134,2022-05-18,2022-05-23,en attente,Dupré
8135,8135,2022-03-26,2022-03-29,en attente,Roche
8136,8136,2021-07-06,2021-07-13,livrée,Perrier Gillet SARL
8137,8137,2023-08-18,2023-08-22,en cours,Cordier Lacroix et Fils
8138,8138,2023-05-24,2023-05-30,en attente,Lefort
8139,8139,2022-04-05,2022-04-11,en attente,Torres
8140,8140,2023-12-13,2023-12-14,en attente,Boucher S.A.R.L.
8141,8141,2024-12-27,2024-12-30,en cours,Le Goff S.A.R.L.
8142,8142,2019-08-03,2019-08-04,en cours,Hervé SARL
8143,8143,2023-07-03,2023-07-05,en attente,Berthelot
8144,8144,2019-01-26,2019-01-28,en attente,Gillet
8145,8145,2019-05-08,2019-05-13,en attente,Lejeune S.A.
8146,8146,2021-12-21,2021-12-24,livrée,Teixeira Gallet SA
8147,8147,2024-03-06,2024-03-08,en attente,Lelièvre Renard S.A.S.
8148,8148,2022-02-15,2022-02-21,en cours,Lopes
8149,8149,2025-11-08,2025-11-14,livrée,Moulin
8150,8150,2025-05-29,2025-05-31,livrée,Mercier Faure SA
8151,8151,2021-10-30,2021-11-01,livrée,Le Roux
8152,8152,2019-11-22,2019-11-24,en cours,Humbert
8153,8153,2022-12-08,2022-12-11,en attente,Legrand
8154,8154,2023-08-01,2023-08-04,livrée,Maury SARL
8155,8155,2019-01-12,2019-01-16,livrée,Rolland
8156,8156,2025-09-30,2025-10-07,en cours,Verdier Hamon S.A.
8157,8157,2024-11-02,2024-11-09,livrée,Nguyen Lambert et Fils
8158,8158,2019-04-30,2019-05-05,en attente,Buisson Diallo S.A.R.L.
8159,8159,2021-11-10,2021-11-14,en attente,Thierry Tessier SA
8160,8160,2023-09-08,2023-09-10,en attente,Clément
8161,8161,2025-09-20,2025-09-22,livrée,Foucher Nguyen S.A.R.L.
8162,8162,2019-03-22,2019-03-27,en attente,Ollivier S.A.R.L.
8163,8163,2024-05-03,2024-05-09,livrée,Renard
8164,8164,2025-10-20,2025-10-24,en attente,Guilbert Berthelot S.A.
8165,8165,2022-07-16,2022-07-18,en cours,De Oliveira
8166,8166,2024-09-26,2024-09-28,en cours,Le Goff S.A.S.
8167,8167,2023-10-22,2023-10-28,livrée,Benoit S.A.R.L.
8168,8168,2024-12-11,2024-12-12,livrée,Riou
8169,8169,2024-07-31,2024-08-02,en cours,Aubert
8170,8170,2022-09-01,2022-09-08,en cours,Georges
8171,8171,2021-07-28,2021-07-29,en attente,David SARL
8172,8172,2021-02-21,2021-02-26,en cours,Buisson S.A.R.L.
8173,8173,2020-12-15,2020-12-18,en attente,Vidal Le Roux SARL
8174,8174,2024-07-29,2024-08-01,livrée,Picard
8175,8175,2019-10-17,2019-10-22,livrée,Hervé
8176,8176,2024-09-07,2024-09-11,en attente,Sauvage S.A.S.
8177,8177,2019-04-11,2019-04-15,en cours,Roux
8178,8178,2022-12-03,2022-12-06,en attente,Godard SARL
8179,8179,2023-03-03,2023-03-06,livrée,Bonnin
8180,8180,2022-07-14,2022-07-17,livrée,Michaud S.A.
8181,8181,2021-08-19,2021-08-25,livrée,Barthelemy Mendès S.A.R.L.
8182,8182,2024-09-09,2024-09-16,livrée,Moulin
8183,8183,2022-06-12,2022-06-18,en cours,Peltier
8184,8184,2019-04-30,2019-05-04,en attente,De Oliveira
8185,8185,2025-02-19,2025-02-24,en cours,Baron
8186,8186,2020-05-14,2020-05-16,livrée,Turpin Guillon S.A.
8187,8187,2024-11-05,2024-11-06,livrée,Bouvet Gautier et Fils
8188,8188,2025-11-09,2025-11-13,en cours,Torres
8189,8189,2024-02-28,2024-03-05,livrée,Mathieu
8190,8190,2023-08-12,2023-08-19,en cours,Boulanger S.A.
8191,8191,2019-01-04,2019-01-08,en attente,Dufour S.A.
8192,8192,2022-09-18,2022-09-21,en attente,Legrand
8193,8193,2019-01-04,2019-01-09,en cours,Muller S.A.
8194,8194,2019-07-16,2019-07-19,en cours,Allain
8195,8195,2023-01-04,2023-01-07,livrée,Dufour Bazin S.A.
8196,8196,2020-09-18,2020-09-25,en attente,Laine et Fils
8197,8197,2019-03-13,2019-03-14,en cours,Delaunay S.A.R.L.
8198,8198,2025-01-02,2025-01-03,en cours,Ledoux et Fils
8199,8199,2021-06-20,2021-06-23,livrée,Ribeiro SA
8200,8200,2020-01-05,2020-01-11,en attente,Martel Vaillant S.A.S.
8201,8201,2023-03-01,2023-03-07,en cours,Fernandez
8202,8202,2020-06-23,2020-06-27,en attente,Huet S.A.S.
8203,8203,2019-03-02,2019-03-05,en attente,Brun
8204,8204,2019-10-28,2019-11-01,en attente,Gonzalez
8205,8205,2020-05-07,2020-05-12,livrée,Roche
8206,8206,2021-10-26,2021-10-27,en cours,Girard
8207,8207,2023-10-05,2023-10-09,livrée,Boutin Masson SARL
8208,8208,2024-09-20,2024-09-21,en cours,Masse S.A.S.
8209,8209,2022-06-26,2022-06-30,livrée,Monnier
8210,8210,2025-01-11,2025-01-17,en attente,Pereira Hardy S.A.S.
8211,8211,2020-05-17,2020-05-23,en cours,Martel
8212,8212,2019-04-16,2019-04-20,en cours,Michel et Fils
8213,8213,2019-04-25,2019-04-27,en attente,Chevalier Morin S.A.S.
8214,8214,2020-01-09,2020-01-10,en cours,Petit S.A.R.L.
8215,8215,2019-08-20,2019-08-25,livrée,Letellier S.A.R.L.
8216,8216,2021-10-12,2021-10-17,en attente,Guillaume
8217,8217,2019-03-22,2019-03-29,en attente,Bonnet
8218,8218,2021-09-08,2021-09-11,en cours,Lacombe
8219,8219,2019-02-04,2019-02-11,en cours,Lacroix Maurice S.A.S.
8220,8220,2025-08-22,2025-08-28,en attente,Ruiz
8221,8221,2025-11-19,2025-11-20,livrée,Marion et Fils
8222,8222,2023-08-05,2023-08-10,en cours,Bouvet
8223,8223,2023-07-15,2023-07-19,livrée,Pereira
8224,8224,2022-08-06,2022-08-10,livrée,Schneider Ferreira S.A.
8225,8225,2019-12-14,2019-12-19,en cours,Dias
8226,8226,2022-06-08,2022-06-15,livrée,Mahe Diallo SARL
8227,8227,2019-09-05,2019-09-10,en attente,Merle
8228,8228,2020-09-15,2020-09-20,en attente,Lesage Lemoine et Fils
8229,8229,2021-11-23,2021-11-25,en attente,Parent Dumont S.A.S.
8230,8230,2021-02-21,2021-02-28,en attente,Lambert
8231,8231,2019-03-18,2019-03-21,livrée,Bernard S.A.S.
8232,8232,2024-02-06,2024-02-11,en cours,Leblanc
8233,8233,2019-09-05,2019-09-09,en attente,Lucas
8234,8234,2022-10-25,2022-10-27,en attente,Rey
8235,8235,2020-12-25,2020-12-27,livrée,Hamon Traore S.A.
8236,8236,2024-04-03,2024-04-09,en cours,Dubois
8237,8237,2024-02-05,2024-02-12,en attente,Gosselin S.A.S.
8238,8238,2019-09-24,2019-09-29,en attente,Vaillant S.A.
8239,8239,2022-01-18,2022-01-22,en cours,Martel
8240,8240,2019-04-13,2019-04-14,livrée,Da Silva Royer SA
8241,8241,2023-06-16,2023-06-22,livrée,Hamel
8242,8242,2021-02-05,2021-02-12,en attente,Meunier Masson S.A.R.L.
8243,8243,2022-09-03,2022-09-05,livrée,Lebreton
8244,8244,2024-07-28,2024-07-29,en attente,Richard Peron et Fils
8245,8245,2024-08-02,2024-08-07,en cours,Langlois
8246,8246,2024-10-29,2024-11-02,en attente,Reynaud
8247,8247,2020-11-25,2020-11-27,en attente,Delmas Nguyen SARL
8248,8248,2021-04-26,2021-05-02,en cours,Prévost
8249,8249,2020-03-15,2020-03-19,livrée,Martinez
8250,8250,2020-04-21,2020-04-27,livrée,Seguin et Fils
8251,8251,2023-09-16,2023-09-17,en attente,Rocher et Fils
8252,8252,2025-10-26,2025-10-30,en cours,Vincent SA
8253,8253,2025-04-28,2025-05-02,en attente,Charles
8254,8254,2021-11-02,2021-11-08,en attente,Petit S.A.
8255,8255,2025-02-04,2025-02-11,en attente,Bouchet Weiss S.A.S.
8256,8256,2021-07-16,2021-07-20,livrée,Richard Garcia et Fils
8257,8257,2023-05-22,2023-05-28,en attente,Carpentier
8258,8258,2020-07-13,2020-07-14,en attente,Denis S.A.
8259,8259,2024-10-24,2024-10-26,en attente,Moreau Marin SARL
8260,8260,2021-09-11,2021-09-13,en cours,Philippe
8261,8261,2024-04-14,2024-04-18,livrée,Rey Bigot S.A.S.
8262,8262,2023-08-18,2023-08-25,en cours,Vasseur
8263,8263,2023-12-23,2023-12-25,en cours,Royer
8264,8264,2020-08-04,2020-08-05,en cours,Robert
8265,8265,2019-03-13,2019-03-18,en cours,Neveu S.A.S.
8266,8266,2023-08-29,2023-09-04,en attente,Traore
8267,8267,2024-02-09,2024-02-12,en cours,Traore
8268,8268,2019-03-19,2019-03-23,en attente,Cordier
8269,8269,2019-06-08,2019-06-10,en cours,Duhamel Hervé SARL
8270,8270,2020-03-03,2020-03-09,livrée,Toussaint
8271,8271,2025-09-23,2025-09-30,en attente,Daniel
8272,8272,2022-10-10,2022-10-16,livrée,Antoine
8273,8273,2023-12-12,2023-12-16,livrée,Imbert S.A.S.
8274,8274,2022-06-15,2022-06-22,en attente,Boyer Lesage S.A.S.
8275,8275,2021-01-07,2021-01-12,en cours,Martineau
8276,8276,2020-07-08,2020-07-15,en attente,Le Roux SA
8277,8277,2025-12-13,2025-12-16,livrée,Bruneau
8278,8278,2025-12-08,2025-12-12,en attente,Delmas Dias S.A.R.L.
8279,8279,2019-03-27,2019-03-28,en cours,Normand S.A.
8280,8280,2024-08-03,2024-08-10,livrée,Vincent SA
8281,8281,2020-09-02,2020-09-03,en cours,Muller
8282,8282,2021-04-02,2021-04-09,livrée,Rolland Fernandes S.A.R.L.
8283,8283,2024-07-03,2024-07-06,en cours,Bègue
8284,8284,2019-11-04,2019-11-08,livrée,Morvan
8285,8285,2023-10-20,2023-10-27,livrée,Dupuis
8286,8286,2022-01-05,2022-01-10,livrée,Lambert Jacquet et Fils
8287,8287,2024-11-03,2024-11-04,livrée,Pottier
8288,8288,2023-06-15,2023-06-22,livrée,Gomes SA
8289,8289,2023-01-02,2023-01-03,en cours,Reynaud
8290,8290,2023-03-13,2023-03-16,en attente,Bonnet
8291,8291,2025-08-16,2025-08-22,en cours,Monnier S.A.S.
8292,8292,2023-09-26,2023-09-27,en cours,Wagner et Fils
8293,8293,2021-03-10,2021-03-13,en attente,Weber Navarro S.A.S.
8294,8294,2023-04-27,2023-05-01,en cours,Gautier
8295,8295,2021-04-27,2021-05-04,livrée,Louis
8296,8296,2020-04-02,2020-04-04,en attente,Chauvet Monnier S.A.R.L.
8297,8297,2023-12-07,2023-12-13,livrée,Besson
8298,8298,2023-02-10,2023-02-13,en attente,Étienne
8299,8299,2021-10-13,2021-10-18,en attente,Cousin S.A.
8300,8300,2021-01-15,2021-01-16,en attente,Martel SA
8301,8301,2025-05-15,2025-05-16,livrée,Mercier S.A.S.
8302,8302,2022-01-31,2022-02-04,en cours,Gonzalez Guillot SARL
8303,8303,2019-08-15,2019-08-17,en cours,Charles
8304,8304,2020-12-13,2020-12-19,en cours,Delaunay Colin S.A.S.
8305,8305,2025-09-21,2025-09-22,en cours,Fernandes
8306,8306,2021-05-05,2021-05-11,livrée,Gros
8307,8307,2019-08-19,2019-08-20,en cours,Merle
8308,8308,2025-02-09,2025-02-16,livrée,François
8309,8309,2019-07-20,2019-07-22,en attente,Guyon SA
8310,8310,2025-06-05,2025-06-07,en attente,Sanchez
8311,8311,2019-05-12,2019-05-19,en cours,Mallet S.A.S.
8312,8312,2024-09-20,2024-09-22,en attente,Lambert
8313,8313,2025-02-10,2025-02-16,en attente,Bouvet
8314,8314,2025-01-12,2025-01-16,livrée,Barre Chevalier S.A.R.L.
8315,8315,2023-01-03,2023-01-07,en attente,Vallée S.A.S.
8316,8316,2025-09-14,2025-09-19,livrée,Masson
8317,8317,2019-07-19,2019-07-20,livrée,Marchal
8318,8318,2023-02-13,2023-02-16,en cours,Raynaud
8319,8319,2025-01-22,2025-01-28,livrée,Gomez Léger S.A.
8320,8320,2023-10-11,2023-10-14,en attente,Nguyen
8321,8321,2021-08-17,2021-08-18,en attente,Perrot
8322,8322,2020-12-23,2020-12-30,en attente,Lenoir
8323,8323,2023-11-21,2023-11-28,livrée,Brunet SARL
8324,8324,2019-08-03,2019-08-05,livrée,Barbe Valette SA
8325,8325,2019-06-22,2019-06-29,en attente,Fleury
8326,8326,2021-05-16,2021-05-21,en cours,Hoareau et Fils
8327,8327,2023-04-29,2023-05-02,en cours,Boulanger
8328,8328,2024-02-06,2024-02-08,livrée,Leroux
8329,8329,2025-11-11,2025-11-18,livrée,Hoareau Roussel S.A.
8330,8330,2022-02-03,2022-02-07,livrée,Lefebvre Barthelemy et Fils
8331,8331,2024-07-31,2024-08-03,en cours,Fischer
8332,8332,2022-05-31,2022-06-03,en attente,Guillou S.A.
8333,8333,2025-09-25,2025-09-29,en cours,Jacques
8334,8334,2022-08-26,2022-09-02,en cours,Petitjean
8335,8335,2021-07-10,2021-07-17,en cours,Bernier
8336,8336,2024-01-07,2024-01-10,livrée,Martinez
8337,8337,2020-12-21,2020-12-25,en cours,Martineau
8338,8338,2022-07-17,2022-07-18,en attente,Le Goff S.A.R.L.
8339,8339,2025-01-15,2025-01-18,livrée,Étienne Gomes et Fils
8340,8340,2024-03-22,2024-03-29,en attente,Leblanc S.A.S.
8341,8341,2020-11-21,2020-11-28,en cours,Fournier
8342,8342,2021-04-21,2021-04-25,en cours,Guillet Jacques SARL
8343,8343,2019-02-12,2019-02-19,en cours,Turpin
8344,8344,2021-03-01,2021-03-02,en cours,Morvan
8345,8345,2022-08-27,2022-08-30,en cours,Perrier Costa S.A.S.
8346,8346,2023-12-04,2023-12-06,en cours,Collet SA
8347,8347,2020-04-08,2020-04-10,livrée,Martineau
8348,8348,2019-12-03,2019-12-04,en attente,Bigot
8349,8349,2021-12-31,2022-01-05,livrée,Pascal
8350,8350,2024-07-10,2024-07-17,en attente,François
8351,8351,2024-03-21,2024-03-25,en cours,Labbé
8352,8352,2019-07-31,2019-08-04,livrée,Marty
8353,8353,2024-09-29,2024-10-02,livrée,Gaillard et Fils
8354,8354,2022-03-08,2022-03-15,en cours,Evrard Guillon et Fils
8355,8355,2021-05-16,2021-05-19,en cours,Carlier
8356,8356,2019-03-26,2019-04-02,livrée,Blanchet
8357,8357,2022-04-17,2022-04-23,en cours,Carre Gonzalez SA
8358,8358,2023-01-01,2023-01-02,livrée,Baudry et Fils
8359,8359,2023-10-20,2023-10-27,en cours,Lefort
8360,8360,2019-05-26,2019-05-31,livrée,Ribeiro
8361,8361,2024-02-18,2024-02-25,en cours,Lefèvre
8362,8362,2022-10-16,2022-10-17,livrée,Maréchal Cousin et Fils
8363,8363,2024-09-23,2024-09-29,en attente,Humbert SA
8364,8364,2020-02-06,2020-02-13,en cours,Perrot Gonzalez S.A.S.
8365,8365,2024-04-02,2024-04-03,en attente,Dupuis
8366,8366,2023-12-19,2023-12-21,en attente,Launay
8367,8367,2023-10-13,2023-10-20,en cours,Pierre
8368,8368,2021-03-23,2021-03-24,en cours,Gaillard Colin SA
8369,8369,2024-11-04,2024-11-05,livrée,Legrand S.A.S.
8370,8370,2019-01-13,2019-01-18,livrée,Marty
8371,8371,2022-09-04,2022-09-06,en cours,Rossi SA
8372,8372,2023-01-17,2023-01-21,en attente,Maréchal
8373,8373,2025-09-02,2025-09-08,en attente,Roche
8374,8374,2024-05-09,2024-05-15,en attente,Petitjean Fernandez S.A.
8375,8375,2022-03-05,2022-03-11,en attente,Rémy
8376,8376,2022-01-27,2022-02-02,en cours,Collin
8377,8377,2023-02-24,2023-03-03,en attente,Renaud
8378,8378,2025-05-16,2025-05-17,en cours,Roger S.A.R.L.
8379,8379,2020-02-07,2020-02-12,en attente,Chevallier S.A.S.
8380,8380,2025-11-07,2025-11-12,en cours,Lenoir
8381,8381,2022-08-24,2022-08-26,livrée,Meunier
8382,8382,2022-05-20,2022-05-25,livrée,Grégoire
8383,8383,2020-02-24,2020-02-29,en attente,Laurent Gillet S.A.
8384,8384,2023-05-11,2023-05-16,en attente,Joseph
8385,8385,2024-10-14,2024-10-17,en attente,Laroche Laroche S.A.R.L.
8386,8386,2022-08-02,2022-08-09,en attente,Ferreira
8387,8387,2019-09-12,2019-09-19,livrée,Traore
8388,8388,2024-08-17,2024-08-19,livrée,Le Gall Chauveau et Fils
8389,8389,2020-09-28,2020-10-02,livrée,Bonneau Ribeiro S.A.S.
8390,8390,2024-07-12,2024-07-15,en attente,Guillet S.A.S.
8391,8391,2023-09-02,2023-09-07,livrée,Paris
8392,8392,2019-04-25,2019-04-28,en attente,Lemaire SA
8393,8393,2025-02-09,2025-02-11,en cours,Allain S.A.R.L.
8394,8394,2023-12-12,2023-12-16,livrée,Nguyen
8395,8395,2023-06-12,2023-06-15,livrée,Lombard
8396,8396,2024-10-29,2024-11-04,en cours,Vallée S.A.
8397,8397,2020-03-28,2020-03-31,livrée,Ruiz Pires S.A.R.L.
8398,8398,2019-11-18,2019-11-22,en cours,Huet
8399,8399,2021-01-22,2021-01-23,en attente,Sanchez
8400,8400,2025-09-16,2025-09-23,en cours,Barbier Didier SA
8401,8401,2022-04-24,2022-04-26,en cours,Garnier
8402,8402,2025-07-19,2025-07-26,en cours,Duval S.A.R.L.
8403,8403,2022-11-25,2022-11-26,livrée,Besson SARL
8404,8404,2021-04-26,2021-04-28,en attente,Hernandez
8405,8405,2023-10-29,2023-11-03,en attente,Gaudin
8406,8406,2024-07-11,2024-07-15,en cours,Lévy
8407,8407,2024-04-08,2024-04-10,livrée,Antoine
8408,8408,2024-06-25,2024-07-02,en cours,Lagarde
8409,8409,2020-12-07,2020-12-12,en cours,Robin
8410,8410,2022-11-15,2022-11-22,en attente,Diallo Bigot S.A.S.
8411,8411,2021-09-18,2021-09-22,en cours,Maillet
8412,8412,2022-06-18,2022-06-19,livrée,Buisson
8413,8413,2024-06-15,2024-06-20,en cours,Laporte Grenier SA
8414,8414,2022-07-03,2022-07-07,en attente,Bernard et Fils
8415,8415,2023-05-25,2023-06-01,livrée,Boulay S.A.S.
8416,8416,2020-11-24,2020-11-27,en attente,Brunet Leroy SA
8417,8417,2024-08-26,2024-09-02,livrée,Marion SA
8418,8418,2019-01-12,2019-01-15,en cours,Imbert Marion S.A.R.L.
8419,8419,2023-09-02,2023-09-09,en attente,Verdier Raymond S.A.R.L.
8420,8420,2022-09-07,2022-09-08,en cours,Philippe S.A.
8421,8421,2023-09-01,2023-09-02,en cours,Wagner Guillon S.A.R.L.
8422,8422,2021-07-12,2021-07-16,en cours,Goncalves Dumont S.A.S.
8423,8423,2023-05-26,2023-05-28,livrée,Dias Colas et Fils
8424,8424,2023-03-25,2023-03-30,livrée,Marty
8425,8425,2022-10-10,2022-10-17,livrée,Peltier Lebreton SA
8426,8426,2021-08-11,2021-08-12,livrée,Mercier
8427,8427,2023-12-04,2023-12-05,livrée,Regnier
8428,8428,2022-02-03,2022-02-07,en attente,Boucher Albert S.A.R.L.
8429,8429,2020-07-16,2020-07-23,livrée,Menard Chrétien S.A.R.L.
8430,8430,2020-02-08,2020-02-15,en cours,Roy
8431,8431,2019-03-23,2019-03-29,livrée,Delahaye S.A.R.L.
8432,8432,2020-08-26,2020-08-30,livrée,Jacob S.A.R.L.
8433,8433,2024-03-28,2024-03-29,livrée,Peltier SARL
8434,8434,2024-03-27,2024-03-30,en attente,Lagarde
8435,8435,2023-11-19,2023-11-21,livrée,Simon SA
8436,8436,2021-03-08,2021-03-15,livrée,Maillard Guyon S.A.R.L.
8437,8437,2021-11-15,2021-11-20,livrée,Fernandez
8438,8438,2022-05-12,2022-05-13,en cours,Dupuis
8439,8439,2025-06-15,2025-06-20,en attente,Lecoq
8440,8440,2020-07-26,2020-07-27,livrée,Muller
8441,8441,2020-03-16,2020-03-19,en cours,Boulay S.A.
8442,8442,2019-11-02,2019-11-09,livrée,Philippe
8443,8443,2019-03-11,2019-03-15,en cours,Sanchez SARL
8444,8444,2020-10-10,2020-10-17,en attente,Duval
8445,8445,2022-08-14,2022-08-18,livrée,Lebon
8446,8446,2021-01-02,2021-01-09,en cours,Caron S.A.S.
8447,8447,2019-06-22,2019-06-24,en cours,Petit S.A.R.L.
8448,8448,2020-05-11,2020-05-18,livrée,Hoareau et Fils
8449,8449,2023-01-05,2023-01-11,en attente,François S.A.
8450,8450,2023-04-10,2023-04-16,en attente,François
8451,8451,2021-07-10,2021-07-15,en cours,Verdier
8452,8452,2023-02-02,2023-02-07,en cours,Tessier
8453,8453,2019-09-26,2019-09-28,en attente,Rousset
8454,8454,2020-12-06,2020-12-12,en attente,Giraud S.A.R.L.
8455,8455,2022-11-06,2022-11-08,livrée,Perrier
8456,8456,2025-02-02,2025-02-08,livrée,Reynaud S.A.S.
8457,8457,2020-05-29,2020-06-04,en attente,Martins
8458,8458,2024-06-28,2024-06-29,livrée,Pierre
8459,8459,2020-10-06,2020-10-12,livrée,Diaz S.A.S.
8460,8460,2023-07-28,2023-08-04,livrée,Diallo Blanc et Fils
8461,8461,2023-09-24,2023-09-29,en cours,Diaz SARL
8462,8462,2021-04-14,2021-04-16,en cours,Carpentier
8463,8463,2023-11-19,2023-11-23,en attente,Charpentier et Fils
8464,8464,2019-06-16,2019-06-19,en attente,Lefèvre SARL
8465,8465,2025-06-18,2025-06-22,en cours,Gay
8466,8466,2024-10-23,2024-10-27,en attente,Huet SA
8467,8467,2022-04-01,2022-04-04,livrée,Legros Brunel S.A.R.L.
8468,8468,2025-10-30,2025-11-02,en attente,Lemaître S.A.S.
8469,8469,2022-09-14,2022-09-16,en attente,Prévost
8470,8470,2022-08-05,2022-08-11,en attente,Denis et Fils
8471,8471,2024-03-16,2024-03-22,en cours,Albert
8472,8472,2024-04-13,2024-04-17,livrée,Olivier
8473,8473,2021-03-04,2021-03-07,livrée,Barthelemy
8474,8474,2019-09-02,2019-09-04,en cours,Fernandes
8475,8475,2020-02-17,2020-02-24,en attente,Mathieu
8476,8476,2021-05-28,2021-06-04,en cours,Deschamps
8477,8477,2019-02-21,2019-02-28,en attente,Lemaire
8478,8478,2022-05-01,2022-05-07,en cours,Rousset
8479,8479,2023-06-19,2023-06-24,en attente,Maillot
8480,8480,2025-06-20,2025-06-27,en attente,De Sousa
8481,8481,2019-08-01,2019-08-08,en cours,Girard Brunet S.A.S.
8482,8482,2019-08-31,2019-09-04,en cours,Joseph
8483,8483,2024-01-26,2024-01-31,livrée,Normand
8484,8484,2019-02-23,2019-02-24,en attente,Pierre
8485,8485,2019-08-08,2019-08-13,en attente,Lefèvre
8486,8486,2022-01-05,2022-01-08,livrée,Bernard
8487,8487,2021-02-11,2021-02-15,livrée,Lamy
8488,8488,2025-05-20,2025-05-21,livrée,Lenoir S.A.R.L.
8489,8489,2024-10-22,2024-10-28,livrée,Chauveau
8490,8490,2021-06-22,2021-06-27,livrée,Prévost Courtois SARL
8491,8491,2021-12-07,2021-12-10,en attente,Lecomte SA
8492,8492,2019-04-02,2019-04-05,en cours,Diaz Bonneau S.A.
8493,8493,2021-05-10,2021-05-14,en cours,Bouvet
8494,8494,2019-08-03,2019-08-05,en attente,Gillet
8495,8495,2021-09-27,2021-10-03,en attente,Meyer Delmas S.A.
8496,8496,2023-07-03,2023-07-05,en attente,Bouchet
8497,8497,2023-10-12,2023-10-15,en cours,Goncalves S.A.R.L.
8498,8498,2024-06-15,2024-06-19,en attente,Laporte
8499,8499,2022-12-14,2022-12-21,livrée,Bazin SA
8500,8500,2020-11-05,2020-11-11,en cours,Roux
8501,8501,2023-11-02,2023-11-04,en cours,Allard Hervé S.A.R.L.
8502,8502,2023-11-12,2023-11-14,en cours,Gros
8503,8503,2024-03-14,2024-03-19,en attente,Hamel
8504,8504,2025-11-02,2025-11-07,en cours,De Sousa
8505,8505,2023-05-15,2023-05-18,en attente,Riou S.A.S.
8506,8506,2021-12-19,2021-12-24,en attente,Riou
8507,8507,2024-12-05,2024-12-08,en attente,Brunel
8508,8508,2024-12-18,2024-12-22,en attente,Gaudin S.A.
8509,8509,2023-04-15,2023-04-20,livrée,Martineau
8510,8510,2021-09-11,2021-09-18,en attente,Schmitt
8511,8511,2025-08-16,2025-08-22,livrée,Philippe Cousin et Fils
8512,8512,2021-03-11,2021-03-14,livrée,Turpin
8513,8513,2020-06-11,2020-06-17,en cours,Martineau Maillard S.A.
8514,8514,2021-12-11,2021-12-13,en attente,Berger
8515,8515,2022-05-07,2022-05-09,en cours,Cousin
8516,8516,2022-11-05,2022-11-09,en cours,Raynaud Bègue SA
8517,8517,2021-01-06,2021-01-09,en cours,Bernard
8518,8518,2019-08-27,2019-08-29,en attente,Georges et Fils
8519,8519,2020-01-15,2020-01-19,en attente,Courtois Boyer S.A.S.
8520,8520,2021-09-16,2021-09-22,livrée,Normand Guillot S.A.R.L.
8521,8521,2025-08-07,2025-08-13,livrée,Weber Tessier S.A.
8522,8522,2021-02-24,2021-03-03,en cours,Jourdan
8523,8523,2024-03-25,2024-03-28,livrée,Andre
8524,8524,2025-08-19,2025-08-25,en attente,Baudry
8525,8525,2025-08-01,2025-08-02,en attente,Peron Marion SA
8526,8526,2020-10-29,2020-11-04,en cours,Michel et Fils
8527,8527,2025-12-16,2025-12-20,en attente,Brun
8528,8528,2019-12-20,2019-12-26,en attente,Jacques Goncalves S.A.
8529,8529,2025-11-15,2025-11-21,en attente,Brunel
8530,8530,2025-01-19,2025-01-22,en attente,Sauvage S.A.R.L.
8531,8531,2020-11-11,2020-11-18,en attente,Aubert S.A.R.L.
8532,8532,2022-07-02,2022-07-03,livrée,Leduc SARL
8533,8533,2025-01-05,2025-01-06,en attente,Laroche et Fils
8534,8534,2020-11-15,2020-11-19,en cours,Weber Roger SARL
8535,8535,2024-04-28,2024-05-05,livrée,Rocher
8536,8536,2021-03-08,2021-03-11,en attente,Lebrun
8537,8537,2022-07-13,2022-07-19,en attente,Vidal et Fils
8538,8538,2025-01-25,2025-01-26,en attente,Besson Bouchet S.A.
8539,8539,2024-10-17,2024-10-21,livrée,Rey Lagarde et Fils
8540,8540,2024-02-02,2024-02-07,en cours,Laine
8541,8541,2020-06-13,2020-06-17,livrée,Paul Simon S.A.S.
8542,8542,2024-07-25,2024-07-30,livrée,Le Goff
8543,8543,2021-09-29,2021-10-05,en cours,Maury Barre et Fils
8544,8544,2025-10-14,2025-10-15,en attente,Lebon Morel S.A.R.L.
8545,8545,2022-04-09,2022-04-11,en cours,Gros
8546,8546,2023-06-01,2023-06-08,livrée,Bazin S.A.
8547,8547,2023-12-08,2023-12-13,livrée,Sanchez
8548,8548,2023-12-16,2023-12-21,en cours,Hoarau
8549,8549,2020-07-01,2020-07-07,livrée,Royer S.A.S.
8550,8550,2022-07-28,2022-08-03,en attente,Pinto Roche et Fils
8551,8551,2020-02-26,2020-03-04,en attente,Lebrun
8552,8552,2021-11-03,2021-11-06,en cours,Guillaume SA
8553,8553,2020-07-01,2020-07-03,en attente,Pichon
8554,8554,2022-01-17,2022-01-19,en attente,Normand
8555,8555,2022-05-23,2022-05-24,en cours,Bruneau SA
8556,8556,2022-02-12,2022-02-19,en attente,Mahe
8557,8557,2025-09-14,2025-09-16,en cours,Brunel
8558,8558,2024-07-29,2024-08-05,en cours,Leblanc
8559,8559,2019-11-10,2019-11-12,en cours,Pons Hamel S.A.S.
8560,8560,2025-03-02,2025-03-07,en attente,Perez S.A.S.
8561,8561,2024-10-27,2024-11-03,en attente,Neveu
8562,8562,2019-06-29,2019-07-04,en attente,Renard
8563,8563,2021-10-25,2021-10-26,en cours,Guillon
8564,8564,2022-03-12,2022-03-13,en cours,Lemoine Benoit et Fils
8565,8565,2023-04-23,2023-04-28,en attente,Camus
8566,8566,2020-09-21,2020-09-27,en attente,Martin
8567,8567,2020-08-15,2020-08-22,en attente,Marie
8568,8568,2021-10-05,2021-10-08,livrée,Vincent et Fils
8569,8569,2022-04-25,2022-05-01,en attente,Collin
8570,8570,2024-10-07,2024-10-14,en cours,Bertrand Fontaine S.A.S.
8571,8571,2023-01-30,2023-02-04,en cours,Joubert
8572,8572,2021-09-04,2021-09-11,en cours,Martins
8573,8573,2025-06-21,2025-06-26,en attente,Le Gall
8574,8574,2024-03-30,2024-04-04,en attente,Le Roux
8575,8575,2020-07-30,2020-08-01,livrée,Samson
8576,8576,2021-04-06,2021-04-07,livrée,Delmas
8577,8577,2022-11-20,2022-11-21,en cours,Bourgeois
8578,8578,2024-07-11,2024-07-14,en cours,Berthelot
8579,8579,2025-05-02,2025-05-05,livrée,Ramos Normand S.A.S.
8580,8580,2021-05-03,2021-05-08,livrée,Thibault
8581,8581,2021-09-25,2021-09-27,livrée,Maillard
8582,8582,2020-12-22,2020-12-29,en attente,Gros S.A.
8583,8583,2021-08-12,2021-08-16,en cours,Baudry Dumont S.A.R.L.
8584,8584,2024-12-22,2024-12-23,en cours,Neveu S.A.R.L.
8585,8585,2020-09-12,2020-09-15,en attente,Leblanc Thomas S.A.R.L.
8586,8586,2021-04-26,2021-04-30,livrée,Vaillant
8587,8587,2024-11-15,2024-11-19,en attente,Aubert Leblanc S.A.R.L.
8588,8588,2024-07-14,2024-07-18,en cours,Picard
8589,8589,2021-07-03,2021-07-04,en attente,Robin
8590,8590,2023-04-27,2023-05-04,en attente,Legendre
8591,8591,2024-07-04,2024-07-06,en cours,Barbe Martel S.A.
8592,8592,2019-09-24,2019-09-27,en attente,Courtois et Fils
8593,8593,2019-12-22,2019-12-24,livrée,Munoz
8594,8594,2020-09-19,2020-09-25,livrée,Leroux
8595,8595,2024-09-29,2024-10-06,en cours,Leleu
8596,8596,2021-11-22,2021-11-24,en cours,Martins
8597,8597,2023-03-27,2023-03-28,livrée,Jourdan S.A.R.L.
8598,8598,2025-12-07,2025-12-12,en cours,Leroux S.A.S.
8599,8599,2022-04-17,2022-04-24,en cours,Lévêque
8600,8600,2025-08-09,2025-08-10,livrée,Guyon
8601,8601,2025-03-29,2025-03-30,en attente,Petit SARL
8602,8602,2019-04-19,2019-04-22,en cours,Pottier
8603,8603,2022-04-23,2022-04-26,livrée,Bigot S.A.
8604,8604,2025-03-03,2025-03-08,en cours,Bonnet SA
8605,8605,2025-04-29,2025-05-01,en cours,Charles
8606,8606,2025-09-01,2025-09-05,en cours,Garnier Besnard S.A.S.
8607,8607,2024-03-26,2024-03-31,livrée,Henry Coste et Fils
8608,8608,2021-01-08,2021-01-14,livrée,Gilbert
8609,8609,2019-06-11,2019-06-13,en attente,Lebreton SA
8610,8610,2022-07-29,2022-08-03,en attente,Tessier Lefort SA
8611,8611,2019-01-25,2019-01-29,en cours,Paul
8612,8612,2024-12-03,2024-12-06,en cours,Fernandez Bazin SA
8613,8613,2020-12-13,2020-12-19,en cours,Legendre
8614,8614,2023-12-16,2023-12-18,en attente,Lemaître
8615,8615,2023-06-30,2023-07-06,en cours,Hamon Legros S.A.S.
8616,8616,2021-04-27,2021-05-01,en attente,Lejeune
8617,8617,2023-08-31,2023-09-05,livrée,Jacquet S.A.S.
8618,8618,2025-08-08,2025-08-15,livrée,Guillou
8619,8619,2021-07-26,2021-08-02,livrée,Tanguy et Fils
8620,8620,2023-03-11,2023-03-18,livrée,Merle
8621,8621,2019-07-11,2019-07-13,en attente,Ramos
8622,8622,2022-12-28,2023-01-04,livrée,Morvan S.A.S.
8623,8623,2025-03-10,2025-03-16,livrée,Boyer Lebreton S.A.S.
8624,8624,2022-07-15,2022-07-21,livrée,Martineau
8625,8625,2022-11-21,2022-11-26,livrée,Marchal
8626,8626,2021-02-01,2021-02-05,livrée,Gimenez
8627,8627,2025-04-10,2025-04-16,en cours,Gomez S.A.
8628,8628,2025-06-13,2025-06-15,livrée,Nguyen Caron S.A.
8629,8629,2021-11-25,2021-11-28,en cours,Ollivier
8630,8630,2020-10-13,2020-10-17,en attente,Berger Legendre SA
8631,8631,2019-07-18,2019-07-22,en cours,Torres
8632,8632,2021-08-03,2021-08-09,en cours,Fabre
8633,8633,2024-06-11,2024-06-12,en attente,Pichon
8634,8634,2023-12-20,2023-12-21,en cours,Monnier Ribeiro S.A.R.L.
8635,8635,2023-12-20,2023-12-21,livrée,Rousseau Ruiz et Fils
8636,8636,2025-09-09,2025-09-15,livrée,Raymond
8637,8637,2025-01-08,2025-01-10,en cours,Morvan
8638,8638,2024-04-03,2024-04-06,en attente,Benoit
8639,8639,2020-04-02,2020-04-09,en attente,Lévy
8640,8640,2019-11-13,2019-11-18,livrée,Teixeira
8641,8641,2023-05-13,2023-05-18,en attente,Hernandez
8642,8642,2023-10-31,2023-11-06,en attente,Cousin Barthelemy S.A.S.
8643,8643,2021-08-25,2021-09-01,livrée,Vasseur
8644,8644,2023-06-11,2023-06-16,en attente,Rossi
8645,8645,2020-02-01,2020-02-08,livrée,Chevalier
8646,8646,2022-02-11,2022-02-18,en attente,Turpin
8647,8647,2019-11-22,2019-11-23,livrée,Rolland
8648,8648,2020-09-22,2020-09-27,en cours,Launay SA
8649,8649,2019-04-14,2019-04-17,livrée,Besnard
8650,8650,2021-07-18,2021-07-19,en cours,Blanchard
8651,8651,2021-12-17,2021-12-22,livrée,Masson Germain SARL
8652,8652,2024-11-16,2024-11-19,en cours,Rodriguez Gauthier SA
8653,8653,2023-02-25,2023-03-04,en attente,Germain Benoit SA
8654,8654,2023-09-27,2023-09-29,en cours,Morin
8655,8655,2021-05-09,2021-05-16,en cours,Lacombe Perrot et Fils
8656,8656,2025-07-18,2025-07-25,livrée,Besson Seguin et Fils
8657,8657,2022-06-19,2022-06-21,en cours,Descamps
8658,8658,2022-03-14,2022-03-20,livrée,Baudry Benoit S.A.S.
8659,8659,2025-06-04,2025-06-09,en cours,Mahe
8660,8660,2021-03-09,2021-03-16,en cours,Marques S.A.R.L.
8661,8661,2024-05-05,2024-05-10,en cours,Maurice S.A.R.L.
8662,8662,2022-05-19,2022-05-26,en attente,Texier
8663,8663,2024-11-08,2024-11-12,en attente,Tanguy
8664,8664,2025-07-09,2025-07-10,livrée,Hubert S.A.
8665,8665,2020-08-18,2020-08-20,livrée,Voisin
8666,8666,2022-10-03,2022-10-05,en cours,Poulain
8667,8667,2025-09-29,2025-10-01,livrée,Loiseau
8668,8668,2020-10-25,2020-11-01,en attente,Guillaume
8669,8669,2025-07-30,2025-08-02,en cours,Seguin
8670,8670,2020-10-21,2020-10-22,livrée,Moulin Meunier et Fils
8671,8671,2023-03-11,2023-03-16,en cours,Grondin S.A.S.
8672,8672,2021-11-28,2021-12-02,en attente,Boulanger
8673,8673,2023-01-23,2023-01-24,en attente,Tessier
8674,8674,2021-07-11,2021-07-12,en cours,Nicolas
8675,8675,2020-03-18,2020-03-24,en attente,Richard
8676,8676,2022-01-17,2022-01-23,livrée,Bruneau
8677,8677,2019-04-13,2019-04-19,en attente,Descamps S.A.R.L.
8678,8678,2023-10-27,2023-10-28,en attente,Chauvet Poulain SARL
8679,8679,2022-07-08,2022-07-15,en attente,Blot S.A.
8680,8680,2025-12-21,2025-12-27,en cours,Robert
8681,8681,2019-04-13,2019-04-14,en attente,Marques
8682,8682,2020-12-27,2020-12-29,en cours,Legendre SARL
8683,8683,2022-07-25,2022-07-27,en attente,Allain
8684,8684,2021-09-28,2021-09-30,en attente,Hervé
8685,8685,2020-02-05,2020-02-11,en attente,Alves
8686,8686,2024-11-26,2024-11-30,en cours,Descamps
8687,8687,2021-05-03,2021-05-06,en attente,Pereira SARL
8688,8688,2021-02-09,2021-02-11,en cours,Laine
8689,8689,2020-06-16,2020-06-20,livrée,Vallée
8690,8690,2024-09-22,2024-09-29,en cours,Lacombe
8691,8691,2022-06-19,2022-06-26,livrée,Fouquet
8692,8692,2020-09-04,2020-09-07,en cours,Moreno S.A.
8693,8693,2022-09-20,2022-09-21,en cours,Regnier Pierre et Fils
8694,8694,2019-07-29,2019-08-04,en attente,Laporte
8695,8695,2019-10-31,2019-11-04,en cours,Bernier S.A.S.
8696,8696,2019-06-25,2019-06-26,en cours,Jacob
8697,8697,2020-07-29,2020-08-05,livrée,Wagner Hamel S.A.
8698,8698,2022-09-25,2022-09-27,en cours,Dumont
8699,8699,2022-08-16,2022-08-18,livrée,Chauvet
8700,8700,2022-09-17,2022-09-19,en cours,Rodrigues S.A.
8701,8701,2019-12-02,2019-12-06,en cours,Hernandez S.A.
8702,8702,2024-07-08,2024-07-12,en attente,Ferreira
8703,8703,2025-10-24,2025-10-31,livrée,Delaunay Marion S.A.
8704,8704,2024-10-01,2024-10-08,en cours,Thierry et Fils
8705,8705,2025-11-14,2025-11-21,en attente,Petit
8706,8706,2021-06-08,2021-06-14,livrée,Guibert
8707,8707,2022-01-02,2022-01-03,en cours,Dupont
8708,8708,2023-06-12,2023-06-13,livrée,Gimenez
8709,8709,2020-04-20,2020-04-21,en attente,Rossi
8710,8710,2019-01-30,2019-02-03,en attente,Teixeira
8711,8711,2021-04-20,2021-04-22,en attente,Lévêque
8712,8712,2020-09-06,2020-09-09,en attente,Faivre
8713,8713,2022-02-04,2022-02-10,livrée,Thomas
8714,8714,2025-09-11,2025-09-17,en cours,Weiss Pereira SA
8715,8715,2021-07-28,2021-07-30,en cours,Leroy Albert SARL
8716,8716,2019-08-18,2019-08-21,en attente,Julien
8717,8717,2019-10-09,2019-10-14,en cours,Faure Briand SARL
8718,8718,2025-01-18,2025-01-20,en attente,Gonzalez
8719,8719,2019-02-06,2019-02-08,livrée,Teixeira
8720,8720,2025-08-21,2025-08-24,en cours,Roger
8721,8721,2021-10-02,2021-10-04,en attente,Raymond
8722,8722,2020-12-04,2020-12-11,en attente,Boulay S.A.R.L.
8723,8723,2020-04-20,2020-04-25,en attente,Pichon
8724,8724,2025-08-18,2025-08-22,livrée,Gaillard SA
8725,8725,2021-10-22,2021-10-28,en cours,Hernandez Dufour S.A.S.
8726,8726,2021-11-25,2021-12-01,livrée,Bigot et Fils
8727,8727,2022-11-27,2022-12-03,en attente,Alves
8728,8728,2021-08-12,2021-08-13,en attente,Valette
8729,8729,2019-08-13,2019-08-18,en attente,Vasseur Seguin S.A.S.
8730,8730,2025-08-18,2025-08-25,livrée,Roche SA
8731,8731,2020-05-12,2020-05-15,en cours,Bourgeois
8732,8732,2019-10-31,2019-11-01,livrée,Faivre
8733,8733,2020-12-12,2020-12-16,en attente,Bègue S.A.R.L.
8734,8734,2023-02-13,2023-02-18,livrée,Verdier
8735,8735,2021-07-21,2021-07-27,livrée,Joubert
8736,8736,2022-11-24,2022-11-29,livrée,Briand Grégoire S.A.
8737,8737,2024-12-04,2024-12-08,livrée,Olivier
8738,8738,2024-03-31,2024-04-05,en cours,Morel
8739,8739,2023-12-07,2023-12-11,en attente,Voisin Guichard et Fils
8740,8740,2020-07-31,2020-08-01,livrée,De Oliveira Hernandez S.A.R.L.
8741,8741,2020-08-20,2020-08-21,en attente,Boucher Adam S.A.R.L.
8742,8742,2023-05-11,2023-05-16,en cours,Faivre
8743,8743,2023-06-13,2023-06-20,livrée,Gilles Lacombe SA
8744,8744,2022-03-25,2022-04-01,livrée,David
8745,8745,2019-04-16,2019-04-22,en cours,Merle Barbier S.A.R.L.
8746,8746,2024-06-04,2024-06-05,en attente,Guillet et Fils
8747,8747,2023-05-10,2023-05-13,en cours,Rousseau
8748,8748,2024-09-05,2024-09-12,en attente,Hamon
8749,8749,2024-05-03,2024-05-09,livrée,Chartier SA
8750,8750,2019-10-12,2019-10-19,en cours,Duhamel
8751,8751,2025-06-20,2025-06-21,livrée,Leleu et Fils
8752,8752,2021-11-11,2021-11-14,livrée,Marchand S.A.
8753,8753,2025-10-20,2025-10-24,en attente,Barre
8754,8754,2025-08-02,2025-08-03,livrée,Menard
8755,8755,2023-11-05,2023-11-08,en cours,Mallet et Fils
8756,8756,2023-08-10,2023-08-15,en attente,Leclerc
8757,8757,2020-10-30,2020-11-05,livrée,Mary
8758,8758,2022-03-14,2022-03-21,en cours,Leconte
8759,8759,2019-09-02,2019-09-09,livrée,Lebon
8760,8760,2022-02-12,2022-02-15,en attente,Perez
8761,8761,2023-07-17,2023-07-18,en attente,Rolland
8762,8762,2025-09-09,2025-09-11,en attente,Weiss Julien SARL
8763,8763,2024-02-20,2024-02-24,en cours,Julien
8764,8764,2020-02-15,2020-02-21,livrée,Petitjean
8765,8765,2021-02-22,2021-02-24,en cours,Moreau
8766,8766,2025-04-24,2025-04-29,en attente,Robin SARL
8767,8767,2020-05-03,2020-05-06,livrée,Martineau
8768,8768,2022-11-26,2022-11-27,livrée,Regnier SARL
8769,8769,2024-08-03,2024-08-08,en cours,Hervé SARL
8770,8770,2023-10-01,2023-10-04,en attente,Charpentier
8771,8771,2024-07-06,2024-07-07,en cours,Guillou et Fils
8772,8772,2024-03-01,2024-03-07,en attente,Renaud Bodin SA
8773,8773,2019-09-01,2019-09-05,en attente,Cousin SA
8774,8774,2024-10-02,2024-10-06,en cours,Fournier Gosselin et Fils
8775,8775,2024-01-21,2024-01-25,en attente,Lebrun S.A.S.
8776,8776,2020-07-11,2020-07-15,livrée,Godard Toussaint SARL
8777,8777,2025-07-30,2025-08-04,en cours,Weiss S.A.S.
8778,8778,2022-08-08,2022-08-13,livrée,Thomas
8779,8779,2021-10-08,2021-10-13,en cours,Loiseau Antoine SA
8780,8780,2021-08-07,2021-08-10,en attente,Schneider S.A.S.
8781,8781,2019-08-14,2019-08-19,livrée,Caron
8782,8782,2023-06-07,2023-06-12,livrée,Guillot
8783,8783,2024-07-11,2024-07-17,en cours,Simon S.A.
8784,8784,2024-06-29,2024-07-01,livrée,Jacques
8785,8785,2023-04-22,2023-04-28,en attente,Mercier Thomas et Fils
8786,8786,2019-01-31,2019-02-02,en attente,Thibault Morel S.A.S.
8787,8787,2025-08-13,2025-08-17,en cours,Lemoine Bousquet S.A.R.L.
8788,8788,2024-08-24,2024-08-29,livrée,Hamon SARL
8789,8789,2020-06-23,2020-06-25,en cours,Jacob SA
8790,8790,2020-04-17,2020-04-23,livrée,Guyot Renault SA
8791,8791,2025-03-22,2025-03-29,en cours,Roussel
8792,8792,2023-05-28,2023-05-29,en cours,Courtois
8793,8793,2022-01-20,2022-01-21,en attente,Laroche S.A.S.
8794,8794,2023-04-30,2023-05-05,livrée,Legrand
8795,8795,2020-04-15,2020-04-19,livrée,Brun
8796,8796,2023-01-07,2023-01-11,en cours,Chartier Legendre et Fils
8797,8797,2023-03-29,2023-04-05,livrée,Lecoq
8798,8798,2024-05-01,2024-05-04,en cours,Hamon Martineau S.A.R.L.
8799,8799,2023-02-21,2023-02-28,en cours,Aubry
8800,8800,2024-10-02,2024-10-03,en attente,Loiseau
8801,8801,2024-11-23,2024-11-29,livrée,Diaz
8802,8802,2022-07-03,2022-07-09,en attente,Devaux Bourdon S.A.R.L.
8803,8803,2023-10-27,2023-10-30,en attente,Lévêque
8804,8804,2021-01-10,2021-01-11,livrée,Sanchez
8805,8805,2024-11-23,2024-11-26,livrée,Jacquot S.A.R.L.
8806,8806,2023-11-11,2023-11-13,en attente,Weber Toussaint S.A.S.
8807,8807,2023-11-27,2023-11-28,en attente,Letellier S.A.
8808,8808,2020-09-10,2020-09-11,livrée,Garcia S.A.
8809,8809,2025-02-07,2025-02-10,livrée,Huet Goncalves S.A.
8810,8810,2021-10-23,2021-10-27,en attente,Jourdan
8811,8811,2019-03-30,2019-04-04,livrée,Fernandez
8812,8812,2020-04-24,2020-04-25,en attente,Poirier
8813,8813,2023-09-09,2023-09-10,en attente,Gros S.A.
8814,8814,2023-01-12,2023-01-13,en cours,Marchal
8815,8815,2024-02-15,2024-02-18,en cours,Laroche SA
8816,8816,2021-03-11,2021-03-15,en attente,Bonnet Lebon S.A.R.L.
8817,8817,2024-10-25,2024-11-01,en attente,Perez
8818,8818,2025-03-05,2025-03-06,en attente,Barre
8819,8819,2025-04-30,2025-05-03,en attente,Chauvet
8820,8820,2020-04-02,2020-04-09,livrée,Olivier
8821,8821,2020-09-22,2020-09-29,en attente,Besnard
8822,8822,2023-08-08,2023-08-11,en attente,Vaillant
8823,8823,2024-01-25,2024-01-30,livrée,Thibault
8824,8824,2020-11-05,2020-11-10,en attente,Loiseau
8825,8825,2023-03-04,2023-03-06,en attente,Étienne Chrétien S.A.S.
8826,8826,2020-07-05,2020-07-08,en cours,Pereira
8827,8827,2025-09-10,2025-09-14,en cours,Grenier
8828,8828,2022-12-14,2022-12-16,livrée,Laroche Lesage SARL
8829,8829,2024-11-21,2024-11-26,en cours,Jacquot
8830,8830,2019-03-04,2019-03-05,en attente,Mercier Lefebvre S.A.R.L.
8831,8831,2020-06-17,2020-06-21,livrée,Rousseau
8832,8832,2019-06-01,2019-06-07,livrée,Meunier Gomez S.A.R.L.
8833,8833,2021-08-31,2021-09-02,en cours,Payet Fontaine et Fils
8834,8834,2020-01-15,2020-01-20,en attente,Dupuy
8835,8835,2025-08-14,2025-08-20,en cours,Moulin
8836,8836,2019-04-19,2019-04-25,livrée,Besnard Delattre S.A.
8837,8837,2021-09-15,2021-09-22,en attente,Letellier
8838,8838,2019-03-31,2019-04-07,en cours,Lombard
8839,8839,2020-09-26,2020-10-03,livrée,Clerc SARL
8840,8840,2024-03-11,2024-03-12,en cours,Perrier
8841,8841,2024-07-30,2024-08-02,en attente,Richard SA
8842,8842,2020-10-30,2020-11-03,en cours,Blin
8843,8843,2024-01-01,2024-01-05,en cours,Dupont Roy SARL
8844,8844,2024-01-08,2024-01-12,en attente,Bègue et Fils
8845,8845,2022-11-09,2022-11-13,en attente,Poirier S.A.R.L.
8846,8846,2024-06-06,2024-06-08,en cours,Pinto Benoit SA
8847,8847,2024-12-10,2024-12-14,en attente,Maillard S.A.
8848,8848,2024-10-18,2024-10-19,en cours,Hamon
8849,8849,2022-09-01,2022-09-05,en attente,Bonnin
8850,8850,2020-12-17,2020-12-24,en cours,Bodin SA
8851,8851,2023-09-03,2023-09-10,en attente,Guillaume S.A.
8852,8852,2020-03-27,2020-03-31,en cours,Imbert
8853,8853,2021-10-03,2021-10-09,en attente,Ledoux
8854,8854,2025-07-02,2025-07-03,en attente,Collet
8855,8855,2025-04-20,2025-04-21,en cours,Ledoux et Fils
8856,8856,2023-01-04,2023-01-11,en cours,Dias Bailly S.A.S.
8857,8857,2022-03-05,2022-03-08,livrée,Bonneau Launay S.A.
8858,8858,2025-12-11,2025-12-12,en attente,Gros
8859,8859,2024-02-07,2024-02-10,en cours,Lacroix
8860,8860,2020-01-08,2020-01-10,en cours,Weiss S.A.S.
8861,8861,2025-07-12,2025-07-13,en attente,Maurice
8862,8862,2025-12-04,2025-12-05,en attente,Dubois
8863,8863,2023-01-29,2023-02-02,en attente,Deschamps Marion S.A.
8864,8864,2023-05-16,2023-05-17,livrée,Marion Guillet S.A.S.
8865,8865,2020-12-05,2020-12-10,en cours,Deschamps SARL
8866,8866,2023-01-02,2023-01-08,livrée,Dupuis
8867,8867,2023-07-14,2023-07-17,en cours,Navarro Baudry et Fils
8868,8868,2025-09-30,2025-10-05,en cours,Monnier
8869,8869,2024-03-20,2024-03-21,livrée,Rousseau
8870,8870,2022-01-28,2022-02-04,livrée,Duhamel
8871,8871,2025-06-25,2025-06-29,en attente,Baudry S.A.S.
8872,8872,2025-10-24,2025-10-27,en attente,Letellier Grégoire S.A.S.
8873,8873,2021-07-07,2021-07-08,livrée,Diallo Petit et Fils
8874,8874,2022-04-17,2022-04-22,en cours,Millet
8875,8875,2025-03-11,2025-03-17,en attente,Rodrigues S.A.R.L.
8876,8876,2020-10-29,2020-10-30,en attente,Pinto
8877,8877,2024-07-23,2024-07-30,livrée,Letellier
8878,8878,2021-11-15,2021-11-21,livrée,Bouvier SARL
8879,8879,2020-09-02,2020-09-05,livrée,Caron Dubois S.A.S.
8880,8880,2025-08-08,2025-08-14,livrée,Millet SA
8881,8881,2024-04-09,2024-04-14,livrée,Grenier
8882,8882,2023-09-15,2023-09-20,en cours,Michel S.A.R.L.
8883,8883,2024-09-30,2024-10-01,en attente,Étienne
8884,8884,2019-07-10,2019-07-12,en cours,Texier S.A.R.L.
8885,8885,2024-12-06,2024-12-10,en cours,Buisson
8886,8886,2022-04-23,2022-04-26,en cours,Henry Arnaud S.A.S.
8887,8887,2020-10-04,2020-10-11,en attente,Peron
8888,8888,2020-01-19,2020-01-24,en attente,Morvan
8889,8889,2020-08-12,2020-08-17,en cours,Normand Mendès SA
8890,8890,2019-04-26,2019-04-27,livrée,Dufour
8891,8891,2024-07-26,2024-07-28,en attente,Hamel Collet S.A.S.
8892,8892,2022-02-09,2022-02-12,livrée,Simon
8893,8893,2023-02-13,2023-02-16,en attente,Bruneau SA
8894,8894,2020-11-16,2020-11-19,en attente,Mahe S.A.R.L.
8895,8895,2021-12-04,2021-12-05,en attente,Marchand
8896,8896,2020-04-03,2020-04-08,en attente,Léger
8897,8897,2020-03-08,2020-03-12,livrée,Lefèvre SA
8898,8898,2021-11-08,2021-11-13,en attente,Jourdan SARL
8899,8899,2024-10-15,2024-10-20,en cours,Roche Grégoire et Fils
8900,8900,2024-07-01,2024-07-06,en cours,Camus
8901,8901,2022-05-27,2022-06-03,en cours,Pires S.A.
8902,8902,2024-01-26,2024-01-28,livrée,Gauthier
8903,8903,2025-12-14,2025-12-18,livrée,Roger S.A.R.L.
8904,8904,2021-10-24,2021-10-30,livrée,Garcia S.A.S.
8905,8905,2019-10-25,2019-10-26,livrée,Bourgeois
8906,8906,2024-03-31,2024-04-01,en cours,Boulanger Blanchet et Fils
8907,8907,2020-06-15,2020-06-19,en cours,Boyer S.A.
8908,8908,2024-09-23,2024-09-28,en attente,Mallet Da Costa et Fils
8909,8909,2019-07-26,2019-08-02,livrée,Da Silva Salmon SA
8910,8910,2024-01-06,2024-01-13,livrée,Barbe Guérin et Fils
8911,8911,2023-08-30,2023-08-31,livrée,Maillot
8912,8912,2024-12-15,2024-12-19,en attente,Garnier
8913,8913,2022-02-06,2022-02-07,en cours,Lemaire Lévy S.A.S.
8914,8914,2022-10-13,2022-10-14,livrée,Mendès Pineau S.A.R.L.
8915,8915,2025-04-02,2025-04-08,livrée,Mathieu
8916,8916,2022-07-23,2022-07-24,en cours,Gay
8917,8917,2022-05-18,2022-05-24,en cours,Marques
8918,8918,2020-04-20,2020-04-27,en cours,Laurent
8919,8919,2022-04-22,2022-04-25,en attente,Texier
8920,8920,2023-09-17,2023-09-22,en attente,Bègue et Fils
8921,8921,2021-02-19,2021-02-23,en attente,Petitjean Lefort SA
8922,8922,2019-11-10,2019-11-11,en cours,Hervé
8923,8923,2023-05-06,2023-05-10,livrée,Albert Dumont S.A.S.
8924,8924,2024-06-16,2024-06-20,en cours,Poirier SA
8925,8925,2019-03-26,2019-04-01,livrée,Gautier
8926,8926,2019-09-01,2019-09-06,livrée,Chauvet
8927,8927,2021-06-24,2021-06-28,en cours,Fernandes et Fils
8928,8928,2024-09-24,2024-09-28,en cours,Payet
8929,8929,2021-12-09,2021-12-12,livrée,Muller et Fils
8930,8930,2025-10-30,2025-11-04,en attente,Leleu Verdier S.A.R.L.
8931,8931,2020-07-14,2020-07-17,en attente,Vallet S.A.S.
8932,8932,2019-08-28,2019-08-30,en cours,Lopes Diallo SA
8933,8933,2023-08-16,2023-08-23,livrée,Perez Lebreton S.A.
8934,8934,2022-06-06,2022-06-07,en cours,Hervé Fabre S.A.S.
8935,8935,2019-02-23,2019-02-26,en cours,Masse
8936,8936,2025-12-04,2025-12-11,en cours,Pelletier Godard SARL
8937,8937,2019-10-08,2019-10-15,en cours,Mary
8938,8938,2023-05-04,2023-05-06,en attente,Voisin
8939,8939,2025-03-30,2025-04-03,en attente,Colin
8940,8940,2024-01-28,2024-01-31,livrée,Jacques
8941,8941,2019-01-07,2019-01-08,en cours,Allain Berger SARL
8942,8942,2023-07-28,2023-08-04,livrée,Maillet
8943,8943,2019-02-25,2019-02-26,en cours,Pineau S.A.R.L.
8944,8944,2023-02-15,2023-02-16,en cours,Buisson et Fils
8945,8945,2020-04-29,2020-05-01,en cours,Devaux SA
8946,8946,2023-03-22,2023-03-29,en attente,Masson SA
8947,8947,2021-07-25,2021-07-28,en cours,Fleury S.A.R.L.
8948,8948,2024-09-04,2024-09-08,en attente,Hervé SARL
8949,8949,2025-05-04,2025-05-05,en attente,Gomes De Oliveira S.A.R.L.
8950,8950,2020-05-01,2020-05-05,en cours,Jacquot Devaux S.A.
8951,8951,2020-11-16,2020-11-23,livrée,Merle SARL
8952,8952,2021-06-21,2021-06-27,en cours,Garnier
8953,8953,2023-11-13,2023-11-20,en cours,Lagarde
8954,8954,2023-03-30,2023-04-01,en attente,Leleu Lebrun SARL
8955,8955,2025-12-19,2025-12-24,en cours,Jacquet SA
8956,8956,2021-11-28,2021-11-29,en cours,Jean
8957,8957,2022-08-04,2022-08-05,en cours,Ledoux SA
8958,8958,2024-06-07,2024-06-13,en attente,Allain
8959,8959,2024-11-29,2024-12-02,livrée,Boyer
8960,8960,2025-01-16,2025-01-23,livrée,Pascal Ferrand S.A.
8961,8961,2021-08-13,2021-08-20,en cours,Duhamel
8962,8962,2023-07-06,2023-07-08,livrée,Blanchard
8963,8963,2020-03-09,2020-03-13,en cours,Bousquet
8964,8964,2022-10-27,2022-11-02,en attente,Marchand
8965,8965,2025-08-31,2025-09-04,en attente,Legendre Didier S.A.
8966,8966,2024-08-27,2024-08-28,livrée,Cordier et Fils
8967,8967,2024-02-16,2024-02-18,livrée,Delaunay Alves S.A.
8968,8968,2019-06-16,2019-06-22,livrée,Guillet Sauvage et Fils
8969,8969,2020-11-03,2020-11-08,en cours,Legrand
8970,8970,2020-03-09,2020-03-10,en attente,Moreau SARL
8971,8971,2019-11-25,2019-12-01,en attente,François
8972,8972,2023-08-30,2023-09-05,en cours,Hardy
8973,8973,2023-02-11,2023-02-18,en cours,Bernard Alexandre SA
8974,8974,2019-09-25,2019-10-02,en attente,Meyer
8975,8975,2025-07-23,2025-07-27,livrée,Faure SA
8976,8976,2022-04-27,2022-05-02,en attente,Toussaint Navarro S.A.R.L.
8977,8977,2021-12-02,2021-12-07,en cours,Potier
8978,8978,2022-06-13,2022-06-20,livrée,Gonzalez
8979,8979,2026-01-01,2026-01-03,en attente,Vallée
8980,8980,2020-07-21,2020-07-25,livrée,Simon et Fils
8981,8981,2021-06-17,2021-06-23,en attente,Aubert Guilbert S.A.
8982,8982,2023-05-22,2023-05-29,livrée,Hardy
8983,8983,2019-04-02,2019-04-08,en cours,Noël
8984,8984,2023-10-14,2023-10-17,livrée,Gomes et Fils
8985,8985,2023-02-26,2023-03-05,livrée,Nguyen S.A.
8986,8986,2022-06-15,2022-06-16,en attente,Lacombe
8987,8987,2019-05-11,2019-05-18,livrée,Lecoq
8988,8988,2020-10-06,2020-10-07,en attente,Weiss
8989,8989,2022-07-12,2022-07-19,livrée,Monnier
8990,8990,2021-01-27,2021-02-02,en cours,Maurice
8991,8991,2022-04-25,2022-04-29,livrée,Toussaint
8992,8992,2019-01-07,2019-01-12,en attente,Dumas Muller SA
8993,8993,2024-01-13,2024-01-19,livrée,Carpentier Barthelemy et Fils
8994,8994,2021-03-28,2021-04-03,livrée,Launay
8995,8995,2020-11-07,2020-11-09,en attente,Leblanc SA
8996,8996,2025-08-13,2025-08-15,livrée,Joseph
8997,8997,2024-11-21,2024-11-25,en attente,Laurent et Fils
8998,8998,2025-12-02,2025-12-05,en attente,Voisin Picard SA
8999,8999,2025-11-16,2025-11-17,en cours,Bonneau
9000,9000,2019-11-18,2019-11-25,en cours,Guichard
9001,9001,2024-02-29,2024-03-04,en attente,Guérin SA
9002,9002,2022-05-26,2022-05-31,livrée,Robin Potier S.A.S.
9003,9003,2020-11-13,2020-11-20,en cours,Perret
9004,9004,2021-07-08,2021-07-09,livrée,Mahe
9005,9005,2020-03-07,2020-03-11,en attente,Pineau
9006,9006,2020-01-06,2020-01-13,en cours,Gomez
9007,9007,2023-12-25,2024-01-01,livrée,Voisin S.A.R.L.
9008,9008,2019-09-08,2019-09-14,en attente,Faivre
9009,9009,2019-04-02,2019-04-04,en cours,Boucher
9010,9010,2020-11-27,2020-12-04,en cours,Bonnin
9011,9011,2022-05-26,2022-05-29,en attente,Maurice S.A.
9012,9012,2020-03-09,2020-03-11,livrée,Louis
9013,9013,2020-06-20,2020-06-25,livrée,Arnaud SARL
9014,9014,2021-08-22,2021-08-27,livrée,Gilles
9015,9015,2025-01-15,2025-01-19,livrée,Guichard Gilbert S.A.S.
9016,9016,2020-11-28,2020-12-05,en cours,Millet
9017,9017,2023-03-17,2023-03-22,en attente,Gomez Bigot S.A.S.
9018,9018,2023-06-13,2023-06-20,livrée,Rivière et Fils
9019,9019,2019-07-24,2019-07-30,en attente,Martin Gros S.A.
9020,9020,2020-03-27,2020-03-30,en attente,Devaux SARL
9021,9021,2022-07-05,2022-07-11,en cours,Bourdon Chevallier et Fils
9022,9022,2025-11-16,2025-11-17,en attente,Launay
9023,9023,2023-02-12,2023-02-16,livrée,Michel
9024,9024,2025-03-22,2025-03-23,en attente,Marty
9025,9025,2024-03-16,2024-03-21,en cours,Valentin Mendès SA
9026,9026,2022-12-26,2022-12-30,en attente,Brun Robin S.A.S.
9027,9027,2019-02-06,2019-02-07,en attente,De Oliveira Regnier SARL
9028,9028,2020-07-28,2020-08-02,en attente,Marin Carpentier S.A.R.L.
9029,9029,2021-05-05,2021-05-09,en attente,Hardy
9030,9030,2022-06-07,2022-06-09,en attente,Brun
9031,9031,2025-11-13,2025-11-14,livrée,Ledoux
9032,9032,2020-02-21,2020-02-24,en attente,Aubert S.A.
9033,9033,2024-02-24,2024-03-02,livrée,Clément
9034,9034,2022-08-04,2022-08-10,en attente,Lemaire S.A.R.L.
9035,9035,2019-08-16,2019-08-18,livrée,Roger
9036,9036,2023-11-25,2023-11-28,en cours,Voisin Thomas S.A.R.L.
9037,9037,2023-01-16,2023-01-18,livrée,Chevalier Weiss SARL
9038,9038,2022-04-28,2022-04-30,en cours,Schneider
9039,9039,2019-06-03,2019-06-10,en attente,Descamps
9040,9040,2024-08-22,2024-08-27,en attente,Vallet Lemaître et Fils
9041,9041,2023-07-03,2023-07-10,en cours,Faure SA
9042,9042,2023-11-05,2023-11-08,livrée,Maury
9043,9043,2024-11-06,2024-11-10,en attente,Daniel
9044,9044,2024-04-07,2024-04-08,en attente,Leroux
9045,9045,2025-02-19,2025-02-21,livrée,Pierre Leclercq SARL
9046,9046,2022-10-25,2022-10-27,en attente,Gimenez Charrier S.A.
9047,9047,2021-10-11,2021-10-16,en attente,Mercier
9048,9048,2019-03-11,2019-03-17,en cours,Peltier SA
9049,9049,2025-11-19,2025-11-24,en cours,Chauvet Marchand S.A.R.L.
9050,9050,2023-04-10,2023-04-12,en attente,Hoarau Mendès S.A.S.
9051,9051,2020-05-03,2020-05-08,en attente,Gautier
9052,9052,2024-08-01,2024-08-02,en attente,Pineau Leduc S.A.S.
9053,9053,2022-07-30,2022-08-05,livrée,Grégoire S.A.
9054,9054,2021-09-28,2021-10-04,en cours,Guibert S.A.
9055,9055,2024-10-20,2024-10-27,en cours,Maréchal SA
9056,9056,2024-07-14,2024-07-17,livrée,Laroche et Fils
9057,9057,2021-03-12,2021-03-14,en attente,Delannoy SA
9058,9058,2024-04-19,2024-04-25,en cours,Chauvin
9059,9059,2020-09-08,2020-09-09,livrée,Bonnin
9060,9060,2022-07-06,2022-07-13,en cours,Mary S.A.
9061,9061,2024-04-15,2024-04-17,livrée,Gaudin
9062,9062,2025-06-07,2025-06-10,en attente,Courtois SA
9063,9063,2025-05-28,2025-06-02,livrée,Rey Thierry S.A.
9064,9064,2019-01-04,2019-01-08,livrée,Delmas S.A.S.
9065,9065,2023-11-23,2023-11-28,livrée,Roussel
9066,9066,2024-05-26,2024-05-30,en attente,De Sousa Grondin et Fils
9067,9067,2025-11-30,2025-12-02,en attente,Descamps
9068,9068,2025-11-25,2025-11-26,livrée,Robin
9069,9069,2024-07-03,2024-07-05,livrée,Albert S.A.S.
9070,9070,2022-09-12,2022-09-13,en attente,Lopes SARL
9071,9071,2020-03-30,2020-04-06,livrée,Boucher
9072,9072,2024-07-27,2024-08-01,livrée,Charrier S.A.R.L.
9073,9073,2023-01-23,2023-01-26,livrée,Nicolas S.A.R.L.
9074,9074,2024-04-27,2024-05-02,en attente,Marie
9075,9075,2021-09-18,2021-09-25,en cours,Joubert Mendès SARL
9076,9076,2019-05-09,2019-05-16,livrée,Gilles
9077,9077,2022-04-18,2022-04-22,en cours,Pottier
9078,9078,2021-09-18,2021-09-22,en attente,Fontaine Allain et Fils
9079,9079,2022-11-15,2022-11-21,livrée,Hebert
9080,9080,2022-07-27,2022-08-03,en cours,Rey S.A.S.
9081,9081,2024-06-04,2024-06-10,en attente,Chauveau
9082,9082,2022-05-22,2022-05-29,en attente,Muller Lejeune S.A.S.
9083,9083,2019-08-31,2019-09-07,en attente,Caron SA
9084,9084,2022-12-16,2022-12-19,en attente,Gérard
9085,9085,2024-05-01,2024-05-02,en attente,Lemonnier S.A.S.
9086,9086,2021-08-26,2021-09-01,en attente,Albert S.A.S.
9087,9087,2019-03-11,2019-03-13,livrée,Bazin S.A.R.L.
9088,9088,2021-09-20,2021-09-27,en cours,Marion
9089,9089,2021-04-16,2021-04-23,en cours,Weiss
9090,9090,2025-02-10,2025-02-16,en cours,Colas
9091,9091,2024-02-04,2024-02-05,en cours,Le Roux Marion SA
9092,9092,2019-07-06,2019-07-10,en cours,Martinez et Fils
9093,9093,2019-10-10,2019-10-14,en cours,Wagner
9094,9094,2019-12-10,2019-12-14,en attente,Brunet Evrard S.A.S.
9095,9095,2019-08-21,2019-08-22,livrée,Pichon
9096,9096,2020-11-17,2020-11-20,en attente,Legros SA
9097,9097,2025-02-06,2025-02-11,livrée,Riou
9098,9098,2020-11-28,2020-12-05,en attente,Vaillant
9099,9099,2021-12-14,2021-12-21,en cours,Bonnet
9100,9100,2025-01-17,2025-01-20,livrée,Briand
9101,9101,2020-11-25,2020-11-30,en cours,Cordier S.A.
9102,9102,2019-05-12,2019-05-16,en cours,Foucher
9103,9103,2023-09-04,2023-09-09,en cours,Vaillant
9104,9104,2025-05-30,2025-06-06,en cours,Couturier Blondel S.A.S.
9105,9105,2020-09-14,2020-09-18,livrée,Leroy Georges S.A.S.
9106,9106,2019-01-29,2019-01-31,livrée,Clément
9107,9107,2019-01-09,2019-01-13,en cours,Pasquier
9108,9108,2024-07-15,2024-07-16,en attente,Olivier
9109,9109,2019-09-06,2019-09-07,livrée,Michel Hamon et Fils
9110,9110,2023-04-14,2023-04-16,livrée,Renard
9111,9111,2023-06-16,2023-06-23,livrée,Gaudin SARL
9112,9112,2020-07-16,2020-07-19,livrée,Mathieu
9113,9113,2023-08-11,2023-08-16,en attente,Blondel et Fils
9114,9114,2023-08-23,2023-08-24,livrée,Leroux Morvan S.A.
9115,9115,2021-12-04,2021-12-10,en cours,Faure
9116,9116,2024-09-11,2024-09-16,en attente,Navarro
9117,9117,2020-06-14,2020-06-17,en attente,Pasquier Garcia SARL
9118,9118,2023-01-06,2023-01-10,en cours,Marie
9119,9119,2024-12-10,2024-12-16,livrée,Lefort Thierry SARL
9120,9120,2024-09-07,2024-09-12,en cours,Marin
9121,9121,2024-11-02,2024-11-03,livrée,Vaillant
9122,9122,2025-08-18,2025-08-21,livrée,Leclercq
9123,9123,2020-06-19,2020-06-22,en cours,Chrétien S.A.
9124,9124,2023-11-29,2023-12-01,en cours,Bailly SARL
9125,9125,2025-04-27,2025-04-30,en attente,Marchal
9126,9126,2023-12-02,2023-12-03,livrée,De Sousa Carpentier S.A.
9127,9127,2021-11-16,2021-11-23,en cours,Letellier Grenier SA
9128,9128,2022-06-11,2022-06-15,en attente,Perret
9129,9129,2020-04-19,2020-04-25,en attente,Camus SARL
9130,9130,2019-01-14,2019-01-17,en attente,Pichon S.A.
9131,9131,2023-06-11,2023-06-13,en cours,Leblanc
9132,9132,2022-06-10,2022-06-11,livrée,Legendre
9133,9133,2019-05-13,2019-05-17,en cours,Girard
9134,9134,2024-03-29,2024-03-30,livrée,Fernandes Pinto S.A.R.L.
9135,9135,2020-10-25,2020-11-01,en attente,Dufour
9136,9136,2023-11-20,2023-11-22,livrée,Gaillard Gautier S.A.S.
9137,9137,2021-03-24,2021-03-29,livrée,Hoareau Laroche S.A.
9138,9138,2025-03-20,2025-03-26,en attente,Lacombe
9139,9139,2022-12-13,2022-12-19,livrée,Couturier Pichon SARL
9140,9140,2020-10-09,2020-10-11,livrée,Lacombe Perrin S.A.S.
9141,9141,2019-05-22,2019-05-24,en cours,Rivière S.A.S.
9142,9142,2019-07-25,2019-07-27,en attente,Boyer Bourgeois SA
9143,9143,2020-01-06,2020-01-09,en attente,Hebert
9144,9144,2024-01-17,2024-01-19,livrée,Lévêque
9145,9145,2022-10-20,2022-10-26,en attente,Allain SA
9146,9146,2020-09-25,2020-09-27,livrée,Gilles
9147,9147,2024-09-06,2024-09-11,en cours,Hervé Blanchard S.A.S.
9148,9148,2022-10-28,2022-11-04,livrée,Faure et Fils
9149,9149,2023-07-31,2023-08-04,en attente,Chauvet S.A.
9150,9150,2023-07-16,2023-07-20,livrée,Guyon Roche SARL
9151,9151,2023-08-09,2023-08-11,livrée,Boucher
9152,9152,2021-01-01,2021-01-03,en attente,Lopes
9153,9153,2020-03-04,2020-03-09,en attente,Raymond
9154,9154,2019-03-22,2019-03-23,en attente,Joseph S.A.
9155,9155,2024-10-24,2024-10-25,en cours,Leblanc
9156,9156,2020-12-25,2020-12-29,en attente,Lopes
9157,9157,2023-03-15,2023-03-16,livrée,Benard
9158,9158,2024-03-26,2024-03-27,livrée,Lefebvre
9159,9159,2020-08-29,2020-09-04,en cours,Delorme
9160,9160,2025-03-23,2025-03-24,livrée,Prévost SA
9161,9161,2022-05-18,2022-05-20,en cours,Lacroix
9162,9162,2020-05-21,2020-05-23,en cours,Dumas
9163,9163,2025-01-03,2025-01-06,livrée,Gallet Hebert et Fils
9164,9164,2025-05-22,2025-05-26,en cours,Barthelemy Leblanc S.A.S.
9165,9165,2019-05-13,2019-05-20,en cours,Foucher
9166,9166,2020-04-09,2020-04-13,en cours,Legros
9167,9167,2020-04-27,2020-04-30,livrée,Pons
9168,9168,2023-01-11,2023-01-12,en attente,Brunet
9169,9169,2024-01-21,2024-01-24,en cours,Masson
9170,9170,2022-07-07,2022-07-08,en cours,Perez S.A.
9171,9171,2025-08-17,2025-08-23,en cours,Teixeira et Fils
9172,9172,2020-11-09,2020-11-13,en cours,Mace S.A.R.L.
9173,9173,2019-03-24,2019-03-25,en cours,Julien
9174,9174,2020-05-01,2020-05-08,en attente,Torres
9175,9175,2020-06-03,2020-06-07,livrée,Lemaître SA
9176,9176,2020-07-25,2020-07-28,livrée,Martinez Barbier S.A.R.L.
9177,9177,2024-12-19,2024-12-24,livrée,Mace
9178,9178,2019-02-06,2019-02-12,livrée,Reynaud
9179,9179,2023-11-14,2023-11-16,livrée,Delorme
9180,9180,2022-02-03,2022-02-09,en cours,Guichard
9181,9181,2025-04-19,2025-04-20,en cours,Brun S.A.R.L.
9182,9182,2025-06-28,2025-07-04,en attente,Seguin
9183,9183,2019-10-17,2019-10-20,en attente,Aubry SARL
9184,9184,2025-12-24,2025-12-27,en attente,Dupuis Bousquet S.A.S.
9185,9185,2022-05-04,2022-05-09,en attente,Fernandes
9186,9186,2024-11-11,2024-11-12,livrée,Hebert S.A.
9187,9187,2021-04-27,2021-05-02,livrée,Guilbert S.A.S.
9188,9188,2020-05-20,2020-05-25,en attente,Wagner et Fils
9189,9189,2025-08-15,2025-08-17,en cours,Henry S.A.
9190,9190,2022-09-08,2022-09-12,livrée,Pages
9191,9191,2025-07-08,2025-07-12,livrée,De Oliveira Faivre S.A.S.
9192,9192,2021-01-17,2021-01-24,en attente,Diaz Payet S.A.
9193,9193,2019-11-26,2019-12-03,livrée,Evrard
9194,9194,2023-10-02,2023-10-07,livrée,Couturier S.A.S.
9195,9195,2019-12-14,2019-12-16,en cours,Guillet S.A.R.L.
9196,9196,2022-04-30,2022-05-07,en cours,Gauthier
9197,9197,2025-09-09,2025-09-12,en attente,Sanchez Guillet et Fils
9198,9198,2025-08-07,2025-08-08,en cours,Joseph
9199,9199,2020-07-03,2020-07-09,en attente,Guichard Benard SA
9200,9200,2022-08-18,2022-08-24,en cours,Lefort SA
9201,9201,2023-08-25,2023-08-26,livrée,Langlois
9202,9202,2025-06-23,2025-06-25,en cours,Fournier
9203,9203,2025-05-16,2025-05-18,livrée,Ollivier
9204,9204,2025-05-05,2025-05-07,en cours,Renard Hervé S.A.R.L.
9205,9205,2024-02-20,2024-02-25,en cours,Goncalves Gillet S.A.
9206,9206,2023-06-15,2023-06-18,en cours,Mathieu S.A.
9207,9207,2025-01-17,2025-01-21,en cours,Baudry Bourdon S.A.R.L.
9208,9208,2025-12-29,2025-12-31,livrée,Paul S.A.
9209,9209,2021-03-14,2021-03-19,en attente,Louis
9210,9210,2021-03-19,2021-03-25,livrée,Lebreton Launay S.A.S.
9211,9211,2021-12-14,2021-12-21,en cours,Techer
9212,9212,2024-10-13,2024-10-16,livrée,Lopez
9213,9213,2019-11-07,2019-11-08,en cours,Leroux S.A.S.
9214,9214,2019-07-01,2019-07-02,en attente,Camus
9215,9215,2020-04-16,2020-04-20,livrée,Alexandre Leclerc S.A.R.L.
9216,9216,2023-05-15,2023-05-19,en attente,Lecomte
9217,9217,2023-06-25,2023-06-28,livrée,Gallet Blanchard S.A.
9218,9218,2023-10-02,2023-10-06,en cours,Petitjean
9219,9219,2024-10-03,2024-10-10,en attente,Blanchard Wagner S.A.
9220,9220,2022-01-14,2022-01-20,livrée,Guillou S.A.R.L.
9221,9221,2023-08-28,2023-08-30,en attente,Delmas
9222,9222,2020-02-20,2020-02-26,livrée,Loiseau Ferreira S.A.R.L.
9223,9223,2021-12-12,2021-12-17,en cours,Mendès
9224,9224,2025-09-23,2025-09-29,livrée,Georges Guillon S.A.
9225,9225,2023-04-09,2023-04-11,en attente,Foucher
9226,9226,2021-03-04,2021-03-05,en cours,Laine
9227,9227,2023-02-02,2023-02-03,livrée,Coste S.A.R.L.
9228,9228,2020-12-05,2020-12-11,en cours,Fontaine
9229,9229,2022-11-03,2022-11-09,en attente,Guillon
9230,9230,2023-03-08,2023-03-11,en attente,Lefebvre S.A.R.L.
9231,9231,2019-08-12,2019-08-19,en cours,Guillet Martineau S.A.R.L.
9232,9232,2022-03-29,2022-04-03,en cours,Lecomte S.A.
9233,9233,2025-09-23,2025-09-24,en cours,Legros
9234,9234,2022-05-10,2022-05-15,en attente,Bonneau
9235,9235,2025-08-23,2025-08-30,en cours,Rey
9236,9236,2024-01-13,2024-01-15,livrée,Gaillard
9237,9237,2025-07-20,2025-07-25,en cours,Arnaud
9238,9238,2021-01-25,2021-01-26,en attente,Pages Nguyen SARL
9239,9239,2021-11-10,2021-11-13,en cours,Renaud
9240,9240,2020-12-17,2020-12-23,en attente,Besson et Fils
9241,9241,2020-04-16,2020-04-22,en cours,Aubert
9242,9242,2019-06-30,2019-07-05,livrée,Pineau S.A.
9243,9243,2022-05-20,2022-05-21,en cours,Muller SA
9244,9244,2020-06-06,2020-06-12,en attente,Dufour S.A.S.
9245,9245,2019-11-29,2019-12-02,en cours,Perret Lucas SARL
9246,9246,2022-12-29,2022-12-31,en cours,Caron et Fils
9247,9247,2024-10-01,2024-10-08,livrée,Barre
9248,9248,2022-01-22,2022-01-26,livrée,Bonnet
9249,9249,2021-08-10,2021-08-11,livrée,Martel et Fils
9250,9250,2024-08-22,2024-08-28,en cours,Monnier
9251,9251,2024-05-21,2024-05-22,en attente,Gomez Collet et Fils
9252,9252,2020-05-21,2020-05-28,en attente,Reynaud SARL
9253,9253,2019-10-22,2019-10-28,en attente,Gomez
9254,9254,2023-11-10,2023-11-12,en cours,Baudry
9255,9255,2024-05-29,2024-05-31,livrée,Lemaître
9256,9256,2024-05-19,2024-05-26,en attente,Laurent SARL
9257,9257,2025-02-07,2025-02-12,livrée,Raynaud Jacques S.A.
9258,9258,2023-08-14,2023-08-15,livrée,Gay
9259,9259,2025-06-12,2025-06-16,livrée,Rey
9260,9260,2025-10-31,2025-11-03,en attente,Charrier
9261,9261,2022-08-06,2022-08-11,en cours,Gosselin Guillou S.A.
9262,9262,2024-02-13,2024-02-18,en attente,Vasseur Deschamps et Fils
9263,9263,2025-02-05,2025-02-07,en cours,Boucher Georges S.A.R.L.
9264,9264,2020-04-15,2020-04-17,en attente,Gilles
9265,9265,2024-04-06,2024-04-11,en attente,Vincent
9266,9266,2022-07-31,2022-08-06,livrée,Seguin Meunier S.A.S.
9267,9267,2023-10-30,2023-11-01,livrée,Fabre
9268,9268,2021-10-21,2021-10-24,livrée,Dufour et Fils
9269,9269,2020-07-20,2020-07-27,en attente,Roy Gaudin S.A.S.
9270,9270,2025-04-16,2025-04-17,en attente,Rivière
9271,9271,2022-02-26,2022-03-01,livrée,Perez Imbert SARL
9272,9272,2019-03-19,2019-03-22,en cours,Delannoy Devaux S.A.
9273,9273,2025-09-08,2025-09-13,livrée,Guillot et Fils
9274,9274,2023-11-06,2023-11-12,en attente,Morel
9275,9275,2025-04-20,2025-04-24,en cours,Bernier S.A.
9276,9276,2022-01-02,2022-01-06,livrée,Arnaud Michaud SARL
9277,9277,2022-05-16,2022-05-19,en attente,Roux
9278,9278,2020-09-02,2020-09-03,livrée,Gautier Perrier S.A.R.L.
9279,9279,2021-06-10,2021-06-16,livrée,Dupré
9280,9280,2019-07-03,2019-07-06,en cours,Merle
9281,9281,2021-03-14,2021-03-19,en attente,Legros
9282,9282,2024-02-13,2024-02-17,en cours,Maury SA
9283,9283,2019-09-04,2019-09-07,livrée,Weiss S.A.R.L.
9284,9284,2025-09-10,2025-09-12,en attente,Lecoq
9285,9285,2025-07-17,2025-07-23,livrée,Auger
9286,9286,2019-07-30,2019-07-31,en cours,Lemaire S.A.S.
9287,9287,2024-08-14,2024-08-17,en attente,Baron S.A.
9288,9288,2024-04-24,2024-04-26,en attente,Henry
9289,9289,2021-12-16,2021-12-19,en cours,Lamy
9290,9290,2025-08-11,2025-08-15,livrée,Philippe et Fils
9291,9291,2022-02-22,2022-02-25,en attente,Pages
9292,9292,2019-10-30,2019-11-06,en attente,Pascal Joly SA
9293,9293,2019-04-14,2019-04-21,en attente,Royer SARL
9294,9294,2022-06-01,2022-06-04,livrée,Vallet
9295,9295,2020-09-06,2020-09-08,en attente,Mary
9296,9296,2021-06-07,2021-06-10,livrée,Hernandez
9297,9297,2025-06-24,2025-06-27,livrée,Joubert Dubois S.A.R.L.
9298,9298,2025-03-14,2025-03-17,livrée,Joly Julien S.A.S.
9299,9299,2022-04-08,2022-04-10,en cours,Barbe Berthelot S.A.
9300,9300,2023-05-24,2023-05-25,livrée,Bousquet Pineau S.A.
9301,9301,2019-02-22,2019-02-23,en cours,Julien Merle S.A.
9302,9302,2022-12-16,2022-12-21,en attente,Vallet S.A.
9303,9303,2019-07-25,2019-08-01,livrée,Girard
9304,9304,2021-08-24,2021-08-28,livrée,Jacquet
9305,9305,2024-06-30,2024-07-05,en attente,Schneider
9306,9306,2019-08-23,2019-08-30,en cours,Charpentier
9307,9307,2022-07-22,2022-07-28,en cours,Bonneau Leduc S.A.S.
9308,9308,2022-01-02,2022-01-07,en attente,Le Gall
9309,9309,2024-04-05,2024-04-09,en cours,Marie S.A.R.L.
9310,9310,2024-04-08,2024-04-09,livrée,Moreau
9311,9311,2025-12-22,2025-12-27,en attente,Gérard Carre S.A.
9312,9312,2023-03-27,2023-03-29,livrée,Camus
9313,9313,2019-02-17,2019-02-18,livrée,Millet
9314,9314,2022-04-13,2022-04-19,en cours,Lemaire
9315,9315,2020-12-25,2020-12-31,livrée,Brunet
9316,9316,2021-09-28,2021-09-29,en cours,Caron
9317,9317,2025-06-08,2025-06-10,en attente,Martin
9318,9318,2025-07-12,2025-07-13,en attente,Rolland Giraud S.A.S.
9319,9319,2022-05-01,2022-05-03,livrée,Leblanc
9320,9320,2020-05-23,2020-05-24,livrée,Philippe
9321,9321,2023-06-24,2023-06-25,livrée,Gillet Colas S.A.R.L.
9322,9322,2023-07-22,2023-07-28,livrée,Ferrand SARL
9323,9323,2025-05-29,2025-06-04,en attente,Rivière et Fils
9324,9324,2022-12-31,2023-01-01,en cours,Maillot
9325,9325,2021-05-22,2021-05-29,en cours,Gomez Guyot S.A.R.L.
9326,9326,2022-03-30,2022-04-04,livrée,Pierre SARL
9327,9327,2021-05-18,2021-05-21,livrée,Aubry S.A.R.L.
9328,9328,2019-03-25,2019-03-26,en cours,Morin Lamy S.A.
9329,9329,2019-07-20,2019-07-26,en attente,Ribeiro Morel et Fils
9330,9330,2024-12-22,2024-12-24,en cours,Blanchard
9331,9331,2021-10-14,2021-10-19,livrée,Georges S.A.R.L.
9332,9332,2024-02-03,2024-02-07,livrée,Philippe
9333,9333,2020-11-14,2020-11-16,en attente,Fouquet
9334,9334,2023-02-06,2023-02-13,en cours,Bourdon S.A.S.
9335,9335,2021-08-11,2021-08-18,livrée,Delaunay
9336,9336,2020-03-12,2020-03-17,en cours,Goncalves
9337,9337,2023-06-25,2023-06-28,en cours,Fernandez Bousquet S.A.R.L.
9338,9338,2023-11-06,2023-11-13,en cours,Dumas Moreno SA
9339,9339,2020-07-30,2020-08-03,en attente,Renaud
9340,9340,2023-03-01,2023-03-03,en attente,Gillet S.A.S.
9341,9341,2020-06-17,2020-06-18,en attente,Barbier Delattre S.A.S.
9342,9342,2020-07-07,2020-07-08,en cours,Lefebvre SA
9343,9343,2020-08-20,2020-08-25,livrée,Gimenez S.A.
9344,9344,2021-02-04,2021-02-11,en attente,Renault S.A.R.L.
9345,9345,2019-03-10,2019-03-12,en cours,Launay
9346,9346,2024-10-24,2024-10-31,en attente,Roy
9347,9347,2025-03-12,2025-03-18,en cours,Wagner
9348,9348,2019-02-08,2019-02-10,en attente,Besnard S.A.R.L.
9349,9349,2025-03-27,2025-04-01,livrée,Buisson Raymond S.A.
9350,9350,2023-07-04,2023-07-05,livrée,Laporte
9351,9351,2022-07-12,2022-07-17,en cours,Delaunay
9352,9352,2019-03-04,2019-03-08,en attente,Marques Leroy et Fils
9353,9353,2022-01-22,2022-01-25,en cours,David
9354,9354,2020-08-19,2020-08-20,en cours,Dos Santos
9355,9355,2021-06-13,2021-06-16,en attente,Mallet SARL
9356,9356,2022-09-06,2022-09-10,livrée,Allain S.A.R.L.
9357,9357,2020-09-04,2020-09-11,en attente,Boyer SARL
9358,9358,2020-11-02,2020-11-04,en attente,Lombard Guyot S.A.
9359,9359,2021-09-24,2021-09-26,en cours,Klein
9360,9360,2025-11-06,2025-11-07,en cours,Hamon
9361,9361,2021-01-01,2021-01-05,livrée,Perez Vidal S.A.
9362,9362,2023-04-17,2023-04-21,livrée,Gros
9363,9363,2022-10-08,2022-10-14,en cours,Aubert Mercier S.A.
9364,9364,2025-08-31,2025-09-02,livrée,Albert S.A.S.
9365,9365,2023-06-28,2023-06-29,en cours,Evrard
9366,9366,2024-02-04,2024-02-08,livrée,Gimenez
9367,9367,2023-10-10,2023-10-15,livrée,Gosselin Lamy S.A.
9368,9368,2023-11-10,2023-11-14,en cours,Bourgeois
9369,9369,2025-06-13,2025-06-17,livrée,Renard
9370,9370,2019-10-14,2019-10-18,en cours,Dumas
9371,9371,2022-05-22,2022-05-29,en attente,Buisson
9372,9372,2020-12-31,2021-01-06,en attente,Blot Albert S.A.S.
9373,9373,2021-08-25,2021-08-31,en attente,Dumont
9374,9374,2024-06-28,2024-07-05,en attente,Pinto
9375,9375,2023-05-21,2023-05-22,livrée,Le Gall Chevalier et Fils
9376,9376,2025-09-20,2025-09-24,livrée,Petitjean S.A.R.L.
9377,9377,2019-06-16,2019-06-19,en cours,Navarro
9378,9378,2020-12-21,2020-12-23,livrée,Ramos Bouvet SA
9379,9379,2020-02-23,2020-02-26,en cours,Potier
9380,9380,2019-09-18,2019-09-23,en cours,Torres
9381,9381,2019-01-20,2019-01-24,en attente,Morin
9382,9382,2022-06-20,2022-06-26,en cours,Munoz Boulay S.A.
9383,9383,2024-09-30,2024-10-01,en cours,Olivier Breton S.A.R.L.
9384,9384,2024-08-30,2024-09-04,en attente,Imbert Lelièvre S.A.
9385,9385,2021-12-27,2022-01-02,en attente,Turpin S.A.S.
9386,9386,2023-05-11,2023-05-18,en cours,Meunier S.A.S.
9387,9387,2021-07-13,2021-07-15,en attente,Lucas
9388,9388,2022-03-01,2022-03-03,en attente,Pineau SARL
9389,9389,2022-01-01,2022-01-04,livrée,Peltier SARL
9390,9390,2021-07-15,2021-07-16,livrée,Dumont Petit S.A.S.
9391,9391,2025-11-16,2025-11-17,en cours,Chauvet
9392,9392,2023-08-01,2023-08-08,livrée,Petit Laporte S.A.S.
9393,9393,2022-03-04,2022-03-06,en attente,Bigot
9394,9394,2023-03-21,2023-03-26,en attente,Giraud SA
9395,9395,2022-12-19,2022-12-21,livrée,Pereira
9396,9396,2020-05-09,2020-05-14,livrée,Teixeira
9397,9397,2023-05-19,2023-05-20,livrée,Raymond
9398,9398,2022-03-26,2022-03-29,en cours,Jacob
9399,9399,2019-10-29,2019-11-04,en attente,Duhamel Lecomte SA
9400,9400,2025-10-19,2025-10-20,en attente,Cohen
9401,9401,2019-08-31,2019-09-07,livrée,Bernier
9402,9402,2020-08-30,2020-08-31,livrée,Martineau
9403,9403,2020-07-13,2020-07-17,en attente,Berger SA
9404,9404,2022-03-06,2022-03-07,livrée,Antoine
9405,9405,2024-04-23,2024-04-27,en cours,Lévy et Fils
9406,9406,2021-06-02,2021-06-08,en attente,Mendès
9407,9407,2023-04-06,2023-04-12,en attente,Jacquot
9408,9408,2023-01-28,2023-02-01,livrée,Navarro
9409,9409,2019-06-12,2019-06-14,en attente,Laine S.A.S.
9410,9410,2023-07-29,2023-08-05,en cours,Boulay
9411,9411,2022-11-23,2022-11-26,en cours,Laporte S.A.
9412,9412,2020-05-15,2020-05-20,livrée,Barbier Chauveau et Fils
9413,9413,2022-09-19,2022-09-24,en cours,Ramos
9414,9414,2019-11-26,2019-11-30,en cours,Martins Michel et Fils
9415,9415,2022-05-27,2022-05-30,en attente,Colas De Oliveira SARL
9416,9416,2020-11-27,2020-12-02,en cours,Arnaud Roger et Fils
9417,9417,2019-01-12,2019-01-15,livrée,Marty
9418,9418,2020-04-15,2020-04-16,livrée,Humbert Lejeune S.A.R.L.
9419,9419,2023-02-12,2023-02-15,livrée,Menard
9420,9420,2022-03-23,2022-03-28,en attente,Berger et Fils
9421,9421,2020-11-09,2020-11-13,en attente,Garcia S.A.S.
9422,9422,2022-01-24,2022-01-25,en attente,Dupuy
9423,9423,2020-10-10,2020-10-12,en attente,Bourgeois
9424,9424,2025-09-03,2025-09-08,en attente,Tessier Diallo S.A.S.
9425,9425,2025-05-22,2025-05-29,livrée,Ledoux Germain SA
9426,9426,2021-04-15,2021-04-21,en cours,Adam
9427,9427,2019-02-26,2019-02-28,livrée,Evrard
9428,9428,2020-12-09,2020-12-13,en attente,Leclercq
9429,9429,2025-06-17,2025-06-18,livrée,Chauvet Gomez S.A.
9430,9430,2022-01-02,2022-01-08,livrée,Fernandes
9431,9431,2023-12-07,2023-12-14,en attente,Philippe
9432,9432,2023-05-04,2023-05-06,livrée,Diallo S.A.S.
9433,9433,2020-08-01,2020-08-05,en cours,Renault Pichon SARL
9434,9434,2023-02-08,2023-02-09,en attente,Valentin Pelletier S.A.S.
9435,9435,2019-09-15,2019-09-19,en attente,Paul
9436,9436,2023-07-20,2023-07-22,livrée,Antoine
9437,9437,2020-09-02,2020-09-06,livrée,Martinez Bruneau S.A.R.L.
9438,9438,2022-09-11,2022-09-13,en cours,Gallet
9439,9439,2021-04-10,2021-04-17,en attente,Petitjean Schmitt SA
9440,9440,2020-06-03,2020-06-07,en cours,Morvan
9441,9441,2020-10-11,2020-10-17,en attente,Regnier S.A.
9442,9442,2024-06-14,2024-06-20,en attente,Garcia Fischer S.A.S.
9443,9443,2024-01-10,2024-01-11,en cours,Blanchet Bernard SA
9444,9444,2020-06-19,2020-06-26,en attente,Fontaine SARL
9445,9445,2019-06-18,2019-06-24,livrée,Chauvet et Fils
9446,9446,2019-06-15,2019-06-19,en attente,Weber Barbe et Fils
9447,9447,2022-10-22,2022-10-24,en cours,Benard
9448,9448,2019-01-17,2019-01-24,en attente,Mahe Ruiz S.A.S.
9449,9449,2020-06-21,2020-06-23,en attente,Duval Louis SA
9450,9450,2024-10-20,2024-10-21,en cours,Perret
9451,9451,2024-09-03,2024-09-04,en cours,Hernandez
9452,9452,2019-12-18,2019-12-23,en cours,Cordier Voisin SARL
9453,9453,2020-01-30,2020-01-31,livrée,Noël et Fils
9454,9454,2024-11-08,2024-11-10,en cours,Lemaire
9455,9455,2021-03-09,2021-03-13,livrée,Carpentier
9456,9456,2022-02-22,2022-02-23,en cours,Lacombe S.A.S.
9457,9457,2022-12-29,2023-01-05,livrée,Morel SA
9458,9458,2021-06-01,2021-06-03,livrée,Denis
9459,9459,2022-09-05,2022-09-10,en cours,Lagarde et Fils
9460,9460,2024-05-22,2024-05-26,livrée,Joseph Gay SARL
9461,9461,2019-10-14,2019-10-16,en cours,Gomez
9462,9462,2020-11-14,2020-11-15,livrée,Regnier
9463,9463,2022-06-10,2022-06-11,livrée,Guilbert Grondin et Fils
9464,9464,2023-02-26,2023-03-05,en cours,Rémy Fouquet et Fils
9465,9465,2022-08-21,2022-08-28,en attente,Alexandre S.A.
9466,9466,2022-06-28,2022-07-05,en attente,Toussaint
9467,9467,2025-01-21,2025-01-24,en attente,Charpentier S.A.R.L.
9468,9468,2025-06-22,2025-06-25,en attente,Marchal Royer S.A.S.
9469,9469,2019-01-25,2019-01-31,en cours,Dubois S.A.R.L.
9470,9470,2021-07-28,2021-08-01,livrée,Devaux
9471,9471,2019-11-23,2019-11-27,en attente,Bouvet
9472,9472,2019-03-07,2019-03-08,en attente,Blin S.A.R.L.
9473,9473,2019-07-15,2019-07-22,en attente,Leduc
9474,9474,2024-11-17,2024-11-18,en attente,Briand
9475,9475,2023-08-08,2023-08-10,en attente,Berthelot
9476,9476,2020-01-26,2020-02-01,en cours,Gérard
9477,9477,2025-05-26,2025-05-27,en attente,Delahaye
9478,9478,2023-08-03,2023-08-08,en attente,Camus
9479,9479,2023-11-22,2023-11-23,livrée,Hoarau
9480,9480,2022-09-12,2022-09-15,livrée,Thierry S.A.
9481,9481,2019-05-13,2019-05-16,livrée,Monnier S.A.R.L.
9482,9482,2025-12-01,2025-12-07,livrée,Guérin
9483,9483,2025-12-24,2025-12-29,en attente,Mercier SARL
9484,9484,2022-10-17,2022-10-22,en cours,Allard SA
9485,9485,2022-07-15,2022-07-19,en attente,Collet
9486,9486,2024-02-17,2024-02-18,livrée,Guilbert
9487,9487,2020-08-31,2020-09-05,en attente,Jean
9488,9488,2025-02-11,2025-02-16,en cours,Hardy
9489,9489,2024-01-20,2024-01-27,en cours,Guérin
9490,9490,2022-12-18,2022-12-19,livrée,Marty
9491,9491,2024-08-06,2024-08-12,livrée,Gomes Hubert S.A.S.
9492,9492,2021-02-06,2021-02-13,en cours,Buisson
9493,9493,2023-08-13,2023-08-18,livrée,Maury
9494,9494,2020-11-18,2020-11-20,en cours,Rousset François SA
9495,9495,2024-10-15,2024-10-17,en attente,Leblanc S.A.S.
9496,9496,2019-09-19,2019-09-26,livrée,Pasquier S.A.R.L.
9497,9497,2022-11-01,2022-11-03,livrée,Denis
9498,9498,2025-01-13,2025-01-19,en attente,Martins S.A.S.
9499,9499,2022-12-09,2022-12-14,livrée,Carlier S.A.R.L.
9500,9500,2019-06-18,2019-06-19,en attente,Charpentier
9501,9501,2024-02-15,2024-02-20,en cours,Leblanc Sanchez S.A.R.L.
9502,9502,2021-09-07,2021-09-13,livrée,Brun
9503,9503,2020-11-16,2020-11-20,livrée,Maillet
9504,9504,2020-06-01,2020-06-05,en attente,Didier Gautier SA
9505,9505,2024-06-07,2024-06-14,livrée,Dupuis Masson S.A.
9506,9506,2021-04-27,2021-05-04,en cours,Martins
9507,9507,2019-09-11,2019-09-13,livrée,Regnier SARL
9508,9508,2021-12-18,2021-12-19,en attente,Gomes
9509,9509,2023-01-16,2023-01-19,en cours,Pasquier Bazin S.A.R.L.
9510,9510,2025-10-08,2025-10-14,en cours,Godard
9511,9511,2019-11-21,2019-11-24,livrée,Roussel
9512,9512,2023-09-30,2023-10-06,en attente,Pages S.A.S.
9513,9513,2021-04-10,2021-04-11,en attente,François Loiseau SA
9514,9514,2019-06-02,2019-06-09,en attente,Guichard
9515,9515,2023-03-07,2023-03-08,en cours,Bouvier
9516,9516,2019-01-01,2019-01-06,en cours,Leconte
9517,9517,2021-12-30,2022-01-02,livrée,Grondin
9518,9518,2023-10-25,2023-10-28,livrée,Regnier Joly SA
9519,9519,2023-06-21,2023-06-27,en attente,Rey
9520,9520,2019-12-22,2019-12-23,en attente,Blanc
9521,9521,2020-11-21,2020-11-24,en cours,Le Gall
9522,9522,2022-10-08,2022-10-12,livrée,Lecomte
9523,9523,2020-02-03,2020-02-07,livrée,Costa SARL
9524,9524,2019-11-14,2019-11-20,en cours,Ferrand Perret S.A.
9525,9525,2024-08-18,2024-08-21,en attente,Le Goff
9526,9526,2022-11-02,2022-11-06,en cours,Rocher S.A.R.L.
9527,9527,2025-08-12,2025-08-19,en attente,Rocher
9528,9528,2019-12-27,2019-12-30,en attente,Mendès
9529,9529,2022-06-29,2022-07-05,en attente,Marchand S.A.
9530,9530,2022-10-16,2022-10-18,en cours,Maillot
9531,9531,2019-10-31,2019-11-06,en attente,Michaud
9532,9532,2022-09-18,2022-09-22,livrée,Vallet S.A.
9533,9533,2024-12-01,2024-12-04,en attente,Mendès
9534,9534,2023-03-06,2023-03-09,en cours,Guillet Perrot et Fils
9535,9535,2019-02-22,2019-02-28,en cours,Antoine S.A.S.
9536,9536,2022-08-02,2022-08-07,en attente,Fontaine Bonnet et Fils
9537,9537,2022-05-10,2022-05-14,livrée,Meunier Rossi SA
9538,9538,2025-05-17,2025-05-24,en attente,Charrier
9539,9539,2023-09-26,2023-09-29,en attente,Rey Gérard SARL
9540,9540,2022-03-01,2022-03-02,en cours,Mahe Rémy SA
9541,9541,2025-10-09,2025-10-10,en cours,De Sousa SARL
9542,9542,2020-11-21,2020-11-25,en cours,Blanchard
9543,9543,2019-08-11,2019-08-15,livrée,Pascal
9544,9544,2022-09-04,2022-09-06,en cours,Peltier
9545,9545,2019-11-06,2019-11-11,en cours,Charrier S.A.R.L.
9546,9546,2019-09-27,2019-09-29,livrée,Roger
9547,9547,2022-12-12,2022-12-19,livrée,Blanc
9548,9548,2021-04-27,2021-05-01,livrée,Allain Michel et Fils
9549,9549,2020-04-03,2020-04-10,en cours,Gérard SA
9550,9550,2019-10-29,2019-10-30,livrée,Vallée Chauveau S.A.R.L.
9551,9551,2025-08-17,2025-08-21,en cours,Dijoux
9552,9552,2020-08-12,2020-08-15,en cours,Munoz
9553,9553,2021-03-19,2021-03-26,livrée,Hernandez Picard SARL
9554,9554,2021-12-18,2021-12-19,en attente,Thierry SA
9555,9555,2024-04-05,2024-04-12,en cours,Vallet Dias SA
9556,9556,2021-04-07,2021-04-12,livrée,Rolland
9557,9557,2019-12-24,2019-12-25,en cours,Poirier
9558,9558,2025-05-06,2025-05-10,livrée,Traore
9559,9559,2019-06-06,2019-06-07,en attente,Louis
9560,9560,2022-02-12,2022-02-19,en cours,Dumont Gilbert S.A.
9561,9561,2022-05-27,2022-05-30,en attente,Lebreton
9562,9562,2020-08-04,2020-08-11,en attente,Hamon
9563,9563,2023-10-05,2023-10-12,livrée,Georges
9564,9564,2023-11-03,2023-11-10,en attente,Guilbert
9565,9565,2025-01-29,2025-02-02,en cours,Le Goff Morin S.A.
9566,9566,2022-01-30,2022-02-05,en cours,Léger
9567,9567,2025-03-10,2025-03-12,livrée,Lebon Rousset S.A.S.
9568,9568,2022-08-11,2022-08-15,en cours,Blondel S.A.
9569,9569,2021-10-08,2021-10-14,livrée,Pons
9570,9570,2023-04-11,2023-04-18,livrée,Guyot Salmon S.A.
9571,9571,2024-11-10,2024-11-17,en attente,Tanguy
9572,9572,2025-02-22,2025-02-27,en cours,Maillet Da Silva S.A.S.
9573,9573,2025-03-03,2025-03-07,en cours,Meyer François SARL
9574,9574,2020-08-24,2020-08-27,en cours,Duhamel
9575,9575,2019-10-22,2019-10-24,en cours,Leconte
9576,9576,2024-11-02,2024-11-03,en attente,Blanc
9577,9577,2022-08-12,2022-08-15,livrée,Pascal S.A.S.
9578,9578,2019-07-27,2019-07-28,livrée,Besnard
9579,9579,2021-10-27,2021-11-02,en attente,Berthelot
9580,9580,2022-07-10,2022-07-12,en attente,Poulain Chauvet et Fils
9581,9581,2021-12-02,2021-12-09,en attente,Lambert S.A.S.
9582,9582,2019-09-30,2019-10-07,en cours,Olivier et Fils
9583,9583,2021-11-12,2021-11-19,livrée,Hoareau et Fils
9584,9584,2019-01-27,2019-02-02,livrée,Petit
9585,9585,2022-10-22,2022-10-29,livrée,Couturier
9586,9586,2025-10-04,2025-10-08,en attente,Lebon SA
9587,9587,2025-04-09,2025-04-16,en cours,Da Costa
9588,9588,2025-07-30,2025-08-04,en cours,Schmitt S.A.S.
9589,9589,2020-01-13,2020-01-20,en attente,Lesage
9590,9590,2020-11-08,2020-11-12,livrée,Guyot
9591,9591,2023-09-27,2023-10-02,livrée,Guyon
9592,9592,2020-04-09,2020-04-13,en cours,Albert SA
9593,9593,2023-01-29,2023-01-30,en attente,Carlier Noël SARL
9594,9594,2023-04-20,2023-04-27,livrée,Lefort
9595,9595,2025-11-29,2025-12-05,en attente,Bouvier S.A.R.L.
9596,9596,2021-11-10,2021-11-17,livrée,François Bertrand SA
9597,9597,2025-08-17,2025-08-18,en cours,Joly
9598,9598,2021-12-02,2021-12-03,livrée,Renard
9599,9599,2024-08-02,2024-08-04,livrée,Fischer
9600,9600,2019-09-16,2019-09-21,en cours,Fontaine
9601,9601,2022-10-05,2022-10-12,en attente,Fabre
9602,9602,2025-02-25,2025-03-04,livrée,Georges
9603,9603,2020-03-31,2020-04-04,en attente,Delmas SA
9604,9604,2021-02-13,2021-02-19,en attente,Lenoir Menard SARL
9605,9605,2023-12-04,2023-12-06,en cours,Fleury Julien S.A.S.
9606,9606,2019-09-29,2019-10-05,en attente,Lévêque
9607,9607,2020-09-16,2020-09-23,en attente,Lambert
9608,9608,2019-09-15,2019-09-21,livrée,Renaud et Fils
9609,9609,2021-08-25,2021-08-28,en cours,Bazin Boulanger S.A.R.L.
9610,9610,2024-02-16,2024-02-18,livrée,Huet Guibert et Fils
9611,9611,2019-02-15,2019-02-20,en attente,Verdier SA
9612,9612,2025-11-14,2025-11-15,en cours,Vasseur
9613,9613,2019-05-31,2019-06-03,livrée,Louis SARL
9614,9614,2019-07-27,2019-07-31,livrée,Rossi
9615,9615,2022-01-16,2022-01-17,en attente,Cohen
9616,9616,2025-07-21,2025-07-26,en cours,Martel Rey et Fils
9617,9617,2023-05-02,2023-05-07,livrée,Marie
9618,9618,2019-09-09,2019-09-12,en attente,Hardy et Fils
9619,9619,2023-03-08,2023-03-14,en attente,Richard SA
9620,9620,2020-04-01,2020-04-03,en cours,Renault
9621,9621,2024-01-17,2024-01-20,en cours,Legendre
9622,9622,2023-08-02,2023-08-05,en attente,Potier
9623,9623,2024-10-05,2024-10-07,en cours,Cohen
9624,9624,2024-01-06,2024-01-08,livrée,Alexandre Jourdan S.A.S.
9625,9625,2024-05-10,2024-05-15,en attente,Masson Lefebvre S.A.S.
9626,9626,2024-06-24,2024-06-26,en cours,Klein S.A.
9627,9627,2023-11-02,2023-11-08,livrée,Gautier
9628,9628,2021-11-12,2021-11-16,livrée,Munoz
9629,9629,2025-06-10,2025-06-17,en cours,Traore
9630,9630,2020-01-26,2020-01-29,en attente,Coste
9631,9631,2024-08-15,2024-08-21,livrée,Sauvage Guillou S.A.R.L.
9632,9632,2021-09-03,2021-09-08,livrée,Bonnin
9633,9633,2020-05-02,2020-05-08,en cours,Humbert
9634,9634,2024-10-03,2024-10-08,livrée,Nguyen SA
9635,9635,2021-07-08,2021-07-12,en cours,Aubry
9636,9636,2020-10-13,2020-10-19,en cours,Munoz Faure S.A.R.L.
9637,9637,2023-07-26,2023-08-02,en attente,Lemaître
9638,9638,2025-01-16,2025-01-19,en attente,Pons S.A.S.
9639,9639,2022-10-26,2022-10-29,en cours,Fleury Salmon S.A.R.L.
9640,9640,2019-09-26,2019-09-30,livrée,Lopez
9641,9641,2025-03-11,2025-03-16,en attente,Sanchez
9642,9642,2024-08-13,2024-08-20,livrée,Ruiz
9643,9643,2022-04-24,2022-04-26,en attente,Reynaud et Fils
9644,9644,2023-09-30,2023-10-01,en attente,Evrard
9645,9645,2023-10-14,2023-10-21,livrée,De Sousa S.A.S.
9646,9646,2021-12-19,2021-12-25,en attente,Allard Bailly S.A.S.
9647,9647,2025-11-03,2025-11-07,livrée,Duhamel Wagner SA
9648,9648,2022-05-23,2022-05-30,en cours,Perrier S.A.R.L.
9649,9649,2022-06-03,2022-06-09,en attente,Leleu S.A.R.L.
9650,9650,2025-12-30,2026-01-05,livrée,Delaunay
9651,9651,2021-07-29,2021-08-05,en attente,Adam
9652,9652,2023-07-31,2023-08-02,en attente,Thierry
9653,9653,2024-06-11,2024-06-16,en attente,Leleu
9654,9654,2023-05-29,2023-05-31,en attente,Peron
9655,9655,2025-10-18,2025-10-24,en attente,Guérin
9656,9656,2021-06-13,2021-06-15,livrée,Gallet Hubert SARL
9657,9657,2019-08-12,2019-08-14,en attente,Foucher
9658,9658,2020-04-05,2020-04-08,livrée,Wagner
9659,9659,2022-10-14,2022-10-19,en cours,Poirier
9660,9660,2021-05-22,2021-05-23,livrée,Hebert
9661,9661,2023-05-14,2023-05-17,livrée,Paul Bouchet SA
9662,9662,2025-12-19,2025-12-22,en attente,Barre
9663,9663,2024-01-31,2024-02-03,en cours,Collin
9664,9664,2024-02-17,2024-02-19,en cours,Martel
9665,9665,2024-10-26,2024-10-29,livrée,Rousset
9666,9666,2019-08-04,2019-08-09,en cours,Coste S.A.S.
9667,9667,2021-06-18,2021-06-25,en cours,Peltier Regnier S.A.R.L.
9668,9668,2025-05-05,2025-05-09,en attente,Bègue
9669,9669,2019-09-12,2019-09-16,en cours,Perrot Marques SA
9670,9670,2025-03-07,2025-03-11,livrée,Aubry SA
9671,9671,2021-03-15,2021-03-22,livrée,Brun
9672,9672,2023-09-24,2023-09-25,livrée,Traore S.A.R.L.
9673,9673,2023-09-09,2023-09-12,en attente,Foucher Clerc SA
9674,9674,2020-04-29,2020-05-02,en attente,Gonzalez Lambert S.A.R.L.
9675,9675,2023-09-01,2023-09-08,en cours,Pasquier Michaud SARL
9676,9676,2025-01-15,2025-01-20,livrée,Marques
9677,9677,2025-08-08,2025-08-13,livrée,Lévêque SARL
9678,9678,2022-07-27,2022-08-03,en attente,Munoz
9679,9679,2023-08-20,2023-08-23,en attente,Dupont Roy SA
9680,9680,2021-04-22,2021-04-27,en attente,Poulain S.A.R.L.
9681,9681,2024-02-15,2024-02-18,livrée,Hernandez
9682,9682,2021-05-11,2021-05-16,en cours,Gilbert SARL
9683,9683,2019-05-22,2019-05-23,livrée,Allain
9684,9684,2023-05-09,2023-05-12,en attente,Fournier
9685,9685,2020-08-15,2020-08-21,en attente,Laurent
9686,9686,2024-10-28,2024-11-01,livrée,Descamps S.A.S.
9687,9687,2020-07-24,2020-07-25,en attente,Thierry S.A.
9688,9688,2025-03-17,2025-03-23,livrée,Poirier
9689,9689,2022-09-07,2022-09-10,livrée,Philippe Garnier S.A.
9690,9690,2023-10-18,2023-10-20,livrée,Colin SA
9691,9691,2019-08-31,2019-09-03,en attente,Imbert Moulin S.A.R.L.
9692,9692,2019-03-15,2019-03-22,en cours,Perrin et Fils
9693,9693,2022-01-08,2022-01-14,livrée,Guichard Berger S.A.R.L.
9694,9694,2023-09-24,2023-09-30,en cours,Nguyen SA
9695,9695,2024-04-29,2024-05-06,livrée,Ferreira
9696,9696,2020-12-11,2020-12-17,livrée,Imbert SARL
9697,9697,2023-12-22,2023-12-26,en cours,Paul SA
9698,9698,2021-02-27,2021-03-01,livrée,Antoine
9699,9699,2023-03-27,2023-03-30,livrée,Chauveau Becker SA
9700,9700,2022-05-19,2022-05-20,en cours,Riou S.A.R.L.
9701,9701,2024-10-06,2024-10-13,en attente,Renaud
9702,9702,2025-06-13,2025-06-14,en cours,Gillet Laine S.A.
9703,9703,2025-02-15,2025-02-16,en attente,Dubois
9704,9704,2019-04-30,2019-05-04,livrée,Texier Dumont S.A.S.
9705,9705,2023-03-01,2023-03-04,en cours,Fernandes Neveu S.A.
9706,9706,2022-12-18,2022-12-21,livrée,Julien Fischer SARL
9707,9707,2021-09-03,2021-09-10,en cours,Rousset Lombard S.A.
9708,9708,2025-10-26,2025-10-28,livrée,Roux SA
9709,9709,2022-04-21,2022-04-23,en attente,Berthelot Michaud S.A.
9710,9710,2022-12-19,2022-12-24,en attente,Guérin Lenoir SA
9711,9711,2020-07-11,2020-07-17,en cours,Hoarau SARL
9712,9712,2025-11-02,2025-11-07,en attente,Paris S.A.S.
9713,9713,2021-06-09,2021-06-13,livrée,Cohen Delannoy SA
9714,9714,2025-10-31,2025-11-01,livrée,Besnard Bouvet S.A.R.L.
9715,9715,2024-12-12,2024-12-18,en attente,Humbert
9716,9716,2022-03-25,2022-04-01,en attente,Devaux Bailly et Fils
9717,9717,2020-07-18,2020-07-21,en attente,Mendès Georges SA
9718,9718,2019-02-20,2019-02-23,livrée,Guérin SA
9719,9719,2022-10-22,2022-10-26,en cours,Jacquot
9720,9720,2024-06-07,2024-06-12,livrée,Ledoux
9721,9721,2022-12-31,2023-01-04,en attente,Simon
9722,9722,2021-09-14,2021-09-20,en cours,Lemaître
9723,9723,2024-10-25,2024-10-30,livrée,Bourgeois Rousset S.A.R.L.
9724,9724,2024-07-26,2024-08-02,en attente,Leclerc Pelletier SA
9725,9725,2025-10-14,2025-10-15,en cours,Texier S.A.S.
9726,9726,2024-01-11,2024-01-15,livrée,Vidal Mallet S.A.
9727,9727,2021-01-13,2021-01-15,livrée,Gaillard et Fils
9728,9728,2021-05-21,2021-05-23,livrée,Buisson Carlier SARL
9729,9729,2019-03-31,2019-04-01,en attente,Denis
9730,9730,2022-02-06,2022-02-07,livrée,Poirier S.A.
9731,9731,2023-06-10,2023-06-13,en attente,Rossi
9732,9732,2022-06-16,2022-06-17,en cours,Laporte
9733,9733,2023-02-23,2023-02-25,livrée,Joubert SARL
9734,9734,2022-08-24,2022-08-31,en attente,Durand
9735,9735,2023-07-15,2023-07-16,livrée,Raynaud SARL
9736,9736,2023-07-06,2023-07-07,en attente,Gauthier
9737,9737,2021-07-08,2021-07-14,en cours,Poirier Mace S.A.R.L.
9738,9738,2021-08-25,2021-08-30,en attente,Toussaint
9739,9739,2025-10-08,2025-10-14,en attente,Weber
9740,9740,2022-10-31,2022-11-01,en attente,Lévêque Lesage S.A.S.
9741,9741,2020-12-04,2020-12-07,en attente,Antoine
9742,9742,2024-09-25,2024-09-26,en attente,Hamon
9743,9743,2019-10-23,2019-10-28,en attente,Dufour
9744,9744,2023-07-07,2023-07-12,en cours,Delahaye Da Costa S.A.R.L.
9745,9745,2019-05-12,2019-05-16,en attente,Garnier Carlier SARL
9746,9746,2025-10-04,2025-10-10,en attente,De Oliveira
9747,9747,2019-09-17,2019-09-22,livrée,Daniel
9748,9748,2023-07-12,2023-07-14,en attente,Techer
9749,9749,2023-10-11,2023-10-15,livrée,Rolland
9750,9750,2021-07-07,2021-07-13,livrée,Martins S.A.R.L.
9751,9751,2022-06-08,2022-06-10,en cours,Foucher Bailly SARL
9752,9752,2019-10-02,2019-10-06,en cours,Vincent
9753,9753,2025-07-25,2025-07-28,livrée,Rodriguez
9754,9754,2019-08-13,2019-08-17,en cours,Blanchet
9755,9755,2021-11-25,2021-12-01,en attente,Ramos
9756,9756,2023-02-22,2023-02-27,en cours,Perrier et Fils
9757,9757,2025-09-26,2025-09-30,en attente,Lecoq
9758,9758,2020-06-24,2020-06-26,en attente,Arnaud
9759,9759,2024-07-12,2024-07-17,en cours,Mahe
9760,9760,2020-10-26,2020-10-28,en cours,Arnaud
9761,9761,2020-12-22,2020-12-23,livrée,Dumont
9762,9762,2022-09-23,2022-09-30,livrée,Da Silva
9763,9763,2021-11-01,2021-11-03,livrée,Marion SA
9764,9764,2019-02-02,2019-02-03,en cours,Lelièvre Bousquet SA
9765,9765,2020-11-23,2020-11-27,livrée,Foucher
9766,9766,2021-05-29,2021-05-31,en attente,Caron SARL
9767,9767,2019-06-11,2019-06-18,en attente,Boucher
9768,9768,2025-09-17,2025-09-20,livrée,Martineau
9769,9769,2021-11-01,2021-11-07,en attente,Lecomte
9770,9770,2022-10-19,2022-10-25,en attente,Ledoux
9771,9771,2022-08-29,2022-09-01,livrée,Dias
9772,9772,2020-01-17,2020-01-23,en cours,Berger
9773,9773,2019-01-14,2019-01-20,en cours,Vallet Bruneau SA
9774,9774,2019-03-21,2019-03-23,en cours,Léger S.A.
9775,9775,2021-11-23,2021-11-25,livrée,Michaud
9776,9776,2020-06-10,2020-06-11,en attente,Marques S.A.S.
9777,9777,2025-03-12,2025-03-13,livrée,Camus
9778,9778,2021-07-08,2021-07-14,en cours,Meyer
9779,9779,2024-12-01,2024-12-02,en attente,Leconte
9780,9780,2023-11-21,2023-11-27,en attente,Garcia
9781,9781,2019-04-10,2019-04-12,livrée,Charpentier
9782,9782,2020-09-19,2020-09-25,livrée,Schmitt
9783,9783,2024-12-25,2024-12-28,en attente,Laroche
9784,9784,2019-08-15,2019-08-21,livrée,Duval
9785,9785,2024-06-11,2024-06-16,en cours,Gosselin
9786,9786,2025-11-05,2025-11-07,livrée,Gilles
9787,9787,2024-03-16,2024-03-19,en attente,Chauveau
9788,9788,2023-05-13,2023-05-15,en attente,Bigot
9789,9789,2023-08-14,2023-08-17,en cours,Benard
9790,9790,2023-03-25,2023-03-31,en cours,Pereira Ribeiro et Fils
9791,9791,2020-06-22,2020-06-27,en cours,Poirier S.A.
9792,9792,2021-05-11,2021-05-14,livrée,Maillard S.A.
9793,9793,2021-12-23,2021-12-27,en cours,Delmas
9794,9794,2019-03-02,2019-03-05,livrée,Samson Duval et Fils
9795,9795,2025-10-06,2025-10-13,en attente,Fouquet
9796,9796,2023-10-31,2023-11-07,en attente,Leclerc
9797,9797,2024-10-28,2024-10-30,en cours,Rossi
9798,9798,2025-06-16,2025-06-19,livrée,Aubert S.A.
9799,9799,2025-07-09,2025-07-15,livrée,Brunet Leblanc S.A.
9800,9800,2021-01-07,2021-01-11,livrée,Charles Raymond S.A.S.
9801,9801,2024-05-29,2024-06-05,en attente,Marion
9802,9802,2025-06-24,2025-06-25,en attente,Hoarau S.A.S.
9803,9803,2024-08-12,2024-08-15,en cours,Lagarde Adam S.A.
9804,9804,2022-07-15,2022-07-17,livrée,Allard Martinez SA
9805,9805,2020-06-17,2020-06-19,en cours,Andre
9806,9806,2020-05-07,2020-05-08,livrée,Teixeira
9807,9807,2023-05-28,2023-06-03,en cours,Lévêque Pasquier et Fils
9808,9808,2021-07-08,2021-07-09,livrée,Brunet Marion SA
9809,9809,2023-10-01,2023-10-07,livrée,Lebreton Legrand et Fils
9810,9810,2020-04-03,2020-04-09,en attente,Pasquier Lévy SARL
9811,9811,2023-05-08,2023-05-14,en attente,Laroche Bernier SARL
9812,9812,2022-05-20,2022-05-21,en attente,Valette
9813,9813,2021-02-11,2021-02-13,en cours,Fournier
9814,9814,2022-05-08,2022-05-11,livrée,Morvan
9815,9815,2025-08-14,2025-08-18,livrée,Meunier
9816,9816,2021-11-24,2021-11-30,en attente,Delorme
9817,9817,2025-02-12,2025-02-13,livrée,Coulon S.A.S.
9818,9818,2021-06-22,2021-06-28,en attente,Dupont et Fils
9819,9819,2020-01-12,2020-01-13,livrée,Schmitt Bourdon S.A.
9820,9820,2024-01-16,2024-01-20,en cours,Garcia
9821,9821,2023-02-22,2023-02-23,livrée,Da Silva David SARL
9822,9822,2023-01-04,2023-01-07,en attente,Da Costa
9823,9823,2025-04-04,2025-04-07,en cours,Le Goff Baron et Fils
9824,9824,2020-04-03,2020-04-08,en attente,Barthelemy Benoit S.A.
9825,9825,2019-03-23,2019-03-26,en cours,Guilbert S.A.R.L.
9826,9826,2024-08-07,2024-08-13,en attente,Cordier
9827,9827,2023-09-07,2023-09-11,en attente,Gonzalez
9828,9828,2025-05-08,2025-05-12,en attente,Maréchal
9829,9829,2023-11-16,2023-11-23,en attente,Fournier et Fils
9830,9830,2019-10-29,2019-10-30,en cours,Lejeune
9831,9831,2023-09-30,2023-10-07,livrée,De Sousa Voisin S.A.
9832,9832,2019-11-19,2019-11-22,en cours,François Rocher et Fils
9833,9833,2019-05-05,2019-05-06,en attente,Lecomte Martins S.A.R.L.
9834,9834,2021-01-01,2021-01-04,en cours,Pichon Fournier et Fils
9835,9835,2023-07-01,2023-07-07,en attente,Chauveau
9836,9836,2022-09-24,2022-09-28,en cours,Marty S.A.R.L.
9837,9837,2020-10-03,2020-10-10,livrée,Didier S.A.R.L.
9838,9838,2023-10-05,2023-10-12,en attente,Mathieu
9839,9839,2025-10-25,2025-10-28,en attente,Giraud
9840,9840,2020-09-17,2020-09-20,livrée,Torres
9841,9841,2023-10-02,2023-10-09,en cours,Maillard Georges SARL
9842,9842,2022-05-20,2022-05-24,en cours,Cohen SA
9843,9843,2022-04-02,2022-04-04,en cours,Labbé
9844,9844,2025-07-08,2025-07-10,en attente,Lopez
9845,9845,2021-02-15,2021-02-19,livrée,Laporte
9846,9846,2021-04-20,2021-04-22,livrée,Bruneau
9847,9847,2019-07-14,2019-07-17,livrée,Gilbert
9848,9848,2022-06-29,2022-07-01,livrée,Barthelemy
9849,9849,2019-05-17,2019-05-21,en attente,Pereira S.A.S.
9850,9850,2025-03-13,2025-03-17,en attente,Fabre
9851,9851,2020-01-25,2020-01-31,en cours,Millet
9852,9852,2019-03-31,2019-04-02,en attente,Bertin
9853,9853,2025-09-01,2025-09-07,en cours,Blanc S.A.
9854,9854,2020-01-31,2020-02-02,en attente,Masse Jacques S.A.
9855,9855,2023-10-06,2023-10-12,en attente,Potier Rousseau SA
9856,9856,2019-01-16,2019-01-18,livrée,Blanchet S.A.R.L.
9857,9857,2023-11-07,2023-11-09,en cours,Legros SA
9858,9858,2023-12-20,2023-12-23,en cours,Letellier
9859,9859,2021-05-06,2021-05-13,en attente,Chauvin
9860,9860,2021-02-24,2021-03-01,en cours,Albert
9861,9861,2023-04-29,2023-05-03,en attente,Robin
9862,9862,2023-08-07,2023-08-08,en attente,Petit S.A.R.L.
9863,9863,2025-03-12,2025-03-13,livrée,Pons S.A.
9864,9864,2020-09-30,2020-10-05,en cours,Turpin Salmon S.A.R.L.
9865,9865,2022-10-03,2022-10-09,en attente,Guillou
9866,9866,2019-11-17,2019-11-23,livrée,Monnier
9867,9867,2020-11-30,2020-12-06,livrée,Voisin et Fils
9868,9868,2021-07-16,2021-07-22,livrée,Delannoy Hamel S.A.R.L.
9869,9869,2019-10-01,2019-10-08,livrée,Bourdon Dupuis et Fils
9870,9870,2025-06-22,2025-06-25,en attente,Vaillant S.A.R.L.
9871,9871,2024-12-05,2024-12-09,livrée,Noël Klein S.A.
9872,9872,2023-05-07,2023-05-10,en cours,Mace
9873,9873,2019-08-19,2019-08-25,en cours,Pierre Maréchal et Fils
9874,9874,2021-09-10,2021-09-15,livrée,Maury
9875,9875,2024-01-08,2024-01-13,livrée,Goncalves
9876,9876,2020-03-05,2020-03-07,livrée,Lemaire et Fils
9877,9877,2024-08-10,2024-08-15,en attente,Godard Prévost S.A.
9878,9878,2023-06-13,2023-06-19,en attente,Bernier Paul SARL
9879,9879,2022-06-01,2022-06-07,en cours,Muller Diaz S.A.R.L.
9880,9880,2020-05-16,2020-05-22,en cours,Cordier
9881,9881,2021-12-23,2021-12-28,en cours,Chevalier
9882,9882,2025-03-27,2025-03-30,en cours,Hamel
9883,9883,2019-03-19,2019-03-22,en cours,Fournier
9884,9884,2025-11-07,2025-11-09,livrée,Perrier SARL
9885,9885,2023-07-27,2023-08-03,en cours,Chevallier
9886,9886,2021-09-27,2021-10-02,livrée,Bonnin Gillet SA
9887,9887,2025-08-20,2025-08-27,livrée,Camus S.A.
9888,9888,2019-09-25,2019-09-29,en cours,Georges
9889,9889,2021-01-17,2021-01-20,livrée,Rodrigues
9890,9890,2024-01-26,2024-01-27,en attente,Muller Perret SARL
9891,9891,2023-04-02,2023-04-06,livrée,Roux Colas S.A.S.
9892,9892,2024-07-14,2024-07-20,livrée,Schneider
9893,9893,2023-09-25,2023-09-28,en attente,Marty
9894,9894,2025-11-03,2025-11-10,en attente,Salmon Lejeune et Fils
9895,9895,2025-02-20,2025-02-25,en cours,Gay
9896,9896,2025-12-28,2025-12-29,en attente,Lesage S.A.
9897,9897,2020-06-30,2020-07-01,en attente,Mace SARL
9898,9898,2024-05-06,2024-05-09,en cours,Morel Gautier S.A.R.L.
9899,9899,2022-06-05,2022-06-07,en cours,Voisin
9900,9900,2024-04-28,2024-05-02,en attente,Gilbert S.A.S.
9901,9901,2021-04-27,2021-04-30,en cours,Roche Roussel S.A.
9902,9902,2022-11-21,2022-11-25,en cours,Jean Georges SA
9903,9903,2019-03-09,2019-03-10,livrée,Caron Charrier SA
9904,9904,2024-10-06,2024-10-13,en cours,Rodriguez Grondin SARL
9905,9905,2024-09-02,2024-09-09,en cours,Bouchet
9906,9906,2022-08-14,2022-08-18,en cours,Lebrun
9907,9907,2024-08-28,2024-09-04,en attente,Lebon
9908,9908,2025-07-01,2025-07-06,en attente,Lebon Pruvost S.A.
9909,9909,2022-05-15,2022-05-20,livrée,Lamy Hoareau SARL
9910,9910,2022-07-05,2022-07-08,en cours,Traore
9911,9911,2021-03-27,2021-03-31,en cours,Grondin
9912,9912,2019-03-10,2019-03-15,en attente,Besnard
9913,9913,2023-01-30,2023-02-06,livrée,Rodrigues
9914,9914,2024-02-14,2024-02-19,livrée,Bègue
9915,9915,2020-01-16,2020-01-22,en attente,Pelletier
9916,9916,2020-11-07,2020-11-09,en attente,Marion
9917,9917,2020-02-29,2020-03-03,en cours,Delahaye
9918,9918,2022-04-18,2022-04-21,livrée,Becker Lejeune S.A.
9919,9919,2025-11-01,2025-11-02,en attente,Bouvier et Fils
9920,9920,2022-09-29,2022-10-04,livrée,Da Silva
9921,9921,2021-08-09,2021-08-11,en cours,Carlier SARL
9922,9922,2025-06-15,2025-06-16,en attente,Pierre S.A.S.
9923,9923,2025-12-06,2025-12-08,en attente,Leclerc
9924,9924,2021-10-19,2021-10-21,en cours,Michaud
9925,9925,2022-01-17,2022-01-23,livrée,Bodin Foucher SA
9926,9926,2021-10-05,2021-10-09,en cours,Marchand
9927,9927,2020-05-01,2020-05-05,en cours,Pires Lebon SARL
9928,9928,2022-03-15,2022-03-16,livrée,Joubert Guyon et Fils
9929,9929,2024-02-16,2024-02-18,en attente,Lambert
9930,9930,2020-03-11,2020-03-14,en attente,Rousset Durand et Fils
9931,9931,2020-10-17,2020-10-20,livrée,Lacroix
9932,9932,2024-09-17,2024-09-20,en attente,Roy
9933,9933,2024-09-15,2024-09-18,en cours,Rocher
9934,9934,2019-08-14,2019-08-20,en attente,Barbe Mendès S.A.R.L.
9935,9935,2024-04-13,2024-04-17,en attente,Humbert
9936,9936,2024-08-28,2024-09-01,en attente,Breton
9937,9937,2020-07-09,2020-07-11,en cours,Gautier Letellier SA
9938,9938,2022-03-31,2022-04-03,en cours,De Oliveira Pichon SA
9939,9939,2022-03-19,2022-03-25,livrée,Voisin et Fils
9940,9940,2023-01-15,2023-01-17,livrée,Cohen Thomas et Fils
9941,9941,2023-10-17,2023-10-24,livrée,Didier S.A.S.
9942,9942,2024-11-18,2024-11-23,en attente,Guillou
9943,9943,2025-11-09,2025-11-10,livrée,Paul
9944,9944,2023-01-04,2023-01-06,livrée,Lévêque
9945,9945,2024-03-11,2024-03-18,en attente,Jourdan SARL
9946,9946,2019-03-18,2019-03-21,en attente,Fernandes S.A.
9947,9947,2025-03-18,2025-03-22,en attente,Hardy
9948,9948,2021-05-13,2021-05-20,en attente,Camus
9949,9949,2021-06-13,2021-06-14,en attente,Germain
9950,9950,2023-08-05,2023-08-09,en attente,Gaudin
9951,9951,2021-04-01,2021-04-02,livrée,De Sousa
9952,9952,2019-10-09,2019-10-14,en cours,Renaud Marques S.A.S.
9953,9953,2021-09-07,2021-09-09,en cours,Delannoy SA
9954,9954,2024-03-30,2024-04-06,livrée,Martineau S.A.S.
9955,9955,2019-08-30,2019-09-01,en attente,Pascal
9956,9956,2020-08-15,2020-08-21,en attente,Pichon S.A.S.
9957,9957,2022-05-31,2022-06-06,en attente,Gilbert SA
9958,9958,2025-04-08,2025-04-09,livrée,Chauvet
9959,9959,2019-02-11,2019-02-12,livrée,Laporte Fabre et Fils
9960,9960,2025-07-21,2025-07-28,en attente,Foucher Martin et Fils
9961,9961,2024-08-25,2024-08-29,en attente,Bazin
9962,9962,2024-06-26,2024-06-29,en attente,Chauvin Renault S.A.R.L.
9963,9963,2024-01-19,2024-01-26,en cours,Lemonnier SA
9964,9964,2023-11-22,2023-11-29,en cours,Perret S.A.R.L.
9965,9965,2022-01-23,2022-01-24,en attente,Guérin et Fils
9966,9966,2021-07-13,2021-07-15,en attente,Allard
9967,9967,2021-10-26,2021-11-02,en cours,Martel Carpentier et Fils
9968,9968,2020-01-14,2020-01-16,en attente,Mace
9969,9969,2020-10-04,2020-10-05,en attente,Bouchet SA
9970,9970,2020-02-24,2020-03-02,livrée,Raynaud Ribeiro SARL
9971,9971,2019-03-28,2019-04-01,livrée,Joly
9972,9972,2025-02-03,2025-02-06,livrée,Simon S.A.R.L.
9973,9973,2021-05-06,2021-05-13,en attente,Hardy
9974,9974,2025-07-11,2025-07-13,livrée,Charles S.A.
9975,9975,2025-05-23,2025-05-29,en attente,Coulon S.A.
9976,9976,2021-06-08,2021-06-11,en cours,Menard et Fils
9977,9977,2023-07-17,2023-07-19,en cours,Gomez
9978,9978,2025-03-09,2025-03-12,en attente,Durand Bourgeois SA
9979,9979,2020-05-05,2020-05-12,livrée,David
9980,9980,2024-06-04,2024-06-11,en attente,Gallet S.A.S.
9981,9981,2021-07-04,2021-07-11,livrée,Roussel S.A.R.L.
9982,9982,2025-01-29,2025-02-02,en attente,Colin Gallet SARL
9983,9983,2021-05-08,2021-05-12,livrée,Merle SA
9984,9984,2022-01-27,2022-02-02,en attente,Gallet
9985,9985,2019-06-26,2019-06-28,en attente,Ledoux Hubert et Fils
9986,9986,2025-10-21,2025-10-26,livrée,Tanguy SARL
9987,9987,2020-08-05,2020-08-10,livrée,Brunel Rocher S.A.
9988,9988,2026-01-01,2026-01-07,en cours,Paris SARL
9989,9989,2025-04-15,2025-04-17,en attente,Pages et Fils
9990,9990,2024-12-18,2024-12-20,livrée,Bouvier
9991,9991,2022-11-28,2022-12-05,livrée,Meunier Didier S.A.S.
9992,9992,2023-12-07,2023-12-10,en cours,Blondel S.A.S.
9993,9993,2024-12-16,2024-12-18,en cours,Marchand
9994,9994,2023-12-15,2023-12-18,en cours,Maillet
9995,9995,2019-09-11,2019-09-18,livrée,De Oliveira
9996,9996,2025-05-06,2025-05-09,en attente,Laurent Meunier et Fils
9997,9997,2021-07-31,2021-08-06,en cours,Guichard SA
9998,9998,2025-02-11,2025-02-12,en attente,Hamel Munoz S.A.R.L.
9999,9999,2019-02-09,2019-02-11,en cours,Guyon Boucher SA
10000,10000,2019-04-29,2019-05-04,en attente,Lelièvre SA
10001,10001,2019-01-10,2019-01-13,en attente,Guillou
10002,10002,2019-05-18,2019-05-19,livrée,Thomas Toussaint S.A.R.L.
10003,10003,2022-03-03,2022-03-08,en attente,Maury
10004,10004,2024-03-20,2024-03-23,livrée,Nicolas Chartier S.A.
10005,10005,2019-08-12,2019-08-14,en attente,Imbert SA
10006,10006,2023-09-06,2023-09-07,en attente,Renard Renaud S.A.S.
10007,10007,2022-08-08,2022-08-09,livrée,Brunet et Fils
10008,10008,2022-02-07,2022-02-14,livrée,Étienne et Fils
10009,10009,2021-02-22,2021-02-27,en attente,Blot
10010,10010,2023-06-13,2023-06-15,livrée,Marin
10011,10011,2025-03-11,2025-03-17,livrée,Lemonnier Parent S.A.R.L.
10012,10012,2022-02-22,2022-02-25,livrée,Buisson
10013,10013,2023-01-17,2023-01-24,livrée,Benoit et Fils
10014,10014,2025-01-19,2025-01-26,en attente,Fontaine
10015,10015,2019-03-10,2019-03-14,livrée,Gonzalez S.A.R.L.
10016,10016,2019-10-16,2019-10-18,en cours,Mercier Huet SA
10017,10017,2025-04-11,2025-04-14,livrée,Dias Mendès S.A.S.
10018,10018,2025-10-29,2025-11-02,en attente,Pierre Bonnet et Fils
10019,10019,2023-04-02,2023-04-07,en cours,Albert Duhamel SA
10020,10020,2025-08-16,2025-08-21,en attente,Baron
10021,10021,2021-06-20,2021-06-26,en cours,Lucas Hoarau SA
10022,10022,2019-05-30,2019-06-06,en attente,Clerc
10023,10023,2024-01-08,2024-01-12,en cours,Pereira S.A.R.L.
10024,10024,2023-01-29,2023-02-01,en cours,Tessier
10025,10025,2025-08-19,2025-08-21,livrée,Bodin Delaunay SARL
10026,10026,2020-10-05,2020-10-11,livrée,Adam
10027,10027,2020-06-27,2020-07-02,en attente,Lelièvre S.A.S.
10028,10028,2021-08-25,2021-08-29,en attente,Descamps SARL
10029,10029,2020-09-11,2020-09-18,livrée,Bouvet
10030,10030,2019-04-02,2019-04-09,en attente,Sauvage S.A.
10031,10031,2021-05-26,2021-05-30,livrée,Martineau
10032,10032,2024-10-14,2024-10-15,livrée,Paris
10033,10033,2020-08-13,2020-08-20,livrée,Durand S.A.S.
10034,10034,2019-11-19,2019-11-23,livrée,Grenier
10035,10035,2022-11-10,2022-11-16,en cours,Merle Philippe S.A.S.
10036,10036,2020-06-05,2020-06-08,livrée,Bonneau
10037,10037,2020-10-18,2020-10-20,livrée,Gauthier
10038,10038,2021-02-15,2021-02-20,en attente,Marin
10039,10039,2020-08-07,2020-08-14,en cours,Delattre
10040,10040,2021-06-25,2021-06-30,en attente,Meunier
10041,10041,2024-01-09,2024-01-14,en attente,Le Roux
10042,10042,2025-10-22,2025-10-26,en attente,Barbe
10043,10043,2024-06-23,2024-06-30,en cours,Bazin Marie SARL
10044,10044,2019-09-13,2019-09-18,livrée,Bazin SA
10045,10045,2024-09-27,2024-10-03,en cours,Grenier
10046,10046,2023-09-12,2023-09-19,en attente,Morel Roche et Fils
10047,10047,2023-12-27,2023-12-31,en cours,Lenoir
10048,10048,2022-02-14,2022-02-20,livrée,Ferrand
10049,10049,2024-08-21,2024-08-25,livrée,Besson
10050,10050,2024-07-16,2024-07-21,en attente,Clerc Baron et Fils
10051,10051,2022-03-20,2022-03-24,en attente,Mahe Raynaud et Fils
10052,10052,2020-06-07,2020-06-08,en attente,Mercier Coulon SA
10053,10053,2022-03-08,2022-03-12,en attente,Lombard
10054,10054,2024-06-22,2024-06-24,en attente,Rousset
10055,10055,2021-08-30,2021-08-31,en attente,Martins Blot S.A.R.L.
10056,10056,2022-06-05,2022-06-07,livrée,Pinto S.A.S.
10057,10057,2019-06-18,2019-06-24,en cours,Masse S.A.S.
10058,10058,2019-03-06,2019-03-13,livrée,Colas
10059,10059,2025-03-25,2025-03-29,en attente,Lopes Royer S.A.S.
10060,10060,2025-02-24,2025-02-27,livrée,Guillaume
10061,10061,2022-07-10,2022-07-15,en cours,Pons SA
10062,10062,2022-04-12,2022-04-19,en cours,Guibert
10063,10063,2019-08-28,2019-09-01,livrée,Delattre S.A.S.
10064,10064,2024-06-07,2024-06-12,en attente,Dos Santos Lesage S.A.R.L.
10065,10065,2024-11-04,2024-11-10,livrée,Munoz
10066,10066,2022-02-07,2022-02-11,en cours,Alves
10067,10067,2019-05-18,2019-05-25,livrée,Rossi
10068,10068,2020-11-12,2020-11-17,livrée,Rey
10069,10069,2020-06-03,2020-06-05,livrée,Gilles Langlois et Fils
10070,10070,2021-06-29,2021-07-04,en attente,Sauvage SARL
10071,10071,2020-09-11,2020-09-12,livrée,Millet
10072,10072,2019-10-30,2019-11-01,livrée,Marion Grégoire et Fils
10073,10073,2023-01-25,2023-01-26,en attente,Germain Camus S.A.
10074,10074,2021-09-07,2021-09-09,en attente,Ferrand Breton S.A.
10075,10075,2020-04-14,2020-04-20,en cours,Legrand
10076,10076,2025-12-18,2025-12-25,en attente,Laurent S.A.S.
10077,10077,2022-07-22,2022-07-28,en attente,Courtois
10078,10078,2021-07-01,2021-07-02,en attente,Garcia S.A.S.
10079,10079,2021-04-16,2021-04-21,en attente,Gallet S.A.R.L.
10080,10080,2020-08-18,2020-08-22,en attente,Petitjean
10081,10081,2022-11-15,2022-11-18,en cours,Berger
10082,10082,2019-11-13,2019-11-18,en cours,Pereira
10083,10083,2019-12-29,2019-12-31,en attente,Ledoux Dijoux SARL
10084,10084,2024-02-04,2024-02-09,livrée,Guilbert
10085,10085,2023-05-26,2023-05-29,livrée,David
10086,10086,2024-03-04,2024-03-10,livrée,Weber
10087,10087,2020-05-28,2020-05-29,livrée,Leblanc
10088,10088,2019-06-27,2019-07-01,en cours,Gilbert Gaudin et Fils
10089,10089,2024-11-21,2024-11-26,livrée,Lebon Grégoire S.A.R.L.
10090,10090,2024-04-20,2024-04-21,en attente,Reynaud S.A.S.
10091,10091,2022-11-22,2022-11-26,en cours,Becker Allain S.A.R.L.
10092,10092,2019-07-23,2019-07-26,en cours,Ribeiro
10093,10093,2022-07-13,2022-07-19,livrée,Hamel Carre S.A.S.
10094,10094,2021-08-23,2021-08-26,en cours,Valentin Bègue SA
10095,10095,2023-07-20,2023-07-21,en cours,Roche
10096,10096,2025-10-08,2025-10-14,en attente,Michel S.A.S.
10097,10097,2024-10-08,2024-10-09,en attente,Brunet
10098,10098,2025-10-21,2025-10-23,en attente,Rémy
10099,10099,2020-08-08,2020-08-13,en cours,Fouquet Navarro S.A.
10100,10100,2022-03-09,2022-03-15,livrée,Peltier S.A.R.L.
10101,10101,2024-07-31,2024-08-02,en attente,Laroche
10102,10102,2024-09-25,2024-09-27,livrée,Mallet S.A.R.L.
10103,10103,2020-11-25,2020-11-29,livrée,Pottier SA
10104,10104,2021-11-24,2021-12-01,en attente,Vincent S.A.R.L.
10105,10105,2024-02-19,2024-02-24,en attente,Verdier
10106,10106,2025-08-21,2025-08-23,livrée,Cohen
10107,10107,2023-09-09,2023-09-11,livrée,Berger Carlier SARL
10108,10108,2025-01-30,2025-01-31,en attente,Rousset
10109,10109,2023-06-15,2023-06-19,livrée,Gomez
10110,10110,2020-01-27,2020-01-28,livrée,Boulay S.A.R.L.
10111,10111,2024-04-17,2024-04-21,en cours,Pinto Jacquot SA
10112,10112,2023-01-08,2023-01-10,en cours,Garcia
10113,10113,2025-07-06,2025-07-08,livrée,Brun
10114,10114,2024-06-04,2024-06-07,en attente,Brunel
10115,10115,2023-09-19,2023-09-26,en cours,Vallet Marques et Fils
10116,10116,2022-07-20,2022-07-23,livrée,Joly S.A.
10117,10117,2022-07-22,2022-07-26,en attente,Baudry Dupont S.A.R.L.
10118,10118,2021-03-02,2021-03-05,en attente,Martin
10119,10119,2024-04-28,2024-04-29,livrée,Rousset Adam SARL
10120,10120,2020-11-27,2020-11-28,en attente,Gérard
10121,10121,2023-07-31,2023-08-01,livrée,Lesage Lambert et Fils
10122,10122,2023-09-19,2023-09-21,livrée,Chrétien S.A.
10123,10123,2021-01-12,2021-01-18,en cours,Pereira SA
10124,10124,2025-09-10,2025-09-11,livrée,Arnaud
10125,10125,2022-09-01,2022-09-06,livrée,Guichard Voisin S.A.S.
10126,10126,2019-09-18,2019-09-20,livrée,Mace S.A.R.L.
10127,10127,2025-04-19,2025-04-21,en cours,Reynaud
10128,10128,2024-09-20,2024-09-21,en cours,Pelletier
10129,10129,2025-04-23,2025-04-25,en cours,De Sousa SARL
10130,10130,2020-04-07,2020-04-10,en cours,Thibault
10131,10131,2024-06-07,2024-06-12,en cours,Legrand Gros SA
10132,10132,2022-05-17,2022-05-18,en cours,Brunet Delorme S.A.
10133,10133,2024-06-27,2024-07-01,livrée,Picard SA
10134,10134,2021-04-04,2021-04-06,en attente,Laporte
10135,10135,2023-04-14,2023-04-17,livrée,Aubry
10136,10136,2023-02-18,2023-02-22,en attente,Valentin SARL
10137,10137,2020-07-01,2020-07-07,en attente,Guillet
10138,10138,2024-09-16,2024-09-19,livrée,Allain
10139,10139,2024-11-02,2024-11-05,en cours,Laroche
10140,10140,2024-11-20,2024-11-26,en cours,Salmon
10141,10141,2025-11-08,2025-11-10,en cours,Blondel S.A.S.
10142,10142,2021-05-15,2021-05-20,livrée,Riou
10143,10143,2022-03-08,2022-03-13,livrée,Hamel
10144,10144,2021-06-26,2021-07-03,en cours,Techer
10145,10145,2025-10-23,2025-10-26,livrée,Carlier et Fils
10146,10146,2020-06-05,2020-06-06,en attente,Pons SARL
10147,10147,2023-08-05,2023-08-06,en cours,Lesage et Fils
10148,10148,2024-09-07,2024-09-08,en cours,Leclercq
10149,10149,2024-06-11,2024-06-15,en cours,Duhamel Hebert et Fils
10150,10150,2021-10-10,2021-10-11,livrée,Garcia Mallet SA
10151,10151,2024-08-04,2024-08-11,livrée,Thibault
10152,10152,2025-04-28,2025-05-05,livrée,Marques S.A.R.L.
10153,10153,2019-11-23,2019-11-27,en cours,Pichon
10154,10154,2025-01-11,2025-01-12,en cours,Pascal
10155,10155,2021-06-07,2021-06-14,en cours,Nicolas S.A.S.
10156,10156,2019-08-04,2019-08-07,en cours,Mahe SARL
10157,10157,2020-12-19,2020-12-25,livrée,Roussel
10158,10158,2022-09-11,2022-09-13,livrée,Nguyen Fournier S.A.S.
10159,10159,2023-09-19,2023-09-26,en cours,Roche
10160,10160,2024-05-07,2024-05-13,livrée,Diaz Durand S.A.R.L.
10161,10161,2025-01-21,2025-01-28,en cours,Goncalves Samson S.A.R.L.
10162,10162,2025-02-20,2025-02-24,en attente,Lemonnier Boyer SARL
10163,10163,2020-08-22,2020-08-25,en attente,Da Silva
10164,10164,2021-10-06,2021-10-07,en cours,Guillet
10165,10165,2024-04-14,2024-04-15,livrée,Raynaud Valentin SARL
10166,10166,2020-09-22,2020-09-26,en attente,Rodrigues Lacroix S.A.R.L.
10167,10167,2022-01-17,2022-01-21,en attente,Lebreton
10168,10168,2019-02-04,2019-02-09,en cours,Renaud SARL
10169,10169,2024-07-25,2024-07-28,en cours,Benard S.A.R.L.
10170,10170,2025-09-23,2025-09-29,livrée,Delannoy Marion SARL
10171,10171,2022-05-29,2022-06-05,en cours,Perret Duval S.A.R.L.
10172,10172,2024-12-26,2024-12-30,en cours,Perrin
10173,10173,2021-04-29,2021-05-05,en cours,Roger Launay S.A.R.L.
10174,10174,2025-08-04,2025-08-10,en attente,Rodrigues S.A.S.
10175,10175,2020-06-18,2020-06-25,en cours,Hernandez
10176,10176,2022-06-14,2022-06-21,en attente,Dumont
10177,10177,2020-03-15,2020-03-18,en attente,Ruiz
10178,10178,2019-02-15,2019-02-19,en attente,Gimenez
10179,10179,2025-09-13,2025-09-17,en attente,Perrot
10180,10180,2019-11-15,2019-11-22,en attente,Dubois SARL
10181,10181,2024-08-17,2024-08-21,en attente,Da Silva S.A.S.
10182,10182,2023-11-17,2023-11-21,en cours,Simon Salmon S.A.
10183,10183,2022-04-09,2022-04-11,livrée,Le Goff Ollivier et Fils
10184,10184,2022-08-11,2022-08-18,en attente,Gautier Maréchal SARL
10185,10185,2021-02-23,2021-03-01,livrée,Costa et Fils
10186,10186,2019-03-11,2019-03-14,en cours,Le Gall Dupuy S.A.R.L.
10187,10187,2022-04-21,2022-04-26,en attente,Valentin
10188,10188,2019-06-02,2019-06-06,en cours,Pinto
10189,10189,2023-04-23,2023-04-30,en attente,Bouvet Marin SA
10190,10190,2023-03-11,2023-03-14,livrée,Goncalves
10191,10191,2024-01-14,2024-01-16,livrée,Ribeiro Camus SA
10192,10192,2020-06-07,2020-06-11,en attente,Sanchez
10193,10193,2021-04-19,2021-04-20,en attente,Gérard S.A.R.L.
10194,10194,2020-09-19,2020-09-21,en cours,Morin Texier S.A.S.
10195,10195,2023-05-22,2023-05-24,en cours,Pires S.A.
10196,10196,2019-06-11,2019-06-14,en cours,Ribeiro
10197,10197,2022-11-16,2022-11-23,livrée,Bodin
10198,10198,2022-09-17,2022-09-22,livrée,Guillot Pelletier et Fils
10199,10199,2019-11-30,2019-12-01,en cours,Pons
10200,10200,2025-07-03,2025-07-04,livrée,Lambert S.A.R.L.
10201,10201,2019-03-07,2019-03-12,en cours,Andre S.A.R.L.
10202,10202,2020-06-24,2020-06-29,livrée,Descamps
10203,10203,2020-03-05,2020-03-06,livrée,Loiseau Dubois SA
10204,10204,2020-07-03,2020-07-10,en attente,Marchal
10205,10205,2020-08-09,2020-08-13,en attente,Guérin Denis S.A.R.L.
10206,10206,2023-06-25,2023-06-26,en cours,Perret SA
10207,10207,2022-07-13,2022-07-19,livrée,Bernier
10208,10208,2020-10-09,2020-10-13,livrée,Ollivier
10209,10209,2021-12-19,2021-12-20,livrée,Lemaire
10210,10210,2020-09-28,2020-10-03,en cours,De Oliveira et Fils
10211,10211,2025-12-26,2025-12-30,en cours,Blanchard Brun S.A.
10212,10212,2023-05-02,2023-05-04,en cours,De Sousa
10213,10213,2021-12-27,2021-12-31,en cours,Vasseur SARL
10214,10214,2021-06-24,2021-07-01,livrée,Valette
10215,10215,2023-06-14,2023-06-21,livrée,Tessier Toussaint et Fils
10216,10216,2025-10-09,2025-10-14,livrée,Dias S.A.
10217,10217,2022-05-28,2022-06-04,livrée,Mathieu
10218,10218,2024-10-14,2024-10-21,en attente,Parent
10219,10219,2023-12-07,2023-12-08,livrée,Barbe SA
10220,10220,2024-02-06,2024-02-11,livrée,Martinez et Fils
10221,10221,2019-05-25,2019-05-27,livrée,Clément Jean S.A.
10222,10222,2021-01-21,2021-01-25,en attente,Guibert
10223,10223,2019-01-18,2019-01-21,en cours,Baron
10224,10224,2019-12-19,2019-12-22,en attente,Pinto
10225,10225,2021-02-24,2021-03-03,en cours,Lévêque
10226,10226,2019-08-20,2019-08-22,livrée,Garnier S.A.R.L.
10227,10227,2022-06-19,2022-06-23,en cours,Faivre
10228,10228,2019-08-01,2019-08-08,en cours,Marin
10229,10229,2021-08-01,2021-08-03,en cours,Lévy
10230,10230,2020-02-06,2020-02-13,en cours,Humbert
10231,10231,2022-04-20,2022-04-21,en cours,Carre
10232,10232,2023-09-21,2023-09-28,en attente,Michaud
10233,10233,2023-12-04,2023-12-08,en attente,Julien
10234,10234,2019-03-11,2019-03-17,livrée,Hamel et Fils
10235,10235,2023-07-26,2023-07-30,en attente,Guibert Guillaume SA
10236,10236,2025-03-31,2025-04-07,en attente,Letellier S.A.R.L.
10237,10237,2025-05-26,2025-06-01,en cours,Ribeiro
10238,10238,2023-01-03,2023-01-08,en cours,Perrier S.A.S.
10239,10239,2024-03-19,2024-03-20,livrée,Roche
10240,10240,2019-05-14,2019-05-15,livrée,Chevallier et Fils
10241,10241,2025-05-27,2025-05-30,en cours,Millet S.A.S.
10242,10242,2023-10-13,2023-10-20,en cours,Voisin
10243,10243,2022-05-01,2022-05-05,livrée,Gilles S.A.S.
10244,10244,2024-07-14,2024-07-15,en attente,Martin
10245,10245,2022-02-06,2022-02-09,en attente,Lenoir S.A.S.
10246,10246,2021-09-30,2021-10-07,livrée,Clerc
10247,10247,2022-01-30,2022-02-04,livrée,Aubert
10248,10248,2024-07-26,2024-07-31,en cours,Delannoy S.A.S.
10249,10249,2022-07-01,2022-07-07,en cours,Brunet
10250,10250,2025-07-16,2025-07-20,livrée,Collin SA
10251,10251,2021-02-14,2021-02-19,livrée,Duval Devaux S.A.
10252,10252,2020-05-24,2020-05-30,en cours,Mendès
10253,10253,2025-01-06,2025-01-13,livrée,Maréchal Vallée S.A.S.
10254,10254,2021-10-18,2021-10-22,en attente,Vaillant S.A.R.L.
10255,10255,2023-01-03,2023-01-06,livrée,Munoz SA
10256,10256,2022-01-24,2022-01-30,en attente,Aubert Blin S.A.R.L.
10257,10257,2021-01-23,2021-01-27,livrée,Durand Breton S.A.R.L.
10258,10258,2025-12-04,2025-12-06,en cours,Guérin
10259,10259,2019-12-30,2020-01-01,en attente,Tanguy S.A.
10260,10260,2021-10-13,2021-10-20,en attente,Leconte
10261,10261,2023-09-26,2023-10-02,en cours,Muller Chauveau S.A.S.
10262,10262,2025-08-02,2025-08-09,livrée,Munoz
10263,10263,2019-06-23,2019-06-30,livrée,Dupuis S.A.S.
10264,10264,2019-07-30,2019-08-02,en attente,Cordier
10265,10265,2019-11-26,2019-12-02,livrée,Aubert S.A.R.L.
10266,10266,2019-11-24,2019-12-01,livrée,Texier
10267,10267,2020-09-26,2020-09-30,livrée,Muller SA
10268,10268,2021-11-15,2021-11-19,en attente,Royer Leduc SARL
10269,10269,2025-08-07,2025-08-14,livrée,Allard
10270,10270,2019-10-26,2019-10-31,en cours,Lejeune S.A.R.L.
10271,10271,2021-02-09,2021-02-13,en cours,Blanchard Huet S.A.S.
10272,10272,2023-12-28,2024-01-01,en attente,Torres
10273,10273,2020-03-31,2020-04-01,livrée,Gallet S.A.R.L.
10274,10274,2024-02-09,2024-02-11,en cours,Gomez Boucher S.A.
10275,10275,2023-10-02,2023-10-03,en attente,Gautier
10276,10276,2019-06-08,2019-06-14,en cours,Guérin S.A.
10277,10277,2021-06-22,2021-06-27,en cours,Devaux
10278,10278,2024-08-28,2024-09-04,livrée,Charpentier S.A.S.
10279,10279,2022-10-07,2022-10-11,livrée,Charrier
10280,10280,2025-05-30,2025-06-04,en cours,Morel Perez S.A.S.
10281,10281,2020-08-21,2020-08-25,en attente,Renaud
10282,10282,2020-04-09,2020-04-15,en attente,Ledoux Couturier S.A.S.
10283,10283,2019-11-04,2019-11-11,en attente,Brun
10284,10284,2022-08-30,2022-08-31,en cours,Pichon Descamps et Fils
10285,10285,2022-02-08,2022-02-10,livrée,Hardy
10286,10286,2025-03-25,2025-04-01,en cours,Humbert S.A.R.L.
10287,10287,2023-01-13,2023-01-14,livrée,Garnier
10288,10288,2020-02-19,2020-02-23,en cours,Teixeira Dupuis SARL
10289,10289,2022-06-21,2022-06-22,en cours,Guérin
10290,10290,2020-06-24,2020-06-30,en attente,Lecomte
10291,10291,2019-11-28,2019-12-05,en attente,Maury
10292,10292,2021-07-17,2021-07-24,livrée,Besson
10293,10293,2020-03-13,2020-03-20,livrée,François
10294,10294,2024-06-29,2024-07-04,en cours,Auger
10295,10295,2019-04-20,2019-04-27,en cours,Olivier
10296,10296,2025-09-01,2025-09-05,en attente,Alves S.A.
10297,10297,2020-08-31,2020-09-07,en cours,Bousquet et Fils
10298,10298,2025-05-16,2025-05-22,livrée,Fabre
10299,10299,2020-07-03,2020-07-08,en cours,Rossi S.A.
10300,10300,2024-09-13,2024-09-14,livrée,Vallet S.A.S.
10301,10301,2019-07-24,2019-07-28,en cours,Gilbert
10302,10302,2021-04-01,2021-04-03,en attente,Imbert
10303,10303,2024-09-29,2024-10-01,en attente,Delattre Blot et Fils
10304,10304,2021-06-26,2021-06-28,en cours,Poirier
10305,10305,2021-06-09,2021-06-14,en attente,Royer S.A.R.L.
10306,10306,2025-09-11,2025-09-18,en attente,Rolland SARL
10307,10307,2020-03-04,2020-03-05,en attente,Roy Roussel S.A.
10308,10308,2023-11-07,2023-11-08,livrée,Ribeiro Joubert S.A.
10309,10309,2021-07-27,2021-08-03,en attente,Salmon S.A.R.L.
10310,10310,2021-07-25,2021-07-26,en cours,Martineau
10311,10311,2019-06-07,2019-06-12,livrée,Pottier Buisson SARL
10312,10312,2025-12-28,2025-12-29,livrée,Paul S.A.
10313,10313,2024-05-14,2024-05-20,en cours,Gaillard Thierry S.A.R.L.
10314,10314,2020-10-31,2020-11-06,en cours,Navarro et Fils
10315,10315,2022-10-03,2022-10-05,livrée,Colin Robin S.A.
10316,10316,2024-04-22,2024-04-25,livrée,Marchal
10317,10317,2021-08-10,2021-08-15,en attente,Costa
10318,10318,2022-05-06,2022-05-07,livrée,Chrétien
10319,10319,2024-12-31,2025-01-05,en attente,Pottier et Fils
10320,10320,2024-10-05,2024-10-06,en attente,Guichard
10321,10321,2023-01-08,2023-01-10,livrée,Gomez
10322,10322,2021-02-08,2021-02-12,en attente,Vidal Guyot S.A.R.L.
10323,10323,2021-09-17,2021-09-18,en attente,Diaz
10324,10324,2019-12-27,2019-12-30,livrée,Gonzalez Garcia et Fils
10325,10325,2023-11-14,2023-11-15,en attente,Gaillard
10326,10326,2023-01-01,2023-01-03,livrée,Vallet
10327,10327,2019-08-13,2019-08-15,en cours,Noël
10328,10328,2020-01-03,2020-01-05,en attente,Guillou SA
10329,10329,2020-06-11,2020-06-15,en cours,Gérard et Fils
10330,10330,2022-11-10,2022-11-13,livrée,Jacob
10331,10331,2022-01-20,2022-01-23,livrée,Leroux SA
10332,10332,2025-10-16,2025-10-18,en cours,Andre Besnard et Fils
10333,10333,2023-09-10,2023-09-14,en attente,Perrin et Fils
10334,10334,2023-05-25,2023-05-27,livrée,Alves S.A.
10335,10335,2024-02-15,2024-02-17,en attente,Boulay
10336,10336,2021-01-02,2021-01-04,en attente,Letellier
10337,10337,2022-08-14,2022-08-16,en attente,Rémy Pottier S.A.
10338,10338,2021-04-23,2021-04-26,en cours,Aubry
10339,10339,2023-11-01,2023-11-06,en cours,Munoz Gomez S.A.
10340,10340,2023-01-30,2023-02-03,livrée,Labbé
10341,10341,2021-06-02,2021-06-06,en cours,Benoit
10342,10342,2019-05-06,2019-05-08,en cours,Becker Guillot S.A.S.
10343,10343,2023-05-24,2023-05-28,livrée,Pires
10344,10344,2022-07-05,2022-07-08,en cours,Leconte
10345,10345,2020-10-19,2020-10-21,livrée,Lagarde
10346,10346,2022-10-22,2022-10-26,en attente,Jacquot S.A.R.L.
10347,10347,2020-04-27,2020-05-04,en attente,Colin
10348,10348,2022-06-07,2022-06-08,en cours,Dubois
10349,10349,2024-03-05,2024-03-09,en cours,Rodriguez
10350,10350,2023-07-14,2023-07-18,livrée,Perrier
10351,10351,2025-06-06,2025-06-08,en cours,Masse
10352,10352,2022-10-13,2022-10-20,livrée,Barre
10353,10353,2025-12-01,2025-12-08,en cours,Rocher
10354,10354,2020-01-26,2020-01-31,livrée,Bousquet
10355,10355,2024-11-17,2024-11-22,en cours,Guillot Brunet S.A.
10356,10356,2020-06-06,2020-06-11,en attente,Baron
10357,10357,2019-11-01,2019-11-02,en attente,Valentin
10358,10358,2025-08-10,2025-08-12,en attente,Delahaye
10359,10359,2021-06-10,2021-06-13,livrée,Da Silva SA
10360,10360,2019-04-03,2019-04-10,livrée,Brun
10361,10361,2021-09-08,2021-09-11,livrée,Le Gall
10362,10362,2020-12-04,2020-12-06,en cours,Menard
10363,10363,2019-10-16,2019-10-22,livrée,Devaux
10364,10364,2021-09-09,2021-09-11,livrée,Adam SARL
10365,10365,2023-02-11,2023-02-18,en attente,Teixeira Dufour S.A.R.L.
10366,10366,2023-07-12,2023-07-14,en cours,Vincent
10367,10367,2021-04-30,2021-05-02,en attente,Lévêque
10368,10368,2022-01-20,2022-01-25,en attente,Mallet Bazin S.A.S.
10369,10369,2024-02-03,2024-02-06,en attente,Jean SARL
10370,10370,2021-05-21,2021-05-28,livrée,Moreno
10371,10371,2019-05-21,2019-05-22,livrée,Maillot S.A.R.L.
10372,10372,2019-10-21,2019-10-22,en cours,Grondin
10373,10373,2024-06-07,2024-06-11,en attente,Breton
10374,10374,2021-07-23,2021-07-29,en cours,Mace S.A.R.L.
10375,10375,2019-12-27,2020-01-03,en attente,Michaud Da Silva S.A.R.L.
10376,10376,2022-08-11,2022-08-18,en attente,Boyer
10377,10377,2022-01-24,2022-01-30,en attente,Lejeune Jacquet S.A.S.
10378,10378,2022-10-07,2022-10-08,livrée,Gimenez
10379,10379,2019-05-19,2019-05-25,livrée,Evrard
10380,10380,2021-10-29,2021-10-30,livrée,Payet Gallet et Fils
10381,10381,2022-08-31,2022-09-06,livrée,Gallet
10382,10382,2022-06-17,2022-06-24,livrée,Olivier Rocher S.A.S.
10383,10383,2022-12-18,2022-12-24,livrée,Courtois Guillaume SA
10384,10384,2024-03-10,2024-03-17,livrée,Maillard
10385,10385,2022-03-08,2022-03-12,livrée,Renard
10386,10386,2024-05-20,2024-05-21,livrée,Delaunay
10387,10387,2025-06-30,2025-07-04,en cours,Paris
10388,10388,2020-01-06,2020-01-10,livrée,Paris
10389,10389,2022-05-29,2022-06-05,en attente,Bousquet
10390,10390,2022-12-19,2022-12-23,livrée,Charpentier
10391,10391,2023-04-16,2023-04-19,livrée,Chevallier SARL
10392,10392,2022-09-21,2022-09-28,en attente,Ramos S.A.
10393,10393,2023-05-03,2023-05-04,livrée,Legros
10394,10394,2022-03-14,2022-03-21,livrée,Andre SA
10395,10395,2025-09-26,2025-09-28,en cours,Breton Bernier S.A.S.
10396,10396,2022-11-17,2022-11-19,livrée,Pichon
10397,10397,2024-04-10,2024-04-17,livrée,Marchand
10398,10398,2024-08-10,2024-08-12,livrée,Pages S.A.S.
10399,10399,2022-05-28,2022-06-01,en cours,Jacquet S.A.S.
10400,10400,2022-09-12,2022-09-13,livrée,Humbert Lévêque S.A.S.
10401,10401,2025-01-24,2025-01-26,livrée,Reynaud
10402,10402,2022-05-29,2022-06-03,livrée,Ruiz Rousset S.A.
10403,10403,2025-04-09,2025-04-11,en attente,Jacob
10404,10404,2024-03-30,2024-04-02,en cours,Martinez Moreno S.A.
10405,10405,2019-11-01,2019-11-02,en attente,Ledoux
10406,10406,2019-05-05,2019-05-08,en cours,Bertin
10407,10407,2023-01-28,2023-01-29,en cours,Poulain S.A.
10408,10408,2024-03-10,2024-03-16,en attente,Marie S.A.R.L.
10409,10409,2019-06-21,2019-06-26,livrée,Rossi
10410,10410,2021-03-14,2021-03-15,en attente,Joubert
10411,10411,2020-02-09,2020-02-14,en attente,Lemaître
10412,10412,2025-03-27,2025-03-28,en attente,Renault SA
10413,10413,2021-04-29,2021-05-04,livrée,Moreau
10414,10414,2021-12-30,2022-01-01,en cours,Vasseur Legendre S.A.
10415,10415,2021-07-18,2021-07-19,livrée,Robert
10416,10416,2023-09-19,2023-09-20,en attente,Legrand Descamps S.A.
10417,10417,2023-05-18,2023-05-25,livrée,Perrin
10418,10418,2022-12-17,2022-12-20,en attente,Garnier Lévêque S.A.S.
10419,10419,2023-02-17,2023-02-23,en attente,Lombard Buisson S.A.S.
10420,10420,2021-11-09,2021-11-11,livrée,Ramos
10421,10421,2024-07-13,2024-07-19,en attente,Charpentier Boulay et Fils
10422,10422,2022-12-19,2022-12-25,livrée,Maréchal
10423,10423,2021-11-11,2021-11-18,en attente,Fournier Raynaud et Fils
10424,10424,2019-04-02,2019-04-03,livrée,Sauvage
10425,10425,2023-08-02,2023-08-08,en attente,Guillot
10426,10426,2021-08-10,2021-08-15,livrée,Gomez S.A.
10427,10427,2025-08-29,2025-09-03,livrée,Lucas
10428,10428,2025-09-15,2025-09-21,livrée,Morvan
10429,10429,2022-07-17,2022-07-20,en attente,Samson SA
10430,10430,2022-06-05,2022-06-06,en attente,Toussaint
10431,10431,2022-11-04,2022-11-07,en attente,Joly
10432,10432,2020-03-29,2020-04-04,livrée,Collet
10433,10433,2023-02-06,2023-02-11,en cours,Faure
10434,10434,2025-05-25,2025-05-27,en attente,Joubert
10435,10435,2019-07-06,2019-07-12,livrée,Dijoux
10436,10436,2021-04-15,2021-04-17,en cours,Lagarde SARL
10437,10437,2023-03-27,2023-03-28,livrée,Leroy
10438,10438,2019-10-28,2019-10-29,livrée,Lemonnier SARL
10439,10439,2023-11-24,2023-12-01,en attente,Lambert et Fils
10440,10440,2023-11-29,2023-11-30,en cours,Pottier et Fils
10441,10441,2019-07-31,2019-08-05,livrée,Brun SARL
10442,10442,2021-04-16,2021-04-23,livrée,Guyot Langlois S.A.R.L.
10443,10443,2023-05-11,2023-05-17,en cours,Berthelot
10444,10444,2021-01-08,2021-01-09,livrée,Rousseau
10445,10445,2024-07-05,2024-07-07,livrée,Legendre Bertin S.A.
10446,10446,2024-11-09,2024-11-13,livrée,Monnier Lopez S.A.R.L.
10447,10447,2021-08-13,2021-08-19,en attente,Delannoy Robin et Fils
10448,10448,2021-06-23,2021-06-28,en attente,Grenier
10449,10449,2020-10-05,2020-10-07,en cours,Seguin
10450,10450,2023-09-14,2023-09-16,livrée,Valette S.A.S.
10451,10451,2019-12-05,2019-12-06,en attente,Riou
10452,10452,2024-04-25,2024-05-02,en attente,Jacob SARL
10453,10453,2020-10-14,2020-10-17,en cours,Bertrand
10454,10454,2019-03-11,2019-03-16,livrée,Launay S.A.
10455,10455,2021-04-30,2021-05-07,en cours,Evrard S.A.R.L.
10456,10456,2025-05-11,2025-05-16,en cours,Lacroix Foucher S.A.R.L.
10457,10457,2025-02-21,2025-02-27,livrée,Bernard S.A.S.
10458,10458,2022-07-23,2022-07-26,en cours,Boulanger Jacquot et Fils
10459,10459,2024-01-29,2024-02-02,livrée,Hernandez
10460,10460,2020-07-29,2020-08-05,en cours,Leconte et Fils
10461,10461,2025-05-07,2025-05-12,en cours,Meunier
10462,10462,2024-09-03,2024-09-07,livrée,Delannoy S.A.R.L.
10463,10463,2022-08-26,2022-08-30,en cours,Gilles Poirier S.A.
10464,10464,2023-12-20,2023-12-21,livrée,Jacques SA
10465,10465,2024-07-20,2024-07-26,en attente,Bouvier SARL
10466,10466,2019-08-09,2019-08-16,livrée,Vasseur Mary S.A.
10467,10467,2025-11-05,2025-11-10,en cours,Garcia
10468,10468,2023-06-15,2023-06-17,en attente,Collin S.A.R.L.
10469,10469,2022-05-28,2022-05-29,livrée,Gay S.A.R.L.
10470,10470,2025-06-10,2025-06-14,en cours,Roux
10471,10471,2022-07-09,2022-07-14,en cours,Millet
10472,10472,2024-11-20,2024-11-26,livrée,Lévy Caron S.A.
10473,10473,2024-09-08,2024-09-09,en attente,Mace et Fils
10474,10474,2022-12-15,2022-12-18,en attente,Vidal Legrand S.A.R.L.
10475,10475,2019-01-19,2019-01-23,en attente,Deschamps
10476,10476,2022-08-23,2022-08-25,en cours,Robert
10477,10477,2021-03-12,2021-03-18,en cours,Maillard Guillet S.A.R.L.
10478,10478,2024-03-09,2024-03-11,en attente,Sanchez et Fils
10479,10479,2023-08-19,2023-08-20,livrée,Legros
10480,10480,2021-04-21,2021-04-22,livrée,Bailly
10481,10481,2019-03-09,2019-03-10,en attente,Imbert Bazin S.A.R.L.
10482,10482,2021-08-15,2021-08-20,en attente,Huet
10483,10483,2024-08-11,2024-08-16,en attente,Dufour
10484,10484,2022-10-04,2022-10-10,livrée,Didier
10485,10485,2020-07-16,2020-07-23,en cours,Gros
10486,10486,2022-06-24,2022-06-29,livrée,Millet
10487,10487,2023-09-15,2023-09-20,livrée,Raynaud S.A.
10488,10488,2022-07-14,2022-07-16,en cours,Seguin S.A.
10489,10489,2020-10-03,2020-10-09,livrée,Lombard
10490,10490,2025-10-10,2025-10-13,livrée,Guillot
10491,10491,2025-05-26,2025-06-02,livrée,Coste
10492,10492,2024-09-02,2024-09-05,en cours,Barbe Imbert S.A.S.
10493,10493,2019-04-28,2019-05-04,en attente,Le Gall
10494,10494,2020-09-25,2020-09-30,en cours,Verdier
10495,10495,2022-08-31,2022-09-06,livrée,Vasseur
10496,10496,2023-04-10,2023-04-12,en attente,Verdier S.A.S.
10497,10497,2022-01-23,2022-01-28,livrée,Delorme
10498,10498,2024-02-23,2024-02-24,en cours,Antoine
10499,10499,2024-07-22,2024-07-25,en attente,Ferrand
10500,10500,2025-09-11,2025-09-12,en cours,Bourdon Marty S.A.R.L.
10501,10501,2025-12-30,2026-01-01,en cours,Gallet S.A.S.
10502,10502,2019-11-02,2019-11-03,en cours,Valentin
10503,10503,2021-07-28,2021-08-03,en cours,Leconte
10504,10504,2019-02-05,2019-02-09,en cours,Petitjean
10505,10505,2021-06-26,2021-07-01,en cours,Maurice
10506,10506,2022-12-09,2022-12-16,livrée,Vallet Thierry S.A.
10507,10507,2025-04-19,2025-04-26,en attente,Louis Gros SA
10508,10508,2019-01-28,2019-01-31,en cours,Lacroix
10509,10509,2021-02-22,2021-02-28,en cours,Maillot
10510,10510,2025-11-08,2025-11-14,livrée,Germain
10511,10511,2025-07-15,2025-07-22,en cours,Bruneau
10512,10512,2020-12-18,2020-12-21,en attente,Pons
10513,10513,2019-01-25,2019-01-28,livrée,Lopez
10514,10514,2019-02-11,2019-02-15,livrée,Chartier S.A.
10515,10515,2021-09-17,2021-09-19,en attente,Samson
10516,10516,2023-09-09,2023-09-12,livrée,Baron
10517,10517,2024-06-11,2024-06-17,en cours,Bertin Guibert et Fils
10518,10518,2024-07-11,2024-07-12,en attente,Tanguy
10519,10519,2022-07-21,2022-07-26,livrée,Rousset et Fils
10520,10520,2022-07-21,2022-07-25,livrée,Voisin Alexandre S.A.R.L.
10521,10521,2021-11-11,2021-11-12,en cours,Leroy Vallée S.A.S.
10522,10522,2021-07-18,2021-07-23,en cours,Morvan S.A.
10523,10523,2020-09-08,2020-09-13,livrée,Étienne
10524,10524,2024-06-28,2024-07-01,en cours,Hebert
10525,10525,2019-06-08,2019-06-13,en attente,Guyot
10526,10526,2024-08-20,2024-08-21,en cours,Lemaître S.A.
10527,10527,2022-07-13,2022-07-16,en attente,Ferrand Tessier S.A.S.
10528,10528,2025-08-14,2025-08-16,en attente,Sanchez
10529,10529,2025-11-19,2025-11-21,en cours,Delannoy
10530,10530,2021-03-11,2021-03-14,en attente,Paris Chrétien SARL
10531,10531,2025-01-07,2025-01-14,en attente,Auger
10532,10532,2023-07-16,2023-07-20,livrée,Mahe SA
10533,10533,2022-08-21,2022-08-25,livrée,Benard
10534,10534,2024-04-04,2024-04-10,en attente,Lopez S.A.
10535,10535,2021-11-29,2021-12-02,en cours,Leblanc Maillot S.A.
10536,10536,2020-09-21,2020-09-26,en attente,Louis
10537,10537,2020-11-21,2020-11-28,en cours,Gallet
10538,10538,2023-05-02,2023-05-06,en cours,Gérard S.A.R.L.
10539,10539,2021-10-06,2021-10-12,en cours,Prévost
10540,10540,2025-07-16,2025-07-18,livrée,Blot Faure S.A.
10541,10541,2021-07-04,2021-07-10,en cours,Morvan
10542,10542,2022-11-18,2022-11-23,livrée,Merle S.A.
10543,10543,2021-09-29,2021-10-02,en cours,Guillon Courtois S.A.R.L.
10544,10544,2024-08-14,2024-08-19,livrée,Texier SA
10545,10545,2024-07-07,2024-07-09,en cours,Marie Martineau S.A.
10546,10546,2021-08-10,2021-08-14,en cours,Barthelemy
10547,10547,2025-06-12,2025-06-16,en cours,Martins
10548,10548,2023-02-06,2023-02-07,livrée,Maillard
10549,10549,2021-05-07,2021-05-13,livrée,Gay S.A.S.
10550,10550,2024-01-14,2024-01-17,en attente,Valentin
10551,10551,2020-09-23,2020-09-30,en cours,Benoit SARL
10552,10552,2025-08-07,2025-08-10,livrée,Jacquet S.A.R.L.
10553,10553,2022-12-28,2023-01-01,en attente,Maillot S.A.R.L.
10554,10554,2020-03-03,2020-03-09,en attente,Guillet
10555,10555,2019-03-19,2019-03-26,en attente,Coulon
10556,10556,2020-08-23,2020-08-26,en attente,Carre Tanguy SA
10557,10557,2025-04-18,2025-04-21,livrée,Hernandez
10558,10558,2019-07-07,2019-07-09,en cours,Lebreton
10559,10559,2025-11-27,2025-11-29,livrée,Le Goff Schmitt et Fils
10560,10560,2019-02-05,2019-02-07,en cours,Schmitt
10561,10561,2019-06-24,2019-06-27,livrée,Turpin
10562,10562,2020-02-17,2020-02-22,livrée,Martel Lemaire S.A.R.L.
10563,10563,2025-04-08,2025-04-15,en cours,Berger Lebreton S.A.
10564,10564,2019-06-23,2019-06-29,en cours,Imbert
10565,10565,2021-05-19,2021-05-21,en attente,Collet S.A.
10566,10566,2020-06-22,2020-06-23,en attente,Marie
10567,10567,2022-08-09,2022-08-11,livrée,Leconte SARL
10568,10568,2023-01-30,2023-02-06,livrée,Gomez
10569,10569,2022-10-21,2022-10-28,en cours,Texier Petit S.A.
10570,10570,2020-03-22,2020-03-27,livrée,Aubry Léger S.A.S.
10571,10571,2020-11-12,2020-11-13,en cours,Clerc S.A.
10572,10572,2022-01-09,2022-01-13,en attente,Reynaud Marchal et Fils
10573,10573,2022-06-27,2022-06-28,en attente,Maréchal SARL
10574,10574,2022-03-28,2022-04-02,en attente,Maillot SA
10575,10575,2019-08-16,2019-08-22,en cours,Cordier Dupuis SARL
10576,10576,2023-12-18,2023-12-24,en attente,Laurent Le Roux SA
10577,10577,2021-02-05,2021-02-11,en cours,Dumont
10578,10578,2020-02-27,2020-03-05,en cours,Barthelemy
10579,10579,2021-02-28,2021-03-04,livrée,Rolland
10580,10580,2024-09-07,2024-09-13,en attente,Mary Poulain SARL
10581,10581,2019-06-30,2019-07-03,en attente,Bodin Bouchet S.A.
10582,10582,2022-04-05,2022-04-12,en cours,Andre
10583,10583,2023-01-12,2023-01-13,en cours,Tessier
10584,10584,2023-06-14,2023-06-15,en cours,Delannoy
10585,10585,2023-08-28,2023-09-01,en attente,Normand SA
10586,10586,2024-08-26,2024-08-31,en attente,Simon
10587,10587,2021-08-20,2021-08-26,livrée,Rousset
10588,10588,2021-02-19,2021-02-20,en cours,Raymond
10589,10589,2021-11-04,2021-11-06,en cours,Richard
10590,10590,2019-01-14,2019-01-20,en cours,Payet Toussaint S.A.S.
10591,10591,2023-02-02,2023-02-07,en cours,Pascal
10592,10592,2025-02-10,2025-02-11,en cours,Charrier
10593,10593,2020-11-18,2020-11-20,en cours,Navarro Allard et Fils
10594,10594,2025-10-22,2025-10-24,en cours,Guibert S.A.
10595,10595,2022-10-15,2022-10-18,livrée,Ramos
10596,10596,2019-01-11,2019-01-17,livrée,Merle S.A.S.
10597,10597,2024-06-01,2024-06-02,livrée,Lamy
10598,10598,2024-06-09,2024-06-16,en cours,Tanguy et Fils
10599,10599,2021-08-05,2021-08-07,en cours,Philippe
10600,10600,2020-07-22,2020-07-29,livrée,Schneider
10601,10601,2025-04-03,2025-04-09,livrée,Millet Weiss S.A.S.
10602,10602,2020-08-01,2020-08-07,en attente,Barre S.A.
10603,10603,2023-11-24,2023-12-01,en cours,Lombard Girard S.A.S.
10604,10604,2023-01-31,2023-02-07,en attente,Fernandez Chrétien S.A.S.
10605,10605,2023-07-24,2023-07-28,en attente,Allard
10606,10606,2023-03-04,2023-03-08,en attente,Pierre
10607,10607,2023-07-25,2023-07-29,livrée,Valentin
10608,10608,2025-01-26,2025-02-01,en cours,Normand Roy S.A.
10609,10609,2022-08-30,2022-09-06,livrée,Da Silva Salmon S.A.S.
10610,10610,2025-02-18,2025-02-21,en attente,Meunier S.A.
10611,10611,2019-12-26,2019-12-31,livrée,Dupont SA
10612,10612,2024-04-19,2024-04-20,en cours,Hubert Masse SARL
10613,10613,2020-02-19,2020-02-25,livrée,Fleury SARL
10614,10614,2025-08-01,2025-08-04,livrée,Petit
10615,10615,2021-04-05,2021-04-06,livrée,Marchand SARL
10616,10616,2019-05-03,2019-05-05,en attente,Navarro et Fils
10617,10617,2022-04-21,2022-04-25,en attente,Guillou S.A.S.
10618,10618,2020-05-26,2020-06-02,livrée,Coste
10619,10619,2023-12-09,2023-12-13,livrée,Bouvier
10620,10620,2021-04-23,2021-04-24,livrée,Ollivier
10621,10621,2023-09-27,2023-09-29,livrée,Vincent Hernandez S.A.S.
10622,10622,2024-06-01,2024-06-06,livrée,Texier S.A.
10623,10623,2020-07-31,2020-08-06,livrée,Valentin
10624,10624,2019-09-27,2019-10-01,en attente,Peron Delahaye S.A.S.
10625,10625,2023-12-22,2023-12-28,en attente,Benard Joseph et Fils
10626,10626,2020-09-25,2020-09-30,en cours,Morin Roche S.A.R.L.
10627,10627,2019-02-02,2019-02-04,en cours,Carre
10628,10628,2023-12-27,2023-12-28,livrée,Bonneau S.A.S.
10629,10629,2024-06-02,2024-06-04,livrée,Marchal Mercier et Fils
10630,10630,2019-01-11,2019-01-18,livrée,Perrin
10631,10631,2023-10-15,2023-10-17,livrée,Techer
10632,10632,2025-09-24,2025-09-29,livrée,Fournier et Fils
10633,10633,2020-01-31,2020-02-01,livrée,Dupont Bodin S.A.
10634,10634,2020-03-21,2020-03-25,en cours,Fischer Aubert et Fils
10635,10635,2019-10-10,2019-10-15,en attente,Regnier
10636,10636,2023-09-03,2023-09-08,livrée,Lejeune
10637,10637,2022-02-05,2022-02-11,en attente,Muller S.A.R.L.
10638,10638,2020-07-02,2020-07-08,livrée,Guillet Renault S.A.
10639,10639,2021-01-27,2021-01-29,livrée,Chauvet Fischer S.A.R.L.
10640,10640,2025-09-13,2025-09-14,livrée,Morin
10641,10641,2022-07-29,2022-07-31,livrée,Barbier S.A.R.L.
10642,10642,2022-02-14,2022-02-20,en attente,Chartier
10643,10643,2021-05-22,2021-05-29,en attente,Gérard Royer S.A.R.L.
10644,10644,2019-10-01,2019-10-07,livrée,Collin
10645,10645,2019-01-27,2019-01-30,en cours,Navarro SA
10646,10646,2019-06-20,2019-06-23,en attente,Chauvet S.A.R.L.
10647,10647,2022-04-08,2022-04-12,en cours,Rousset
10648,10648,2023-12-30,2024-01-01,en attente,Arnaud SARL
10649,10649,2023-07-18,2023-07-21,en attente,Weiss S.A.R.L.
10650,10650,2024-12-05,2024-12-11,livrée,Gaillard Bazin et Fils
10651,10651,2022-11-07,2022-11-08,livrée,Pottier S.A.S.
10652,10652,2019-10-18,2019-10-21,livrée,Evrard
10653,10653,2020-06-26,2020-07-02,livrée,Tessier Andre SARL
10654,10654,2023-03-26,2023-04-02,livrée,Maillard
10655,10655,2024-05-02,2024-05-09,en cours,Loiseau SARL
10656,10656,2021-04-06,2021-04-13,livrée,Bertin
10657,10657,2025-12-24,2025-12-31,en attente,Maurice SARL
10658,10658,2021-11-07,2021-11-14,en attente,Parent
10659,10659,2025-02-27,2025-03-05,livrée,Laporte Rodriguez S.A.
10660,10660,2020-03-14,2020-03-19,livrée,Blanc
10661,10661,2023-02-14,2023-02-18,en cours,Durand
10662,10662,2024-02-19,2024-02-22,livrée,Laine S.A.
10663,10663,2023-10-22,2023-10-27,en cours,Rodrigues
10664,10664,2019-11-17,2019-11-20,en cours,Mace
10665,10665,2021-03-19,2021-03-25,en cours,Gay Adam S.A.
10666,10666,2021-01-14,2021-01-17,livrée,Peron S.A.S.
10667,10667,2025-06-23,2025-06-30,en cours,Payet
10668,10668,2023-07-29,2023-08-01,livrée,Nicolas
10669,10669,2021-11-25,2021-11-27,en cours,Baudry
10670,10670,2020-01-19,2020-01-21,en cours,Boulay Devaux SARL
10671,10671,2019-01-05,2019-01-08,livrée,Poulain Laporte S.A.S.
10672,10672,2019-02-06,2019-02-09,en cours,Poirier SA
10673,10673,2020-03-26,2020-03-28,en attente,Joly S.A.R.L.
10674,10674,2024-04-23,2024-04-29,en cours,Duval
10675,10675,2023-12-19,2023-12-23,livrée,Pierre Martineau SA
10676,10676,2020-09-09,2020-09-15,livrée,Julien SARL
10677,10677,2021-06-28,2021-07-03,en attente,Devaux S.A.R.L.
10678,10678,2021-03-11,2021-03-14,livrée,Renault S.A.R.L.
10679,10679,2024-12-18,2024-12-24,en cours,Mahe Le Goff S.A.S.
10680,10680,2022-11-19,2022-11-23,livrée,Leroux S.A.
10681,10681,2019-12-04,2019-12-08,en cours,Munoz Bodin et Fils
10682,10682,2025-04-18,2025-04-25,livrée,Huet
10683,10683,2019-10-19,2019-10-22,en attente,Tanguy
10684,10684,2024-04-26,2024-04-30,livrée,Jean S.A.S.
10685,10685,2022-08-17,2022-08-18,en attente,Duval
10686,10686,2022-11-04,2022-11-10,en cours,Lefebvre S.A.S.
10687,10687,2025-03-25,2025-03-30,en cours,Hubert Gillet S.A.R.L.
10688,10688,2019-08-06,2019-08-08,en cours,Durand Didier S.A.
10689,10689,2023-08-07,2023-08-10,en attente,Pereira
10690,10690,2022-02-28,2022-03-04,en cours,Pruvost Dos Santos SA
10691,10691,2019-05-14,2019-05-18,en cours,Bonnet Lamy S.A.S.
10692,10692,2019-09-23,2019-09-24,en attente,Blanchet
10693,10693,2021-05-08,2021-05-14,livrée,Blanchard Prévost S.A.R.L.
10694,10694,2021-09-05,2021-09-10,en cours,Parent SARL
10695,10695,2025-06-13,2025-06-16,en attente,Dupont SARL
10696,10696,2024-07-08,2024-07-13,en cours,Marion Maréchal SA
10697,10697,2021-07-22,2021-07-25,livrée,Godard Godard S.A.R.L.
10698,10698,2022-06-04,2022-06-06,en attente,Jacques Weber et Fils
10699,10699,2025-06-09,2025-06-14,en cours,Fouquet Marion S.A.R.L.
10700,10700,2024-08-28,2024-08-30,en attente,Sanchez
10701,10701,2019-08-29,2019-09-01,en attente,Becker
10702,10702,2020-08-23,2020-08-24,en cours,Rossi
10703,10703,2023-04-11,2023-04-18,livrée,Besson S.A.R.L.
10704,10704,2023-01-17,2023-01-20,en attente,Guyon
10705,10705,2024-04-29,2024-05-06,en attente,Loiseau Gonzalez SARL
10706,10706,2025-08-11,2025-08-16,en attente,Bonnet SARL
10707,10707,2020-12-10,2020-12-11,livrée,Gilbert
10708,10708,2025-08-29,2025-09-05,en attente,Thierry Couturier SA
10709,10709,2019-12-15,2019-12-19,en attente,Lemaître SARL
10710,10710,2021-02-24,2021-02-26,en cours,Thomas Blin SARL
10711,10711,2019-12-19,2019-12-21,en attente,Jacquot
10712,10712,2025-03-04,2025-03-10,en attente,Arnaud
10713,10713,2025-07-05,2025-07-07,en cours,Dupuy S.A.S.
10714,10714,2021-02-10,2021-02-14,en cours,Bernard SA
10715,10715,2025-10-07,2025-10-10,en cours,Becker S.A.S.
10716,10716,2023-08-25,2023-08-28,livrée,Regnier
10717,10717,2019-01-26,2019-01-28,livrée,De Sousa Nguyen et Fils
10718,10718,2024-06-28,2024-07-05,en attente,Bourdon Mary SA
10719,10719,2019-08-25,2019-08-28,en attente,Ferreira
10720,10720,2021-11-11,2021-11-18,en cours,Chauvin Fernandes S.A.R.L.
10721,10721,2019-04-07,2019-04-14,en attente,Bouvet Maillet S.A.S.
10722,10722,2019-09-26,2019-10-02,livrée,Goncalves et Fils
10723,10723,2025-07-22,2025-07-29,en attente,Hamel
10724,10724,2025-12-02,2025-12-05,en cours,Gillet SARL
10725,10725,2020-04-12,2020-04-19,en cours,Lemaire et Fils
10726,10726,2020-05-13,2020-05-17,en attente,Aubert
10727,10727,2020-01-25,2020-01-26,en cours,Regnier
10728,10728,2023-10-28,2023-11-01,livrée,Ferrand
10729,10729,2020-10-12,2020-10-14,en attente,Turpin
10730,10730,2022-06-11,2022-06-17,en cours,Dos Santos
10731,10731,2020-11-20,2020-11-21,en attente,Hoareau
10732,10732,2021-08-12,2021-08-13,en attente,Carpentier SA
10733,10733,2019-10-07,2019-10-10,en cours,Techer Lemaire SARL
10734,10734,2020-12-17,2020-12-18,en cours,Gauthier
10735,10735,2019-03-22,2019-03-28,en cours,Delattre Leroux SARL
10736,10736,2019-05-04,2019-05-11,livrée,Thomas
10737,10737,2019-08-20,2019-08-24,en cours,Dumas Traore S.A.R.L.
10738,10738,2025-05-15,2025-05-19,en cours,Renault
10739,10739,2020-08-26,2020-08-27,en attente,Maillard
10740,10740,2025-01-13,2025-01-14,en attente,Meyer
10741,10741,2025-03-03,2025-03-06,en cours,Salmon
10742,10742,2019-08-14,2019-08-17,en attente,Jacques Marin S.A.
10743,10743,2020-07-14,2020-07-15,livrée,Vincent
10744,10744,2025-05-16,2025-05-18,en attente,Launay
10745,10745,2024-05-20,2024-05-22,en cours,Langlois Marion SARL
10746,10746,2022-08-14,2022-08-20,livrée,Léger Pages S.A.S.
10747,10747,2020-10-22,2020-10-29,en attente,Mathieu Denis SA
10748,10748,2019-04-15,2019-04-16,livrée,Collet SARL
10749,10749,2019-01-19,2019-01-26,en cours,Barre S.A.R.L.
10750,10750,2021-06-14,2021-06-21,livrée,Perret Menard S.A.R.L.
10751,10751,2023-07-26,2023-08-02,livrée,Grégoire Merle S.A.R.L.
10752,10752,2022-05-02,2022-05-08,en cours,Bertin SARL
10753,10753,2023-06-13,2023-06-19,en cours,Verdier
10754,10754,2019-04-19,2019-04-21,en cours,Lombard Gimenez SARL
10755,10755,2019-02-12,2019-02-19,en cours,Loiseau Marchand S.A.S.
10756,10756,2020-03-03,2020-03-10,en cours,Vallet Collin SARL
10757,10757,2023-02-24,2023-02-26,en cours,Denis SA
10758,10758,2020-11-24,2020-11-26,livrée,Guyon Pascal SARL
10759,10759,2024-03-28,2024-04-02,en attente,Brunel SARL
10760,10760,2023-10-27,2023-11-02,en attente,Clément Antoine et Fils
10761,10761,2021-12-16,2021-12-21,en cours,Gillet
10762,10762,2024-07-04,2024-07-07,livrée,Joubert Rousseau S.A.
10763,10763,2024-10-18,2024-10-24,en attente,Peltier Le Gall SARL
10764,10764,2021-06-27,2021-06-29,en attente,Maillard SARL
10765,10765,2019-11-02,2019-11-06,en attente,Delmas S.A.R.L.
10766,10766,2022-04-21,2022-04-25,en attente,Peron S.A.
10767,10767,2024-01-14,2024-01-18,en attente,Schneider S.A.R.L.
10768,10768,2022-03-27,2022-04-03,livrée,Dias et Fils
10769,10769,2023-11-25,2023-11-27,livrée,Marty Robert S.A.S.
10770,10770,2022-07-14,2022-07-19,en cours,Boucher SARL
10771,10771,2020-06-05,2020-06-06,en cours,Chrétien
10772,10772,2021-05-23,2021-05-28,en attente,Barbier Lecoq SA
10773,10773,2022-01-14,2022-01-15,en attente,Carpentier SA
10774,10774,2023-03-18,2023-03-19,livrée,Thierry et Fils
10775,10775,2025-09-04,2025-09-06,en cours,Rodrigues
10776,10776,2021-05-13,2021-05-19,en cours,Vallée
10777,10777,2025-12-03,2025-12-09,livrée,Lebon
10778,10778,2023-02-05,2023-02-10,en attente,Peron
10779,10779,2020-02-01,2020-02-08,en attente,Colas
10780,10780,2019-12-09,2019-12-10,en cours,Jacob Traore SARL
10781,10781,2021-05-14,2021-05-20,en cours,Dijoux SARL
10782,10782,2025-01-07,2025-01-14,en cours,Peron
10783,10783,2022-09-07,2022-09-10,en attente,Delattre
10784,10784,2023-02-20,2023-02-23,livrée,Gautier et Fils
10785,10785,2025-05-01,2025-05-03,en cours,Vaillant
10786,10786,2022-12-09,2022-12-12,en attente,Devaux Joseph S.A.S.
10787,10787,2025-09-21,2025-09-28,en attente,Breton
10788,10788,2025-08-22,2025-08-26,livrée,Torres
10789,10789,2025-12-18,2025-12-20,en cours,Pinto Gilles S.A.R.L.
10790,10790,2020-09-17,2020-09-20,en attente,Marion
10791,10791,2022-10-18,2022-10-23,en attente,Bigot S.A.S.
10792,10792,2020-10-01,2020-10-08,en attente,Bertrand Colas S.A.
10793,10793,2024-06-18,2024-06-23,en attente,Caron Bouvet SARL
10794,10794,2020-08-18,2020-08-19,en attente,Tessier
10795,10795,2019-02-27,2019-03-02,en attente,Bazin
10796,10796,2019-03-23,2019-03-28,en attente,Carpentier et Fils
10797,10797,2024-06-02,2024-06-07,en cours,Bonnin
10798,10798,2021-11-08,2021-11-13,en cours,Vincent
10799,10799,2021-03-25,2021-03-27,en attente,Salmon Marion S.A.
10800,10800,2025-02-14,2025-02-19,livrée,Mahe Ledoux S.A.R.L.
10801,10801,2025-04-30,2025-05-03,en cours,Costa
10802,10802,2025-05-06,2025-05-07,livrée,Guillou S.A.R.L.
10803,10803,2019-04-03,2019-04-07,en attente,Martin
10804,10804,2022-10-30,2022-11-04,en attente,Guibert
10805,10805,2019-01-21,2019-01-27,livrée,Lagarde
10806,10806,2025-10-06,2025-10-08,livrée,Mathieu
10807,10807,2020-09-10,2020-09-16,en attente,Girard Dupuis S.A.
10808,10808,2019-07-24,2019-07-31,en cours,Loiseau
10809,10809,2025-04-02,2025-04-07,en attente,Garcia
10810,10810,2022-03-12,2022-03-14,en cours,Pons
10811,10811,2024-08-24,2024-08-25,livrée,Carpentier
10812,10812,2024-08-07,2024-08-10,en cours,Traore
10813,10813,2025-05-23,2025-05-30,en attente,Bertrand Poirier et Fils
10814,10814,2022-05-10,2022-05-11,en attente,Marin Boyer S.A.S.
10815,10815,2025-05-06,2025-05-07,en attente,Leleu et Fils
10816,10816,2019-06-16,2019-06-22,en attente,Joubert et Fils
10817,10817,2023-11-22,2023-11-28,livrée,Boulay
10818,10818,2019-08-26,2019-08-30,en attente,Hebert S.A.
10819,10819,2021-07-03,2021-07-09,en attente,Lebrun et Fils
10820,10820,2022-05-08,2022-05-12,livrée,Fournier Lacroix SARL
10821,10821,2024-03-26,2024-03-29,en attente,Goncalves
10822,10822,2022-11-23,2022-11-24,livrée,Poulain
10823,10823,2025-03-02,2025-03-05,en cours,Ollivier
10824,10824,2025-06-11,2025-06-17,en cours,Pages
10825,10825,2020-12-03,2020-12-09,en attente,Masson
10826,10826,2023-05-10,2023-05-15,en attente,Rousseau
10827,10827,2024-03-17,2024-03-20,livrée,Leroy
10828,10828,2024-09-23,2024-09-24,livrée,Roche SA
10829,10829,2021-02-06,2021-02-08,en cours,Riou
10830,10830,2020-04-16,2020-04-22,en cours,Torres et Fils
10831,10831,2019-03-04,2019-03-09,livrée,Blanchet S.A.R.L.
10832,10832,2019-11-20,2019-11-25,livrée,Gallet
10833,10833,2024-04-08,2024-04-11,en cours,Blondel Ollivier SARL
10834,10834,2020-12-05,2020-12-12,en cours,Girard S.A.
10835,10835,2025-06-19,2025-06-25,en cours,Benard S.A.R.L.
10836,10836,2020-11-23,2020-11-26,en attente,Lemoine
10837,10837,2020-09-01,2020-09-05,livrée,Besson Menard S.A.
10838,10838,2021-12-09,2021-12-13,en attente,Marchand S.A.S.
10839,10839,2020-09-27,2020-10-04,livrée,Delorme
10840,10840,2024-07-08,2024-07-14,en attente,Daniel
10841,10841,2025-07-02,2025-07-08,en cours,Hebert SA
10842,10842,2025-04-20,2025-04-24,livrée,Costa
10843,10843,2025-05-06,2025-05-07,en cours,Vidal S.A.
10844,10844,2025-04-08,2025-04-15,livrée,Bouvet
10845,10845,2020-04-17,2020-04-23,livrée,Olivier
10846,10846,2019-08-19,2019-08-24,en cours,Legrand SA
10847,10847,2020-10-09,2020-10-10,livrée,Thibault Martinez S.A.
10848,10848,2019-05-11,2019-05-18,en attente,Carpentier
10849,10849,2024-12-06,2024-12-12,livrée,Torres
10850,10850,2020-04-19,2020-04-23,en attente,Goncalves Georges SARL
10851,10851,2022-02-04,2022-02-07,en cours,Collin S.A.S.
10852,10852,2020-10-10,2020-10-16,en cours,Sauvage
10853,10853,2023-10-22,2023-10-26,livrée,Delorme
10854,10854,2022-05-30,2022-06-06,livrée,Roche
10855,10855,2019-01-16,2019-01-18,en cours,Mendès Ollivier SARL
10856,10856,2025-08-13,2025-08-19,livrée,Vasseur S.A.S.
10857,10857,2025-09-09,2025-09-16,livrée,Masse SA
10858,10858,2019-08-26,2019-08-27,en attente,Martinez
10859,10859,2024-02-10,2024-02-11,en cours,Huet Michaud S.A.R.L.
10860,10860,2024-05-04,2024-05-06,en cours,Da Silva et Fils
10861,10861,2022-08-28,2022-09-01,en attente,Maillard
10862,10862,2025-04-29,2025-05-01,en cours,Legros Rémy S.A.
10863,10863,2022-03-27,2022-03-28,en attente,Ferrand Camus S.A.S.
10864,10864,2023-09-19,2023-09-20,livrée,Schmitt Garcia S.A.R.L.
10865,10865,2022-03-24,2022-03-25,en attente,Breton Robert SARL
10866,10866,2024-08-10,2024-08-11,en cours,Charrier SARL
10867,10867,2024-02-06,2024-02-08,en cours,Morin Vincent et Fils
10868,10868,2019-06-02,2019-06-09,en cours,Roussel S.A.S.
10869,10869,2020-06-24,2020-06-29,livrée,Guillaume
10870,10870,2021-09-04,2021-09-11,en cours,Germain
10871,10871,2025-12-03,2025-12-07,en attente,Rolland
10872,10872,2025-12-28,2026-01-01,en cours,Lebreton Besson S.A.S.
10873,10873,2021-06-08,2021-06-11,en attente,Texier
10874,10874,2025-04-30,2025-05-04,en cours,Lucas S.A.S.
10875,10875,2022-10-17,2022-10-20,en attente,Guillot Hamon S.A.R.L.
10876,10876,2021-05-19,2021-05-22,en attente,Tessier
10877,10877,2019-06-15,2019-06-19,en cours,Étienne
10878,10878,2025-02-16,2025-02-21,livrée,Charrier Bonnin et Fils
10879,10879,2024-12-22,2024-12-27,en cours,Mercier S.A.R.L.
10880,10880,2024-01-07,2024-01-14,en attente,Ferreira
10881,10881,2025-09-09,2025-09-11,livrée,Delattre
10882,10882,2020-09-26,2020-09-28,en cours,Lecoq S.A.
10883,10883,2025-02-26,2025-03-01,livrée,Riou Delaunay SA
10884,10884,2025-06-07,2025-06-10,en cours,Meunier
10885,10885,2023-01-10,2023-01-14,livrée,Techer
10886,10886,2021-05-11,2021-05-14,en cours,Martel et Fils
10887,10887,2022-04-25,2022-05-02,en cours,Laurent Mallet et Fils
10888,10888,2019-11-03,2019-11-07,livrée,Pasquier Lejeune S.A.
10889,10889,2025-07-01,2025-07-07,en cours,Rodriguez Rodriguez S.A.S.
10890,10890,2020-02-12,2020-02-13,en cours,Julien
10891,10891,2019-10-31,2019-11-07,livrée,Deschamps Roche S.A.
10892,10892,2020-01-06,2020-01-11,en attente,Adam S.A.R.L.
10893,10893,2025-02-20,2025-02-25,livrée,Hernandez S.A.R.L.
10894,10894,2022-03-13,2022-03-20,en attente,Guyot Perrin S.A.
10895,10895,2025-05-31,2025-06-02,en attente,Renard
10896,10896,2020-05-26,2020-05-30,livrée,Lemaire
10897,10897,2021-05-06,2021-05-07,en cours,Noël
10898,10898,2021-06-09,2021-06-11,livrée,Guillet Raynaud S.A.
10899,10899,2019-05-30,2019-06-05,en cours,Prévost S.A.R.L.
10900,10900,2023-08-14,2023-08-18,livrée,Baron S.A.R.L.
10901,10901,2024-07-07,2024-07-11,en attente,Nicolas
10902,10902,2024-01-19,2024-01-25,en attente,Caron Bouvet S.A.S.
10903,10903,2023-01-07,2023-01-14,en cours,Bourgeois
10904,10904,2022-03-10,2022-03-17,en attente,Léger
10905,10905,2021-10-19,2021-10-21,livrée,Blanchard Hoarau SA
10906,10906,2022-11-18,2022-11-25,en cours,Durand et Fils
10907,10907,2022-10-03,2022-10-06,livrée,Baudry
10908,10908,2024-10-30,2024-11-03,en cours,Pottier
10909,10909,2025-06-05,2025-06-06,en attente,Fleury
10910,10910,2021-08-17,2021-08-20,en cours,Bonnet Georges S.A.S.
10911,10911,2025-02-26,2025-03-03,livrée,Ribeiro
10912,10912,2019-12-22,2019-12-26,en attente,Benoit Joly S.A.R.L.
10913,10913,2025-01-09,2025-01-14,livrée,Bonnin SA
10914,10914,2022-11-21,2022-11-24,en cours,Carre Delannoy S.A.S.
10915,10915,2025-07-22,2025-07-27,en attente,Olivier
10916,10916,2022-12-02,2022-12-06,en cours,Nicolas S.A.S.
10917,10917,2022-12-30,2022-12-31,en attente,Teixeira
10918,10918,2022-03-20,2022-03-25,en cours,Adam Lelièvre SARL
10919,10919,2023-10-29,2023-11-04,en cours,Jacob Labbé et Fils
10920,10920,2025-02-27,2025-03-01,livrée,Blanc Noël SA
10921,10921,2024-01-31,2024-02-05,en attente,Lagarde S.A.S.
10922,10922,2023-09-30,2023-10-01,en cours,Gros Blanchet S.A.S.
10923,10923,2023-06-11,2023-06-17,en cours,Le Roux Rey S.A.
10924,10924,2025-03-22,2025-03-29,en attente,Bousquet
10925,10925,2025-07-12,2025-07-18,en attente,Leclerc
10926,10926,2023-04-25,2023-05-01,en attente,Diaz
10927,10927,2022-05-14,2022-05-16,en attente,Lucas
10928,10928,2023-01-09,2023-01-14,en attente,Roger SA
10929,10929,2024-02-01,2024-02-03,en attente,Langlois S.A.R.L.
10930,10930,2022-10-23,2022-10-24,livrée,Marin SARL
10931,10931,2020-01-09,2020-01-15,en attente,Marques S.A.R.L.
10932,10932,2025-06-17,2025-06-18,livrée,Pons
10933,10933,2021-04-28,2021-04-29,en attente,Delmas SA
10934,10934,2024-06-09,2024-06-15,en attente,Besson S.A.
10935,10935,2021-06-29,2021-07-04,en attente,Hardy
10936,10936,2023-05-26,2023-06-02,livrée,Benoit
10937,10937,2019-12-11,2019-12-18,en attente,Parent et Fils
10938,10938,2023-01-01,2023-01-07,en cours,Allain SARL
10939,10939,2024-04-13,2024-04-17,en attente,Roche
10940,10940,2019-08-30,2019-09-06,en cours,Carre
10941,10941,2025-12-24,2025-12-28,livrée,Boulay Roussel S.A.
10942,10942,2019-05-21,2019-05-26,en cours,Navarro Valentin S.A.S.
10943,10943,2019-06-19,2019-06-20,en cours,Schneider Bouvet et Fils
10944,10944,2025-11-06,2025-11-10,en cours,Martin
10945,10945,2024-12-22,2024-12-28,en attente,Hoareau
10946,10946,2023-02-07,2023-02-09,en cours,Delmas
10947,10947,2021-02-03,2021-02-05,en attente,Gay
10948,10948,2022-09-02,2022-09-07,en cours,Maury
10949,10949,2023-08-24,2023-08-29,livrée,Barre Martel S.A.R.L.
10950,10950,2023-09-12,2023-09-19,livrée,Peltier S.A.S.
10951,10951,2024-04-29,2024-05-04,livrée,Paul S.A.S.
10952,10952,2020-10-29,2020-11-05,en cours,Parent
10953,10953,2021-10-14,2021-10-20,livrée,Rodrigues
10954,10954,2021-06-23,2021-06-30,livrée,Rodrigues
10955,10955,2024-08-12,2024-08-19,en attente,Boyer
10956,10956,2022-05-14,2022-05-16,en cours,Bodin
10957,10957,2025-03-08,2025-03-12,en attente,Robin S.A.S.
10958,10958,2024-05-08,2024-05-11,en cours,Raynaud
10959,10959,2020-07-08,2020-07-15,en cours,Germain Denis S.A.S.
10960,10960,2022-05-08,2022-05-13,en attente,Loiseau
10961,10961,2023-08-28,2023-08-31,en attente,Delorme
10962,10962,2025-01-19,2025-01-25,livrée,Moreno
10963,10963,2024-06-21,2024-06-27,livrée,Dijoux
10964,10964,2024-10-11,2024-10-12,en cours,Aubert
10965,10965,2020-10-07,2020-10-13,en attente,Carlier
10966,10966,2022-08-08,2022-08-11,en cours,Perez
10967,10967,2023-10-15,2023-10-22,en attente,Rey S.A.S.
10968,10968,2024-06-22,2024-06-28,livrée,Samson Leduc S.A.
10969,10969,2020-02-18,2020-02-25,en cours,Fabre
10970,10970,2023-08-28,2023-08-31,en attente,Maillard Leleu S.A.
10971,10971,2022-03-09,2022-03-14,en cours,Moreau Lenoir SA
10972,10972,2024-03-27,2024-03-31,livrée,Germain Brun SA
10973,10973,2025-10-10,2025-10-11,en cours,Roussel
10974,10974,2019-04-27,2019-04-29,livrée,Techer
10975,10975,2022-06-13,2022-06-19,en attente,Thomas
10976,10976,2023-09-20,2023-09-24,en attente,Pichon SA
10977,10977,2022-03-22,2022-03-27,en cours,Loiseau
10978,10978,2024-12-12,2024-12-15,en attente,Guillon
10979,10979,2022-04-05,2022-04-10,livrée,Baudry
10980,10980,2021-01-11,2021-01-15,en cours,Cohen
10981,10981,2020-07-30,2020-08-05,en cours,Toussaint S.A.S.
10982,10982,2019-10-14,2019-10-15,livrée,Mercier
10983,10983,2024-06-25,2024-07-01,livrée,Lévy SARL
10984,10984,2020-04-29,2020-05-03,livrée,Martin Hoarau S.A.
10985,10985,2020-08-02,2020-08-04,en attente,Fontaine
10986,10986,2020-01-11,2020-01-12,en cours,Arnaud
10987,10987,2020-11-28,2020-12-01,livrée,Bouvet S.A.
10988,10988,2025-05-16,2025-05-22,en cours,Pinto
10989,10989,2023-08-11,2023-08-15,en attente,Dupuis Gillet SARL
10990,10990,2023-04-12,2023-04-14,en attente,Monnier Mendès et Fils
10991,10991,2021-06-10,2021-06-13,livrée,Samson
10992,10992,2023-03-08,2023-03-09,en attente,Ledoux Blondel S.A.R.L.
10993,10993,2019-02-26,2019-03-01,livrée,Benoit
10994,10994,2024-02-14,2024-02-15,en attente,Hoareau Collin et Fils
10995,10995,2024-08-16,2024-08-23,en attente,Masson
10996,10996,2021-05-08,2021-05-15,en attente,Charles et Fils
10997,10997,2024-01-05,2024-01-11,livrée,Moulin
10998,10998,2025-08-01,2025-08-04,en attente,Durand Gilles S.A.R.L.
10999,10999,2024-02-12,2024-02-18,livrée,Mercier Coste S.A.R.L.
11000,11000,2023-05-22,2023-05-27,en attente,Vasseur Marchand S.A.S.
11001,11001,2024-07-17,2024-07-23,en cours,Teixeira
11002,11002,2019-09-13,2019-09-19,livrée,Klein
11003,11003,2023-05-12,2023-05-15,en attente,Lefebvre Michel S.A.S.
11004,11004,2020-05-25,2020-05-31,en cours,Moulin
11005,11005,2019-07-15,2019-07-20,en attente,Hernandez Salmon S.A.S.
11006,11006,2022-02-25,2022-02-27,en cours,Ferrand Pelletier et Fils
11007,11007,2025-04-26,2025-04-30,en cours,De Sousa
11008,11008,2019-08-26,2019-08-31,livrée,David S.A.S.
11009,11009,2024-03-15,2024-03-21,livrée,Breton
11010,11010,2025-08-22,2025-08-26,en cours,Marion SARL
11011,11011,2023-02-10,2023-02-13,en attente,Jean SA
11012,11012,2022-06-19,2022-06-24,en cours,Germain
11013,11013,2025-08-07,2025-08-11,livrée,Poulain Blanc SA
11014,11014,2022-08-23,2022-08-28,en cours,Traore S.A.S.
11015,11015,2024-11-01,2024-11-07,livrée,Dufour Bazin S.A.S.
11016,11016,2021-10-18,2021-10-23,en attente,Dijoux
11017,11017,2022-02-10,2022-02-14,en cours,Bourdon
11018,11018,2025-10-19,2025-10-24,livrée,Pascal SARL
11019,11019,2019-03-24,2019-03-31,en attente,Mary
11020,11020,2021-05-24,2021-05-29,livrée,Duval S.A.
11021,11021,2025-11-09,2025-11-12,livrée,De Sousa
11022,11022,2024-10-10,2024-10-12,en attente,Martins S.A.S.
11023,11023,2023-08-10,2023-08-11,en cours,Barthelemy SA
11024,11024,2024-11-02,2024-11-03,en attente,Fernandez
11025,11025,2019-04-28,2019-05-01,en cours,Thierry SARL
11026,11026,2024-10-20,2024-10-21,livrée,Mary Jacob SA
11027,11027,2020-07-09,2020-07-15,en cours,Bouvet S.A.S.
11028,11028,2025-03-10,2025-03-14,livrée,Benard Léger et Fils
11029,11029,2023-10-14,2023-10-15,en cours,Blondel Lopes SA
11030,11030,2023-06-20,2023-06-24,en cours,Caron Gilbert S.A.
11031,11031,2020-04-14,2020-04-15,en cours,Charles Rémy SA
11032,11032,2021-04-26,2021-05-03,en attente,Bourgeois
11033,11033,2023-10-26,2023-10-31,en attente,Diallo
11034,11034,2022-10-16,2022-10-19,livrée,Weber
11035,11035,2023-11-17,2023-11-19,en attente,Gros Merle et Fils
11036,11036,2019-11-07,2019-11-11,livrée,Blot
11037,11037,2022-02-13,2022-02-19,en attente,Ferrand
11038,11038,2020-05-18,2020-05-21,en cours,Poirier Charpentier S.A.R.L.
11039,11039,2024-06-29,2024-07-05,livrée,Gonzalez
11040,11040,2025-11-06,2025-11-09,livrée,Alexandre Brun S.A.R.L.
11041,11041,2023-10-04,2023-10-09,en cours,Lambert Foucher SARL
11042,11042,2024-08-02,2024-08-03,en attente,Martinez
11043,11043,2025-12-28,2025-12-31,en attente,Leblanc
11044,11044,2023-07-31,2023-08-06,livrée,Maury Legros et Fils
11045,11045,2022-08-07,2022-08-14,livrée,Leroux S.A.S.
11046,11046,2022-12-07,2022-12-09,en cours,Lemonnier Andre SA
11047,11047,2021-10-05,2021-10-11,livrée,Guérin S.A.R.L.
11048,11048,2024-03-17,2024-03-19,en attente,Deschamps
11049,11049,2019-07-24,2019-07-27,en cours,Da Silva S.A.S.
11050,11050,2024-03-06,2024-03-12,en attente,Lebon
11051,11051,2024-07-12,2024-07-18,livrée,Grégoire
11052,11052,2022-01-06,2022-01-12,en attente,Diallo
11053,11053,2019-07-06,2019-07-12,en attente,Dupré
11054,11054,2020-04-04,2020-04-07,livrée,Leleu Becker S.A.S.
11055,11055,2023-12-22,2023-12-25,livrée,Mathieu SA
11056,11056,2022-08-25,2022-08-27,en attente,Jacques SA
11057,11057,2024-01-14,2024-01-17,en cours,Barbe
11058,11058,2019-07-15,2019-07-16,livrée,Martinez
11059,11059,2024-07-16,2024-07-19,en cours,Labbé
11060,11060,2025-11-12,2025-11-13,en attente,Masson
11061,11061,2025-06-08,2025-06-14,en attente,Besnard De Oliveira SARL
11062,11062,2024-08-24,2024-08-31,en cours,Clerc
11063,11063,2025-12-18,2025-12-21,en attente,Fischer Mathieu et Fils
11064,11064,2020-03-24,2020-03-26,en cours,Girard Moulin S.A.R.L.
11065,11065,2019-06-09,2019-06-13,livrée,Prévost
11066,11066,2022-10-12,2022-10-14,en cours,Mace
11067,11067,2019-06-06,2019-06-08,en attente,Sanchez
11068,11068,2021-01-19,2021-01-26,en cours,Hervé
11069,11069,2020-10-14,2020-10-20,en cours,Perrier
11070,11070,2021-06-29,2021-07-03,en attente,Chevallier
11071,11071,2022-01-27,2022-01-30,en cours,Lesage
11072,11072,2020-01-10,2020-01-17,en attente,Dijoux
11073,11073,2025-02-03,2025-02-09,en cours,Albert
11074,11074,2020-08-24,2020-08-28,en cours,Blin Brunet et Fils
11075,11075,2020-06-07,2020-06-08,livrée,Leleu
11076,11076,2021-10-24,2021-10-25,en attente,Chevalier
11077,11077,2025-04-10,2025-04-15,livrée,Gilles Techer S.A.
11078,11078,2023-04-17,2023-04-19,en attente,Loiseau
11079,11079,2022-11-15,2022-11-19,en cours,Guillot SARL
11080,11080,2020-07-06,2020-07-08,en attente,Carpentier
11081,11081,2020-12-17,2020-12-18,livrée,Marchal
11082,11082,2019-05-04,2019-05-11,livrée,Lefebvre S.A.R.L.
11083,11083,2024-06-12,2024-06-16,en cours,Jacob
11084,11084,2021-02-25,2021-03-02,en cours,Ledoux
11085,11085,2025-09-17,2025-09-22,livrée,Laroche S.A.R.L.
11086,11086,2025-11-02,2025-11-09,en attente,Pons SA
11087,11087,2024-12-12,2024-12-13,livrée,Gomes SA
11088,11088,2019-10-01,2019-10-04,en attente,Mary Hebert S.A.S.
11089,11089,2020-09-04,2020-09-07,en attente,Gauthier
11090,11090,2020-11-16,2020-11-17,en attente,Ollivier
11091,11091,2021-01-30,2021-02-04,en attente,Guillot Perrier S.A.S.
11092,11092,2025-01-28,2025-02-03,en cours,David Foucher S.A.S.
11093,11093,2022-07-11,2022-07-17,en cours,Gros S.A.R.L.
11094,11094,2023-03-09,2023-03-15,en attente,Pinto Benoit SARL
11095,11095,2025-01-11,2025-01-16,en cours,David S.A.R.L.
11096,11096,2020-01-27,2020-02-03,en attente,Leconte
11097,11097,2023-11-01,2023-11-05,en attente,Giraud
11098,11098,2025-01-19,2025-01-24,en attente,Hebert
11099,11099,2019-05-17,2019-05-18,livrée,Auger
11100,11100,2025-12-27,2025-12-28,en attente,Bigot Couturier SA
11101,11101,2024-05-05,2024-05-11,en cours,Millet Julien et Fils
11102,11102,2025-08-26,2025-08-30,en attente,Clément Denis S.A.
11103,11103,2021-03-20,2021-03-25,en cours,Cousin
11104,11104,2020-08-04,2020-08-11,en cours,Gallet
11105,11105,2022-10-16,2022-10-23,livrée,Seguin
11106,11106,2022-08-06,2022-08-11,livrée,Charrier SA
11107,11107,2020-03-05,2020-03-10,en attente,Muller
11108,11108,2020-02-24,2020-02-25,en cours,Hebert Marty S.A.S.
11109,11109,2023-06-06,2023-06-07,livrée,Ruiz Leroux SARL
11110,11110,2022-08-09,2022-08-14,en attente,Robin
11111,11111,2020-08-27,2020-09-03,en attente,Teixeira
11112,11112,2019-08-03,2019-08-04,en attente,Pires S.A.
11113,11113,2023-10-29,2023-11-02,en cours,Evrard
11114,11114,2021-07-05,2021-07-12,livrée,Fabre S.A.S.
11115,11115,2020-12-15,2020-12-17,en cours,Gimenez
11116,11116,2023-04-12,2023-04-15,livrée,Étienne S.A.R.L.
11117,11117,2019-05-16,2019-05-19,livrée,Vallet et Fils
11118,11118,2021-09-18,2021-09-20,en attente,Guyot Lecoq S.A.S.
11119,11119,2020-03-02,2020-03-05,en attente,Loiseau Delaunay et Fils
11120,11120,2023-06-12,2023-06-16,en attente,Guichard Roger S.A.S.
11121,11121,2020-05-28,2020-06-01,en attente,Laurent
11122,11122,2021-05-27,2021-06-03,en cours,Barthelemy Clément S.A.R.L.
11123,11123,2022-07-19,2022-07-21,en attente,Chevallier François et Fils
11124,11124,2025-09-26,2025-10-01,en attente,Henry
11125,11125,2019-11-13,2019-11-17,en attente,Louis
11126,11126,2022-02-06,2022-02-08,en cours,Chevallier S.A.
11127,11127,2021-01-13,2021-01-17,livrée,Moreno
11128,11128,2019-10-14,2019-10-21,en cours,Duval Joly SARL
11129,11129,2024-05-23,2024-05-24,en cours,Colin SARL
11130,11130,2024-01-14,2024-01-21,en cours,Barre Marty et Fils
11131,11131,2020-10-16,2020-10-17,en cours,Jacob Costa S.A.
11132,11132,2025-03-05,2025-03-10,en attente,Lemoine Rocher S.A.S.
11133,11133,2024-04-13,2024-04-15,livrée,Wagner
11134,11134,2024-09-15,2024-09-19,livrée,Joseph et Fils
11135,11135,2022-09-08,2022-09-13,en cours,Perez Chrétien S.A.
11136,11136,2025-10-22,2025-10-27,livrée,Fabre S.A.S.
11137,11137,2021-01-12,2021-01-16,en attente,Martinez
11138,11138,2020-12-10,2020-12-11,livrée,Peltier Imbert S.A.S.
11139,11139,2024-04-20,2024-04-24,livrée,Hubert S.A.R.L.
11140,11140,2022-07-21,2022-07-25,en cours,Weber SA
11141,11141,2025-02-02,2025-02-06,livrée,Vincent
11142,11142,2023-10-04,2023-10-10,en cours,Ruiz
11143,11143,2021-09-25,2021-10-02,livrée,Gérard SARL
11144,11144,2020-10-13,2020-10-16,en cours,Tanguy
11145,11145,2021-02-23,2021-03-02,livrée,Dufour
11146,11146,2021-08-12,2021-08-16,en cours,Rousseau Gilles S.A.S.
11147,11147,2020-12-26,2021-01-02,livrée,Mahe S.A.S.
11148,11148,2019-11-27,2019-11-29,en attente,Voisin
11149,11149,2023-12-09,2023-12-14,en cours,Ferreira SA
11150,11150,2019-06-03,2019-06-08,en attente,Briand
11151,11151,2021-11-11,2021-11-13,en attente,Martel
11152,11152,2025-06-17,2025-06-21,en attente,Noël
11153,11153,2019-04-28,2019-05-03,en attente,Bodin
11154,11154,2024-07-16,2024-07-20,en cours,Henry
11155,11155,2019-11-15,2019-11-21,en attente,Thierry S.A.
11156,11156,2022-03-21,2022-03-23,livrée,Boucher
11157,11157,2023-11-08,2023-11-13,en attente,Buisson et Fils
11158,11158,2019-01-28,2019-01-30,en cours,Pineau
11159,11159,2023-07-27,2023-07-30,livrée,Salmon Imbert SA
11160,11160,2022-03-25,2022-03-26,en cours,Teixeira Pineau S.A.R.L.
11161,11161,2020-09-11,2020-09-18,en attente,Guérin
11162,11162,2022-08-20,2022-08-22,en attente,Pinto SA
11163,11163,2020-02-21,2020-02-25,en attente,Mathieu S.A.
11164,11164,2020-08-29,2020-09-01,en cours,Mathieu SARL
11165,11165,2024-03-15,2024-03-20,livrée,Seguin
11166,11166,2022-11-29,2022-12-02,livrée,Chauvet Fontaine S.A.
11167,11167,2022-06-21,2022-06-24,en cours,Mendès
11168,11168,2025-10-09,2025-10-11,en attente,Roy
11169,11169,2023-09-03,2023-09-06,en cours,Lesage Lucas S.A.
11170,11170,2022-02-14,2022-02-18,livrée,Berthelot
11171,11171,2024-09-29,2024-10-01,livrée,Boutin Bruneau S.A.R.L.
11172,11172,2021-02-09,2021-02-13,livrée,Dumas Jean S.A.S.
11173,11173,2019-12-23,2019-12-25,en attente,Raynaud Masse et Fils
11174,11174,2020-08-13,2020-08-17,en attente,Léger S.A.
11175,11175,2024-07-24,2024-07-26,en attente,Carre
11176,11176,2023-09-12,2023-09-19,en attente,Bonnet
11177,11177,2020-06-30,2020-07-04,en cours,Gaudin
11178,11178,2021-05-24,2021-05-25,en attente,Guillot
11179,11179,2019-05-10,2019-05-13,en cours,Legrand
11180,11180,2024-12-03,2024-12-07,livrée,Gérard S.A.R.L.
11181,11181,2022-01-11,2022-01-17,livrée,Lévêque
11182,11182,2025-09-27,2025-09-30,en attente,Roy S.A.
11183,11183,2024-03-27,2024-03-31,en cours,Pages Thierry SA
11184,11184,2025-09-19,2025-09-20,en cours,Breton
11185,11185,2019-08-27,2019-09-02,en cours,Lamy
11186,11186,2025-05-29,2025-06-03,livrée,Garnier SARL
11187,11187,2023-08-17,2023-08-18,livrée,Foucher
11188,11188,2023-01-30,2023-02-02,en attente,Mendès
11189,11189,2026-01-01,2026-01-04,livrée,Boulanger SARL
11190,11190,2025-12-22,2025-12-24,livrée,Cousin
11191,11191,2025-05-12,2025-05-15,en attente,Prévost Briand SARL
11192,11192,2023-07-19,2023-07-25,en cours,Maillard
11193,11193,2023-03-13,2023-03-15,en attente,Bousquet
11194,11194,2022-03-17,2022-03-19,en cours,Aubert
11195,11195,2025-03-17,2025-03-19,livrée,Ledoux Roger S.A.R.L.
11196,11196,2025-08-23,2025-08-24,en attente,Mary
11197,11197,2023-11-13,2023-11-15,en cours,Coulon Michaud SA
11198,11198,2019-04-11,2019-04-13,en cours,Lucas
11199,11199,2023-07-14,2023-07-21,en attente,Payet Le Gall SA
11200,11200,2021-02-07,2021-02-08,en cours,Perez
11201,11201,2022-09-16,2022-09-18,livrée,Peltier Meunier et Fils
11202,11202,2023-07-06,2023-07-11,livrée,Breton
11203,11203,2024-07-07,2024-07-09,en attente,Neveu
11204,11204,2025-01-31,2025-02-02,en attente,Bailly S.A.R.L.
11205,11205,2023-11-01,2023-11-05,livrée,Lebon
11206,11206,2019-06-21,2019-06-25,en cours,Hoareau
11207,11207,2025-11-27,2025-11-29,en attente,Bonnet
11208,11208,2022-05-27,2022-06-02,en cours,Fabre
11209,11209,2020-08-16,2020-08-21,livrée,Couturier
11210,11210,2021-02-05,2021-02-12,en cours,Thibault
11211,11211,2020-12-26,2020-12-31,livrée,Rousset
11212,11212,2020-12-26,2020-12-29,en cours,Blanchet
11213,11213,2019-03-04,2019-03-10,livrée,Collet
11214,11214,2021-09-18,2021-09-22,en attente,Alexandre
11215,11215,2023-08-30,2023-09-02,en cours,Blanchet Barthelemy S.A.
11216,11216,2020-02-18,2020-02-25,livrée,Lacroix
11217,11217,2019-08-12,2019-08-15,en attente,Rocher
11218,11218,2024-03-20,2024-03-26,livrée,Pottier Bouchet SARL
11219,11219,2024-08-09,2024-08-16,en attente,Blanchard
11220,11220,2022-08-13,2022-08-17,livrée,Delattre Baudry et Fils
11221,11221,2023-08-08,2023-08-12,en cours,Dupuy
11222,11222,2020-03-14,2020-03-19,en cours,Regnier Lejeune S.A.R.L.
11223,11223,2022-08-19,2022-08-22,en attente,Mahe
11224,11224,2023-08-07,2023-08-14,en attente,Lebreton
11225,11225,2021-10-04,2021-10-11,en attente,Lebon
11226,11226,2020-03-11,2020-03-17,livrée,Lamy S.A.
11227,11227,2024-07-22,2024-07-25,en attente,Costa SARL
11228,11228,2022-08-15,2022-08-19,livrée,Bodin
11229,11229,2023-02-28,2023-03-05,en cours,Le Goff S.A.S.
11230,11230,2024-11-29,2024-12-06,livrée,Dupuis
11231,11231,2024-01-21,2024-01-23,en attente,Weber Schneider et Fils
11232,11232,2021-03-01,2021-03-08,en cours,Pinto S.A.S.
11233,11233,2019-05-01,2019-05-04,en cours,Dufour
11234,11234,2021-07-15,2021-07-20,en attente,Thibault SARL
11235,11235,2021-12-04,2021-12-11,livrée,Maillot
11236,11236,2019-06-16,2019-06-20,livrée,Brunet
11237,11237,2025-06-01,2025-06-03,livrée,Chevalier
11238,11238,2019-05-25,2019-05-28,en cours,Merle Gillet SARL
11239,11239,2025-05-02,2025-05-04,en cours,Salmon
11240,11240,2023-06-06,2023-06-13,en attente,Godard Grenier SA
11241,11241,2024-07-31,2024-08-07,livrée,François
11242,11242,2025-12-01,2025-12-05,en cours,Pasquier Coulon et Fils
11243,11243,2023-05-26,2023-05-27,en attente,Bertin
11244,11244,2023-12-14,2023-12-20,en cours,Blin S.A.S.
11245,11245,2021-08-03,2021-08-04,en attente,Traore Tanguy SA
11246,11246,2024-01-16,2024-01-21,livrée,Pascal
11247,11247,2023-01-10,2023-01-11,en attente,Poulain
11248,11248,2024-09-03,2024-09-07,en attente,Pruvost
11249,11249,2021-12-03,2021-12-06,en attente,Gimenez S.A.
11250,11250,2021-01-28,2021-01-30,en attente,Blin
11251,11251,2023-01-10,2023-01-15,en attente,Duhamel Labbé S.A.R.L.
11252,11252,2021-07-03,2021-07-06,en attente,Da Costa
11253,11253,2025-02-01,2025-02-07,livrée,Riou SARL
11254,11254,2021-01-07,2021-01-12,livrée,Evrard Lagarde et Fils
11255,11255,2019-03-29,2019-04-01,livrée,Baron Gonzalez S.A.R.L.
11256,11256,2023-06-28,2023-07-01,en cours,Barbe SARL
11257,11257,2020-02-06,2020-02-12,en attente,Barre Berthelot S.A.S.
11258,11258,2020-02-20,2020-02-23,livrée,Chevalier Guilbert SA
11259,11259,2022-07-16,2022-07-22,en attente,Vallée
11260,11260,2019-09-27,2019-10-01,en cours,Lecomte
11261,11261,2023-06-12,2023-06-17,livrée,Hubert
11262,11262,2021-09-10,2021-09-17,en attente,Rousset
11263,11263,2019-11-20,2019-11-23,en attente,Garnier
11264,11264,2022-03-20,2022-03-23,en cours,Clerc
11265,11265,2022-09-25,2022-10-02,en cours,Henry Becker SA
11266,11266,2019-05-06,2019-05-09,en attente,Moreau Lesage S.A.S.
11267,11267,2023-05-29,2023-06-01,en attente,Leleu S.A.S.
11268,11268,2020-01-24,2020-01-30,livrée,Colas Lacombe SARL
11269,11269,2019-11-20,2019-11-27,livrée,Besson
11270,11270,2022-07-16,2022-07-22,en attente,Le Gall
11271,11271,2021-03-12,2021-03-19,en attente,Vincent
11272,11272,2020-05-11,2020-05-12,en attente,Ferreira
11273,11273,2023-06-13,2023-06-18,en cours,Perrier
11274,11274,2021-05-19,2021-05-26,en attente,Laroche
11275,11275,2021-04-06,2021-04-11,livrée,Mathieu Lefèvre SA
11276,11276,2023-06-02,2023-06-09,livrée,Giraud
11277,11277,2019-07-19,2019-07-20,livrée,Guichard
11278,11278,2021-04-29,2021-05-01,livrée,Guibert
11279,11279,2021-10-10,2021-10-15,en attente,Legrand
11280,11280,2022-02-06,2022-02-10,en cours,Fleury Jacquot SARL
11281,11281,2019-03-20,2019-03-25,en attente,Guyon S.A.R.L.
11282,11282,2024-06-13,2024-06-14,livrée,Deschamps
11283,11283,2025-06-04,2025-06-11,en attente,Bruneau Pasquier et Fils
11284,11284,2025-01-11,2025-01-16,en attente,Raymond
11285,11285,2023-12-03,2023-12-09,livrée,Buisson
11286,11286,2021-05-29,2021-06-02,en attente,Dupont S.A.R.L.
11287,11287,2020-11-24,2020-11-30,en cours,Rey Joly SARL
11288,11288,2019-11-08,2019-11-10,en cours,Barthelemy S.A.R.L.
11289,11289,2021-05-31,2021-06-06,livrée,Leclerc et Fils
11290,11290,2019-03-19,2019-03-21,en attente,Paris S.A.S.
11291,11291,2021-07-26,2021-07-27,en cours,Renaud Thibault S.A.R.L.
11292,11292,2023-10-29,2023-10-30,en cours,Maillet Michel SARL
11293,11293,2020-06-10,2020-06-14,en cours,Collet
11294,11294,2023-10-04,2023-10-10,en cours,Lesage et Fils
11295,11295,2019-04-03,2019-04-06,en cours,Allain Bouvet SA
11296,11296,2022-12-29,2023-01-04,en cours,Martins et Fils
11297,11297,2020-07-15,2020-07-18,en attente,Charpentier
11298,11298,2019-03-31,2019-04-06,en cours,Simon
11299,11299,2023-11-29,2023-12-06,en attente,Menard
11300,11300,2021-02-26,2021-02-27,livrée,Buisson
11301,11301,2022-05-22,2022-05-29,en attente,Daniel
11302,11302,2020-10-22,2020-10-26,en cours,Delattre et Fils
11303,11303,2025-04-01,2025-04-05,livrée,Lebon SARL
11304,11304,2023-09-09,2023-09-13,en cours,Guyon Guibert SA
11305,11305,2021-08-02,2021-08-05,livrée,Durand
11306,11306,2019-08-17,2019-08-19,livrée,Gautier
11307,11307,2023-12-19,2023-12-25,livrée,Julien
11308,11308,2023-06-03,2023-06-09,en cours,Delmas Clerc et Fils
11309,11309,2024-08-30,2024-09-04,en cours,Guilbert S.A.R.L.
11310,11310,2021-02-12,2021-02-16,livrée,Dubois
11311,11311,2022-01-16,2022-01-17,en attente,Renaud S.A.S.
11312,11312,2024-06-01,2024-06-06,en attente,Carre Léger SA
11313,11313,2025-07-13,2025-07-18,en cours,Gonzalez Rossi S.A.
11314,11314,2022-07-11,2022-07-12,en cours,Navarro
11315,11315,2020-08-02,2020-08-09,livrée,Riou
11316,11316,2020-02-18,2020-02-21,en cours,Roche
11317,11317,2022-01-13,2022-01-18,livrée,Pruvost S.A.S.
11318,11318,2020-05-27,2020-06-02,en attente,Garnier et Fils
11319,11319,2021-05-16,2021-05-21,livrée,Auger
11320,11320,2021-03-20,2021-03-24,en cours,Fischer
11321,11321,2022-02-04,2022-02-06,en attente,Bègue
11322,11322,2024-07-01,2024-07-03,livrée,Le Roux et Fils
11323,11323,2020-04-15,2020-04-17,en cours,Ribeiro Regnier SA
11324,11324,2022-07-23,2022-07-28,en attente,Thibault
11325,11325,2025-01-20,2025-01-27,en cours,Perret
11326,11326,2019-02-04,2019-02-08,en attente,Fabre SARL
11327,11327,2024-01-23,2024-01-30,en attente,Barre
11328,11328,2023-09-13,2023-09-16,livrée,Ramos Guichard S.A.R.L.
11329,11329,2023-03-20,2023-03-25,livrée,Charpentier Martel SARL
11330,11330,2023-05-02,2023-05-03,en cours,Durand SA
11331,11331,2023-07-15,2023-07-20,en attente,Bonnin SARL
11332,11332,2024-03-23,2024-03-29,en cours,Dias
11333,11333,2022-09-28,2022-09-29,livrée,Étienne
11334,11334,2020-01-18,2020-01-25,livrée,Leconte
11335,11335,2025-11-19,2025-11-24,en attente,Hernandez
11336,11336,2024-03-31,2024-04-05,en cours,Ramos SARL
11337,11337,2025-05-06,2025-05-13,livrée,Delannoy Normand S.A.R.L.
11338,11338,2025-10-15,2025-10-21,en attente,Pelletier
11339,11339,2020-03-03,2020-03-05,en attente,Reynaud
11340,11340,2025-01-12,2025-01-16,en attente,Sanchez Lemoine S.A.
11341,11341,2021-08-14,2021-08-20,livrée,Raynaud Robin S.A.R.L.
11342,11342,2019-08-10,2019-08-14,en attente,Berthelot SA
11343,11343,2020-12-27,2020-12-28,en attente,Seguin Diaz S.A.R.L.
11344,11344,2025-09-30,2025-10-01,livrée,Courtois Charrier SA
11345,11345,2023-06-16,2023-06-17,livrée,Leroy SA
11346,11346,2025-06-15,2025-06-22,livrée,Salmon
11347,11347,2019-01-25,2019-01-31,livrée,Fouquet Léger S.A.S.
11348,11348,2024-03-29,2024-04-03,en attente,Caron et Fils
11349,11349,2024-09-22,2024-09-28,livrée,Lefebvre
11350,11350,2024-10-03,2024-10-04,en cours,Guillaume Pelletier et Fils
11351,11351,2021-12-02,2021-12-04,en cours,Morin
11352,11352,2022-11-23,2022-11-24,livrée,Marion S.A.R.L.
11353,11353,2019-12-18,2019-12-23,en cours,Mallet
11354,11354,2021-06-30,2021-07-07,livrée,Moreno S.A.R.L.
11355,11355,2024-07-21,2024-07-24,en attente,Laporte Le Goff S.A.R.L.
11356,11356,2024-11-01,2024-11-02,livrée,Costa Camus SARL
11357,11357,2020-07-21,2020-07-27,livrée,Bertin
11358,11358,2025-02-10,2025-02-15,en attente,Collin
11359,11359,2020-05-26,2020-06-02,en cours,Poulain
11360,11360,2025-03-08,2025-03-15,en attente,Raynaud S.A.
11361,11361,2022-01-19,2022-01-26,livrée,Traore Moreau S.A.
11362,11362,2019-06-08,2019-06-11,livrée,Guillot SA
11363,11363,2021-09-18,2021-09-22,en cours,Letellier
11364,11364,2019-03-02,2019-03-08,livrée,Barre
11365,11365,2022-03-23,2022-03-28,livrée,Mary
11366,11366,2021-10-31,2021-11-05,en attente,Besnard
11367,11367,2023-03-12,2023-03-18,en attente,Robert S.A.R.L.
11368,11368,2024-01-13,2024-01-19,en attente,Bonnet
11369,11369,2022-05-07,2022-05-11,en attente,Guilbert et Fils
11370,11370,2022-08-27,2022-08-30,livrée,Bailly
11371,11371,2025-01-18,2025-01-20,en attente,Vaillant S.A.R.L.
11372,11372,2019-06-26,2019-07-03,livrée,Lacroix
11373,11373,2020-12-03,2020-12-09,en cours,Schmitt et Fils
11374,11374,2023-10-25,2023-10-27,en attente,Schneider S.A.S.
11375,11375,2019-09-19,2019-09-21,en cours,Robin
11376,11376,2020-10-17,2020-10-19,livrée,Delahaye
11377,11377,2019-03-01,2019-03-02,en attente,Baudry SARL
11378,11378,2022-12-03,2022-12-04,en cours,Imbert
11379,11379,2019-11-08,2019-11-09,livrée,Lesage
11380,11380,2023-09-03,2023-09-09,livrée,Jourdan Georges S.A.S.
11381,11381,2020-07-23,2020-07-29,livrée,Brunel Fleury S.A.
11382,11382,2020-01-02,2020-01-08,en cours,Roger
11383,11383,2024-02-21,2024-02-24,en attente,Fernandes
11384,11384,2019-03-11,2019-03-18,en attente,Mendès
11385,11385,2020-06-05,2020-06-10,en cours,Gaudin
11386,11386,2022-06-26,2022-07-03,en cours,Devaux SA
11387,11387,2025-02-26,2025-03-01,en attente,Bourgeois
11388,11388,2020-06-29,2020-07-04,livrée,Hoarau
11389,11389,2022-05-20,2022-05-21,en cours,Gimenez Blot S.A.
11390,11390,2024-05-18,2024-05-19,en attente,Salmon Maillard SARL
11391,11391,2019-03-26,2019-03-28,livrée,Muller S.A.S.
11392,11392,2024-06-26,2024-07-03,en attente,Perrier De Oliveira SARL
11393,11393,2022-11-15,2022-11-17,en cours,Dias S.A.
11394,11394,2022-07-12,2022-07-18,en cours,Meyer S.A.
11395,11395,2019-03-26,2019-04-01,en attente,Daniel
11396,11396,2022-12-24,2022-12-28,en cours,Carre
11397,11397,2023-03-22,2023-03-29,en cours,Duhamel Hoareau SARL
11398,11398,2025-04-15,2025-04-20,livrée,Vincent
11399,11399,2025-12-18,2025-12-20,en cours,Lelièvre Da Silva S.A.
11400,11400,2020-06-30,2020-07-07,en attente,Bernier S.A.
11401,11401,2019-04-09,2019-04-10,en attente,Peron Lombard S.A.R.L.
11402,11402,2025-06-15,2025-06-21,livrée,Dos Santos Gomes S.A.
11403,11403,2024-10-06,2024-10-07,livrée,Lefèvre Lefort S.A.S.
11404,11404,2022-08-24,2022-08-28,livrée,Muller
11405,11405,2019-05-08,2019-05-14,en cours,Rodrigues
11406,11406,2021-03-16,2021-03-17,en attente,Gérard
11407,11407,2022-09-28,2022-10-04,en attente,Brunet SA
11408,11408,2021-01-12,2021-01-17,livrée,Gauthier
11409,11409,2020-12-07,2020-12-11,livrée,Rolland Guillon S.A.R.L.
11410,11410,2022-05-12,2022-05-15,en cours,Besson
11411,11411,2022-02-20,2022-02-22,en cours,Hoareau
11412,11412,2019-01-27,2019-02-02,livrée,De Sousa
11413,11413,2020-12-16,2020-12-20,en attente,Martin S.A.
11414,11414,2019-10-21,2019-10-24,en cours,Marty et Fils
11415,11415,2024-07-15,2024-07-17,en cours,Le Gall S.A.S.
11416,11416,2023-09-08,2023-09-12,en attente,Laine Nicolas S.A.
11417,11417,2025-09-05,2025-09-11,en attente,Vincent Vasseur S.A.S.
11418,11418,2022-03-19,2022-03-21,en attente,Jacquot
11419,11419,2020-09-05,2020-09-09,livrée,Becker et Fils
11420,11420,2023-11-03,2023-11-05,livrée,Brunel
11421,11421,2023-09-26,2023-10-01,en attente,Grégoire
11422,11422,2020-03-28,2020-04-03,en attente,Guillou SARL
11423,11423,2023-10-21,2023-10-22,en attente,Gaudin
11424,11424,2022-06-15,2022-06-21,en attente,Gillet
11425,11425,2021-03-30,2021-03-31,en cours,Martel Morvan S.A.R.L.
11426,11426,2025-07-11,2025-07-16,en attente,Fabre Foucher et Fils
11427,11427,2022-06-08,2022-06-15,en cours,Renault Da Silva et Fils
11428,11428,2025-06-01,2025-06-08,en cours,David S.A.
11429,11429,2019-07-03,2019-07-09,livrée,Masson
11430,11430,2020-11-16,2020-11-20,en cours,Courtois
11431,11431,2022-05-25,2022-05-31,livrée,Ramos S.A.
11432,11432,2025-01-22,2025-01-25,en cours,Denis
11433,11433,2023-03-13,2023-03-20,livrée,Collet
11434,11434,2022-07-27,2022-08-02,en cours,Evrard
11435,11435,2019-06-01,2019-06-06,en attente,Pichon Colas SA
11436,11436,2023-02-03,2023-02-10,livrée,Lambert
11437,11437,2019-10-02,2019-10-05,en attente,Fleury
11438,11438,2022-04-13,2022-04-20,en cours,Techer Faivre SARL
11439,11439,2022-09-27,2022-10-02,en cours,Albert SA
11440,11440,2022-12-03,2022-12-09,en cours,Ferrand
11441,11441,2025-05-23,2025-05-24,en cours,Bouvet Traore SARL
11442,11442,2019-07-20,2019-07-25,livrée,Girard
11443,11443,2024-02-15,2024-02-21,livrée,Berthelot
11444,11444,2024-05-23,2024-05-27,livrée,Didier Pires SARL
11445,11445,2024-05-24,2024-05-27,en cours,Pires S.A.S.
11446,11446,2020-08-28,2020-09-02,en attente,Leduc S.A.
11447,11447,2022-09-29,2022-10-01,en cours,Coulon S.A.S.
11448,11448,2019-08-08,2019-08-09,en cours,Renard et Fils
11449,11449,2025-06-15,2025-06-21,en attente,Besnard Leblanc et Fils
11450,11450,2022-10-22,2022-10-29,livrée,Vallée Lacroix S.A.R.L.
11451,11451,2021-07-08,2021-07-15,livrée,Arnaud
11452,11452,2023-09-27,2023-09-28,en attente,Dufour
11453,11453,2023-02-16,2023-02-17,en attente,Lévêque
11454,11454,2022-08-19,2022-08-23,en cours,Renard Guibert SA
11455,11455,2019-03-14,2019-03-18,livrée,Barthelemy
11456,11456,2019-03-15,2019-03-17,en attente,Vidal
11457,11457,2020-04-23,2020-04-28,en attente,Pichon Léger S.A.
11458,11458,2024-12-28,2024-12-30,en attente,Raymond
11459,11459,2024-09-25,2024-09-27,en cours,Torres
11460,11460,2025-04-30,2025-05-07,en attente,Rodriguez Blanc et Fils
11461,11461,2024-10-30,2024-11-06,en attente,Grenier S.A.R.L.
11462,11462,2023-09-01,2023-09-03,en cours,Martinez S.A.S.
11463,11463,2020-05-18,2020-05-23,livrée,Roux
11464,11464,2024-06-27,2024-06-30,en attente,Alexandre et Fils
11465,11465,2025-05-03,2025-05-10,livrée,Barre et Fils
11466,11466,2024-04-19,2024-04-21,en attente,Meyer
11467,11467,2022-12-25,2022-12-30,en attente,Giraud Bouchet SARL
11468,11468,2025-11-22,2025-11-28,en attente,Vasseur Bazin SARL
11469,11469,2020-02-03,2020-02-09,en attente,Blanc Merle et Fils
11470,11470,2020-05-03,2020-05-10,en cours,Pichon
11471,11471,2024-09-22,2024-09-29,livrée,Boutin
11472,11472,2020-04-08,2020-04-14,livrée,Georges S.A.
11473,11473,2019-02-20,2019-02-24,en cours,Pons Chevalier S.A.S.
11474,11474,2025-02-08,2025-02-11,livrée,Roux et Fils
11475,11475,2019-04-07,2019-04-08,en cours,Maury S.A.S.
11476,11476,2019-08-24,2019-08-31,en cours,Leroux
11477,11477,2022-07-05,2022-07-08,en cours,Bailly
11478,11478,2021-02-07,2021-02-10,livrée,Rolland SARL
11479,11479,2019-08-24,2019-08-29,livrée,Barthelemy Bertrand S.A.
11480,11480,2021-10-23,2021-10-28,en cours,Petitjean S.A.R.L.
11481,11481,2021-04-28,2021-05-03,livrée,Guyon SA
11482,11482,2023-10-29,2023-11-02,en attente,Breton Noël SARL
11483,11483,2021-06-17,2021-06-20,en cours,Gérard
11484,11484,2022-02-12,2022-02-14,en attente,Marie S.A.S.
11485,11485,2022-10-17,2022-10-24,en cours,Briand
11486,11486,2023-05-31,2023-06-01,livrée,Girard et Fils
11487,11487,2025-06-09,2025-06-16,en attente,Perrot S.A.S.
11488,11488,2024-03-09,2024-03-14,livrée,Joseph S.A.
11489,11489,2024-12-05,2024-12-10,livrée,Rodriguez Dupuis SA
11490,11490,2024-11-06,2024-11-13,en cours,Dumont et Fils
11491,11491,2020-12-28,2020-12-30,livrée,Hernandez
11492,11492,2024-09-18,2024-09-23,en cours,Grégoire
11493,11493,2019-03-07,2019-03-12,en cours,Vasseur Thierry S.A.S.
11494,11494,2024-07-20,2024-07-25,en cours,Allard Joubert S.A.R.L.
11495,11495,2024-07-26,2024-07-28,en attente,Hervé Barbier S.A.S.
11496,11496,2019-10-09,2019-10-10,en attente,Breton Perrot S.A.R.L.
11497,11497,2022-12-15,2022-12-21,en attente,Clément
11498,11498,2025-08-09,2025-08-12,livrée,Samson
11499,11499,2022-12-15,2022-12-20,en attente,Pereira SA
11500,11500,2019-10-24,2019-10-31,livrée,Bonneau
11501,11501,2021-04-12,2021-04-18,en attente,Payet S.A.R.L.
11502,11502,2025-06-01,2025-06-08,en cours,Rocher
11503,11503,2023-02-14,2023-02-16,en attente,Rossi SARL
11504,11504,2020-10-06,2020-10-10,livrée,Bouchet
11505,11505,2023-05-12,2023-05-15,en cours,Duval
11506,11506,2023-04-25,2023-05-02,livrée,Lévy Giraud S.A.
11507,11507,2020-02-16,2020-02-21,en attente,Ruiz
11508,11508,2022-12-14,2022-12-18,en attente,Barthelemy et Fils
11509,11509,2019-03-23,2019-03-30,livrée,Guillou
11510,11510,2021-10-16,2021-10-23,en attente,Pinto SA
11511,11511,2024-10-21,2024-10-27,en attente,Roger S.A.R.L.
11512,11512,2025-06-15,2025-06-16,en cours,Dufour Mercier S.A.
11513,11513,2024-03-31,2024-04-02,en attente,Ollivier S.A.R.L.
11514,11514,2022-03-22,2022-03-29,en attente,Hamon
11515,11515,2022-09-08,2022-09-11,livrée,Richard SA
11516,11516,2024-02-07,2024-02-08,livrée,Gros
11517,11517,2024-08-04,2024-08-09,en cours,Diallo Lopes S.A.
11518,11518,2021-03-18,2021-03-24,en attente,Devaux
11519,11519,2019-01-04,2019-01-06,livrée,Mendès S.A.R.L.
11520,11520,2024-11-12,2024-11-13,en cours,Perrin
11521,11521,2025-04-18,2025-04-23,livrée,Jourdan
11522,11522,2020-01-22,2020-01-24,livrée,Ribeiro
11523,11523,2022-06-08,2022-06-11,livrée,Bonneau
11524,11524,2024-02-16,2024-02-23,livrée,Michaud
11525,11525,2020-07-29,2020-08-04,en cours,Mahe
11526,11526,2025-06-10,2025-06-17,en attente,Masson
11527,11527,2019-01-21,2019-01-22,livrée,Gay
11528,11528,2024-10-16,2024-10-23,en cours,Barthelemy
11529,11529,2020-03-06,2020-03-11,en attente,Michaud
11530,11530,2020-04-16,2020-04-17,en cours,Pires SARL
11531,11531,2022-11-13,2022-11-14,en cours,De Sousa S.A.R.L.
11532,11532,2024-09-15,2024-09-18,en cours,Chauvin et Fils
11533,11533,2022-07-12,2022-07-13,livrée,Vallet et Fils
11534,11534,2024-03-07,2024-03-12,livrée,Charpentier Lebon SARL
11535,11535,2024-12-09,2024-12-16,en attente,Voisin SARL
11536,11536,2025-01-07,2025-01-09,livrée,Payet S.A.
11537,11537,2019-11-23,2019-11-24,en attente,Gros Michel SARL
11538,11538,2023-05-08,2023-05-14,en attente,Neveu
11539,11539,2021-12-01,2021-12-07,en cours,Roger
11540,11540,2020-12-01,2020-12-05,en cours,Benoit Garcia S.A.
11541,11541,2025-02-04,2025-02-08,en cours,Sauvage
11542,11542,2024-11-22,2024-11-27,livrée,Devaux Turpin SA
11543,11543,2025-10-14,2025-10-20,en cours,Foucher
11544,11544,2020-04-14,2020-04-21,en cours,Brunel S.A.S.
11545,11545,2025-04-26,2025-04-29,en cours,Monnier
11546,11546,2025-12-10,2025-12-15,en attente,Devaux Navarro et Fils
11547,11547,2022-12-02,2022-12-06,en cours,Pires
11548,11548,2022-12-13,2022-12-20,livrée,Bodin
11549,11549,2023-10-02,2023-10-06,livrée,Jacob Verdier S.A.S.
11550,11550,2019-02-11,2019-02-13,en cours,Charrier S.A.
11551,11551,2023-07-01,2023-07-05,en cours,Marques
11552,11552,2025-04-25,2025-04-28,livrée,Delorme Guérin S.A.
11553,11553,2024-05-20,2024-05-22,en cours,Menard S.A.S.
11554,11554,2023-04-30,2023-05-04,livrée,Auger S.A.
11555,11555,2020-01-02,2020-01-07,en cours,Da Costa et Fils
11556,11556,2023-05-02,2023-05-06,en attente,Gauthier S.A.
11557,11557,2023-02-21,2023-02-25,en attente,Pages Legrand et Fils
11558,11558,2019-10-27,2019-11-01,livrée,Maillet S.A.
11559,11559,2025-04-20,2025-04-22,en attente,Moreno S.A.S.
11560,11560,2019-04-12,2019-04-13,livrée,Gillet
11561,11561,2025-01-20,2025-01-25,en attente,Mary
11562,11562,2022-03-28,2022-03-29,en cours,Duhamel S.A.R.L.
11563,11563,2020-10-15,2020-10-17,en cours,Goncalves Marques S.A.
11564,11564,2019-03-07,2019-03-10,livrée,Collin
11565,11565,2025-01-17,2025-01-19,en cours,Poulain Wagner SA
11566,11566,2025-02-22,2025-02-24,en cours,Perrot
11567,11567,2020-08-08,2020-08-12,livrée,Klein
11568,11568,2023-11-15,2023-11-16,en cours,Rodriguez SA
11569,11569,2021-01-09,2021-01-13,en attente,Gimenez
11570,11570,2025-04-04,2025-04-09,livrée,Paul
11571,11571,2025-12-29,2026-01-01,livrée,David SA
11572,11572,2019-11-21,2019-11-22,en attente,Lefort
11573,11573,2021-09-13,2021-09-18,en attente,Imbert
11574,11574,2025-02-19,2025-02-24,livrée,Lucas SA
11575,11575,2021-02-09,2021-02-13,en cours,Turpin
11576,11576,2025-03-05,2025-03-12,livrée,Roux
11577,11577,2022-11-24,2022-11-30,en cours,Pierre
11578,11578,2024-03-01,2024-03-07,en cours,Boulanger SARL
11579,11579,2024-12-30,2025-01-01,en attente,Colas Duval S.A.S.
11580,11580,2021-03-12,2021-03-15,en cours,Perret Marques SA
11581,11581,2020-08-25,2020-09-01,en attente,Pruvost Fernandez S.A.
11582,11582,2023-09-17,2023-09-24,livrée,Torres S.A.R.L.
11583,11583,2021-01-11,2021-01-13,en cours,Lévy
11584,11584,2019-11-12,2019-11-19,en cours,Rousset
11585,11585,2019-11-19,2019-11-20,en cours,Chauveau SARL
11586,11586,2025-05-25,2025-05-27,en cours,Gautier
11587,11587,2023-07-19,2023-07-23,en cours,Humbert
11588,11588,2021-07-22,2021-07-25,livrée,Martin
11589,11589,2025-01-14,2025-01-18,en attente,Guyon SA
11590,11590,2024-07-06,2024-07-11,en attente,Dupuy Blondel S.A.R.L.
11591,11591,2021-11-05,2021-11-09,en attente,Clerc Lemaître S.A.
11592,11592,2025-10-29,2025-10-31,en cours,Meyer Denis SARL
11593,11593,2025-04-19,2025-04-26,en attente,Goncalves Leclercq S.A.R.L.
11594,11594,2025-10-26,2025-11-02,en cours,De Sousa Descamps SARL
11595,11595,2019-08-12,2019-08-13,en attente,Lelièvre Letellier S.A.
11596,11596,2022-07-13,2022-07-14,livrée,Letellier SA
11597,11597,2020-07-08,2020-07-13,livrée,Dupont
11598,11598,2020-09-14,2020-09-18,en attente,Raymond
11599,11599,2019-06-07,2019-06-10,en attente,Lambert
11600,11600,2022-12-04,2022-12-10,livrée,Poulain SARL
11601,11601,2023-06-02,2023-06-09,livrée,Hardy Bouvier S.A.S.
11602,11602,2022-01-06,2022-01-12,en cours,Turpin
11603,11603,2024-10-01,2024-10-02,en cours,Navarro SA
11604,11604,2023-11-19,2023-11-21,en cours,Simon et Fils
11605,11605,2025-02-02,2025-02-06,en cours,Barre
11606,11606,2025-03-20,2025-03-22,livrée,Alexandre
11607,11607,2023-02-28,2023-03-02,en cours,Laporte
11608,11608,2025-12-15,2025-12-16,livrée,Andre
11609,11609,2023-08-26,2023-09-01,en attente,Langlois
11610,11610,2024-09-22,2024-09-28,en cours,Philippe
11611,11611,2020-03-25,2020-03-30,livrée,Toussaint SARL
11612,11612,2019-09-19,2019-09-23,en attente,Rossi et Fils
11613,11613,2019-05-13,2019-05-14,en cours,Lombard Gillet S.A.R.L.
11614,11614,2021-12-29,2022-01-04,en attente,Lejeune Regnier S.A.
11615,11615,2020-08-07,2020-08-13,en cours,Lemonnier S.A.R.L.
11616,11616,2023-11-21,2023-11-25,en attente,Devaux
11617,11617,2025-06-27,2025-06-30,en attente,Samson
11618,11618,2022-11-28,2022-12-04,en cours,Rodriguez SARL
11619,11619,2021-01-21,2021-01-26,en cours,Carlier Blanc et Fils
11620,11620,2020-08-05,2020-08-10,livrée,Valette
11621,11621,2025-02-01,2025-02-07,en attente,Perrot
11622,11622,2020-10-12,2020-10-15,en cours,Hoarau S.A.
11623,11623,2020-05-17,2020-05-20,en cours,Martineau
11624,11624,2025-03-01,2025-03-08,en cours,Fischer SA
11625,11625,2019-05-27,2019-05-30,livrée,Charrier
11626,11626,2021-09-12,2021-09-13,en cours,Courtois Jacob SARL
11627,11627,2022-01-16,2022-01-21,en attente,Chrétien et Fils
11628,11628,2024-11-24,2024-11-29,livrée,Germain SA
11629,11629,2020-10-10,2020-10-13,en attente,Chauveau
11630,11630,2024-02-08,2024-02-09,en cours,Peltier Ferreira S.A.
11631,11631,2023-04-22,2023-04-26,en cours,Robert
11632,11632,2022-06-02,2022-06-08,en attente,Hardy SARL
11633,11633,2024-09-18,2024-09-20,livrée,Pruvost
11634,11634,2023-02-14,2023-02-17,livrée,Dupuis Boyer S.A.R.L.
11635,11635,2020-02-17,2020-02-21,en attente,Rémy Laporte S.A.R.L.
11636,11636,2020-02-26,2020-03-01,en attente,Buisson
11637,11637,2023-06-01,2023-06-04,livrée,Voisin Ruiz SARL
11638,11638,2020-09-15,2020-09-19,en attente,Gonzalez SA
11639,11639,2022-01-22,2022-01-25,livrée,Neveu SA
11640,11640,2025-12-12,2025-12-15,livrée,Leroux
11641,11641,2023-06-10,2023-06-15,en cours,Faure
11642,11642,2022-06-05,2022-06-10,en attente,Blanchard
11643,11643,2022-11-10,2022-11-11,en attente,Jacques
11644,11644,2023-03-07,2023-03-13,livrée,Schneider
11645,11645,2023-05-22,2023-05-26,en cours,Benard Pages SA
11646,11646,2020-09-02,2020-09-09,en cours,Blanchet Lopes S.A.R.L.
11647,11647,2022-10-27,2022-11-03,en cours,Alves Moreau S.A.R.L.
11648,11648,2024-08-03,2024-08-09,en cours,Tanguy Bègue S.A.R.L.
11649,11649,2020-10-11,2020-10-14,livrée,Bourdon
11650,11650,2024-02-15,2024-02-16,en cours,Collin
11651,11651,2019-04-11,2019-04-13,livrée,Fabre
11652,11652,2023-01-08,2023-01-09,en cours,Simon
11653,11653,2021-12-13,2021-12-17,en attente,Ledoux
11654,11654,2025-11-04,2025-11-09,livrée,Charpentier
11655,11655,2024-05-31,2024-06-02,en cours,Blot Morvan et Fils
11656,11656,2023-01-15,2023-01-20,livrée,Dubois Grégoire et Fils
11657,11657,2022-08-13,2022-08-17,livrée,Aubry Perrot et Fils
11658,11658,2025-06-16,2025-06-17,en cours,Jacques
11659,11659,2024-05-07,2024-05-09,livrée,Hamel SA
11660,11660,2023-06-16,2023-06-18,en cours,Barbier Alexandre S.A.
11661,11661,2023-04-17,2023-04-21,en attente,Pascal
11662,11662,2025-08-11,2025-08-18,en attente,Letellier Boucher S.A.S.
11663,11663,2025-12-06,2025-12-07,en cours,Dumas
11664,11664,2024-12-07,2024-12-10,livrée,Lagarde
11665,11665,2021-11-21,2021-11-23,en cours,Delannoy
11666,11666,2023-06-26,2023-06-29,livrée,Lagarde
11667,11667,2024-09-23,2024-09-26,livrée,Gérard Hebert SA
11668,11668,2025-01-07,2025-01-13,livrée,Leleu
11669,11669,2020-05-04,2020-05-05,en attente,Maillard
11670,11670,2022-11-16,2022-11-21,livrée,Lemoine
11671,11671,2023-03-14,2023-03-15,livrée,Brun et Fils
11672,11672,2019-02-13,2019-02-20,en cours,Marchal Lebon S.A.
11673,11673,2023-05-01,2023-05-02,en cours,Hernandez S.A.S.
11674,11674,2023-11-11,2023-11-17,livrée,Guillet S.A.R.L.
11675,11675,2023-04-15,2023-04-20,livrée,Langlois et Fils
11676,11676,2025-09-03,2025-09-08,en cours,Lelièvre
11677,11677,2022-08-07,2022-08-09,livrée,Laurent
11678,11678,2021-07-17,2021-07-21,en cours,Camus S.A.S.
11679,11679,2019-11-02,2019-11-08,en cours,Martel
11680,11680,2020-05-14,2020-05-17,en cours,Teixeira SA
11681,11681,2024-04-15,2024-04-20,livrée,Peron
11682,11682,2021-09-20,2021-09-23,livrée,Guichard Rousseau et Fils
11683,11683,2021-04-16,2021-04-19,en attente,Barre Delorme S.A.S.
11684,11684,2021-04-16,2021-04-22,livrée,Deschamps S.A.S.
11685,11685,2025-08-05,2025-08-06,en attente,Peron
11686,11686,2021-07-25,2021-07-27,en cours,Clément
11687,11687,2025-11-28,2025-12-01,en cours,Gérard et Fils
11688,11688,2022-12-09,2022-12-10,en cours,Dijoux
11689,11689,2020-03-02,2020-03-08,en attente,Pereira
11690,11690,2020-06-10,2020-06-17,en attente,Reynaud Chauveau et Fils
11691,11691,2025-04-20,2025-04-21,en cours,Toussaint S.A.R.L.
11692,11692,2019-11-09,2019-11-12,en attente,Turpin
11693,11693,2021-08-23,2021-08-25,en attente,Bourdon
11694,11694,2025-09-14,2025-09-19,en attente,Sanchez SARL
11695,11695,2025-12-20,2025-12-27,en attente,Valette
11696,11696,2022-10-26,2022-10-31,en cours,Torres SARL
11697,11697,2021-07-27,2021-08-02,en attente,Wagner Guillet S.A.
11698,11698,2023-10-23,2023-10-30,en attente,Clément
11699,11699,2023-11-27,2023-11-28,en cours,Lenoir Hebert S.A.S.
11700,11700,2019-03-27,2019-03-28,en attente,Albert
11701,11701,2020-02-29,2020-03-01,en cours,Huet
11702,11702,2024-12-24,2024-12-25,livrée,Rodrigues Lejeune et Fils
11703,11703,2024-07-13,2024-07-15,en cours,Da Silva
11704,11704,2024-10-29,2024-11-05,livrée,Millet Renault S.A.
11705,11705,2021-12-26,2021-12-30,livrée,Hubert
11706,11706,2022-05-22,2022-05-29,en attente,Hamel Rolland SA
11707,11707,2022-11-09,2022-11-16,en attente,Delmas
11708,11708,2023-08-20,2023-08-25,en attente,Boulay
11709,11709,2022-02-28,2022-03-07,livrée,Diallo
11710,11710,2024-08-28,2024-08-30,livrée,Gautier
11711,11711,2021-08-26,2021-08-28,en attente,Dubois
11712,11712,2019-06-16,2019-06-21,en attente,Roger Masse S.A.
11713,11713,2024-01-23,2024-01-24,en cours,Aubry
11714,11714,2020-10-13,2020-10-19,en attente,Hamon S.A.R.L.
11715,11715,2025-07-15,2025-07-22,en cours,Joseph
11716,11716,2019-08-12,2019-08-16,livrée,Teixeira
11717,11717,2023-09-11,2023-09-13,en attente,Renault
11718,11718,2024-10-30,2024-11-05,en cours,Allard Roux S.A.
11719,11719,2019-11-02,2019-11-04,en attente,Legros Lejeune SA
11720,11720,2025-06-25,2025-06-26,en attente,Denis
11721,11721,2020-12-21,2020-12-22,en cours,Weiss SA
11722,11722,2021-08-09,2021-08-16,en cours,Lambert
11723,11723,2020-01-07,2020-01-09,en cours,Leleu
11724,11724,2021-02-08,2021-02-14,en cours,Pires S.A.S.
11725,11725,2019-02-28,2019-03-05,livrée,Toussaint
11726,11726,2025-05-08,2025-05-15,livrée,Tanguy S.A.R.L.
11727,11727,2023-05-25,2023-05-27,livrée,Michel
11728,11728,2020-03-15,2020-03-21,en attente,Maréchal et Fils
11729,11729,2023-07-31,2023-08-02,en cours,Torres
11730,11730,2021-12-19,2021-12-25,livrée,Roux
11731,11731,2021-12-23,2021-12-30,en cours,Girard SA
11732,11732,2020-10-14,2020-10-15,livrée,Hamon
11733,11733,2020-11-07,2020-11-14,en cours,Nicolas
11734,11734,2024-01-08,2024-01-09,en cours,Marchal S.A.R.L.
11735,11735,2021-02-05,2021-02-12,en attente,Le Gall et Fils
11736,11736,2024-07-07,2024-07-14,en cours,Bazin
11737,11737,2021-07-31,2021-08-01,en attente,Thierry SA
11738,11738,2019-02-23,2019-03-01,en attente,Blanchard Jacquet S.A.R.L.
11739,11739,2022-02-18,2022-02-24,en attente,Picard SARL
11740,11740,2020-04-10,2020-04-14,livrée,Cordier
11741,11741,2022-10-30,2022-11-06,en attente,Lemaire Normand et Fils
11742,11742,2024-11-20,2024-11-22,en attente,Coste
11743,11743,2025-10-02,2025-10-09,en attente,Aubert S.A.S.
11744,11744,2025-12-28,2025-12-29,en cours,Marty Dijoux et Fils
11745,11745,2023-08-16,2023-08-18,en cours,Fernandes
11746,11746,2022-09-17,2022-09-21,en cours,Laroche
11747,11747,2021-09-19,2021-09-22,livrée,Carpentier S.A.
11748,11748,2023-05-20,2023-05-26,en attente,Lacombe Jacob S.A.
11749,11749,2020-04-27,2020-04-28,en cours,Evrard Rolland SARL
11750,11750,2024-01-15,2024-01-18,livrée,Lamy Gérard S.A.S.
11751,11751,2025-06-26,2025-07-02,en attente,Rossi SARL
11752,11752,2019-07-26,2019-07-28,en attente,Chauvet Becker S.A.
11753,11753,2021-10-18,2021-10-19,livrée,Klein
11754,11754,2024-09-15,2024-09-20,en attente,Charpentier
11755,11755,2023-11-23,2023-11-25,en attente,Laurent Dias S.A.R.L.
11756,11756,2022-01-10,2022-01-14,en attente,Munoz
11757,11757,2019-05-11,2019-05-16,en cours,Leduc
11758,11758,2022-05-31,2022-06-05,en cours,Clerc
11759,11759,2023-05-05,2023-05-12,en cours,Lebrun
11760,11760,2022-04-24,2022-04-25,en attente,Dupuis Humbert S.A.R.L.
11761,11761,2020-05-06,2020-05-11,en cours,Delmas
11762,11762,2024-05-17,2024-05-23,en attente,Hubert Marin S.A.R.L.
11763,11763,2025-12-03,2025-12-05,en cours,Didier SA
11764,11764,2023-10-06,2023-10-07,en cours,Fernandez Potier S.A.S.
11765,11765,2020-06-20,2020-06-27,livrée,Ribeiro Costa SA
11766,11766,2019-03-12,2019-03-18,en cours,Paul
11767,11767,2019-12-03,2019-12-05,en attente,Chartier Delorme S.A.R.L.
11768,11768,2021-07-12,2021-07-17,en attente,Lecomte
11769,11769,2019-05-09,2019-05-13,en attente,Brunet Lefèvre S.A.S.
11770,11770,2019-04-09,2019-04-13,en cours,Thibault
11771,11771,2021-04-02,2021-04-04,livrée,Ramos SARL
11772,11772,2020-10-12,2020-10-18,en cours,Collet Mallet S.A.R.L.
11773,11773,2019-11-16,2019-11-21,en attente,Fleury
11774,11774,2025-07-06,2025-07-10,en cours,Baudry SA
11775,11775,2022-03-07,2022-03-10,livrée,Lecoq
11776,11776,2020-05-03,2020-05-08,en cours,Pascal
11777,11777,2022-04-30,2022-05-07,en attente,Girard Raymond S.A.S.
11778,11778,2020-09-25,2020-09-26,livrée,Blondel S.A.
11779,11779,2023-12-02,2023-12-08,en cours,Leduc
11780,11780,2020-09-13,2020-09-14,en cours,Joly
11781,11781,2022-07-21,2022-07-22,en attente,Fischer
11782,11782,2023-06-15,2023-06-22,en cours,Payet
11783,11783,2022-06-04,2022-06-07,en attente,Pons
11784,11784,2021-08-07,2021-08-12,en cours,Turpin
11785,11785,2025-02-08,2025-02-13,en cours,Lopez
11786,11786,2025-04-30,2025-05-04,en attente,Gauthier
11787,11787,2022-05-31,2022-06-04,en attente,Laine S.A.S.
11788,11788,2019-05-20,2019-05-24,en cours,Roussel Barre S.A.R.L.
11789,11789,2025-12-08,2025-12-13,livrée,Pruvost
11790,11790,2021-08-25,2021-08-29,en cours,Gauthier et Fils
11791,11791,2020-11-26,2020-11-27,en cours,Maillet
11792,11792,2021-08-08,2021-08-09,en attente,Robin S.A.
11793,11793,2019-09-02,2019-09-09,en attente,Fouquet
11794,11794,2021-04-02,2021-04-05,en cours,Martin
11795,11795,2022-02-09,2022-02-13,en attente,Rossi S.A.R.L.
11796,11796,2020-07-03,2020-07-05,en attente,Bernier Guyon SARL
11797,11797,2020-10-30,2020-11-04,en attente,Bruneau
11798,11798,2023-10-27,2023-11-03,livrée,Gimenez
11799,11799,2023-07-18,2023-07-19,livrée,Descamps Leblanc SARL
11800,11800,2023-05-12,2023-05-16,livrée,Marques SARL
11801,11801,2020-10-28,2020-11-01,en attente,Lopez
11802,11802,2021-06-12,2021-06-13,en attente,Meyer
11803,11803,2024-07-25,2024-08-01,en attente,Pascal Bouchet S.A.S.
11804,11804,2019-02-13,2019-02-16,en cours,Barbe Descamps S.A.R.L.
11805,11805,2022-04-21,2022-04-27,en cours,Lefebvre
11806,11806,2020-05-10,2020-05-14,en cours,Schmitt Lefort S.A.R.L.
11807,11807,2020-12-08,2020-12-14,en attente,Morvan S.A.R.L.
11808,11808,2019-03-21,2019-03-28,en attente,Ferreira Schneider S.A.
11809,11809,2021-03-04,2021-03-11,en cours,Delaunay et Fils
11810,11810,2024-08-22,2024-08-25,livrée,Ruiz
11811,11811,2021-02-15,2021-02-17,en cours,Guibert S.A.
11812,11812,2022-03-18,2022-03-19,livrée,Leroux SARL
11813,11813,2020-09-05,2020-09-10,livrée,Bertrand Brun et Fils
11814,11814,2020-03-01,2020-03-03,en attente,Legendre Perez et Fils
11815,11815,2023-06-12,2023-06-14,en attente,Peltier SA
11816,11816,2024-04-14,2024-04-17,en cours,Merle
11817,11817,2021-07-03,2021-07-08,en attente,Legrand
11818,11818,2021-02-16,2021-02-19,livrée,Rossi Techer S.A.R.L.
11819,11819,2024-05-13,2024-05-17,en cours,Hebert
11820,11820,2024-02-21,2024-02-28,livrée,Renard
11821,11821,2019-12-27,2020-01-01,en cours,Bodin
11822,11822,2025-07-15,2025-07-20,en attente,Ribeiro Clément S.A.R.L.
11823,11823,2025-02-12,2025-02-19,livrée,Sauvage Moreno SARL
11824,11824,2019-04-02,2019-04-06,livrée,Arnaud
11825,11825,2023-02-09,2023-02-15,livrée,Menard SARL
11826,11826,2025-01-22,2025-01-27,en attente,Hernandez Mercier S.A.R.L.
11827,11827,2023-12-16,2023-12-19,en cours,Durand
11828,11828,2023-12-30,2024-01-06,en cours,Guilbert S.A.S.
11829,11829,2019-12-19,2019-12-26,en cours,Hamel SA
11830,11830,2024-07-28,2024-07-29,livrée,Besson
11831,11831,2019-06-11,2019-06-14,en cours,Paris
11832,11832,2022-08-22,2022-08-28,livrée,Diaz
11833,11833,2023-02-04,2023-02-05,en attente,Vasseur Dubois SA
11834,11834,2024-05-25,2024-05-28,livrée,Vaillant S.A.
11835,11835,2023-01-04,2023-01-09,livrée,Ferreira Julien S.A.
11836,11836,2022-08-13,2022-08-20,livrée,Colin
11837,11837,2020-07-23,2020-07-26,en cours,Lévêque
11838,11838,2020-10-07,2020-10-12,en cours,Roy
11839,11839,2020-12-25,2020-12-28,en cours,Roger Hubert S.A.
11840,11840,2020-06-18,2020-06-20,livrée,Munoz S.A.
11841,11841,2024-10-02,2024-10-04,livrée,Guilbert S.A.S.
11842,11842,2022-08-13,2022-08-15,en cours,Gros S.A.S.
11843,11843,2024-07-05,2024-07-09,livrée,Chauvet
11844,11844,2021-11-30,2021-12-02,livrée,Peron
11845,11845,2021-11-17,2021-11-21,en attente,Techer
11846,11846,2025-10-25,2025-10-31,en cours,Faure
11847,11847,2023-02-13,2023-02-16,en cours,Faivre
11848,11848,2022-04-18,2022-04-22,en attente,Voisin
11849,11849,2022-12-13,2022-12-14,livrée,Daniel
11850,11850,2019-05-18,2019-05-21,en cours,Sauvage S.A.
11851,11851,2023-09-24,2023-09-26,en cours,Laurent et Fils
11852,11852,2025-05-01,2025-05-08,en cours,Martel Schmitt S.A.S.
11853,11853,2019-10-12,2019-10-17,en cours,Lemaire
11854,11854,2019-10-05,2019-10-11,en attente,Leleu SARL
11855,11855,2022-05-13,2022-05-18,livrée,Thierry Couturier S.A.S.
11856,11856,2023-11-29,2023-12-06,en cours,Lejeune Léger et Fils
11857,11857,2020-11-08,2020-11-10,en attente,Le Roux SA
11858,11858,2023-12-21,2023-12-22,en attente,Andre
11859,11859,2023-12-02,2023-12-07,en cours,François
11860,11860,2021-01-13,2021-01-19,livrée,Marchal Pages et Fils
11861,11861,2025-01-08,2025-01-14,en cours,Nicolas
11862,11862,2021-03-20,2021-03-21,en attente,Mary et Fils
11863,11863,2022-08-31,2022-09-01,en cours,Maillard
11864,11864,2019-03-28,2019-04-02,en attente,François Richard S.A.
11865,11865,2025-01-24,2025-01-30,en attente,Vaillant S.A.S.
11866,11866,2021-09-12,2021-09-14,en attente,Thibault S.A.R.L.
11867,11867,2020-07-07,2020-07-08,en cours,Texier
11868,11868,2022-12-18,2022-12-25,en cours,Gomes Devaux S.A.S.
11869,11869,2020-08-22,2020-08-25,en attente,Blin Renaud SARL
11870,11870,2025-03-24,2025-03-31,en attente,Reynaud Bonnin S.A.S.
11871,11871,2024-02-01,2024-02-03,en attente,Pineau
11872,11872,2024-03-30,2024-04-02,en attente,Dias Dias SA
11873,11873,2021-12-06,2021-12-07,en cours,Hardy
11874,11874,2025-12-06,2025-12-09,en attente,Tanguy S.A.R.L.
11875,11875,2025-06-04,2025-06-07,en cours,Valette
11876,11876,2021-04-01,2021-04-05,livrée,Wagner S.A.
11877,11877,2025-11-01,2025-11-03,livrée,Gautier
11878,11878,2022-06-10,2022-06-12,livrée,Guérin
11879,11879,2019-02-28,2019-03-03,en attente,Jourdan
11880,11880,2024-11-09,2024-11-10,livrée,Marion
11881,11881,2024-05-30,2024-05-31,en attente,Lelièvre
11882,11882,2019-06-17,2019-06-22,livrée,Besnard Humbert S.A.R.L.
11883,11883,2021-06-10,2021-06-17,en cours,Jacquet S.A.
11884,11884,2025-09-29,2025-09-30,en cours,Marty
11885,11885,2025-04-01,2025-04-06,en attente,Gaudin
11886,11886,2020-07-14,2020-07-15,livrée,Pascal Bernard SA
11887,11887,2022-03-13,2022-03-16,en cours,Tanguy Chauvin SARL
11888,11888,2024-09-30,2024-10-07,en cours,Garcia S.A.
11889,11889,2024-08-05,2024-08-08,en cours,Charpentier Navarro et Fils
11890,11890,2022-11-26,2022-12-02,en cours,Guérin S.A.S.
11891,11891,2020-02-16,2020-02-18,livrée,Le Gall
11892,11892,2023-03-11,2023-03-12,livrée,Valette
11893,11893,2023-08-19,2023-08-26,en attente,Maillot Besnard SARL
11894,11894,2023-12-30,2023-12-31,livrée,Martineau
11895,11895,2021-05-07,2021-05-09,en attente,Thibault SA
11896,11896,2023-06-22,2023-06-24,en cours,Letellier
11897,11897,2025-04-22,2025-04-25,livrée,Paris et Fils
11898,11898,2020-09-04,2020-09-08,en attente,Diaz Lebrun et Fils
11899,11899,2019-09-23,2019-09-24,en attente,Marin
11900,11900,2020-12-02,2020-12-04,en cours,Tessier S.A.R.L.
11901,11901,2023-03-26,2023-03-27,en attente,Lesage S.A.S.
11902,11902,2019-03-27,2019-04-01,en cours,Colin
11903,11903,2020-11-06,2020-11-12,en cours,Lemoine
11904,11904,2019-09-04,2019-09-05,en cours,Chevallier Merle et Fils
11905,11905,2019-11-22,2019-11-25,en attente,Georges
11906,11906,2022-03-18,2022-03-25,livrée,Bigot SARL
11907,11907,2023-12-20,2023-12-26,en attente,Allain SARL
11908,11908,2020-12-06,2020-12-07,en attente,Diallo S.A.
11909,11909,2020-04-24,2020-04-27,en attente,Bazin
11910,11910,2022-12-22,2022-12-28,livrée,Couturier S.A.
11911,11911,2023-12-11,2023-12-14,en cours,Fournier S.A.S.
11912,11912,2025-05-26,2025-05-31,en cours,Gay
11913,11913,2019-07-15,2019-07-16,en attente,Faure S.A.
11914,11914,2024-07-29,2024-08-02,en cours,Masson Guichard SARL
11915,11915,2022-12-02,2022-12-09,livrée,Blanchard
11916,11916,2022-12-25,2022-12-28,en cours,Morel SA
11917,11917,2023-10-24,2023-10-29,livrée,Guérin
11918,11918,2019-06-25,2019-07-01,livrée,Jean
11919,11919,2019-11-30,2019-12-04,en cours,Chauvet
11920,11920,2024-11-15,2024-11-20,en cours,Leroux
11921,11921,2022-01-10,2022-01-14,livrée,Rousset
11922,11922,2024-08-05,2024-08-09,en attente,Maréchal
11923,11923,2025-02-06,2025-02-10,en attente,Da Costa S.A.S.
11924,11924,2022-11-24,2022-11-30,en cours,Besnard
11925,11925,2025-11-20,2025-11-21,livrée,Colas Lebrun S.A.S.
11926,11926,2022-08-26,2022-09-02,en attente,Masse SA
11927,11927,2024-03-08,2024-03-15,livrée,Deschamps
11928,11928,2019-06-30,2019-07-01,livrée,Louis
11929,11929,2023-06-25,2023-06-29,en cours,Normand
11930,11930,2024-07-17,2024-07-24,en cours,Fouquet
11931,11931,2019-10-06,2019-10-13,en attente,Pelletier
11932,11932,2019-10-26,2019-11-01,en attente,Collin
11933,11933,2025-02-27,2025-03-06,en cours,Lesage Pons SARL
11934,11934,2025-06-15,2025-06-17,en cours,Giraud
11935,11935,2024-12-10,2024-12-13,en cours,Peltier
11936,11936,2020-11-12,2020-11-19,livrée,Jacques Maurice et Fils
11937,11937,2024-06-13,2024-06-19,livrée,Martinez S.A.
11938,11938,2024-12-04,2024-12-10,livrée,Boulay Fabre S.A.S.
11939,11939,2019-09-14,2019-09-21,en cours,Monnier
11940,11940,2024-12-06,2024-12-09,livrée,Launay
11941,11941,2021-12-10,2021-12-13,en cours,Gaillard
11942,11942,2025-04-03,2025-04-05,livrée,Pages Regnier SA
11943,11943,2022-05-18,2022-05-19,livrée,Georges
11944,11944,2023-07-24,2023-07-30,en cours,Boulanger S.A.S.
11945,11945,2021-06-15,2021-06-17,livrée,Berthelot
11946,11946,2024-04-17,2024-04-20,en cours,Garcia SA
11947,11947,2022-11-17,2022-11-22,en attente,Lagarde Didier SARL
11948,11948,2024-06-28,2024-07-01,livrée,Legros SA
11949,11949,2024-12-07,2024-12-08,livrée,Duhamel
11950,11950,2025-10-27,2025-10-29,en attente,Deschamps David SARL
11951,11951,2022-03-24,2022-03-30,en cours,Blin Toussaint SA
11952,11952,2022-08-05,2022-08-07,en attente,Parent Blin SA
11953,11953,2020-01-01,2020-01-03,en attente,Toussaint
11954,11954,2024-10-03,2024-10-06,livrée,Guibert Boucher S.A.R.L.
11955,11955,2025-09-21,2025-09-27,en attente,Roux Carre SARL
11956,11956,2024-01-06,2024-01-07,en attente,Schmitt
11957,11957,2024-05-17,2024-05-20,en attente,Martin
11958,11958,2025-07-29,2025-08-04,livrée,Laurent SARL
11959,11959,2024-02-19,2024-02-22,livrée,Riou
11960,11960,2019-09-16,2019-09-19,livrée,Fischer
11961,11961,2025-07-26,2025-07-27,livrée,Peron
11962,11962,2023-03-27,2023-03-28,livrée,Vallet
11963,11963,2024-02-24,2024-03-02,livrée,Millet et Fils
11964,11964,2021-07-20,2021-07-24,livrée,Rousseau
11965,11965,2021-06-13,2021-06-15,livrée,Klein
11966,11966,2020-03-04,2020-03-09,en attente,Dufour Laporte SARL
11967,11967,2023-02-20,2023-02-21,en attente,Gauthier Klein SARL
11968,11968,2019-03-29,2019-04-03,en cours,Dupont S.A.S.
11969,11969,2022-04-22,2022-04-23,en cours,Buisson Fouquet SARL
11970,11970,2020-11-08,2020-11-14,livrée,Besson S.A.S.
11971,11971,2025-04-16,2025-04-20,en attente,Laroche Lacroix S.A.
11972,11972,2019-10-23,2019-10-25,en cours,Benard Alves S.A.R.L.
11973,11973,2020-11-12,2020-11-19,livrée,Leclercq S.A.S.
11974,11974,2025-08-31,2025-09-01,livrée,Cordier Navarro SARL
11975,11975,2019-11-14,2019-11-17,en cours,Labbé
11976,11976,2024-10-10,2024-10-13,en attente,Becker S.A.R.L.
11977,11977,2020-11-28,2020-11-29,en cours,Georges
11978,11978,2019-02-03,2019-02-06,livrée,Boyer Verdier et Fils
11979,11979,2019-11-22,2019-11-26,en cours,Boucher Meunier SA
11980,11980,2020-04-24,2020-04-28,en cours,Vincent
11981,11981,2020-11-16,2020-11-20,livrée,Marion Pages SA
11982,11982,2022-07-01,2022-07-05,en cours,Lecomte Ramos S.A.R.L.
11983,11983,2024-07-26,2024-07-31,en cours,Picard et Fils
11984,11984,2020-12-03,2020-12-08,en cours,Schneider
11985,11985,2020-10-05,2020-10-07,en attente,Poulain
11986,11986,2022-02-10,2022-02-16,en attente,Coulon Leconte et Fils
11987,11987,2021-02-25,2021-02-27,en attente,Fabre
11988,11988,2021-11-21,2021-11-24,en cours,Dias
11989,11989,2020-01-08,2020-01-15,en attente,Perrier
11990,11990,2025-10-11,2025-10-16,livrée,Launay
11991,11991,2019-03-26,2019-03-30,livrée,Lemoine Grondin et Fils
11992,11992,2024-04-14,2024-04-15,livrée,Regnier Boutin SA
11993,11993,2025-01-15,2025-01-18,en attente,Maurice S.A.
11994,11994,2019-04-25,2019-04-29,en cours,Henry
11995,11995,2019-11-27,2019-12-02,en cours,Besson
11996,11996,2019-09-09,2019-09-13,livrée,Leroux
11997,11997,2022-06-15,2022-06-17,en cours,Gilbert Schneider S.A.
11998,11998,2022-12-11,2022-12-12,en attente,Mathieu et Fils
11999,11999,2023-11-08,2023-11-13,livrée,Pelletier SARL
12000,12000,2023-02-27,2023-03-01,en attente,Blanchet
12001,12001,2024-11-14,2024-11-19,en attente,Klein
12002,12002,2023-05-03,2023-05-10,livrée,Hernandez SA
12003,12003,2022-06-08,2022-06-12,livrée,Bruneau
12004,12004,2024-05-11,2024-05-14,en attente,Marques S.A.R.L.
12005,12005,2019-03-26,2019-03-31,livrée,Marin
12006,12006,2024-01-30,2024-02-02,livrée,Lucas
12007,12007,2023-05-06,2023-05-10,en cours,Diaz Delahaye S.A.R.L.
12008,12008,2025-10-30,2025-11-04,en cours,Cousin
12009,12009,2025-07-05,2025-07-08,en attente,Grondin
12010,12010,2023-09-07,2023-09-12,livrée,Andre
12011,12011,2023-04-22,2023-04-26,en cours,Dos Santos Lefèvre et Fils
12012,12012,2023-09-14,2023-09-16,en attente,Hebert S.A.
12013,12013,2019-03-09,2019-03-15,en attente,Leroux S.A.R.L.
12014,12014,2023-08-21,2023-08-26,livrée,Dumas S.A.S.
12015,12015,2024-04-03,2024-04-10,en cours,Benoit S.A.
12016,12016,2025-10-07,2025-10-13,en cours,Hardy SA
12017,12017,2025-10-06,2025-10-12,en cours,Guillou SA
12018,12018,2025-04-25,2025-04-27,livrée,Pereira
12019,12019,2020-09-16,2020-09-22,en cours,Huet
12020,12020,2025-09-18,2025-09-24,en cours,Guérin SARL
12021,12021,2023-01-19,2023-01-24,livrée,Dumas
12022,12022,2023-03-17,2023-03-21,en attente,Hamel
12023,12023,2019-01-16,2019-01-22,en attente,Mary S.A.
12024,12024,2024-12-30,2025-01-01,en cours,Lenoir S.A.
12025,12025,2023-07-16,2023-07-23,en cours,Gallet
12026,12026,2023-07-14,2023-07-16,en cours,Vallée
12027,12027,2022-03-20,2022-03-23,en cours,Gautier SARL
12028,12028,2021-06-23,2021-06-27,en cours,Regnier Lévêque S.A.S.
12029,12029,2022-02-21,2022-02-25,livrée,Bazin SA
12030,12030,2021-11-09,2021-11-15,en attente,Launay
12031,12031,2020-10-13,2020-10-15,livrée,Vincent SA
12032,12032,2019-11-06,2019-11-12,en attente,Joubert SA
12033,12033,2024-10-10,2024-10-12,livrée,Poirier Neveu SA
12034,12034,2023-04-28,2023-05-05,livrée,Normand
12035,12035,2022-07-29,2022-07-31,en cours,Marques
12036,12036,2021-09-06,2021-09-12,en cours,Germain et Fils
12037,12037,2019-05-14,2019-05-19,livrée,Mercier
12038,12038,2024-09-26,2024-10-01,livrée,Dufour S.A.
12039,12039,2023-08-01,2023-08-02,livrée,Collet
12040,12040,2022-10-10,2022-10-12,livrée,Mallet S.A.R.L.
12041,12041,2021-12-02,2021-12-09,livrée,Marchand SARL
12042,12042,2021-08-14,2021-08-15,en cours,Wagner Besson et Fils
12043,12043,2021-08-20,2021-08-26,en attente,Philippe et Fils
12044,12044,2021-01-28,2021-01-29,livrée,Brun
12045,12045,2024-05-17,2024-05-22,livrée,Renard
12046,12046,2021-04-12,2021-04-13,en cours,Dubois
12047,12047,2020-07-14,2020-07-16,en attente,Weber
12048,12048,2022-05-05,2022-05-06,en cours,Normand Parent S.A.S.
12049,12049,2022-07-12,2022-07-19,en attente,Aubry
12050,12050,2025-09-26,2025-09-27,en cours,Gaudin Wagner et Fils
12051,12051,2019-06-19,2019-06-24,en cours,Mathieu
12052,12052,2023-02-24,2023-03-01,en attente,Lopez et Fils
12053,12053,2019-11-09,2019-11-13,en cours,Pereira
12054,12054,2023-08-25,2023-08-29,en cours,Toussaint S.A.S.
12055,12055,2022-03-26,2022-03-30,en cours,Petit
12056,12056,2020-12-21,2020-12-27,en cours,Guillaume
12057,12057,2025-10-27,2025-10-28,livrée,Bertin
12058,12058,2024-07-24,2024-07-30,en attente,Dupont
12059,12059,2023-03-01,2023-03-07,en cours,Lévy Clément S.A.R.L.
12060,12060,2022-06-02,2022-06-06,livrée,Sauvage Auger SARL
12061,12061,2023-05-11,2023-05-12,en cours,Delmas SARL
12062,12062,2024-07-12,2024-07-16,en attente,Dijoux
12063,12063,2019-10-28,2019-10-29,en attente,Berthelot
12064,12064,2024-03-07,2024-03-08,livrée,Renault SARL
12065,12065,2024-03-01,2024-03-07,livrée,Joly
12066,12066,2023-10-25,2023-10-29,livrée,Dijoux
12067,12067,2021-05-19,2021-05-23,livrée,Gonzalez Guillot S.A.R.L.
12068,12068,2022-09-18,2022-09-25,en attente,Lamy
12069,12069,2019-11-06,2019-11-07,en attente,Ruiz Masse et Fils
12070,12070,2021-09-09,2021-09-12,livrée,Poirier Antoine SARL
12071,12071,2021-11-29,2021-12-05,en cours,Cordier SARL
12072,12072,2019-08-24,2019-08-26,en attente,Delorme
12073,12073,2025-06-27,2025-07-04,livrée,Leroux SA
12074,12074,2022-04-16,2022-04-19,en attente,Jacquet SARL
12075,12075,2020-12-18,2020-12-24,en cours,Jacob Fischer et Fils
12076,12076,2024-03-18,2024-03-22,en cours,Hamon Hebert S.A.R.L.
12077,12077,2020-03-02,2020-03-03,en cours,Hamon
12078,12078,2025-02-03,2025-02-05,en cours,Durand
12079,12079,2024-01-19,2024-01-24,en attente,Rossi
12080,12080,2025-02-19,2025-02-21,en attente,Roy
12081,12081,2025-02-18,2025-02-20,en attente,Ferreira SARL
12082,12082,2024-05-18,2024-05-24,livrée,Gauthier
12083,12083,2023-02-15,2023-02-19,en cours,Clément S.A.S.
12084,12084,2022-12-06,2022-12-10,livrée,Payet
12085,12085,2024-09-21,2024-09-22,livrée,Tessier SARL
12086,12086,2020-03-01,2020-03-06,livrée,Gosselin
12087,12087,2025-06-30,2025-07-03,en cours,Camus SARL
12088,12088,2022-06-13,2022-06-18,en cours,Renard SA
12089,12089,2024-10-14,2024-10-20,en attente,Martel
12090,12090,2024-10-25,2024-11-01,livrée,Buisson
12091,12091,2019-08-25,2019-08-30,en cours,Lagarde SA
12092,12092,2021-10-30,2021-11-02,en attente,Bertrand
12093,12093,2021-03-11,2021-03-13,en cours,Lejeune
12094,12094,2022-01-24,2022-01-28,en cours,Potier
12095,12095,2024-11-13,2024-11-18,livrée,Berger Paris et Fils
12096,12096,2023-05-25,2023-05-27,en cours,Mahe Lambert S.A.R.L.
12097,12097,2023-02-07,2023-02-13,en attente,Paris Lambert SARL
12098,12098,2019-09-04,2019-09-08,en attente,Monnier Blanc S.A.S.
12099,12099,2024-08-14,2024-08-20,livrée,Salmon
12100,12100,2025-03-30,2025-04-04,livrée,Lévy
12101,12101,2019-08-26,2019-08-28,en cours,Bonneau Boulay S.A.
12102,12102,2021-03-28,2021-03-31,livrée,Pelletier SARL
12103,12103,2019-06-19,2019-06-21,en attente,Bousquet
12104,12104,2024-12-04,2024-12-09,en attente,Gimenez
12105,12105,2019-09-20,2019-09-25,en cours,Becker
12106,12106,2021-02-19,2021-02-21,livrée,Blanc
12107,12107,2019-12-18,2019-12-25,en cours,Gosselin Georges S.A.R.L.
12108,12108,2020-07-01,2020-07-04,en attente,Bourdon Salmon S.A.R.L.
12109,12109,2024-03-09,2024-03-13,livrée,Langlois Colas S.A.S.
12110,12110,2020-05-17,2020-05-18,en attente,Jourdan S.A.S.
12111,12111,2019-02-17,2019-02-23,en attente,Fischer S.A.R.L.
12112,12112,2022-09-26,2022-10-03,en attente,Grondin S.A.
12113,12113,2023-12-15,2023-12-16,en cours,Leduc et Fils
12114,12114,2023-05-02,2023-05-04,livrée,Courtois
12115,12115,2024-09-06,2024-09-11,livrée,Le Gall
12116,12116,2019-06-10,2019-06-16,en attente,Blanchet Marin S.A.
12117,12117,2021-10-07,2021-10-10,livrée,Samson Duhamel S.A.S.
12118,12118,2025-09-15,2025-09-22,livrée,Sanchez
12119,12119,2022-05-26,2022-05-31,livrée,Marchand
12120,12120,2023-11-23,2023-11-26,en cours,Chauveau
12121,12121,2025-06-08,2025-06-14,livrée,Traore
12122,12122,2019-06-27,2019-06-30,en cours,Rivière SARL
12123,12123,2021-11-29,2021-12-03,en cours,Paul
12124,12124,2020-07-30,2020-07-31,en attente,Grenier Jean SA
12125,12125,2021-08-02,2021-08-08,en cours,Vasseur SARL
12126,12126,2022-05-02,2022-05-03,livrée,Aubry
12127,12127,2024-08-27,2024-09-03,en cours,Blondel
12128,12128,2025-12-27,2026-01-01,en cours,Morel
12129,12129,2024-12-21,2024-12-28,en attente,Brunel S.A.R.L.
12130,12130,2023-09-03,2023-09-07,livrée,Lamy Boyer S.A.S.
12131,12131,2020-07-12,2020-07-17,livrée,Samson
12132,12132,2021-01-13,2021-01-14,en attente,Morvan Chevalier et Fils
12133,12133,2021-08-09,2021-08-14,en cours,Leclerc
12134,12134,2023-11-09,2023-11-16,en attente,Colas SARL
12135,12135,2024-02-06,2024-02-09,livrée,Lejeune Raymond S.A.R.L.
12136,12136,2022-03-02,2022-03-03,en cours,Paul
12137,12137,2023-01-29,2023-02-03,livrée,Buisson
12138,12138,2020-12-18,2020-12-25,en attente,Bodin Vasseur S.A.
12139,12139,2022-04-06,2022-04-08,en cours,Gillet
12140,12140,2022-08-28,2022-08-29,en attente,Pineau
12141,12141,2019-01-25,2019-01-31,livrée,Picard Peron S.A.
12142,12142,2021-04-23,2021-04-24,en attente,Langlois SA
12143,12143,2019-10-18,2019-10-21,livrée,Chauvin S.A.R.L.
12144,12144,2019-07-04,2019-07-09,livrée,Poirier Dubois SA
12145,12145,2024-03-16,2024-03-18,en attente,Julien
12146,12146,2020-08-15,2020-08-17,livrée,Boulanger
12147,12147,2022-12-24,2022-12-30,en cours,Hoareau
12148,12148,2024-07-26,2024-08-02,livrée,Ramos S.A.R.L.
12149,12149,2019-11-06,2019-11-09,en cours,Diaz et Fils
12150,12150,2022-07-15,2022-07-17,livrée,Picard Traore SARL
12151,12151,2023-01-22,2023-01-27,en attente,Lecoq et Fils
12152,12152,2019-07-28,2019-08-01,en cours,Lévy
12153,12153,2025-04-26,2025-04-29,en attente,Gay SARL
12154,12154,2020-05-17,2020-05-23,en cours,Delaunay
12155,12155,2022-11-30,2022-12-07,livrée,Mathieu S.A.S.
12156,12156,2019-08-26,2019-08-28,en attente,Pasquier SA
12157,12157,2019-10-18,2019-10-23,en attente,Besnard
12158,12158,2024-01-23,2024-01-26,livrée,Vallet SA
12159,12159,2023-12-07,2023-12-11,en attente,Regnier
12160,12160,2019-05-11,2019-05-14,livrée,Chrétien
12161,12161,2022-07-06,2022-07-08,en attente,Richard
12162,12162,2022-08-19,2022-08-21,en cours,Bouchet Vallet S.A.
12163,12163,2022-08-21,2022-08-27,livrée,Vallée
12164,12164,2024-03-21,2024-03-22,livrée,Normand
12165,12165,2022-05-23,2022-05-27,livrée,Maillard
12166,12166,2022-07-19,2022-07-20,en attente,Wagner
12167,12167,2019-02-09,2019-02-13,livrée,Moreno
12168,12168,2019-07-03,2019-07-04,en cours,Le Goff
12169,12169,2025-08-04,2025-08-08,livrée,Fabre
12170,12170,2023-01-20,2023-01-23,en attente,Gimenez
12171,12171,2022-10-05,2022-10-12,en cours,Lambert S.A.S.
12172,12172,2025-04-26,2025-05-03,livrée,Ollivier Boutin SARL
12173,12173,2024-08-24,2024-08-29,livrée,Caron SARL
12174,12174,2020-02-28,2020-03-03,en attente,Potier
12175,12175,2019-12-22,2019-12-27,livrée,Germain Guillet et Fils
12176,12176,2022-12-28,2023-01-04,en cours,Brunet S.A.R.L.
12177,12177,2023-08-13,2023-08-18,livrée,Traore
12178,12178,2020-12-03,2020-12-08,livrée,Giraud
12179,12179,2022-04-29,2022-05-01,livrée,Noël Hoareau S.A.
12180,12180,2021-12-12,2021-12-15,en attente,Joseph
12181,12181,2020-07-22,2020-07-28,livrée,Charpentier Pineau et Fils
12182,12182,2021-02-03,2021-02-05,en attente,Philippe
12183,12183,2025-02-17,2025-02-19,en cours,Ledoux
12184,12184,2025-06-15,2025-06-22,en cours,Roche S.A.S.
12185,12185,2020-04-15,2020-04-22,en attente,Ruiz et Fils
12186,12186,2022-02-21,2022-02-23,en cours,Vallet Barbier S.A.
12187,12187,2022-02-11,2022-02-18,en attente,François
12188,12188,2023-11-21,2023-11-22,en attente,Chauvet et Fils
12189,12189,2021-07-28,2021-08-04,en cours,Blanchet S.A.R.L.
12190,12190,2025-12-06,2025-12-13,livrée,Riou Guibert SA
12191,12191,2019-10-04,2019-10-07,livrée,Pruvost Richard SA
12192,12192,2024-12-01,2024-12-07,livrée,Moreau Rocher S.A.
12193,12193,2019-07-05,2019-07-06,en attente,Martin S.A.R.L.
12194,12194,2020-08-05,2020-08-06,en cours,Lefèvre
12195,12195,2019-05-17,2019-05-21,livrée,Michel
12196,12196,2020-08-09,2020-08-14,en cours,Gros
12197,12197,2022-03-08,2022-03-10,en attente,Paris
12198,12198,2019-08-11,2019-08-16,livrée,Pruvost Lemonnier S.A.S.
12199,12199,2022-12-06,2022-12-13,livrée,Merle Collin et Fils
12200,12200,2025-07-08,2025-07-09,livrée,Faivre Gomes et Fils
12201,12201,2020-02-10,2020-02-16,en cours,Moulin
12202,12202,2023-06-18,2023-06-24,livrée,Leroux Bonneau SARL
12203,12203,2022-04-11,2022-04-17,livrée,Martineau
12204,12204,2024-03-04,2024-03-05,en attente,Leleu et Fils
12205,12205,2024-07-27,2024-07-30,en attente,Marin
12206,12206,2020-07-05,2020-07-11,en cours,Guichard Leduc S.A.
12207,12207,2024-04-01,2024-04-07,en cours,Jacquot Poirier SARL
12208,12208,2024-11-15,2024-11-21,en attente,Evrard
12209,12209,2020-11-17,2020-11-19,en attente,Dupré
12210,12210,2024-12-15,2024-12-16,en cours,Gillet
12211,12211,2024-11-21,2024-11-23,en cours,Hardy
12212,12212,2019-01-05,2019-01-09,livrée,Paul
12213,12213,2025-02-21,2025-02-24,livrée,Blondel
12214,12214,2024-06-02,2024-06-09,livrée,Thibault
12215,12215,2023-10-03,2023-10-09,livrée,Huet
12216,12216,2023-09-06,2023-09-13,livrée,Courtois
12217,12217,2022-07-27,2022-08-02,livrée,Reynaud
12218,12218,2019-09-02,2019-09-09,livrée,Thomas et Fils
12219,12219,2020-07-02,2020-07-05,en attente,Renault
12220,12220,2021-01-10,2021-01-14,livrée,Gautier SARL
12221,12221,2022-02-17,2022-02-22,en cours,Lopes Marie S.A.R.L.
12222,12222,2025-01-18,2025-01-20,en cours,Mathieu Pons et Fils
12223,12223,2024-11-30,2024-12-02,en attente,Pichon
12224,12224,2023-09-26,2023-10-02,en cours,Morvan Pruvost S.A.S.
12225,12225,2019-09-19,2019-09-20,en cours,Meunier
12226,12226,2020-12-05,2020-12-12,en attente,Paris Aubry S.A.S.
12227,12227,2019-07-07,2019-07-12,en cours,Gay
12228,12228,2025-04-16,2025-04-21,en cours,Fischer
12229,12229,2021-03-11,2021-03-15,en cours,Georges
12230,12230,2022-10-07,2022-10-13,en cours,Pascal Giraud S.A.R.L.
12231,12231,2024-10-30,2024-11-03,en attente,Navarro
12232,12232,2022-02-07,2022-02-10,livrée,Renaud
12233,12233,2023-09-09,2023-09-12,en cours,Blot
12234,12234,2021-10-11,2021-10-12,en attente,Deschamps S.A.R.L.
12235,12235,2019-08-05,2019-08-06,en attente,Barre SARL
12236,12236,2023-04-04,2023-04-11,en cours,Lopez
12237,12237,2022-07-04,2022-07-06,en attente,Maurice
12238,12238,2019-11-23,2019-11-24,en attente,Alves SA
12239,12239,2021-10-28,2021-11-04,en cours,Muller
12240,12240,2024-04-30,2024-05-03,en cours,Marion
12241,12241,2019-06-08,2019-06-15,en cours,Adam
12242,12242,2023-07-31,2023-08-07,livrée,Berger Chevalier S.A.S.
12243,12243,2023-03-16,2023-03-22,en cours,Duval Langlois SA
12244,12244,2020-06-05,2020-06-07,livrée,Seguin S.A.
12245,12245,2020-11-06,2020-11-09,en attente,Roche
12246,12246,2019-06-11,2019-06-13,en attente,Meyer Le Goff SA
12247,12247,2025-05-22,2025-05-27,en attente,Descamps et Fils
12248,12248,2020-04-17,2020-04-24,en attente,Regnier
12249,12249,2021-05-31,2021-06-06,en cours,Dupont
12250,12250,2019-08-15,2019-08-17,en attente,Mendès S.A.
12251,12251,2019-01-14,2019-01-15,livrée,Loiseau S.A.S.
12252,12252,2023-06-09,2023-06-13,livrée,Le Roux S.A.S.
12253,12253,2024-03-17,2024-03-20,livrée,Normand et Fils
12254,12254,2022-08-07,2022-08-09,en cours,Da Silva
12255,12255,2020-12-25,2020-12-26,en attente,Blanc Martins S.A.
12256,12256,2025-03-26,2025-03-27,livrée,Bonnin
12257,12257,2025-05-12,2025-05-16,livrée,Raymond Lemaître SA
12258,12258,2022-10-23,2022-10-27,livrée,Jacquot
12259,12259,2025-10-17,2025-10-23,en attente,Germain
12260,12260,2023-04-14,2023-04-19,en attente,Voisin Gros SARL
12261,12261,2025-04-26,2025-04-29,en attente,Le Goff
12262,12262,2024-06-22,2024-06-27,livrée,Gonzalez
12263,12263,2023-06-12,2023-06-15,livrée,Pineau S.A.S.
12264,12264,2025-08-25,2025-08-28,livrée,Daniel Gauthier S.A.
12265,12265,2022-04-22,2022-04-28,en attente,Lelièvre Gillet SARL
12266,12266,2021-01-08,2021-01-11,livrée,Lamy
12267,12267,2022-08-31,2022-09-01,en cours,Breton
12268,12268,2021-09-19,2021-09-25,livrée,Lebreton S.A.S.
12269,12269,2021-01-11,2021-01-16,livrée,Sanchez
12270,12270,2021-03-14,2021-03-18,en attente,Dias S.A.R.L.
12271,12271,2019-09-02,2019-09-07,en cours,Leroy
12272,12272,2019-05-12,2019-05-16,en attente,Blanc
12273,12273,2021-10-23,2021-10-25,livrée,Rémy Lenoir SA
12274,12274,2023-04-10,2023-04-16,en cours,Philippe
12275,12275,2025-12-29,2026-01-03,livrée,Brun et Fils
12276,12276,2025-09-08,2025-09-12,livrée,Ferrand
12277,12277,2021-08-19,2021-08-21,en cours,Joly
12278,12278,2023-07-25,2023-07-26,en cours,Lefebvre
12279,12279,2019-10-07,2019-10-10,en cours,Gallet
12280,12280,2023-04-26,2023-04-30,livrée,Loiseau
12281,12281,2021-12-28,2022-01-01,en attente,Pinto S.A.S.
12282,12282,2022-02-19,2022-02-22,en attente,Lenoir
12283,12283,2023-08-22,2023-08-26,livrée,Marques
12284,12284,2023-04-04,2023-04-06,en cours,Sauvage
12285,12285,2025-11-17,2025-11-22,livrée,Caron
12286,12286,2022-05-02,2022-05-08,en attente,Lopez
12287,12287,2023-01-03,2023-01-04,livrée,Monnier
12288,12288,2025-07-13,2025-07-17,en cours,Sanchez
12289,12289,2022-06-06,2022-06-12,en attente,Étienne S.A.R.L.
12290,12290,2023-01-11,2023-01-17,en cours,Jacquet
12291,12291,2020-11-06,2020-11-09,en cours,Allard
12292,12292,2025-04-22,2025-04-25,livrée,David Lemaître SARL
12293,12293,2021-09-24,2021-09-29,livrée,Menard
12294,12294,2019-12-19,2019-12-21,livrée,Mallet SA
12295,12295,2019-06-07,2019-06-12,livrée,Boucher S.A.
12296,12296,2019-09-27,2019-10-04,en attente,Le Gall
12297,12297,2020-08-03,2020-08-10,livrée,Lemaître
12298,12298,2020-01-01,2020-01-04,en attente,Voisin Blanchet et Fils
12299,12299,2024-10-15,2024-10-18,livrée,Pasquier
12300,12300,2019-04-25,2019-04-30,livrée,Chevalier
12301,12301,2022-01-12,2022-01-14,en cours,Costa S.A.R.L.
12302,12302,2021-08-09,2021-08-12,en attente,Camus
12303,12303,2019-05-28,2019-06-04,en cours,Bonnin
12304,12304,2020-10-04,2020-10-11,en attente,Bourgeois
12305,12305,2022-02-17,2022-02-23,livrée,Bruneau et Fils
12306,12306,2025-10-01,2025-10-05,livrée,Raynaud S.A.
12307,12307,2022-02-22,2022-02-24,en attente,Diallo S.A.
12308,12308,2023-06-13,2023-06-15,en attente,Paris
12309,12309,2021-02-14,2021-02-15,en attente,Lefebvre S.A.S.
12310,12310,2019-06-18,2019-06-20,livrée,Gérard
12311,12311,2020-03-05,2020-03-09,livrée,Renault
12312,12312,2024-11-05,2024-11-06,en cours,Guichard
12313,12313,2021-09-12,2021-09-14,en attente,Teixeira Allain S.A.R.L.
12314,12314,2024-05-01,2024-05-07,livrée,Roux Weiss S.A.R.L.
12315,12315,2020-06-04,2020-06-11,en attente,Colas
12316,12316,2023-09-23,2023-09-30,en attente,Poulain
12317,12317,2020-10-27,2020-10-30,en attente,Hebert
12318,12318,2019-02-02,2019-02-06,en attente,Martinez
12319,12319,2019-06-08,2019-06-10,en attente,Germain
12320,12320,2022-11-14,2022-11-19,en attente,Fischer S.A.
12321,12321,2022-09-26,2022-10-03,livrée,Joubert
12322,12322,2023-09-12,2023-09-18,en attente,Pottier Didier S.A.
12323,12323,2023-07-02,2023-07-05,en cours,Lacroix S.A.R.L.
12324,12324,2025-08-04,2025-08-10,en cours,Guyon SA
12325,12325,2024-03-26,2024-03-28,en cours,Chevalier S.A.
12326,12326,2024-12-10,2024-12-12,en cours,Neveu
12327,12327,2025-12-22,2025-12-29,en cours,Rousset
12328,12328,2023-09-30,2023-10-03,en attente,Blanc Riou SARL
12329,12329,2020-08-14,2020-08-18,en cours,Leclerc Collin SARL
12330,12330,2025-06-06,2025-06-08,en attente,Lemaître
12331,12331,2020-11-13,2020-11-14,en cours,Morvan
12332,12332,2019-08-24,2019-08-25,livrée,Bouvet S.A.R.L.
12333,12333,2022-05-18,2022-05-20,livrée,Fontaine Regnier S.A.R.L.
12334,12334,2023-01-28,2023-01-30,en cours,Gilbert
12335,12335,2020-07-10,2020-07-14,livrée,Chevalier
12336,12336,2020-05-15,2020-05-21,en cours,Lacroix
12337,12337,2021-09-22,2021-09-27,en attente,Maurice
12338,12338,2025-09-23,2025-09-27,livrée,Navarro Camus S.A.
12339,12339,2024-12-09,2024-12-13,livrée,Labbé
12340,12340,2022-08-30,2022-09-04,en attente,Chevalier
12341,12341,2020-03-13,2020-03-14,en cours,Brunel Perez SA
12342,12342,2021-05-09,2021-05-14,en cours,Guillaume
12343,12343,2021-01-17,2021-01-23,en cours,David
12344,12344,2020-06-13,2020-06-15,en attente,Maillard
12345,12345,2023-05-08,2023-05-15,en attente,Blondel Benard S.A.S.
12346,12346,2021-06-04,2021-06-08,en cours,Courtois Garcia S.A.R.L.
12347,12347,2024-04-12,2024-04-14,livrée,Mathieu
12348,12348,2025-06-05,2025-06-10,livrée,Valette Blin et Fils
12349,12349,2021-05-04,2021-05-07,en cours,Weber
12350,12350,2021-04-27,2021-05-04,livrée,Georges
12351,12351,2023-01-24,2023-01-30,livrée,Torres
12352,12352,2019-02-07,2019-02-10,en attente,Raymond Guillot S.A.
12353,12353,2019-12-21,2019-12-25,livrée,Roussel Dupré SA
12354,12354,2023-11-10,2023-11-12,en attente,Blanc Courtois et Fils
12355,12355,2025-01-31,2025-02-07,livrée,Rocher
12356,12356,2020-10-15,2020-10-18,en cours,Delaunay
12357,12357,2024-08-30,2024-09-04,livrée,Regnier
12358,12358,2024-01-25,2024-01-27,en attente,Dumas
12359,12359,2023-05-31,2023-06-07,en attente,Robin et Fils
12360,12360,2024-10-28,2024-10-31,livrée,Coulon
12361,12361,2020-03-18,2020-03-21,en cours,Blanc
12362,12362,2021-12-29,2021-12-30,en attente,Vallet SARL
12363,12363,2021-04-19,2021-04-24,en cours,Imbert
12364,12364,2023-12-19,2023-12-22,en attente,Chauvet
12365,12365,2023-02-06,2023-02-09,livrée,Couturier Joseph SARL
12366,12366,2021-04-03,2021-04-08,en attente,Costa
12367,12367,2021-12-08,2021-12-10,en attente,Chauvet S.A.S.
12368,12368,2022-12-22,2022-12-27,en attente,Jacques Turpin S.A.R.L.
12369,12369,2019-01-06,2019-01-07,en attente,Joubert Maréchal SA
12370,12370,2024-06-10,2024-06-17,livrée,Delattre Daniel SA
12371,12371,2024-06-25,2024-07-02,livrée,Royer
12372,12372,2025-11-14,2025-11-15,en cours,Normand
12373,12373,2025-06-23,2025-06-24,en attente,Pereira S.A.
12374,12374,2020-02-08,2020-02-12,en cours,De Oliveira
12375,12375,2022-07-08,2022-07-12,livrée,Chauvet S.A.
12376,12376,2019-03-14,2019-03-15,en attente,Girard et Fils
12377,12377,2023-08-20,2023-08-26,en cours,Bouvier Paul S.A.R.L.
12378,12378,2024-03-01,2024-03-03,en cours,Boucher et Fils
12379,12379,2023-08-05,2023-08-08,en attente,Garcia
12380,12380,2025-12-07,2025-12-13,en cours,Morel
12381,12381,2022-07-20,2022-07-25,livrée,Martinez
12382,12382,2024-09-09,2024-09-16,en cours,Delaunay
12383,12383,2023-11-26,2023-11-29,en cours,Blanc et Fils
12384,12384,2019-03-20,2019-03-26,livrée,Robert SA
12385,12385,2021-08-04,2021-08-08,en attente,Gimenez Masson SA
12386,12386,2022-11-01,2022-11-04,en attente,Thomas
12387,12387,2020-01-09,2020-01-14,en attente,Morel Fernandez S.A.R.L.
12388,12388,2024-04-29,2024-05-05,en attente,Martel
12389,12389,2024-04-24,2024-04-28,en attente,Charles SA
12390,12390,2019-07-15,2019-07-16,livrée,Garnier Lamy SARL
12391,12391,2025-10-23,2025-10-24,livrée,Turpin
12392,12392,2022-01-28,2022-02-01,livrée,Sauvage
12393,12393,2022-12-05,2022-12-12,en cours,Loiseau S.A.
12394,12394,2020-10-27,2020-10-28,livrée,Dupont
12395,12395,2022-02-11,2022-02-17,livrée,Chrétien et Fils
12396,12396,2021-07-28,2021-07-31,en attente,Bruneau
12397,12397,2019-11-06,2019-11-07,en attente,Vaillant Blanchet S.A.R.L.
12398,12398,2024-12-13,2024-12-16,en attente,Gay
12399,12399,2023-04-01,2023-04-07,en attente,Arnaud Meunier et Fils
12400,12400,2020-10-03,2020-10-09,en attente,Mary
12401,12401,2025-09-01,2025-09-03,livrée,Gomes
12402,12402,2019-11-03,2019-11-04,en attente,Rodriguez
12403,12403,2024-01-15,2024-01-21,en cours,Sanchez
12404,12404,2024-08-15,2024-08-20,livrée,Rossi et Fils
12405,12405,2025-01-06,2025-01-09,en cours,Vallée
12406,12406,2021-03-09,2021-03-12,livrée,Adam
12407,12407,2021-05-11,2021-05-14,en cours,Benard
12408,12408,2022-03-24,2022-03-26,livrée,Cousin
12409,12409,2019-01-09,2019-01-10,livrée,Laurent Dupuis S.A.
12410,12410,2019-08-15,2019-08-17,en attente,Voisin
12411,12411,2019-07-21,2019-07-24,en cours,François Weiss S.A.S.
12412,12412,2021-12-19,2021-12-20,en attente,Blot
12413,12413,2023-02-11,2023-02-17,livrée,Bertrand
12414,12414,2025-08-07,2025-08-12,livrée,Descamps
12415,12415,2020-09-23,2020-09-25,livrée,Briand
12416,12416,2021-03-02,2021-03-07,en attente,Jourdan
12417,12417,2020-02-22,2020-02-29,livrée,Caron et Fils
12418,12418,2023-01-05,2023-01-08,livrée,Bonnin François S.A.
12419,12419,2023-08-31,2023-09-02,en attente,Fontaine S.A.R.L.
12420,12420,2023-08-29,2023-09-03,livrée,Wagner Riou S.A.S.
12421,12421,2024-06-09,2024-06-15,en attente,Laroche
12422,12422,2020-12-02,2020-12-09,en attente,Rémy Thibault S.A.R.L.
12423,12423,2025-07-29,2025-08-04,en attente,Legros
12424,12424,2020-09-07,2020-09-08,en attente,Meunier
12425,12425,2021-06-15,2021-06-19,en attente,Dijoux
12426,12426,2020-06-26,2020-07-02,en cours,Blin et Fils
12427,12427,2025-01-26,2025-01-27,en cours,Dupré Albert S.A.
12428,12428,2025-01-31,2025-02-03,en attente,Ollivier
12429,12429,2025-05-11,2025-05-12,en attente,Jean
12430,12430,2023-02-01,2023-02-04,en attente,De Oliveira
12431,12431,2022-04-02,2022-04-03,livrée,Goncalves
12432,12432,2025-11-30,2025-12-03,en cours,Fernandes et Fils
12433,12433,2019-02-22,2019-02-27,en cours,Bernier
12434,12434,2025-02-11,2025-02-15,livrée,Leroy
12435,12435,2024-03-28,2024-03-29,en cours,Le Goff et Fils
12436,12436,2024-04-11,2024-04-16,en attente,Bertrand
12437,12437,2023-03-30,2023-04-04,en attente,Le Roux SA
12438,12438,2020-02-06,2020-02-08,livrée,Jacques
12439,12439,2024-02-08,2024-02-10,en cours,Lagarde
12440,12440,2020-02-04,2020-02-11,livrée,Carre Albert S.A.R.L.
12441,12441,2022-10-27,2022-11-02,en attente,Raymond Étienne SA
12442,12442,2023-06-29,2023-07-05,livrée,Riou
12443,12443,2022-02-17,2022-02-21,en cours,Brun et Fils
12444,12444,2022-04-28,2022-05-01,en cours,Fabre S.A.
12445,12445,2024-06-17,2024-06-18,livrée,Letellier
12446,12446,2019-07-27,2019-07-31,en attente,Leconte SA
12447,12447,2021-02-19,2021-02-20,livrée,Rocher
12448,12448,2021-10-20,2021-10-26,livrée,Valentin
12449,12449,2022-01-31,2022-02-04,en cours,Reynaud
12450,12450,2021-04-05,2021-04-07,en attente,Gomez SA
12451,12451,2021-03-24,2021-03-25,en attente,Letellier
12452,12452,2019-02-03,2019-02-09,en attente,Barthelemy
12453,12453,2020-09-03,2020-09-08,en attente,Guilbert
12454,12454,2025-02-04,2025-02-08,en cours,Perret
12455,12455,2022-01-23,2022-01-30,livrée,Sanchez Fabre SA
12456,12456,2025-02-16,2025-02-17,livrée,Delmas
12457,12457,2024-05-10,2024-05-16,en cours,Grondin
12458,12458,2025-06-05,2025-06-10,livrée,Gosselin
12459,12459,2019-11-15,2019-11-22,en attente,Ruiz Besson S.A.S.
12460,12460,2025-02-02,2025-02-03,en attente,Gimenez
12461,12461,2021-01-15,2021-01-22,en cours,Gomez
12462,12462,2020-12-16,2020-12-18,en cours,Petitjean
12463,12463,2020-09-05,2020-09-10,en cours,Lévêque Simon S.A.R.L.
12464,12464,2019-06-17,2019-06-20,en attente,Guillet Berthelot SA
12465,12465,2020-11-08,2020-11-12,en cours,Robert
12466,12466,2024-11-30,2024-12-07,en attente,Charrier
12467,12467,2025-02-05,2025-02-08,en cours,Blondel
12468,12468,2021-11-18,2021-11-19,livrée,Imbert et Fils
12469,12469,2023-01-30,2023-02-03,en cours,Richard
12470,12470,2019-06-01,2019-06-08,en attente,Pelletier Gauthier S.A.R.L.
12471,12471,2023-07-18,2023-07-23,livrée,Nicolas
12472,12472,2020-02-28,2020-03-01,en cours,Seguin
12473,12473,2022-02-15,2022-02-21,en attente,Labbé SARL
12474,12474,2022-09-21,2022-09-22,livrée,Camus
12475,12475,2022-07-31,2022-08-03,en cours,Gérard
12476,12476,2023-04-07,2023-04-08,en cours,Lefebvre
12477,12477,2024-07-23,2024-07-24,livrée,Bigot
12478,12478,2021-09-06,2021-09-12,en cours,Collet S.A.S.
12479,12479,2020-05-16,2020-05-21,en cours,Morvan Imbert SA
12480,12480,2025-10-04,2025-10-08,en attente,Mahe S.A.
12481,12481,2022-08-17,2022-08-19,en attente,Dumont Neveu S.A.S.
12482,12482,2021-05-17,2021-05-23,en cours,Tessier SARL
12483,12483,2025-09-18,2025-09-19,en attente,Besnard
12484,12484,2019-06-12,2019-06-14,en cours,Besnard SARL
12485,12485,2019-09-11,2019-09-15,en cours,Benard
12486,12486,2023-05-12,2023-05-14,en cours,Antoine
12487,12487,2023-03-11,2023-03-12,en cours,Delannoy
12488,12488,2022-01-11,2022-01-16,livrée,Marques Charles SARL
12489,12489,2020-06-11,2020-06-16,en attente,Carlier S.A.S.
12490,12490,2025-07-29,2025-07-30,en cours,Rocher Andre S.A.S.
12491,12491,2025-10-26,2025-11-01,en cours,Chartier Didier SARL
12492,12492,2023-09-07,2023-09-08,livrée,Denis
12493,12493,2019-09-11,2019-09-12,livrée,Rodrigues S.A.S.
12494,12494,2019-02-17,2019-02-23,livrée,Guilbert SARL
12495,12495,2023-04-09,2023-04-11,livrée,Carre Weber S.A.R.L.
12496,12496,2019-08-28,2019-09-04,livrée,Sauvage Boulay SA
12497,12497,2025-07-02,2025-07-09,livrée,Brun
12498,12498,2021-05-25,2021-05-28,en cours,Martin S.A.S.
12499,12499,2019-08-04,2019-08-06,en attente,Lefort Gaudin S.A.
12500,12500,2019-07-28,2019-08-01,en cours,Mallet S.A.
12501,12501,2020-03-05,2020-03-12,en attente,Léger
12502,12502,2022-01-02,2022-01-06,en attente,Didier et Fils
12503,12503,2019-03-04,2019-03-07,en cours,Texier
12504,12504,2024-02-11,2024-02-13,en cours,Colin Neveu et Fils
12505,12505,2021-09-10,2021-09-16,livrée,Fouquet Sauvage SA
12506,12506,2019-06-12,2019-06-16,en attente,Legrand
12507,12507,2022-12-08,2022-12-14,livrée,Gaillard Maurice SA
12508,12508,2021-02-06,2021-02-10,en attente,Verdier Wagner S.A.
12509,12509,2020-08-25,2020-08-30,en cours,Thomas
12510,12510,2024-10-16,2024-10-20,en attente,Maillard
12511,12511,2023-02-20,2023-02-21,en attente,Lopes Ledoux S.A.
12512,12512,2024-11-24,2024-12-01,en attente,Weber S.A.
12513,12513,2024-03-15,2024-03-19,livrée,Lambert SA
12514,12514,2023-08-15,2023-08-17,en attente,Collet
12515,12515,2024-07-26,2024-08-02,livrée,Martinez
12516,12516,2022-11-09,2022-11-14,livrée,Maury
12517,12517,2025-10-29,2025-11-03,livrée,Pereira SARL
12518,12518,2020-02-23,2020-03-01,livrée,Martinez S.A.
12519,12519,2024-02-26,2024-03-02,en cours,Leblanc
12520,12520,2025-09-16,2025-09-17,livrée,Hebert
12521,12521,2024-12-05,2024-12-10,en attente,Lebreton
12522,12522,2021-11-05,2021-11-08,en attente,Guillet S.A.R.L.
12523,12523,2019-10-13,2019-10-20,en attente,Rodriguez S.A.R.L.
12524,12524,2020-08-10,2020-08-13,en cours,Blanc
12525,12525,2024-08-05,2024-08-12,en attente,Duval Peron SA
12526,12526,2022-11-29,2022-12-04,en attente,Fischer SARL
12527,12527,2025-05-01,2025-05-07,livrée,Guillou Allard SA
12528,12528,2024-11-15,2024-11-21,en attente,Gillet
12529,12529,2019-08-11,2019-08-14,en attente,Verdier SARL
12530,12530,2025-12-31,2026-01-06,en cours,Hoareau SA
12531,12531,2021-09-15,2021-09-16,en cours,Fischer
12532,12532,2021-10-09,2021-10-12,livrée,Petit
12533,12533,2022-06-23,2022-06-26,en cours,Leduc
12534,12534,2025-10-29,2025-11-05,livrée,Germain
12535,12535,2023-05-28,2023-05-30,livrée,Clerc
12536,12536,2024-09-28,2024-10-03,en cours,Le Roux Guillot S.A.R.L.
12537,12537,2022-03-07,2022-03-12,livrée,Ruiz et Fils
12538,12538,2025-09-07,2025-09-13,livrée,Martin Delmas SARL
12539,12539,2022-06-26,2022-07-03,livrée,Salmon
12540,12540,2022-06-06,2022-06-10,en cours,Leleu
12541,12541,2024-12-17,2024-12-22,en attente,Cordier SARL
12542,12542,2025-05-13,2025-05-15,en cours,Julien
12543,12543,2023-07-08,2023-07-12,en attente,Collin
12544,12544,2022-03-13,2022-03-17,livrée,Pages Bodin S.A.S.
12545,12545,2025-02-06,2025-02-13,livrée,Robin
12546,12546,2021-07-08,2021-07-10,en cours,Bertrand
12547,12547,2023-12-16,2023-12-17,en attente,Poirier
12548,12548,2021-10-25,2021-10-27,en cours,Mathieu Clerc et Fils
12549,12549,2019-02-17,2019-02-19,en cours,Perez Guérin SA
12550,12550,2023-12-22,2023-12-28,livrée,Hebert
12551,12551,2021-02-10,2021-02-16,en cours,Fernandes
12552,12552,2021-05-09,2021-05-14,livrée,Petit
12553,12553,2020-06-02,2020-06-09,en cours,Robin
12554,12554,2021-10-04,2021-10-05,en attente,Lagarde Poirier SARL
12555,12555,2020-07-15,2020-07-21,en attente,Normand Buisson SA
12556,12556,2025-08-03,2025-08-09,en cours,Grégoire S.A.
12557,12557,2023-06-03,2023-06-05,en cours,Rodrigues Devaux SARL
12558,12558,2019-11-17,2019-11-20,en cours,Charles
12559,12559,2021-09-22,2021-09-24,en attente,Dufour Parent SA
12560,12560,2020-11-22,2020-11-29,en cours,Wagner SA
12561,12561,2019-09-26,2019-09-30,en attente,Gomes
12562,12562,2024-11-03,2024-11-04,livrée,Tessier
12563,12563,2020-04-03,2020-04-10,livrée,Jean
12564,12564,2021-07-28,2021-08-02,en cours,Charpentier Chartier et Fils
12565,12565,2023-04-25,2023-04-28,en attente,Rivière S.A.S.
12566,12566,2022-02-18,2022-02-25,en attente,Hebert
12567,12567,2023-11-24,2023-11-25,livrée,Guichard
12568,12568,2021-12-12,2021-12-16,en attente,Vaillant
12569,12569,2021-11-30,2021-12-07,livrée,Dijoux Regnier SA
12570,12570,2022-02-07,2022-02-12,livrée,Berger
12571,12571,2024-04-02,2024-04-06,en cours,Guilbert Leroy S.A.S.
12572,12572,2021-06-13,2021-06-19,en cours,Chevalier
12573,12573,2019-11-12,2019-11-17,en cours,Charpentier Marques S.A.
12574,12574,2021-03-02,2021-03-05,en cours,Pasquier
12575,12575,2022-09-03,2022-09-07,en cours,Gimenez
12576,12576,2025-11-23,2025-11-30,en cours,Brunel
12577,12577,2024-07-05,2024-07-11,en attente,Leconte
12578,12578,2024-04-15,2024-04-18,livrée,Rousseau
12579,12579,2025-04-06,2025-04-10,en cours,Blondel S.A.R.L.
12580,12580,2022-01-04,2022-01-07,livrée,Hernandez
12581,12581,2025-10-24,2025-10-30,en attente,Aubry Cohen S.A.S.
12582,12582,2021-01-19,2021-01-25,en cours,Hebert S.A.
12583,12583,2024-11-17,2024-11-22,livrée,Faivre
12584,12584,2019-05-24,2019-05-31,en cours,Diallo
12585,12585,2020-09-28,2020-10-02,livrée,Mendès Dias S.A.R.L.
12586,12586,2023-09-14,2023-09-16,livrée,Wagner
12587,12587,2024-08-30,2024-09-06,en cours,Robin Giraud SARL
12588,12588,2022-03-26,2022-04-01,livrée,Legendre
12589,12589,2022-11-26,2022-11-29,livrée,Joseph
12590,12590,2019-04-29,2019-05-06,livrée,Georges SARL
12591,12591,2021-11-14,2021-11-18,en attente,Guilbert S.A.R.L.
12592,12592,2022-09-01,2022-09-02,livrée,Morvan
12593,12593,2024-07-01,2024-07-08,en attente,Imbert
12594,12594,2020-08-05,2020-08-10,en attente,Clerc Chartier SA
12595,12595,2021-07-30,2021-08-04,livrée,Chrétien
12596,12596,2022-07-08,2022-07-15,en cours,Vallée SA
12597,12597,2022-12-08,2022-12-10,livrée,Letellier
12598,12598,2023-02-10,2023-02-13,livrée,Mary
12599,12599,2019-05-21,2019-05-25,livrée,Hoareau S.A.S.
12600,12600,2020-02-06,2020-02-10,en cours,Marques
12601,12601,2025-01-11,2025-01-12,livrée,Lemoine SA
12602,12602,2023-08-01,2023-08-03,en cours,Rousset
12603,12603,2021-09-02,2021-09-05,livrée,Weber
12604,12604,2022-08-24,2022-08-27,livrée,Raynaud Boucher et Fils
12605,12605,2023-06-27,2023-06-29,en cours,Bègue
12606,12606,2025-09-09,2025-09-11,en cours,Gaudin
12607,12607,2023-09-20,2023-09-25,en attente,Delorme
12608,12608,2025-11-07,2025-11-10,livrée,Schneider
12609,12609,2025-07-06,2025-07-13,en cours,Maury
12610,12610,2024-12-22,2024-12-24,en attente,Masson Barbier S.A.R.L.
12611,12611,2020-02-15,2020-02-20,livrée,François
12612,12612,2020-12-18,2020-12-25,en cours,David S.A.
12613,12613,2025-05-08,2025-05-15,en attente,Da Costa S.A.R.L.
12614,12614,2024-10-02,2024-10-06,livrée,Olivier S.A.R.L.
12615,12615,2021-07-28,2021-08-04,en attente,Gauthier
12616,12616,2024-05-11,2024-05-14,livrée,Bègue
12617,12617,2024-05-28,2024-06-03,en attente,Bodin Collet S.A.R.L.
12618,12618,2020-02-15,2020-02-17,en cours,Delahaye Ramos S.A.S.
12619,12619,2022-09-26,2022-09-29,livrée,Pineau SARL
12620,12620,2025-12-23,2025-12-25,en attente,Chauveau S.A.
12621,12621,2020-05-24,2020-05-29,en cours,Mercier
12622,12622,2022-02-20,2022-02-21,en attente,Leclercq Boulanger SA
12623,12623,2020-04-25,2020-04-27,livrée,Antoine Rémy SA
12624,12624,2025-03-09,2025-03-13,en cours,Blot
12625,12625,2019-07-16,2019-07-22,livrée,Marion SARL
12626,12626,2020-10-24,2020-10-26,en cours,Foucher
12627,12627,2023-04-16,2023-04-17,en cours,Vallet
12628,12628,2019-06-27,2019-06-29,en attente,Lambert
12629,12629,2019-08-28,2019-08-30,en cours,Ribeiro et Fils
12630,12630,2019-04-16,2019-04-22,en cours,Moulin SARL
12631,12631,2023-03-31,2023-04-02,livrée,Peltier
12632,12632,2021-12-21,2021-12-27,en attente,Colin
12633,12633,2019-01-17,2019-01-19,en attente,Blanchet Leclercq S.A.
12634,12634,2021-12-10,2021-12-12,en cours,Colas
12635,12635,2022-01-14,2022-01-16,en attente,Albert
12636,12636,2022-04-22,2022-04-27,en attente,Cousin Lefort et Fils
12637,12637,2023-01-06,2023-01-13,livrée,Guyon
12638,12638,2019-05-23,2019-05-26,en cours,Pires Bernard SARL
12639,12639,2019-09-25,2019-09-28,en cours,Lacroix S.A.
12640,12640,2022-01-01,2022-01-05,en attente,Gaudin
12641,12641,2019-12-17,2019-12-20,en attente,Pages SARL
12642,12642,2021-04-29,2021-04-30,livrée,Leclerc Charpentier S.A.R.L.
12643,12643,2024-06-20,2024-06-25,en attente,Normand Gallet S.A.S.
12644,12644,2021-04-17,2021-04-22,en cours,Leblanc
12645,12645,2024-06-27,2024-07-01,livrée,Maillard
12646,12646,2022-05-22,2022-05-23,en cours,Bouvet
12647,12647,2022-07-29,2022-08-03,en attente,Marion
12648,12648,2019-01-08,2019-01-11,livrée,Laporte
12649,12649,2024-03-26,2024-03-30,livrée,Vidal
12650,12650,2019-09-27,2019-09-29,livrée,Mary Lelièvre S.A.S.
12651,12651,2020-01-09,2020-01-15,en attente,Poulain
12652,12652,2024-04-09,2024-04-12,en attente,De Oliveira Petit S.A.
12653,12653,2019-10-11,2019-10-15,en cours,Daniel
12654,12654,2020-01-01,2020-01-04,en attente,Lecoq S.A.R.L.
12655,12655,2024-10-03,2024-10-10,en attente,Thibault
12656,12656,2025-02-23,2025-02-27,en cours,Henry S.A.S.
12657,12657,2023-01-23,2023-01-27,en cours,Hoareau et Fils
12658,12658,2021-12-10,2021-12-11,en cours,Imbert Dupuis et Fils
12659,12659,2021-01-29,2021-02-05,livrée,Fournier
12660,12660,2024-06-22,2024-06-25,en cours,Barbier S.A.
12661,12661,2022-08-08,2022-08-14,livrée,Ribeiro
12662,12662,2024-04-28,2024-05-02,en attente,Blanc et Fils
12663,12663,2025-06-13,2025-06-16,livrée,Durand et Fils
12664,12664,2020-09-15,2020-09-18,livrée,Dos Santos
12665,12665,2023-11-09,2023-11-15,en attente,Faivre Carre SARL
12666,12666,2024-07-05,2024-07-06,en cours,Turpin
12667,12667,2021-09-22,2021-09-29,livrée,Perrot Seguin SA
12668,12668,2024-10-22,2024-10-24,en cours,Pereira Le Roux SA
12669,12669,2025-09-13,2025-09-14,en cours,Fabre
12670,12670,2019-12-19,2019-12-24,livrée,Weiss SA
12671,12671,2022-11-14,2022-11-20,en attente,Masse SA
12672,12672,2020-07-23,2020-07-24,en cours,Lemonnier SARL
12673,12673,2019-10-14,2019-10-20,en cours,Loiseau
12674,12674,2025-09-09,2025-09-13,en attente,Baron
12675,12675,2021-02-16,2021-02-19,en cours,Muller
12676,12676,2023-05-20,2023-05-24,en attente,Simon David S.A.S.
12677,12677,2024-04-13,2024-04-18,livrée,Hubert
12678,12678,2021-03-28,2021-04-04,en attente,Pinto S.A.
12679,12679,2025-01-04,2025-01-10,livrée,Paul
12680,12680,2023-06-03,2023-06-07,en cours,Besnard
12681,12681,2023-08-18,2023-08-24,en cours,Bernier
12682,12682,2022-03-30,2022-04-06,livrée,Guilbert Royer S.A.R.L.
12683,12683,2020-09-20,2020-09-26,en cours,Foucher SA
12684,12684,2019-10-21,2019-10-24,en cours,Fischer
12685,12685,2020-05-18,2020-05-24,en cours,Lefort Coulon S.A.S.
12686,12686,2020-04-29,2020-05-02,en cours,Bernard
12687,12687,2020-08-13,2020-08-20,en attente,Jean S.A.S.
12688,12688,2019-09-08,2019-09-10,en attente,Bouvier Germain SA
12689,12689,2024-02-06,2024-02-07,en cours,Imbert
12690,12690,2025-10-23,2025-10-26,en attente,Ferrand
12691,12691,2022-10-31,2022-11-02,en attente,Hervé et Fils
12692,12692,2024-04-03,2024-04-09,en attente,Leclercq
12693,12693,2020-07-19,2020-07-24,en attente,Da Silva
12694,12694,2021-08-21,2021-08-22,en cours,Foucher
12695,12695,2023-10-30,2023-11-01,en cours,Sanchez S.A.
12696,12696,2024-03-06,2024-03-13,en attente,Camus SARL
12697,12697,2021-03-23,2021-03-26,en cours,Boutin
12698,12698,2019-01-27,2019-01-30,en attente,Payet
12699,12699,2024-09-07,2024-09-09,livrée,Roche Boulanger SARL
12700,12700,2022-01-18,2022-01-25,livrée,Maréchal Boucher et Fils
12701,12701,2024-08-26,2024-09-01,en cours,Buisson
12702,12702,2024-04-22,2024-04-29,en attente,Ribeiro
12703,12703,2023-12-16,2023-12-19,en attente,Gérard
12704,12704,2023-04-14,2023-04-19,en attente,Blanchard SA
12705,12705,2022-04-24,2022-04-25,en cours,Faure S.A.
12706,12706,2023-02-05,2023-02-07,en attente,Evrard
12707,12707,2019-03-22,2019-03-26,livrée,Da Silva
12708,12708,2022-01-10,2022-01-12,en attente,Cousin
12709,12709,2025-02-05,2025-02-06,livrée,Peltier
12710,12710,2024-01-22,2024-01-24,en cours,Bigot Fernandez SARL
12711,12711,2025-05-10,2025-05-17,livrée,Charpentier
12712,12712,2019-07-18,2019-07-24,livrée,Grégoire Grégoire S.A.
12713,12713,2025-12-20,2025-12-26,en attente,Da Silva S.A.
12714,12714,2024-12-01,2024-12-07,en cours,Laporte
12715,12715,2024-09-23,2024-09-28,livrée,Clément
12716,12716,2021-09-05,2021-09-09,en attente,Lambert Vincent S.A.R.L.
12717,12717,2019-05-21,2019-05-26,en cours,Gay
12718,12718,2020-05-30,2020-06-02,en cours,Giraud Lévy SARL
12719,12719,2021-05-23,2021-05-27,en cours,Andre S.A.R.L.
12720,12720,2025-05-25,2025-05-28,en attente,Gaillard S.A.
12721,12721,2024-05-18,2024-05-19,livrée,Delorme S.A.R.L.
12722,12722,2023-06-19,2023-06-21,en attente,Chevalier
12723,12723,2021-07-13,2021-07-14,en attente,Lemonnier Laroche S.A.R.L.
12724,12724,2021-07-11,2021-07-18,livrée,Fernandes
12725,12725,2020-05-04,2020-05-06,en cours,Michaud
12726,12726,2019-05-12,2019-05-17,en attente,Hubert
12727,12727,2021-07-09,2021-07-10,en cours,Bodin Turpin S.A.R.L.
12728,12728,2021-11-02,2021-11-07,en cours,Meunier Meyer S.A.S.
12729,12729,2021-09-30,2021-10-02,en cours,Leduc et Fils
12730,12730,2023-11-17,2023-11-23,en cours,Bertin S.A.S.
12731,12731,2019-10-12,2019-10-13,livrée,Colas
12732,12732,2024-03-04,2024-03-08,livrée,Costa
12733,12733,2020-08-17,2020-08-23,livrée,Chrétien S.A.R.L.
12734,12734,2022-04-19,2022-04-21,en attente,Tanguy Rémy S.A.
12735,12735,2025-10-23,2025-10-25,en attente,Marchal S.A.
12736,12736,2019-02-25,2019-03-02,en cours,Verdier S.A.R.L.
12737,12737,2019-11-06,2019-11-13,en cours,Vincent
12738,12738,2021-04-21,2021-04-26,livrée,Thierry SARL
12739,12739,2020-07-12,2020-07-13,en attente,Rodriguez SA
12740,12740,2019-02-16,2019-02-20,en attente,Bonneau SA
12741,12741,2025-06-30,2025-07-02,livrée,Breton Roussel S.A.S.
12742,12742,2019-08-28,2019-09-02,en attente,Dijoux
12743,12743,2025-07-10,2025-07-17,en cours,Payet
12744,12744,2025-08-14,2025-08-20,livrée,Rousset
12745,12745,2025-10-13,2025-10-14,en cours,Roger S.A.S.
12746,12746,2022-07-03,2022-07-09,en cours,Tessier
12747,12747,2021-05-10,2021-05-12,livrée,Charrier
12748,12748,2023-06-08,2023-06-12,en cours,Rey S.A.
12749,12749,2019-04-06,2019-04-10,en cours,Huet
12750,12750,2022-05-26,2022-05-31,en attente,Delaunay
12751,12751,2023-07-16,2023-07-21,en attente,Mendès
12752,12752,2020-05-15,2020-05-18,en cours,Delannoy
12753,12753,2025-10-20,2025-10-22,en cours,Maury Barthelemy S.A.S.
12754,12754,2020-01-11,2020-01-12,en attente,Meyer
12755,12755,2024-02-03,2024-02-10,livrée,Lombard Benoit SA
12756,12756,2019-02-18,2019-02-25,livrée,Bonnin
12757,12757,2020-09-03,2020-09-07,livrée,François SA
12758,12758,2022-08-03,2022-08-06,livrée,Mathieu
12759,12759,2020-08-18,2020-08-19,en attente,Ferrand
12760,12760,2023-05-27,2023-05-29,livrée,Vasseur
12761,12761,2023-05-14,2023-05-17,en attente,Costa SA
12762,12762,2024-10-06,2024-10-11,en cours,Maurice S.A.R.L.
12763,12763,2022-10-22,2022-10-26,en cours,Gilbert
12764,12764,2024-06-05,2024-06-06,livrée,Rossi
12765,12765,2022-10-05,2022-10-10,en attente,Cordier
12766,12766,2020-06-22,2020-06-28,en attente,Allain
12767,12767,2020-06-07,2020-06-08,en attente,Potier
12768,12768,2025-10-31,2025-11-01,livrée,Lesage Vincent S.A.R.L.
12769,12769,2024-08-22,2024-08-26,livrée,Jacob
12770,12770,2024-01-24,2024-01-31,en cours,Collin
12771,12771,2020-04-09,2020-04-13,livrée,Rocher Martel SARL
12772,12772,2021-03-18,2021-03-20,en attente,Costa
12773,12773,2024-06-13,2024-06-16,en cours,Duhamel
12774,12774,2020-11-30,2020-12-05,en attente,Chauveau
12775,12775,2022-08-26,2022-09-02,en attente,Bruneau Berthelot S.A.
12776,12776,2024-01-29,2024-01-30,livrée,Poulain
12777,12777,2021-12-16,2021-12-21,livrée,Moreno
12778,12778,2019-03-30,2019-03-31,en cours,Roger Moulin S.A.S.
12779,12779,2021-06-26,2021-06-27,en attente,Da Silva
12780,12780,2025-07-18,2025-07-24,en cours,Hervé
12781,12781,2023-07-08,2023-07-09,en cours,Duval Marchal S.A.
12782,12782,2024-02-09,2024-02-15,en cours,Rivière
12783,12783,2023-11-16,2023-11-21,en cours,Dupré Olivier S.A.S.
12784,12784,2022-10-12,2022-10-17,en attente,Regnier S.A.R.L.
12785,12785,2022-05-28,2022-06-02,livrée,Barbe Goncalves S.A.
12786,12786,2023-07-27,2023-07-29,en attente,Besson
12787,12787,2019-12-24,2019-12-30,livrée,Prévost
12788,12788,2019-11-26,2019-12-03,en cours,Schmitt
12789,12789,2022-05-09,2022-05-16,en cours,Goncalves Le Roux S.A.
12790,12790,2019-04-05,2019-04-10,en cours,Morvan
12791,12791,2024-12-04,2024-12-11,livrée,Paris
12792,12792,2022-08-21,2022-08-28,en attente,Godard Gimenez S.A.S.
12793,12793,2025-11-06,2025-11-08,livrée,Morin
12794,12794,2019-04-02,2019-04-09,en attente,Rey
12795,12795,2021-02-28,2021-03-06,en cours,Dupont Lévêque S.A.S.
12796,12796,2021-10-30,2021-10-31,en attente,Leleu
12797,12797,2021-01-11,2021-01-17,livrée,Martinez
12798,12798,2020-06-16,2020-06-23,en cours,Maury S.A.S.
12799,12799,2020-04-30,2020-05-02,livrée,Lebrun
12800,12800,2019-02-04,2019-02-11,en cours,Ollivier et Fils
12801,12801,2021-08-06,2021-08-07,livrée,Pottier
12802,12802,2025-03-19,2025-03-25,en cours,Guibert S.A.R.L.
12803,12803,2024-08-30,2024-09-05,en cours,Lacombe S.A.S.
12804,12804,2025-06-27,2025-07-02,en attente,Rossi SA
12805,12805,2020-02-24,2020-02-28,en attente,Gérard Antoine S.A.R.L.
12806,12806,2021-03-22,2021-03-23,en attente,Leblanc
12807,12807,2021-03-17,2021-03-22,en cours,Lefebvre
12808,12808,2023-01-02,2023-01-08,en cours,Rodrigues SARL
12809,12809,2021-03-23,2021-03-29,livrée,Gomez SARL
12810,12810,2019-04-16,2019-04-18,en attente,Marie Bouvet S.A.
12811,12811,2022-06-18,2022-06-19,en attente,Verdier
12812,12812,2019-05-20,2019-05-22,en attente,Moreau S.A.
12813,12813,2020-03-13,2020-03-14,en cours,Denis SARL
12814,12814,2022-09-02,2022-09-05,en attente,Benoit SARL
12815,12815,2021-03-06,2021-03-10,en attente,Colin
12816,12816,2019-09-13,2019-09-19,en attente,Coulon et Fils
12817,12817,2021-07-09,2021-07-13,livrée,Tessier S.A.S.
12818,12818,2023-02-18,2023-02-19,en cours,Lacombe S.A.
12819,12819,2019-02-17,2019-02-19,livrée,Daniel Thibault et Fils
12820,12820,2020-10-18,2020-10-21,en cours,Grondin
12821,12821,2020-06-15,2020-06-18,en cours,Perez
12822,12822,2022-05-11,2022-05-13,en cours,Blanchet Marty SA
12823,12823,2022-07-27,2022-08-03,en cours,Voisin Meyer et Fils
12824,12824,2022-05-30,2022-06-06,en cours,Gilles
12825,12825,2024-06-08,2024-06-13,en cours,Berger
12826,12826,2020-03-28,2020-03-30,livrée,Guillot
12827,12827,2024-06-28,2024-07-05,en attente,Gaillard
12828,12828,2021-09-23,2021-09-29,en cours,Potier
12829,12829,2019-07-17,2019-07-18,en attente,Barthelemy Gaillard SA
12830,12830,2020-10-11,2020-10-18,en attente,Marty
12831,12831,2021-09-10,2021-09-14,en cours,Louis
12832,12832,2022-01-11,2022-01-15,livrée,Turpin SARL
12833,12833,2021-07-02,2021-07-03,en attente,Wagner SA
12834,12834,2024-10-27,2024-10-30,livrée,Bousquet Delmas et Fils
12835,12835,2024-04-09,2024-04-14,livrée,Charrier S.A.
12836,12836,2024-01-11,2024-01-15,en attente,Rivière Fournier S.A.
12837,12837,2025-12-28,2025-12-31,en cours,Martins S.A.
12838,12838,2024-05-16,2024-05-23,en cours,Regnier
12839,12839,2019-02-03,2019-02-10,en attente,Colas
12840,12840,2024-04-30,2024-05-06,en attente,Parent
12841,12841,2025-03-25,2025-03-27,livrée,Petit
12842,12842,2022-02-04,2022-02-06,en cours,Laine S.A.R.L.
12843,12843,2021-05-07,2021-05-13,en cours,Dupuis Carre S.A.
12844,12844,2019-01-25,2019-01-31,en attente,Lefèvre
12845,12845,2022-02-12,2022-02-18,livrée,Philippe
12846,12846,2024-09-29,2024-10-03,en cours,Bodin Lebrun SARL
12847,12847,2020-07-23,2020-07-28,en attente,Charrier SA
12848,12848,2023-09-19,2023-09-25,livrée,Benard S.A.
12849,12849,2023-03-16,2023-03-20,livrée,Vallet
12850,12850,2024-02-27,2024-03-04,livrée,Chevallier S.A.S.
12851,12851,2023-04-16,2023-04-17,livrée,Mary
12852,12852,2020-06-20,2020-06-23,en cours,Guillot
12853,12853,2025-10-01,2025-10-07,en cours,Mathieu S.A.R.L.
12854,12854,2022-06-30,2022-07-05,en cours,Loiseau S.A.R.L.
12855,12855,2023-07-08,2023-07-12,en attente,Bigot
12856,12856,2024-08-03,2024-08-10,en cours,Lefèvre
12857,12857,2021-01-22,2021-01-24,en cours,Fischer
12858,12858,2021-02-13,2021-02-14,livrée,Roussel SARL
12859,12859,2025-05-23,2025-05-24,en cours,Baron Klein SA
12860,12860,2024-02-25,2024-03-02,en attente,Lévy
12861,12861,2024-12-03,2024-12-05,en attente,Delorme SARL
12862,12862,2023-12-27,2023-12-30,en cours,Aubert Maury SA
12863,12863,2019-06-22,2019-06-26,en cours,Barthelemy Breton S.A.R.L.
12864,12864,2023-10-19,2023-10-22,en cours,Menard
12865,12865,2024-12-18,2024-12-20,livrée,Sanchez
12866,12866,2023-01-06,2023-01-07,livrée,Lopez
12867,12867,2023-06-09,2023-06-12,en cours,Jacques et Fils
12868,12868,2022-10-01,2022-10-04,en cours,Faivre SARL
12869,12869,2019-06-12,2019-06-17,en attente,Traore
12870,12870,2019-12-21,2019-12-28,livrée,Hoareau
12871,12871,2023-09-24,2023-09-29,en attente,Moreau SA
12872,12872,2022-06-24,2022-06-25,en attente,Simon
12873,12873,2019-08-16,2019-08-18,en attente,Martinez Pruvost S.A.S.
12874,12874,2022-09-27,2022-09-29,en cours,Merle
12875,12875,2022-09-20,2022-09-23,en cours,Prévost SARL
12876,12876,2020-05-05,2020-05-06,en cours,Munoz Valentin et Fils
12877,12877,2020-03-05,2020-03-10,livrée,Lemaire Bruneau et Fils
12878,12878,2024-07-28,2024-07-31,en attente,Noël S.A.R.L.
12879,12879,2019-08-29,2019-08-30,livrée,Da Silva
12880,12880,2023-09-01,2023-09-07,en attente,Pereira Dupont et Fils
12881,12881,2023-05-10,2023-05-17,en attente,David
12882,12882,2020-01-04,2020-01-11,en attente,Bruneau SARL
12883,12883,2024-05-15,2024-05-16,en cours,Blin Peron SARL
12884,12884,2022-04-12,2022-04-18,livrée,Martin Laine S.A.S.
12885,12885,2022-11-22,2022-11-28,en cours,Rémy
12886,12886,2019-05-03,2019-05-05,en attente,Rey
12887,12887,2021-12-14,2021-12-15,en cours,Raymond
12888,12888,2023-08-16,2023-08-22,en cours,Dubois SARL
12889,12889,2021-08-02,2021-08-07,livrée,Weiss
12890,12890,2024-06-30,2024-07-03,livrée,Meyer S.A.
12891,12891,2024-12-24,2024-12-31,en attente,Rousseau
12892,12892,2019-08-12,2019-08-17,en attente,Hervé
12893,12893,2020-01-17,2020-01-20,en attente,Diaz
12894,12894,2023-05-30,2023-06-02,en cours,Perrier
12895,12895,2019-02-13,2019-02-19,en attente,Leroy
12896,12896,2024-12-26,2025-01-02,livrée,Fernandes
12897,12897,2021-12-17,2021-12-24,livrée,Caron
12898,12898,2019-06-11,2019-06-14,en attente,Boulay et Fils
12899,12899,2024-01-03,2024-01-07,en cours,Hamon
12900,12900,2024-05-13,2024-05-20,en attente,Besson
12901,12901,2023-10-06,2023-10-12,livrée,Rocher Maréchal SA
12902,12902,2024-02-17,2024-02-18,en cours,Bonneau S.A.
12903,12903,2025-02-27,2025-03-01,en attente,Lenoir
12904,12904,2024-07-19,2024-07-21,en attente,Perrier S.A.
12905,12905,2024-10-06,2024-10-07,en cours,Torres
12906,12906,2024-08-12,2024-08-18,livrée,Turpin Potier S.A.R.L.
12907,12907,2025-03-05,2025-03-06,en attente,Bailly
12908,12908,2022-12-01,2022-12-03,en cours,Besnard
12909,12909,2019-08-23,2019-08-25,en attente,Nguyen
12910,12910,2022-07-21,2022-07-27,en cours,Ribeiro
12911,12911,2020-05-28,2020-05-30,en attente,Duval
12912,12912,2021-05-15,2021-05-22,en cours,Dos Santos S.A.R.L.
12913,12913,2022-03-07,2022-03-09,livrée,Dupont Lesage S.A.S.
12914,12914,2022-09-13,2022-09-15,en cours,Imbert Gauthier S.A.S.
12915,12915,2023-12-02,2023-12-09,en attente,Perez
12916,12916,2020-10-07,2020-10-10,en attente,Pons
12917,12917,2025-03-02,2025-03-09,livrée,Traore
12918,12918,2021-12-31,2022-01-05,en cours,Chevalier Boutin S.A.S.
12919,12919,2020-10-04,2020-10-05,en cours,Julien
12920,12920,2020-07-26,2020-08-01,livrée,Carpentier
12921,12921,2024-04-29,2024-05-05,en cours,Guyon S.A.S.
12922,12922,2023-01-11,2023-01-13,en cours,Seguin Rolland S.A.S.
12923,12923,2019-06-22,2019-06-26,livrée,Martins Lopez SARL
12924,12924,2026-01-02,2026-01-04,en attente,Lefort S.A.
12925,12925,2022-06-18,2022-06-21,en cours,Denis
12926,12926,2019-06-15,2019-06-16,en attente,Becker
12927,12927,2019-06-21,2019-06-25,en attente,Renaud SARL
12928,12928,2022-11-27,2022-12-02,livrée,Maillard
12929,12929,2022-01-01,2022-01-02,en attente,Leroy S.A.R.L.
12930,12930,2023-12-06,2023-12-09,en attente,Leconte
12931,12931,2021-11-03,2021-11-05,en cours,Dos Santos
12932,12932,2021-11-27,2021-11-29,en attente,Blondel Pereira S.A.R.L.
12933,12933,2019-02-15,2019-02-17,en cours,Dupuy
12934,12934,2019-12-17,2019-12-22,livrée,Guérin
12935,12935,2021-08-21,2021-08-23,livrée,Blin Martins S.A.R.L.
12936,12936,2024-05-27,2024-05-29,en cours,Petit Hernandez SA
12937,12937,2025-10-31,2025-11-03,en attente,Jacques
12938,12938,2023-05-18,2023-05-19,en attente,Hoareau
12939,12939,2023-06-22,2023-06-27,livrée,Garcia Guérin SARL
12940,12940,2021-01-21,2021-01-24,en attente,Traore Voisin et Fils
12941,12941,2021-08-03,2021-08-10,en cours,Lopez Blin SA
12942,12942,2023-08-02,2023-08-04,en attente,Blanchard
12943,12943,2019-07-31,2019-08-04,en attente,Lemaître
12944,12944,2024-09-23,2024-09-28,en cours,Gillet
12945,12945,2022-08-03,2022-08-10,en cours,Blanc Maillet S.A.
12946,12946,2020-06-24,2020-06-25,livrée,Bousquet
12947,12947,2019-07-04,2019-07-10,livrée,Paris Rousset S.A.R.L.
12948,12948,2021-05-14,2021-05-15,en attente,Gaillard
12949,12949,2025-01-25,2025-01-30,en attente,Deschamps S.A.
12950,12950,2021-11-05,2021-11-09,livrée,Fernandes et Fils
12951,12951,2025-10-14,2025-10-15,en attente,Gilbert Camus S.A.
12952,12952,2020-01-19,2020-01-21,en cours,Ramos S.A.S.
12953,12953,2023-11-26,2023-11-28,en attente,Schmitt
12954,12954,2025-03-02,2025-03-03,en attente,Didier
12955,12955,2024-03-11,2024-03-17,en attente,Vincent et Fils
12956,12956,2024-03-11,2024-03-13,en attente,Moreno
12957,12957,2021-07-20,2021-07-21,en attente,Faivre Mendès S.A.
12958,12958,2023-10-28,2023-11-03,livrée,Mary Vallée et Fils
12959,12959,2025-03-12,2025-03-19,livrée,Chauvet
12960,12960,2021-05-16,2021-05-17,en cours,Grondin S.A.
12961,12961,2021-12-08,2021-12-12,livrée,Vallée
12962,12962,2019-07-12,2019-07-17,en attente,Leduc Grenier S.A.
12963,12963,2019-11-13,2019-11-18,en cours,Chevalier SARL
12964,12964,2024-02-01,2024-02-07,en cours,Rousset
12965,12965,2022-06-01,2022-06-04,en cours,Boulay
12966,12966,2020-03-18,2020-03-22,en attente,Mathieu S.A.R.L.
12967,12967,2022-02-16,2022-02-22,en attente,Besson S.A.R.L.
12968,12968,2023-05-17,2023-05-18,en cours,Fernandez Rodriguez et Fils
12969,12969,2025-05-20,2025-05-23,en cours,Moreno
12970,12970,2024-01-20,2024-01-26,livrée,Morvan
12971,12971,2020-06-19,2020-06-21,livrée,Guillon François SARL
12972,12972,2024-01-26,2024-02-02,livrée,Laurent Pinto S.A.S.
12973,12973,2021-08-25,2021-08-30,en attente,Boyer
12974,12974,2021-04-24,2021-04-25,en cours,Rossi SARL
12975,12975,2020-07-02,2020-07-03,livrée,Gomes
12976,12976,2025-07-21,2025-07-23,en cours,Maillard
12977,12977,2024-11-30,2024-12-05,livrée,Salmon
12978,12978,2022-03-29,2022-04-04,livrée,Lévêque Normand SARL
12979,12979,2023-07-21,2023-07-27,en cours,Lefort S.A.
12980,12980,2020-08-11,2020-08-13,en cours,Toussaint et Fils
12981,12981,2020-12-25,2021-01-01,en attente,Pineau S.A.
12982,12982,2021-11-08,2021-11-09,en attente,Wagner
12983,12983,2022-05-04,2022-05-09,livrée,Mary
12984,12984,2024-12-22,2024-12-23,en attente,Weber Rémy SA
12985,12985,2025-02-18,2025-02-23,en attente,Foucher
12986,12986,2023-04-05,2023-04-11,livrée,Guillon
12987,12987,2023-01-14,2023-01-16,en cours,Brunet
12988,12988,2023-01-28,2023-01-31,en cours,Leclerc S.A.
12989,12989,2021-06-22,2021-06-24,livrée,Lopes SA
12990,12990,2020-01-22,2020-01-23,en cours,Dubois
12991,12991,2021-11-30,2021-12-03,en attente,Traore et Fils
12992,12992,2023-07-31,2023-08-03,livrée,Étienne S.A.S.
12993,12993,2025-12-19,2025-12-23,livrée,Mary Mace S.A.S.
12994,12994,2022-06-27,2022-07-01,en cours,Da Silva
12995,12995,2025-06-21,2025-06-26,en cours,Seguin S.A.
12996,12996,2020-08-27,2020-08-30,en cours,Charpentier S.A.S.
12997,12997,2023-05-02,2023-05-07,en cours,Martel
12998,12998,2023-12-26,2023-12-28,livrée,Bouvet
12999,12999,2021-06-29,2021-06-30,en cours,Roux
13000,13000,2025-04-22,2025-04-27,en attente,Jacquot et Fils
13001,13001,2020-03-28,2020-04-01,en cours,Ledoux Carlier et Fils
13002,13002,2022-08-10,2022-08-11,en cours,Delaunay S.A.
13003,13003,2024-11-30,2024-12-05,livrée,Le Roux
13004,13004,2020-01-06,2020-01-09,livrée,Gomez
13005,13005,2020-10-28,2020-11-02,en attente,Voisin Leroy S.A.
13006,13006,2021-02-14,2021-02-19,en attente,Faure Philippe S.A.S.
13007,13007,2020-11-18,2020-11-25,livrée,Prévost
13008,13008,2020-10-02,2020-10-03,en attente,Auger SARL
13009,13009,2023-05-25,2023-05-28,en cours,David S.A.S.
13010,13010,2023-09-20,2023-09-22,livrée,Carlier
13011,13011,2020-09-11,2020-09-15,livrée,Roussel et Fils
13012,13012,2024-02-23,2024-03-01,en attente,Simon
13013,13013,2023-07-30,2023-08-04,en cours,Allard S.A.
13014,13014,2024-07-07,2024-07-08,en attente,Thomas
13015,13015,2025-04-09,2025-04-14,en attente,Gilles S.A.R.L.
13016,13016,2024-02-04,2024-02-06,livrée,Poirier Mary SA
13017,13017,2019-08-29,2019-08-30,en cours,Lecoq Coulon S.A.R.L.
13018,13018,2023-03-14,2023-03-19,livrée,Blanchet Albert S.A.S.
13019,13019,2023-03-01,2023-03-03,en attente,Vaillant et Fils
13020,13020,2019-08-11,2019-08-16,en attente,Rodrigues
13021,13021,2021-06-26,2021-06-29,en attente,Mathieu S.A.S.
13022,13022,2021-03-21,2021-03-22,livrée,Barre
13023,13023,2024-05-02,2024-05-05,en cours,Grondin Simon et Fils
13024,13024,2021-08-10,2021-08-11,en cours,Langlois S.A.
13025,13025,2020-04-19,2020-04-24,en attente,Simon S.A.
13026,13026,2019-02-10,2019-02-17,en cours,Navarro
13027,13027,2019-10-29,2019-11-01,en cours,Clément
13028,13028,2020-01-19,2020-01-20,en attente,Aubry
13029,13029,2020-09-19,2020-09-25,en cours,Guérin
13030,13030,2019-11-07,2019-11-10,en cours,Blanchard S.A.
13031,13031,2024-08-06,2024-08-11,en attente,Benoit SARL
13032,13032,2022-01-22,2022-01-25,livrée,Samson Dias SA
13033,13033,2024-06-11,2024-06-18,en attente,Fontaine Masse S.A.S.
13034,13034,2023-12-21,2023-12-27,livrée,Normand
13035,13035,2020-07-09,2020-07-14,en attente,Bernier Peron S.A.
13036,13036,2025-07-12,2025-07-16,en attente,Gomez Moreno S.A.
13037,13037,2020-09-26,2020-09-27,livrée,Arnaud
13038,13038,2025-11-30,2025-12-02,en attente,Marty François SA
13039,13039,2022-09-10,2022-09-13,livrée,Labbé S.A.R.L.
13040,13040,2020-08-31,2020-09-07,en cours,Diaz et Fils
13041,13041,2023-01-02,2023-01-07,en cours,Berthelot et Fils
13042,13042,2025-08-06,2025-08-07,en cours,Imbert SA
13043,13043,2021-12-26,2021-12-31,livrée,Louis
13044,13044,2023-09-07,2023-09-09,en cours,Gomez SA
13045,13045,2021-11-09,2021-11-16,livrée,Gallet
13046,13046,2019-03-30,2019-04-03,en cours,Nicolas
13047,13047,2019-06-04,2019-06-11,en attente,Joubert
13048,13048,2022-08-21,2022-08-26,en cours,Prévost S.A.S.
13049,13049,2021-03-31,2021-04-03,en attente,Marie
13050,13050,2022-10-07,2022-10-12,en attente,Weber Delattre SA
13051,13051,2021-08-19,2021-08-22,en cours,Grenier S.A.S.
13052,13052,2025-01-26,2025-02-02,en cours,Monnier S.A.R.L.
13053,13053,2024-09-25,2024-09-26,en cours,Andre Leclercq et Fils
13054,13054,2025-11-11,2025-11-12,en attente,Pierre
13055,13055,2020-01-09,2020-01-11,en attente,Lelièvre
13056,13056,2020-04-15,2020-04-22,en cours,Lévêque SARL
13057,13057,2023-04-14,2023-04-17,en cours,Lecoq Guérin et Fils
13058,13058,2025-09-14,2025-09-19,en attente,Neveu
13059,13059,2023-08-15,2023-08-22,livrée,Courtois Boutin S.A.R.L.
13060,13060,2023-04-15,2023-04-21,en cours,Blanc
13061,13061,2025-06-22,2025-06-24,livrée,Labbé
13062,13062,2022-06-22,2022-06-24,en cours,Paris et Fils
13063,13063,2022-05-21,2022-05-27,en attente,Léger
13064,13064,2021-04-01,2021-04-06,en attente,Hamon
13065,13065,2019-10-31,2019-11-07,en cours,Guilbert
13066,13066,2019-03-02,2019-03-06,livrée,Briand SA
13067,13067,2023-08-30,2023-09-01,en attente,Maréchal
13068,13068,2024-10-14,2024-10-21,en attente,Clerc Barbe S.A.R.L.
13069,13069,2022-04-15,2022-04-21,en attente,Gillet Léger SA
13070,13070,2023-03-03,2023-03-07,en cours,Albert
13071,13071,2021-10-22,2021-10-24,en attente,Fontaine
13072,13072,2023-07-25,2023-07-31,livrée,Berthelot
13073,13073,2023-10-29,2023-11-03,en cours,François
13074,13074,2021-09-21,2021-09-28,en attente,Maillet
13075,13075,2020-05-04,2020-05-08,en cours,Girard
13076,13076,2019-12-15,2019-12-17,en cours,Roussel
13077,13077,2025-01-12,2025-01-18,en cours,Fleury Pierre SARL
13078,13078,2019-10-05,2019-10-12,en attente,Dupuis Martel S.A.S.
13079,13079,2025-01-13,2025-01-18,livrée,Hoarau Dupuy et Fils
13080,13080,2024-02-13,2024-02-19,en attente,Laporte
13081,13081,2023-08-08,2023-08-15,en attente,Pereira et Fils
13082,13082,2023-05-28,2023-06-03,livrée,Bailly
13083,13083,2019-05-03,2019-05-07,en attente,Labbé
13084,13084,2019-10-18,2019-10-21,en attente,Leroy
13085,13085,2025-03-29,2025-03-31,livrée,Lagarde
13086,13086,2020-05-19,2020-05-24,en attente,Lombard et Fils
13087,13087,2020-06-22,2020-06-29,en attente,Texier Gaudin S.A.S.
13088,13088,2022-01-08,2022-01-13,livrée,Navarro
13089,13089,2019-07-27,2019-07-30,livrée,Meunier SARL
13090,13090,2021-07-18,2021-07-20,en cours,Renaud
13091,13091,2020-09-16,2020-09-19,en attente,Guillot et Fils
13092,13092,2019-10-18,2019-10-25,livrée,Lenoir
13093,13093,2021-06-23,2021-06-29,en cours,Lacombe
13094,13094,2020-11-10,2020-11-11,en cours,Roussel Labbé SA
13095,13095,2020-05-25,2020-05-26,livrée,Gérard
13096,13096,2020-05-12,2020-05-13,en attente,Boutin
13097,13097,2022-05-10,2022-05-12,livrée,Laroche SARL
13098,13098,2022-09-19,2022-09-20,en attente,Letellier S.A.
13099,13099,2021-05-13,2021-05-19,en cours,Chauvin S.A.S.
13100,13100,2024-05-10,2024-05-11,livrée,Lenoir Lévy SARL
13101,13101,2025-11-26,2025-11-28,livrée,Leclerc et Fils
13102,13102,2020-09-08,2020-09-15,livrée,Lagarde
13103,13103,2019-07-31,2019-08-07,en cours,Pineau
13104,13104,2021-02-12,2021-02-15,en attente,Menard
13105,13105,2025-05-24,2025-05-25,en attente,Alves
13106,13106,2022-01-10,2022-01-13,livrée,Texier S.A.
13107,13107,2025-06-26,2025-06-27,en attente,Jacques SA
13108,13108,2020-06-24,2020-06-26,en attente,Lambert SA
13109,13109,2022-04-09,2022-04-16,en cours,Fontaine
13110,13110,2019-01-30,2019-01-31,en cours,De Sousa Marion et Fils
13111,13111,2025-07-03,2025-07-07,en cours,Masse
13112,13112,2020-01-11,2020-01-16,en cours,Delahaye
13113,13113,2024-06-26,2024-06-28,en attente,Dubois Ollivier et Fils
13114,13114,2022-03-12,2022-03-13,en attente,Martel et Fils
13115,13115,2020-11-19,2020-11-21,livrée,Pons Payet S.A.S.
13116,13116,2025-12-06,2025-12-08,livrée,Philippe Lopes S.A.S.
13117,13117,2022-12-30,2023-01-06,livrée,Georges
13118,13118,2025-05-24,2025-05-25,en cours,Blanchard S.A.
13119,13119,2024-03-28,2024-03-30,en cours,Hubert
13120,13120,2021-07-06,2021-07-07,livrée,Lévêque SARL
13121,13121,2022-04-16,2022-04-22,en cours,Perret
13122,13122,2021-04-09,2021-04-13,en cours,Muller
13123,13123,2021-08-06,2021-08-10,en attente,Marchal
13124,13124,2025-08-07,2025-08-08,en attente,Loiseau SA
13125,13125,2025-02-26,2025-03-05,en cours,Chevalier Robin et Fils
13126,13126,2023-08-02,2023-08-09,en cours,Vaillant
13127,13127,2021-03-23,2021-03-24,en attente,Jacquet
13128,13128,2021-04-11,2021-04-15,livrée,Ollivier
13129,13129,2020-11-22,2020-11-28,livrée,Thierry S.A.S.
13130,13130,2019-08-02,2019-08-05,en cours,Navarro S.A.S.
13131,13131,2020-11-18,2020-11-20,livrée,Guillet
13132,13132,2019-12-23,2019-12-26,en attente,Morvan Jourdan S.A.
13133,13133,2019-08-01,2019-08-05,en cours,Jacques
13134,13134,2020-02-27,2020-02-29,en attente,Alves S.A.
13135,13135,2019-03-12,2019-03-16,en cours,Fouquet Charles SA
13136,13136,2022-10-31,2022-11-03,livrée,Maillot SA
13137,13137,2025-05-22,2025-05-23,en attente,Guillot
13138,13138,2022-08-04,2022-08-07,livrée,Lebon
13139,13139,2020-03-31,2020-04-01,livrée,Roger
13140,13140,2021-04-06,2021-04-07,en attente,Jacques S.A.
13141,13141,2022-12-22,2022-12-26,en cours,Bigot
13142,13142,2019-01-07,2019-01-14,livrée,Faure Petitjean SARL
13143,13143,2019-05-27,2019-05-30,en cours,Perrin SA
13144,13144,2025-01-23,2025-01-26,livrée,Petit
13145,13145,2019-12-21,2019-12-25,livrée,Daniel
13146,13146,2021-02-28,2021-03-04,en attente,Bouchet
13147,13147,2022-11-13,2022-11-20,en attente,Pasquier
13148,13148,2022-04-20,2022-04-27,livrée,Charrier Briand S.A.
13149,13149,2024-04-26,2024-05-01,en cours,Legros
13150,13150,2021-10-03,2021-10-05,en attente,Lejeune
13151,13151,2023-06-06,2023-06-10,en cours,Marion
13152,13152,2023-06-22,2023-06-27,livrée,Tessier
13153,13153,2022-12-22,2022-12-27,en attente,Lacombe S.A.S.
13154,13154,2025-12-10,2025-12-15,en attente,Da Costa
13155,13155,2019-01-14,2019-01-19,livrée,Pinto
13156,13156,2023-12-26,2024-01-01,livrée,Bazin Leroy SA
13157,13157,2025-06-04,2025-06-06,livrée,Langlois
13158,13158,2019-04-25,2019-04-29,en cours,Lemaire S.A.S.
13159,13159,2023-11-23,2023-11-28,livrée,Allard
13160,13160,2021-09-09,2021-09-16,livrée,Gallet
13161,13161,2022-09-29,2022-09-30,livrée,Bernier Dufour SA
13162,13162,2019-12-17,2019-12-18,livrée,Parent Henry SARL
13163,13163,2024-10-24,2024-10-26,en cours,Thibault S.A.S.
13164,13164,2020-01-16,2020-01-19,en attente,Denis et Fils
13165,13165,2020-02-25,2020-02-26,en cours,Clément
13166,13166,2022-03-17,2022-03-18,en cours,Maillot S.A.S.
13167,13167,2020-11-29,2020-12-01,en attente,Lamy
13168,13168,2021-10-07,2021-10-14,en attente,François Lebrun S.A.S.
13169,13169,2019-07-31,2019-08-06,en attente,Dijoux Muller SARL
13170,13170,2022-04-26,2022-04-27,en cours,Lefèvre et Fils
13171,13171,2019-11-20,2019-11-25,en attente,Schmitt
13172,13172,2023-02-12,2023-02-17,livrée,Fontaine Teixeira et Fils
13173,13173,2020-09-02,2020-09-06,en attente,Pascal
13174,13174,2020-08-01,2020-08-05,en cours,Pages SARL
13175,13175,2022-07-29,2022-08-04,en attente,Maillard SA
13176,13176,2020-09-28,2020-10-02,en attente,Rodriguez Imbert SA
13177,13177,2024-03-03,2024-03-07,livrée,Lombard S.A.
13178,13178,2019-06-26,2019-07-02,en attente,Barbier S.A.S.
13179,13179,2025-10-04,2025-10-05,en attente,Peron et Fils
13180,13180,2021-01-05,2021-01-12,en attente,Thomas S.A.
13181,13181,2025-12-23,2025-12-28,en cours,Perrin SA
13182,13182,2022-03-31,2022-04-06,livrée,Texier François S.A.
13183,13183,2023-03-07,2023-03-12,livrée,Collet Lombard et Fils
13184,13184,2021-07-04,2021-07-10,en cours,Ruiz Joseph S.A.
13185,13185,2021-06-30,2021-07-02,en attente,Rousset
13186,13186,2019-11-06,2019-11-12,en attente,Peltier
13187,13187,2023-06-23,2023-06-27,en attente,Raynaud
13188,13188,2021-11-26,2021-11-27,en cours,Baron
13189,13189,2024-06-04,2024-06-07,en cours,Poirier Lévy SARL
13190,13190,2021-12-06,2021-12-13,en attente,Philippe Royer S.A.R.L.
13191,13191,2022-04-12,2022-04-18,en cours,Descamps
13192,13192,2021-04-22,2021-04-24,livrée,Garnier S.A.
13193,13193,2023-01-22,2023-01-23,en cours,Ribeiro
13194,13194,2025-04-06,2025-04-13,livrée,Rocher
13195,13195,2019-05-06,2019-05-13,en cours,Lebreton
13196,13196,2022-01-25,2022-01-28,en cours,Bailly
13197,13197,2020-05-03,2020-05-06,en cours,Pichon
13198,13198,2020-11-17,2020-11-23,livrée,Prévost
13199,13199,2019-07-05,2019-07-10,livrée,Delorme Chevallier et Fils
13200,13200,2024-02-01,2024-02-08,livrée,Moulin
13201,13201,2021-02-20,2021-02-26,en cours,Roy
13202,13202,2024-04-18,2024-04-24,livrée,Bouvet Lagarde et Fils
13203,13203,2025-07-06,2025-07-12,en attente,Laurent
13204,13204,2024-09-06,2024-09-12,en cours,Guillou SA
13205,13205,2020-12-11,2020-12-14,en attente,Gauthier
13206,13206,2019-08-01,2019-08-02,en attente,Lacombe SA
13207,13207,2020-09-18,2020-09-21,en attente,Grondin Léger S.A.
13208,13208,2024-06-22,2024-06-26,livrée,Lesage Roussel S.A.
13209,13209,2020-03-26,2020-03-29,en attente,Delahaye
13210,13210,2024-10-17,2024-10-19,en attente,Delorme S.A.S.
13211,13211,2023-11-15,2023-11-20,livrée,Vasseur
13212,13212,2019-07-22,2019-07-24,en cours,Munoz S.A.R.L.
13213,13213,2023-03-09,2023-03-13,livrée,Colin
13214,13214,2021-04-30,2021-05-07,livrée,Bazin
13215,13215,2020-05-20,2020-05-26,en cours,Peltier SARL
13216,13216,2021-11-05,2021-11-07,en cours,Martineau
13217,13217,2023-09-22,2023-09-26,livrée,Giraud
13218,13218,2020-09-03,2020-09-09,en attente,Meyer Buisson SA
13219,13219,2023-08-31,2023-09-03,en attente,Camus
13220,13220,2024-11-23,2024-11-26,en attente,Charpentier
13221,13221,2023-09-01,2023-09-07,en cours,Guérin Boucher SA
13222,13222,2024-12-06,2024-12-08,en attente,Raymond SARL
13223,13223,2025-01-03,2025-01-07,en cours,Leblanc Blanchard S.A.S.
13224,13224,2019-11-20,2019-11-25,en cours,Rivière
13225,13225,2019-07-24,2019-07-31,livrée,Duval
13226,13226,2021-10-02,2021-10-03,livrée,Sauvage
13227,13227,2021-02-24,2021-03-03,livrée,Guérin
13228,13228,2022-08-27,2022-08-30,en attente,Bousquet
13229,13229,2025-08-13,2025-08-20,en attente,Briand Tessier SA
13230,13230,2023-02-13,2023-02-16,livrée,Barbier S.A.
13231,13231,2023-01-24,2023-01-28,en attente,Berthelot
13232,13232,2021-11-04,2021-11-10,en cours,Lévy
13233,13233,2022-11-25,2022-12-01,en attente,Vasseur S.A.S.
13234,13234,2025-04-17,2025-04-20,livrée,Clément S.A.R.L.
13235,13235,2021-06-18,2021-06-20,livrée,Hardy
13236,13236,2020-04-10,2020-04-12,livrée,Peron
13237,13237,2021-05-10,2021-05-16,en attente,Lefebvre S.A.
13238,13238,2021-09-20,2021-09-23,en attente,Georges Bazin S.A.S.
13239,13239,2020-04-29,2020-05-04,livrée,Rodriguez Dupont S.A.S.
13240,13240,2023-01-17,2023-01-18,livrée,Pasquier et Fils
13241,13241,2021-05-04,2021-05-08,en cours,Mendès Delannoy et Fils
13242,13242,2021-08-28,2021-09-02,en attente,Pons
13243,13243,2023-10-04,2023-10-09,livrée,Weber
13244,13244,2024-09-12,2024-09-18,livrée,Rodrigues
13245,13245,2025-01-20,2025-01-27,en attente,Le Roux Renard S.A.R.L.
13246,13246,2021-10-15,2021-10-16,livrée,Albert Lucas SA
13247,13247,2019-04-26,2019-04-29,livrée,Bailly
13248,13248,2023-09-02,2023-09-03,en cours,Lenoir
13249,13249,2022-07-14,2022-07-19,en attente,Chevallier
13250,13250,2021-10-24,2021-10-30,livrée,Guillot
13251,13251,2020-07-18,2020-07-22,livrée,Étienne
13252,13252,2024-01-27,2024-01-30,en attente,Weiss
13253,13253,2025-12-31,2026-01-05,livrée,Perrot
13254,13254,2022-12-24,2022-12-26,livrée,Breton S.A.R.L.
13255,13255,2024-02-25,2024-03-03,en attente,Carlier
13256,13256,2020-04-11,2020-04-13,en cours,Leclercq Joly S.A.
13257,13257,2020-09-16,2020-09-22,en attente,Lebon
13258,13258,2024-12-12,2024-12-18,livrée,Jean
13259,13259,2021-07-07,2021-07-11,en attente,Bousquet Lebreton S.A.
13260,13260,2023-02-14,2023-02-15,livrée,Leroy SARL
13261,13261,2020-01-17,2020-01-21,en attente,Maurice SARL
13262,13262,2019-03-05,2019-03-08,en attente,Gay S.A.S.
13263,13263,2024-12-11,2024-12-12,en cours,Albert
13264,13264,2021-02-05,2021-02-06,livrée,Lejeune
13265,13265,2020-05-19,2020-05-21,en cours,Poulain
13266,13266,2020-07-25,2020-07-31,en cours,Hebert S.A.S.
13267,13267,2024-08-30,2024-09-05,livrée,Moreno
13268,13268,2021-12-21,2021-12-25,en attente,Barre
13269,13269,2022-10-12,2022-10-17,livrée,Berthelot
13270,13270,2020-01-27,2020-01-31,en cours,Blondel
13271,13271,2023-07-17,2023-07-18,en attente,Étienne
13272,13272,2021-08-15,2021-08-20,en cours,Foucher
13273,13273,2023-08-30,2023-08-31,en cours,Noël
13274,13274,2020-05-05,2020-05-11,en cours,Fontaine
13275,13275,2024-04-19,2024-04-22,en attente,Delahaye S.A.
13276,13276,2022-05-17,2022-05-19,en attente,Faivre Masse S.A.R.L.
13277,13277,2025-04-02,2025-04-07,en cours,Dufour
13278,13278,2022-06-01,2022-06-07,en cours,Coulon
13279,13279,2023-04-26,2023-04-30,livrée,Leduc Blanchard S.A.R.L.
13280,13280,2022-10-19,2022-10-23,en attente,Perrier S.A.R.L.
13281,13281,2022-06-03,2022-06-06,en cours,Perrot SARL
13282,13282,2023-08-28,2023-09-04,livrée,Petitjean
13283,13283,2024-01-07,2024-01-12,en cours,Léger Salmon et Fils
13284,13284,2023-05-29,2023-06-01,livrée,Bruneau
13285,13285,2024-09-26,2024-10-02,livrée,Schmitt et Fils
13286,13286,2024-01-28,2024-02-01,en attente,Langlois Caron et Fils
13287,13287,2021-09-18,2021-09-21,livrée,Dubois
13288,13288,2021-12-01,2021-12-08,livrée,Potier
13289,13289,2020-01-13,2020-01-19,en cours,Normand
13290,13290,2019-10-28,2019-11-04,en attente,Mace
13291,13291,2020-01-31,2020-02-07,en attente,Aubert
13292,13292,2022-10-13,2022-10-15,en cours,Briand
13293,13293,2023-06-15,2023-06-18,livrée,Chevalier S.A.
13294,13294,2023-09-19,2023-09-22,en attente,Gonzalez Lucas et Fils
13295,13295,2025-04-09,2025-04-16,en attente,Prévost
13296,13296,2023-09-09,2023-09-13,en cours,Leleu Humbert et Fils
13297,13297,2022-05-06,2022-05-07,livrée,Bourgeois
13298,13298,2020-11-13,2020-11-18,en cours,Baudry SA
13299,13299,2023-10-29,2023-10-30,en attente,Blin et Fils
13300,13300,2020-06-22,2020-06-23,en cours,Royer S.A.S.
13301,13301,2019-05-13,2019-05-17,en cours,Texier et Fils
13302,13302,2021-04-11,2021-04-15,livrée,Letellier S.A.S.
13303,13303,2025-06-03,2025-06-06,livrée,Legros
13304,13304,2021-04-26,2021-04-28,en cours,Teixeira SA
13305,13305,2025-02-22,2025-02-27,livrée,Morin SARL
13306,13306,2023-06-12,2023-06-16,en attente,Coulon SA
13307,13307,2025-11-14,2025-11-21,en attente,Albert
13308,13308,2019-04-17,2019-04-20,livrée,Legrand
13309,13309,2024-10-16,2024-10-19,livrée,Rousseau
13310,13310,2019-08-17,2019-08-20,en attente,Toussaint Poirier S.A.S.
13311,13311,2025-02-18,2025-02-25,en attente,Godard
13312,13312,2019-05-19,2019-05-20,livrée,Potier Lesage S.A.R.L.
13313,13313,2019-10-28,2019-11-04,en cours,David
13314,13314,2022-03-07,2022-03-09,en cours,Leclercq
13315,13315,2019-04-28,2019-05-05,en attente,Riou Weber S.A.R.L.
13316,13316,2023-12-24,2023-12-25,livrée,Barbe Barbier et Fils
13317,13317,2020-07-12,2020-07-18,en attente,Regnier
13318,13318,2025-03-08,2025-03-14,en cours,Carlier
13319,13319,2021-07-06,2021-07-07,livrée,Lemaire
13320,13320,2024-04-24,2024-04-30,en attente,Leclercq S.A.R.L.
13321,13321,2020-03-07,2020-03-13,livrée,Robin
13322,13322,2024-06-28,2024-06-29,livrée,Hamel Fernandes S.A.S.
13323,13323,2022-08-16,2022-08-17,en attente,Normand
13324,13324,2023-05-25,2023-06-01,livrée,Charles
13325,13325,2020-09-25,2020-09-29,en attente,Maury SARL
13326,13326,2022-11-29,2022-12-01,livrée,Joseph
13327,13327,2024-01-17,2024-01-20,en cours,Moulin S.A.
13328,13328,2024-10-19,2024-10-25,livrée,Tanguy
13329,13329,2025-03-11,2025-03-13,en attente,Arnaud SARL
13330,13330,2025-04-16,2025-04-23,en cours,Alexandre
13331,13331,2025-05-14,2025-05-15,livrée,Royer S.A.
13332,13332,2019-03-01,2019-03-04,en cours,Barthelemy Blanchet S.A.S.
13333,13333,2025-10-06,2025-10-08,en cours,Diaz Dupré et Fils
13334,13334,2023-10-08,2023-10-09,livrée,Morvan
13335,13335,2025-08-28,2025-09-03,en attente,Fleury Roy S.A.S.
13336,13336,2019-03-21,2019-03-26,en attente,Collin S.A.S.
13337,13337,2021-03-04,2021-03-05,en attente,Martel
13338,13338,2020-07-11,2020-07-12,en cours,Thierry
13339,13339,2021-05-31,2021-06-06,en attente,Besnard et Fils
13340,13340,2024-06-17,2024-06-22,en attente,Mahe
13341,13341,2025-07-09,2025-07-10,en attente,Maillot
13342,13342,2025-09-24,2025-09-29,en attente,Humbert Pons et Fils
13343,13343,2025-03-22,2025-03-24,en attente,Allain Bailly S.A.R.L.
13344,13344,2023-06-04,2023-06-08,en attente,Weber et Fils
13345,13345,2025-11-04,2025-11-05,livrée,Moreno SA
13346,13346,2021-01-18,2021-01-25,livrée,Grenier
13347,13347,2024-11-16,2024-11-23,en cours,Rolland
13348,13348,2024-06-25,2024-07-01,livrée,Dumont
13349,13349,2020-04-28,2020-05-01,en attente,Maury et Fils
13350,13350,2025-12-06,2025-12-13,en attente,François SA
13351,13351,2025-09-06,2025-09-11,livrée,Pages
13352,13352,2022-05-07,2022-05-10,livrée,Schmitt S.A.R.L.
13353,13353,2022-10-07,2022-10-10,livrée,Benard
13354,13354,2019-07-21,2019-07-25,en attente,Toussaint SA
13355,13355,2022-12-02,2022-12-08,en attente,Lefort Chrétien S.A.R.L.
13356,13356,2025-02-18,2025-02-25,en cours,Loiseau Fernandes S.A.
13357,13357,2025-01-01,2025-01-08,en attente,Leclercq S.A.
13358,13358,2023-04-16,2023-04-19,en cours,Torres
13359,13359,2024-01-18,2024-01-24,en cours,Lacombe
13360,13360,2025-01-23,2025-01-25,en cours,Vincent
13361,13361,2024-02-14,2024-02-20,en cours,Léger
13362,13362,2023-10-09,2023-10-16,en cours,Godard
13363,13363,2020-11-11,2020-11-14,en cours,Grenier S.A.S.
13364,13364,2025-04-18,2025-04-23,livrée,Carpentier
13365,13365,2023-04-15,2023-04-20,en attente,Lévêque
13366,13366,2024-08-31,2024-09-06,livrée,Benoit Charrier S.A.
13367,13367,2020-04-03,2020-04-10,en attente,Chrétien
13368,13368,2021-01-19,2021-01-26,livrée,Lamy
13369,13369,2020-05-09,2020-05-14,livrée,Gilbert S.A.R.L.
13370,13370,2025-04-10,2025-04-17,en attente,Germain
13371,13371,2025-12-15,2025-12-16,en attente,Lecomte
13372,13372,2024-12-23,2024-12-24,livrée,Blot Pascal S.A.
13373,13373,2022-06-05,2022-06-06,en cours,Alexandre Colin S.A.
13374,13374,2020-08-24,2020-08-28,en cours,Gaudin
13375,13375,2019-04-09,2019-04-11,livrée,Collin SARL
13376,13376,2024-04-10,2024-04-12,en cours,Lenoir Dubois et Fils
13377,13377,2019-03-14,2019-03-18,en attente,Leroux
13378,13378,2021-09-26,2021-09-28,livrée,Gonzalez S.A.S.
13379,13379,2023-02-20,2023-02-27,en attente,Carre
13380,13380,2024-04-27,2024-05-02,en cours,Clerc
13381,13381,2022-05-25,2022-05-26,en attente,Seguin
13382,13382,2020-07-17,2020-07-19,en attente,Jean Pichon SA
13383,13383,2025-06-25,2025-06-29,en cours,Rousset
13384,13384,2021-01-04,2021-01-09,en cours,Maurice
13385,13385,2022-02-16,2022-02-21,en cours,Parent
13386,13386,2025-02-06,2025-02-12,livrée,Guibert
13387,13387,2025-09-21,2025-09-24,en cours,Berger Lemaire SA
13388,13388,2024-06-02,2024-06-05,livrée,Munoz SA
13389,13389,2025-09-03,2025-09-10,en cours,Laine
13390,13390,2022-04-10,2022-04-17,en cours,Leduc
13391,13391,2021-03-17,2021-03-19,en cours,Petitjean
13392,13392,2022-08-17,2022-08-21,en cours,Denis SA
13393,13393,2019-04-18,2019-04-22,en cours,Rey
13394,13394,2024-05-11,2024-05-18,en cours,Hebert
13395,13395,2025-03-05,2025-03-10,en attente,Marion
13396,13396,2021-08-03,2021-08-05,livrée,Faure SA
13397,13397,2019-03-14,2019-03-18,livrée,Maréchal
13398,13398,2024-08-10,2024-08-16,en attente,Menard Menard S.A.R.L.
13399,13399,2019-12-23,2019-12-26,en attente,Raynaud S.A.R.L.
13400,13400,2021-08-15,2021-08-18,en cours,Lebon
13401,13401,2023-12-20,2023-12-24,en cours,Guilbert Marie S.A.
13402,13402,2022-05-20,2022-05-25,livrée,Ribeiro Aubry SA
13403,13403,2020-12-18,2020-12-20,en attente,Cousin
13404,13404,2019-01-11,2019-01-18,livrée,Poirier
13405,13405,2025-03-13,2025-03-16,en attente,Germain Aubert S.A.
13406,13406,2023-12-29,2024-01-03,en cours,Lombard
13407,13407,2019-04-26,2019-05-01,en attente,Gallet S.A.S.
13408,13408,2025-06-11,2025-06-14,livrée,Techer
13409,13409,2020-02-22,2020-02-23,en cours,Gomez Faure S.A.
13410,13410,2020-05-11,2020-05-13,livrée,Barre
13411,13411,2022-05-13,2022-05-14,en attente,Mercier SARL
13412,13412,2019-07-01,2019-07-02,en cours,Mace
13413,13413,2025-07-24,2025-07-30,livrée,Colas
13414,13414,2019-10-18,2019-10-20,en cours,Bouvier
13415,13415,2023-02-11,2023-02-13,en attente,Vallée Blin SARL
13416,13416,2022-03-09,2022-03-14,livrée,Pottier
13417,13417,2023-11-26,2023-11-27,livrée,Hernandez S.A.S.
13418,13418,2021-04-30,2021-05-02,en attente,Mercier et Fils
13419,13419,2021-09-03,2021-09-10,en cours,Giraud S.A.R.L.
13420,13420,2023-07-21,2023-07-26,livrée,Pires
13421,13421,2022-08-16,2022-08-23,livrée,Morvan
13422,13422,2023-04-24,2023-04-27,en cours,Olivier
13423,13423,2025-11-13,2025-11-17,livrée,Brunel
13424,13424,2024-02-23,2024-02-26,livrée,Hamon S.A.R.L.
13425,13425,2025-09-11,2025-09-14,en attente,Bernier
13426,13426,2023-01-18,2023-01-19,livrée,Mace
13427,13427,2021-04-15,2021-04-17,en attente,Mahe
13428,13428,2019-03-12,2019-03-15,en attente,Buisson
13429,13429,2019-05-09,2019-05-10,en attente,Benard
13430,13430,2025-10-23,2025-10-29,en cours,Denis
13431,13431,2024-01-08,2024-01-13,en attente,Garcia S.A.S.
13432,13432,2020-12-29,2021-01-04,livrée,Parent
13433,13433,2025-07-18,2025-07-24,en cours,Muller
13434,13434,2020-03-14,2020-03-21,en attente,Ledoux
13435,13435,2023-06-25,2023-06-26,livrée,Delmas
13436,13436,2019-03-19,2019-03-20,en attente,Weiss
13437,13437,2020-03-24,2020-03-31,livrée,Marion et Fils
13438,13438,2024-02-23,2024-02-28,en attente,Goncalves
13439,13439,2020-04-13,2020-04-17,livrée,Moreno
13440,13440,2020-04-14,2020-04-17,livrée,Chrétien SARL
13441,13441,2025-12-09,2025-12-10,en attente,Grégoire SARL
13442,13442,2023-10-04,2023-10-10,livrée,Gilbert S.A.S.
13443,13443,2021-03-23,2021-03-27,en cours,Vasseur
13444,13444,2024-07-27,2024-07-28,livrée,Martin S.A.S.
13445,13445,2024-07-21,2024-07-23,en cours,Durand Ledoux SARL
13446,13446,2023-06-29,2023-07-05,en attente,Letellier Hoarau S.A.
13447,13447,2019-05-15,2019-05-17,livrée,Martineau
13448,13448,2024-04-13,2024-04-20,en cours,Dumont
13449,13449,2023-03-08,2023-03-14,en attente,Brunel
13450,13450,2021-02-10,2021-02-13,en attente,Fischer
13451,13451,2021-04-25,2021-04-28,en cours,Grenier
13452,13452,2020-12-20,2020-12-22,en cours,Guillon
13453,13453,2022-02-15,2022-02-18,en attente,Bouchet SARL
13454,13454,2021-08-01,2021-08-04,livrée,Clément
13455,13455,2020-02-04,2020-02-06,en attente,Charles
13456,13456,2025-12-27,2025-12-30,en attente,Merle
13457,13457,2023-08-03,2023-08-07,en cours,Boutin
13458,13458,2022-03-09,2022-03-13,livrée,Berthelot
13459,13459,2024-06-06,2024-06-08,en cours,Julien S.A.R.L.
13460,13460,2024-05-15,2024-05-18,en cours,Lesage
13461,13461,2023-06-12,2023-06-18,en attente,Pichon S.A.S.
13462,13462,2023-10-27,2023-11-01,livrée,Jacquet
13463,13463,2019-04-02,2019-04-07,en attente,Bertin S.A.S.
13464,13464,2019-01-20,2019-01-27,livrée,Raynaud
13465,13465,2020-01-29,2020-01-31,livrée,Bernard S.A.R.L.
13466,13466,2024-01-29,2024-02-04,en attente,Maillot
13467,13467,2023-12-14,2023-12-21,livrée,Guillon
13468,13468,2023-04-17,2023-04-20,en cours,Devaux SA
13469,13469,2021-10-21,2021-10-23,en cours,Allard
13470,13470,2023-09-11,2023-09-12,livrée,David Bonneau S.A.
13471,13471,2020-08-15,2020-08-18,en attente,Cordier
13472,13472,2025-04-16,2025-04-19,en cours,Devaux
13473,13473,2025-06-02,2025-06-04,livrée,Michel Monnier et Fils
13474,13474,2025-03-31,2025-04-03,livrée,Blot
13475,13475,2025-04-19,2025-04-26,livrée,Arnaud
13476,13476,2022-04-06,2022-04-10,en attente,Gonzalez
13477,13477,2025-12-27,2025-12-31,en cours,Deschamps Royer et Fils
13478,13478,2020-10-07,2020-10-10,livrée,Gaudin Klein et Fils
13479,13479,2022-03-15,2022-03-18,en cours,Colas
13480,13480,2024-03-22,2024-03-28,en cours,Mallet
13481,13481,2023-03-02,2023-03-05,livrée,Gallet
13482,13482,2024-04-26,2024-04-30,livrée,Étienne
13483,13483,2019-01-13,2019-01-18,en cours,Letellier Durand S.A.R.L.
13484,13484,2023-01-23,2023-01-24,en attente,Becker
13485,13485,2025-01-11,2025-01-16,livrée,Vidal Fournier SARL
13486,13486,2019-07-14,2019-07-16,en attente,Jacquot
13487,13487,2019-01-29,2019-02-03,en cours,Perez
13488,13488,2025-07-15,2025-07-19,en cours,Bernier
13489,13489,2022-11-17,2022-11-20,en cours,Alexandre
13490,13490,2023-09-10,2023-09-14,en attente,Clément
13491,13491,2023-07-08,2023-07-11,en attente,Parent Collet SARL
13492,13492,2019-11-18,2019-11-23,en attente,Schneider S.A.
13493,13493,2022-08-15,2022-08-20,livrée,Chevallier
13494,13494,2024-04-13,2024-04-14,en cours,Dos Santos
13495,13495,2019-12-20,2019-12-22,en cours,Gimenez Dubois SA
13496,13496,2025-11-27,2025-12-01,livrée,Roux
13497,13497,2025-03-28,2025-04-02,en attente,Giraud Jean S.A.R.L.
13498,13498,2019-03-11,2019-03-17,en attente,Leleu
13499,13499,2019-06-20,2019-06-27,en attente,Nicolas
13500,13500,2023-04-09,2023-04-15,en cours,Pierre
13501,13501,2024-08-21,2024-08-27,en attente,Berthelot
13502,13502,2021-06-24,2021-06-27,en cours,Alves S.A.R.L.
13503,13503,2022-10-30,2022-11-02,en attente,Leblanc S.A.R.L.
13504,13504,2025-12-17,2025-12-23,en cours,Morin Gilbert SA
13505,13505,2021-02-23,2021-02-26,en attente,Bertrand
13506,13506,2021-09-25,2021-09-26,livrée,Henry S.A.R.L.
13507,13507,2021-03-08,2021-03-09,en attente,Peltier
13508,13508,2024-11-30,2024-12-05,en attente,Lemonnier S.A.S.
13509,13509,2025-06-11,2025-06-13,livrée,Roche
13510,13510,2019-03-23,2019-03-28,livrée,Meunier S.A.
13511,13511,2022-06-21,2022-06-23,en cours,Pruvost Fernandes et Fils
13512,13512,2021-12-12,2021-12-14,en attente,Chevalier
13513,13513,2024-09-18,2024-09-20,en attente,Lecoq
13514,13514,2025-11-10,2025-11-17,en attente,Bouvier Garnier S.A.
13515,13515,2022-10-07,2022-10-09,livrée,Millet SA
13516,13516,2020-10-23,2020-10-30,en attente,Pons
13517,13517,2025-09-05,2025-09-12,livrée,Michel
13518,13518,2021-11-22,2021-11-29,en attente,Jourdan
13519,13519,2024-08-15,2024-08-17,en cours,Jourdan
13520,13520,2023-03-02,2023-03-04,en cours,Blanc
13521,13521,2019-03-19,2019-03-23,livrée,Nicolas
13522,13522,2019-02-25,2019-02-26,en attente,Pichon
13523,13523,2025-03-23,2025-03-30,en attente,Brun SARL
13524,13524,2020-03-28,2020-04-02,en attente,Tanguy
13525,13525,2020-12-06,2020-12-12,en attente,Lamy Tanguy et Fils
13526,13526,2019-04-27,2019-04-28,en cours,Petit S.A.R.L.
13527,13527,2024-07-03,2024-07-10,en attente,Durand Olivier et Fils
13528,13528,2023-05-20,2023-05-21,en attente,Guilbert et Fils
13529,13529,2020-08-21,2020-08-24,en attente,Garcia
13530,13530,2025-06-13,2025-06-18,en cours,Dupré
13531,13531,2023-08-23,2023-08-30,en cours,Guillaume
13532,13532,2024-03-01,2024-03-05,en cours,Lejeune
13533,13533,2024-03-28,2024-03-31,en attente,Colin S.A.R.L.
13534,13534,2022-10-05,2022-10-07,livrée,Blanchet Salmon S.A.R.L.
13535,13535,2024-07-06,2024-07-09,livrée,Jourdan Seguin SA
13536,13536,2019-09-02,2019-09-04,en cours,Martin Gonzalez S.A.R.L.
13537,13537,2019-03-30,2019-04-02,en attente,Besson
13538,13538,2019-03-22,2019-03-25,en attente,Valette SARL
13539,13539,2021-09-03,2021-09-09,en attente,Normand S.A.
13540,13540,2020-05-21,2020-05-23,en attente,Labbé Navarro S.A.R.L.
13541,13541,2023-11-06,2023-11-11,en cours,Bruneau Germain S.A.R.L.
13542,13542,2023-09-17,2023-09-21,en cours,Blin SARL
13543,13543,2023-09-08,2023-09-14,livrée,Merle Boucher S.A.S.
13544,13544,2020-10-25,2020-11-01,livrée,Gomez S.A.R.L.
13545,13545,2025-12-01,2025-12-03,en attente,Marques
13546,13546,2022-07-03,2022-07-08,livrée,Petit Roussel S.A.S.
13547,13547,2019-01-10,2019-01-11,en attente,Nguyen
13548,13548,2023-12-29,2024-01-03,livrée,Bazin Leroy SA
13549,13549,2019-11-17,2019-11-18,en cours,Pereira Besnard SA
13550,13550,2023-07-24,2023-07-25,livrée,Garnier
13551,13551,2020-04-17,2020-04-22,en attente,Bonnin
13552,13552,2024-10-12,2024-10-17,en cours,Charpentier
13553,13553,2020-11-29,2020-12-01,en cours,Vallée
13554,13554,2023-03-13,2023-03-15,livrée,Vallée
13555,13555,2023-10-26,2023-10-28,livrée,Guillot SARL
13556,13556,2025-11-12,2025-11-14,livrée,Moreno
13557,13557,2022-11-09,2022-11-11,en cours,Barbe
13558,13558,2025-06-14,2025-06-21,en attente,Monnier
13559,13559,2021-03-26,2021-03-29,en cours,Briand
13560,13560,2022-12-06,2022-12-10,en attente,Germain Millet et Fils
13561,13561,2019-07-12,2019-07-14,en attente,Fleury
13562,13562,2024-01-01,2024-01-06,en cours,Salmon
13563,13563,2025-08-22,2025-08-28,en cours,Brunet S.A.S.
13564,13564,2025-01-08,2025-01-15,en attente,Seguin Blondel SARL
13565,13565,2020-04-13,2020-04-14,en attente,Lesage
13566,13566,2025-10-20,2025-10-26,en attente,Robert Wagner S.A.
13567,13567,2021-09-01,2021-09-02,en attente,Lacroix S.A.
13568,13568,2019-04-28,2019-05-02,en cours,Deschamps
13569,13569,2022-05-23,2022-05-26,en cours,Lopes
13570,13570,2023-12-09,2023-12-15,en attente,Paul
13571,13571,2021-03-20,2021-03-21,livrée,Lacroix
13572,13572,2019-05-13,2019-05-16,livrée,Valentin
13573,13573,2023-05-19,2023-05-25,en cours,Poirier S.A.R.L.
13574,13574,2020-03-30,2020-04-01,en cours,Michaud S.A.S.
13575,13575,2021-11-12,2021-11-19,livrée,Marion
13576,13576,2019-06-06,2019-06-11,en attente,Coulon
13577,13577,2021-04-23,2021-04-28,livrée,Fleury Monnier SARL
13578,13578,2025-05-20,2025-05-23,en attente,Leroux Colas S.A.
13579,13579,2022-01-05,2022-01-10,en attente,Munoz Delahaye et Fils
13580,13580,2024-05-18,2024-05-20,livrée,Vallée et Fils
13581,13581,2021-03-25,2021-03-31,livrée,Boucher
13582,13582,2024-02-28,2024-03-06,livrée,Verdier Allain S.A.
13583,13583,2022-08-25,2022-08-26,en cours,Delannoy Chartier SA
13584,13584,2025-05-23,2025-05-26,en cours,Vidal Andre S.A.
13585,13585,2024-02-23,2024-02-28,en attente,Seguin
13586,13586,2023-05-19,2023-05-23,en cours,Merle
13587,13587,2021-04-09,2021-04-12,en attente,Barbe
13588,13588,2024-11-06,2024-11-10,livrée,Robin
13589,13589,2025-07-25,2025-07-29,en cours,Gaillard Foucher et Fils
13590,13590,2025-10-31,2025-11-04,en cours,David
13591,13591,2019-05-01,2019-05-08,en attente,Nicolas
13592,13592,2023-06-17,2023-06-21,en cours,Lévêque S.A.R.L.
13593,13593,2025-05-18,2025-05-24,en attente,Hoarau Regnier SARL
13594,13594,2024-04-22,2024-04-23,en attente,Guyon
13595,13595,2022-07-30,2022-08-02,en cours,Weber
13596,13596,2022-02-27,2022-03-01,en attente,Briand Faivre S.A.
13597,13597,2020-06-01,2020-06-02,en attente,Renaud
13598,13598,2019-11-23,2019-11-25,livrée,Charpentier SA
13599,13599,2022-03-02,2022-03-08,livrée,Perrier
13600,13600,2023-11-23,2023-11-26,en cours,Roche
13601,13601,2025-02-07,2025-02-14,en cours,Caron
13602,13602,2020-04-25,2020-05-01,en attente,Bailly
13603,13603,2024-06-04,2024-06-11,en cours,Roux
13604,13604,2019-09-13,2019-09-16,en cours,Guillot S.A.R.L.
13605,13605,2024-02-01,2024-02-08,en attente,Martineau Maréchal SA
13606,13606,2022-03-05,2022-03-09,livrée,Georges
13607,13607,2022-06-04,2022-06-09,en attente,Brunet S.A.R.L.
13608,13608,2025-11-12,2025-11-19,en cours,Becker Germain S.A.R.L.
13609,13609,2023-08-04,2023-08-05,en attente,Paul
13610,13610,2024-07-14,2024-07-18,en attente,Couturier
13611,13611,2020-11-15,2020-11-20,en attente,Pasquier et Fils
13612,13612,2019-02-01,2019-02-06,livrée,Leroy Foucher S.A.S.
13613,13613,2019-07-28,2019-07-31,livrée,Olivier SA
13614,13614,2023-03-17,2023-03-18,en attente,Costa
13615,13615,2024-08-31,2024-09-01,livrée,Rémy Gillet S.A.S.
13616,13616,2019-02-08,2019-02-14,livrée,Carlier SARL
13617,13617,2023-09-10,2023-09-15,en cours,Renaud SA
13618,13618,2023-07-09,2023-07-14,livrée,Laporte S.A.R.L.
13619,13619,2023-11-09,2023-11-15,en cours,Riou Schmitt S.A.S.
13620,13620,2023-12-07,2023-12-08,en cours,Jacques SARL
13621,13621,2025-05-19,2025-05-22,en cours,Valette
13622,13622,2023-06-10,2023-06-16,en cours,Chauvet
13623,13623,2021-06-24,2021-06-28,livrée,Pelletier Meunier SARL
13624,13624,2023-07-12,2023-07-13,livrée,Chartier Jacquet SARL
13625,13625,2021-06-10,2021-06-12,livrée,Didier
13626,13626,2019-11-17,2019-11-20,en cours,Leclerc S.A.
13627,13627,2023-12-28,2024-01-04,en cours,Besson Mendès S.A.R.L.
13628,13628,2020-07-08,2020-07-15,livrée,Godard Simon S.A.R.L.
13629,13629,2020-11-20,2020-11-27,en attente,Torres
13630,13630,2021-05-21,2021-05-23,livrée,Regnier
13631,13631,2019-02-06,2019-02-09,en attente,Vincent
13632,13632,2024-06-04,2024-06-09,livrée,Maury et Fils
13633,13633,2025-07-20,2025-07-22,en attente,Da Costa SARL
13634,13634,2021-11-11,2021-11-14,en attente,Menard
13635,13635,2023-04-07,2023-04-13,en cours,Royer Marie SA
13636,13636,2021-09-14,2021-09-20,livrée,Blot S.A.S.
13637,13637,2022-02-05,2022-02-11,en attente,Guyon Bazin S.A.
13638,13638,2021-12-21,2021-12-27,en attente,Ruiz S.A.S.
13639,13639,2019-10-15,2019-10-22,en attente,Benoit
13640,13640,2019-08-04,2019-08-06,en cours,Dos Santos S.A.
13641,13641,2025-01-17,2025-01-19,livrée,Pereira
13642,13642,2022-08-26,2022-08-30,en cours,Marin
13643,13643,2019-09-28,2019-09-29,en cours,Riou
13644,13644,2025-02-01,2025-02-05,livrée,Blondel
13645,13645,2021-05-03,2021-05-05,en cours,Moulin Pereira et Fils
13646,13646,2019-04-13,2019-04-20,en attente,Petitjean SA
13647,13647,2025-04-05,2025-04-08,en cours,Giraud Martineau S.A.
13648,13648,2020-02-05,2020-02-09,en cours,Bourgeois Morvan S.A.R.L.
13649,13649,2022-06-01,2022-06-02,livrée,Mercier
13650,13650,2020-09-05,2020-09-10,livrée,Bonnet Leclercq S.A.R.L.
13651,13651,2025-09-22,2025-09-28,en attente,Joubert Rodriguez S.A.S.
13652,13652,2022-05-10,2022-05-13,en attente,Dumont
13653,13653,2023-12-05,2023-12-09,en attente,Besson Hardy SARL
13654,13654,2020-06-15,2020-06-17,livrée,Jacob
13655,13655,2020-11-20,2020-11-27,en cours,Moreno
13656,13656,2022-04-13,2022-04-16,livrée,Morin S.A.R.L.
13657,13657,2019-05-06,2019-05-12,en attente,Martineau Faivre S.A.
13658,13658,2023-06-13,2023-06-19,en attente,Weiss
13659,13659,2021-08-19,2021-08-23,en cours,Boulanger
13660,13660,2023-04-21,2023-04-26,en cours,Marchand et Fils
13661,13661,2022-06-04,2022-06-09,livrée,Garcia Bourdon S.A.R.L.
13662,13662,2022-06-04,2022-06-07,livrée,Daniel Lefebvre SA
13663,13663,2021-12-11,2021-12-15,livrée,Faivre
13664,13664,2025-06-11,2025-06-16,livrée,Berger S.A.
13665,13665,2024-06-09,2024-06-15,livrée,Gros
13666,13666,2023-03-22,2023-03-29,en attente,Weber
13667,13667,2025-03-01,2025-03-04,en cours,Bonnet S.A.R.L.
13668,13668,2020-02-28,2020-03-06,en cours,Joubert et Fils
13669,13669,2019-04-15,2019-04-18,livrée,Couturier
13670,13670,2019-03-31,2019-04-07,livrée,Mendès SA
13671,13671,2021-10-17,2021-10-22,livrée,Thibault Pascal SARL
13672,13672,2024-10-05,2024-10-08,en attente,Buisson
13673,13673,2020-09-08,2020-09-13,livrée,Fleury
13674,13674,2023-07-29,2023-08-02,en cours,Riou
13675,13675,2025-01-24,2025-01-30,en cours,Bourdon S.A.S.
13676,13676,2019-02-11,2019-02-13,en attente,Labbé S.A.R.L.
13677,13677,2024-02-22,2024-02-28,en cours,Richard S.A.R.L.
13678,13678,2022-10-01,2022-10-02,en cours,Briand
13679,13679,2019-09-19,2019-09-21,livrée,Turpin Perrier S.A.S.
13680,13680,2025-07-04,2025-07-06,livrée,Costa Leroux SARL
13681,13681,2021-11-07,2021-11-09,en attente,Leduc
13682,13682,2021-12-03,2021-12-08,en cours,Blanchard
13683,13683,2021-02-19,2021-02-21,en attente,Adam
13684,13684,2021-01-30,2021-01-31,livrée,Carre SARL
13685,13685,2025-02-24,2025-03-02,livrée,Carpentier S.A.S.
13686,13686,2024-01-28,2024-01-30,en cours,Valette
13687,13687,2024-06-30,2024-07-04,livrée,Gilbert
13688,13688,2022-07-07,2022-07-09,livrée,Payet S.A.R.L.
13689,13689,2025-07-12,2025-07-13,en cours,Dupré S.A.R.L.
13690,13690,2025-11-20,2025-11-27,livrée,Charrier SARL
13691,13691,2023-12-28,2024-01-03,en attente,Cordier S.A.
13692,13692,2024-05-05,2024-05-10,en attente,Pages Dupré SA
13693,13693,2024-04-12,2024-04-13,en cours,Hardy
13694,13694,2025-03-09,2025-03-15,livrée,Guérin
13695,13695,2021-12-22,2021-12-24,en cours,Besnard
13696,13696,2020-03-15,2020-03-16,livrée,Perez
13697,13697,2023-10-14,2023-10-20,en attente,Morvan SA
13698,13698,2023-05-29,2023-06-02,en cours,Perez Guillon S.A.S.
13699,13699,2025-08-04,2025-08-10,en cours,Arnaud Gaudin S.A.R.L.
13700,13700,2019-11-11,2019-11-14,en attente,Deschamps
13701,13701,2023-09-04,2023-09-05,en attente,Rivière
13702,13702,2019-07-10,2019-07-14,en attente,Lemaire
13703,13703,2022-06-22,2022-06-23,en cours,Perrot
13704,13704,2019-11-28,2019-12-04,en cours,Guichard SA
13705,13705,2020-11-20,2020-11-22,livrée,Hebert
13706,13706,2022-11-07,2022-11-09,en cours,Paul Pascal S.A.
13707,13707,2024-08-28,2024-08-29,en attente,Delmas et Fils
13708,13708,2021-06-02,2021-06-09,livrée,Chauvin Poulain et Fils
13709,13709,2023-08-31,2023-09-04,livrée,Bourdon SARL
13710,13710,2020-03-06,2020-03-11,en attente,Étienne S.A.R.L.
13711,13711,2019-06-16,2019-06-20,en attente,Marques
13712,13712,2021-05-25,2021-05-29,livrée,Benard Martin SARL
13713,13713,2021-10-16,2021-10-17,en attente,Guilbert Martineau et Fils
13714,13714,2022-09-03,2022-09-06,en attente,Leconte
13715,13715,2020-08-10,2020-08-16,livrée,Gomez
13716,13716,2021-02-21,2021-02-28,livrée,Didier
13717,13717,2019-02-18,2019-02-24,en cours,Morvan
13718,13718,2025-10-25,2025-11-01,en cours,Lemonnier S.A.S.
13719,13719,2025-06-16,2025-06-19,en attente,Lopes et Fils
13720,13720,2022-11-22,2022-11-23,en cours,Jacques
13721,13721,2020-11-18,2020-11-25,en cours,Rolland
13722,13722,2022-05-26,2022-05-30,en attente,Chevalier
13723,13723,2021-03-15,2021-03-19,en cours,Petitjean
13724,13724,2025-02-20,2025-02-25,en attente,Lamy et Fils
13725,13725,2021-12-03,2021-12-05,en cours,Legendre Vasseur S.A.
13726,13726,2022-09-11,2022-09-18,livrée,Joseph S.A.S.
13727,13727,2024-12-12,2024-12-16,en cours,Ribeiro
13728,13728,2023-10-17,2023-10-23,en cours,Andre
13729,13729,2020-06-19,2020-06-25,en cours,Jacob
13730,13730,2019-05-15,2019-05-20,en attente,Grondin Raymond SA
13731,13731,2023-10-28,2023-11-01,livrée,Robert Teixeira SA
13732,13732,2022-11-03,2022-11-09,livrée,Maury
13733,13733,2022-03-27,2022-04-01,en cours,Bernier
13734,13734,2021-09-18,2021-09-21,en attente,Rémy Legendre et Fils
13735,13735,2024-04-27,2024-05-03,livrée,Wagner S.A.S.
13736,13736,2022-01-19,2022-01-20,livrée,Morin
13737,13737,2021-11-16,2021-11-20,en cours,Laurent
13738,13738,2020-07-18,2020-07-22,en cours,Besson
13739,13739,2025-11-19,2025-11-26,livrée,Devaux
13740,13740,2021-08-27,2021-08-31,en attente,Lévêque
13741,13741,2021-03-16,2021-03-18,en cours,Langlois Le Roux SARL
13742,13742,2022-12-01,2022-12-05,livrée,Pasquier Lecomte SA
13743,13743,2022-12-21,2022-12-23,livrée,Auger SARL
13744,13744,2025-07-09,2025-07-16,en attente,Monnier Rémy SA
13745,13745,2023-01-21,2023-01-25,en attente,Sanchez SARL
13746,13746,2025-04-13,2025-04-17,livrée,Bousquet
13747,13747,2021-10-03,2021-10-06,en attente,Fournier SA
13748,13748,2019-01-29,2019-02-01,en attente,Gomes Louis SARL
13749,13749,2021-06-17,2021-06-23,en cours,Hardy et Fils
13750,13750,2022-07-27,2022-07-28,en attente,Boulanger Thierry S.A.S.
13751,13751,2019-05-22,2019-05-25,en attente,Traore Bernard S.A.S.
13752,13752,2021-12-31,2022-01-01,livrée,Dupré S.A.S.
13753,13753,2024-03-01,2024-03-05,en cours,Perez et Fils
13754,13754,2023-07-16,2023-07-20,en attente,Lévêque et Fils
13755,13755,2025-12-19,2025-12-23,en attente,Delahaye S.A.
13756,13756,2021-09-15,2021-09-18,livrée,Ramos
13757,13757,2024-04-24,2024-04-29,en attente,Monnier SA
13758,13758,2019-06-22,2019-06-29,en cours,Bonneau et Fils
13759,13759,2025-02-05,2025-02-09,en cours,Pelletier Reynaud SA
13760,13760,2024-05-02,2024-05-07,livrée,Barthelemy SA
13761,13761,2019-06-04,2019-06-10,en attente,Grégoire Devaux S.A.S.
13762,13762,2023-11-03,2023-11-10,en attente,Petitjean
13763,13763,2024-07-02,2024-07-06,en cours,Masse Bourgeois S.A.R.L.
13764,13764,2024-01-31,2024-02-02,en attente,Colas
13765,13765,2024-06-11,2024-06-15,en cours,Germain
13766,13766,2019-11-23,2019-11-25,en attente,Lamy S.A.S.
13767,13767,2025-05-11,2025-05-16,en attente,Bouvet
13768,13768,2022-03-21,2022-03-23,livrée,Didier Durand SA
13769,13769,2023-06-28,2023-07-01,en attente,Guillet
13770,13770,2022-09-12,2022-09-15,en cours,Lefebvre
13771,13771,2024-08-30,2024-09-06,en attente,Robert Gimenez SA
13772,13772,2023-04-07,2023-04-11,livrée,Grondin
13773,13773,2023-02-26,2023-03-04,livrée,Hoareau
13774,13774,2019-02-01,2019-02-06,en cours,Leclercq S.A.
13775,13775,2020-01-27,2020-02-01,en cours,Baron SARL
13776,13776,2022-10-19,2022-10-20,en cours,Caron
13777,13777,2020-07-04,2020-07-11,en cours,Guillon
13778,13778,2022-01-10,2022-01-11,livrée,Paris
13779,13779,2025-01-06,2025-01-07,livrée,Mary
13780,13780,2023-03-31,2023-04-01,en cours,Arnaud
13781,13781,2023-10-09,2023-10-12,en cours,Lemaître et Fils
13782,13782,2022-01-05,2022-01-10,livrée,Becker
13783,13783,2022-12-18,2022-12-19,en cours,Meunier Peron S.A.
13784,13784,2019-02-27,2019-03-05,en cours,Evrard
13785,13785,2024-08-23,2024-08-28,en attente,Hervé S.A.S.
13786,13786,2025-02-08,2025-02-10,en cours,Prévost Baudry S.A.S.
13787,13787,2025-12-08,2025-12-11,en attente,Techer et Fils
13788,13788,2024-06-23,2024-06-26,en attente,Muller Gaillard S.A.R.L.
13789,13789,2022-03-01,2022-03-02,en attente,Martinez
13790,13790,2023-02-07,2023-02-14,livrée,Morin
13791,13791,2021-09-10,2021-09-14,en attente,Bernard Benoit S.A.
13792,13792,2024-02-09,2024-02-14,en cours,Morvan Barthelemy SARL
13793,13793,2020-01-14,2020-01-19,en attente,Roy S.A.R.L.
13794,13794,2021-09-21,2021-09-25,en cours,Morvan
13795,13795,2021-04-28,2021-05-03,en cours,Berthelot
13796,13796,2021-12-17,2021-12-21,livrée,Fleury Ollivier S.A.S.
13797,13797,2025-09-26,2025-09-30,livrée,Turpin
13798,13798,2025-06-19,2025-06-23,en cours,Lacombe Da Silva et Fils
13799,13799,2021-04-18,2021-04-21,en attente,Camus
13800,13800,2023-03-24,2023-03-31,livrée,Pineau
13801,13801,2025-07-26,2025-08-02,en attente,Pichon
13802,13802,2021-06-17,2021-06-18,en cours,Lefebvre Bertrand S.A.
13803,13803,2020-11-13,2020-11-18,livrée,Bertin Muller S.A.
13804,13804,2020-02-21,2020-02-26,en cours,Lemonnier Lévy S.A.R.L.
13805,13805,2022-05-21,2022-05-23,en attente,Turpin Pires S.A.
13806,13806,2023-03-18,2023-03-23,en attente,Vasseur Fernandes S.A.R.L.
13807,13807,2024-06-20,2024-06-25,en cours,Torres S.A.S.
13808,13808,2025-02-14,2025-02-21,en cours,Pinto SARL
13809,13809,2024-11-03,2024-11-05,livrée,Dupont Hubert SARL
13810,13810,2020-05-04,2020-05-09,livrée,Blot
13811,13811,2022-11-07,2022-11-11,en cours,Gros SARL
13812,13812,2019-05-19,2019-05-20,en cours,Joly SARL
13813,13813,2023-12-12,2023-12-15,en attente,Dubois
13814,13814,2021-01-05,2021-01-06,en attente,Michel
13815,13815,2019-08-02,2019-08-06,en cours,David
13816,13816,2021-04-09,2021-04-13,livrée,Guillet
13817,13817,2021-03-15,2021-03-22,livrée,Muller
13818,13818,2024-05-25,2024-05-28,en attente,Rodriguez
13819,13819,2019-05-26,2019-05-30,livrée,Maillard
13820,13820,2019-02-12,2019-02-19,en attente,Richard Mace SA
13821,13821,2019-04-07,2019-04-12,livrée,Guichard
13822,13822,2019-12-16,2019-12-17,en attente,Hoarau
13823,13823,2022-05-16,2022-05-17,livrée,Royer
13824,13824,2022-12-24,2022-12-26,en cours,Aubert
13825,13825,2025-05-12,2025-05-17,en cours,Dufour
13826,13826,2024-04-14,2024-04-18,en attente,Weiss
13827,13827,2024-01-30,2024-02-02,en cours,Marques et Fils
13828,13828,2023-09-24,2023-09-27,livrée,Fournier S.A.
13829,13829,2025-05-25,2025-05-31,livrée,Millet SA
13830,13830,2023-06-07,2023-06-09,livrée,Morin
13831,13831,2024-03-05,2024-03-06,en attente,Langlois Mace SA
13832,13832,2025-07-14,2025-07-15,en attente,Maillet SARL
13833,13833,2022-08-20,2022-08-27,en cours,Martin
13834,13834,2020-04-05,2020-04-07,livrée,Regnier
13835,13835,2019-08-05,2019-08-06,en attente,Lebreton Moreno SA
13836,13836,2021-03-19,2021-03-23,livrée,Normand S.A.
13837,13837,2020-12-12,2020-12-15,en cours,Bonneau
13838,13838,2024-06-02,2024-06-07,en cours,Robert Bousquet SARL
13839,13839,2019-09-26,2019-10-01,livrée,Foucher Noël SARL
13840,13840,2024-06-29,2024-07-04,en attente,Lejeune
13841,13841,2020-01-15,2020-01-22,livrée,Deschamps S.A.R.L.
13842,13842,2020-07-17,2020-07-22,en cours,Boyer S.A.R.L.
13843,13843,2020-02-19,2020-02-24,livrée,Mathieu S.A.R.L.
13844,13844,2020-05-17,2020-05-24,livrée,Leroy Baudry et Fils
13845,13845,2019-03-02,2019-03-05,en attente,Schmitt SARL
13846,13846,2019-12-18,2019-12-19,livrée,Martin
13847,13847,2019-02-27,2019-03-05,en attente,Marion De Oliveira S.A.S.
13848,13848,2022-01-14,2022-01-17,en cours,Poirier SARL
13849,13849,2021-01-08,2021-01-14,livrée,Antoine S.A.
13850,13850,2024-11-19,2024-11-24,en attente,Antoine SARL
13851,13851,2024-11-12,2024-11-16,en attente,Perez Ruiz S.A.
13852,13852,2025-08-11,2025-08-18,livrée,Julien
13853,13853,2024-03-01,2024-03-05,livrée,Colas Potier S.A.S.
13854,13854,2025-11-09,2025-11-12,en attente,Perret
13855,13855,2023-07-02,2023-07-09,en attente,Leclercq
13856,13856,2023-05-12,2023-05-14,en attente,Benoit SARL
13857,13857,2019-09-27,2019-09-30,livrée,Torres
13858,13858,2025-05-22,2025-05-24,en attente,Guyot
13859,13859,2023-10-30,2023-11-03,livrée,Breton Roger S.A.R.L.
13860,13860,2021-04-16,2021-04-21,livrée,Ruiz
13861,13861,2022-11-06,2022-11-10,livrée,Wagner
13862,13862,2019-09-04,2019-09-10,en cours,Leclercq
13863,13863,2022-11-25,2022-12-02,en attente,De Oliveira SARL
13864,13864,2020-09-01,2020-09-05,livrée,Hernandez SA
13865,13865,2025-05-03,2025-05-09,en attente,Breton Ferreira SA
13866,13866,2024-11-15,2024-11-19,livrée,Cordier
13867,13867,2023-06-12,2023-06-14,en cours,Rémy et Fils
13868,13868,2022-07-17,2022-07-23,livrée,Pichon Bourdon S.A.R.L.
13869,13869,2022-12-08,2022-12-10,en cours,Collin SA
13870,13870,2025-09-29,2025-10-01,en attente,Ramos Laporte S.A.S.
13871,13871,2024-07-02,2024-07-07,en attente,Thibault
13872,13872,2024-12-09,2024-12-14,en cours,Olivier S.A.
13873,13873,2021-11-21,2021-11-26,livrée,Bigot
13874,13874,2023-02-21,2023-02-27,livrée,Diaz
13875,13875,2024-09-09,2024-09-12,en attente,Martinez Joseph SARL
13876,13876,2024-01-17,2024-01-21,en attente,Leduc Dumas S.A.
13877,13877,2024-06-27,2024-06-30,en attente,Rousset
13878,13878,2021-12-09,2021-12-14,en attente,Payet
13879,13879,2024-08-20,2024-08-25,en cours,Clément
13880,13880,2024-01-22,2024-01-25,en attente,Colin S.A.S.
13881,13881,2020-11-29,2020-12-04,en attente,Lemaire
13882,13882,2019-01-31,2019-02-01,livrée,Chrétien et Fils
13883,13883,2019-10-07,2019-10-12,en cours,Garnier
13884,13884,2022-11-18,2022-11-20,en attente,Briand Seguin S.A.S.
13885,13885,2021-11-30,2021-12-01,en cours,Lebreton
13886,13886,2021-01-25,2021-01-26,en attente,Coste S.A.R.L.
13887,13887,2019-10-27,2019-10-30,livrée,Lebon
13888,13888,2022-09-29,2022-10-04,livrée,Barbier
13889,13889,2022-06-06,2022-06-07,livrée,Parent Coulon S.A.S.
13890,13890,2019-02-22,2019-02-23,livrée,Benoit
13891,13891,2024-08-07,2024-08-14,en attente,Lemonnier SA
13892,13892,2025-06-21,2025-06-23,en cours,Ferrand
13893,13893,2025-01-17,2025-01-23,livrée,Turpin Bodin et Fils
13894,13894,2025-01-20,2025-01-26,en attente,Marchand
13895,13895,2021-01-29,2021-02-01,en attente,Baron Fernandez S.A.
13896,13896,2019-09-17,2019-09-24,en cours,Brun S.A.S.
13897,13897,2020-04-28,2020-05-01,en attente,Chevalier
13898,13898,2023-03-22,2023-03-27,en cours,Pottier
13899,13899,2021-10-24,2021-10-25,en attente,Marion Vaillant SA
13900,13900,2020-02-26,2020-03-02,en attente,Langlois
13901,13901,2025-05-19,2025-05-24,livrée,Colin
13902,13902,2019-10-03,2019-10-08,livrée,François et Fils
13903,13903,2020-10-06,2020-10-13,en attente,Chevalier
13904,13904,2022-04-02,2022-04-05,en attente,Leconte
13905,13905,2020-09-09,2020-09-12,en cours,Marie
13906,13906,2025-07-05,2025-07-08,en attente,Pereira
13907,13907,2023-08-29,2023-09-02,en attente,Jacquot Dumont S.A.R.L.
13908,13908,2025-11-14,2025-11-21,en cours,Wagner S.A.S.
13909,13909,2021-07-15,2021-07-22,en attente,Ruiz SA
13910,13910,2023-08-22,2023-08-29,en cours,Olivier SA
13911,13911,2024-06-27,2024-07-01,en attente,Maillet
13912,13912,2025-10-07,2025-10-11,livrée,Lefort
13913,13913,2025-08-31,2025-09-07,en attente,Boulay S.A.
13914,13914,2025-07-13,2025-07-14,en attente,Guilbert
13915,13915,2025-03-29,2025-04-03,en cours,Lévy
13916,13916,2022-01-16,2022-01-19,en attente,Gillet
13917,13917,2025-08-18,2025-08-23,en cours,Maillet S.A.R.L.
13918,13918,2023-10-04,2023-10-09,en attente,Lecomte
13919,13919,2021-02-06,2021-02-11,en cours,Collet SA
13920,13920,2023-09-26,2023-09-27,livrée,Martel
13921,13921,2025-11-22,2025-11-26,en cours,Besnard SA
13922,13922,2024-04-03,2024-04-06,livrée,Ferreira Potier S.A.
13923,13923,2025-04-23,2025-04-25,en attente,Ollivier
13924,13924,2025-12-17,2025-12-23,livrée,Couturier Martel SARL
13925,13925,2022-11-24,2022-11-28,livrée,Deschamps S.A.
13926,13926,2019-03-10,2019-03-11,en attente,Bonnin Laurent SARL
13927,13927,2022-06-15,2022-06-20,en attente,Vallet S.A.R.L.
13928,13928,2024-06-27,2024-07-03,en cours,Joubert
13929,13929,2025-01-08,2025-01-09,livrée,Girard
13930,13930,2020-06-09,2020-06-13,en attente,Pottier
13931,13931,2024-04-29,2024-05-06,en cours,Pinto
13932,13932,2023-09-02,2023-09-09,en attente,Chartier
13933,13933,2020-02-02,2020-02-09,en cours,Noël SARL
13934,13934,2023-10-16,2023-10-22,livrée,Payet S.A.S.
13935,13935,2024-02-05,2024-02-12,en attente,Lopez Vallée S.A.R.L.
13936,13936,2021-09-24,2021-09-28,en attente,Bourgeois
13937,13937,2025-05-24,2025-05-25,livrée,Weber Lévy SARL
13938,13938,2022-03-21,2022-03-26,en attente,Boulay
13939,13939,2021-06-18,2021-06-20,en cours,Bernier S.A.
13940,13940,2023-09-17,2023-09-23,en cours,François
13941,13941,2019-06-11,2019-06-14,en attente,Bertrand
13942,13942,2022-03-08,2022-03-10,en attente,Meunier Mary S.A.S.
13943,13943,2025-05-06,2025-05-12,en attente,Simon S.A.
13944,13944,2023-08-06,2023-08-07,en attente,Peltier et Fils
13945,13945,2023-03-21,2023-03-26,en cours,Olivier
13946,13946,2021-08-10,2021-08-15,livrée,Foucher
13947,13947,2020-05-08,2020-05-10,en attente,Besnard S.A.R.L.
13948,13948,2022-08-13,2022-08-18,en cours,Bernier
13949,13949,2020-04-28,2020-05-05,en attente,Mercier
13950,13950,2019-12-07,2019-12-13,livrée,Fouquet S.A.S.
13951,13951,2025-05-29,2025-06-01,livrée,Valette
13952,13952,2022-07-06,2022-07-10,livrée,Faure SA
13953,13953,2021-11-18,2021-11-25,en cours,Bègue
13954,13954,2020-09-25,2020-09-29,en attente,Delattre
13955,13955,2024-02-09,2024-02-14,en attente,Rivière
13956,13956,2024-01-20,2024-01-27,en cours,Seguin S.A.S.
13957,13957,2025-08-22,2025-08-27,en attente,Rossi Joseph S.A.R.L.
13958,13958,2023-03-21,2023-03-26,en attente,Delmas Richard SA
13959,13959,2025-01-19,2025-01-22,en attente,Marchand Nicolas S.A.S.
13960,13960,2023-05-29,2023-06-01,en attente,Dumont
13961,13961,2021-03-29,2021-03-30,en attente,Charpentier
13962,13962,2024-04-28,2024-05-01,en attente,Besnard
13963,13963,2024-03-23,2024-03-25,en cours,Labbé SA
13964,13964,2023-09-30,2023-10-04,en cours,Marchand
13965,13965,2025-12-28,2025-12-30,en attente,Mary
13966,13966,2020-04-15,2020-04-20,en attente,Arnaud
13967,13967,2022-03-25,2022-03-30,livrée,Hebert S.A.
13968,13968,2021-12-23,2021-12-26,livrée,Andre Gilles S.A.R.L.
13969,13969,2020-04-01,2020-04-03,livrée,Rousset Traore SARL
13970,13970,2024-11-23,2024-11-24,en attente,Sauvage
13971,13971,2025-01-02,2025-01-06,livrée,Hubert
13972,13972,2022-03-06,2022-03-13,livrée,Gros Texier et Fils
13973,13973,2025-07-26,2025-08-02,en cours,De Sousa S.A.S.
13974,13974,2023-03-22,2023-03-29,en attente,Renaud S.A.
13975,13975,2023-12-21,2023-12-26,en cours,Pinto
13976,13976,2025-11-21,2025-11-24,livrée,Allard Poirier S.A.
13977,13977,2022-10-05,2022-10-11,en attente,Dupont S.A.
13978,13978,2025-12-03,2025-12-05,livrée,Teixeira Guillou et Fils
13979,13979,2019-02-27,2019-03-06,en attente,Maury S.A.
13980,13980,2020-03-19,2020-03-21,en cours,Joubert Salmon S.A.R.L.
13981,13981,2019-07-09,2019-07-15,en attente,Bernier Valette S.A.S.
13982,13982,2021-09-13,2021-09-19,livrée,Gonzalez
13983,13983,2020-06-10,2020-06-12,en cours,Leroy
13984,13984,2020-04-30,2020-05-04,en cours,Mercier
13985,13985,2022-05-05,2022-05-10,en attente,Leroux S.A.R.L.
13986,13986,2024-02-06,2024-02-12,en cours,Clément Rivière et Fils
13987,13987,2025-10-05,2025-10-11,en cours,Baron
13988,13988,2019-03-08,2019-03-12,en cours,Barbier
13989,13989,2023-10-31,2023-11-05,en cours,Maury
13990,13990,2025-11-29,2025-12-02,en attente,Brunet
13991,13991,2019-12-26,2019-12-28,livrée,Roux S.A.S.
13992,13992,2022-02-12,2022-02-19,en cours,Perez S.A.
13993,13993,2019-12-16,2019-12-20,en cours,Lévêque S.A.
13994,13994,2025-10-20,2025-10-24,en cours,Traore
13995,13995,2022-06-27,2022-07-02,en cours,Thomas
13996,13996,2023-12-01,2023-12-05,livrée,Coulon SA
13997,13997,2022-04-22,2022-04-24,livrée,Blanc Coste SARL
13998,13998,2022-04-17,2022-04-21,livrée,Chevalier
13999,13999,2020-08-18,2020-08-24,livrée,Potier
14000,14000,2022-03-19,2022-03-22,en cours,Perrier
14001,14001,2020-09-30,2020-10-07,livrée,Lelièvre Étienne et Fils
14002,14002,2023-02-14,2023-02-21,en cours,Henry
14003,14003,2023-02-22,2023-02-28,livrée,Guilbert SARL
14004,14004,2021-12-04,2021-12-10,en attente,Riou Arnaud S.A.R.L.
14005,14005,2025-12-10,2025-12-12,livrée,Bousquet
14006,14006,2024-04-12,2024-04-15,en cours,Leclercq SARL
14007,14007,2021-04-01,2021-04-05,en attente,Raymond
14008,14008,2024-12-02,2024-12-07,en attente,Wagner S.A.S.
14009,14009,2023-11-27,2023-11-30,en cours,Jacques S.A.S.
14010,14010,2025-09-12,2025-09-16,en cours,Ribeiro Pons S.A.R.L.
14011,14011,2020-05-28,2020-06-01,en attente,Cousin
14012,14012,2019-09-30,2019-10-05,en attente,Guillon
14013,14013,2024-07-11,2024-07-12,livrée,Boucher
14014,14014,2020-12-28,2021-01-02,en attente,Olivier SA
14015,14015,2024-03-26,2024-03-30,en cours,Raymond Richard SARL
14016,14016,2020-03-28,2020-04-04,en cours,Andre
14017,14017,2025-05-15,2025-05-22,en attente,Valentin SA
14018,14018,2024-05-19,2024-05-24,livrée,Langlois et Fils
14019,14019,2022-11-04,2022-11-06,en attente,Pineau Labbé et Fils
14020,14020,2024-01-21,2024-01-28,livrée,Rémy
14021,14021,2025-11-22,2025-11-29,en cours,Legrand Guérin SARL
14022,14022,2022-11-22,2022-11-26,livrée,David S.A.
14023,14023,2022-08-20,2022-08-25,livrée,Gros Dijoux S.A.S.
14024,14024,2019-10-21,2019-10-25,en attente,Torres
14025,14025,2022-03-21,2022-03-25,livrée,Rodriguez
14026,14026,2019-05-05,2019-05-11,livrée,Gauthier
14027,14027,2020-04-07,2020-04-13,en attente,Chevallier Becker S.A.S.
14028,14028,2025-01-04,2025-01-11,en attente,Vallet
14029,14029,2021-12-12,2021-12-14,livrée,Carpentier S.A.R.L.
14030,14030,2021-03-14,2021-03-21,livrée,Pires Grégoire S.A.S.
14031,14031,2022-03-30,2022-04-05,en attente,Bigot
14032,14032,2024-06-25,2024-06-27,en attente,Robin Guillet S.A.R.L.
14033,14033,2021-03-28,2021-03-31,en cours,Barre Hoareau et Fils
14034,14034,2022-09-04,2022-09-07,en attente,Guilbert
14035,14035,2025-04-10,2025-04-16,en cours,Costa
14036,14036,2022-08-26,2022-08-27,en attente,Rémy
14037,14037,2024-07-01,2024-07-04,en cours,Teixeira
14038,14038,2019-03-16,2019-03-22,livrée,Camus et Fils
14039,14039,2021-01-26,2021-01-27,en cours,Ramos
14040,14040,2022-10-14,2022-10-21,en attente,Dufour
14041,14041,2022-12-22,2022-12-25,en attente,Guillon
14042,14042,2020-04-12,2020-04-14,en attente,Barre
14043,14043,2022-06-20,2022-06-25,livrée,Peltier et Fils
14044,14044,2020-08-17,2020-08-24,en cours,Klein SARL
14045,14045,2020-12-04,2020-12-10,en attente,Traore Thierry et Fils
14046,14046,2022-02-05,2022-02-10,livrée,Lefèvre Neveu et Fils
14047,14047,2022-12-16,2022-12-19,en cours,Cordier
14048,14048,2025-09-13,2025-09-14,en cours,Petit
14049,14049,2020-07-11,2020-07-18,en attente,Pelletier
14050,14050,2023-10-08,2023-10-15,livrée,Gautier
14051,14051,2024-01-24,2024-01-25,en cours,Hoareau
14052,14052,2020-08-24,2020-08-31,en cours,Lebrun
14053,14053,2020-09-12,2020-09-19,en cours,David S.A.
14054,14054,2019-07-14,2019-07-20,en attente,Gimenez
14055,14055,2022-03-17,2022-03-23,livrée,Garcia
14056,14056,2024-10-25,2024-10-30,en attente,Mendès S.A.
14057,14057,2022-08-11,2022-08-14,livrée,Salmon Jacquot SA
14058,14058,2019-01-28,2019-01-30,en cours,Lejeune
14059,14059,2019-02-21,2019-02-27,en attente,Verdier S.A.R.L.
14060,14060,2019-05-17,2019-05-22,en cours,Guibert Roussel S.A.
14061,14061,2021-02-16,2021-02-18,livrée,Perrin S.A.S.
14062,14062,2023-05-16,2023-05-19,en attente,Sauvage Huet S.A.
14063,14063,2021-08-26,2021-08-30,livrée,Antoine S.A.R.L.
14064,14064,2024-11-02,2024-11-07,livrée,Marion
14065,14065,2019-12-26,2019-12-28,livrée,Marty
14066,14066,2020-07-27,2020-08-03,livrée,Lucas
14067,14067,2020-02-03,2020-02-10,en attente,Le Goff Dupré SA
14068,14068,2022-01-17,2022-01-18,livrée,Texier S.A.
14069,14069,2025-01-18,2025-01-19,en cours,Lelièvre
14070,14070,2022-03-26,2022-03-29,en cours,Huet Dumas S.A.R.L.
14071,14071,2023-04-05,2023-04-10,en attente,Deschamps Raymond SA
14072,14072,2023-07-02,2023-07-05,en attente,Morvan
14073,14073,2021-10-23,2021-10-30,en cours,Carlier
14074,14074,2022-11-04,2022-11-11,livrée,Pierre SA
14075,14075,2025-10-10,2025-10-16,en attente,Rey Leconte et Fils
14076,14076,2025-09-15,2025-09-21,livrée,Marie
14077,14077,2024-02-15,2024-02-19,en attente,Vaillant
14078,14078,2023-04-27,2023-05-03,livrée,Paul S.A.R.L.
14079,14079,2021-12-27,2021-12-30,en attente,Clerc
14080,14080,2024-12-10,2024-12-12,livrée,Chauvin S.A.
14081,14081,2023-03-07,2023-03-08,en cours,Maillard
14082,14082,2023-09-24,2023-09-25,en cours,Raynaud Costa SA
14083,14083,2022-04-10,2022-04-16,en attente,François Pasquier S.A.R.L.
14084,14084,2020-07-26,2020-08-01,en cours,Morvan Perrier SARL
14085,14085,2023-05-12,2023-05-19,en attente,Rodriguez
14086,14086,2019-08-14,2019-08-16,en attente,Petit
14087,14087,2020-05-07,2020-05-11,livrée,Joubert
14088,14088,2022-11-05,2022-11-07,en cours,Marques
14089,14089,2023-10-23,2023-10-27,livrée,Pottier
14090,14090,2024-12-12,2024-12-14,livrée,Gaillard
14091,14091,2021-03-20,2021-03-24,livrée,Pichon SARL
14092,14092,2025-10-14,2025-10-19,en cours,Schneider
14093,14093,2020-07-26,2020-08-01,en cours,Paris Jacob S.A.
14094,14094,2019-03-10,2019-03-14,livrée,Payet Gautier SA
14095,14095,2024-08-04,2024-08-05,en attente,Maréchal
14096,14096,2023-05-25,2023-05-26,en attente,Collin
14097,14097,2025-05-08,2025-05-13,en cours,Evrard Le Goff S.A.
14098,14098,2024-11-11,2024-11-13,en cours,Bègue
14099,14099,2019-07-06,2019-07-11,en cours,Sanchez SARL
14100,14100,2025-01-24,2025-01-28,en attente,Vidal
14101,14101,2023-07-01,2023-07-04,livrée,Roy et Fils
14102,14102,2024-12-24,2024-12-29,en cours,Henry SA
14103,14103,2019-04-09,2019-04-15,en cours,Jourdan Martin SA
14104,14104,2022-06-06,2022-06-08,en attente,Pottier
14105,14105,2025-12-03,2025-12-07,en attente,Moulin Bernier et Fils
14106,14106,2019-03-20,2019-03-24,en cours,Joseph
14107,14107,2024-01-25,2024-01-30,en cours,Perrin et Fils
14108,14108,2019-06-21,2019-06-22,livrée,Barbe Duhamel S.A.S.
14109,14109,2023-02-25,2023-03-03,en cours,Imbert
14110,14110,2021-10-26,2021-10-29,en attente,Diaz
14111,14111,2021-01-18,2021-01-23,en cours,Perrot
14112,14112,2022-02-05,2022-02-12,en attente,Chauvet
14113,14113,2025-10-16,2025-10-23,livrée,Lopez
14114,14114,2021-07-26,2021-08-01,livrée,Maury S.A.R.L.
14115,14115,2019-07-14,2019-07-19,en attente,Delmas S.A.
14116,14116,2023-01-24,2023-01-29,en attente,Perret S.A.R.L.
14117,14117,2020-10-20,2020-10-23,en attente,Maurice Lemoine SA
14118,14118,2022-09-29,2022-10-04,en cours,Chartier S.A.R.L.
14119,14119,2019-01-20,2019-01-24,en attente,Rey et Fils
14120,14120,2024-06-19,2024-06-26,en cours,Gauthier S.A.
14121,14121,2022-09-18,2022-09-22,en attente,Gomes Bourgeois S.A.S.
14122,14122,2025-04-18,2025-04-20,livrée,Blanchard S.A.S.
14123,14123,2020-12-31,2021-01-05,en attente,Lamy SA
14124,14124,2025-11-11,2025-11-18,en attente,Leroux
14125,14125,2021-11-10,2021-11-11,livrée,Marie et Fils
14126,14126,2019-11-26,2019-11-30,livrée,Duhamel et Fils
14127,14127,2024-02-11,2024-02-17,livrée,Chrétien Fischer S.A.S.
14128,14128,2019-04-16,2019-04-20,livrée,Clément Picard SA
14129,14129,2024-03-26,2024-03-30,en cours,Da Silva
14130,14130,2023-03-06,2023-03-11,en cours,Sauvage Chauvet SARL
14131,14131,2020-06-07,2020-06-14,livrée,Blondel
14132,14132,2023-10-18,2023-10-21,en cours,Hamel S.A.
14133,14133,2024-06-18,2024-06-20,en cours,Pereira
14134,14134,2019-11-09,2019-11-11,livrée,Lagarde
14135,14135,2021-07-14,2021-07-17,en attente,Maillot
14136,14136,2021-12-07,2021-12-10,en attente,Becker
14137,14137,2025-03-03,2025-03-06,livrée,Labbé
14138,14138,2024-12-23,2024-12-27,livrée,Leleu S.A.S.
14139,14139,2024-10-25,2024-11-01,en cours,Boyer
14140,14140,2019-06-15,2019-06-17,livrée,Faivre
14141,14141,2019-12-14,2019-12-16,en cours,Monnier S.A.S.
14142,14142,2019-04-05,2019-04-10,livrée,Meunier
14143,14143,2020-06-22,2020-06-29,en cours,Hamel
14144,14144,2019-05-02,2019-05-09,en attente,Gomes
14145,14145,2023-12-31,2024-01-01,en attente,Hebert
14146,14146,2022-09-09,2022-09-16,livrée,Lemoine Devaux S.A.R.L.
14147,14147,2019-02-23,2019-03-02,en attente,Faivre SARL
14148,14148,2020-11-23,2020-11-30,en attente,Menard
14149,14149,2025-09-21,2025-09-25,en attente,Delahaye Durand SA
14150,14150,2020-01-31,2020-02-06,livrée,Le Goff Legros S.A.S.
14151,14151,2021-12-07,2021-12-10,livrée,Traore
14152,14152,2023-05-06,2023-05-08,en attente,Faure et Fils
14153,14153,2020-01-01,2020-01-08,livrée,Ruiz
14154,14154,2024-01-08,2024-01-15,en attente,Bailly Moulin SA
14155,14155,2022-07-24,2022-07-25,en attente,Étienne Lopez S.A.S.
14156,14156,2019-12-20,2019-12-27,livrée,Delahaye
14157,14157,2025-12-10,2025-12-14,en cours,Dupuis
14158,14158,2024-03-27,2024-04-02,livrée,Moulin Guyot S.A.R.L.
14159,14159,2023-03-27,2023-04-03,en attente,Gaillard
14160,14160,2025-08-26,2025-08-29,livrée,Mercier
14161,14161,2022-11-02,2022-11-05,livrée,Michel Lecoq S.A.R.L.
14162,14162,2019-04-01,2019-04-07,en attente,Camus Langlois SA
14163,14163,2024-10-02,2024-10-09,en attente,Hoareau Pascal S.A.S.
14164,14164,2023-03-25,2023-03-31,en cours,Carlier S.A.S.
14165,14165,2025-04-17,2025-04-21,en cours,Guillon
14166,14166,2019-12-01,2019-12-07,en attente,Bigot Fabre SARL
14167,14167,2019-10-26,2019-11-02,en attente,Vidal
14168,14168,2025-10-02,2025-10-04,livrée,Benard
14169,14169,2022-06-16,2022-06-23,en attente,Gomez Bonnet SARL
14170,14170,2022-12-17,2022-12-22,livrée,Gonzalez
14171,14171,2020-10-13,2020-10-18,en cours,Buisson
14172,14172,2019-10-05,2019-10-10,livrée,François
14173,14173,2019-12-03,2019-12-07,en attente,Perrier Ollivier SA
14174,14174,2021-07-31,2021-08-01,livrée,Jourdan Leclercq SARL
14175,14175,2021-11-23,2021-11-28,en attente,François SARL
14176,14176,2024-01-20,2024-01-27,livrée,Brun S.A.
14177,14177,2021-06-01,2021-06-06,en cours,Baudry
14178,14178,2022-02-20,2022-02-21,en attente,Mary
14179,14179,2020-02-15,2020-02-20,livrée,Lévêque Louis et Fils
14180,14180,2025-12-29,2026-01-02,en cours,Wagner Chevalier et Fils
14181,14181,2020-11-09,2020-11-11,livrée,Lemaître
14182,14182,2021-05-02,2021-05-05,en cours,Boutin
14183,14183,2019-11-18,2019-11-20,en attente,Denis SARL
14184,14184,2020-02-14,2020-02-20,en cours,Masse
14185,14185,2024-05-24,2024-05-26,en attente,Mathieu
14186,14186,2020-02-07,2020-02-11,en attente,Fontaine
14187,14187,2021-12-26,2021-12-28,en cours,Bouvet
14188,14188,2025-04-11,2025-04-14,livrée,Munoz
14189,14189,2024-09-14,2024-09-17,livrée,Gros Rousseau S.A.R.L.
14190,14190,2025-03-11,2025-03-17,livrée,Weber
14191,14191,2025-08-04,2025-08-07,livrée,Didier
14192,14192,2020-09-26,2020-09-30,en cours,Pires Traore S.A.
14193,14193,2022-07-08,2022-07-09,en cours,Blondel
14194,14194,2019-06-21,2019-06-28,livrée,Lebon
14195,14195,2024-08-30,2024-09-05,livrée,Clément Dumas S.A.R.L.
14196,14196,2020-10-17,2020-10-24,en attente,Bertin Boutin SARL
14197,14197,2020-09-26,2020-10-01,en cours,Bertrand
14198,14198,2024-12-31,2025-01-03,en attente,Garcia S.A.
14199,14199,2021-08-13,2021-08-20,en cours,Bourdon Mary SARL
14200,14200,2024-03-20,2024-03-25,livrée,Briand
14201,14201,2021-07-18,2021-07-24,livrée,Costa Guillet SARL
14202,14202,2025-02-25,2025-03-01,en cours,Dubois S.A.
14203,14203,2020-01-19,2020-01-20,livrée,Delorme Morvan et Fils
14204,14204,2021-02-23,2021-02-25,en cours,Guillaume Marin SA
14205,14205,2025-12-16,2025-12-17,en attente,Lefèvre
14206,14206,2019-11-16,2019-11-23,en attente,Nicolas
14207,14207,2022-07-22,2022-07-24,en cours,Neveu
14208,14208,2022-08-04,2022-08-10,en attente,Schneider S.A.
14209,14209,2021-04-15,2021-04-20,en attente,Carpentier
14210,14210,2021-02-18,2021-02-19,en cours,Masse
14211,14211,2020-01-03,2020-01-10,livrée,Bonnet Langlois S.A.R.L.
14212,14212,2021-09-02,2021-09-06,en attente,Boutin
14213,14213,2019-11-21,2019-11-27,livrée,Bourgeois S.A.R.L.
14214,14214,2021-08-13,2021-08-20,en attente,Martel Courtois S.A.
14215,14215,2024-04-09,2024-04-13,en attente,Camus Salmon SA
14216,14216,2021-08-13,2021-08-19,livrée,Denis S.A.
14217,14217,2021-01-03,2021-01-06,en attente,Bodin Toussaint S.A.S.
14218,14218,2019-10-14,2019-10-17,livrée,Vaillant Lévêque SARL
14219,14219,2021-11-29,2021-12-02,livrée,Maréchal
14220,14220,2021-01-13,2021-01-17,en cours,Alves
14221,14221,2020-10-08,2020-10-14,livrée,Vaillant
14222,14222,2022-06-29,2022-07-06,en attente,Charpentier
14223,14223,2024-02-06,2024-02-10,livrée,Muller
14224,14224,2020-09-12,2020-09-16,en attente,Clément Ledoux SA
14225,14225,2019-10-25,2019-10-31,livrée,Carre
14226,14226,2022-02-26,2022-03-01,livrée,Gauthier Salmon S.A.R.L.
14227,14227,2022-07-06,2022-07-12,en cours,Tanguy
14228,14228,2022-02-13,2022-02-18,en attente,Pinto Pasquier S.A.R.L.
14229,14229,2020-02-12,2020-02-14,livrée,Boucher Voisin SARL
14230,14230,2023-01-17,2023-01-21,en cours,Hubert
14231,14231,2019-06-11,2019-06-14,livrée,Morel
14232,14232,2021-09-07,2021-09-11,en attente,Barre Perrot S.A.
14233,14233,2024-02-05,2024-02-06,en cours,Dupuis
14234,14234,2022-04-28,2022-05-05,livrée,Rocher
14235,14235,2024-02-01,2024-02-08,en cours,Lacroix
14236,14236,2020-07-06,2020-07-10,en attente,Tanguy Renault S.A.
14237,14237,2021-02-13,2021-02-19,en attente,Laine
14238,14238,2024-08-12,2024-08-17,en cours,Tanguy
14239,14239,2021-11-30,2021-12-04,en cours,Leclercq S.A.R.L.
14240,14240,2019-08-17,2019-08-18,en attente,Bonneau S.A.R.L.
14241,14241,2021-06-03,2021-06-06,livrée,Aubry
14242,14242,2021-09-01,2021-09-05,en cours,Girard
14243,14243,2020-03-17,2020-03-20,en cours,Gillet
14244,14244,2020-10-17,2020-10-18,en attente,Rivière
14245,14245,2020-12-26,2021-01-01,en attente,Wagner
14246,14246,2020-10-02,2020-10-07,en attente,Guillet Jean S.A.R.L.
14247,14247,2019-01-12,2019-01-18,en attente,Buisson SA
14248,14248,2021-10-23,2021-10-25,en attente,Dumas
14249,14249,2022-11-16,2022-11-19,livrée,Guillou
14250,14250,2023-03-21,2023-03-22,en cours,Pereira
14251,14251,2019-11-05,2019-11-08,livrée,Lévêque
14252,14252,2019-12-19,2019-12-25,en attente,Pelletier
14253,14253,2025-04-19,2025-04-21,en attente,Arnaud Richard S.A.
14254,14254,2021-09-16,2021-09-21,en attente,Klein
14255,14255,2023-01-19,2023-01-20,en attente,Gomez Torres S.A.
14256,14256,2020-03-17,2020-03-20,livrée,Adam
14257,14257,2022-03-26,2022-03-31,livrée,Barthelemy
14258,14258,2022-01-24,2022-01-27,en cours,Bernier et Fils
14259,14259,2021-07-18,2021-07-25,en attente,Boyer S.A.
14260,14260,2022-06-23,2022-06-25,en attente,Bonneau
14261,14261,2019-05-22,2019-05-25,livrée,Louis
14262,14262,2025-10-21,2025-10-23,en attente,Étienne et Fils
14263,14263,2021-12-03,2021-12-07,en cours,Clément
14264,14264,2020-10-20,2020-10-26,livrée,Noël et Fils
14265,14265,2025-10-28,2025-11-04,livrée,Giraud
14266,14266,2022-06-06,2022-06-11,livrée,Duhamel
14267,14267,2022-05-19,2022-05-26,en cours,Bègue
14268,14268,2022-04-22,2022-04-29,en cours,Bouchet Olivier et Fils
14269,14269,2022-02-25,2022-02-28,en attente,Benard
14270,14270,2020-07-16,2020-07-19,livrée,Fernandez Marin S.A.S.
14271,14271,2024-06-28,2024-07-01,livrée,Gautier SARL
14272,14272,2019-07-05,2019-07-08,en cours,Hernandez
14273,14273,2025-12-02,2025-12-07,en attente,Carre et Fils
14274,14274,2022-09-29,2022-10-05,livrée,Berger Goncalves SA
14275,14275,2024-01-12,2024-01-15,en cours,Menard S.A.R.L.
14276,14276,2019-07-09,2019-07-10,en attente,Guyon
14277,14277,2024-06-28,2024-06-30,livrée,Lebrun
14278,14278,2023-10-18,2023-10-22,en cours,Poulain
14279,14279,2022-12-13,2022-12-18,livrée,Bigot et Fils
14280,14280,2023-02-20,2023-02-26,en cours,Joly
14281,14281,2025-04-15,2025-04-18,en attente,Sanchez
14282,14282,2022-10-15,2022-10-16,livrée,Vincent
14283,14283,2020-02-14,2020-02-16,en attente,Barbier SARL
14284,14284,2022-02-09,2022-02-15,en cours,Rolland
14285,14285,2020-06-25,2020-06-30,en cours,Dijoux Masson S.A.
14286,14286,2025-12-25,2025-12-29,en cours,Texier
14287,14287,2020-04-10,2020-04-17,livrée,Pages Verdier S.A.R.L.
14288,14288,2023-10-06,2023-10-07,en cours,Ollivier
14289,14289,2020-12-10,2020-12-11,en cours,Fernandez
14290,14290,2024-07-04,2024-07-08,en attente,Boyer
14291,14291,2023-04-24,2023-04-30,en cours,Hamon
14292,14292,2021-03-06,2021-03-13,livrée,Didier
14293,14293,2025-08-26,2025-08-29,en cours,Guillet
14294,14294,2020-07-01,2020-07-03,en cours,Hamon Pichon SA
14295,14295,2021-09-29,2021-10-02,livrée,Charrier S.A.
14296,14296,2020-04-13,2020-04-20,en cours,Pons Rossi S.A.
14297,14297,2024-03-17,2024-03-23,livrée,Pinto Boyer et Fils
14298,14298,2024-05-18,2024-05-25,livrée,Baudry
14299,14299,2025-02-20,2025-02-26,en cours,Philippe
14300,14300,2023-05-12,2023-05-13,en attente,Besson
14301,14301,2025-10-14,2025-10-17,en attente,Joly
14302,14302,2020-06-02,2020-06-03,en cours,Payet Marty S.A.S.
14303,14303,2022-12-10,2022-12-11,en attente,Masse
14304,14304,2019-06-17,2019-06-22,livrée,Legrand
14305,14305,2023-05-02,2023-05-08,en cours,Gimenez
14306,14306,2023-08-14,2023-08-21,livrée,Launay SA
14307,14307,2025-10-15,2025-10-21,livrée,Delannoy
14308,14308,2019-07-01,2019-07-02,en attente,Brun
14309,14309,2019-03-23,2019-03-24,en cours,Lemonnier S.A.R.L.
14310,14310,2025-01-10,2025-01-15,en attente,Duhamel Maillard S.A.S.
14311,14311,2022-11-24,2022-11-25,en cours,Huet
14312,14312,2024-08-01,2024-08-04,en attente,Joly
14313,14313,2023-10-20,2023-10-24,en attente,Ferreira S.A.S.
14314,14314,2024-10-01,2024-10-06,en attente,Fernandez
14315,14315,2019-05-26,2019-05-27,en cours,Michel
14316,14316,2020-07-16,2020-07-19,livrée,Aubert
14317,14317,2022-08-22,2022-08-28,livrée,Gilbert SA
14318,14318,2025-03-06,2025-03-11,en cours,Fleury
14319,14319,2020-09-18,2020-09-24,livrée,Marques Martinez SA
14320,14320,2020-06-06,2020-06-07,en attente,Pons SA
14321,14321,2022-09-27,2022-10-01,en cours,Lefebvre
14322,14322,2020-11-03,2020-11-09,livrée,Pons
14323,14323,2025-06-05,2025-06-06,en cours,Chauvin S.A.
14324,14324,2019-07-15,2019-07-21,livrée,Pons
14325,14325,2025-09-05,2025-09-11,en attente,Moreno SA
14326,14326,2025-07-06,2025-07-11,en attente,Morvan Courtois S.A.S.
14327,14327,2022-09-07,2022-09-10,livrée,Peron Pichon et Fils
14328,14328,2020-06-22,2020-06-23,en attente,Teixeira SA
14329,14329,2021-08-13,2021-08-20,en attente,Petitjean Moreno et Fils
14330,14330,2025-11-03,2025-11-04,livrée,Riou
14331,14331,2023-08-19,2023-08-25,en attente,Henry et Fils
14332,14332,2019-11-03,2019-11-06,livrée,Jacquet
14333,14333,2021-02-03,2021-02-08,en attente,Dias Le Roux S.A.S.
14334,14334,2025-01-13,2025-01-15,livrée,Marin
14335,14335,2022-01-20,2022-01-23,en cours,Bègue Riou S.A.
14336,14336,2024-07-02,2024-07-09,livrée,Guillon
14337,14337,2023-02-12,2023-02-18,en cours,Lombard
14338,14338,2019-11-26,2019-12-03,en attente,Munoz SA
14339,14339,2022-05-15,2022-05-20,livrée,Renaud
14340,14340,2024-10-28,2024-11-03,livrée,Lopes Bouchet S.A.
14341,14341,2020-02-26,2020-03-04,en cours,Millet S.A.S.
14342,14342,2022-01-12,2022-01-17,en attente,Guyot S.A.
14343,14343,2022-01-04,2022-01-06,en cours,Carpentier
14344,14344,2023-12-26,2023-12-28,livrée,Collet
14345,14345,2024-09-22,2024-09-25,en cours,Lecoq Imbert et Fils
14346,14346,2019-11-21,2019-11-26,en attente,Giraud
14347,14347,2024-03-03,2024-03-09,en attente,Girard
14348,14348,2022-03-31,2022-04-03,en attente,Renard
14349,14349,2025-10-16,2025-10-23,en attente,Boulanger et Fils
14350,14350,2022-01-27,2022-02-02,livrée,Lacombe
14351,14351,2023-08-30,2023-09-03,livrée,Morvan
14352,14352,2021-02-09,2021-02-15,en attente,Bertrand S.A.S.
14353,14353,2023-05-04,2023-05-07,en attente,Marin
14354,14354,2020-12-05,2020-12-07,en cours,Lecoq et Fils
14355,14355,2022-10-27,2022-11-03,en attente,Gaudin Tanguy SARL
14356,14356,2023-09-12,2023-09-18,livrée,Bouvier Benoit et Fils
14357,14357,2020-12-14,2020-12-17,livrée,Foucher
14358,14358,2021-11-09,2021-11-16,livrée,Payet
14359,14359,2023-06-21,2023-06-25,en cours,Leclerc SARL
14360,14360,2019-04-23,2019-04-30,livrée,Barbe
14361,14361,2023-06-10,2023-06-11,en cours,Lecomte S.A.R.L.
14362,14362,2023-08-27,2023-08-29,en cours,Berthelot
14363,14363,2022-10-20,2022-10-21,en attente,Dufour
14364,14364,2022-02-07,2022-02-09,en cours,Guillou SA
14365,14365,2020-06-26,2020-07-03,en attente,Texier
14366,14366,2023-11-12,2023-11-15,en cours,Fernandez
14367,14367,2023-03-14,2023-03-16,en cours,Leduc
14368,14368,2022-10-23,2022-10-30,en cours,Besson et Fils
14369,14369,2020-08-06,2020-08-11,en cours,Joubert S.A.
14370,14370,2022-11-16,2022-11-22,livrée,Leroy Caron S.A.
14371,14371,2025-04-17,2025-04-21,en attente,Bertin
14372,14372,2020-06-12,2020-06-16,en attente,Gérard et Fils
14373,14373,2020-05-26,2020-05-29,en cours,Laurent SARL
14374,14374,2025-11-04,2025-11-06,en cours,Sanchez
14375,14375,2025-02-10,2025-02-16,livrée,Wagner Moreno S.A.
14376,14376,2020-01-27,2020-02-02,en cours,Maillet Rossi S.A.R.L.
14377,14377,2019-04-04,2019-04-05,livrée,Lopez
14378,14378,2025-03-17,2025-03-23,livrée,Thomas SA
14379,14379,2024-07-22,2024-07-23,en attente,Renault SARL
14380,14380,2024-09-14,2024-09-16,livrée,Jacob Renault et Fils
14381,14381,2025-12-01,2025-12-03,en cours,Dumas
14382,14382,2025-07-14,2025-07-20,en attente,Martins Dias SA
14383,14383,2021-10-30,2021-11-01,en cours,Grenier
14384,14384,2019-06-20,2019-06-25,en cours,Laurent
14385,14385,2020-07-08,2020-07-15,en attente,Boulay
14386,14386,2021-12-13,2021-12-19,en cours,Rolland S.A.
14387,14387,2025-06-24,2025-06-26,en cours,Duhamel et Fils
14388,14388,2019-01-14,2019-01-18,livrée,Bonnin Pruvost et Fils
14389,14389,2020-04-17,2020-04-22,livrée,Dupont SARL
14390,14390,2021-02-25,2021-03-02,livrée,Leleu
14391,14391,2023-11-14,2023-11-19,livrée,Bouvier Briand S.A.R.L.
14392,14392,2019-07-21,2019-07-26,livrée,Klein
14393,14393,2019-05-27,2019-05-30,en attente,Chevallier
14394,14394,2022-06-03,2022-06-04,en attente,Bertrand
14395,14395,2024-10-08,2024-10-15,livrée,Gomez
14396,14396,2019-01-06,2019-01-12,livrée,Lefèvre Léger SA
14397,14397,2024-12-20,2024-12-22,en cours,Jacques SA
14398,14398,2023-11-20,2023-11-26,en attente,Pichon
14399,14399,2020-06-14,2020-06-19,en attente,Royer
14400,14400,2021-12-11,2021-12-12,en attente,Roche
14401,14401,2025-06-26,2025-06-28,en cours,Léger
14402,14402,2025-09-13,2025-09-15,en cours,Barthelemy
14403,14403,2022-06-30,2022-07-02,livrée,Letellier Berthelot et Fils
14404,14404,2020-10-14,2020-10-20,en cours,Le Roux
14405,14405,2021-03-26,2021-03-29,livrée,Dijoux
14406,14406,2022-08-30,2022-09-04,en cours,Mace
14407,14407,2024-07-01,2024-07-07,livrée,Pelletier
14408,14408,2025-03-12,2025-03-17,livrée,Adam
14409,14409,2025-03-22,2025-03-24,en attente,Bigot
14410,14410,2025-07-30,2025-08-05,en attente,Leclerc Chartier SA
14411,14411,2020-09-22,2020-09-29,livrée,Ramos
14412,14412,2021-10-26,2021-11-01,livrée,Da Silva SARL
14413,14413,2021-09-19,2021-09-26,en cours,Berger
14414,14414,2022-01-12,2022-01-17,livrée,Bonnet SA
14415,14415,2023-07-15,2023-07-22,en cours,Fabre
14416,14416,2023-10-12,2023-10-13,en cours,Martin
14417,14417,2021-07-19,2021-07-21,livrée,Ruiz
14418,14418,2025-12-01,2025-12-02,en attente,Turpin
14419,14419,2019-09-17,2019-09-18,en attente,Gomez et Fils
14420,14420,2019-12-11,2019-12-18,en attente,Pottier S.A.
14421,14421,2025-11-15,2025-11-20,en attente,Fontaine
14422,14422,2019-02-25,2019-02-28,en attente,Paul
14423,14423,2022-01-07,2022-01-12,en attente,Germain et Fils
14424,14424,2021-09-05,2021-09-12,en cours,Pelletier Moulin S.A.R.L.
14425,14425,2022-06-28,2022-07-01,en attente,Rousset
14426,14426,2019-09-23,2019-09-24,livrée,Barbier S.A.R.L.
14427,14427,2023-04-15,2023-04-21,livrée,Rousset
14428,14428,2020-12-14,2020-12-17,livrée,Le Gall Camus S.A.
14429,14429,2019-10-23,2019-10-26,en attente,Gosselin S.A.R.L.
14430,14430,2019-06-04,2019-06-06,en attente,Mercier SARL
14431,14431,2025-03-17,2025-03-24,livrée,Étienne Pottier SARL
14432,14432,2019-06-24,2019-06-28,en attente,Morvan SARL
14433,14433,2025-09-26,2025-10-02,en attente,Rivière SA
14434,14434,2019-02-08,2019-02-09,en cours,Valentin
14435,14435,2019-12-29,2019-12-30,livrée,Bodin
14436,14436,2023-03-28,2023-04-02,livrée,Leblanc
14437,14437,2022-03-19,2022-03-20,en attente,Clerc
14438,14438,2019-12-06,2019-12-12,livrée,Julien SA
14439,14439,2022-10-18,2022-10-20,en cours,Boulanger Prévost S.A.
14440,14440,2021-02-22,2021-02-27,en attente,Bègue S.A.
14441,14441,2025-02-10,2025-02-12,en cours,Merle Guillaume SA
14442,14442,2022-08-30,2022-09-01,livrée,Pages Marques SA
14443,14443,2019-12-15,2019-12-21,en cours,Rodrigues
14444,14444,2019-04-29,2019-05-06,livrée,Allard
14445,14445,2020-08-10,2020-08-15,en attente,Fontaine Royer S.A.R.L.
14446,14446,2021-06-07,2021-06-13,en cours,Dufour
14447,14447,2022-07-05,2022-07-11,en attente,Roussel
14448,14448,2023-12-26,2023-12-27,en attente,Da Costa SARL
14449,14449,2020-12-15,2020-12-17,en attente,Cohen
14450,14450,2024-01-14,2024-01-21,livrée,Albert
14451,14451,2020-10-19,2020-10-21,en attente,Pasquier
14452,14452,2020-09-27,2020-09-29,livrée,Rossi
14453,14453,2020-05-23,2020-05-27,en attente,Masson S.A.R.L.
14454,14454,2020-09-22,2020-09-28,en cours,Guilbert S.A.
14455,14455,2022-03-11,2022-03-12,en attente,Boucher S.A.
14456,14456,2020-12-01,2020-12-06,livrée,Lopes
14457,14457,2022-10-12,2022-10-17,en attente,Chevallier
14458,14458,2024-05-15,2024-05-20,livrée,Le Gall
14459,14459,2020-08-20,2020-08-24,en cours,Clément et Fils
14460,14460,2021-10-10,2021-10-16,en cours,Marion
14461,14461,2025-03-26,2025-03-29,en cours,Joly
14462,14462,2020-04-08,2020-04-15,livrée,Noël
14463,14463,2021-09-19,2021-09-24,livrée,Martel
14464,14464,2023-01-19,2023-01-25,en attente,Dubois
14465,14465,2023-01-18,2023-01-21,en cours,Brunet
14466,14466,2021-03-22,2021-03-27,en attente,Bodin
14467,14467,2024-09-02,2024-09-04,en attente,Parent Pichon S.A.R.L.
14468,14468,2024-08-18,2024-08-22,en attente,Hervé
14469,14469,2025-08-13,2025-08-15,livrée,Dias
14470,14470,2025-09-29,2025-10-04,livrée,Leduc Bodin SA
14471,14471,2025-08-25,2025-08-30,en cours,Charpentier
14472,14472,2022-03-08,2022-03-09,en attente,Julien
14473,14473,2024-06-12,2024-06-17,livrée,Alexandre Turpin S.A.
14474,14474,2024-09-17,2024-09-20,en cours,Pottier
14475,14475,2021-09-22,2021-09-23,livrée,Loiseau Delahaye SA
14476,14476,2025-01-09,2025-01-14,livrée,Dupont S.A.
14477,14477,2023-06-05,2023-06-11,en cours,Huet Potier S.A.S.
14478,14478,2021-08-03,2021-08-10,livrée,Grenier
14479,14479,2023-10-13,2023-10-14,en cours,Raynaud
14480,14480,2024-08-16,2024-08-17,livrée,Guillou
14481,14481,2023-10-05,2023-10-09,en cours,Teixeira Lambert S.A.
14482,14482,2024-02-29,2024-03-03,en cours,Bourgeois SARL
14483,14483,2025-01-01,2025-01-02,en cours,Olivier S.A.S.
14484,14484,2024-07-18,2024-07-22,en attente,Maréchal
14485,14485,2021-06-14,2021-06-18,en attente,De Sousa S.A.
14486,14486,2025-10-15,2025-10-21,en attente,Léger
14487,14487,2019-02-25,2019-03-02,livrée,Wagner
14488,14488,2022-03-07,2022-03-14,en attente,Dumont
14489,14489,2019-11-13,2019-11-19,en attente,Voisin Brunel S.A.
14490,14490,2020-07-01,2020-07-02,en attente,Bruneau
14491,14491,2021-08-03,2021-08-07,en cours,Weber S.A.
14492,14492,2019-02-05,2019-02-07,livrée,Arnaud S.A.S.
14493,14493,2023-02-15,2023-02-18,en attente,Couturier Wagner et Fils
14494,14494,2025-10-05,2025-10-09,en attente,Lejeune Dufour et Fils
14495,14495,2025-04-29,2025-05-04,livrée,Besson Georges S.A.R.L.
14496,14496,2019-04-24,2019-04-30,livrée,Bousquet
14497,14497,2019-01-08,2019-01-11,livrée,Mathieu
14498,14498,2025-05-01,2025-05-07,en attente,Perret SA
14499,14499,2020-07-12,2020-07-13,en cours,Boyer
14500,14500,2023-07-30,2023-08-03,en attente,Martineau
14501,14501,2020-07-20,2020-07-23,livrée,Vallet SARL
14502,14502,2024-12-23,2024-12-28,livrée,Roger Renaud S.A.S.
14503,14503,2024-12-01,2024-12-05,livrée,Vallée
14504,14504,2025-07-02,2025-07-06,en cours,Bouvier S.A.S.
14505,14505,2025-07-13,2025-07-16,en cours,Torres S.A.
14506,14506,2023-01-25,2023-01-31,en attente,Lucas SA
14507,14507,2019-05-09,2019-05-15,livrée,Mallet Collet S.A.R.L.
14508,14508,2024-12-08,2024-12-09,en attente,Robin Blondel S.A.R.L.
14509,14509,2024-09-02,2024-09-08,en attente,Cousin S.A.S.
14510,14510,2024-08-08,2024-08-10,en cours,Brun Royer S.A.S.
14511,14511,2025-11-11,2025-11-18,en cours,Guyot et Fils
14512,14512,2020-04-03,2020-04-07,en cours,Pages
14513,14513,2022-10-24,2022-10-30,livrée,Guilbert et Fils
14514,14514,2025-02-09,2025-02-11,en attente,Deschamps
14515,14515,2020-10-20,2020-10-23,en cours,Cohen SA
14516,14516,2023-01-01,2023-01-02,livrée,Munoz
14517,14517,2019-02-07,2019-02-12,en attente,Durand
14518,14518,2024-07-22,2024-07-27,en cours,Alves S.A.S.
14519,14519,2019-11-05,2019-11-12,en attente,Labbé
14520,14520,2020-07-31,2020-08-04,en cours,Jacquot et Fils
14521,14521,2023-08-05,2023-08-09,livrée,Lefèvre Guérin S.A.
14522,14522,2019-01-18,2019-01-25,livrée,Maillard
14523,14523,2021-08-26,2021-08-27,en cours,Guyon
14524,14524,2020-01-26,2020-01-28,livrée,Michel
14525,14525,2021-01-15,2021-01-17,en attente,Bourgeois S.A.S.
14526,14526,2020-04-26,2020-04-28,en cours,Duhamel
14527,14527,2022-07-21,2022-07-25,livrée,Boucher Courtois SA
14528,14528,2023-06-16,2023-06-23,livrée,Robert
14529,14529,2024-12-07,2024-12-08,livrée,Alves SA
14530,14530,2022-01-09,2022-01-12,livrée,Sauvage
14531,14531,2023-12-10,2023-12-16,en cours,Picard
14532,14532,2023-06-26,2023-06-29,en attente,Fournier S.A.R.L.
14533,14533,2023-05-18,2023-05-25,en attente,Lesage Paris S.A.S.
14534,14534,2021-01-04,2021-01-08,en attente,Marion
14535,14535,2025-02-08,2025-02-09,livrée,Lefort
14536,14536,2021-03-21,2021-03-24,livrée,Roussel S.A.R.L.
14537,14537,2023-03-26,2023-03-27,en cours,Raynaud SARL
14538,14538,2025-07-16,2025-07-21,en cours,Rousseau Thibault S.A.
14539,14539,2020-10-03,2020-10-06,en cours,Lecomte
14540,14540,2020-09-03,2020-09-07,en cours,Humbert Carre S.A.
14541,14541,2020-12-24,2020-12-28,livrée,Picard
14542,14542,2024-08-05,2024-08-09,en attente,Colas
14543,14543,2024-04-24,2024-04-28,en attente,Masson
14544,14544,2020-12-03,2020-12-06,livrée,Joly S.A.
14545,14545,2023-10-09,2023-10-13,livrée,Le Goff Delattre S.A.R.L.
14546,14546,2023-05-06,2023-05-11,en attente,Marty
14547,14547,2019-01-21,2019-01-23,livrée,Dufour S.A.S.
14548,14548,2023-11-26,2023-11-27,en attente,Benoit
14549,14549,2022-06-28,2022-06-30,en cours,Robert
14550,14550,2020-05-29,2020-05-31,en cours,Laroche SA
14551,14551,2025-01-16,2025-01-23,en attente,Arnaud
14552,14552,2020-10-23,2020-10-27,en attente,Aubert
14553,14553,2024-09-07,2024-09-09,en attente,Legendre SA
14554,14554,2023-04-21,2023-04-25,en attente,Loiseau
14555,14555,2022-01-04,2022-01-10,en attente,Marie
14556,14556,2020-05-29,2020-06-01,en cours,Delmas
14557,14557,2022-04-27,2022-04-28,livrée,Thibault Morvan S.A.R.L.
14558,14558,2021-09-01,2021-09-02,en attente,Lefort Ramos SA
14559,14559,2021-08-25,2021-08-27,livrée,Klein Bouvier S.A.S.
14560,14560,2024-01-22,2024-01-25,livrée,Pires Bazin SA
14561,14561,2020-06-19,2020-06-20,en cours,Lejeune S.A.R.L.
14562,14562,2019-06-24,2019-06-25,livrée,Cohen Raymond S.A.R.L.
14563,14563,2023-04-19,2023-04-20,en cours,Vallet
14564,14564,2023-01-06,2023-01-08,livrée,Maillet
14565,14565,2025-03-17,2025-03-18,livrée,Delorme SA
14566,14566,2022-05-26,2022-05-28,en cours,Pichon S.A.S.
14567,14567,2020-08-14,2020-08-21,en cours,Gonzalez
14568,14568,2022-12-09,2022-12-15,en attente,Pelletier
14569,14569,2020-12-22,2020-12-27,livrée,Pages
14570,14570,2024-02-01,2024-02-02,livrée,Joubert
14571,14571,2021-01-30,2021-02-06,en cours,Brunet
14572,14572,2019-09-14,2019-09-19,en cours,Baron SA
14573,14573,2020-07-04,2020-07-06,livrée,Cordier
14574,14574,2021-03-28,2021-04-03,en cours,Blanc
14575,14575,2019-09-03,2019-09-07,livrée,Guillon S.A.
14576,14576,2020-06-06,2020-06-11,en attente,Masson
14577,14577,2025-05-09,2025-05-11,en attente,Denis Grégoire S.A.
14578,14578,2019-10-18,2019-10-22,en cours,Joubert Weiss et Fils
14579,14579,2024-06-07,2024-06-14,en cours,Schneider
14580,14580,2019-09-21,2019-09-28,livrée,Germain S.A.
14581,14581,2020-04-27,2020-04-28,livrée,Didier
14582,14582,2022-11-19,2022-11-20,en attente,Ribeiro
14583,14583,2024-06-22,2024-06-25,en attente,Maillot Tanguy SA
14584,14584,2022-07-07,2022-07-10,livrée,Bernier S.A.
14585,14585,2021-04-25,2021-04-28,livrée,Pereira
14586,14586,2024-10-03,2024-10-09,en cours,Fernandes
14587,14587,2024-11-01,2024-11-03,livrée,Georges
14588,14588,2024-09-11,2024-09-14,en attente,Faure Vallet et Fils
14589,14589,2023-05-11,2023-05-16,livrée,Noël et Fils
14590,14590,2021-10-05,2021-10-11,en attente,Meunier
14591,14591,2021-10-03,2021-10-10,livrée,Renard et Fils
14592,14592,2023-06-08,2023-06-13,en cours,Collin S.A.S.
14593,14593,2020-01-30,2020-02-04,livrée,Baron S.A.
14594,14594,2020-11-14,2020-11-21,en attente,Roger
14595,14595,2019-12-24,2019-12-31,en cours,Fouquet
14596,14596,2023-06-10,2023-06-12,livrée,Alexandre
14597,14597,2021-08-20,2021-08-22,en attente,Grenier
14598,14598,2020-01-12,2020-01-15,en cours,Guyon Mercier S.A.R.L.
14599,14599,2023-03-13,2023-03-18,livrée,Sanchez
14600,14600,2025-10-03,2025-10-07,en attente,Denis Boutin SA
14601,14601,2022-08-07,2022-08-09,en attente,Raynaud Rodriguez S.A.
14602,14602,2021-09-02,2021-09-04,en attente,Roger
14603,14603,2023-09-05,2023-09-07,en cours,Pascal Foucher S.A.
14604,14604,2020-04-02,2020-04-08,en cours,Guérin Durand S.A.R.L.
14605,14605,2024-04-02,2024-04-03,en cours,Adam
14606,14606,2023-05-20,2023-05-22,en cours,Masson
14607,14607,2025-01-06,2025-01-12,en attente,Schmitt S.A.S.
14608,14608,2020-10-28,2020-11-02,en cours,Prévost
14609,14609,2019-09-12,2019-09-15,en cours,Louis
14610,14610,2022-09-15,2022-09-19,livrée,Vincent et Fils
14611,14611,2025-09-02,2025-09-05,livrée,Renault
14612,14612,2019-11-10,2019-11-14,en cours,Arnaud SARL
14613,14613,2020-02-21,2020-02-25,livrée,Guillou
14614,14614,2023-06-29,2023-07-02,en attente,Reynaud SA
14615,14615,2023-05-17,2023-05-18,livrée,Cohen
14616,14616,2021-01-21,2021-01-23,livrée,Le Roux
14617,14617,2020-05-03,2020-05-04,en cours,Meyer et Fils
14618,14618,2025-07-17,2025-07-23,en cours,Aubry
14619,14619,2023-11-15,2023-11-17,en attente,Briand Hervé et Fils
14620,14620,2024-06-28,2024-06-30,en attente,Barthelemy
14621,14621,2023-08-28,2023-09-04,livrée,Lebreton
14622,14622,2019-07-12,2019-07-16,livrée,Aubry
14623,14623,2020-05-30,2020-06-01,en attente,Mallet SA
14624,14624,2021-01-12,2021-01-15,livrée,Barbier
14625,14625,2021-01-15,2021-01-17,livrée,Sanchez
14626,14626,2021-06-28,2021-07-01,livrée,Weiss et Fils
14627,14627,2019-09-25,2019-10-01,en attente,Leduc et Fils
14628,14628,2020-04-19,2020-04-22,en attente,Lebrun
14629,14629,2019-08-22,2019-08-28,en cours,Alves S.A.
14630,14630,2024-02-22,2024-02-28,livrée,Marques
14631,14631,2024-02-18,2024-02-25,en cours,Samson
14632,14632,2019-09-06,2019-09-12,en attente,Bailly
14633,14633,2019-06-07,2019-06-08,livrée,Legros
14634,14634,2022-08-07,2022-08-11,en attente,Roussel
14635,14635,2020-04-14,2020-04-19,livrée,Bruneau Payet SA
14636,14636,2020-02-04,2020-02-05,en cours,Huet SA
14637,14637,2019-05-28,2019-06-03,livrée,Payet
14638,14638,2025-06-14,2025-06-16,en attente,Daniel S.A.
14639,14639,2019-09-23,2019-09-29,en attente,Rousseau Tanguy S.A.R.L.
14640,14640,2020-04-07,2020-04-11,en attente,Gaillard
14641,14641,2022-06-29,2022-07-02,livrée,Philippe
14642,14642,2020-12-06,2020-12-11,en cours,Collet Adam S.A.R.L.
14643,14643,2020-05-23,2020-05-25,en attente,Labbé et Fils
14644,14644,2022-04-06,2022-04-08,en cours,Ribeiro Pelletier S.A.R.L.
14645,14645,2025-01-21,2025-01-24,en cours,Potier Jacquot S.A.S.
14646,14646,2020-05-07,2020-05-08,en cours,Robin SARL
14647,14647,2025-02-08,2025-02-15,en attente,Humbert et Fils
14648,14648,2023-10-23,2023-10-24,livrée,Lévy
14649,14649,2024-12-20,2024-12-21,en attente,Joseph
14650,14650,2019-02-25,2019-02-27,en cours,Noël Thierry S.A.R.L.
14651,14651,2019-06-22,2019-06-28,en attente,Navarro Leroux S.A.S.
14652,14652,2019-05-10,2019-05-16,en attente,Evrard Fernandez S.A.S.
14653,14653,2025-09-26,2025-09-29,en cours,Lelièvre Charles SA
14654,14654,2024-11-19,2024-11-26,livrée,Allard
14655,14655,2024-02-07,2024-02-12,en attente,Leblanc Guichard S.A.
14656,14656,2025-07-30,2025-07-31,en cours,Paris
14657,14657,2024-05-13,2024-05-17,en cours,Gauthier
14658,14658,2023-06-20,2023-06-25,en attente,Perrier
14659,14659,2025-01-22,2025-01-26,en attente,Normand
14660,14660,2020-06-13,2020-06-17,en cours,Charrier S.A.S.
14661,14661,2025-08-19,2025-08-20,en cours,Leleu
14662,14662,2022-07-27,2022-07-30,livrée,Pineau
14663,14663,2023-10-15,2023-10-19,en cours,Couturier
14664,14664,2019-06-24,2019-06-26,en cours,Simon Bazin SA
14665,14665,2019-08-27,2019-08-29,en cours,Duval Peron S.A.R.L.
14666,14666,2023-11-06,2023-11-11,livrée,Grenier Guillon SARL
14667,14667,2023-04-01,2023-04-02,en cours,Lemaître
14668,14668,2019-12-06,2019-12-12,en attente,Germain
14669,14669,2022-11-18,2022-11-24,en attente,Blot S.A.
14670,14670,2019-05-05,2019-05-09,en cours,Klein
14671,14671,2020-04-09,2020-04-16,livrée,Morvan SARL
14672,14672,2024-04-16,2024-04-20,livrée,Coulon Dupré SARL
14673,14673,2020-01-09,2020-01-16,en cours,Raynaud S.A.S.
14674,14674,2024-07-25,2024-07-26,livrée,Raynaud
14675,14675,2021-11-28,2021-12-05,en cours,Laporte
14676,14676,2019-06-27,2019-07-04,en attente,Delmas
14677,14677,2020-01-24,2020-01-28,en cours,Lefort Mace S.A.R.L.
14678,14678,2020-01-17,2020-01-24,en cours,Monnier
14679,14679,2024-02-14,2024-02-19,en cours,Dupré Moreau S.A.
14680,14680,2021-12-25,2021-12-26,livrée,Guillet et Fils
14681,14681,2023-12-22,2023-12-24,en cours,Bouvier
14682,14682,2024-10-22,2024-10-27,livrée,Marty
14683,14683,2023-10-16,2023-10-18,en cours,Briand
14684,14684,2021-01-24,2021-01-28,en attente,Fournier
14685,14685,2024-04-27,2024-05-02,livrée,Guillon
14686,14686,2025-04-15,2025-04-17,livrée,Marion
14687,14687,2022-01-10,2022-01-12,livrée,Fournier Boyer S.A.
14688,14688,2019-12-16,2019-12-19,en cours,Bernard
14689,14689,2025-11-07,2025-11-13,en cours,Gaillard S.A.R.L.
14690,14690,2023-09-04,2023-09-06,en cours,Bouvier
14691,14691,2019-08-24,2019-08-26,en cours,Tanguy
14692,14692,2025-02-08,2025-02-11,en cours,Prévost
14693,14693,2023-08-23,2023-08-25,en cours,Dumas
14694,14694,2025-03-05,2025-03-06,en cours,Bourgeois Delahaye S.A.
14695,14695,2020-06-05,2020-06-07,en attente,Joseph Lévêque S.A.
14696,14696,2021-04-08,2021-04-11,en attente,Philippe
14697,14697,2019-12-10,2019-12-13,livrée,Boutin
14698,14698,2025-05-29,2025-06-01,en attente,Gosselin
14699,14699,2024-04-23,2024-04-30,livrée,Rossi
14700,14700,2020-10-15,2020-10-16,en cours,Lebreton SARL
14701,14701,2019-03-13,2019-03-17,en cours,Bodin
14702,14702,2024-01-20,2024-01-25,en cours,Peltier
14703,14703,2025-09-05,2025-09-08,en cours,Dumont SARL
14704,14704,2024-11-10,2024-11-13,livrée,Clerc
14705,14705,2020-07-09,2020-07-12,en attente,Benard S.A.
14706,14706,2023-05-07,2023-05-10,en attente,Renault SA
14707,14707,2019-06-29,2019-07-04,livrée,Loiseau
14708,14708,2024-03-17,2024-03-20,en cours,Leconte SARL
14709,14709,2024-10-19,2024-10-20,en attente,Fouquet SARL
14710,14710,2022-05-22,2022-05-24,livrée,Vasseur S.A.R.L.
14711,14711,2020-08-25,2020-08-26,en attente,Delmas S.A.
14712,14712,2025-09-24,2025-10-01,en attente,Carpentier Barre et Fils
14713,14713,2019-10-15,2019-10-17,en attente,Buisson Blanc SARL
14714,14714,2025-03-02,2025-03-06,livrée,Arnaud SA
14715,14715,2019-05-10,2019-05-17,en cours,Maréchal SA
14716,14716,2024-03-29,2024-04-03,en cours,Humbert
14717,14717,2020-02-10,2020-02-11,en cours,Laurent
14718,14718,2019-04-16,2019-04-21,livrée,Normand Clerc SA
14719,14719,2022-06-01,2022-06-03,en cours,Legros
14720,14720,2025-02-07,2025-02-11,en attente,Normand S.A.
14721,14721,2021-04-16,2021-04-20,en attente,Chevallier S.A.S.
14722,14722,2021-05-14,2021-05-16,en cours,Riou et Fils
14723,14723,2019-10-17,2019-10-20,en attente,Maillet
14724,14724,2019-06-15,2019-06-17,livrée,Bouchet
14725,14725,2025-08-15,2025-08-16,livrée,Moreno
14726,14726,2025-12-18,2025-12-20,en cours,Delmas Thomas S.A.S.
14727,14727,2020-01-12,2020-01-16,livrée,Chrétien
14728,14728,2023-03-06,2023-03-11,en cours,Breton
14729,14729,2022-12-24,2022-12-26,en attente,Barbier SARL
14730,14730,2023-05-10,2023-05-15,en attente,Colas Gérard S.A.
14731,14731,2022-04-08,2022-04-09,livrée,Hoareau Ramos S.A.S.
14732,14732,2022-08-11,2022-08-12,en attente,Pascal
14733,14733,2021-12-10,2021-12-13,en attente,Dupuis
14734,14734,2025-02-27,2025-03-03,en attente,Vidal Bertrand SARL
14735,14735,2024-12-27,2024-12-31,livrée,Nicolas Rousseau SA
14736,14736,2022-03-12,2022-03-16,en attente,Rousseau S.A.S.
14737,14737,2023-11-19,2023-11-23,livrée,Pierre
14738,14738,2024-02-06,2024-02-11,en cours,Benard Lévêque SA
14739,14739,2021-11-10,2021-11-12,en cours,Nguyen S.A.R.L.
14740,14740,2021-03-13,2021-03-16,livrée,Poulain S.A.R.L.
14741,14741,2022-04-06,2022-04-11,en attente,Leduc Vincent S.A.S.
14742,14742,2021-07-05,2021-07-12,en cours,Ferreira
14743,14743,2020-07-20,2020-07-26,en cours,Moreno
14744,14744,2024-12-13,2024-12-14,livrée,Vallée
14745,14745,2025-06-28,2025-07-05,livrée,Raynaud Leroy S.A.
14746,14746,2023-08-18,2023-08-22,en cours,Descamps S.A.R.L.
14747,14747,2020-07-19,2020-07-21,livrée,Mercier
14748,14748,2022-10-11,2022-10-12,en attente,Ribeiro
14749,14749,2024-08-28,2024-09-03,en attente,Prévost
14750,14750,2022-04-10,2022-04-11,livrée,Blanc Martin SARL
14751,14751,2023-01-10,2023-01-17,en attente,Delaunay S.A.R.L.
14752,14752,2025-03-01,2025-03-07,en attente,Lesage Vallet SARL
14753,14753,2024-12-02,2024-12-07,en attente,Dias
14754,14754,2022-05-16,2022-05-17,en cours,Marie
14755,14755,2025-05-01,2025-05-04,livrée,Voisin
14756,14756,2020-05-08,2020-05-11,en cours,Poirier
14757,14757,2023-02-09,2023-02-15,en attente,Rodrigues
14758,14758,2022-07-27,2022-08-03,livrée,Bonneau SA
14759,14759,2019-04-20,2019-04-21,livrée,Grenier Guilbert et Fils
14760,14760,2022-11-18,2022-11-23,en attente,Girard S.A.
14761,14761,2020-12-05,2020-12-09,en attente,Techer
14762,14762,2022-10-24,2022-10-29,en attente,Besson Fernandez SA
14763,14763,2020-04-30,2020-05-03,en attente,Bruneau
14764,14764,2023-08-28,2023-08-29,en cours,Raynaud S.A.
14765,14765,2025-01-12,2025-01-19,en attente,Pascal S.A.R.L.
14766,14766,2019-06-26,2019-06-27,en attente,Lacombe Jean et Fils
14767,14767,2024-03-04,2024-03-11,livrée,Cohen
14768,14768,2025-12-10,2025-12-13,en attente,Moreno S.A.
14769,14769,2025-10-31,2025-11-04,en attente,Fernandes
14770,14770,2021-11-10,2021-11-12,livrée,Pons Payet et Fils
14771,14771,2019-04-02,2019-04-03,en cours,Le Gall SARL
14772,14772,2022-06-23,2022-06-27,en attente,Regnier SA
14773,14773,2022-07-31,2022-08-06,en attente,Delattre
14774,14774,2020-09-02,2020-09-04,en cours,Jacquot
14775,14775,2025-12-16,2025-12-18,en cours,Meunier
14776,14776,2023-09-15,2023-09-17,livrée,Launay
14777,14777,2023-06-06,2023-06-12,en attente,Blot
14778,14778,2023-04-18,2023-04-25,livrée,Guillou S.A.
14779,14779,2020-02-08,2020-02-14,en cours,Texier
14780,14780,2024-10-16,2024-10-17,livrée,Boulay et Fils
14781,14781,2023-12-27,2023-12-31,livrée,Dufour Renard SA
14782,14782,2021-12-20,2021-12-26,en cours,Legrand Deschamps S.A.R.L.
14783,14783,2025-05-10,2025-05-11,livrée,Laporte
14784,14784,2020-11-14,2020-11-16,en attente,Arnaud Dijoux S.A.R.L.
14785,14785,2025-03-13,2025-03-20,en attente,Gallet
14786,14786,2021-12-11,2021-12-14,en attente,Bonneau
14787,14787,2024-09-03,2024-09-08,livrée,Blanchet
14788,14788,2020-11-17,2020-11-23,en attente,Gautier
14789,14789,2025-04-30,2025-05-05,en attente,Verdier SA
14790,14790,2020-06-03,2020-06-10,livrée,Morel
14791,14791,2024-08-07,2024-08-12,en cours,Maillet
14792,14792,2022-06-18,2022-06-22,en cours,Colas
14793,14793,2025-07-02,2025-07-07,en cours,Maillet Gauthier SA
14794,14794,2025-02-28,2025-03-07,livrée,Albert
14795,14795,2019-09-06,2019-09-08,en attente,Nicolas
14796,14796,2024-11-17,2024-11-18,livrée,Texier Laurent SA
14797,14797,2022-05-30,2022-05-31,livrée,Vasseur Brunet SARL
14798,14798,2022-06-12,2022-06-15,livrée,Teixeira
14799,14799,2023-08-13,2023-08-15,livrée,Jean
14800,14800,2022-11-23,2022-11-26,livrée,Lopes
14801,14801,2021-04-10,2021-04-15,en cours,Brunet
14802,14802,2019-03-12,2019-03-14,livrée,Raymond
14803,14803,2022-04-07,2022-04-10,livrée,Alves et Fils
14804,14804,2025-01-01,2025-01-07,en attente,Dupuis
14805,14805,2021-09-04,2021-09-11,en attente,Jacob
14806,14806,2022-03-19,2022-03-25,livrée,Chauvin
14807,14807,2019-08-17,2019-08-22,livrée,Marchal Lejeune S.A.
14808,14808,2022-10-27,2022-10-30,en cours,Gauthier et Fils
14809,14809,2019-09-09,2019-09-13,en cours,Martel Martins S.A.S.
14810,14810,2023-06-15,2023-06-21,en attente,Pages
14811,14811,2023-12-13,2023-12-18,en attente,Teixeira SARL
14812,14812,2025-07-21,2025-07-27,en attente,Pierre Texier SA
14813,14813,2024-01-27,2024-02-02,en cours,Coste Collet SA
14814,14814,2021-01-17,2021-01-20,en attente,Rodriguez
14815,14815,2022-09-19,2022-09-22,livrée,Fleury
14816,14816,2023-12-23,2023-12-30,livrée,Martineau Bonnet et Fils
14817,14817,2020-09-22,2020-09-23,livrée,Clerc
14818,14818,2021-06-23,2021-06-29,en cours,Georges
14819,14819,2020-08-18,2020-08-25,livrée,Descamps Bonnet S.A.R.L.
14820,14820,2023-11-17,2023-11-24,en attente,Ribeiro
14821,14821,2022-10-21,2022-10-22,livrée,Richard Mendès et Fils
14822,14822,2025-01-09,2025-01-16,en attente,Benard SA
14823,14823,2024-09-29,2024-10-04,livrée,Nguyen S.A.
14824,14824,2024-10-07,2024-10-11,en attente,Ledoux
14825,14825,2021-01-08,2021-01-10,livrée,Fouquet Duhamel S.A.R.L.
14826,14826,2024-03-13,2024-03-19,en cours,Lacombe Marchal et Fils
14827,14827,2024-12-13,2024-12-17,en attente,Moulin
14828,14828,2022-12-08,2022-12-11,livrée,Maillot
14829,14829,2024-05-03,2024-05-09,en cours,Dufour
14830,14830,2022-10-28,2022-10-31,en attente,Germain Jean S.A.R.L.
14831,14831,2022-12-15,2022-12-21,en cours,Olivier
14832,14832,2021-12-24,2021-12-25,livrée,Chauvet SA
14833,14833,2019-05-17,2019-05-19,livrée,Leroy
14834,14834,2020-02-08,2020-02-09,en attente,Bonnin
14835,14835,2025-05-08,2025-05-12,en cours,Dubois
14836,14836,2025-05-07,2025-05-12,en attente,Giraud et Fils
14837,14837,2020-08-22,2020-08-28,en cours,Guilbert S.A.S.
14838,14838,2025-09-23,2025-09-29,livrée,Morel S.A.R.L.
14839,14839,2020-06-11,2020-06-12,livrée,Albert SARL
14840,14840,2023-09-02,2023-09-05,en cours,Mendès
14841,14841,2025-06-04,2025-06-05,livrée,Dufour Marchand SA
14842,14842,2025-05-16,2025-05-22,en attente,Torres
14843,14843,2024-11-24,2024-11-29,en cours,David
14844,14844,2021-03-17,2021-03-18,livrée,Brun
14845,14845,2024-05-20,2024-05-25,en cours,Didier SARL
14846,14846,2023-02-13,2023-02-14,livrée,Alves Guibert SARL
14847,14847,2019-11-29,2019-12-05,en attente,Coulon et Fils
14848,14848,2019-06-05,2019-06-07,en attente,Laine
14849,14849,2020-11-12,2020-11-16,en attente,Girard
14850,14850,2020-09-16,2020-09-19,en cours,Lemaire
14851,14851,2022-09-09,2022-09-13,en attente,Perrot et Fils
14852,14852,2020-05-23,2020-05-25,livrée,Lemonnier et Fils
14853,14853,2025-06-20,2025-06-22,en attente,Gautier
14854,14854,2020-10-24,2020-10-31,livrée,Duhamel SA
14855,14855,2025-07-02,2025-07-07,en cours,Alves
14856,14856,2025-08-11,2025-08-12,en attente,Gautier et Fils
14857,14857,2020-02-03,2020-02-10,en cours,Torres S.A.
14858,14858,2024-01-21,2024-01-27,en attente,Boyer
14859,14859,2021-11-28,2021-12-04,livrée,Allain Perrin S.A.R.L.
14860,14860,2020-09-13,2020-09-16,en attente,Nicolas
14861,14861,2019-07-04,2019-07-10,en attente,Leconte Lecoq S.A.S.
14862,14862,2020-02-17,2020-02-21,en attente,Schneider Becker S.A.
14863,14863,2019-10-05,2019-10-09,en cours,Merle Lemaître SA
14864,14864,2019-08-18,2019-08-19,en attente,Lévy
14865,14865,2021-08-17,2021-08-21,en cours,Moulin S.A.S.
14866,14866,2022-05-31,2022-06-06,en cours,Marty
14867,14867,2025-04-11,2025-04-16,en attente,Lefebvre Fischer SARL
14868,14868,2024-11-06,2024-11-12,livrée,Pichon
14869,14869,2019-12-27,2019-12-29,en cours,Alves
14870,14870,2021-04-02,2021-04-04,livrée,Guillaume
14871,14871,2024-12-05,2024-12-10,livrée,Chrétien S.A.
14872,14872,2020-11-28,2020-12-04,en attente,Hoareau
14873,14873,2020-09-12,2020-09-13,en cours,Bonnin
14874,14874,2019-10-05,2019-10-09,en cours,Maillot
14875,14875,2024-06-03,2024-06-08,livrée,Ferrand Benard S.A.S.
14876,14876,2021-08-03,2021-08-08,livrée,Pons
14877,14877,2025-02-28,2025-03-04,en cours,Menard S.A.
14878,14878,2020-05-17,2020-05-24,en attente,Gaudin Hebert S.A.
14879,14879,2022-01-07,2022-01-13,livrée,Nguyen Poulain SARL
14880,14880,2020-05-31,2020-06-04,en cours,Diaz S.A.R.L.
14881,14881,2019-01-27,2019-02-01,en attente,Hubert Rossi SARL
14882,14882,2025-01-12,2025-01-16,livrée,Barbe
14883,14883,2025-09-29,2025-10-06,en attente,Alexandre
14884,14884,2024-09-01,2024-09-07,livrée,Guyot
14885,14885,2022-07-28,2022-08-02,en cours,Georges Dupré SA
14886,14886,2019-12-31,2020-01-03,livrée,Pascal Barthelemy et Fils
14887,14887,2024-10-14,2024-10-19,en cours,Boulanger SARL
14888,14888,2025-09-07,2025-09-12,livrée,Gaudin Bègue S.A.R.L.
14889,14889,2024-06-16,2024-06-23,en attente,Legendre
14890,14890,2024-06-28,2024-07-02,livrée,Gallet S.A.S.
14891,14891,2019-12-26,2020-01-02,en cours,Dufour Le Goff SARL
14892,14892,2020-10-03,2020-10-08,en cours,Mathieu Hubert SARL
14893,14893,2021-08-21,2021-08-28,en cours,Martineau Da Silva SA
14894,14894,2022-12-21,2022-12-28,en attente,Richard SA
14895,14895,2023-06-11,2023-06-16,livrée,Lévy
14896,14896,2023-04-29,2023-05-05,en attente,Meunier
14897,14897,2019-07-17,2019-07-21,en attente,Rodriguez Letellier S.A.
14898,14898,2022-11-09,2022-11-11,livrée,Lacombe
14899,14899,2020-08-25,2020-08-29,en cours,Martel
14900,14900,2021-04-13,2021-04-14,livrée,Mercier Launay et Fils
14901,14901,2023-11-14,2023-11-17,livrée,Ollivier Raymond S.A.
14902,14902,2023-03-02,2023-03-06,livrée,Baron
14903,14903,2020-04-20,2020-04-21,livrée,Dos Santos
14904,14904,2022-01-11,2022-01-14,livrée,Gauthier SARL
14905,14905,2021-05-01,2021-05-03,en cours,Mary
14906,14906,2024-08-12,2024-08-14,en attente,Paris
14907,14907,2019-01-13,2019-01-15,en cours,Leclercq
14908,14908,2024-04-12,2024-04-17,livrée,Evrard
14909,14909,2025-11-07,2025-11-14,en attente,François
14910,14910,2021-03-07,2021-03-12,livrée,Masse
14911,14911,2025-12-09,2025-12-11,livrée,Chauvin Gaillard S.A.R.L.
14912,14912,2024-12-06,2024-12-09,livrée,Langlois SARL
14913,14913,2022-03-24,2022-03-30,livrée,Marion
14914,14914,2019-01-15,2019-01-21,en attente,Delattre S.A.R.L.
14915,14915,2019-08-04,2019-08-08,en attente,Paul et Fils
14916,14916,2025-04-11,2025-04-15,en attente,Noël S.A.R.L.
14917,14917,2024-10-31,2024-11-07,en cours,Pasquier S.A.S.
14918,14918,2021-09-23,2021-09-25,livrée,Payet Colas SA
14919,14919,2021-02-28,2021-03-07,en cours,Roux
14920,14920,2019-11-06,2019-11-12,livrée,Martineau Rousseau et Fils
14921,14921,2024-05-29,2024-06-04,livrée,Tanguy Didier SARL
14922,14922,2024-05-27,2024-06-03,livrée,Fernandes
14923,14923,2019-10-10,2019-10-15,en attente,Becker
14924,14924,2020-02-23,2020-02-28,en attente,Guérin
14925,14925,2019-03-01,2019-03-04,en cours,Lesage Richard SA
14926,14926,2019-01-18,2019-01-19,en attente,Pierre
14927,14927,2024-01-11,2024-01-18,livrée,Roux
14928,14928,2019-07-20,2019-07-26,livrée,Fischer
14929,14929,2025-05-07,2025-05-08,livrée,Guibert Allain SA
14930,14930,2020-01-31,2020-02-04,en attente,Allard Ruiz S.A.
14931,14931,2023-09-13,2023-09-18,livrée,Renault
14932,14932,2021-08-24,2021-08-25,en cours,Da Silva
14933,14933,2022-01-15,2022-01-22,livrée,Roux
14934,14934,2022-04-30,2022-05-01,en attente,Antoine Mathieu SARL
14935,14935,2022-10-20,2022-10-27,livrée,Pottier Lefebvre S.A.R.L.
14936,14936,2021-02-11,2021-02-15,en cours,Peron
14937,14937,2022-12-05,2022-12-08,en cours,Bonneau
14938,14938,2021-12-08,2021-12-13,livrée,Hamel
14939,14939,2022-08-31,2022-09-02,livrée,Lopes SARL
14940,14940,2022-12-24,2022-12-29,livrée,Collet
14941,14941,2020-10-23,2020-10-27,livrée,Pages
14942,14942,2022-04-19,2022-04-24,livrée,Bertin
14943,14943,2023-04-28,2023-05-05,en attente,Gaillard
14944,14944,2019-04-06,2019-04-07,en attente,Parent Boyer S.A.
14945,14945,2022-02-20,2022-02-23,livrée,Legendre Maillot SARL
14946,14946,2021-03-08,2021-03-11,livrée,Baron
14947,14947,2023-07-10,2023-07-12,en cours,Leleu et Fils
14948,14948,2021-06-06,2021-06-11,en attente,Mathieu Munoz S.A.
14949,14949,2021-08-14,2021-08-19,en cours,Blanchard S.A.R.L.
14950,14950,2024-12-13,2024-12-15,en attente,Boulanger
14951,14951,2021-05-07,2021-05-11,en cours,Bouchet Fontaine SARL
14952,14952,2019-05-08,2019-05-15,en cours,Lefort Pons et Fils
14953,14953,2023-12-23,2023-12-24,livrée,Collin
14954,14954,2020-07-04,2020-07-05,en attente,Rocher S.A.S.
14955,14955,2025-03-24,2025-03-30,en cours,Maréchal SARL
14956,14956,2020-02-15,2020-02-20,livrée,Maillot
14957,14957,2020-05-26,2020-06-01,en cours,Moulin
14958,14958,2022-01-26,2022-01-31,en attente,Hardy
14959,14959,2023-11-06,2023-11-12,livrée,Dupont
14960,14960,2021-03-13,2021-03-17,en cours,Roussel
14961,14961,2025-06-09,2025-06-13,en cours,Allard Blanchard SA
14962,14962,2023-05-11,2023-05-14,livrée,Hamel Olivier et Fils
14963,14963,2019-06-17,2019-06-21,en attente,Payet SARL
14964,14964,2024-07-19,2024-07-23,livrée,Boucher S.A.R.L.
14965,14965,2020-04-13,2020-04-19,livrée,Perret Gaudin SA
14966,14966,2022-01-10,2022-01-17,livrée,Potier S.A.
14967,14967,2020-09-11,2020-09-15,en cours,Georges Goncalves et Fils
14968,14968,2019-07-30,2019-08-02,en attente,Roche
14969,14969,2025-04-01,2025-04-05,livrée,Blanchard
14970,14970,2021-05-20,2021-05-21,livrée,Wagner S.A.S.
14971,14971,2024-02-15,2024-02-19,en cours,Leclercq Gallet S.A.S.
14972,14972,2022-11-16,2022-11-20,en attente,Pineau et Fils
14973,14973,2023-12-29,2024-01-02,livrée,Lesage
14974,14974,2019-05-29,2019-06-05,en cours,Dumont
14975,14975,2021-08-11,2021-08-16,livrée,Carre
14976,14976,2023-12-20,2023-12-24,en attente,Ferrand
14977,14977,2020-05-24,2020-05-31,en cours,Rolland SARL
14978,14978,2025-09-10,2025-09-11,en attente,Jean S.A.R.L.
14979,14979,2019-12-18,2019-12-21,en cours,Lévy
14980,14980,2024-10-18,2024-10-23,en attente,Perrin
14981,14981,2022-05-12,2022-05-15,en cours,Jourdan Lacombe S.A.S.
14982,14982,2021-03-16,2021-03-22,livrée,Léger
14983,14983,2023-05-13,2023-05-16,livrée,Briand
14984,14984,2019-07-03,2019-07-08,livrée,Alves
14985,14985,2025-04-16,2025-04-21,livrée,Mary Pichon et Fils
14986,14986,2023-08-12,2023-08-13,en attente,Petitjean
14987,14987,2020-01-29,2020-01-30,en attente,Guyon
14988,14988,2022-02-23,2022-03-01,en cours,Charrier SARL
14989,14989,2019-08-13,2019-08-18,livrée,Leduc
14990,14990,2025-03-21,2025-03-26,en attente,Rivière
14991,14991,2022-03-15,2022-03-18,en attente,Ferrand
14992,14992,2023-10-11,2023-10-16,en attente,Laporte
14993,14993,2021-02-01,2021-02-05,en cours,Laine S.A.R.L.
14994,14994,2023-06-18,2023-06-24,en cours,Giraud
14995,14995,2022-11-01,2022-11-06,en attente,Hoarau Arnaud et Fils
14996,14996,2025-12-04,2025-12-08,en cours,Andre Robert et Fils
14997,14997,2019-02-06,2019-02-07,livrée,Moulin
14998,14998,2019-01-09,2019-01-14,en attente,Boucher Da Costa SA
14999,14999,2025-05-14,2025-05-19,en attente,Lucas
15000,15000,2025-11-11,2025-11-12,en cours,Perrot
