id_paiement,id_commande,date_paiement,montant_paye,mode_paiement,statut_paiement
1,1,2022-03-30,924.62,PayPal,accepté
2,2,2022-01-12,1049.49,Carte,refusé
3,3,2020-11-25,280.14,Carte,accepté
4,4,2020-10-11,462.68,Carte,refusé
5,5,2021-04-06,262.44,PayPal,accepté
6,6,2025-12-15,641.88,PayPal,accepté
7,7,2025-09-18,1302.04,Carte,accepté
8,8,2025-07-12,1923.63,Virement,refusé
9,9,2019-03-16,187.18,Carte,accepté
10,10,2020-05-22,1388.97,Virement,refusé
11,11,2024-12-29,676.93,Virement,refusé
12,12,2025-09-18,1461.12,Virement,accepté
13,13,2025-02-24,1981.45,Carte,refusé
14,14,2022-09-22,757.12,Virement,refusé
15,15,2025-02-24,158.66,Virement,refusé
16,16,2022-06-14,494.29,Virement,accepté
17,17,2023-04-11,302.64,Virement,refusé
18,18,2023-04-17,161.08,Virement,accepté
19,19,2020-01-08,1476.27,PayPal,refusé
20,20,2022-12-01,1316.29,Carte,accepté
21,21,2022-03-23,751.14,Virement,refusé
22,22,2023-12-20,1302.02,PayPal,refusé
23,23,2023-10-08,1230.63,Virement,refusé
24,24,2023-10-10,397.17,PayPal,refusé
25,25,2022-10-06,834.62,Virement,refusé
26,26,2022-09-05,1456.24,Virement,accepté
27,27,2024-02-23,86.7,PayPal,refusé
28,28,2021-08-19,1129.51,PayPal,accepté
29,29,2024-09-17,83.6,Virement,accepté
30,30,2022-02-01,1231.34,Carte,accepté
31,31,2024-11-13,1113.28,PayPal,accepté
32,32,2021-12-29,1117.6,Carte,accepté
33,33,2020-07-26,431.76,Virement,accepté
34,34,2021-06-28,462.2,Carte,refusé
35,35,2022-02-26,1810.9,Carte,refusé
36,36,2023-07-04,1680.12,Virement,refusé
37,37,2024-04-07,486.99,Carte,refusé
38,38,2025-03-08,841.05,Virement,refusé
39,39,2019-06-19,639.68,PayPal,accepté
40,40,2020-03-03,1403.7,Carte,accepté
41,41,2021-10-31,1681.5,PayPal,accepté
42,42,2020-09-13,425.04,Virement,accepté
43,43,2024-02-25,854.75,Carte,refusé
44,44,2022-04-28,434.02,Carte,accepté
45,45,2020-02-15,628.86,PayPal,accepté
46,46,2024-09-07,1886.29,Carte,accepté
47,47,2022-07-29,1307.54,Virement,refusé
48,48,2019-06-08,653.11,Carte,accepté
49,49,2019-12-24,414.34,PayPal,refusé
50,50,2020-12-22,1152.27,Virement,accepté
51,51,2020-06-15,1311.86,Virement,accepté
52,52,2023-04-29,615.34,Virement,accepté
53,53,2019-07-22,282.63,PayPal,refusé
54,54,2022-04-05,231.75,Carte,refusé
55,55,2021-07-28,1360.47,Carte,accepté
56,56,2023-07-06,1382.38,PayPal,accepté
57,57,2024-12-26,1227.07,Virement,refusé
58,58,2019-09-03,596.41,Virement,accepté
59,59,2025-02-28,113.12,Carte,refusé
60,60,2024-06-23,1023.58,Virement,accepté
61,61,2022-09-14,914.87,Virement,accepté
62,62,2021-01-09,786.71,Virement,refusé
63,63,2025-03-20,1381.53,PayPal,accepté
64,64,2025-12-18,1701.28,Carte,accepté
65,65,2019-07-05,391.35,Carte,refusé
66,66,2023-07-28,140.73,Carte,refusé
67,67,2024-09-05,730.27,PayPal,refusé
68,68,2023-07-09,830.95,PayPal,accepté
69,69,2025-05-18,1761.71,Carte,refusé
70,70,2023-10-29,1201.58,Virement,refusé
71,71,2019-05-17,927.66,Carte,accepté
72,72,2025-11-19,678.01,Virement,accepté
73,73,2025-07-02,1748.25,PayPal,accepté
74,74,2025-08-22,1630.39,Carte,refusé
75,75,2023-02-02,444.93,Virement,refusé
76,76,2025-03-27,31.66,Carte,accepté
77,77,2025-07-08,567.97,Virement,refusé
78,78,2019-10-22,1616.92,Virement,accepté
79,79,2023-04-24,921.49,Virement,refusé
80,80,2021-04-23,1194.77,Virement,accepté
81,81,2019-09-21,1167.38,PayPal,refusé
82,82,2022-02-27,1456.34,Carte,accepté
83,83,2019-08-16,1845.81,Carte,accepté
84,84,2020-07-26,838.42,Carte,refusé
85,85,2020-05-16,1508.77,Carte,refusé
86,86,2021-09-29,1134.75,PayPal,refusé
87,87,2021-01-12,425.23,Carte,refusé
88,88,2021-07-09,1475.37,Carte,refusé
89,89,2022-05-25,550.17,Virement,refusé
90,90,2020-09-26,432.0,Virement,refusé
91,91,2019-09-13,880.23,Carte,accepté
92,92,2020-07-24,1937.35,PayPal,accepté
93,93,2019-05-13,1110.4,PayPal,refusé
94,94,2020-02-15,1928.61,Carte,accepté
95,95,2022-12-15,1639.37,PayPal,accepté
96,96,2019-09-11,866.3,Virement,refusé
97,97,2023-02-27,998.27,Carte,accepté
98,98,2024-09-28,607.59,Carte,refusé
99,99,2025-06-11,944.69,Virement,refusé
100,100,2019-11-29,702.6,Carte,accepté
101,101,2019-06-10,1868.03,Virement,refusé
102,102,2023-04-22,1615.55,Virement,refusé
103,103,2020-10-09,1120.83,PayPal,accepté
104,104,2023-09-18,1332.44,PayPal,refusé
105,105,2025-09-19,479.93,Carte,refusé
106,106,2023-05-25,1508.03,PayPal,refusé
107,107,2022-12-20,851.54,PayPal,refusé
108,108,2023-06-29,1797.3,Virement,accepté
109,109,2020-12-09,606.81,PayPal,accepté
110,110,2021-04-12,1205.57,Carte,refusé
111,111,2024-02-11,1744.47,Virement,accepté
112,112,2020-04-23,695.12,Carte,accepté
113,113,2020-11-01,384.4,PayPal,refusé
114,114,2024-05-25,1654.81,Virement,accepté
115,115,2020-02-17,1084.54,PayPal,accepté
116,116,2021-03-19,1979.9,Virement,refusé
117,117,2025-09-16,1804.4,Carte,accepté
118,118,2023-01-26,197.69,Carte,accepté
119,119,2024-05-01,305.95,Carte,accepté
120,120,2020-03-28,71.14,Virement,accepté
121,121,2022-12-24,517.35,PayPal,accepté
122,122,2025-09-21,1470.0,Carte,refusé
123,123,2023-09-16,793.57,Virement,accepté
124,124,2020-11-08,747.27,PayPal,refusé
125,125,2019-07-09,1244.56,PayPal,accepté
126,126,2019-09-04,410.2,Carte,refusé
127,127,2021-10-17,1653.0,Carte,refusé
128,128,2019-09-07,1260.23,Virement,refusé
129,129,2023-05-29,1782.12,Virement,refusé
130,130,2022-07-21,1823.45,Virement,accepté
131,131,2023-11-16,1555.0,Virement,refusé
132,132,2020-01-15,1212.38,Carte,accepté
133,133,2019-04-13,1137.35,Virement,accepté
134,134,2023-06-10,1032.26,PayPal,accepté
135,135,2023-11-12,1679.08,Carte,refusé
136,136,2023-08-22,1255.0,PayPal,accepté
137,137,2023-04-03,1566.54,Virement,accepté
138,138,2024-12-09,1034.06,Virement,accepté
139,139,2025-02-02,115.93,PayPal,accepté
140,140,2025-07-10,367.07,Carte,accepté
141,141,2021-07-31,1539.17,Virement,refusé
142,142,2019-02-07,118.16,Virement,refusé
143,143,2025-06-30,1311.91,PayPal,refusé
144,144,2020-09-15,616.95,Virement,accepté
145,145,2019-03-17,1083.54,PayPal,accepté
146,146,2023-12-11,690.64,Virement,accepté
147,147,2024-04-27,1732.68,Carte,refusé
148,148,2025-01-03,841.72,Carte,refusé
149,149,2025-04-20,1186.74,PayPal,refusé
150,150,2022-05-24,538.48,Virement,accepté
151,151,2019-04-30,965.12,PayPal,refusé
152,152,2022-06-28,1213.21,Carte,accepté
153,153,2024-08-05,961.89,PayPal,accepté
154,154,2024-05-24,1738.71,Carte,accepté
155,155,2022-07-09,1955.74,PayPal,accepté
156,156,2022-08-12,1929.79,PayPal,accepté
157,157,2022-07-07,895.14,PayPal,refusé
158,158,2024-10-22,1860.59,PayPal,refusé
159,159,2023-06-24,1945.55,Virement,accepté
160,160,2022-10-01,1713.46,PayPal,refusé
161,161,2019-11-14,1756.95,Virement,accepté
162,162,2025-06-14,1180.06,Virement,refusé
163,163,2021-05-19,276.05,PayPal,refusé
164,164,2023-08-11,1778.03,Carte,refusé
165,165,2020-07-09,1386.74,Virement,accepté
166,166,2020-12-18,1895.57,Virement,refusé
167,167,2024-07-31,578.82,Carte,accepté
168,168,2022-03-12,690.38,Carte,refusé
169,169,2022-10-28,1834.82,Virement,refusé
170,170,2025-10-26,317.6,PayPal,refusé
171,171,2019-08-14,1743.13,PayPal,accepté
172,172,2023-04-09,1899.49,Virement,accepté
173,173,2020-09-19,934.4,Carte,refusé
174,174,2019-01-18,195.74,Carte,refusé
175,175,2021-09-04,1405.84,Virement,refusé
176,176,2021-10-18,1157.22,Virement,refusé
177,177,2019-01-31,547.62,PayPal,accepté
178,178,2021-07-23,235.6,Carte,refusé
179,179,2022-05-12,768.38,PayPal,accepté
180,180,2023-03-27,1657.28,PayPal,accepté
181,181,2025-03-06,1334.15,PayPal,accepté
182,182,2021-03-07,707.6,Carte,refusé
183,183,2022-09-12,966.27,Carte,accepté
184,184,2021-01-05,996.52,PayPal,refusé
185,185,2025-11-17,1293.96,PayPal,accepté
186,186,2022-09-15,1146.84,PayPal,refusé
187,187,2021-01-14,819.65,PayPal,refusé
188,188,2024-03-07,1405.3,PayPal,accepté
189,189,2023-11-07,1368.79,Carte,refusé
190,190,2019-06-18,232.42,Carte,accepté
191,191,2021-07-18,1977.91,Carte,refusé
192,192,2022-03-20,1607.68,Carte,refusé
193,193,2025-05-27,1681.62,PayPal,accepté
194,194,2021-03-09,1739.28,Virement,refusé
195,195,2025-06-24,625.71,Carte,refusé
196,196,2023-12-11,526.5,Virement,refusé
197,197,2021-05-12,1330.27,Virement,refusé
198,198,2024-09-27,1158.19,Virement,accepté
199,199,2021-12-20,586.62,Virement,accepté
200,200,2025-02-02,1414.76,Carte,accepté
201,201,2023-09-15,1893.76,Carte,accepté
202,202,2023-06-09,1137.65,Carte,accepté
203,203,2024-07-18,1299.04,PayPal,accepté
204,204,2023-09-23,206.18,Carte,refusé
205,205,2021-03-27,1700.99,Carte,accepté
206,206,2022-05-18,1186.78,PayPal,accepté
207,207,2024-06-03,1348.16,PayPal,refusé
208,208,2025-05-09,1084.73,Virement,accepté
209,209,2022-06-02,774.08,PayPal,refusé
210,210,2019-01-20,816.14,Virement,accepté
211,211,2022-01-21,455.25,Carte,accepté
212,212,2019-07-24,1280.33,Virement,refusé
213,213,2024-12-31,1690.21,Carte,accepté
214,214,2023-10-05,992.8,PayPal,refusé
215,215,2024-02-28,626.16,PayPal,accepté
216,216,2023-04-10,1368.5,PayPal,refusé
217,217,2022-08-28,941.74,Virement,accepté
218,218,2021-11-12,1474.7,Virement,refusé
219,219,2023-10-14,864.55,Virement,accepté
220,220,2022-03-11,1201.74,Carte,accepté
221,221,2025-09-04,639.3,Carte,accepté
222,222,2019-03-06,1261.41,PayPal,refusé
223,223,2021-02-20,1837.55,PayPal,accepté
224,224,2019-10-22,302.09,Carte,accepté
225,225,2024-08-11,63.28,Virement,refusé
226,226,2024-06-11,1957.2,PayPal,refusé
227,227,2022-03-26,1652.74,PayPal,refusé
228,228,2024-11-21,1520.27,PayPal,accepté
229,229,2024-12-16,790.68,PayPal,accepté
230,230,2021-03-15,1598.68,PayPal,accepté
231,231,2024-06-09,458.81,Virement,refusé
232,232,2020-07-23,989.25,Virement,accepté
233,233,2025-05-20,1542.54,Carte,accepté
234,234,2024-06-20,836.75,Virement,accepté
235,235,2025-09-14,768.2,Virement,accepté
236,236,2023-03-02,385.33,Virement,accepté
237,237,2019-04-06,1053.78,Virement,refusé
238,238,2019-06-21,1803.68,Carte,refusé
239,239,2023-12-05,275.96,PayPal,accepté
240,240,2019-09-07,595.41,PayPal,refusé
241,241,2022-04-09,211.91,Carte,accepté
242,242,2021-11-21,1593.53,Carte,refusé
243,243,2022-03-02,1044.85,Virement,accepté
244,244,2024-05-08,39.48,PayPal,accepté
245,245,2021-09-20,250.4,PayPal,refusé
246,246,2021-11-05,109.43,Carte,refusé
247,247,2024-01-19,1057.09,Virement,accepté
248,248,2021-01-09,81.56,Virement,refusé
249,249,2023-03-01,1364.42,PayPal,refusé
250,250,2021-01-29,600.66,Carte,refusé
251,251,2025-11-22,1742.36,Virement,accepté
252,252,2022-07-15,1537.85,Carte,refusé
253,253,2019-04-07,1992.53,PayPal,accepté
254,254,2023-05-21,596.14,Carte,accepté
255,255,2020-09-18,548.46,PayPal,refusé
256,256,2025-05-22,280.22,PayPal,refusé
257,257,2019-01-11,1653.23,Carte,accepté
258,258,2021-05-06,1651.15,Virement,accepté
259,259,2020-05-26,154.56,Carte,refusé
260,260,2024-12-04,1473.2,Carte,refusé
261,261,2019-01-29,1804.42,Carte,accepté
262,262,2023-06-28,1799.8,PayPal,accepté
263,263,2022-01-15,998.46,PayPal,accepté
264,264,2022-03-25,1189.87,Virement,refusé
265,265,2024-02-22,1333.92,Carte,refusé
266,266,2023-01-30,1952.19,Virement,refusé
267,267,2023-04-04,510.42,Virement,accepté
268,268,2020-09-09,1445.12,Virement,refusé
269,269,2024-02-01,1880.56,Carte,refusé
270,270,2022-09-18,59.73,PayPal,accepté
271,271,2021-12-14,1593.26,Virement,refusé
272,272,2025-03-10,1372.86,Carte,accepté
273,273,2022-01-03,902.11,Virement,refusé
274,274,2021-02-11,1932.81,PayPal,refusé
275,275,2021-02-12,1456.37,Carte,accepté
276,276,2024-08-30,1602.98,Virement,accepté
277,277,2025-06-02,1253.63,PayPal,accepté
278,278,2024-01-14,1007.74,Virement,accepté
279,279,2020-08-26,1040.02,PayPal,refusé
280,280,2019-06-12,893.1,Virement,refusé
281,281,2022-11-03,901.61,Carte,refusé
282,282,2019-04-05,1652.52,PayPal,accepté
283,283,2024-06-10,856.61,PayPal,accepté
284,284,2019-03-25,1026.73,Carte,refusé
285,285,2022-12-31,428.34,Virement,refusé
286,286,2019-10-08,1553.32,Virement,accepté
287,287,2020-06-22,1283.85,Virement,refusé
288,288,2022-03-06,349.83,Carte,refusé
289,289,2025-05-16,731.44,Virement,refusé
290,290,2025-05-29,866.95,Virement,refusé
291,291,2025-05-14,1625.19,PayPal,refusé
292,292,2024-11-13,685.52,Virement,refusé
293,293,2022-05-22,472.6,Virement,accepté
294,294,2020-09-07,1634.82,PayPal,refusé
295,295,2022-10-01,1476.71,PayPal,accepté
296,296,2023-10-10,649.56,PayPal,accepté
297,297,2024-05-02,1492.59,Carte,accepté
298,298,2023-04-22,1233.0,PayPal,refusé
299,299,2019-05-30,237.97,PayPal,refusé
300,300,2020-08-09,1797.64,Carte,accepté
301,301,2021-11-14,530.35,Carte,refusé
302,302,2022-04-22,187.17,Carte,refusé
303,303,2021-07-20,702.56,Virement,refusé
304,304,2023-10-06,1723.47,PayPal,accepté
305,305,2022-06-24,26.63,PayPal,refusé
306,306,2023-11-13,1605.17,PayPal,accepté
307,307,2020-08-23,610.5,Carte,accepté
308,308,2025-06-26,1057.35,PayPal,refusé
309,309,2024-12-27,1240.65,Carte,refusé
310,310,2022-08-11,997.3,Virement,accepté
311,311,2021-09-14,979.41,Carte,refusé
312,312,2022-09-15,1299.7,Carte,refusé
313,313,2025-11-21,1775.81,PayPal,accepté
314,314,2021-12-18,163.35,Virement,refusé
315,315,2019-03-28,885.41,PayPal,refusé
316,316,2022-02-15,1041.3,Virement,refusé
317,317,2025-07-06,1344.64,PayPal,accepté
318,318,2024-12-13,1565.69,Carte,refusé
319,319,2022-07-13,1889.9,Carte,accepté
320,320,2019-01-28,1456.82,Carte,refusé
321,321,2020-11-22,488.33,PayPal,accepté
322,322,2020-11-23,216.89,PayPal,refusé
323,323,2023-12-31,1700.93,PayPal,refusé
324,324,2025-01-28,1024.91,PayPal,accepté
325,325,2019-10-19,1253.41,Virement,refusé
326,326,2021-09-09,1526.63,Virement,refusé
327,327,2025-09-19,259.0,Carte,accepté
328,328,2024-04-14,930.91,PayPal,refusé
329,329,2021-12-20,1406.19,Virement,refusé
330,330,2020-08-01,255.27,Carte,accepté
331,331,2022-08-21,594.53,Virement,accepté
332,332,2025-03-15,499.34,PayPal,refusé
333,333,2025-03-15,731.6,Virement,refusé
334,334,2025-02-06,1537.45,Carte,accepté
335,335,2024-01-16,1904.87,PayPal,refusé
336,336,2024-04-27,533.16,Carte,refusé
337,337,2021-09-30,291.1,Virement,refusé
338,338,2022-02-25,124.27,Carte,accepté
339,339,2021-05-12,1010.91,PayPal,refusé
340,340,2024-06-26,555.73,Carte,refusé
341,341,2021-02-13,121.84,Virement,refusé
342,342,2019-06-09,465.99,Carte,refusé
343,343,2024-08-14,547.83,Carte,accepté
344,344,2022-07-02,1992.68,PayPal,refusé
345,345,2019-01-27,1568.98,Carte,refusé
346,346,2019-03-28,1156.11,Virement,accepté
347,347,2023-02-28,587.54,PayPal,refusé
348,348,2023-07-04,883.01,Virement,accepté
349,349,2022-07-22,272.62,Virement,accepté
350,350,2021-03-23,131.88,PayPal,accepté
351,351,2021-08-30,1087.93,PayPal,accepté
352,352,2020-04-25,674.63,PayPal,refusé
353,353,2020-03-08,1383.29,PayPal,refusé
354,354,2023-08-13,201.53,PayPal,refusé
355,355,2025-10-11,1352.64,Virement,accepté
356,356,2023-04-06,940.94,PayPal,refusé
357,357,2022-06-26,1762.1,Virement,accepté
358,358,2022-05-28,1487.81,PayPal,accepté
359,359,2019-04-07,1618.45,Virement,accepté
360,360,2023-07-08,1971.42,Carte,refusé
361,361,2025-10-28,1397.96,Carte,refusé
362,362,2024-07-21,1618.72,PayPal,refusé
363,363,2022-10-04,1656.28,PayPal,refusé
364,364,2022-11-26,1825.05,Virement,refusé
365,365,2023-12-09,1646.81,Virement,accepté
366,366,2023-06-24,1014.59,Virement,refusé
367,367,2021-05-18,77.51,Carte,accepté
368,368,2022-10-17,687.64,Carte,refusé
369,369,2025-02-17,1871.61,Carte,refusé
370,370,2019-10-18,1357.3,PayPal,accepté
371,371,2022-12-05,1367.34,Virement,accepté
372,372,2022-06-29,1680.1,PayPal,accepté
373,373,2021-01-10,743.91,Carte,refusé
374,374,2023-07-19,449.31,PayPal,accepté
375,375,2023-01-09,902.7,PayPal,refusé
376,376,2019-11-12,40.79,Virement,accepté
377,377,2021-11-23,113.96,PayPal,accepté
378,378,2021-08-07,168.99,Virement,refusé
379,379,2024-04-23,1829.52,Virement,refusé
380,380,2023-02-03,1629.27,Virement,accepté
381,381,2021-12-14,910.45,PayPal,accepté
382,382,2020-09-09,976.91,Carte,accepté
383,383,2020-04-22,1230.12,PayPal,accepté
384,384,2020-12-31,223.81,Carte,refusé
385,385,2020-12-25,1344.77,PayPal,accepté
386,386,2025-04-13,1785.0,Virement,accepté
387,387,2020-03-20,1788.0,PayPal,accepté
388,388,2022-11-08,380.23,Carte,accepté
389,389,2019-10-19,673.6,Virement,refusé
390,390,2020-05-03,1418.16,Carte,refusé
391,391,2022-04-10,1166.37,PayPal,accepté
392,392,2025-01-30,696.03,Carte,refusé
393,393,2022-05-24,1850.23,Virement,refusé
394,394,2019-04-19,877.89,PayPal,refusé
395,395,2020-03-06,1090.48,PayPal,accepté
396,396,2024-09-16,421.43,Virement,accepté
397,397,2024-08-22,1966.41,Carte,accepté
398,398,2022-06-28,1525.62,Virement,refusé
399,399,2024-03-14,1666.88,Virement,refusé
400,400,2020-01-28,250.48,PayPal,accepté
401,401,2023-02-01,432.67,Virement,accepté
402,402,2020-10-31,742.35,Carte,refusé
403,403,2020-07-27,1005.06,Carte,accepté
404,404,2020-04-30,1997.85,PayPal,accepté
405,405,2019-11-15,1101.12,PayPal,accepté
406,406,2022-04-15,1734.05,Virement,accepté
407,407,2022-09-21,676.25,PayPal,refusé
408,408,2020-02-14,766.39,PayPal,accepté
409,409,2020-09-17,1954.47,PayPal,accepté
410,410,2020-04-04,1278.12,Carte,refusé
411,411,2024-04-04,1933.18,PayPal,refusé
412,412,2021-07-28,956.95,Carte,refusé
413,413,2022-06-04,1058.09,Virement,accepté
414,414,2024-04-21,1192.68,PayPal,refusé
415,415,2023-06-08,150.36,PayPal,accepté
416,416,2019-04-21,1682.72,PayPal,refusé
417,417,2024-09-08,733.53,PayPal,refusé
418,418,2024-09-07,636.3,Virement,refusé
419,419,2020-02-05,354.74,Virement,refusé
420,420,2019-07-15,490.03,Virement,accepté
421,421,2019-05-30,1799.02,PayPal,accepté
422,422,2025-03-11,1298.59,Virement,refusé
423,423,2025-06-26,1412.57,Virement,accepté
424,424,2024-07-18,1371.81,Carte,accepté
425,425,2020-04-24,1454.03,PayPal,accepté
426,426,2021-08-08,1875.33,Virement,accepté
427,427,2023-05-07,1221.57,Carte,refusé
428,428,2022-02-07,1846.3,PayPal,refusé
429,429,2020-05-03,1874.3,Carte,accepté
430,430,2020-07-17,1636.97,Carte,accepté
431,431,2021-04-06,903.97,Carte,accepté
432,432,2024-05-04,907.19,Virement,accepté
433,433,2024-04-08,1047.48,PayPal,refusé
434,434,2020-01-18,1350.39,Virement,accepté
435,435,2024-02-22,282.84,Carte,accepté
436,436,2025-02-25,1831.6,Carte,refusé
437,437,2020-10-02,1075.82,Virement,refusé
438,438,2024-06-18,1457.69,Carte,refusé
439,439,2022-11-17,1104.42,Carte,accepté
440,440,2024-10-12,1900.54,Carte,accepté
441,441,2022-09-01,1071.97,Virement,accepté
442,442,2022-10-15,1518.1,PayPal,refusé
443,443,2025-12-30,916.15,Carte,refusé
444,444,2024-11-02,943.71,Virement,refusé
445,445,2020-04-06,438.66,Virement,accepté
446,446,2021-07-25,654.04,Carte,refusé
447,447,2019-07-06,59.29,Carte,accepté
448,448,2024-08-08,957.02,Virement,accepté
449,449,2025-08-17,470.18,PayPal,accepté
450,450,2020-11-07,804.88,Carte,refusé
451,451,2023-06-01,305.31,Carte,refusé
452,452,2025-02-22,408.64,Virement,accepté
453,453,2019-04-04,1447.82,PayPal,refusé
454,454,2022-12-24,890.18,Carte,refusé
455,455,2024-06-19,1994.92,PayPal,accepté
456,456,2023-12-14,377.54,Virement,refusé
457,457,2024-01-10,1628.65,Virement,accepté
458,458,2020-04-10,403.97,Virement,accepté
459,459,2022-08-19,1073.52,Virement,refusé
460,460,2021-08-14,1110.05,PayPal,accepté
461,461,2021-07-03,1949.89,Virement,refusé
462,462,2025-03-11,1499.7,Carte,accepté
463,463,2019-05-29,1458.98,Virement,refusé
464,464,2019-03-17,450.52,Carte,accepté
465,465,2020-10-09,942.45,Carte,accepté
466,466,2021-03-07,631.53,Virement,refusé
467,467,2023-06-17,406.49,Virement,refusé
468,468,2020-07-13,780.93,PayPal,accepté
469,469,2024-05-13,1784.43,Virement,accepté
470,470,2024-04-30,1748.06,PayPal,accepté
471,471,2019-12-19,683.78,PayPal,refusé
472,472,2024-11-03,1654.65,Virement,refusé
473,473,2019-01-04,1714.77,PayPal,refusé
474,474,2019-05-21,447.09,PayPal,accepté
475,475,2022-06-01,837.55,Virement,accepté
476,476,2020-11-12,1659.15,PayPal,accepté
477,477,2022-02-24,496.26,PayPal,refusé
478,478,2021-11-24,709.66,PayPal,accepté
479,479,2025-04-09,770.75,Carte,accepté
480,480,2025-03-20,1858.03,Virement,accepté
481,481,2020-04-26,854.46,PayPal,accepté
482,482,2024-04-12,643.47,PayPal,refusé
483,483,2023-02-21,1836.73,Carte,accepté
484,484,2019-03-26,1055.77,Carte,refusé
485,485,2020-08-15,76.1,Virement,accepté
486,486,2023-10-29,126.96,Carte,accepté
487,487,2020-09-22,364.6,PayPal,refusé
488,488,2025-02-17,682.45,PayPal,refusé
489,489,2021-10-19,247.42,Carte,accepté
490,490,2019-04-13,620.06,Virement,accepté
491,491,2019-09-19,145.2,Virement,accepté
492,492,2025-07-06,1258.09,Virement,accepté
493,493,2025-09-06,1188.22,PayPal,accepté
494,494,2020-10-02,1373.98,Virement,accepté
495,495,2019-01-15,438.8,Virement,accepté
496,496,2023-09-10,1058.79,Virement,refusé
497,497,2023-03-03,644.76,PayPal,accepté
498,498,2024-10-28,1655.64,PayPal,accepté
499,499,2021-12-17,766.35,Virement,accepté
500,500,2025-10-27,546.62,Carte,refusé
501,501,2020-06-15,705.77,PayPal,accepté
502,502,2019-03-25,645.29,Carte,accepté
503,503,2022-04-17,785.36,Virement,refusé
504,504,2025-06-28,1591.31,PayPal,refusé
505,505,2023-03-13,1357.86,Carte,accepté
506,506,2022-05-21,1133.84,Virement,accepté
507,507,2025-09-27,857.75,Virement,refusé
508,508,2021-04-05,1364.92,PayPal,accepté
509,509,2023-10-13,895.7,Carte,accepté
510,510,2020-12-09,670.47,Carte,refusé
511,511,2021-10-25,859.41,Carte,accepté
512,512,2023-05-29,1985.99,Virement,accepté
513,513,2024-10-18,288.01,PayPal,accepté
514,514,2024-06-05,467.45,PayPal,refusé
515,515,2022-10-08,59.89,Carte,refusé
516,516,2020-03-09,200.96,Virement,accepté
517,517,2025-02-07,1974.71,Carte,accepté
518,518,2025-06-01,1854.31,Virement,accepté
519,519,2022-11-21,985.76,PayPal,refusé
520,520,2019-08-10,610.43,Carte,refusé
521,521,2022-11-03,376.8,Virement,accepté
522,522,2020-08-03,1728.17,Carte,refusé
523,523,2021-07-05,1696.52,Carte,accepté
524,524,2024-11-28,1463.74,Virement,refusé
525,525,2019-11-21,880.79,PayPal,refusé
526,526,2020-01-27,1523.73,Carte,refusé
527,527,2024-12-31,1427.59,Virement,refusé
528,528,2024-10-04,37.16,Virement,accepté
529,529,2021-08-13,1320.86,Carte,accepté
530,530,2020-10-27,1489.91,Virement,refusé
531,531,2019-07-01,1550.18,Carte,refusé
532,532,2024-08-06,1143.89,Carte,refusé
533,533,2019-10-16,1509.36,Carte,refusé
534,534,2022-09-17,1088.22,PayPal,refusé
535,535,2024-11-15,126.3,Virement,refusé
536,536,2020-12-30,283.94,Virement,accepté
537,537,2025-05-22,302.34,Carte,accepté
538,538,2019-12-03,1747.82,Carte,accepté
539,539,2022-07-08,27.34,Carte,refusé
540,540,2024-03-04,620.99,PayPal,accepté
541,541,2023-04-15,1736.45,Virement,refusé
542,542,2022-11-11,1795.89,Carte,refusé
543,543,2021-08-13,1356.2,Virement,accepté
544,544,2023-08-20,992.76,Carte,accepté
545,545,2024-05-26,1702.39,PayPal,accepté
546,546,2019-11-19,1896.44,PayPal,refusé
547,547,2020-09-08,1819.91,Virement,accepté
548,548,2022-01-25,1271.7,PayPal,refusé
549,549,2019-03-09,635.93,PayPal,refusé
550,550,2019-11-19,1585.53,PayPal,refusé
551,551,2022-09-21,1663.97,PayPal,accepté
552,552,2022-03-18,637.88,Virement,refusé
553,553,2020-08-05,210.44,Virement,refusé
554,554,2025-10-09,1110.82,Carte,accepté
555,555,2022-07-04,1737.58,Virement,accepté
556,556,2025-02-21,1928.31,PayPal,accepté
557,557,2022-12-21,109.41,PayPal,refusé
558,558,2022-02-24,1893.91,Carte,refusé
559,559,2022-07-15,1181.22,PayPal,accepté
560,560,2022-09-14,1522.55,Virement,accepté
561,561,2020-01-27,557.25,Virement,accepté
562,562,2024-08-17,119.51,Virement,accepté
563,563,2019-01-29,674.09,Carte,accepté
564,564,2019-08-25,789.45,PayPal,refusé
565,565,2019-08-19,865.59,PayPal,refusé
566,566,2021-08-06,1428.41,PayPal,refusé
567,567,2025-09-22,1122.41,Carte,refusé
568,568,2024-01-12,971.74,PayPal,refusé
569,569,2024-09-08,456.83,Carte,refusé
570,570,2021-07-14,1864.88,Carte,refusé
571,571,2021-06-08,1556.4,Carte,refusé
572,572,2024-05-14,979.65,PayPal,accepté
573,573,2023-09-18,1500.6,PayPal,accepté
574,574,2025-05-25,734.29,PayPal,refusé
575,575,2023-10-28,633.75,Virement,refusé
576,576,2024-11-02,1685.29,Virement,refusé
577,577,2021-11-18,916.22,PayPal,refusé
578,578,2022-09-01,1153.67,PayPal,refusé
579,579,2022-04-26,34.9,PayPal,accepté
580,580,2024-02-05,1125.27,Virement,refusé
581,581,2020-01-16,1288.8,Carte,refusé
582,582,2021-04-11,875.73,PayPal,accepté
583,583,2022-12-15,1595.22,Carte,refusé
584,584,2021-03-17,1667.36,PayPal,accepté
585,585,2021-10-20,315.42,Virement,refusé
586,586,2019-09-18,1058.27,Virement,accepté
587,587,2019-04-09,423.72,Carte,accepté
588,588,2019-06-13,82.69,PayPal,accepté
589,589,2023-02-14,780.94,Carte,refusé
590,590,2025-10-14,1633.55,Virement,accepté
591,591,2023-02-18,1599.96,Carte,refusé
592,592,2020-05-22,1006.05,Virement,refusé
593,593,2023-03-24,1636.05,Carte,refusé
594,594,2021-01-10,565.72,Virement,accepté
595,595,2020-01-14,804.06,Virement,accepté
596,596,2022-08-26,1580.29,Virement,accepté
597,597,2021-04-18,1571.84,Carte,refusé
598,598,2021-12-01,914.98,Virement,refusé
599,599,2023-09-20,603.73,Virement,accepté
600,600,2025-08-24,1798.7,Virement,refusé
601,601,2021-10-18,1106.83,PayPal,refusé
602,602,2023-07-17,919.81,Virement,accepté
603,603,2023-05-07,1834.56,PayPal,refusé
604,604,2022-10-20,487.61,Virement,refusé
605,605,2023-10-16,597.83,PayPal,accepté
606,606,2021-12-09,1145.71,Carte,refusé
607,607,2025-12-04,1917.44,PayPal,refusé
608,608,2025-02-27,1415.84,Carte,accepté
609,609,2019-06-02,1795.48,Carte,accepté
610,610,2020-08-23,955.57,PayPal,accepté
611,611,2022-04-12,1237.16,Virement,refusé
612,612,2024-11-15,1931.45,PayPal,accepté
613,613,2019-03-31,1266.98,Virement,accepté
614,614,2022-05-30,1936.42,Virement,refusé
615,615,2021-11-16,1489.09,Virement,refusé
616,616,2019-02-06,537.63,PayPal,refusé
617,617,2022-04-30,862.13,Carte,refusé
618,618,2023-06-13,375.59,Virement,refusé
619,619,2022-02-07,1263.52,Virement,accepté
620,620,2023-05-05,137.73,Virement,accepté
621,621,2024-12-05,1557.79,Carte,accepté
622,622,2020-04-26,1672.47,Carte,accepté
623,623,2025-11-02,1722.21,Carte,accepté
624,624,2019-10-25,1289.54,Carte,refusé
625,625,2025-10-07,1969.52,PayPal,accepté
626,626,2023-04-28,1193.97,Virement,refusé
627,627,2024-07-26,1297.9,PayPal,accepté
628,628,2021-12-10,1668.02,PayPal,accepté
629,629,2020-03-06,1471.84,PayPal,refusé
630,630,2021-11-20,1525.01,Virement,refusé
631,631,2020-01-12,1108.16,Carte,accepté
632,632,2023-08-23,340.83,Carte,accepté
633,633,2019-09-30,880.78,Virement,refusé
634,634,2025-09-13,1827.81,Virement,accepté
635,635,2025-08-14,436.52,Carte,refusé
636,636,2021-10-31,1399.86,PayPal,accepté
637,637,2025-01-10,1860.68,PayPal,refusé
638,638,2020-12-29,1188.88,PayPal,refusé
639,639,2020-08-01,1710.12,Virement,refusé
640,640,2019-11-09,1987.68,Virement,accepté
641,641,2021-09-06,1013.62,Carte,refusé
642,642,2024-06-08,189.35,Carte,refusé
643,643,2024-05-23,1232.78,Virement,refusé
644,644,2024-02-24,1235.75,Virement,refusé
645,645,2020-05-20,1286.18,Virement,refusé
646,646,2024-05-05,1143.99,Virement,refusé
647,647,2022-01-27,117.94,Virement,accepté
648,648,2019-08-10,1507.46,PayPal,accepté
649,649,2025-10-27,1314.74,PayPal,accepté
650,650,2022-06-15,1661.73,Carte,refusé
651,651,2019-11-08,429.74,PayPal,accepté
652,652,2021-08-31,1854.65,Virement,refusé
653,653,2025-11-12,283.87,PayPal,refusé
654,654,2020-10-09,871.31,PayPal,accepté
655,655,2025-09-30,1925.79,Virement,refusé
656,656,2019-05-13,1531.77,Virement,accepté
657,657,2025-10-02,660.37,Virement,refusé
658,658,2020-06-29,1957.27,PayPal,refusé
659,659,2023-10-14,1028.97,Virement,accepté
660,660,2023-01-11,746.76,Virement,refusé
661,661,2025-07-04,1930.6,Virement,refusé
662,662,2019-11-01,362.24,Carte,accepté
663,663,2020-08-28,1749.34,Carte,refusé
664,664,2022-10-09,196.72,Carte,accepté
665,665,2024-03-12,1798.59,PayPal,refusé
666,666,2020-03-17,696.3,Carte,accepté
667,667,2019-03-17,1805.39,PayPal,refusé
668,668,2022-07-23,1915.1,Virement,refusé
669,669,2021-02-22,607.95,Virement,accepté
670,670,2025-07-19,229.89,Virement,accepté
671,671,2024-05-25,1598.31,Virement,accepté
672,672,2025-04-07,778.95,Virement,accepté
673,673,2020-11-10,896.99,Virement,refusé
674,674,2022-10-12,217.23,PayPal,accepté
675,675,2019-03-04,1002.09,Virement,accepté
676,676,2024-05-31,1429.31,Carte,accepté
677,677,2023-03-28,20.11,PayPal,accepté
678,678,2025-09-08,1064.56,Carte,accepté
679,679,2021-01-23,448.75,PayPal,refusé
680,680,2025-10-29,1134.19,Carte,accepté
681,681,2025-05-18,1135.69,PayPal,refusé
682,682,2020-09-04,1016.49,PayPal,accepté
683,683,2023-05-31,1072.07,Virement,refusé
684,684,2022-11-01,683.79,PayPal,accepté
685,685,2025-06-07,477.84,Carte,refusé
686,686,2025-12-16,850.86,PayPal,accepté
687,687,2025-07-07,880.79,PayPal,accepté
688,688,2023-04-06,317.84,Virement,refusé
689,689,2021-08-23,81.36,Carte,accepté
690,690,2022-07-16,215.56,Carte,accepté
691,691,2023-10-05,1475.0,Virement,refusé
692,692,2024-06-12,475.7,PayPal,accepté
693,693,2023-07-18,1539.71,Virement,refusé
694,694,2022-07-23,533.8,PayPal,refusé
695,695,2020-03-15,1980.42,Virement,refusé
696,696,2020-04-14,1691.69,PayPal,refusé
697,697,2025-07-29,641.57,Carte,accepté
698,698,2020-01-12,364.7,PayPal,refusé
699,699,2021-09-05,1175.16,Virement,refusé
700,700,2023-04-13,1311.65,Carte,accepté
701,701,2025-11-07,707.44,PayPal,refusé
702,702,2023-05-16,722.94,PayPal,refusé
703,703,2025-01-08,1100.47,Carte,refusé
704,704,2021-01-12,1974.96,PayPal,refusé
705,705,2023-03-10,423.29,Virement,accepté
706,706,2025-01-03,217.72,Virement,accepté
707,707,2024-11-17,448.13,PayPal,accepté
708,708,2024-02-01,1066.04,Virement,refusé
709,709,2025-02-15,1781.87,Carte,accepté
710,710,2020-10-21,1716.91,Virement,refusé
711,711,2023-12-07,1049.23,Virement,accepté
712,712,2022-12-26,1946.15,Carte,accepté
713,713,2024-03-24,1559.56,PayPal,refusé
714,714,2024-07-22,1016.55,Carte,accepté
715,715,2021-06-26,1725.82,Carte,refusé
716,716,2021-07-14,752.53,PayPal,refusé
717,717,2020-03-05,437.39,PayPal,accepté
718,718,2022-12-08,247.17,Virement,accepté
719,719,2019-05-01,595.33,Carte,accepté
720,720,2024-10-29,1115.68,Virement,accepté
721,721,2023-10-22,1512.91,PayPal,accepté
722,722,2019-09-30,1742.72,Virement,refusé
723,723,2023-01-20,1690.03,PayPal,accepté
724,724,2023-05-16,43.76,PayPal,accepté
725,725,2025-05-08,1061.5,Carte,refusé
726,726,2023-07-23,913.05,Carte,refusé
727,727,2025-09-19,162.96,Virement,refusé
728,728,2020-12-12,1153.75,Virement,refusé
729,729,2025-03-14,1480.06,Virement,accepté
730,730,2025-05-22,478.29,PayPal,accepté
731,731,2019-02-17,872.35,Carte,accepté
732,732,2021-04-22,302.41,Virement,accepté
733,733,2025-12-07,157.71,Carte,accepté
734,734,2021-04-16,1392.1,Carte,accepté
735,735,2022-03-31,1066.43,Carte,refusé
736,736,2022-04-23,204.04,Virement,accepté
737,737,2022-04-13,724.01,Virement,accepté
738,738,2021-05-25,383.64,Virement,refusé
739,739,2021-11-18,581.96,Carte,accepté
740,740,2025-04-11,517.6,PayPal,refusé
741,741,2020-03-10,1806.64,Virement,accepté
742,742,2022-12-06,657.8,Virement,accepté
743,743,2025-09-10,49.48,PayPal,accepté
744,744,2024-09-23,378.26,Virement,accepté
745,745,2021-05-21,897.45,PayPal,accepté
746,746,2022-07-20,1749.8,Virement,accepté
747,747,2020-06-16,711.81,PayPal,refusé
748,748,2019-01-12,1412.86,Virement,refusé
749,749,2023-06-25,1257.28,Carte,accepté
750,750,2019-03-07,1382.94,Virement,accepté
751,751,2019-10-09,1083.29,PayPal,refusé
752,752,2023-01-20,1541.68,PayPal,accepté
753,753,2025-03-21,1087.5,PayPal,accepté
754,754,2025-06-08,1777.71,Virement,accepté
755,755,2019-06-12,672.85,Virement,accepté
756,756,2022-03-02,192.12,Virement,refusé
757,757,2019-05-14,1957.44,PayPal,accepté
758,758,2023-08-07,1316.07,Carte,accepté
759,759,2019-12-14,1455.59,PayPal,refusé
760,760,2021-05-28,1812.99,Carte,refusé
761,761,2019-01-03,1632.09,PayPal,refusé
762,762,2023-08-27,1758.16,PayPal,accepté
763,763,2023-09-20,1618.78,Virement,refusé
764,764,2024-10-27,1890.85,Virement,accepté
765,765,2023-04-18,601.04,Virement,accepté
766,766,2019-06-30,145.78,Carte,accepté
767,767,2024-08-31,38.15,PayPal,refusé
768,768,2019-02-20,1180.82,Virement,refusé
769,769,2022-07-08,1084.04,Virement,refusé
770,770,2023-04-06,218.15,Virement,refusé
771,771,2023-05-26,1303.31,Carte,refusé
772,772,2025-01-31,1014.15,PayPal,refusé
773,773,2022-12-20,361.5,PayPal,accepté
774,774,2024-09-02,614.8,Virement,accepté
775,775,2019-07-30,568.79,Carte,refusé
776,776,2022-01-24,205.77,Virement,refusé
777,777,2021-04-25,627.97,Virement,accepté
778,778,2020-07-19,889.52,PayPal,refusé
779,779,2020-01-08,1433.89,Carte,refusé
780,780,2019-05-25,180.22,PayPal,refusé
781,781,2023-08-24,265.34,Carte,refusé
782,782,2020-06-06,146.51,Carte,accepté
783,783,2019-01-31,509.39,Carte,accepté
784,784,2022-08-15,554.08,Carte,accepté
785,785,2024-12-28,921.76,Virement,refusé
786,786,2023-12-12,1393.8,Carte,accepté
787,787,2020-08-23,1291.94,Carte,refusé
788,788,2020-02-22,493.09,PayPal,refusé
789,789,2019-05-12,1296.65,PayPal,accepté
790,790,2022-12-01,128.06,Carte,accepté
791,791,2025-06-01,1465.87,Virement,accepté
792,792,2020-01-15,1643.98,PayPal,refusé
793,793,2023-03-17,223.95,Carte,accepté
794,794,2022-06-19,1712.53,Carte,accepté
795,795,2024-03-01,642.06,Carte,refusé
796,796,2025-07-04,445.47,Carte,refusé
797,797,2024-02-04,1026.98,Carte,refusé
798,798,2025-12-21,1737.71,Carte,refusé
799,799,2024-04-21,535.65,Virement,refusé
800,800,2021-06-11,1892.46,Virement,refusé
801,801,2024-08-10,1556.71,Carte,refusé
802,802,2022-03-18,1575.31,PayPal,refusé
803,803,2020-04-29,1304.82,Virement,accepté
804,804,2020-05-07,1941.97,PayPal,refusé
805,805,2025-02-13,315.5,Virement,accepté
806,806,2020-01-02,154.29,PayPal,refusé
807,807,2020-12-15,470.01,Carte,refusé
808,808,2024-08-29,1645.5,PayPal,refusé
809,809,2019-06-21,1917.21,Virement,accepté
810,810,2023-02-04,1809.13,Carte,refusé
811,811,2019-02-20,678.03,PayPal,refusé
812,812,2022-07-14,765.58,Virement,refusé
813,813,2019-12-17,995.19,PayPal,accepté
814,814,2021-12-02,673.92,Virement,refusé
815,815,2024-07-02,776.48,PayPal,refusé
816,816,2020-05-16,1341.95,Carte,accepté
817,817,2023-04-20,1456.14,Virement,accepté
818,818,2023-12-24,1194.34,PayPal,refusé
819,819,2022-05-03,44.95,Carte,accepté
820,820,2019-06-23,23.35,Carte,accepté
821,821,2023-01-05,1404.02,PayPal,refusé
822,822,2025-04-19,393.88,PayPal,refusé
823,823,2025-12-18,142.09,PayPal,accepté
824,824,2021-12-13,315.48,Carte,accepté
825,825,2025-10-09,205.95,PayPal,refusé
826,826,2023-12-13,1795.06,PayPal,accepté
827,827,2019-06-02,900.48,Virement,refusé
828,828,2025-02-13,263.6,Virement,accepté
829,829,2019-06-15,1056.74,PayPal,refusé
830,830,2023-04-17,317.92,Carte,refusé
831,831,2023-02-06,764.57,PayPal,accepté
832,832,2023-11-22,643.56,Virement,refusé
833,833,2025-07-20,1109.65,PayPal,refusé
834,834,2023-06-12,1336.34,Carte,accepté
835,835,2021-12-03,318.91,Virement,refusé
836,836,2021-09-29,524.88,PayPal,refusé
837,837,2020-09-24,1496.19,Carte,accepté
838,838,2020-11-29,547.61,Virement,refusé
839,839,2024-09-18,1574.32,Carte,accepté
840,840,2021-04-28,775.03,Carte,accepté
841,841,2024-03-19,1134.47,Virement,refusé
842,842,2020-08-24,1565.21,PayPal,accepté
843,843,2019-03-17,273.08,Carte,accepté
844,844,2025-07-01,250.29,PayPal,accepté
845,845,2022-07-17,1243.02,Carte,refusé
846,846,2019-12-24,1153.59,Carte,accepté
847,847,2024-09-13,1758.16,Virement,accepté
848,848,2020-11-16,1912.11,Virement,accepté
849,849,2021-11-08,179.67,PayPal,refusé
850,850,2020-06-10,877.65,Virement,accepté
851,851,2021-01-25,1910.44,Virement,refusé
852,852,2022-06-13,915.52,PayPal,accepté
853,853,2021-04-14,1554.83,Virement,accepté
854,854,2021-08-25,1701.07,PayPal,refusé
855,855,2020-06-28,188.67,PayPal,accepté
856,856,2025-09-07,56.17,Carte,refusé
857,857,2020-07-22,943.46,Virement,accepté
858,858,2025-01-04,1673.98,Carte,accepté
859,859,2023-01-08,1794.65,Virement,accepté
860,860,2019-06-03,169.25,PayPal,refusé
861,861,2024-09-30,1750.3,PayPal,accepté
862,862,2025-09-21,1388.36,Virement,refusé
863,863,2024-10-05,1988.06,Virement,refusé
864,864,2020-06-11,1698.1,PayPal,accepté
865,865,2020-06-30,833.97,Virement,refusé
866,866,2019-03-18,1496.33,PayPal,accepté
867,867,2020-03-12,1129.08,Carte,accepté
868,868,2023-02-17,284.12,PayPal,refusé
869,869,2019-08-16,350.28,Carte,refusé
870,870,2021-12-02,1196.24,PayPal,accepté
871,871,2024-06-06,950.78,Carte,refusé
872,872,2021-04-29,731.23,Carte,refusé
873,873,2024-12-14,973.67,Carte,refusé
874,874,2023-08-15,1772.98,Virement,refusé
875,875,2019-03-29,1448.37,Carte,refusé
876,876,2024-11-13,32.41,Carte,refusé
877,877,2022-07-24,1951.2,Virement,refusé
878,878,2021-03-29,350.23,PayPal,accepté
879,879,2024-07-29,452.69,Carte,refusé
880,880,2024-04-08,609.63,PayPal,refusé
881,881,2023-10-30,853.27,PayPal,refusé
882,882,2021-06-05,596.51,PayPal,refusé
883,883,2020-10-26,944.06,Virement,accepté
884,884,2019-05-19,1096.72,PayPal,accepté
885,885,2023-10-02,1721.05,Carte,refusé
886,886,2020-05-26,1361.49,PayPal,accepté
887,887,2021-01-02,1311.78,PayPal,accepté
888,888,2020-09-27,1909.86,Carte,accepté
889,889,2021-11-16,1805.68,PayPal,accepté
890,890,2025-01-13,1590.37,Carte,refusé
891,891,2022-12-05,1734.56,Carte,accepté
892,892,2020-09-25,759.76,Carte,accepté
893,893,2025-01-31,79.73,PayPal,refusé
894,894,2024-03-28,1111.19,Carte,refusé
895,895,2022-09-23,813.33,Virement,refusé
896,896,2025-06-26,1284.38,PayPal,refusé
897,897,2025-08-17,519.3,Virement,accepté
898,898,2024-11-16,1255.88,Virement,accepté
899,899,2019-04-26,1063.68,PayPal,accepté
900,900,2021-04-27,1679.52,Carte,accepté
901,901,2023-02-28,1301.7,PayPal,accepté
902,902,2024-11-03,230.85,Virement,accepté
903,903,2021-11-12,849.31,PayPal,refusé
904,904,2019-10-08,906.72,PayPal,refusé
905,905,2023-10-15,1214.24,Virement,accepté
906,906,2022-03-18,217.5,Virement,refusé
907,907,2023-08-20,22.86,Virement,refusé
908,908,2019-03-07,1799.56,PayPal,accepté
909,909,2023-01-14,1169.67,Carte,accepté
910,910,2019-01-12,1298.4,Virement,accepté
911,911,2025-01-01,522.53,Carte,accepté
912,912,2025-06-20,709.62,Virement,refusé
913,913,2023-11-25,384.36,PayPal,refusé
914,914,2019-07-06,651.63,Virement,refusé
915,915,2019-08-20,752.7,Virement,refusé
916,916,2025-04-29,1798.95,PayPal,refusé
917,917,2019-04-24,1012.45,Virement,refusé
918,918,2020-11-06,103.9,PayPal,accepté
919,919,2021-10-29,1890.68,PayPal,accepté
920,920,2023-04-03,949.68,Virement,accepté
921,921,2025-08-17,1663.58,PayPal,accepté
922,922,2022-05-20,718.78,Carte,refusé
923,923,2024-08-19,1285.18,PayPal,refusé
924,924,2022-03-03,1538.29,PayPal,refusé
925,925,2020-11-06,1191.07,Virement,refusé
926,926,2019-11-02,1004.48,Virement,refusé
927,927,2019-09-27,1708.14,PayPal,accepté
928,928,2023-06-13,1351.66,PayPal,accepté
929,929,2023-11-13,607.7,Carte,refusé
930,930,2019-06-12,913.84,PayPal,accepté
931,931,2021-04-04,429.66,Virement,accepté
932,932,2025-01-11,294.17,Carte,accepté
933,933,2023-12-14,953.56,Virement,accepté
934,934,2022-04-01,1082.04,PayPal,refusé
935,935,2022-11-15,59.25,Carte,accepté
936,936,2024-04-25,1147.73,Virement,accepté
937,937,2024-12-20,867.88,Virement,refusé
938,938,2020-12-13,862.77,Carte,refusé
939,939,2025-04-01,1825.42,Carte,accepté
940,940,2024-05-01,449.82,Carte,refusé
941,941,2021-11-18,1576.54,Carte,accepté
942,942,2025-03-24,1273.43,Carte,refusé
943,943,2023-10-30,1690.38,Carte,refusé
944,944,2023-10-12,832.75,Virement,refusé
945,945,2023-09-28,1782.37,PayPal,accepté
946,946,2025-08-21,794.05,Virement,accepté
947,947,2019-02-24,1232.34,Virement,refusé
948,948,2019-12-11,92.13,Virement,accepté
949,949,2025-08-18,1864.14,Virement,refusé
950,950,2021-09-15,71.14,PayPal,refusé
951,951,2025-07-29,263.13,Virement,refusé
952,952,2023-04-09,566.73,Carte,accepté
953,953,2021-10-03,1015.82,Virement,accepté
954,954,2022-03-13,1770.02,Virement,refusé
955,955,2020-02-24,768.37,PayPal,refusé
956,956,2025-06-06,1771.51,Carte,accepté
957,957,2019-06-18,987.89,Virement,refusé
958,958,2019-09-23,1521.46,Carte,accepté
959,959,2019-06-24,99.41,PayPal,accepté
960,960,2024-02-14,1877.55,Carte,accepté
961,961,2023-02-11,1693.77,Carte,refusé
962,962,2025-10-02,1735.53,Virement,refusé
963,963,2024-03-08,1680.08,Virement,accepté
964,964,2020-01-23,164.25,PayPal,refusé
965,965,2020-01-12,1531.59,Carte,refusé
966,966,2019-10-11,1233.77,Virement,accepté
967,967,2021-06-15,1501.68,Carte,refusé
968,968,2020-09-20,338.88,Virement,accepté
969,969,2019-09-21,1959.93,PayPal,refusé
970,970,2021-07-03,1147.34,PayPal,refusé
971,971,2022-11-21,359.67,Virement,refusé
972,972,2024-02-22,1118.83,Virement,refusé
973,973,2022-03-03,1232.38,PayPal,accepté
974,974,2023-10-23,1933.41,Virement,accepté
975,975,2024-11-01,620.75,PayPal,refusé
976,976,2024-05-23,155.29,Carte,accepté
977,977,2025-10-25,1686.07,PayPal,accepté
978,978,2021-02-06,398.97,PayPal,accepté
979,979,2020-04-22,307.33,PayPal,refusé
980,980,2023-05-30,55.05,Virement,refusé
981,981,2019-08-20,1929.53,Virement,refusé
982,982,2020-08-14,1547.96,PayPal,refusé
983,983,2023-02-02,352.14,Carte,refusé
984,984,2022-11-12,642.47,PayPal,refusé
985,985,2020-09-06,1430.77,PayPal,accepté
986,986,2019-12-06,918.38,Virement,refusé
987,987,2019-05-31,1274.0,Virement,refusé
988,988,2023-09-26,580.37,Virement,accepté
989,989,2024-01-05,1168.07,Virement,refusé
990,990,2024-10-19,1543.32,Carte,refusé
991,991,2021-11-08,182.84,Carte,refusé
992,992,2020-05-04,1411.36,Virement,accepté
993,993,2021-09-17,311.91,Carte,accepté
994,994,2020-12-27,1055.07,PayPal,accepté
995,995,2019-04-03,201.46,Carte,refusé
996,996,2024-06-17,1427.22,Virement,accepté
997,997,2023-10-12,1300.9,Carte,refusé
998,998,2021-07-10,62.16,Virement,accepté
999,999,2025-07-04,989.53,PayPal,refusé
1000,1000,2022-09-12,88.1,Carte,accepté
1001,1001,2024-05-24,803.17,PayPal,refusé
1002,1002,2025-11-06,22.45,PayPal,accepté
1003,1003,2021-07-29,585.37,Virement,accepté
1004,1004,2023-03-25,70.96,PayPal,accepté
1005,1005,2025-05-12,317.01,Carte,accepté
1006,1006,2019-10-29,179.4,Carte,accepté
1007,1007,2023-01-11,1119.7,PayPal,refusé
1008,1008,2024-10-30,1276.89,Carte,accepté
1009,1009,2020-02-10,486.53,Virement,refusé
1010,1010,2023-04-28,614.78,Virement,refusé
1011,1011,2023-07-20,1959.22,PayPal,refusé
1012,1012,2021-10-27,249.26,Carte,refusé
1013,1013,2024-05-06,252.24,Virement,refusé
1014,1014,2023-07-01,1676.79,PayPal,refusé
1015,1015,2019-11-14,97.42,Virement,accepté
1016,1016,2023-10-31,1394.28,Carte,refusé
1017,1017,2024-07-11,1000.78,Carte,accepté
1018,1018,2020-11-06,1643.93,Virement,accepté
1019,1019,2020-07-28,1997.38,PayPal,accepté
1020,1020,2023-05-27,1074.44,Virement,accepté
1021,1021,2020-03-28,1892.9,Carte,refusé
1022,1022,2019-01-08,380.15,Virement,accepté
1023,1023,2022-07-04,1283.65,Virement,accepté
1024,1024,2025-01-03,220.5,Virement,accepté
1025,1025,2022-09-18,1435.53,PayPal,accepté
1026,1026,2023-02-09,535.41,Carte,refusé
1027,1027,2022-01-09,1737.96,Virement,accepté
1028,1028,2023-07-13,450.99,Virement,refusé
1029,1029,2024-02-22,936.16,Carte,refusé
1030,1030,2021-03-13,1058.07,Virement,accepté
1031,1031,2020-02-26,166.38,Virement,accepté
1032,1032,2021-08-16,329.75,PayPal,accepté
1033,1033,2024-02-10,1662.0,PayPal,accepté
1034,1034,2021-01-23,266.4,Carte,refusé
1035,1035,2023-06-25,472.92,Carte,accepté
1036,1036,2020-02-11,1138.57,Virement,refusé
1037,1037,2023-03-20,1171.82,PayPal,refusé
1038,1038,2022-08-24,396.13,PayPal,refusé
1039,1039,2022-01-26,543.67,PayPal,refusé
1040,1040,2019-11-18,854.34,Virement,accepté
1041,1041,2023-04-05,244.99,Virement,accepté
1042,1042,2020-11-30,1637.35,PayPal,accepté
1043,1043,2024-06-27,1892.64,PayPal,accepté
1044,1044,2025-11-28,469.1,Carte,refusé
1045,1045,2020-09-15,1841.84,Virement,accepté
1046,1046,2019-08-28,483.15,Carte,accepté
1047,1047,2024-11-26,883.97,PayPal,refusé
1048,1048,2023-10-04,882.08,PayPal,accepté
1049,1049,2024-08-03,581.16,Carte,refusé
1050,1050,2024-09-06,788.07,Virement,accepté
1051,1051,2025-01-11,100.74,PayPal,accepté
1052,1052,2021-07-12,197.65,Virement,refusé
1053,1053,2022-12-23,1239.32,Virement,accepté
1054,1054,2025-03-15,612.92,Virement,refusé
1055,1055,2024-01-28,782.08,Virement,refusé
1056,1056,2023-06-26,196.99,Virement,refusé
1057,1057,2023-02-27,1691.05,Virement,refusé
1058,1058,2025-05-14,50.88,Virement,refusé
1059,1059,2020-12-09,1917.85,Virement,accepté
1060,1060,2019-05-10,1238.88,Virement,accepté
1061,1061,2023-03-04,1197.0,Carte,accepté
1062,1062,2022-05-29,814.6,Carte,accepté
1063,1063,2019-05-26,1880.53,Virement,refusé
1064,1064,2023-10-13,1026.15,PayPal,accepté
1065,1065,2020-09-17,1793.87,Carte,refusé
1066,1066,2020-09-24,1359.23,Virement,accepté
1067,1067,2022-03-31,1733.87,PayPal,accepté
1068,1068,2020-11-12,504.41,PayPal,accepté
1069,1069,2024-10-26,1152.85,Carte,accepté
1070,1070,2019-07-28,1122.65,Virement,refusé
1071,1071,2022-12-31,1106.2,PayPal,accepté
1072,1072,2024-01-10,1471.56,PayPal,refusé
1073,1073,2019-10-16,1679.68,PayPal,accepté
1074,1074,2021-01-27,1081.62,Virement,accepté
1075,1075,2023-04-11,884.64,Carte,refusé
1076,1076,2023-12-03,1922.38,Carte,accepté
1077,1077,2019-07-08,480.37,PayPal,refusé
1078,1078,2023-01-20,1383.53,PayPal,accepté
1079,1079,2023-07-01,1890.6,PayPal,accepté
1080,1080,2022-01-07,1469.57,PayPal,accepté
1081,1081,2019-08-14,406.26,Carte,refusé
1082,1082,2021-11-30,597.47,Carte,accepté
1083,1083,2023-07-28,1633.67,Carte,refusé
1084,1084,2019-02-21,1902.39,Carte,refusé
1085,1085,2021-01-05,1373.55,Virement,refusé
1086,1086,2022-05-23,1999.96,PayPal,refusé
1087,1087,2024-06-14,1079.17,Carte,refusé
1088,1088,2022-10-25,596.23,PayPal,refusé
1089,1089,2022-06-09,158.57,Virement,accepté
1090,1090,2019-09-04,1879.47,PayPal,refusé
1091,1091,2019-12-19,412.64,Virement,accepté
1092,1092,2024-08-20,1044.86,Carte,accepté
1093,1093,2021-08-14,818.71,Carte,accepté
1094,1094,2024-01-05,1723.8,Virement,accepté
1095,1095,2021-07-01,938.72,Carte,accepté
1096,1096,2021-11-12,1253.69,PayPal,accepté
1097,1097,2020-02-19,203.69,Virement,accepté
1098,1098,2019-02-17,1458.23,PayPal,accepté
1099,1099,2023-08-29,654.75,PayPal,refusé
1100,1100,2021-06-28,795.82,Carte,accepté
1101,1101,2019-05-02,240.0,PayPal,refusé
1102,1102,2025-08-11,1822.77,Carte,refusé
1103,1103,2024-10-24,1175.79,Virement,refusé
1104,1104,2022-07-27,875.96,PayPal,refusé
1105,1105,2019-07-07,159.94,Virement,accepté
1106,1106,2019-11-26,1526.55,Virement,accepté
1107,1107,2019-06-10,944.47,Virement,refusé
1108,1108,2024-12-18,1025.88,PayPal,refusé
1109,1109,2025-01-02,269.69,PayPal,refusé
1110,1110,2025-06-08,225.97,PayPal,refusé
1111,1111,2019-06-25,740.66,Virement,accepté
1112,1112,2019-03-19,1201.95,PayPal,accepté
1113,1113,2024-07-16,1425.66,Carte,refusé
1114,1114,2021-08-21,507.52,PayPal,accepté
1115,1115,2019-11-13,139.34,PayPal,accepté
1116,1116,2021-03-27,275.49,Carte,accepté
1117,1117,2020-06-12,895.03,Virement,refusé
1118,1118,2020-09-05,190.2,Carte,refusé
1119,1119,2022-06-12,1291.37,Carte,accepté
1120,1120,2021-11-03,119.88,Virement,accepté
1121,1121,2022-04-10,762.72,Carte,accepté
1122,1122,2024-02-16,356.66,Virement,accepté
1123,1123,2024-12-09,324.7,PayPal,refusé
1124,1124,2025-08-14,563.0,Virement,refusé
1125,1125,2022-06-09,1632.5,Virement,refusé
1126,1126,2024-08-22,1375.88,Virement,accepté
1127,1127,2022-12-04,780.09,Carte,accepté
1128,1128,2020-02-23,1366.55,Virement,refusé
1129,1129,2019-01-11,148.8,Carte,refusé
1130,1130,2024-05-21,295.71,Carte,refusé
1131,1131,2020-06-04,1986.36,PayPal,accepté
1132,1132,2025-10-19,1358.95,PayPal,refusé
1133,1133,2024-04-04,52.36,PayPal,accepté
1134,1134,2025-04-20,515.05,Virement,refusé
1135,1135,2024-05-15,1021.34,Virement,accepté
1136,1136,2021-04-21,1650.26,Carte,refusé
1137,1137,2024-11-05,1793.29,Virement,refusé
1138,1138,2022-11-24,905.18,Carte,refusé
1139,1139,2019-01-02,1462.55,Carte,accepté
1140,1140,2020-12-29,771.08,Carte,refusé
1141,1141,2021-09-01,818.33,Virement,refusé
1142,1142,2020-02-29,363.99,Virement,refusé
1143,1143,2022-02-10,1626.54,Virement,accepté
1144,1144,2023-07-06,798.87,Virement,accepté
1145,1145,2025-09-20,152.12,Carte,refusé
1146,1146,2020-01-17,1599.47,Virement,accepté
1147,1147,2019-06-03,843.71,PayPal,refusé
1148,1148,2021-05-28,1058.27,Carte,accepté
1149,1149,2023-02-18,1157.85,Carte,refusé
1150,1150,2022-10-14,615.46,Virement,accepté
1151,1151,2019-06-21,1944.81,PayPal,accepté
1152,1152,2020-12-02,1758.39,PayPal,refusé
1153,1153,2019-06-02,1285.4,Virement,accepté
1154,1154,2025-08-11,1626.37,Virement,accepté
1155,1155,2021-05-03,58.11,Virement,refusé
1156,1156,2019-02-14,1614.86,PayPal,accepté
1157,1157,2019-05-27,1819.69,PayPal,accepté
1158,1158,2020-04-08,308.24,Carte,refusé
1159,1159,2019-06-01,47.9,PayPal,accepté
1160,1160,2021-05-10,290.32,Carte,refusé
1161,1161,2025-04-10,1036.87,PayPal,accepté
1162,1162,2019-02-23,1279.93,PayPal,accepté
1163,1163,2024-07-04,1843.65,Carte,accepté
1164,1164,2019-11-14,856.86,PayPal,refusé
1165,1165,2024-07-06,683.78,Carte,refusé
1166,1166,2020-06-02,596.93,PayPal,refusé
1167,1167,2019-01-20,349.74,Carte,accepté
1168,1168,2023-07-22,866.24,Carte,refusé
1169,1169,2021-05-31,1881.64,Virement,refusé
1170,1170,2025-06-09,691.7,Virement,accepté
1171,1171,2022-08-04,650.74,Virement,accepté
1172,1172,2019-12-08,1054.42,Carte,refusé
1173,1173,2025-04-21,600.8,Carte,accepté
1174,1174,2024-05-10,1928.78,PayPal,accepté
1175,1175,2025-12-24,1529.69,Virement,accepté
1176,1176,2019-06-29,77.03,Virement,accepté
1177,1177,2019-01-27,287.63,Carte,accepté
1178,1178,2025-07-25,166.47,Carte,refusé
1179,1179,2019-04-22,1138.43,PayPal,refusé
1180,1180,2025-01-05,114.57,Virement,refusé
1181,1181,2024-11-27,1262.67,PayPal,accepté
1182,1182,2022-11-24,189.92,Carte,refusé
1183,1183,2022-12-27,1919.54,Virement,accepté
1184,1184,2019-05-27,813.46,Virement,refusé
1185,1185,2025-10-07,1066.43,Virement,refusé
1186,1186,2020-08-18,1710.38,Carte,refusé
1187,1187,2024-06-29,1777.52,PayPal,accepté
1188,1188,2024-12-27,1512.09,PayPal,accepté
1189,1189,2025-01-19,1112.25,Carte,refusé
1190,1190,2021-09-20,1036.84,Carte,refusé
1191,1191,2023-05-28,454.89,Virement,accepté
1192,1192,2024-07-16,841.76,Virement,refusé
1193,1193,2025-04-20,326.89,PayPal,accepté
1194,1194,2019-07-27,564.51,Carte,accepté
1195,1195,2021-01-22,1058.92,Virement,refusé
1196,1196,2025-11-25,1936.47,Virement,refusé
1197,1197,2019-12-24,623.83,Virement,refusé
1198,1198,2025-01-24,453.42,PayPal,accepté
1199,1199,2021-02-10,1795.77,Virement,refusé
1200,1200,2025-01-17,1749.56,Virement,accepté
1201,1201,2025-06-08,1419.62,Carte,accepté
1202,1202,2025-12-24,586.26,Virement,accepté
1203,1203,2020-11-19,951.91,Carte,accepté
1204,1204,2022-12-28,1370.14,Virement,refusé
1205,1205,2022-03-26,758.67,PayPal,accepté
1206,1206,2023-03-18,191.22,Carte,accepté
1207,1207,2019-05-10,1728.9,Virement,accepté
1208,1208,2021-09-22,1337.17,Virement,refusé
1209,1209,2025-05-02,1354.5,Carte,refusé
1210,1210,2021-03-28,262.92,PayPal,refusé
1211,1211,2022-05-03,1084.15,PayPal,refusé
1212,1212,2024-10-02,770.65,PayPal,accepté
1213,1213,2021-03-09,987.54,Carte,refusé
1214,1214,2025-05-28,1099.32,Carte,refusé
1215,1215,2020-10-11,1220.16,PayPal,accepté
1216,1216,2020-08-13,1902.79,Virement,refusé
1217,1217,2021-12-22,1749.85,Carte,refusé
1218,1218,2020-04-09,353.93,PayPal,accepté
1219,1219,2019-11-30,769.81,PayPal,refusé
1220,1220,2020-06-08,235.78,Carte,refusé
1221,1221,2020-07-25,1605.59,Virement,accepté
1222,1222,2024-02-10,23.14,Carte,refusé
1223,1223,2019-04-24,533.15,Carte,refusé
1224,1224,2025-10-28,1850.98,Virement,accepté
1225,1225,2024-06-08,838.47,Carte,refusé
1226,1226,2022-01-25,507.25,Carte,accepté
1227,1227,2025-03-29,464.66,Virement,accepté
1228,1228,2019-11-05,731.78,PayPal,accepté
1229,1229,2025-11-29,1960.67,PayPal,refusé
1230,1230,2023-05-18,1056.72,Virement,accepté
1231,1231,2021-06-07,1191.55,Virement,accepté
1232,1232,2020-07-26,1636.31,Carte,accepté
1233,1233,2019-12-20,1188.24,PayPal,refusé
1234,1234,2025-06-29,677.22,PayPal,accepté
1235,1235,2023-03-29,1193.28,Virement,refusé
1236,1236,2025-11-16,1160.11,Carte,refusé
1237,1237,2020-06-14,1271.9,Carte,refusé
1238,1238,2023-03-05,1282.33,Carte,accepté
1239,1239,2023-03-19,563.2,Carte,refusé
1240,1240,2023-12-21,946.51,PayPal,accepté
1241,1241,2022-11-18,257.51,Carte,refusé
1242,1242,2020-10-07,275.02,Carte,refusé
1243,1243,2024-01-31,278.53,PayPal,refusé
1244,1244,2024-07-08,1028.04,Carte,accepté
1245,1245,2020-06-30,1051.56,Virement,accepté
1246,1246,2020-12-09,1454.72,Carte,refusé
1247,1247,2020-06-03,1231.87,PayPal,refusé
1248,1248,2022-09-09,1299.77,Carte,refusé
1249,1249,2025-12-15,1870.37,PayPal,accepté
1250,1250,2025-08-31,1358.12,Carte,accepté
1251,1251,2019-09-13,115.87,Carte,refusé
1252,1252,2021-04-07,824.43,Carte,refusé
1253,1253,2022-06-29,1696.72,Carte,refusé
1254,1254,2020-12-08,343.77,Virement,accepté
1255,1255,2019-01-31,635.76,PayPal,refusé
1256,1256,2021-07-29,59.09,PayPal,refusé
1257,1257,2020-12-16,628.6,Virement,refusé
1258,1258,2020-05-27,128.12,Carte,accepté
1259,1259,2019-02-18,1498.33,Virement,refusé
1260,1260,2020-03-27,550.98,PayPal,refusé
1261,1261,2025-08-09,1841.89,Virement,refusé
1262,1262,2019-08-12,152.74,Virement,accepté
1263,1263,2022-03-16,448.84,Carte,refusé
1264,1264,2022-02-17,1405.65,Virement,refusé
1265,1265,2021-07-25,1133.45,PayPal,accepté
1266,1266,2024-01-14,186.86,Virement,accepté
1267,1267,2020-08-12,1820.15,Carte,refusé
1268,1268,2022-05-03,1817.54,Virement,refusé
1269,1269,2024-04-21,1288.99,Carte,refusé
1270,1270,2024-11-06,609.5,Virement,accepté
1271,1271,2022-03-15,811.69,PayPal,accepté
1272,1272,2021-02-06,482.66,Carte,refusé
1273,1273,2022-01-17,1174.22,Carte,accepté
1274,1274,2024-12-06,1675.21,Carte,refusé
1275,1275,2020-03-27,148.53,Carte,refusé
1276,1276,2024-10-21,1296.27,PayPal,accepté
1277,1277,2023-07-06,1744.64,Virement,accepté
1278,1278,2021-05-17,247.93,Carte,refusé
1279,1279,2025-08-18,1459.79,Carte,accepté
1280,1280,2022-03-18,881.32,Virement,refusé
1281,1281,2024-02-23,233.29,Carte,refusé
1282,1282,2022-08-03,1551.61,PayPal,accepté
1283,1283,2021-06-06,817.96,PayPal,accepté
1284,1284,2023-06-05,1674.25,PayPal,accepté
1285,1285,2019-07-20,253.44,PayPal,refusé
1286,1286,2019-01-13,1278.47,Virement,accepté
1287,1287,2020-06-18,397.24,Virement,refusé
1288,1288,2024-10-10,636.07,PayPal,accepté
1289,1289,2022-01-16,1819.68,PayPal,accepté
1290,1290,2019-02-01,1060.87,Carte,refusé
1291,1291,2024-05-11,1945.7,Carte,refusé
1292,1292,2023-12-03,1010.63,Virement,accepté
1293,1293,2024-07-19,1617.75,PayPal,refusé
1294,1294,2021-03-30,1727.48,Carte,accepté
1295,1295,2019-08-08,374.58,Virement,refusé
1296,1296,2024-05-20,1778.06,PayPal,refusé
1297,1297,2019-02-02,61.32,PayPal,refusé
1298,1298,2019-12-20,347.06,PayPal,refusé
1299,1299,2021-10-05,1970.23,PayPal,refusé
1300,1300,2023-12-24,970.98,Virement,refusé
1301,1301,2025-01-04,109.26,Carte,accepté
1302,1302,2023-07-07,193.94,Virement,accepté
1303,1303,2024-10-12,643.38,PayPal,accepté
1304,1304,2019-05-15,93.72,PayPal,accepté
1305,1305,2019-03-09,465.13,Virement,refusé
1306,1306,2025-07-28,458.1,Virement,accepté
1307,1307,2024-02-12,923.61,Virement,accepté
1308,1308,2024-12-12,267.31,PayPal,refusé
1309,1309,2022-01-26,130.4,Virement,refusé
1310,1310,2023-04-06,1833.71,Carte,accepté
1311,1311,2019-05-24,1061.47,Carte,accepté
1312,1312,2022-12-02,646.87,Carte,refusé
1313,1313,2022-09-20,1118.89,Carte,refusé
1314,1314,2020-05-28,305.55,Virement,refusé
1315,1315,2025-02-25,668.07,Virement,refusé
1316,1316,2022-01-15,217.13,Carte,accepté
1317,1317,2021-02-07,22.15,PayPal,accepté
1318,1318,2019-11-18,1838.92,Virement,refusé
1319,1319,2025-06-25,82.46,Carte,accepté
1320,1320,2020-10-30,132.47,Carte,accepté
1321,1321,2023-11-25,212.94,Virement,accepté
1322,1322,2022-02-19,1210.84,PayPal,refusé
1323,1323,2025-01-20,1357.3,Virement,refusé
1324,1324,2024-07-27,1900.48,PayPal,accepté
1325,1325,2022-02-21,989.77,Virement,refusé
1326,1326,2019-11-29,299.82,PayPal,accepté
1327,1327,2020-03-18,1533.53,Virement,refusé
1328,1328,2024-06-05,236.15,Carte,refusé
1329,1329,2021-03-21,1312.73,Virement,accepté
1330,1330,2019-02-25,1812.78,Carte,accepté
1331,1331,2019-04-13,1713.89,Virement,refusé
1332,1332,2024-11-13,936.69,Virement,refusé
1333,1333,2020-06-09,218.74,Virement,accepté
1334,1334,2019-03-29,1735.67,Virement,refusé
1335,1335,2024-11-04,1218.09,Carte,accepté
1336,1336,2024-07-02,1485.52,PayPal,refusé
1337,1337,2021-03-23,1488.12,Carte,refusé
1338,1338,2021-08-20,1277.45,Carte,refusé
1339,1339,2023-11-11,1817.73,Virement,accepté
1340,1340,2020-03-27,913.57,Virement,accepté
1341,1341,2025-10-20,1090.38,PayPal,accepté
1342,1342,2025-11-13,932.68,PayPal,refusé
1343,1343,2023-09-20,21.82,Carte,accepté
1344,1344,2022-05-20,1841.31,Carte,refusé
1345,1345,2021-10-15,399.46,Virement,refusé
1346,1346,2023-05-26,461.75,Virement,refusé
1347,1347,2024-04-15,1302.01,Virement,refusé
1348,1348,2023-09-13,1781.9,Carte,accepté
1349,1349,2022-06-25,30.42,Virement,accepté
1350,1350,2021-10-06,467.45,PayPal,refusé
1351,1351,2020-09-15,669.48,PayPal,accepté
1352,1352,2023-10-26,1439.09,PayPal,accepté
1353,1353,2021-07-21,813.62,Virement,accepté
1354,1354,2019-03-04,1829.9,Virement,refusé
1355,1355,2019-01-02,1363.02,Virement,accepté
1356,1356,2025-12-04,21.97,Virement,refusé
1357,1357,2022-01-25,1355.49,Carte,accepté
1358,1358,2019-06-07,1106.47,Carte,accepté
1359,1359,2025-01-12,946.0,Carte,accepté
1360,1360,2019-04-27,908.88,PayPal,accepté
1361,1361,2020-03-05,1568.22,Carte,accepté
1362,1362,2019-04-14,1292.11,Carte,refusé
1363,1363,2025-02-12,1232.61,Carte,refusé
1364,1364,2019-02-01,1573.34,PayPal,accepté
1365,1365,2022-07-17,1558.67,Virement,refusé
1366,1366,2025-05-31,1118.6,Virement,accepté
1367,1367,2022-07-01,644.68,Virement,refusé
1368,1368,2022-02-14,736.1,Virement,refusé
1369,1369,2022-08-08,1071.75,Virement,accepté
1370,1370,2024-12-06,1188.77,Virement,refusé
1371,1371,2024-09-14,398.1,Carte,accepté
1372,1372,2023-05-24,224.94,PayPal,accepté
1373,1373,2019-10-07,1381.34,Carte,accepté
1374,1374,2024-04-20,460.97,PayPal,accepté
1375,1375,2021-09-24,1588.63,PayPal,refusé
1376,1376,2020-05-29,1171.4,Virement,refusé
1377,1377,2022-07-28,1554.16,Carte,accepté
1378,1378,2023-01-24,589.04,Virement,accepté
1379,1379,2025-11-19,1723.78,PayPal,accepté
1380,1380,2021-10-19,533.06,Virement,accepté
1381,1381,2019-01-07,997.98,Virement,accepté
1382,1382,2020-10-01,1908.86,Virement,accepté
1383,1383,2025-02-23,1242.08,PayPal,refusé
1384,1384,2024-03-13,362.07,Carte,accepté
1385,1385,2023-01-13,694.78,Virement,accepté
1386,1386,2019-03-28,137.45,Virement,refusé
1387,1387,2020-02-07,895.42,Virement,refusé
1388,1388,2022-12-12,1584.57,Carte,refusé
1389,1389,2019-01-21,1287.02,Virement,refusé
1390,1390,2020-09-09,1873.22,Carte,refusé
1391,1391,2021-02-20,113.26,Virement,accepté
1392,1392,2021-05-08,810.6,Carte,refusé
1393,1393,2019-02-09,1936.29,Virement,accepté
1394,1394,2019-02-24,1282.67,Carte,refusé
1395,1395,2021-10-20,1993.72,PayPal,refusé
1396,1396,2020-02-13,1196.45,Virement,accepté
1397,1397,2022-08-02,121.39,PayPal,accepté
1398,1398,2019-09-21,1649.43,PayPal,accepté
1399,1399,2019-11-25,246.39,Virement,accepté
1400,1400,2019-11-07,690.42,PayPal,accepté
1401,1401,2020-10-07,1709.31,Virement,refusé
1402,1402,2021-02-23,1021.9,PayPal,accepté
1403,1403,2019-07-16,1033.28,Carte,accepté
1404,1404,2019-06-30,1604.1,Carte,accepté
1405,1405,2025-01-11,1053.79,PayPal,accepté
1406,1406,2025-11-08,1882.18,Virement,accepté
1407,1407,2021-08-22,1027.06,Carte,refusé
1408,1408,2024-12-08,1077.74,Carte,refusé
1409,1409,2022-07-29,605.99,PayPal,accepté
1410,1410,2025-01-31,510.0,PayPal,refusé
1411,1411,2021-09-24,36.15,Virement,accepté
1412,1412,2025-11-26,756.6,PayPal,refusé
1413,1413,2019-04-10,384.88,Virement,refusé
1414,1414,2024-09-17,709.13,Virement,accepté
1415,1415,2019-05-17,171.19,Carte,accepté
1416,1416,2022-10-21,516.29,Virement,refusé
1417,1417,2023-09-30,1083.32,PayPal,accepté
1418,1418,2022-04-28,1269.2,Carte,refusé
1419,1419,2025-05-01,800.88,Virement,refusé
1420,1420,2022-10-18,1428.81,Carte,accepté
1421,1421,2021-02-05,557.71,PayPal,accepté
1422,1422,2019-12-31,907.99,Carte,refusé
1423,1423,2025-08-13,1501.93,Virement,accepté
1424,1424,2020-01-08,1095.62,Virement,accepté
1425,1425,2021-06-24,1689.9,PayPal,refusé
1426,1426,2025-04-11,1417.36,PayPal,accepté
1427,1427,2022-09-06,419.45,Carte,refusé
1428,1428,2019-10-23,1192.04,Virement,refusé
1429,1429,2025-07-18,1264.22,PayPal,accepté
1430,1430,2024-09-01,148.4,Carte,accepté
1431,1431,2020-11-25,1552.84,Carte,accepté
1432,1432,2020-02-29,1115.31,Carte,accepté
1433,1433,2019-05-25,1462.29,Carte,accepté
1434,1434,2021-05-29,725.1,Carte,refusé
1435,1435,2022-05-06,1511.0,Carte,accepté
1436,1436,2025-12-23,439.79,Carte,accepté
1437,1437,2022-08-01,403.98,PayPal,accepté
1438,1438,2022-04-14,663.69,Carte,accepté
1439,1439,2025-10-16,793.33,Virement,refusé
1440,1440,2025-02-03,1695.66,PayPal,accepté
1441,1441,2024-08-06,546.9,Carte,refusé
1442,1442,2019-02-17,1699.52,PayPal,accepté
1443,1443,2024-02-18,1664.21,PayPal,refusé
1444,1444,2019-09-18,1062.68,PayPal,accepté
1445,1445,2021-10-22,1655.38,PayPal,accepté
1446,1446,2024-06-09,980.01,Carte,refusé
1447,1447,2024-10-01,388.89,Carte,refusé
1448,1448,2024-08-10,273.72,PayPal,refusé
1449,1449,2024-07-17,245.05,Carte,accepté
1450,1450,2019-03-05,1204.54,PayPal,refusé
1451,1451,2023-01-28,1766.95,Carte,accepté
1452,1452,2020-07-13,643.7,Carte,refusé
1453,1453,2023-11-10,1047.34,Virement,refusé
1454,1454,2020-02-16,1388.93,PayPal,accepté
1455,1455,2023-03-31,503.88,PayPal,accepté
1456,1456,2024-03-24,1009.18,PayPal,refusé
1457,1457,2023-07-24,1137.29,Carte,refusé
1458,1458,2023-04-30,1035.2,Carte,accepté
1459,1459,2024-04-29,414.58,Virement,refusé
1460,1460,2024-02-15,1990.38,Carte,accepté
1461,1461,2023-03-10,708.42,Virement,accepté
1462,1462,2024-12-27,1741.96,Carte,refusé
1463,1463,2022-10-16,332.08,Virement,accepté
1464,1464,2024-04-10,1516.39,Carte,refusé
1465,1465,2020-05-12,1153.06,Virement,refusé
1466,1466,2020-04-05,897.81,Carte,accepté
1467,1467,2023-03-18,636.15,Virement,accepté
1468,1468,2020-05-22,497.1,PayPal,accepté
1469,1469,2023-01-01,1075.43,Virement,accepté
1470,1470,2021-03-17,540.81,Carte,accepté
1471,1471,2025-09-13,167.63,Carte,accepté
1472,1472,2019-09-24,788.56,Carte,refusé
1473,1473,2025-05-29,768.18,PayPal,refusé
1474,1474,2021-08-07,629.12,Carte,refusé
1475,1475,2021-10-20,747.15,Carte,refusé
1476,1476,2021-05-14,698.24,Carte,refusé
1477,1477,2021-04-18,1520.43,Virement,refusé
1478,1478,2020-05-17,1017.19,Virement,accepté
1479,1479,2021-08-02,1346.73,Carte,refusé
1480,1480,2024-04-28,371.94,PayPal,refusé
1481,1481,2019-10-08,1630.73,PayPal,accepté
1482,1482,2021-09-08,1659.27,PayPal,accepté
1483,1483,2021-06-24,967.54,Virement,accepté
1484,1484,2022-07-29,272.55,PayPal,refusé
1485,1485,2022-01-20,795.23,Carte,refusé
1486,1486,2025-04-28,1318.09,Carte,refusé
1487,1487,2025-08-25,1885.77,Carte,accepté
1488,1488,2025-03-19,1918.32,PayPal,refusé
1489,1489,2022-07-15,318.33,PayPal,accepté
1490,1490,2019-07-31,1365.54,Carte,refusé
1491,1491,2025-12-25,1142.46,Virement,refusé
1492,1492,2025-10-16,251.99,Virement,refusé
1493,1493,2023-08-05,157.02,Carte,refusé
1494,1494,2025-06-10,1462.33,Carte,refusé
1495,1495,2024-03-29,426.22,Virement,refusé
1496,1496,2021-05-10,1222.6,Virement,refusé
1497,1497,2020-07-29,621.09,Virement,refusé
1498,1498,2020-01-10,1260.27,Carte,accepté
1499,1499,2022-09-11,1116.44,Carte,refusé
1500,1500,2022-04-30,1060.1,Virement,accepté
1501,1501,2022-08-15,1924.11,Virement,accepté
1502,1502,2021-09-09,237.79,Carte,refusé
1503,1503,2019-05-08,161.59,PayPal,accepté
1504,1504,2025-02-24,561.88,Virement,refusé
1505,1505,2023-06-22,1361.88,PayPal,refusé
1506,1506,2025-04-23,1757.86,PayPal,refusé
1507,1507,2022-08-05,1044.69,Virement,accepté
1508,1508,2019-10-30,608.68,Virement,refusé
1509,1509,2021-06-05,1220.04,Virement,refusé
1510,1510,2019-09-18,907.92,Virement,refusé
1511,1511,2019-12-26,1600.41,Virement,accepté
1512,1512,2024-08-24,370.88,PayPal,refusé
1513,1513,2024-03-15,272.78,PayPal,accepté
1514,1514,2019-12-20,916.72,Carte,refusé
1515,1515,2021-06-24,613.28,Virement,refusé
1516,1516,2022-05-19,1994.76,PayPal,refusé
1517,1517,2019-03-18,275.46,Carte,refusé
1518,1518,2025-11-17,1926.85,PayPal,refusé
1519,1519,2020-08-17,1111.26,Carte,accepté
1520,1520,2022-07-07,1345.62,Carte,refusé
1521,1521,2024-04-02,883.4,Carte,accepté
1522,1522,2021-09-29,969.56,PayPal,refusé
1523,1523,2022-12-10,1718.72,PayPal,refusé
1524,1524,2025-04-30,1155.98,PayPal,accepté
1525,1525,2025-05-09,1254.18,Carte,refusé
1526,1526,2024-04-06,468.54,Carte,accepté
1527,1527,2019-01-23,1950.76,PayPal,accepté
1528,1528,2021-08-14,803.12,PayPal,refusé
1529,1529,2024-02-11,644.95,PayPal,refusé
1530,1530,2024-02-10,1131.82,Carte,refusé
1531,1531,2020-03-09,1831.55,Virement,refusé
1532,1532,2022-12-06,1933.85,Carte,accepté
1533,1533,2019-04-29,1008.47,Virement,refusé
1534,1534,2025-08-18,1781.67,Virement,refusé
1535,1535,2024-04-22,718.39,Virement,accepté
1536,1536,2020-09-06,139.64,Virement,accepté
1537,1537,2019-06-10,218.46,Virement,accepté
1538,1538,2024-07-07,567.89,PayPal,accepté
1539,1539,2025-10-31,1415.21,PayPal,refusé
1540,1540,2025-12-20,531.65,Virement,refusé
1541,1541,2025-06-02,1282.67,Virement,accepté
1542,1542,2023-01-17,1572.31,PayPal,accepté
1543,1543,2022-10-10,480.54,Virement,refusé
1544,1544,2020-02-08,1392.76,Virement,refusé
1545,1545,2025-02-03,556.17,Virement,accepté
1546,1546,2024-11-13,1018.52,Carte,accepté
1547,1547,2022-05-26,1133.18,Carte,accepté
1548,1548,2021-03-08,729.7,Virement,accepté
1549,1549,2019-05-27,1371.73,PayPal,refusé
1550,1550,2021-05-26,1641.95,Carte,accepté
1551,1551,2025-12-27,656.72,Carte,accepté
1552,1552,2024-11-07,1977.98,PayPal,refusé
1553,1553,2021-05-22,1141.49,PayPal,accepté
1554,1554,2025-09-08,1793.47,Virement,accepté
1555,1555,2020-11-05,1035.51,Virement,refusé
1556,1556,2024-08-10,1548.37,Virement,accepté
1557,1557,2023-09-27,170.0,PayPal,accepté
1558,1558,2025-12-25,1735.92,Carte,accepté
1559,1559,2024-11-18,1464.41,Carte,refusé
1560,1560,2020-06-23,1961.2,PayPal,accepté
1561,1561,2024-01-25,574.83,Carte,refusé
1562,1562,2025-09-22,676.66,Virement,refusé
1563,1563,2023-11-13,578.47,PayPal,refusé
1564,1564,2021-07-20,637.24,Carte,refusé
1565,1565,2020-04-12,29.14,Carte,refusé
1566,1566,2025-08-19,812.02,PayPal,refusé
1567,1567,2023-09-27,890.18,PayPal,refusé
1568,1568,2021-03-17,1349.44,Carte,refusé
1569,1569,2019-06-04,1003.94,Carte,refusé
1570,1570,2019-05-14,1209.45,PayPal,accepté
1571,1571,2019-05-05,482.78,Virement,refusé
1572,1572,2024-07-05,369.02,PayPal,accepté
1573,1573,2020-06-09,527.97,Carte,accepté
1574,1574,2024-08-24,555.59,PayPal,refusé
1575,1575,2021-09-15,1377.89,Carte,refusé
1576,1576,2024-12-31,1112.37,Virement,refusé
1577,1577,2023-10-13,1579.32,Carte,accepté
1578,1578,2020-06-12,1118.06,Virement,refusé
1579,1579,2024-04-24,97.34,PayPal,accepté
1580,1580,2025-02-07,1745.75,Carte,refusé
1581,1581,2023-12-17,1050.45,PayPal,refusé
1582,1582,2025-09-08,376.6,Carte,accepté
1583,1583,2023-04-11,722.28,Virement,accepté
1584,1584,2025-05-09,1327.04,Virement,refusé
1585,1585,2025-02-05,1107.07,Virement,refusé
1586,1586,2024-09-06,989.71,PayPal,refusé
1587,1587,2024-11-24,1310.72,PayPal,accepté
1588,1588,2020-04-17,1559.06,Carte,refusé
1589,1589,2019-03-01,1179.88,Virement,refusé
1590,1590,2021-12-31,1421.54,Carte,refusé
1591,1591,2023-10-23,1766.29,PayPal,accepté
1592,1592,2021-01-28,1964.13,PayPal,accepté
1593,1593,2025-11-28,1135.24,Virement,accepté
1594,1594,2022-06-10,103.56,PayPal,accepté
1595,1595,2023-07-11,1164.8,PayPal,refusé
1596,1596,2021-03-25,1507.11,PayPal,refusé
1597,1597,2019-02-05,679.98,Carte,accepté
1598,1598,2022-06-27,237.1,Carte,accepté
1599,1599,2021-04-03,1829.57,PayPal,accepté
1600,1600,2022-09-16,1936.9,Carte,refusé
1601,1601,2019-02-17,1773.86,Virement,accepté
1602,1602,2021-12-20,412.97,PayPal,refusé
1603,1603,2020-03-18,385.93,Virement,refusé
1604,1604,2021-06-12,928.5,Carte,refusé
1605,1605,2025-01-19,1522.0,PayPal,accepté
1606,1606,2023-09-04,347.4,PayPal,refusé
1607,1607,2025-02-05,392.12,Carte,refusé
1608,1608,2021-06-26,311.42,Carte,accepté
1609,1609,2023-05-30,1218.16,Virement,refusé
1610,1610,2024-06-28,1920.0,Virement,refusé
1611,1611,2024-11-11,763.57,Carte,accepté
1612,1612,2021-11-12,1599.75,Virement,refusé
1613,1613,2022-11-11,844.1,Virement,refusé
1614,1614,2024-03-27,1105.98,PayPal,refusé
1615,1615,2020-07-13,836.91,Carte,accepté
1616,1616,2025-12-24,144.83,Virement,accepté
1617,1617,2024-10-05,639.51,Virement,accepté
1618,1618,2024-09-15,507.97,PayPal,accepté
1619,1619,2024-04-28,1960.06,Carte,accepté
1620,1620,2023-06-07,160.35,Carte,accepté
1621,1621,2019-04-04,1184.12,Virement,refusé
1622,1622,2024-04-16,955.32,Carte,refusé
1623,1623,2019-06-03,805.44,PayPal,accepté
1624,1624,2025-08-12,1951.36,Virement,accepté
1625,1625,2022-10-13,1828.56,Virement,refusé
1626,1626,2024-01-16,1107.8,PayPal,refusé
1627,1627,2022-09-04,1537.31,Virement,accepté
1628,1628,2021-06-02,1687.1,Virement,refusé
1629,1629,2020-06-28,203.03,Virement,accepté
1630,1630,2020-05-03,1270.99,Virement,accepté
1631,1631,2020-02-20,732.3,Carte,accepté
1632,1632,2025-05-15,1645.87,Carte,refusé
1633,1633,2019-09-01,1242.81,Carte,refusé
1634,1634,2025-10-25,1923.13,Virement,accepté
1635,1635,2024-02-28,1202.64,Virement,accepté
1636,1636,2024-03-20,1886.67,Carte,accepté
1637,1637,2020-02-02,1280.57,Virement,accepté
1638,1638,2023-01-03,657.13,PayPal,refusé
1639,1639,2019-01-05,517.59,Carte,accepté
1640,1640,2022-01-21,422.07,PayPal,accepté
1641,1641,2019-02-25,1092.51,Virement,accepté
1642,1642,2024-12-20,1008.19,Carte,refusé
1643,1643,2025-07-07,1257.8,Virement,accepté
1644,1644,2025-09-03,1145.48,PayPal,refusé
1645,1645,2019-08-13,577.5,PayPal,refusé
1646,1646,2023-02-09,1186.68,Virement,refusé
1647,1647,2023-03-10,1815.06,PayPal,accepté
1648,1648,2022-02-15,794.31,Carte,accepté
1649,1649,2024-03-10,1231.09,PayPal,accepté
1650,1650,2021-04-09,1942.67,PayPal,accepté
1651,1651,2023-06-29,801.17,PayPal,refusé
1652,1652,2019-04-17,69.27,Carte,refusé
1653,1653,2021-08-07,924.61,PayPal,refusé
1654,1654,2025-01-27,227.78,Virement,refusé
1655,1655,2023-01-30,1742.58,Virement,refusé
1656,1656,2025-01-19,433.76,Carte,refusé
1657,1657,2023-02-27,613.02,Carte,accepté
1658,1658,2024-06-19,109.61,PayPal,accepté
1659,1659,2020-11-18,254.07,Carte,refusé
1660,1660,2021-11-16,1308.95,Virement,refusé
1661,1661,2022-08-23,916.28,PayPal,accepté
1662,1662,2024-02-23,1205.54,Carte,accepté
1663,1663,2019-05-09,1049.71,Carte,accepté
1664,1664,2023-08-10,1604.88,Virement,refusé
1665,1665,2024-04-13,904.04,PayPal,accepté
1666,1666,2022-12-11,887.68,PayPal,refusé
1667,1667,2019-06-05,64.67,Carte,refusé
1668,1668,2021-07-29,499.17,Carte,accepté
1669,1669,2025-07-02,906.63,Carte,accepté
1670,1670,2021-04-03,1534.05,PayPal,accepté
1671,1671,2023-02-16,1031.13,PayPal,refusé
1672,1672,2023-05-22,811.29,Carte,refusé
1673,1673,2023-09-02,792.32,Carte,refusé
1674,1674,2021-02-09,723.63,Virement,refusé
1675,1675,2022-12-02,134.69,Virement,accepté
1676,1676,2023-08-04,830.49,PayPal,refusé
1677,1677,2020-09-19,1498.17,PayPal,refusé
1678,1678,2021-02-23,1649.1,Virement,refusé
1679,1679,2024-04-28,334.55,Virement,accepté
1680,1680,2021-11-30,1552.44,PayPal,accepté
1681,1681,2022-08-09,1766.35,Carte,refusé
1682,1682,2020-11-17,464.19,PayPal,refusé
1683,1683,2023-10-14,1807.53,PayPal,accepté
1684,1684,2023-10-31,107.85,PayPal,refusé
1685,1685,2025-07-07,1193.08,Virement,refusé
1686,1686,2024-09-07,1208.05,Virement,accepté
1687,1687,2021-01-13,988.38,Carte,refusé
1688,1688,2020-06-20,531.94,Carte,refusé
1689,1689,2025-12-05,1025.02,Carte,refusé
1690,1690,2021-09-04,1073.56,Virement,accepté
1691,1691,2019-01-06,1065.27,PayPal,refusé
1692,1692,2019-06-12,1651.99,Carte,accepté
1693,1693,2022-08-19,1046.8,PayPal,refusé
1694,1694,2023-12-10,487.57,Carte,accepté
1695,1695,2025-01-09,557.87,Virement,refusé
1696,1696,2020-09-10,202.66,PayPal,refusé
1697,1697,2023-01-07,1992.46,Virement,refusé
1698,1698,2025-05-04,505.27,PayPal,accepté
1699,1699,2023-03-12,876.07,Carte,accepté
1700,1700,2020-10-25,813.8,Carte,refusé
1701,1701,2019-09-12,1094.46,Virement,accepté
1702,1702,2021-11-08,1671.47,Virement,accepté
1703,1703,2021-01-10,1573.8,Carte,refusé
1704,1704,2022-01-18,1302.24,PayPal,refusé
1705,1705,2019-05-13,1627.69,Carte,refusé
1706,1706,2023-05-21,1665.47,PayPal,refusé
1707,1707,2022-03-02,360.93,Carte,refusé
1708,1708,2023-07-08,431.19,Virement,accepté
1709,1709,2022-09-05,190.37,PayPal,refusé
1710,1710,2023-05-23,837.56,PayPal,accepté
1711,1711,2020-02-15,200.46,Carte,accepté
1712,1712,2024-02-10,836.59,Virement,accepté
1713,1713,2021-07-16,431.61,Carte,refusé
1714,1714,2019-04-12,440.9,Virement,accepté
1715,1715,2022-01-01,916.96,Carte,refusé
1716,1716,2024-11-07,1754.49,PayPal,accepté
1717,1717,2023-11-27,1048.98,PayPal,accepté
1718,1718,2024-06-23,421.01,Carte,refusé
1719,1719,2020-02-23,438.6,Virement,refusé
1720,1720,2019-07-02,1436.02,Carte,refusé
1721,1721,2019-07-13,1892.03,Carte,refusé
1722,1722,2023-05-23,1211.42,Carte,refusé
1723,1723,2021-08-15,1052.78,Carte,accepté
1724,1724,2021-04-30,1142.14,Carte,refusé
1725,1725,2020-06-09,915.24,PayPal,accepté
1726,1726,2019-03-19,629.08,PayPal,refusé
1727,1727,2022-01-09,1290.62,Carte,accepté
1728,1728,2024-06-03,1788.35,Virement,refusé
1729,1729,2019-03-29,1208.77,PayPal,refusé
1730,1730,2022-11-29,427.65,PayPal,accepté
1731,1731,2020-06-02,664.91,Virement,accepté
1732,1732,2023-01-20,276.07,Virement,accepté
1733,1733,2020-01-20,458.42,Virement,accepté
1734,1734,2022-05-03,355.83,PayPal,accepté
1735,1735,2020-10-23,766.92,Carte,accepté
1736,1736,2019-12-23,1891.24,PayPal,refusé
1737,1737,2020-03-19,1727.27,Virement,accepté
1738,1738,2024-11-23,1734.72,PayPal,refusé
1739,1739,2019-12-15,1958.75,Carte,refusé
1740,1740,2019-10-04,1327.2,PayPal,accepté
1741,1741,2024-02-10,638.17,Virement,accepté
1742,1742,2019-05-13,1316.45,PayPal,refusé
1743,1743,2019-04-02,1607.75,Carte,accepté
1744,1744,2022-02-27,1655.06,Carte,refusé
1745,1745,2020-11-18,1354.19,PayPal,accepté
1746,1746,2021-03-07,677.63,Carte,accepté
1747,1747,2020-07-25,103.12,Carte,accepté
1748,1748,2021-01-18,1139.89,Virement,refusé
1749,1749,2025-09-13,597.35,Carte,refusé
1750,1750,2025-07-06,540.1,Carte,accepté
1751,1751,2019-09-02,1139.71,Virement,refusé
1752,1752,2019-06-21,1768.25,PayPal,refusé
1753,1753,2024-08-09,641.37,Virement,refusé
1754,1754,2024-10-09,853.98,Virement,accepté
1755,1755,2025-04-05,1402.75,Carte,refusé
1756,1756,2020-02-03,475.37,PayPal,refusé
1757,1757,2023-12-09,1149.92,Virement,refusé
1758,1758,2025-03-16,276.0,PayPal,accepté
1759,1759,2022-01-27,693.76,Carte,refusé
1760,1760,2025-08-03,1430.5,Carte,refusé
1761,1761,2023-05-27,1333.74,PayPal,accepté
1762,1762,2024-08-09,1404.14,Carte,accepté
1763,1763,2021-06-19,151.1,Carte,accepté
1764,1764,2022-11-05,1179.28,PayPal,refusé
1765,1765,2022-01-24,581.64,Virement,accepté
1766,1766,2022-02-15,505.92,PayPal,accepté
1767,1767,2023-05-19,342.51,Virement,refusé
1768,1768,2021-08-01,113.31,Virement,accepté
1769,1769,2023-10-06,1225.68,Carte,refusé
1770,1770,2024-07-08,117.24,Carte,accepté
1771,1771,2019-12-11,971.52,Carte,accepté
1772,1772,2022-06-28,778.01,Carte,accepté
1773,1773,2019-12-14,1371.97,Virement,refusé
1774,1774,2020-11-11,1987.9,Virement,accepté
1775,1775,2021-11-15,992.11,PayPal,accepté
1776,1776,2019-04-13,999.93,Virement,accepté
1777,1777,2021-02-04,450.97,Carte,accepté
1778,1778,2020-11-20,667.01,Virement,refusé
1779,1779,2023-02-22,90.14,Virement,accepté
1780,1780,2025-06-01,1598.48,Carte,accepté
1781,1781,2020-05-09,159.07,PayPal,refusé
1782,1782,2023-01-05,153.84,Virement,refusé
1783,1783,2022-01-04,325.34,PayPal,accepté
1784,1784,2019-02-24,755.87,PayPal,accepté
1785,1785,2019-07-25,861.19,Carte,refusé
1786,1786,2022-02-04,1338.79,PayPal,accepté
1787,1787,2024-06-21,1385.29,Virement,accepté
1788,1788,2021-11-03,104.36,Virement,accepté
1789,1789,2025-01-03,1152.12,Carte,accepté
1790,1790,2025-01-10,1132.93,Carte,refusé
1791,1791,2021-02-13,797.75,Virement,refusé
1792,1792,2025-01-10,1960.22,PayPal,accepté
1793,1793,2020-11-19,96.34,Carte,refusé
1794,1794,2023-05-26,1505.89,Virement,accepté
1795,1795,2022-09-03,65.2,PayPal,accepté
1796,1796,2025-11-09,389.55,Virement,refusé
1797,1797,2019-10-03,1278.66,PayPal,accepté
1798,1798,2023-08-08,930.89,Virement,accepté
1799,1799,2020-11-07,300.48,Carte,accepté
1800,1800,2024-08-27,1566.77,PayPal,refusé
1801,1801,2020-10-02,833.32,PayPal,refusé
1802,1802,2025-04-08,458.18,Virement,refusé
1803,1803,2023-02-10,505.27,Carte,accepté
1804,1804,2025-09-29,1441.25,Virement,accepté
1805,1805,2023-01-11,1530.96,PayPal,accepté
1806,1806,2023-12-08,569.84,Carte,accepté
1807,1807,2023-10-19,1778.39,PayPal,accepté
1808,1808,2024-11-30,776.85,Virement,refusé
1809,1809,2019-03-24,1651.37,Virement,accepté
1810,1810,2025-04-30,51.31,Carte,refusé
1811,1811,2019-07-17,1428.83,PayPal,refusé
1812,1812,2019-05-13,1596.94,Carte,accepté
1813,1813,2020-08-15,1450.49,Virement,refusé
1814,1814,2024-11-24,1898.35,PayPal,accepté
1815,1815,2019-04-17,634.22,Virement,accepté
1816,1816,2025-12-20,831.32,Virement,accepté
1817,1817,2024-10-31,1491.14,Carte,refusé
1818,1818,2021-09-20,984.56,Virement,refusé
1819,1819,2023-03-26,1210.87,Virement,refusé
1820,1820,2022-09-11,1018.63,Carte,refusé
1821,1821,2025-07-07,264.41,PayPal,accepté
1822,1822,2020-11-09,1038.21,PayPal,accepté
1823,1823,2020-10-14,1920.69,PayPal,refusé
1824,1824,2019-01-14,70.16,Virement,refusé
1825,1825,2023-03-19,915.7,PayPal,accepté
1826,1826,2020-08-28,774.6,PayPal,accepté
1827,1827,2019-11-01,945.32,Virement,accepté
1828,1828,2023-08-05,1993.28,PayPal,accepté
1829,1829,2023-01-09,1385.24,Carte,refusé
1830,1830,2024-03-01,1770.33,PayPal,accepté
1831,1831,2020-07-07,595.5,Carte,refusé
1832,1832,2023-05-20,34.21,Virement,refusé
1833,1833,2024-07-12,1721.66,Carte,refusé
1834,1834,2024-06-10,1353.83,Virement,refusé
1835,1835,2020-07-13,65.7,PayPal,accepté
1836,1836,2020-04-13,740.2,PayPal,refusé
1837,1837,2024-02-15,961.34,Carte,accepté
1838,1838,2020-09-22,1376.71,Carte,accepté
1839,1839,2019-07-30,52.34,Virement,refusé
1840,1840,2019-01-10,1011.28,PayPal,refusé
1841,1841,2025-10-17,1633.36,Virement,accepté
1842,1842,2021-11-24,1341.36,PayPal,accepté
1843,1843,2019-09-17,328.58,Carte,refusé
1844,1844,2019-04-24,1199.8,Carte,refusé
1845,1845,2021-11-09,387.66,PayPal,accepté
1846,1846,2024-11-08,1216.5,Carte,accepté
1847,1847,2025-09-18,921.29,PayPal,accepté
1848,1848,2024-03-20,496.2,Virement,refusé
1849,1849,2022-05-22,1678.17,Carte,refusé
1850,1850,2022-06-17,1274.8,PayPal,refusé
1851,1851,2022-03-20,1022.34,Virement,refusé
1852,1852,2022-11-09,190.44,PayPal,refusé
1853,1853,2022-02-25,611.68,Virement,refusé
1854,1854,2022-02-14,855.67,Virement,refusé
1855,1855,2025-06-06,1451.69,Carte,accepté
1856,1856,2024-03-28,701.59,PayPal,accepté
1857,1857,2023-03-19,379.5,PayPal,accepté
1858,1858,2019-11-17,501.52,PayPal,refusé
1859,1859,2020-02-18,206.92,Virement,refusé
1860,1860,2025-06-10,292.94,Virement,refusé
1861,1861,2024-03-28,1607.42,PayPal,refusé
1862,1862,2023-02-27,526.02,Carte,refusé
1863,1863,2020-09-03,216.96,PayPal,refusé
1864,1864,2024-09-21,355.09,Virement,accepté
1865,1865,2020-12-25,876.49,Carte,accepté
1866,1866,2023-06-14,804.17,Carte,accepté
1867,1867,2024-12-12,495.19,Carte,accepté
1868,1868,2023-08-09,723.01,Virement,accepté
1869,1869,2024-11-30,514.03,PayPal,accepté
1870,1870,2021-01-04,1229.9,Carte,refusé
1871,1871,2025-10-28,1132.21,PayPal,refusé
1872,1872,2025-09-02,1147.25,PayPal,refusé
1873,1873,2021-12-29,1739.97,PayPal,accepté
1874,1874,2021-12-23,668.92,Carte,refusé
1875,1875,2023-08-14,1195.87,Virement,accepté
1876,1876,2022-01-08,892.23,PayPal,refusé
1877,1877,2022-10-09,1777.1,Carte,refusé
1878,1878,2022-03-01,1739.29,PayPal,refusé
1879,1879,2024-06-09,1091.47,Carte,refusé
1880,1880,2019-09-23,1235.75,Virement,refusé
1881,1881,2020-11-30,1315.87,Carte,refusé
1882,1882,2020-03-28,126.14,PayPal,refusé
1883,1883,2025-02-13,127.53,Carte,accepté
1884,1884,2020-07-12,776.74,PayPal,refusé
1885,1885,2021-06-01,146.11,Virement,accepté
1886,1886,2022-04-05,1294.61,PayPal,accepté
1887,1887,2024-07-25,1576.06,Virement,accepté
1888,1888,2021-08-29,1184.39,PayPal,refusé
1889,1889,2020-12-02,903.39,Carte,refusé
1890,1890,2020-06-16,1911.25,PayPal,accepté
1891,1891,2025-07-25,1028.34,Carte,accepté
1892,1892,2025-08-23,1441.02,PayPal,accepté
1893,1893,2025-10-11,1569.31,PayPal,refusé
1894,1894,2022-12-13,1489.51,Carte,accepté
1895,1895,2021-03-14,1612.31,Carte,accepté
1896,1896,2023-01-15,1646.9,Carte,refusé
1897,1897,2025-03-31,1270.85,Virement,accepté
1898,1898,2024-01-19,1423.75,Virement,refusé
1899,1899,2024-05-09,1445.21,PayPal,refusé
1900,1900,2022-01-04,1528.89,PayPal,accepté
1901,1901,2025-12-07,1448.81,Carte,refusé
1902,1902,2021-04-04,125.38,Virement,accepté
1903,1903,2019-08-05,1747.86,PayPal,refusé
1904,1904,2020-08-26,384.1,Carte,accepté
1905,1905,2023-06-15,1483.09,PayPal,accepté
1906,1906,2025-06-24,83.43,PayPal,accepté
1907,1907,2020-08-02,1550.85,Virement,refusé
1908,1908,2023-12-02,864.33,Virement,refusé
1909,1909,2022-12-26,235.81,Carte,refusé
1910,1910,2019-01-28,345.05,Carte,accepté
1911,1911,2019-05-15,24.83,Virement,refusé
1912,1912,2020-03-14,151.9,PayPal,accepté
1913,1913,2021-04-11,1199.5,Virement,refusé
1914,1914,2019-01-24,931.81,PayPal,refusé
1915,1915,2022-11-25,284.66,PayPal,refusé
1916,1916,2019-09-02,1632.3,Virement,accepté
1917,1917,2024-08-29,255.05,PayPal,refusé
1918,1918,2023-10-23,868.75,Virement,accepté
1919,1919,2024-07-16,366.07,Carte,accepté
1920,1920,2025-09-21,1460.54,Carte,refusé
1921,1921,2020-05-05,521.89,Carte,refusé
1922,1922,2020-02-04,67.1,Carte,refusé
1923,1923,2019-01-31,60.78,Carte,refusé
1924,1924,2024-12-27,1487.55,Virement,refusé
1925,1925,2021-08-07,1178.99,Virement,accepté
1926,1926,2024-07-04,369.96,Carte,refusé
1927,1927,2023-11-07,1484.19,Carte,accepté
1928,1928,2023-08-21,1598.21,Carte,refusé
1929,1929,2023-03-07,29.36,PayPal,refusé
1930,1930,2020-03-15,1686.92,Virement,refusé
1931,1931,2025-06-30,1899.38,Carte,accepté
1932,1932,2022-01-08,1901.06,PayPal,accepté
1933,1933,2025-03-12,277.28,Carte,accepté
1934,1934,2023-03-06,1142.74,PayPal,accepté
1935,1935,2022-12-14,965.96,PayPal,refusé
1936,1936,2022-12-03,1209.55,PayPal,accepté
1937,1937,2021-09-22,1585.05,Carte,accepté
1938,1938,2019-12-11,1703.02,Virement,accepté
1939,1939,2020-09-27,1519.1,Virement,refusé
1940,1940,2021-08-15,1022.2,Virement,refusé
1941,1941,2022-01-27,1749.17,PayPal,refusé
1942,1942,2019-04-16,1048.98,PayPal,refusé
1943,1943,2019-06-28,1229.33,PayPal,accepté
1944,1944,2023-06-08,20.12,Carte,refusé
1945,1945,2023-09-06,354.69,Virement,refusé
1946,1946,2021-04-16,56.86,Virement,refusé
1947,1947,2025-06-06,1689.29,Virement,accepté
1948,1948,2022-01-16,234.85,Virement,refusé
1949,1949,2021-10-03,1139.03,Virement,accepté
1950,1950,2023-12-28,682.99,PayPal,refusé
1951,1951,2020-08-10,942.8,Carte,refusé
1952,1952,2019-03-08,1969.51,Carte,accepté
1953,1953,2023-03-09,1429.83,PayPal,accepté
1954,1954,2021-06-09,1606.48,Virement,accepté
1955,1955,2020-10-20,156.59,Virement,refusé
1956,1956,2020-09-22,575.76,Carte,accepté
1957,1957,2022-04-20,57.25,PayPal,refusé
1958,1958,2019-09-18,356.97,Carte,accepté
1959,1959,2024-11-10,1576.0,Carte,refusé
1960,1960,2020-07-21,350.41,Virement,refusé
1961,1961,2025-07-01,1954.66,Virement,refusé
1962,1962,2020-07-29,1408.4,PayPal,refusé
1963,1963,2019-02-18,228.54,PayPal,refusé
1964,1964,2023-04-28,1613.62,Virement,refusé
1965,1965,2020-12-07,1040.47,PayPal,refusé
1966,1966,2024-09-17,583.34,PayPal,accepté
1967,1967,2020-02-19,284.6,Virement,accepté
1968,1968,2021-09-12,270.09,Virement,accepté
1969,1969,2024-04-20,1619.32,Virement,refusé
1970,1970,2021-03-30,1561.48,Virement,refusé
1971,1971,2022-04-18,1201.32,Virement,refusé
1972,1972,2023-12-18,1734.87,Carte,refusé
1973,1973,2025-04-29,1170.25,PayPal,refusé
1974,1974,2022-08-16,1062.88,Carte,refusé
1975,1975,2025-06-14,249.74,Carte,refusé
1976,1976,2020-04-22,1166.48,PayPal,refusé
1977,1977,2019-12-30,1103.54,PayPal,refusé
1978,1978,2020-03-30,1114.88,PayPal,refusé
1979,1979,2025-05-02,1661.06,PayPal,refusé
1980,1980,2024-03-29,118.33,PayPal,accepté
1981,1981,2019-05-12,1808.34,Carte,accepté
1982,1982,2019-04-11,979.28,PayPal,accepté
1983,1983,2019-06-22,933.91,PayPal,refusé
1984,1984,2021-09-13,899.02,Virement,accepté
1985,1985,2025-02-27,337.78,PayPal,accepté
1986,1986,2019-10-17,229.27,Virement,accepté
1987,1987,2024-10-30,1467.66,Carte,refusé
1988,1988,2021-03-08,1929.91,PayPal,refusé
1989,1989,2024-09-01,1522.09,Virement,refusé
1990,1990,2020-09-29,1008.55,Carte,accepté
1991,1991,2025-02-08,1104.03,PayPal,refusé
1992,1992,2020-12-25,665.5,PayPal,accepté
1993,1993,2021-01-28,290.86,PayPal,refusé
1994,1994,2021-03-31,746.63,PayPal,accepté
1995,1995,2022-01-25,320.33,Carte,accepté
1996,1996,2022-03-12,941.52,Virement,refusé
1997,1997,2024-01-30,1153.06,Carte,accepté
1998,1998,2019-03-18,60.46,Carte,refusé
1999,1999,2021-11-26,621.8,Virement,refusé
2000,2000,2020-05-20,680.13,PayPal,refusé
2001,2001,2025-04-14,310.38,Virement,refusé
2002,2002,2021-03-27,1712.78,Carte,refusé
2003,2003,2024-08-26,1143.2,Virement,accepté
2004,2004,2019-07-26,1407.03,Carte,accepté
2005,2005,2020-07-05,1334.46,Carte,refusé
2006,2006,2023-04-19,1562.82,Carte,refusé
2007,2007,2022-03-11,974.43,PayPal,refusé
2008,2008,2020-02-24,234.76,Virement,accepté
2009,2009,2020-10-01,300.69,Carte,accepté
2010,2010,2023-04-19,1098.42,Virement,refusé
2011,2011,2021-09-16,471.04,PayPal,accepté
2012,2012,2025-08-09,910.16,Virement,refusé
2013,2013,2020-09-30,95.78,Carte,refusé
2014,2014,2025-08-03,1962.17,Carte,accepté
2015,2015,2020-07-02,916.93,PayPal,refusé
2016,2016,2025-12-10,1651.49,Virement,refusé
2017,2017,2022-05-13,94.65,PayPal,refusé
2018,2018,2024-10-04,1241.22,PayPal,refusé
2019,2019,2020-05-24,937.47,PayPal,accepté
2020,2020,2024-04-07,196.09,Carte,refusé
2021,2021,2019-04-07,484.53,Carte,refusé
2022,2022,2020-07-07,1125.31,Carte,accepté
2023,2023,2019-12-20,709.31,PayPal,accepté
2024,2024,2020-02-05,1281.66,Carte,accepté
2025,2025,2025-08-18,1006.79,PayPal,accepté
2026,2026,2023-11-18,1230.12,Virement,accepté
2027,2027,2022-12-26,1126.95,PayPal,refusé
2028,2028,2021-09-12,776.32,PayPal,refusé
2029,2029,2022-03-02,1596.68,PayPal,refusé
2030,2030,2023-05-27,1447.14,Virement,refusé
2031,2031,2024-11-16,1967.11,Virement,refusé
2032,2032,2025-09-02,501.47,Virement,refusé
2033,2033,2020-06-13,1808.67,Virement,refusé
2034,2034,2021-04-28,890.53,Carte,refusé
2035,2035,2025-04-13,1973.41,Carte,accepté
2036,2036,2025-02-28,1644.29,Virement,accepté
2037,2037,2022-06-14,1718.71,Carte,refusé
2038,2038,2019-06-26,1066.69,PayPal,accepté
2039,2039,2020-06-22,1766.53,Carte,refusé
2040,2040,2023-08-17,1420.19,Virement,accepté
2041,2041,2020-02-06,1864.96,PayPal,accepté
2042,2042,2023-12-21,1608.12,Virement,accepté
2043,2043,2022-01-21,721.67,Virement,refusé
2044,2044,2022-11-16,821.95,Virement,accepté
2045,2045,2021-02-24,1495.44,Carte,accepté
2046,2046,2020-05-05,1542.3,Carte,refusé
2047,2047,2019-07-31,1019.91,Carte,refusé
2048,2048,2021-10-08,1839.07,PayPal,accepté
2049,2049,2020-09-03,1913.06,Virement,accepté
2050,2050,2021-10-16,1566.09,Virement,refusé
2051,2051,2024-09-08,1803.69,Virement,accepté
2052,2052,2020-04-30,236.82,Carte,accepté
2053,2053,2022-07-02,1979.52,PayPal,accepté
2054,2054,2023-09-20,961.31,Virement,accepté
2055,2055,2020-09-27,1438.08,Virement,accepté
2056,2056,2022-12-07,1763.25,Virement,accepté
2057,2057,2024-08-06,96.06,Carte,refusé
2058,2058,2021-06-24,246.61,PayPal,refusé
2059,2059,2023-12-10,232.56,Carte,accepté
2060,2060,2023-05-13,690.66,PayPal,accepté
2061,2061,2020-07-22,1542.09,Carte,accepté
2062,2062,2022-11-08,119.67,PayPal,accepté
2063,2063,2025-12-24,777.09,Virement,refusé
2064,2064,2020-08-07,540.19,PayPal,accepté
2065,2065,2024-08-17,1593.51,Virement,accepté
2066,2066,2025-06-29,700.7,PayPal,refusé
2067,2067,2020-07-14,1235.59,Carte,accepté
2068,2068,2025-01-02,631.78,Carte,accepté
2069,2069,2024-05-28,889.97,Carte,refusé
2070,2070,2021-02-15,90.67,Carte,accepté
2071,2071,2020-04-21,1990.94,PayPal,accepté
2072,2072,2022-05-29,884.71,Virement,accepté
2073,2073,2020-03-29,290.79,PayPal,refusé
2074,2074,2025-01-16,260.98,Carte,accepté
2075,2075,2019-03-17,289.39,Carte,refusé
2076,2076,2024-01-06,98.23,Carte,refusé
2077,2077,2019-10-16,1257.83,Carte,refusé
2078,2078,2023-08-15,668.42,Carte,accepté
2079,2079,2023-09-06,1019.02,Carte,accepté
2080,2080,2020-03-26,968.54,Carte,accepté
2081,2081,2023-12-29,1598.77,PayPal,refusé
2082,2082,2019-07-25,1046.59,Virement,refusé
2083,2083,2023-05-11,1225.48,Virement,accepté
2084,2084,2025-07-23,23.59,Virement,accepté
2085,2085,2022-09-06,284.11,Virement,accepté
2086,2086,2020-06-16,1838.89,Virement,refusé
2087,2087,2022-09-23,654.7,Carte,refusé
2088,2088,2019-07-31,1549.64,PayPal,refusé
2089,2089,2022-10-18,1848.75,Virement,refusé
2090,2090,2024-06-04,676.66,PayPal,accepté
2091,2091,2020-12-24,385.68,PayPal,accepté
2092,2092,2019-02-08,867.0,Carte,accepté
2093,2093,2021-08-13,98.49,Virement,refusé
2094,2094,2022-05-26,1436.72,Virement,refusé
2095,2095,2024-08-15,958.6,Carte,refusé
2096,2096,2019-12-19,292.4,PayPal,refusé
2097,2097,2023-07-30,117.13,Carte,accepté
2098,2098,2019-02-15,800.79,PayPal,refusé
2099,2099,2023-07-23,254.3,PayPal,refusé
2100,2100,2019-01-19,643.37,PayPal,refusé
2101,2101,2021-11-21,180.05,PayPal,accepté
2102,2102,2021-05-18,919.83,PayPal,refusé
2103,2103,2021-08-05,1083.99,Carte,accepté
2104,2104,2022-09-13,398.3,Virement,accepté
2105,2105,2023-05-27,736.17,PayPal,refusé
2106,2106,2024-08-18,1495.98,Carte,accepté
2107,2107,2024-11-01,180.32,Virement,accepté
2108,2108,2025-03-21,1197.77,PayPal,refusé
2109,2109,2019-11-26,632.2,PayPal,refusé
2110,2110,2022-05-25,621.37,PayPal,refusé
2111,2111,2021-12-16,1460.34,Carte,accepté
2112,2112,2024-01-05,1983.5,Carte,accepté
2113,2113,2021-12-25,736.2,PayPal,refusé
2114,2114,2023-11-10,613.06,Carte,refusé
2115,2115,2022-01-31,1440.18,Carte,accepté
2116,2116,2025-07-18,1651.45,PayPal,accepté
2117,2117,2020-03-12,596.69,Virement,accepté
2118,2118,2022-12-29,1746.01,PayPal,refusé
2119,2119,2021-06-14,1055.25,Virement,refusé
2120,2120,2021-03-01,1394.78,Carte,refusé
2121,2121,2019-05-27,1662.01,PayPal,accepté
2122,2122,2021-01-11,1926.25,PayPal,accepté
2123,2123,2021-12-10,340.75,PayPal,accepté
2124,2124,2022-07-12,1635.78,Virement,accepté
2125,2125,2019-01-08,704.99,Virement,accepté
2126,2126,2025-08-28,1720.53,PayPal,refusé
2127,2127,2022-03-17,1199.43,PayPal,accepté
2128,2128,2021-03-31,1213.87,Carte,accepté
2129,2129,2021-05-30,1639.01,Carte,refusé
2130,2130,2020-11-14,1769.76,PayPal,refusé
2131,2131,2019-10-08,1424.82,Carte,accepté
2132,2132,2020-05-23,1286.61,PayPal,refusé
2133,2133,2023-10-13,1550.97,Carte,refusé
2134,2134,2021-12-14,1664.67,PayPal,accepté
2135,2135,2019-03-20,644.96,Carte,refusé
2136,2136,2025-01-28,912.7,Virement,refusé
2137,2137,2022-03-18,1561.1,Carte,refusé
2138,2138,2020-07-31,1549.51,Carte,accepté
2139,2139,2020-08-20,66.9,Virement,refusé
2140,2140,2023-08-26,1923.84,Carte,refusé
2141,2141,2025-06-16,1823.7,PayPal,accepté
2142,2142,2024-08-09,1652.76,PayPal,accepté
2143,2143,2020-04-20,1193.44,Carte,refusé
2144,2144,2025-09-24,1703.87,Carte,refusé
2145,2145,2023-05-16,1218.67,PayPal,accepté
2146,2146,2024-03-21,1299.31,Virement,accepté
2147,2147,2020-04-22,115.8,PayPal,accepté
2148,2148,2025-06-22,425.26,PayPal,accepté
2149,2149,2020-10-24,1264.04,Virement,refusé
2150,2150,2020-03-13,159.62,Virement,refusé
2151,2151,2024-06-13,625.63,Virement,refusé
2152,2152,2019-10-01,1436.38,Virement,accepté
2153,2153,2025-11-15,973.22,Virement,accepté
2154,2154,2020-12-27,417.62,Virement,refusé
2155,2155,2019-01-20,1128.05,PayPal,accepté
2156,2156,2019-05-05,872.1,PayPal,accepté
2157,2157,2025-04-30,1524.91,Carte,refusé
2158,2158,2020-12-04,160.91,Carte,accepté
2159,2159,2019-02-11,833.54,PayPal,refusé
2160,2160,2024-01-25,1233.21,PayPal,refusé
2161,2161,2023-01-07,1893.53,Carte,refusé
2162,2162,2023-05-14,228.2,PayPal,refusé
2163,2163,2022-06-27,1982.46,PayPal,accepté
2164,2164,2025-07-03,1347.91,Carte,accepté
2165,2165,2025-12-08,1830.83,Virement,refusé
2166,2166,2020-11-05,377.66,Virement,refusé
2167,2167,2020-03-09,1481.88,PayPal,refusé
2168,2168,2025-12-25,1574.58,PayPal,refusé
2169,2169,2024-06-11,1826.82,PayPal,refusé
2170,2170,2021-08-15,399.78,PayPal,accepté
2171,2171,2019-02-11,1896.76,PayPal,refusé
2172,2172,2022-11-02,1311.73,PayPal,refusé
2173,2173,2021-12-04,1692.75,Virement,refusé
2174,2174,2020-06-12,558.68,Virement,accepté
2175,2175,2024-01-26,599.4,Virement,refusé
2176,2176,2019-03-02,447.1,Virement,accepté
2177,2177,2019-02-08,1557.66,Virement,refusé
2178,2178,2020-04-03,989.4,PayPal,accepté
2179,2179,2025-12-11,1425.49,PayPal,accepté
2180,2180,2025-09-06,1806.78,Virement,refusé
2181,2181,2022-07-29,853.84,Carte,accepté
2182,2182,2024-07-02,1765.48,Virement,accepté
2183,2183,2019-11-15,250.44,PayPal,accepté
2184,2184,2023-07-03,1199.42,Carte,accepté
2185,2185,2020-03-15,621.29,PayPal,accepté
2186,2186,2024-04-05,1030.78,Virement,accepté
2187,2187,2023-08-20,1466.06,Virement,refusé
2188,2188,2023-08-22,252.13,Carte,accepté
2189,2189,2021-05-28,1473.75,Carte,refusé
2190,2190,2021-12-19,1084.56,Carte,accepté
2191,2191,2023-04-13,1768.51,Carte,accepté
2192,2192,2024-01-13,1310.77,Carte,accepté
2193,2193,2023-03-23,1308.84,Virement,refusé
2194,2194,2025-06-21,1210.53,Carte,accepté
2195,2195,2020-01-17,1137.23,Virement,refusé
2196,2196,2024-04-22,1948.75,Carte,accepté
2197,2197,2023-03-02,96.38,Virement,accepté
2198,2198,2021-07-05,1015.48,Virement,refusé
2199,2199,2019-06-26,293.51,Carte,accepté
2200,2200,2019-09-29,272.54,Virement,refusé
2201,2201,2022-11-25,532.83,Carte,refusé
2202,2202,2020-01-16,504.92,Carte,refusé
2203,2203,2023-09-30,84.19,PayPal,accepté
2204,2204,2024-12-30,580.78,Carte,accepté
2205,2205,2025-06-07,124.11,PayPal,refusé
2206,2206,2023-11-29,1865.13,PayPal,refusé
2207,2207,2020-09-13,499.28,PayPal,accepté
2208,2208,2019-06-13,1060.95,PayPal,refusé
2209,2209,2020-06-16,1216.37,Virement,refusé
2210,2210,2019-07-14,140.48,Virement,accepté
2211,2211,2020-04-08,631.43,Carte,refusé
2212,2212,2019-02-25,1947.2,Carte,refusé
2213,2213,2020-07-26,621.13,PayPal,accepté
2214,2214,2022-05-28,1161.94,PayPal,refusé
2215,2215,2023-08-22,1719.47,Carte,accepté
2216,2216,2024-10-20,1746.87,Virement,refusé
2217,2217,2022-02-18,1672.51,PayPal,accepté
2218,2218,2021-08-11,1750.42,Carte,accepté
2219,2219,2021-12-12,542.42,PayPal,refusé
2220,2220,2020-05-29,659.33,Virement,refusé
2221,2221,2023-05-22,1368.92,PayPal,accepté
2222,2222,2024-10-26,593.62,Virement,refusé
2223,2223,2025-12-22,578.99,Carte,refusé
2224,2224,2025-06-17,921.18,Carte,accepté
2225,2225,2019-02-21,1098.5,PayPal,refusé
2226,2226,2024-09-02,1952.56,PayPal,accepté
2227,2227,2023-07-11,603.97,Virement,accepté
2228,2228,2020-09-18,1791.0,Carte,accepté
2229,2229,2025-07-21,226.43,Carte,refusé
2230,2230,2022-12-06,1646.95,Virement,accepté
2231,2231,2021-10-12,1012.27,Carte,accepté
2232,2232,2019-09-18,255.2,PayPal,refusé
2233,2233,2025-04-11,497.35,Carte,accepté
2234,2234,2024-04-22,347.27,Virement,accepté
2235,2235,2023-11-06,950.75,Carte,refusé
2236,2236,2024-09-25,600.3,Carte,refusé
2237,2237,2023-01-28,1695.81,Carte,accepté
2238,2238,2019-10-17,698.76,PayPal,accepté
2239,2239,2021-08-16,617.48,Carte,refusé
2240,2240,2023-06-16,292.34,Carte,refusé
2241,2241,2022-05-09,1636.86,PayPal,accepté
2242,2242,2021-03-10,1934.78,PayPal,accepté
2243,2243,2021-08-26,1209.52,Virement,refusé
2244,2244,2019-01-13,1733.38,PayPal,accepté
2245,2245,2021-09-04,1111.68,Virement,refusé
2246,2246,2024-02-22,398.57,Virement,accepté
2247,2247,2023-06-07,1827.1,Virement,refusé
2248,2248,2022-12-14,1718.55,PayPal,refusé
2249,2249,2021-04-02,875.44,Virement,accepté
2250,2250,2022-01-11,1647.15,Virement,accepté
2251,2251,2020-01-05,1210.43,PayPal,refusé
2252,2252,2024-10-13,1062.31,Virement,accepté
2253,2253,2024-04-03,128.51,Carte,refusé
2254,2254,2024-02-29,1382.87,Virement,refusé
2255,2255,2021-07-28,1097.64,Virement,refusé
2256,2256,2023-08-19,232.07,PayPal,refusé
2257,2257,2020-01-04,1446.67,Carte,accepté
2258,2258,2023-11-10,1884.17,Carte,accepté
2259,2259,2022-07-24,1391.56,PayPal,refusé
2260,2260,2023-07-26,1761.73,PayPal,accepté
2261,2261,2020-05-05,1207.99,Virement,accepté
2262,2262,2021-03-28,882.92,PayPal,accepté
2263,2263,2025-04-06,481.3,Virement,accepté
2264,2264,2022-07-07,1902.28,Virement,accepté
2265,2265,2025-03-03,47.55,PayPal,refusé
2266,2266,2024-06-28,1634.09,PayPal,accepté
2267,2267,2021-08-13,608.38,Virement,refusé
2268,2268,2023-08-23,1369.64,Carte,accepté
2269,2269,2025-09-22,1134.63,Virement,accepté
2270,2270,2024-04-20,1719.77,Carte,refusé
2271,2271,2019-10-29,564.28,Virement,accepté
2272,2272,2023-01-24,1931.56,PayPal,accepté
2273,2273,2024-06-19,408.07,Carte,refusé
2274,2274,2020-01-06,1991.05,PayPal,refusé
2275,2275,2022-09-16,1327.93,PayPal,accepté
2276,2276,2021-10-02,1949.45,Virement,accepté
2277,2277,2024-02-27,133.93,Virement,refusé
2278,2278,2020-07-04,125.93,PayPal,accepté
2279,2279,2025-11-21,1232.68,Carte,refusé
2280,2280,2020-02-03,1094.12,Carte,accepté
2281,2281,2023-09-11,1488.51,Carte,accepté
2282,2282,2019-08-03,50.17,Carte,refusé
2283,2283,2020-02-20,1928.56,Carte,refusé
2284,2284,2023-05-09,1401.49,Virement,refusé
2285,2285,2023-10-28,1074.0,Carte,accepté
2286,2286,2021-08-15,1372.19,Virement,refusé
2287,2287,2021-03-15,218.13,PayPal,refusé
2288,2288,2024-05-14,1062.53,PayPal,accepté
2289,2289,2024-06-24,444.23,Carte,accepté
2290,2290,2021-01-26,1107.07,Carte,accepté
2291,2291,2019-09-01,1980.43,Virement,refusé
2292,2292,2023-08-10,30.68,Carte,refusé
2293,2293,2021-07-12,186.38,PayPal,refusé
2294,2294,2021-09-23,554.91,Virement,refusé
2295,2295,2024-08-10,1155.96,PayPal,accepté
2296,2296,2021-12-02,1422.2,Virement,accepté
2297,2297,2021-08-08,1271.67,Carte,refusé
2298,2298,2019-08-24,1062.67,Carte,refusé
2299,2299,2022-02-12,81.15,Virement,accepté
2300,2300,2025-04-11,1781.08,Carte,refusé
2301,2301,2025-03-13,1273.52,Carte,refusé
2302,2302,2022-01-24,1470.98,Virement,accepté
2303,2303,2023-12-25,299.93,PayPal,refusé
2304,2304,2024-07-29,734.14,Carte,refusé
2305,2305,2024-10-28,1613.92,Virement,accepté
2306,2306,2022-05-10,1589.83,Carte,refusé
2307,2307,2020-05-03,214.36,Carte,accepté
2308,2308,2025-08-17,1353.79,Virement,refusé
2309,2309,2023-01-29,1219.49,Carte,accepté
2310,2310,2023-06-01,1083.42,Carte,refusé
2311,2311,2019-12-14,1566.75,Carte,refusé
2312,2312,2025-12-01,423.24,PayPal,refusé
2313,2313,2021-07-21,975.67,Virement,refusé
2314,2314,2020-06-04,1366.28,PayPal,accepté
2315,2315,2025-09-30,951.75,PayPal,accepté
2316,2316,2023-12-03,1949.51,Carte,accepté
2317,2317,2021-11-28,1125.6,PayPal,accepté
2318,2318,2022-10-01,378.7,Carte,refusé
2319,2319,2020-10-28,1496.05,Virement,accepté
2320,2320,2025-04-27,1635.88,Virement,refusé
2321,2321,2024-07-05,1384.11,PayPal,accepté
2322,2322,2025-04-23,1077.7,PayPal,accepté
2323,2323,2023-02-25,1957.82,PayPal,accepté
2324,2324,2022-12-03,1062.96,PayPal,refusé
2325,2325,2025-05-28,1080.0,Virement,refusé
2326,2326,2024-02-12,818.25,PayPal,refusé
2327,2327,2024-09-30,1919.36,Carte,accepté
2328,2328,2019-12-18,1128.73,Virement,accepté
2329,2329,2022-02-18,1135.13,PayPal,refusé
2330,2330,2022-08-22,832.44,Carte,refusé
2331,2331,2019-03-23,540.52,PayPal,accepté
2332,2332,2022-04-25,1209.38,PayPal,accepté
2333,2333,2024-05-28,1591.56,Virement,accepté
2334,2334,2020-09-07,1251.68,PayPal,refusé
2335,2335,2023-09-28,1602.56,Virement,accepté
2336,2336,2022-04-02,1298.79,PayPal,refusé
2337,2337,2025-10-29,1855.59,Virement,refusé
2338,2338,2020-05-06,1763.39,Virement,refusé
2339,2339,2023-11-10,1139.56,Virement,refusé
2340,2340,2024-09-10,1606.22,Virement,accepté
2341,2341,2021-06-14,1239.13,Carte,accepté
2342,2342,2025-03-31,491.16,PayPal,accepté
2343,2343,2024-11-11,329.82,PayPal,accepté
2344,2344,2025-09-06,730.6,PayPal,refusé
2345,2345,2021-05-23,1114.1,PayPal,accepté
2346,2346,2021-09-23,1843.18,Virement,refusé
2347,2347,2024-06-30,1600.28,Carte,refusé
2348,2348,2024-12-20,754.85,Carte,accepté
2349,2349,2025-06-30,1638.15,PayPal,refusé
2350,2350,2023-05-26,1859.18,Virement,accepté
2351,2351,2024-01-13,293.62,PayPal,refusé
2352,2352,2019-01-14,33.77,PayPal,accepté
2353,2353,2022-12-22,405.71,PayPal,refusé
2354,2354,2025-08-12,490.1,Carte,accepté
2355,2355,2021-04-18,641.62,Virement,accepté
2356,2356,2023-01-30,301.22,Virement,accepté
2357,2357,2024-05-29,1854.83,PayPal,accepté
2358,2358,2023-01-17,827.4,Carte,accepté
2359,2359,2020-01-17,501.23,PayPal,refusé
2360,2360,2023-10-05,622.81,Virement,refusé
2361,2361,2025-03-21,1955.81,Carte,refusé
2362,2362,2023-10-14,1662.66,Carte,accepté
2363,2363,2019-08-06,1942.64,Carte,accepté
2364,2364,2020-02-11,1427.06,PayPal,refusé
2365,2365,2024-03-31,264.91,Carte,accepté
2366,2366,2019-03-30,534.12,Carte,refusé
2367,2367,2022-12-28,166.26,PayPal,refusé
2368,2368,2019-07-30,1626.91,PayPal,accepté
2369,2369,2019-09-21,1581.46,Virement,refusé
2370,2370,2024-06-26,90.13,Virement,accepté
2371,2371,2019-12-02,1522.19,Virement,accepté
2372,2372,2023-11-08,214.83,Carte,refusé
2373,2373,2021-08-25,810.42,Carte,refusé
2374,2374,2025-01-20,698.54,PayPal,accepté
2375,2375,2020-03-21,678.02,PayPal,refusé
2376,2376,2025-12-03,567.04,Carte,refusé
2377,2377,2022-08-12,1229.52,Virement,accepté
2378,2378,2025-07-11,822.95,PayPal,accepté
2379,2379,2022-07-12,692.69,PayPal,refusé
2380,2380,2020-10-11,97.27,Virement,refusé
2381,2381,2024-05-01,1919.38,PayPal,refusé
2382,2382,2022-09-09,1939.27,Virement,refusé
2383,2383,2025-08-29,1028.22,Virement,refusé
2384,2384,2024-04-11,1466.83,Virement,accepté
2385,2385,2021-11-07,537.34,PayPal,refusé
2386,2386,2021-11-05,1974.34,PayPal,accepté
2387,2387,2019-04-25,1869.73,PayPal,refusé
2388,2388,2023-07-01,175.11,Carte,refusé
2389,2389,2025-01-16,1656.76,Virement,refusé
2390,2390,2020-03-17,417.97,Carte,refusé
2391,2391,2024-09-23,1101.82,Carte,refusé
2392,2392,2021-02-08,867.85,PayPal,refusé
2393,2393,2025-10-30,1068.03,Virement,accepté
2394,2394,2023-01-29,1098.17,Virement,refusé
2395,2395,2023-04-23,1419.53,Virement,refusé
2396,2396,2024-06-04,1801.78,Carte,refusé
2397,2397,2022-08-17,260.8,PayPal,accepté
2398,2398,2023-09-04,1364.58,Virement,accepté
2399,2399,2022-10-05,27.88,Carte,accepté
2400,2400,2021-01-16,586.6,PayPal,accepté
2401,2401,2024-10-03,1351.3,PayPal,refusé
2402,2402,2023-09-16,233.13,PayPal,refusé
2403,2403,2024-07-03,1244.28,Carte,accepté
2404,2404,2023-01-19,1730.2,Virement,accepté
2405,2405,2021-09-24,1542.85,Virement,accepté
2406,2406,2021-04-09,574.28,PayPal,refusé
2407,2407,2025-02-12,498.82,Carte,accepté
2408,2408,2019-09-20,1395.1,Virement,accepté
2409,2409,2023-11-25,774.87,Virement,accepté
2410,2410,2024-11-23,481.01,PayPal,refusé
2411,2411,2024-12-09,41.92,Virement,accepté
2412,2412,2019-05-19,779.38,Carte,refusé
2413,2413,2024-08-07,155.66,Virement,accepté
2414,2414,2023-11-23,998.29,PayPal,accepté
2415,2415,2021-05-20,266.19,Carte,refusé
2416,2416,2024-08-19,549.91,PayPal,refusé
2417,2417,2020-03-03,871.02,Virement,accepté
2418,2418,2022-09-01,1458.18,PayPal,accepté
2419,2419,2025-11-09,1981.73,Carte,accepté
2420,2420,2020-05-27,297.71,Virement,refusé
2421,2421,2019-09-19,1969.0,Virement,accepté
2422,2422,2022-01-28,1639.42,Virement,accepté
2423,2423,2025-11-04,1450.85,PayPal,refusé
2424,2424,2023-03-06,320.25,Virement,refusé
2425,2425,2021-03-30,738.02,Carte,refusé
2426,2426,2024-11-21,1123.36,Virement,refusé
2427,2427,2024-11-29,179.3,PayPal,refusé
2428,2428,2024-11-03,1439.91,Carte,accepté
2429,2429,2023-12-24,35.33,PayPal,accepté
2430,2430,2022-02-21,725.01,PayPal,accepté
2431,2431,2023-11-13,744.61,PayPal,refusé
2432,2432,2023-08-09,315.39,PayPal,accepté
2433,2433,2024-05-30,857.16,PayPal,refusé
2434,2434,2022-02-07,497.91,PayPal,accepté
2435,2435,2023-01-05,660.33,Virement,refusé
2436,2436,2024-03-22,1045.76,PayPal,refusé
2437,2437,2020-01-10,1265.47,Carte,accepté
2438,2438,2023-07-05,167.18,Virement,refusé
2439,2439,2021-02-24,1211.8,Carte,accepté
2440,2440,2025-04-09,797.1,Carte,accepté
2441,2441,2022-07-03,1900.37,Carte,refusé
2442,2442,2021-11-06,256.11,PayPal,accepté
2443,2443,2022-09-16,735.74,Virement,accepté
2444,2444,2024-06-08,1251.0,Virement,refusé
2445,2445,2021-07-14,196.0,PayPal,accepté
2446,2446,2023-05-28,118.66,PayPal,accepté
2447,2447,2023-06-05,640.11,Virement,accepté
2448,2448,2023-01-23,215.45,Carte,refusé
2449,2449,2024-12-12,1000.57,Carte,refusé
2450,2450,2025-01-21,1775.68,Virement,refusé
2451,2451,2022-08-26,1623.75,Carte,accepté
2452,2452,2024-03-13,865.19,PayPal,refusé
2453,2453,2025-01-07,1775.41,Virement,accepté
2454,2454,2024-12-16,1093.3,Carte,refusé
2455,2455,2024-04-20,638.03,PayPal,accepté
2456,2456,2021-04-25,882.53,PayPal,refusé
2457,2457,2024-04-19,1392.32,PayPal,refusé
2458,2458,2019-07-05,1327.33,PayPal,accepté
2459,2459,2022-04-17,1992.77,Carte,accepté
2460,2460,2023-10-27,574.8,PayPal,accepté
2461,2461,2019-08-06,1781.76,Virement,accepté
2462,2462,2021-11-30,1101.76,PayPal,accepté
2463,2463,2024-09-21,1424.84,Virement,accepté
2464,2464,2022-03-16,1523.96,Carte,refusé
2465,2465,2025-10-22,862.64,PayPal,accepté
2466,2466,2020-07-27,857.07,Virement,accepté
2467,2467,2019-02-08,689.15,PayPal,accepté
2468,2468,2025-07-28,1896.6,Virement,refusé
2469,2469,2024-02-20,1155.87,Carte,accepté
2470,2470,2021-12-26,34.83,Carte,accepté
2471,2471,2024-03-27,942.95,Virement,accepté
2472,2472,2022-09-28,997.48,PayPal,refusé
2473,2473,2025-12-20,366.99,Virement,accepté
2474,2474,2019-03-07,1093.96,PayPal,refusé
2475,2475,2021-08-31,356.0,PayPal,accepté
2476,2476,2023-02-16,675.32,Carte,refusé
2477,2477,2024-12-26,1173.0,Carte,refusé
2478,2478,2021-11-11,971.02,Carte,accepté
2479,2479,2025-10-12,596.17,Virement,refusé
2480,2480,2019-06-27,471.43,Carte,accepté
2481,2481,2021-08-01,850.34,Virement,accepté
2482,2482,2023-09-28,1286.03,Virement,refusé
2483,2483,2023-02-27,1087.09,Carte,accepté
2484,2484,2023-04-04,124.02,PayPal,accepté
2485,2485,2023-04-17,1865.03,PayPal,refusé
2486,2486,2025-12-22,201.51,PayPal,refusé
2487,2487,2020-10-19,37.3,Virement,accepté
2488,2488,2021-01-02,1876.86,Virement,refusé
2489,2489,2024-04-19,1252.1,Carte,refusé
2490,2490,2020-06-03,595.91,Virement,accepté
2491,2491,2022-11-18,1400.07,Virement,refusé
2492,2492,2019-12-05,1718.36,Carte,accepté
2493,2493,2019-08-26,304.85,Virement,refusé
2494,2494,2020-02-12,1489.38,Virement,refusé
2495,2495,2021-06-05,539.94,PayPal,refusé
2496,2496,2022-05-29,1599.78,Virement,refusé
2497,2497,2024-07-30,1381.49,Carte,accepté
2498,2498,2024-07-13,1899.45,Virement,refusé
2499,2499,2025-11-29,1546.47,Carte,refusé
2500,2500,2020-08-30,1420.72,Carte,refusé
2501,2501,2020-09-19,1041.82,Virement,refusé
2502,2502,2023-12-04,143.88,PayPal,accepté
2503,2503,2019-11-30,1071.54,Carte,refusé
2504,2504,2020-10-03,1797.07,PayPal,refusé
2505,2505,2023-06-19,644.86,Virement,accepté
2506,2506,2025-10-15,1425.78,Carte,refusé
2507,2507,2019-12-06,1311.64,Carte,accepté
2508,2508,2024-11-27,974.2,PayPal,refusé
2509,2509,2025-10-05,113.16,Carte,refusé
2510,2510,2021-12-07,1870.92,Virement,accepté
2511,2511,2021-05-14,860.29,Virement,accepté
2512,2512,2023-06-22,1446.66,Carte,accepté
2513,2513,2025-05-27,517.21,Carte,refusé
2514,2514,2019-04-28,1028.4,Virement,refusé
2515,2515,2022-02-15,269.29,PayPal,refusé
2516,2516,2019-12-10,1235.3,Virement,accepté
2517,2517,2021-07-29,1266.46,PayPal,accepté
2518,2518,2020-09-24,323.68,Carte,accepté
2519,2519,2020-01-03,1589.7,Carte,refusé
2520,2520,2021-09-30,1826.62,Virement,refusé
2521,2521,2023-02-08,916.51,Virement,refusé
2522,2522,2022-12-21,1246.99,PayPal,refusé
2523,2523,2020-02-26,1410.09,Carte,accepté
2524,2524,2025-04-24,1045.61,Carte,refusé
2525,2525,2025-11-25,1475.47,PayPal,refusé
2526,2526,2023-08-28,168.8,Carte,refusé
2527,2527,2022-07-08,420.15,PayPal,refusé
2528,2528,2024-07-24,1409.66,Carte,accepté
2529,2529,2019-12-27,1873.93,Carte,refusé
2530,2530,2019-07-07,1787.82,Virement,accepté
2531,2531,2025-09-30,1036.37,Virement,accepté
2532,2532,2019-03-28,748.44,PayPal,refusé
2533,2533,2019-05-30,1792.13,PayPal,accepté
2534,2534,2021-10-08,205.7,PayPal,accepté
2535,2535,2022-03-06,504.3,Carte,refusé
2536,2536,2020-04-12,1379.69,PayPal,refusé
2537,2537,2021-01-05,69.29,Carte,refusé
2538,2538,2020-05-04,1213.17,Virement,accepté
2539,2539,2021-11-10,1232.96,Virement,refusé
2540,2540,2020-12-05,353.58,PayPal,refusé
2541,2541,2021-08-06,1240.76,PayPal,accepté
2542,2542,2024-03-19,1965.5,Carte,accepté
2543,2543,2025-08-23,182.69,Virement,accepté
2544,2544,2019-09-20,1396.84,PayPal,refusé
2545,2545,2019-12-30,1029.78,Virement,accepté
2546,2546,2022-11-07,683.46,PayPal,refusé
2547,2547,2023-04-10,761.67,PayPal,accepté
2548,2548,2019-04-03,83.15,Virement,refusé
2549,2549,2025-10-20,1205.42,PayPal,refusé
2550,2550,2025-08-14,451.6,Carte,accepté
2551,2551,2021-05-03,439.81,Virement,accepté
2552,2552,2022-10-25,1017.3,Carte,refusé
2553,2553,2024-05-01,107.18,Virement,refusé
2554,2554,2025-10-22,1142.56,Virement,accepté
2555,2555,2019-10-22,91.75,PayPal,refusé
2556,2556,2020-04-12,365.29,Carte,accepté
2557,2557,2025-02-10,281.58,PayPal,refusé
2558,2558,2022-08-19,278.41,Carte,accepté
2559,2559,2021-06-30,1596.35,Virement,refusé
2560,2560,2023-01-17,1226.65,Virement,accepté
2561,2561,2020-08-22,833.6,PayPal,accepté
2562,2562,2025-07-13,1193.18,Virement,accepté
2563,2563,2020-06-24,1653.47,PayPal,refusé
2564,2564,2019-03-12,1880.67,Virement,accepté
2565,2565,2025-12-24,837.48,PayPal,refusé
2566,2566,2019-09-16,375.19,Virement,refusé
2567,2567,2022-01-23,319.65,Carte,refusé
2568,2568,2024-01-20,943.36,PayPal,refusé
2569,2569,2022-07-19,1424.59,Virement,refusé
2570,2570,2022-05-28,988.58,PayPal,refusé
2571,2571,2019-10-25,247.54,Virement,refusé
2572,2572,2020-08-21,699.88,PayPal,refusé
2573,2573,2025-11-30,1768.69,PayPal,accepté
2574,2574,2024-02-17,390.54,Carte,refusé
2575,2575,2020-07-05,470.48,PayPal,accepté
2576,2576,2025-08-20,691.7,Carte,refusé
2577,2577,2019-12-31,815.36,Virement,accepté
2578,2578,2023-12-07,1296.44,Virement,refusé
2579,2579,2021-12-11,1088.49,Carte,accepté
2580,2580,2020-09-24,1161.46,Virement,accepté
2581,2581,2024-01-14,204.11,Carte,refusé
2582,2582,2020-04-09,1035.06,PayPal,refusé
2583,2583,2022-03-27,908.91,Carte,accepté
2584,2584,2025-11-10,858.99,Carte,refusé
2585,2585,2021-07-17,1440.64,Virement,accepté
2586,2586,2021-11-02,1072.53,Virement,refusé
2587,2587,2024-07-10,220.76,Carte,refusé
2588,2588,2023-02-10,66.44,Virement,refusé
2589,2589,2024-06-15,1221.84,Carte,refusé
2590,2590,2023-11-14,1919.62,Carte,refusé
2591,2591,2023-04-24,1529.54,PayPal,accepté
2592,2592,2022-07-17,1944.39,PayPal,refusé
2593,2593,2025-12-20,958.94,PayPal,refusé
2594,2594,2019-11-27,1696.61,PayPal,refusé
2595,2595,2023-10-30,1390.86,PayPal,refusé
2596,2596,2024-04-07,1188.65,Virement,refusé
2597,2597,2024-11-08,343.18,Carte,accepté
2598,2598,2024-02-02,1780.17,Carte,refusé
2599,2599,2020-01-14,556.19,PayPal,refusé
2600,2600,2025-02-01,946.91,PayPal,accepté
2601,2601,2019-07-10,1138.21,PayPal,refusé
2602,2602,2022-05-20,1487.22,Virement,accepté
2603,2603,2019-07-01,665.73,Carte,refusé
2604,2604,2022-05-09,1124.41,Carte,accepté
2605,2605,2020-10-10,420.49,Carte,refusé
2606,2606,2025-06-15,547.57,PayPal,accepté
2607,2607,2021-03-17,508.94,Virement,accepté
2608,2608,2023-12-21,1139.71,PayPal,accepté
2609,2609,2025-03-05,1699.49,Virement,accepté
2610,2610,2024-10-05,1171.16,PayPal,accepté
2611,2611,2024-04-30,34.71,Virement,refusé
2612,2612,2023-08-18,1616.34,Carte,accepté
2613,2613,2021-11-06,570.16,Virement,refusé
2614,2614,2019-02-26,1865.56,Carte,accepté
2615,2615,2019-04-24,1182.79,Carte,accepté
2616,2616,2022-10-05,1786.38,Virement,accepté
2617,2617,2025-12-12,724.13,PayPal,accepté
2618,2618,2021-06-27,1314.77,PayPal,refusé
2619,2619,2019-07-16,640.94,PayPal,refusé
2620,2620,2024-05-11,81.56,Virement,accepté
2621,2621,2024-09-21,1208.41,Virement,refusé
2622,2622,2020-04-18,393.33,PayPal,refusé
2623,2623,2022-07-10,1916.27,PayPal,accepté
2624,2624,2025-08-30,975.61,PayPal,accepté
2625,2625,2019-12-12,710.37,PayPal,accepté
2626,2626,2022-08-23,630.51,Virement,accepté
2627,2627,2022-10-04,1761.38,Carte,accepté
2628,2628,2021-05-10,1303.34,Virement,refusé
2629,2629,2023-02-09,956.27,PayPal,refusé
2630,2630,2023-01-25,513.87,Virement,refusé
2631,2631,2019-08-06,649.33,Virement,refusé
2632,2632,2022-06-01,1502.08,PayPal,accepté
2633,2633,2021-08-24,752.48,Carte,accepté
2634,2634,2025-08-06,431.23,Carte,accepté
2635,2635,2021-09-30,741.39,PayPal,accepté
2636,2636,2020-10-02,1847.62,PayPal,refusé
2637,2637,2021-11-04,1287.21,Virement,accepté
2638,2638,2019-01-23,1233.91,PayPal,refusé
2639,2639,2021-04-08,639.17,Carte,accepté
2640,2640,2021-11-27,905.24,Virement,refusé
2641,2641,2020-09-03,1859.84,Virement,refusé
2642,2642,2022-07-24,986.75,PayPal,accepté
2643,2643,2024-11-08,831.29,Carte,accepté
2644,2644,2021-06-30,1389.4,PayPal,accepté
2645,2645,2024-11-08,1792.22,PayPal,refusé
2646,2646,2019-07-29,343.12,Carte,accepté
2647,2647,2019-12-31,1217.37,Virement,refusé
2648,2648,2019-05-17,1842.99,PayPal,accepté
2649,2649,2021-10-06,1648.9,Virement,refusé
2650,2650,2020-12-23,1232.95,Virement,refusé
2651,2651,2023-04-16,781.13,PayPal,accepté
2652,2652,2023-02-20,653.83,PayPal,accepté
2653,2653,2025-07-12,692.59,PayPal,refusé
2654,2654,2024-05-09,548.14,PayPal,accepté
2655,2655,2019-11-29,463.87,Virement,refusé
2656,2656,2024-10-28,1647.57,Carte,accepté
2657,2657,2023-12-24,1277.75,Virement,accepté
2658,2658,2021-06-22,1369.32,PayPal,accepté
2659,2659,2021-08-14,1169.73,Virement,refusé
2660,2660,2024-10-17,305.0,Virement,refusé
2661,2661,2019-03-03,896.79,PayPal,refusé
2662,2662,2022-06-20,1403.0,Carte,accepté
2663,2663,2020-09-16,1862.3,Virement,accepté
2664,2664,2022-12-08,1859.72,PayPal,refusé
2665,2665,2023-02-02,1948.23,Carte,refusé
2666,2666,2020-04-07,699.69,Virement,refusé
2667,2667,2021-11-18,759.47,Virement,refusé
2668,2668,2023-03-19,1807.1,PayPal,accepté
2669,2669,2019-07-29,1542.36,PayPal,accepté
2670,2670,2023-04-09,1645.36,Carte,accepté
2671,2671,2025-04-08,349.62,Carte,refusé
2672,2672,2024-07-05,1081.19,PayPal,accepté
2673,2673,2019-06-13,481.01,PayPal,refusé
2674,2674,2022-08-29,1418.85,Virement,accepté
2675,2675,2024-05-18,342.01,PayPal,accepté
2676,2676,2019-07-16,312.45,Virement,refusé
2677,2677,2025-02-01,1482.96,Virement,accepté
2678,2678,2022-04-09,953.42,Virement,refusé
2679,2679,2019-01-16,1386.95,Carte,refusé
2680,2680,2022-04-12,1423.19,Virement,accepté
2681,2681,2020-12-19,1510.19,Carte,refusé
2682,2682,2025-12-27,1895.75,Carte,accepté
2683,2683,2021-08-08,237.72,PayPal,refusé
2684,2684,2019-12-25,1993.92,Carte,accepté
2685,2685,2021-01-15,922.88,Virement,refusé
2686,2686,2021-07-31,1212.07,Carte,refusé
2687,2687,2022-12-07,1422.12,Virement,refusé
2688,2688,2019-08-25,877.02,PayPal,refusé
2689,2689,2026-01-02,1335.28,PayPal,accepté
2690,2690,2025-03-20,676.91,Carte,refusé
2691,2691,2019-04-24,132.8,Carte,refusé
2692,2692,2025-10-05,1507.99,Virement,refusé
2693,2693,2023-12-17,585.64,Virement,refusé
2694,2694,2019-10-12,1602.25,Virement,refusé
2695,2695,2019-03-01,1063.48,Carte,accepté
2696,2696,2020-04-05,1509.05,PayPal,accepté
2697,2697,2022-06-28,620.06,Carte,refusé
2698,2698,2023-03-04,1718.16,Virement,refusé
2699,2699,2025-03-03,265.25,Virement,accepté
2700,2700,2021-01-20,931.25,Carte,refusé
2701,2701,2020-02-16,115.18,Carte,accepté
2702,2702,2023-07-19,624.02,Carte,refusé
2703,2703,2019-08-07,353.01,Virement,refusé
2704,2704,2019-01-07,1714.85,Carte,refusé
2705,2705,2025-12-16,622.96,PayPal,refusé
2706,2706,2020-12-14,1781.25,Carte,accepté
2707,2707,2025-08-25,446.43,Carte,accepté
2708,2708,2024-06-09,1451.03,Carte,refusé
2709,2709,2019-11-30,1975.09,Virement,refusé
2710,2710,2023-08-28,1872.81,Carte,refusé
2711,2711,2025-05-14,768.73,Carte,refusé
2712,2712,2021-10-09,1137.23,Carte,accepté
2713,2713,2022-10-10,316.55,Carte,refusé
2714,2714,2021-07-21,1572.36,PayPal,accepté
2715,2715,2019-09-02,1099.37,PayPal,accepté
2716,2716,2024-12-31,1321.57,Carte,accepté
2717,2717,2019-10-08,507.97,Carte,accepté
2718,2718,2020-09-30,411.52,Carte,refusé
2719,2719,2021-05-04,652.55,Virement,refusé
2720,2720,2024-04-30,1203.84,Virement,accepté
2721,2721,2020-11-15,1973.21,PayPal,refusé
2722,2722,2021-04-27,998.5,PayPal,refusé
2723,2723,2022-08-15,731.87,Virement,accepté
2724,2724,2021-04-30,1748.06,Carte,refusé
2725,2725,2019-09-05,1365.96,Virement,refusé
2726,2726,2022-10-13,1219.13,PayPal,refusé
2727,2727,2021-03-31,1959.55,PayPal,accepté
2728,2728,2022-10-09,1079.2,Carte,refusé
2729,2729,2025-11-19,693.7,Virement,accepté
2730,2730,2021-06-06,1678.53,Carte,accepté
2731,2731,2019-06-13,262.18,PayPal,accepté
2732,2732,2023-03-20,1503.41,PayPal,refusé
2733,2733,2020-02-01,1371.86,Virement,accepté
2734,2734,2022-07-19,792.41,Virement,accepté
2735,2735,2020-04-20,1811.34,PayPal,refusé
2736,2736,2023-09-18,1742.24,Virement,refusé
2737,2737,2024-03-27,1337.81,Virement,refusé
2738,2738,2022-01-28,1095.99,Carte,refusé
2739,2739,2021-08-18,1742.56,Carte,refusé
2740,2740,2024-09-01,1780.58,Virement,refusé
2741,2741,2024-07-20,1688.49,Carte,refusé
2742,2742,2023-03-04,987.12,PayPal,refusé
2743,2743,2025-05-17,970.3,Virement,refusé
2744,2744,2023-10-01,443.04,PayPal,refusé
2745,2745,2025-07-13,257.36,Carte,refusé
2746,2746,2024-07-09,838.05,Virement,accepté
2747,2747,2019-12-24,115.18,Virement,refusé
2748,2748,2024-06-25,520.78,Carte,refusé
2749,2749,2020-10-02,1768.25,Carte,refusé
2750,2750,2024-08-17,1247.77,PayPal,refusé
2751,2751,2020-06-23,609.41,PayPal,accepté
2752,2752,2024-02-28,1071.04,PayPal,accepté
2753,2753,2022-11-30,134.52,Virement,refusé
2754,2754,2020-05-13,1229.19,PayPal,refusé
2755,2755,2019-09-05,589.49,Carte,refusé
2756,2756,2023-01-17,339.65,PayPal,accepté
2757,2757,2019-08-05,1016.89,Virement,accepté
2758,2758,2023-02-16,732.45,PayPal,accepté
2759,2759,2024-11-25,719.06,Carte,accepté
2760,2760,2020-12-26,1364.31,Carte,refusé
2761,2761,2019-12-30,1457.6,Carte,accepté
2762,2762,2023-12-02,1066.18,Carte,accepté
2763,2763,2019-10-16,1476.01,Virement,refusé
2764,2764,2021-05-28,1691.85,Virement,accepté
2765,2765,2021-02-14,675.42,Carte,accepté
2766,2766,2023-10-11,1531.35,Virement,accepté
2767,2767,2021-12-23,168.64,PayPal,accepté
2768,2768,2023-04-18,1574.83,Virement,refusé
2769,2769,2023-06-08,1681.4,Virement,accepté
2770,2770,2020-08-09,397.75,Virement,accepté
2771,2771,2021-02-20,1622.42,Virement,accepté
2772,2772,2023-12-01,924.66,PayPal,refusé
2773,2773,2023-04-02,1061.34,PayPal,accepté
2774,2774,2025-02-07,406.5,Carte,accepté
2775,2775,2019-06-05,138.24,Carte,accepté
2776,2776,2026-01-02,1419.0,Carte,accepté
2777,2777,2019-11-02,1100.26,Virement,accepté
2778,2778,2024-05-28,491.71,Virement,accepté
2779,2779,2019-09-02,1016.06,Carte,accepté
2780,2780,2022-07-05,1985.27,Virement,accepté
2781,2781,2020-03-04,916.3,Carte,refusé
2782,2782,2024-12-16,1468.04,Carte,refusé
2783,2783,2023-03-16,505.38,Virement,refusé
2784,2784,2021-02-19,948.19,PayPal,accepté
2785,2785,2024-10-15,1038.36,Virement,accepté
2786,2786,2019-02-22,851.05,PayPal,refusé
2787,2787,2019-08-09,1484.08,PayPal,refusé
2788,2788,2020-06-05,1089.8,Virement,accepté
2789,2789,2021-01-10,942.82,Carte,accepté
2790,2790,2022-12-24,1837.08,Carte,refusé
2791,2791,2023-05-07,1581.04,Carte,refusé
2792,2792,2025-12-14,1078.24,Carte,refusé
2793,2793,2023-08-27,1372.38,PayPal,accepté
2794,2794,2022-04-22,1264.19,PayPal,refusé
2795,2795,2020-09-23,647.41,PayPal,refusé
2796,2796,2019-02-10,1146.17,Carte,refusé
2797,2797,2020-10-23,1627.27,PayPal,refusé
2798,2798,2021-11-01,609.54,Carte,accepté
2799,2799,2024-02-15,884.31,PayPal,refusé
2800,2800,2025-01-25,960.16,Carte,refusé
2801,2801,2021-11-23,971.21,Virement,accepté
2802,2802,2025-02-28,696.53,Virement,refusé
2803,2803,2020-04-18,686.58,Carte,refusé
2804,2804,2023-10-11,1088.72,Carte,refusé
2805,2805,2019-01-10,538.46,Carte,refusé
2806,2806,2021-10-24,1605.5,Carte,refusé
2807,2807,2021-11-22,939.86,Virement,refusé
2808,2808,2024-11-17,200.88,PayPal,refusé
2809,2809,2024-10-22,70.98,PayPal,accepté
2810,2810,2023-06-16,629.93,PayPal,accepté
2811,2811,2022-06-30,577.97,PayPal,refusé
2812,2812,2023-07-25,56.7,Carte,refusé
2813,2813,2024-07-13,1940.11,PayPal,refusé
2814,2814,2019-08-27,1190.07,Virement,refusé
2815,2815,2025-12-21,338.03,Carte,refusé
2816,2816,2020-08-08,1651.36,Virement,accepté
2817,2817,2022-07-13,897.99,Carte,accepté
2818,2818,2022-07-09,1755.7,Carte,accepté
2819,2819,2023-02-11,1878.75,PayPal,accepté
2820,2820,2023-09-05,399.71,Virement,refusé
2821,2821,2022-06-08,389.98,PayPal,accepté
2822,2822,2021-10-11,134.66,PayPal,refusé
2823,2823,2024-08-14,1171.19,Carte,accepté
2824,2824,2023-08-25,544.76,PayPal,accepté
2825,2825,2023-04-18,1553.91,Virement,refusé
2826,2826,2023-01-31,160.89,PayPal,accepté
2827,2827,2021-11-19,310.17,PayPal,accepté
2828,2828,2019-12-09,1188.73,Virement,accepté
2829,2829,2019-12-31,98.7,PayPal,refusé
2830,2830,2021-02-14,1866.34,PayPal,accepté
2831,2831,2019-09-29,1353.46,Virement,refusé
2832,2832,2021-08-15,860.4,PayPal,refusé
2833,2833,2025-06-07,1499.13,Virement,accepté
2834,2834,2024-03-22,702.37,PayPal,refusé
2835,2835,2019-10-08,1601.24,Carte,accepté
2836,2836,2024-05-07,843.65,PayPal,refusé
2837,2837,2019-09-15,1056.89,Virement,accepté
2838,2838,2024-10-14,1802.56,Carte,refusé
2839,2839,2023-09-12,1534.97,PayPal,accepté
2840,2840,2019-11-11,1803.72,Virement,accepté
2841,2841,2019-10-12,847.26,Virement,accepté
2842,2842,2019-04-14,679.39,PayPal,refusé
2843,2843,2023-06-26,1184.38,Carte,accepté
2844,2844,2021-10-06,854.2,Virement,refusé
2845,2845,2020-11-07,263.92,Virement,accepté
2846,2846,2019-10-22,1739.41,Virement,refusé
2847,2847,2022-04-22,944.49,Carte,accepté
2848,2848,2023-12-23,368.24,Carte,refusé
2849,2849,2023-11-17,729.79,PayPal,accepté
2850,2850,2022-01-27,574.3,PayPal,refusé
2851,2851,2020-01-01,1285.94,PayPal,refusé
2852,2852,2020-10-17,965.08,Virement,refusé
2853,2853,2025-12-07,1655.08,PayPal,accepté
2854,2854,2019-09-30,153.08,Virement,refusé
2855,2855,2022-10-25,1756.77,PayPal,refusé
2856,2856,2024-03-01,1613.74,Virement,refusé
2857,2857,2020-08-11,1389.19,Carte,accepté
2858,2858,2020-12-08,502.0,Virement,accepté
2859,2859,2022-06-18,361.52,Virement,accepté
2860,2860,2019-05-06,603.62,PayPal,refusé
2861,2861,2021-07-20,1304.17,Virement,refusé
2862,2862,2022-11-11,835.63,PayPal,refusé
2863,2863,2021-05-02,1483.27,Carte,refusé
2864,2864,2023-03-23,1078.83,Carte,accepté
2865,2865,2025-09-22,1766.63,Virement,accepté
2866,2866,2023-06-30,585.43,Carte,accepté
2867,2867,2023-03-12,206.39,Virement,refusé
2868,2868,2024-11-19,1143.02,Carte,refusé
2869,2869,2025-09-28,1379.9,Virement,refusé
2870,2870,2022-11-09,1593.79,Carte,refusé
2871,2871,2019-02-04,1621.71,PayPal,refusé
2872,2872,2023-03-07,599.63,Virement,refusé
2873,2873,2025-01-24,1255.65,PayPal,accepté
2874,2874,2023-06-10,444.85,Carte,refusé
2875,2875,2024-11-29,615.57,Virement,accepté
2876,2876,2025-04-05,370.3,PayPal,refusé
2877,2877,2020-08-22,1891.51,Virement,accepté
2878,2878,2020-04-25,1976.66,PayPal,refusé
2879,2879,2024-09-11,369.41,Carte,accepté
2880,2880,2023-08-30,1369.76,Carte,accepté
2881,2881,2021-10-24,532.48,Carte,refusé
2882,2882,2024-05-30,1324.29,Virement,refusé
2883,2883,2021-07-18,1192.45,Virement,accepté
2884,2884,2023-06-07,1894.5,PayPal,accepté
2885,2885,2019-07-06,1778.24,PayPal,refusé
2886,2886,2022-04-04,95.51,PayPal,accepté
2887,2887,2019-11-06,1665.63,PayPal,accepté
2888,2888,2022-10-30,464.0,Carte,refusé
2889,2889,2023-12-05,1826.18,Virement,accepté
2890,2890,2019-08-26,1613.44,Carte,accepté
2891,2891,2023-04-28,973.37,Carte,accepté
2892,2892,2024-10-26,195.75,Virement,refusé
2893,2893,2019-01-28,1053.0,Virement,accepté
2894,2894,2022-06-18,1208.2,Virement,refusé
2895,2895,2024-02-26,265.87,PayPal,accepté
2896,2896,2021-06-13,955.38,PayPal,accepté
2897,2897,2020-05-17,91.06,Virement,refusé
2898,2898,2024-12-25,1996.38,PayPal,accepté
2899,2899,2022-01-23,1175.35,PayPal,accepté
2900,2900,2022-09-07,315.12,Carte,accepté
2901,2901,2020-01-03,140.49,PayPal,refusé
2902,2902,2025-10-19,1484.6,Carte,refusé
2903,2903,2021-12-03,40.2,Virement,accepté
2904,2904,2025-05-15,275.14,Virement,refusé
2905,2905,2024-03-29,518.86,Carte,refusé
2906,2906,2021-12-03,1823.46,PayPal,refusé
2907,2907,2019-10-28,1697.61,Virement,refusé
2908,2908,2019-02-25,59.43,Virement,accepté
2909,2909,2022-08-09,1677.27,Carte,refusé
2910,2910,2020-01-16,633.64,PayPal,refusé
2911,2911,2021-05-18,1689.83,PayPal,accepté
2912,2912,2022-03-10,1575.95,Carte,accepté
2913,2913,2024-06-22,1004.38,Virement,refusé
2914,2914,2022-10-09,452.1,Carte,refusé
2915,2915,2024-02-25,25.84,Carte,accepté
2916,2916,2023-02-24,1985.23,Carte,accepté
2917,2917,2025-09-02,1068.47,Carte,accepté
2918,2918,2019-12-19,1079.94,PayPal,refusé
2919,2919,2021-06-02,1865.88,PayPal,refusé
2920,2920,2025-11-26,1404.01,Virement,accepté
2921,2921,2020-06-04,215.68,PayPal,refusé
2922,2922,2022-02-12,1608.85,Carte,refusé
2923,2923,2024-01-09,127.7,Virement,refusé
2924,2924,2022-03-24,195.15,PayPal,refusé
2925,2925,2019-05-19,1660.35,Virement,refusé
2926,2926,2022-02-17,781.27,PayPal,refusé
2927,2927,2021-03-27,1235.46,PayPal,accepté
2928,2928,2022-08-20,1663.32,Carte,accepté
2929,2929,2022-06-19,838.92,PayPal,accepté
2930,2930,2025-03-22,1590.23,Virement,refusé
2931,2931,2023-03-15,654.21,Carte,refusé
2932,2932,2020-05-23,1554.44,Carte,accepté
2933,2933,2022-06-05,458.04,Carte,refusé
2934,2934,2025-08-14,1980.04,Virement,accepté
2935,2935,2020-07-16,967.82,Carte,refusé
2936,2936,2023-11-13,1527.95,Virement,refusé
2937,2937,2023-01-20,1457.37,PayPal,refusé
2938,2938,2019-03-21,708.78,PayPal,refusé
2939,2939,2021-06-19,1160.95,Virement,accepté
2940,2940,2024-06-01,1950.81,PayPal,accepté
2941,2941,2022-07-04,430.24,PayPal,refusé
2942,2942,2023-11-25,282.18,PayPal,accepté
2943,2943,2022-10-06,1950.9,Virement,accepté
2944,2944,2022-01-25,690.77,Carte,refusé
2945,2945,2025-10-29,1457.01,PayPal,accepté
2946,2946,2020-11-22,800.2,Virement,refusé
2947,2947,2025-02-21,1899.45,Carte,accepté
2948,2948,2020-10-17,1509.54,Virement,accepté
2949,2949,2024-11-10,895.88,PayPal,accepté
2950,2950,2020-10-17,1399.99,PayPal,refusé
2951,2951,2025-01-29,1474.1,Virement,accepté
2952,2952,2020-11-05,1293.86,PayPal,refusé
2953,2953,2019-09-30,1070.66,Carte,accepté
2954,2954,2023-11-05,80.48,PayPal,refusé
2955,2955,2023-02-06,1089.1,Carte,accepté
2956,2956,2020-10-29,1224.9,Virement,refusé
2957,2957,2023-07-13,375.78,Carte,accepté
2958,2958,2019-07-22,1582.12,Carte,refusé
2959,2959,2023-05-22,1042.61,PayPal,refusé
2960,2960,2020-08-09,888.1,PayPal,accepté
2961,2961,2025-12-06,1778.18,Carte,refusé
2962,2962,2022-08-10,1022.03,Virement,accepté
2963,2963,2024-09-21,1429.6,PayPal,accepté
2964,2964,2021-12-20,1231.07,Virement,accepté
2965,2965,2023-01-22,1516.97,Carte,accepté
2966,2966,2025-01-20,1757.96,Virement,accepté
2967,2967,2024-01-24,253.01,PayPal,accepté
2968,2968,2022-06-23,343.45,PayPal,accepté
2969,2969,2022-02-25,372.6,PayPal,accepté
2970,2970,2021-08-19,1668.95,PayPal,accepté
2971,2971,2020-06-26,1394.09,Virement,refusé
2972,2972,2021-12-06,1372.4,PayPal,accepté
2973,2973,2024-03-25,1040.2,Virement,refusé
2974,2974,2023-06-24,1527.04,Carte,accepté
2975,2975,2021-04-17,1099.56,Carte,refusé
2976,2976,2019-03-30,1379.51,PayPal,accepté
2977,2977,2022-01-31,531.97,PayPal,refusé
2978,2978,2024-06-24,1411.5,Virement,refusé
2979,2979,2024-02-15,447.46,PayPal,accepté
2980,2980,2021-09-02,1515.52,PayPal,refusé
2981,2981,2019-07-28,1210.78,Virement,refusé
2982,2982,2025-06-30,1513.07,Virement,accepté
2983,2983,2020-07-24,907.41,Carte,refusé
2984,2984,2024-07-16,1378.95,Virement,refusé
2985,2985,2019-04-01,213.56,Carte,accepté
2986,2986,2023-11-06,1175.48,Virement,accepté
2987,2987,2024-10-24,1530.22,Carte,accepté
2988,2988,2025-05-06,311.27,Carte,accepté
2989,2989,2021-01-20,664.74,PayPal,accepté
2990,2990,2024-09-01,1066.07,Carte,accepté
2991,2991,2021-09-23,1637.13,Virement,accepté
2992,2992,2024-07-03,1739.35,Carte,accepté
2993,2993,2025-04-11,941.97,Carte,accepté
2994,2994,2024-11-26,817.54,Virement,refusé
2995,2995,2025-08-15,856.5,PayPal,refusé
2996,2996,2021-05-18,1346.61,Carte,accepté
2997,2997,2019-04-11,299.95,Virement,refusé
2998,2998,2024-11-04,826.75,Carte,accepté
2999,2999,2024-12-07,50.24,Virement,refusé
3000,3000,2022-08-16,1668.8,PayPal,refusé
3001,3001,2025-05-06,428.75,Carte,accepté
3002,3002,2021-10-05,1749.79,Carte,refusé
3003,3003,2023-02-24,290.47,Carte,refusé
3004,3004,2025-02-06,857.68,Virement,refusé
3005,3005,2023-09-01,484.37,Carte,refusé
3006,3006,2024-11-13,380.89,Virement,accepté
3007,3007,2025-10-16,776.33,PayPal,accepté
3008,3008,2021-11-18,237.7,PayPal,refusé
3009,3009,2019-10-13,345.21,Carte,refusé
3010,3010,2019-04-21,328.59,Virement,refusé
3011,3011,2020-04-07,1004.15,Carte,refusé
3012,3012,2023-03-13,1002.14,Virement,accepté
3013,3013,2022-05-23,741.3,PayPal,refusé
3014,3014,2024-06-19,579.12,PayPal,refusé
3015,3015,2019-06-15,1125.72,Virement,refusé
3016,3016,2022-06-10,756.14,Carte,accepté
3017,3017,2019-07-31,1367.62,Carte,accepté
3018,3018,2024-03-07,590.13,Virement,accepté
3019,3019,2025-08-24,1647.47,Carte,refusé
3020,3020,2024-03-05,1744.25,Virement,accepté
3021,3021,2023-04-04,600.25,PayPal,refusé
3022,3022,2022-11-23,1480.39,PayPal,refusé
3023,3023,2023-11-04,1889.42,PayPal,accepté
3024,3024,2022-11-01,1140.23,Carte,accepté
3025,3025,2019-01-22,25.35,PayPal,accepté
3026,3026,2023-11-14,754.75,PayPal,refusé
3027,3027,2019-08-10,1946.05,Carte,refusé
3028,3028,2019-08-06,494.63,Carte,refusé
3029,3029,2019-05-21,1849.68,Carte,accepté
3030,3030,2022-12-15,1205.88,Virement,refusé
3031,3031,2020-11-26,1436.31,Virement,refusé
3032,3032,2019-09-24,1928.94,PayPal,accepté
3033,3033,2023-07-21,1044.7,PayPal,accepté
3034,3034,2020-04-17,1579.35,Carte,refusé
3035,3035,2024-02-27,281.18,Carte,refusé
3036,3036,2022-05-21,993.61,PayPal,accepté
3037,3037,2023-08-26,118.79,PayPal,accepté
3038,3038,2019-04-17,132.38,PayPal,accepté
3039,3039,2020-09-20,1643.87,Virement,refusé
3040,3040,2024-02-24,1542.4,Carte,refusé
3041,3041,2022-01-08,480.4,PayPal,refusé
3042,3042,2021-08-25,1517.7,Virement,accepté
3043,3043,2019-09-11,948.75,PayPal,refusé
3044,3044,2021-10-24,980.38,Virement,accepté
3045,3045,2021-12-09,635.48,Carte,accepté
3046,3046,2022-10-09,1182.07,Carte,refusé
3047,3047,2023-01-24,1255.92,Virement,accepté
3048,3048,2025-01-23,1892.38,Virement,refusé
3049,3049,2023-05-13,1847.95,PayPal,accepté
3050,3050,2023-01-26,456.67,Virement,accepté
3051,3051,2025-02-10,527.61,Virement,refusé
3052,3052,2020-06-27,177.35,PayPal,accepté
3053,3053,2023-08-21,976.63,PayPal,refusé
3054,3054,2024-01-19,1795.96,Virement,refusé
3055,3055,2019-10-16,1798.06,PayPal,refusé
3056,3056,2025-06-05,1478.78,Virement,refusé
3057,3057,2021-09-07,324.23,PayPal,accepté
3058,3058,2024-03-09,826.63,Carte,refusé
3059,3059,2021-08-30,1303.34,PayPal,refusé
3060,3060,2025-04-13,126.89,Virement,refusé
3061,3061,2025-02-22,466.24,Carte,accepté
3062,3062,2019-12-08,692.68,PayPal,accepté
3063,3063,2025-07-07,876.72,Virement,accepté
3064,3064,2021-01-01,1287.47,Carte,accepté
3065,3065,2024-07-28,543.49,Virement,accepté
3066,3066,2019-06-05,333.04,Carte,accepté
3067,3067,2022-04-16,1850.72,PayPal,accepté
3068,3068,2024-05-18,924.74,Virement,refusé
3069,3069,2019-10-18,1325.91,Carte,refusé
3070,3070,2019-09-02,1871.27,PayPal,accepté
3071,3071,2025-12-26,1513.56,Virement,accepté
3072,3072,2020-06-14,297.03,PayPal,accepté
3073,3073,2020-01-01,916.48,Carte,accepté
3074,3074,2024-05-28,1958.61,Virement,accepté
3075,3075,2023-07-07,1764.86,PayPal,refusé
3076,3076,2019-09-07,1216.79,Virement,refusé
3077,3077,2023-11-17,1508.78,PayPal,refusé
3078,3078,2023-07-22,90.78,Carte,refusé
3079,3079,2024-01-04,421.79,Carte,accepté
3080,3080,2024-04-06,1155.48,PayPal,refusé
3081,3081,2020-05-22,1395.64,PayPal,refusé
3082,3082,2022-01-05,1104.86,Virement,refusé
3083,3083,2024-07-09,647.91,PayPal,accepté
3084,3084,2024-12-15,1034.52,PayPal,refusé
3085,3085,2022-10-24,1088.19,Virement,accepté
3086,3086,2022-12-02,430.2,Carte,refusé
3087,3087,2024-10-09,314.81,PayPal,accepté
3088,3088,2025-01-08,1295.06,Virement,accepté
3089,3089,2022-11-06,587.83,Virement,accepté
3090,3090,2019-10-28,1603.22,PayPal,accepté
3091,3091,2025-03-18,571.05,Virement,accepté
3092,3092,2019-04-23,1919.89,Virement,refusé
3093,3093,2024-03-07,765.24,PayPal,accepté
3094,3094,2022-03-26,1760.51,Virement,accepté
3095,3095,2021-06-25,853.41,Virement,refusé
3096,3096,2019-07-31,49.9,Virement,accepté
3097,3097,2020-02-16,1194.88,Carte,accepté
3098,3098,2024-01-14,41.87,PayPal,accepté
3099,3099,2022-02-25,1802.25,Carte,accepté
3100,3100,2019-12-12,1392.8,Virement,accepté
3101,3101,2020-03-06,660.26,PayPal,refusé
3102,3102,2019-10-18,1237.75,Carte,refusé
3103,3103,2025-11-06,152.0,Virement,refusé
3104,3104,2023-05-18,1584.62,Virement,accepté
3105,3105,2025-03-14,1555.72,PayPal,accepté
3106,3106,2025-05-07,759.83,Carte,refusé
3107,3107,2025-07-21,381.86,PayPal,refusé
3108,3108,2023-04-11,899.97,PayPal,accepté
3109,3109,2025-10-20,369.73,Carte,accepté
3110,3110,2023-05-02,1246.57,PayPal,accepté
3111,3111,2019-07-19,917.01,Virement,accepté
3112,3112,2024-12-12,890.98,Carte,accepté
3113,3113,2023-05-30,351.96,Carte,accepté
3114,3114,2019-04-09,975.03,PayPal,refusé
3115,3115,2019-12-30,900.0,Virement,refusé
3116,3116,2021-03-18,930.33,PayPal,refusé
3117,3117,2024-04-13,841.88,PayPal,accepté
3118,3118,2023-12-03,1918.81,Carte,refusé
3119,3119,2023-10-11,1517.57,Carte,refusé
3120,3120,2024-09-30,1129.97,Carte,refusé
3121,3121,2025-04-13,461.72,PayPal,refusé
3122,3122,2024-07-21,1091.14,Carte,accepté
3123,3123,2022-12-04,1745.98,Virement,accepté
3124,3124,2019-05-29,1421.98,PayPal,accepté
3125,3125,2021-02-15,1244.7,Carte,accepté
3126,3126,2022-12-07,1719.85,Carte,accepté
3127,3127,2019-06-28,243.47,PayPal,refusé
3128,3128,2025-12-08,186.61,Carte,accepté
3129,3129,2022-02-21,1214.12,Carte,accepté
3130,3130,2023-09-15,1752.13,Virement,accepté
3131,3131,2020-11-22,1253.63,PayPal,refusé
3132,3132,2021-09-03,1276.09,Carte,refusé
3133,3133,2022-09-05,817.82,Virement,refusé
3134,3134,2025-10-22,248.08,Virement,refusé
3135,3135,2019-06-04,1681.29,Virement,refusé
3136,3136,2024-05-31,1003.05,Carte,accepté
3137,3137,2021-01-05,1236.91,Carte,refusé
3138,3138,2022-02-17,1849.24,Carte,accepté
3139,3139,2022-11-24,333.58,Virement,accepté
3140,3140,2022-01-11,231.95,PayPal,refusé
3141,3141,2021-01-01,610.94,Virement,accepté
3142,3142,2020-06-29,1386.57,Virement,refusé
3143,3143,2022-09-02,456.76,Carte,refusé
3144,3144,2025-09-09,1412.15,Carte,accepté
3145,3145,2022-05-29,507.16,Carte,accepté
3146,3146,2025-12-28,1060.57,PayPal,refusé
3147,3147,2021-09-27,1028.19,PayPal,refusé
3148,3148,2024-07-22,922.12,Virement,accepté
3149,3149,2019-10-02,57.49,Virement,accepté
3150,3150,2020-04-10,450.59,PayPal,refusé
3151,3151,2020-07-09,728.55,Carte,accepté
3152,3152,2020-06-25,1437.91,Virement,refusé
3153,3153,2024-06-08,1078.38,Virement,accepté
3154,3154,2019-04-08,1830.76,PayPal,accepté
3155,3155,2021-01-07,296.36,Virement,accepté
3156,3156,2022-04-02,1855.35,Carte,accepté
3157,3157,2020-03-19,1729.23,PayPal,refusé
3158,3158,2024-08-02,957.49,Virement,accepté
3159,3159,2021-01-20,1290.54,Virement,refusé
3160,3160,2024-04-15,783.14,PayPal,accepté
3161,3161,2025-10-20,305.21,Carte,accepté
3162,3162,2020-10-17,1730.42,Carte,refusé
3163,3163,2020-05-21,1241.5,PayPal,accepté
3164,3164,2023-12-08,53.41,Carte,accepté
3165,3165,2025-09-13,1364.72,PayPal,refusé
3166,3166,2023-08-31,383.84,Virement,refusé
3167,3167,2022-07-28,723.9,Carte,accepté
3168,3168,2022-07-04,542.89,Carte,accepté
3169,3169,2022-12-03,1510.02,PayPal,refusé
3170,3170,2020-06-28,1435.67,Virement,refusé
3171,3171,2020-12-17,1642.62,Virement,refusé
3172,3172,2022-09-07,39.69,Carte,accepté
3173,3173,2025-10-19,580.47,Virement,refusé
3174,3174,2023-05-18,1460.56,PayPal,accepté
3175,3175,2025-04-29,869.35,Carte,accepté
3176,3176,2019-04-30,138.7,PayPal,refusé
3177,3177,2022-11-17,456.94,Virement,refusé
3178,3178,2019-03-11,647.64,Virement,accepté
3179,3179,2019-02-26,1795.49,PayPal,accepté
3180,3180,2023-12-01,709.75,PayPal,accepté
3181,3181,2021-07-17,570.06,PayPal,refusé
3182,3182,2025-05-27,1332.13,PayPal,refusé
3183,3183,2021-06-17,473.54,Virement,accepté
3184,3184,2019-03-31,1113.35,PayPal,accepté
3185,3185,2025-01-05,1046.06,Virement,accepté
3186,3186,2019-05-30,1467.54,PayPal,refusé
3187,3187,2023-04-19,311.83,Carte,accepté
3188,3188,2025-09-15,1192.66,Virement,accepté
3189,3189,2020-10-25,1294.52,Carte,refusé
3190,3190,2023-11-08,937.35,PayPal,accepté
3191,3191,2025-04-20,1603.91,Carte,accepté
3192,3192,2024-11-17,95.87,PayPal,refusé
3193,3193,2019-12-04,1254.72,Virement,accepté
3194,3194,2019-05-21,336.3,Carte,accepté
3195,3195,2019-08-19,1145.29,PayPal,refusé
3196,3196,2020-04-12,112.44,PayPal,accepté
3197,3197,2025-06-28,1295.69,Virement,accepté
3198,3198,2020-09-22,449.91,Carte,accepté
3199,3199,2021-02-18,1124.93,Virement,accepté
3200,3200,2021-08-11,1447.58,PayPal,refusé
3201,3201,2025-04-03,1397.04,Carte,refusé
3202,3202,2019-10-26,433.79,Virement,refusé
3203,3203,2022-03-02,660.65,PayPal,refusé
3204,3204,2023-12-04,1141.28,PayPal,accepté
3205,3205,2023-10-23,1801.69,PayPal,refusé
3206,3206,2024-07-31,509.25,Virement,accepté
3207,3207,2021-03-09,1951.88,Carte,accepté
3208,3208,2024-12-02,1820.61,Carte,refusé
3209,3209,2025-07-11,1265.44,PayPal,refusé
3210,3210,2025-05-04,307.18,Virement,refusé
3211,3211,2020-06-11,1134.72,Virement,accepté
3212,3212,2025-07-14,699.87,Virement,accepté
3213,3213,2023-04-06,871.51,Carte,refusé
3214,3214,2020-05-26,1515.25,PayPal,refusé
3215,3215,2024-06-12,1350.12,PayPal,refusé
3216,3216,2023-09-15,829.37,Virement,refusé
3217,3217,2025-09-11,655.47,Carte,refusé
3218,3218,2019-07-29,577.29,PayPal,accepté
3219,3219,2020-12-03,1352.34,Virement,refusé
3220,3220,2019-08-21,1483.08,Virement,accepté
3221,3221,2019-11-25,1232.96,Carte,accepté
3222,3222,2023-07-22,319.6,Virement,refusé
3223,3223,2022-11-26,518.28,PayPal,accepté
3224,3224,2023-01-22,1549.53,Carte,accepté
3225,3225,2024-09-05,1465.36,PayPal,refusé
3226,3226,2021-06-25,328.54,PayPal,refusé
3227,3227,2023-07-08,365.96,PayPal,refusé
3228,3228,2024-07-12,598.64,Carte,refusé
3229,3229,2025-01-06,1062.54,PayPal,accepté
3230,3230,2025-09-05,983.27,Virement,accepté
3231,3231,2021-05-14,598.44,PayPal,refusé
3232,3232,2020-04-21,62.5,Carte,accepté
3233,3233,2022-01-01,1590.66,Virement,refusé
3234,3234,2019-03-30,1494.21,PayPal,accepté
3235,3235,2020-01-29,1009.18,PayPal,refusé
3236,3236,2023-05-22,597.61,Virement,accepté
3237,3237,2021-04-03,139.84,PayPal,accepté
3238,3238,2021-06-18,62.8,Virement,accepté
3239,3239,2021-05-13,915.13,Carte,refusé
3240,3240,2024-03-07,1206.31,Virement,refusé
3241,3241,2023-11-12,1143.43,Virement,accepté
3242,3242,2024-09-10,867.24,Virement,refusé
3243,3243,2024-07-17,762.97,Carte,accepté
3244,3244,2025-03-12,706.08,Carte,refusé
3245,3245,2024-04-13,329.42,Carte,accepté
3246,3246,2023-03-04,1989.15,PayPal,refusé
3247,3247,2022-01-23,1559.92,Carte,accepté
3248,3248,2024-02-26,1335.24,PayPal,accepté
3249,3249,2022-04-03,82.11,PayPal,refusé
3250,3250,2020-09-09,993.61,Virement,accepté
3251,3251,2024-03-08,929.25,PayPal,refusé
3252,3252,2022-09-01,288.48,Virement,accepté
3253,3253,2019-08-05,551.35,Virement,refusé
3254,3254,2021-09-23,1997.71,Carte,accepté
3255,3255,2021-10-08,746.18,PayPal,refusé
3256,3256,2021-07-03,482.44,Virement,accepté
3257,3257,2024-02-05,1143.22,PayPal,refusé
3258,3258,2019-08-22,115.14,Virement,accepté
3259,3259,2019-02-10,1167.1,Carte,accepté
3260,3260,2021-07-16,1553.25,Virement,refusé
3261,3261,2020-02-25,788.98,PayPal,refusé
3262,3262,2020-09-13,1720.45,PayPal,refusé
3263,3263,2021-05-11,1555.36,Virement,refusé
3264,3264,2025-03-26,1798.47,Virement,refusé
3265,3265,2020-11-09,1386.47,Carte,refusé
3266,3266,2019-05-09,738.41,PayPal,refusé
3267,3267,2024-11-13,1010.18,PayPal,refusé
3268,3268,2025-08-25,1219.66,Carte,refusé
3269,3269,2022-11-20,862.15,PayPal,refusé
3270,3270,2023-05-13,1406.94,PayPal,accepté
3271,3271,2019-03-21,79.0,Carte,refusé
3272,3272,2021-11-18,1721.51,Virement,accepté
3273,3273,2025-11-12,398.66,PayPal,accepté
3274,3274,2023-10-21,910.12,Carte,accepté
3275,3275,2023-03-13,1294.46,Carte,refusé
3276,3276,2023-02-28,1283.17,Virement,refusé
3277,3277,2019-03-18,892.02,PayPal,refusé
3278,3278,2019-03-15,650.63,Virement,accepté
3279,3279,2025-02-03,218.12,Carte,refusé
3280,3280,2019-10-26,1666.0,Virement,accepté
3281,3281,2025-12-28,1124.56,PayPal,accepté
3282,3282,2019-07-06,1900.03,PayPal,accepté
3283,3283,2024-02-02,816.89,Virement,accepté
3284,3284,2025-10-05,1646.23,Virement,accepté
3285,3285,2025-04-10,99.17,PayPal,refusé
3286,3286,2024-01-28,38.69,Carte,accepté
3287,3287,2025-03-13,1699.25,PayPal,accepté
3288,3288,2022-09-12,948.6,Carte,accepté
3289,3289,2021-12-14,1914.05,Virement,accepté
3290,3290,2021-01-29,510.16,Carte,refusé
3291,3291,2025-08-30,362.34,PayPal,accepté
3292,3292,2022-12-25,1942.62,PayPal,accepté
3293,3293,2022-05-28,1884.15,PayPal,accepté
3294,3294,2019-09-14,1386.53,PayPal,accepté
3295,3295,2023-05-11,838.41,Virement,refusé
3296,3296,2024-06-07,1904.56,PayPal,accepté
3297,3297,2021-02-18,707.81,Virement,accepté
3298,3298,2024-11-23,892.71,PayPal,accepté
3299,3299,2022-10-05,905.75,PayPal,accepté
3300,3300,2019-05-04,550.66,Virement,refusé
3301,3301,2025-03-17,880.83,Carte,accepté
3302,3302,2021-12-19,617.66,Carte,accepté
3303,3303,2025-03-13,623.14,Carte,refusé
3304,3304,2023-02-18,1736.57,Virement,refusé
3305,3305,2021-12-27,365.8,Virement,refusé
3306,3306,2023-07-05,1659.84,Virement,refusé
3307,3307,2021-01-07,1551.94,PayPal,refusé
3308,3308,2020-03-19,57.02,Virement,accepté
3309,3309,2019-02-20,1062.9,PayPal,refusé
3310,3310,2023-11-06,1454.32,Virement,accepté
3311,3311,2025-02-25,276.25,PayPal,accepté
3312,3312,2019-04-27,996.84,Carte,accepté
3313,3313,2022-03-23,956.41,Virement,refusé
3314,3314,2020-02-15,501.84,Carte,accepté
3315,3315,2025-10-29,853.81,PayPal,accepté
3316,3316,2025-12-02,776.88,Virement,refusé
3317,3317,2021-03-20,1131.92,Virement,refusé
3318,3318,2022-02-12,229.07,Virement,accepté
3319,3319,2025-10-16,663.27,Carte,accepté
3320,3320,2024-02-11,1184.75,PayPal,accepté
3321,3321,2024-02-12,1609.54,Carte,refusé
3322,3322,2021-09-06,1871.66,PayPal,accepté
3323,3323,2023-12-21,69.68,Carte,accepté
3324,3324,2019-12-06,1951.51,Virement,refusé
3325,3325,2022-04-25,857.74,Virement,accepté
3326,3326,2021-06-04,502.31,PayPal,refusé
3327,3327,2025-04-12,1928.61,PayPal,accepté
3328,3328,2020-05-02,743.12,Virement,refusé
3329,3329,2024-10-19,1935.04,Carte,refusé
3330,3330,2025-11-29,1308.28,PayPal,refusé
3331,3331,2025-06-04,465.2,Virement,accepté
3332,3332,2025-09-03,988.65,Carte,refusé
3333,3333,2024-01-02,1260.81,PayPal,refusé
3334,3334,2019-03-15,1155.11,Virement,accepté
3335,3335,2022-03-19,212.89,PayPal,refusé
3336,3336,2023-11-28,1352.94,Virement,refusé
3337,3337,2020-08-20,1765.2,Carte,accepté
3338,3338,2022-02-21,1768.94,PayPal,accepté
3339,3339,2021-10-08,465.49,Virement,refusé
3340,3340,2023-06-21,688.05,PayPal,refusé
3341,3341,2023-09-21,1017.71,PayPal,accepté
3342,3342,2021-05-05,1724.09,PayPal,refusé
3343,3343,2024-02-24,1242.27,Virement,accepté
3344,3344,2020-04-19,849.33,Virement,accepté
3345,3345,2024-11-22,569.51,Carte,accepté
3346,3346,2019-01-25,779.26,PayPal,accepté
3347,3347,2022-11-22,1903.64,PayPal,refusé
3348,3348,2020-02-19,1298.38,Carte,refusé
3349,3349,2022-10-01,1299.31,Carte,refusé
3350,3350,2023-11-15,1939.2,PayPal,refusé
3351,3351,2025-08-22,1726.94,PayPal,refusé
3352,3352,2025-04-12,478.77,PayPal,refusé
3353,3353,2019-03-20,1425.19,Carte,accepté
3354,3354,2024-09-07,935.26,Virement,refusé
3355,3355,2024-11-08,1014.16,Virement,refusé
3356,3356,2020-01-07,761.13,PayPal,refusé
3357,3357,2024-04-01,82.83,Virement,refusé
3358,3358,2023-03-09,924.09,Carte,accepté
3359,3359,2022-12-27,244.81,Carte,refusé
3360,3360,2022-03-15,327.11,PayPal,refusé
3361,3361,2021-11-16,945.57,PayPal,refusé
3362,3362,2024-02-16,529.48,PayPal,accepté
3363,3363,2024-01-10,1213.91,PayPal,accepté
3364,3364,2025-04-19,1565.69,Carte,accepté
3365,3365,2025-02-11,1250.16,Carte,refusé
3366,3366,2021-03-18,1085.48,Carte,accepté
3367,3367,2025-10-18,167.62,PayPal,accepté
3368,3368,2020-01-30,1918.5,Carte,accepté
3369,3369,2023-05-18,1686.85,Virement,accepté
3370,3370,2025-01-19,177.65,Virement,accepté
3371,3371,2020-06-29,890.54,Virement,accepté
3372,3372,2020-09-28,1303.08,PayPal,accepté
3373,3373,2021-02-08,771.04,Virement,refusé
3374,3374,2024-04-21,974.42,Carte,accepté
3375,3375,2019-09-05,323.21,PayPal,accepté
3376,3376,2020-12-19,1197.55,Virement,accepté
3377,3377,2024-03-16,750.26,Virement,accepté
3378,3378,2019-02-15,1024.26,PayPal,refusé
3379,3379,2024-01-19,500.51,PayPal,accepté
3380,3380,2023-01-08,35.18,Carte,accepté
3381,3381,2023-08-19,450.63,PayPal,refusé
3382,3382,2021-09-09,1588.74,Virement,refusé
3383,3383,2019-04-02,1304.21,PayPal,accepté
3384,3384,2022-11-13,1704.73,Virement,refusé
3385,3385,2019-11-08,702.28,PayPal,accepté
3386,3386,2024-01-26,1623.23,PayPal,accepté
3387,3387,2022-12-03,1345.82,PayPal,accepté
3388,3388,2024-12-29,985.92,Virement,accepté
3389,3389,2022-08-10,1565.0,Carte,refusé
3390,3390,2020-02-13,1787.09,PayPal,refusé
3391,3391,2021-03-14,1662.64,PayPal,accepté
3392,3392,2019-11-19,586.71,PayPal,accepté
3393,3393,2019-07-15,1224.06,PayPal,accepté
3394,3394,2019-07-07,1381.25,PayPal,accepté
3395,3395,2024-05-21,1707.83,Virement,refusé
3396,3396,2024-05-22,133.12,Carte,accepté
3397,3397,2019-07-31,471.13,Carte,accepté
3398,3398,2019-07-14,816.79,Virement,refusé
3399,3399,2019-12-25,1404.51,Virement,accepté
3400,3400,2025-01-03,44.88,Virement,refusé
3401,3401,2023-11-08,1412.76,PayPal,refusé
3402,3402,2020-10-02,1053.4,Virement,refusé
3403,3403,2020-11-11,441.04,Virement,refusé
3404,3404,2023-09-17,1714.71,Virement,refusé
3405,3405,2020-04-21,393.09,Virement,accepté
3406,3406,2021-04-05,1990.4,Carte,accepté
3407,3407,2025-12-02,1557.95,Virement,accepté
3408,3408,2025-01-10,1548.57,PayPal,refusé
3409,3409,2022-11-04,305.7,PayPal,accepté
3410,3410,2023-07-14,81.02,PayPal,refusé
3411,3411,2025-06-20,390.02,PayPal,accepté
3412,3412,2021-04-09,1255.87,PayPal,refusé
3413,3413,2023-07-26,454.4,Virement,accepté
3414,3414,2022-06-11,1635.24,Virement,refusé
3415,3415,2019-04-18,1448.91,Carte,accepté
3416,3416,2024-04-30,1360.04,Virement,refusé
3417,3417,2021-05-25,1943.54,Virement,accepté
3418,3418,2025-12-27,600.31,Carte,refusé
3419,3419,2020-08-10,1296.87,Carte,accepté
3420,3420,2022-08-09,252.95,PayPal,accepté
3421,3421,2023-11-01,125.79,PayPal,refusé
3422,3422,2023-03-29,1168.23,Virement,refusé
3423,3423,2020-07-25,1976.15,Carte,accepté
3424,3424,2019-10-09,1757.38,Virement,accepté
3425,3425,2022-02-23,1284.34,PayPal,refusé
3426,3426,2020-08-25,89.53,Carte,refusé
3427,3427,2023-10-25,1918.81,Carte,accepté
3428,3428,2019-10-23,1783.76,Carte,refusé
3429,3429,2025-05-06,1618.76,PayPal,accepté
3430,3430,2025-04-22,1084.33,Virement,accepté
3431,3431,2025-02-09,1011.46,Carte,refusé
3432,3432,2024-08-13,1872.48,Virement,accepté
3433,3433,2024-04-26,1510.81,Carte,accepté
3434,3434,2022-01-24,1131.33,Virement,accepté
3435,3435,2022-01-31,1511.65,Carte,refusé
3436,3436,2023-02-01,408.13,Carte,accepté
3437,3437,2023-12-09,184.06,Carte,refusé
3438,3438,2022-01-27,956.48,PayPal,refusé
3439,3439,2021-05-22,317.98,Carte,refusé
3440,3440,2021-09-01,1392.08,PayPal,accepté
3441,3441,2020-03-01,1238.71,PayPal,refusé
3442,3442,2019-07-28,308.78,PayPal,accepté
3443,3443,2022-10-08,371.38,PayPal,refusé
3444,3444,2023-05-30,828.34,PayPal,refusé
3445,3445,2025-11-30,1959.88,Carte,accepté
3446,3446,2024-05-23,1134.05,PayPal,accepté
3447,3447,2025-01-06,1409.75,Carte,accepté
3448,3448,2019-06-01,1039.31,Virement,refusé
3449,3449,2020-12-24,1880.95,Virement,accepté
3450,3450,2024-08-15,1666.35,PayPal,accepté
3451,3451,2024-08-28,1299.01,Virement,refusé
3452,3452,2022-08-29,1017.79,Virement,refusé
3453,3453,2021-04-04,1937.05,PayPal,refusé
3454,3454,2021-02-16,1164.26,Carte,accepté
3455,3455,2021-07-21,545.18,Virement,accepté
3456,3456,2024-04-28,241.27,Carte,refusé
3457,3457,2022-07-15,1494.51,Virement,accepté
3458,3458,2025-08-19,1539.3,PayPal,refusé
3459,3459,2021-10-16,342.74,Carte,refusé
3460,3460,2021-05-30,1820.14,PayPal,refusé
3461,3461,2020-12-06,61.32,Virement,accepté
3462,3462,2019-05-01,233.92,PayPal,refusé
3463,3463,2024-08-30,1201.12,PayPal,accepté
3464,3464,2021-07-28,1920.71,PayPal,refusé
3465,3465,2024-11-22,1284.57,Virement,refusé
3466,3466,2023-11-17,1310.75,Carte,refusé
3467,3467,2021-12-24,1261.59,Carte,refusé
3468,3468,2025-11-23,856.51,Virement,refusé
3469,3469,2021-10-12,928.18,PayPal,accepté
3470,3470,2022-08-12,1036.25,Carte,refusé
3471,3471,2025-01-01,1186.2,Carte,refusé
3472,3472,2021-09-10,311.49,Virement,accepté
3473,3473,2024-05-12,1980.87,Carte,refusé
3474,3474,2025-01-14,597.09,PayPal,refusé
3475,3475,2022-12-22,585.87,Virement,refusé
3476,3476,2023-08-16,1679.57,Carte,refusé
3477,3477,2024-02-07,932.67,PayPal,refusé
3478,3478,2025-10-21,444.5,Virement,accepté
3479,3479,2023-02-09,657.87,Virement,refusé
3480,3480,2019-06-05,1170.76,PayPal,accepté
3481,3481,2023-02-11,898.82,Carte,refusé
3482,3482,2021-08-19,210.91,Virement,accepté
3483,3483,2022-11-06,793.25,PayPal,refusé
3484,3484,2022-01-21,1215.31,PayPal,accepté
3485,3485,2019-12-17,76.54,Virement,refusé
3486,3486,2021-01-27,1947.94,PayPal,accepté
3487,3487,2021-11-23,922.1,Carte,refusé
3488,3488,2019-12-12,1424.85,Carte,refusé
3489,3489,2023-01-24,1820.65,Carte,accepté
3490,3490,2022-07-27,1954.24,PayPal,refusé
3491,3491,2021-01-23,183.33,PayPal,refusé
3492,3492,2019-11-18,952.15,Carte,refusé
3493,3493,2025-10-04,577.56,PayPal,refusé
3494,3494,2023-09-30,260.37,PayPal,refusé
3495,3495,2024-02-11,1304.04,Carte,accepté
3496,3496,2021-05-09,148.88,Carte,accepté
3497,3497,2025-04-14,434.51,Virement,refusé
3498,3498,2020-06-11,1698.71,Carte,refusé
3499,3499,2021-08-17,573.85,Virement,refusé
3500,3500,2021-11-13,1657.02,Carte,accepté
3501,3501,2023-05-30,222.23,Virement,accepté
3502,3502,2024-10-09,847.32,Virement,accepté
3503,3503,2023-02-20,1143.78,PayPal,accepté
3504,3504,2021-10-08,1013.2,Virement,accepté
3505,3505,2020-11-29,1355.86,Carte,accepté
3506,3506,2019-10-29,879.9,Carte,accepté
3507,3507,2022-06-16,1860.78,Carte,accepté
3508,3508,2025-04-29,1424.8,PayPal,accepté
3509,3509,2025-01-23,714.52,PayPal,accepté
3510,3510,2019-12-06,1921.78,PayPal,refusé
3511,3511,2023-08-15,670.14,PayPal,refusé
3512,3512,2022-03-14,1919.14,Carte,refusé
3513,3513,2019-04-18,677.64,Carte,accepté
3514,3514,2023-01-20,762.43,Carte,refusé
3515,3515,2022-06-13,889.69,PayPal,accepté
3516,3516,2022-10-10,107.78,PayPal,accepté
3517,3517,2023-07-07,1123.35,Carte,accepté
3518,3518,2025-06-27,276.49,Virement,accepté
3519,3519,2025-10-30,721.8,Carte,refusé
3520,3520,2023-09-07,544.19,Carte,accepté
3521,3521,2020-05-18,135.72,Virement,accepté
3522,3522,2019-07-29,1972.05,Virement,accepté
3523,3523,2025-07-31,136.78,PayPal,accepté
3524,3524,2025-04-28,211.89,PayPal,refusé
3525,3525,2022-03-01,506.18,Carte,refusé
3526,3526,2025-03-23,161.07,PayPal,accepté
3527,3527,2020-06-10,1738.65,Virement,refusé
3528,3528,2020-01-29,1432.32,Virement,accepté
3529,3529,2022-02-18,1056.93,Virement,accepté
3530,3530,2023-05-16,1144.46,Carte,accepté
3531,3531,2024-01-14,767.24,PayPal,refusé
3532,3532,2022-10-29,707.69,PayPal,accepté
3533,3533,2020-11-05,256.83,PayPal,refusé
3534,3534,2020-07-16,941.85,PayPal,refusé
3535,3535,2023-11-30,276.46,PayPal,accepté
3536,3536,2024-02-19,262.48,Carte,refusé
3537,3537,2022-06-13,176.24,Virement,accepté
3538,3538,2020-11-12,1026.96,Virement,refusé
3539,3539,2023-12-27,313.2,Virement,accepté
3540,3540,2024-03-19,433.15,Carte,refusé
3541,3541,2024-02-06,1158.0,Virement,accepté
3542,3542,2019-12-19,1382.89,Carte,refusé
3543,3543,2019-04-04,1956.86,Virement,refusé
3544,3544,2019-06-03,325.46,Carte,refusé
3545,3545,2023-10-06,652.67,Carte,accepté
3546,3546,2019-10-10,1987.38,Virement,accepté
3547,3547,2021-01-31,337.49,Carte,accepté
3548,3548,2020-08-22,1790.99,PayPal,accepté
3549,3549,2021-04-13,322.95,Virement,refusé
3550,3550,2019-01-15,123.03,PayPal,accepté
3551,3551,2025-05-28,1925.4,Carte,refusé
3552,3552,2023-10-24,1770.02,PayPal,accepté
3553,3553,2020-10-22,326.97,Virement,refusé
3554,3554,2024-07-21,1063.15,Virement,refusé
3555,3555,2021-10-22,1837.18,Virement,accepté
3556,3556,2022-04-26,1411.74,Carte,accepté
3557,3557,2023-04-12,1994.01,PayPal,refusé
3558,3558,2019-03-08,313.58,Virement,accepté
3559,3559,2025-10-02,936.18,Carte,refusé
3560,3560,2022-12-23,856.3,PayPal,refusé
3561,3561,2024-01-09,1470.44,PayPal,accepté
3562,3562,2024-01-27,1138.2,Carte,refusé
3563,3563,2019-02-24,1757.57,Carte,accepté
3564,3564,2022-04-10,1762.69,Virement,refusé
3565,3565,2021-01-21,40.0,Carte,accepté
3566,3566,2019-08-30,1380.78,Virement,accepté
3567,3567,2025-10-29,1773.49,Carte,accepté
3568,3568,2019-06-29,144.42,Virement,accepté
3569,3569,2023-03-24,1426.09,PayPal,refusé
3570,3570,2025-04-23,1776.45,Carte,refusé
3571,3571,2020-11-15,1153.38,PayPal,refusé
3572,3572,2023-06-21,862.16,Virement,refusé
3573,3573,2024-12-19,104.94,Carte,refusé
3574,3574,2021-04-22,273.75,Carte,accepté
3575,3575,2025-01-02,859.91,PayPal,accepté
3576,3576,2023-11-27,432.69,Carte,refusé
3577,3577,2024-05-28,1949.75,PayPal,accepté
3578,3578,2023-12-30,1235.34,PayPal,accepté
3579,3579,2022-08-22,259.76,PayPal,refusé
3580,3580,2019-08-02,1062.19,PayPal,refusé
3581,3581,2024-08-28,1818.27,Carte,refusé
3582,3582,2020-08-03,982.99,Virement,accepté
3583,3583,2023-10-28,963.54,Virement,refusé
3584,3584,2023-02-11,460.42,Carte,accepté
3585,3585,2024-02-29,799.72,PayPal,refusé
3586,3586,2019-09-15,1202.11,Carte,accepté
3587,3587,2022-12-10,230.88,PayPal,accepté
3588,3588,2024-06-14,1326.38,Virement,accepté
3589,3589,2022-06-10,1476.7,Carte,accepté
3590,3590,2020-05-20,1486.05,PayPal,accepté
3591,3591,2024-09-23,916.5,Carte,refusé
3592,3592,2024-04-29,359.55,PayPal,refusé
3593,3593,2019-01-11,152.96,PayPal,refusé
3594,3594,2024-10-17,1679.35,Virement,accepté
3595,3595,2025-11-03,1422.07,PayPal,refusé
3596,3596,2020-06-13,40.6,Carte,refusé
3597,3597,2025-06-15,1409.4,PayPal,refusé
3598,3598,2023-07-25,639.04,PayPal,accepté
3599,3599,2025-12-27,570.73,PayPal,refusé
3600,3600,2022-09-16,1355.44,Carte,refusé
3601,3601,2021-01-15,1769.0,Virement,refusé
3602,3602,2023-10-27,146.79,PayPal,refusé
3603,3603,2019-08-31,1325.87,Virement,accepté
3604,3604,2024-12-22,1054.14,PayPal,refusé
3605,3605,2025-07-10,367.58,Virement,refusé
3606,3606,2021-10-05,1937.29,PayPal,refusé
3607,3607,2022-04-20,113.45,PayPal,refusé
3608,3608,2023-03-23,1940.02,Virement,refusé
3609,3609,2025-06-20,1503.36,Carte,accepté
3610,3610,2019-05-12,532.53,Virement,refusé
3611,3611,2019-06-14,1479.99,PayPal,accepté
3612,3612,2022-12-19,1655.98,Carte,refusé
3613,3613,2020-07-24,411.52,Virement,accepté
3614,3614,2019-04-20,615.6,PayPal,accepté
3615,3615,2021-08-17,1151.35,Virement,accepté
3616,3616,2022-12-18,46.53,PayPal,refusé
3617,3617,2023-10-30,1234.8,Carte,accepté
3618,3618,2023-12-06,1805.46,Carte,refusé
3619,3619,2025-02-08,1743.58,Carte,refusé
3620,3620,2022-12-29,1304.71,Carte,accepté
3621,3621,2024-12-17,614.98,PayPal,accepté
3622,3622,2023-04-15,1700.56,Virement,refusé
3623,3623,2020-06-16,983.3,Virement,accepté
3624,3624,2019-04-18,1128.09,PayPal,refusé
3625,3625,2023-09-20,1115.8,Carte,refusé
3626,3626,2023-06-30,1746.32,PayPal,accepté
3627,3627,2019-05-29,1858.54,Virement,refusé
3628,3628,2020-01-29,736.16,Virement,refusé
3629,3629,2023-06-14,1872.11,PayPal,refusé
3630,3630,2022-08-31,358.21,Virement,refusé
3631,3631,2022-08-31,471.9,Virement,accepté
3632,3632,2019-06-17,1677.75,Virement,refusé
3633,3633,2022-04-22,973.05,PayPal,refusé
3634,3634,2025-02-07,853.53,Carte,refusé
3635,3635,2020-09-06,1361.33,PayPal,refusé
3636,3636,2021-10-28,519.61,Virement,accepté
3637,3637,2023-01-16,327.05,Carte,accepté
3638,3638,2019-08-21,1015.35,Carte,refusé
3639,3639,2019-06-19,1875.98,Virement,refusé
3640,3640,2025-04-22,190.81,PayPal,refusé
3641,3641,2021-04-03,821.99,Virement,accepté
3642,3642,2023-03-04,977.41,PayPal,refusé
3643,3643,2024-11-08,329.23,Virement,accepté
3644,3644,2019-10-20,1201.76,PayPal,accepté
3645,3645,2021-08-07,170.71,Virement,refusé
3646,3646,2025-09-29,1230.36,PayPal,refusé
3647,3647,2025-02-10,1629.25,Carte,refusé
3648,3648,2025-12-23,137.39,Carte,accepté
3649,3649,2023-02-17,412.62,PayPal,refusé
3650,3650,2022-04-29,1608.58,PayPal,refusé
3651,3651,2024-12-15,1876.75,PayPal,accepté
3652,3652,2025-07-12,308.1,Carte,accepté
3653,3653,2020-07-25,452.26,Carte,accepté
3654,3654,2024-11-23,1130.46,PayPal,accepté
3655,3655,2022-10-02,37.36,PayPal,accepté
3656,3656,2021-03-31,1504.21,Carte,accepté
3657,3657,2025-01-21,1574.57,PayPal,accepté
3658,3658,2022-02-24,819.61,PayPal,refusé
3659,3659,2020-03-01,825.46,PayPal,accepté
3660,3660,2021-02-12,1350.58,Virement,accepté
3661,3661,2025-01-01,130.0,Carte,accepté
3662,3662,2020-09-18,1174.88,Virement,accepté
3663,3663,2020-07-17,473.37,Virement,accepté
3664,3664,2023-09-05,1668.02,PayPal,accepté
3665,3665,2022-03-12,1813.07,Virement,refusé
3666,3666,2024-02-11,573.85,PayPal,accepté
3667,3667,2023-08-30,712.07,Carte,accepté
3668,3668,2019-08-09,1514.63,Carte,refusé
3669,3669,2021-03-17,994.68,PayPal,refusé
3670,3670,2024-01-07,36.27,PayPal,refusé
3671,3671,2023-10-09,575.6,PayPal,accepté
3672,3672,2025-04-22,214.74,PayPal,refusé
3673,3673,2020-12-07,982.74,Carte,refusé
3674,3674,2019-08-04,381.5,Carte,accepté
3675,3675,2025-01-03,827.95,PayPal,accepté
3676,3676,2021-07-02,395.52,Carte,refusé
3677,3677,2025-08-05,500.89,Carte,accepté
3678,3678,2023-02-19,1363.58,Carte,accepté
3679,3679,2024-04-28,878.63,Carte,accepté
3680,3680,2019-12-08,142.07,Virement,refusé
3681,3681,2019-02-23,1773.07,Virement,accepté
3682,3682,2025-04-17,228.18,Virement,refusé
3683,3683,2021-09-28,454.94,Carte,refusé
3684,3684,2020-11-10,1366.1,PayPal,refusé
3685,3685,2024-03-21,1006.52,Carte,refusé
3686,3686,2023-04-25,1022.48,PayPal,accepté
3687,3687,2021-03-31,1151.8,PayPal,accepté
3688,3688,2024-06-11,501.21,PayPal,accepté
3689,3689,2020-11-25,904.24,PayPal,refusé
3690,3690,2020-07-27,1919.96,Virement,refusé
3691,3691,2022-04-03,1321.41,PayPal,accepté
3692,3692,2021-12-07,982.62,Carte,refusé
3693,3693,2023-03-29,1620.45,PayPal,accepté
3694,3694,2021-08-13,1231.98,PayPal,accepté
3695,3695,2023-08-11,831.99,Virement,accepté
3696,3696,2019-05-07,424.98,PayPal,refusé
3697,3697,2025-02-22,1363.92,Virement,refusé
3698,3698,2022-11-08,554.02,Carte,refusé
3699,3699,2024-08-24,600.57,PayPal,refusé
3700,3700,2020-02-08,83.16,Carte,refusé
3701,3701,2019-08-12,506.04,Carte,refusé
3702,3702,2022-10-10,871.9,PayPal,refusé
3703,3703,2023-04-23,873.91,Virement,refusé
3704,3704,2019-08-07,1456.37,PayPal,accepté
3705,3705,2025-03-16,1325.74,Virement,accepté
3706,3706,2021-12-13,1400.17,PayPal,accepté
3707,3707,2019-09-05,1908.44,Virement,accepté
3708,3708,2020-11-24,317.1,Virement,refusé
3709,3709,2023-12-20,933.48,PayPal,refusé
3710,3710,2024-10-07,1680.24,Virement,accepté
3711,3711,2019-04-05,375.5,Virement,accepté
3712,3712,2025-06-14,260.43,Carte,refusé
3713,3713,2022-10-23,1162.65,PayPal,refusé
3714,3714,2024-11-10,915.04,Carte,refusé
3715,3715,2022-09-03,265.8,PayPal,refusé
3716,3716,2022-07-01,1940.93,PayPal,refusé
3717,3717,2019-11-21,1424.77,PayPal,refusé
3718,3718,2019-07-04,1381.59,Virement,accepté
3719,3719,2022-09-30,505.47,Carte,refusé
3720,3720,2022-05-24,1502.14,Carte,refusé
3721,3721,2021-08-31,1937.56,Carte,accepté
3722,3722,2020-11-22,1861.33,PayPal,refusé
3723,3723,2020-03-08,853.07,PayPal,refusé
3724,3724,2023-10-04,1757.49,Carte,accepté
3725,3725,2024-12-27,438.89,Carte,refusé
3726,3726,2023-05-31,832.47,Virement,refusé
3727,3727,2024-11-19,843.18,Carte,accepté
3728,3728,2025-05-13,441.9,Virement,refusé
3729,3729,2023-12-26,218.96,PayPal,accepté
3730,3730,2019-11-21,331.46,PayPal,accepté
3731,3731,2022-10-29,378.26,PayPal,refusé
3732,3732,2025-06-14,595.06,PayPal,refusé
3733,3733,2025-11-10,1135.99,PayPal,refusé
3734,3734,2023-11-04,44.38,Carte,refusé
3735,3735,2019-07-03,393.0,PayPal,accepté
3736,3736,2021-06-25,445.74,Virement,refusé
3737,3737,2025-05-28,164.19,Carte,accepté
3738,3738,2024-06-22,1378.11,Carte,accepté
3739,3739,2021-03-21,979.8,PayPal,accepté
3740,3740,2019-08-26,1996.01,PayPal,refusé
3741,3741,2025-07-18,885.35,Virement,accepté
3742,3742,2023-06-13,977.51,Carte,accepté
3743,3743,2021-03-15,138.9,Carte,accepté
3744,3744,2023-11-10,810.05,Virement,accepté
3745,3745,2025-01-12,1440.73,Carte,accepté
3746,3746,2023-04-03,213.69,Carte,refusé
3747,3747,2021-12-22,1651.54,Virement,accepté
3748,3748,2021-07-03,1182.41,PayPal,refusé
3749,3749,2024-11-02,268.95,PayPal,accepté
3750,3750,2022-07-07,1271.96,Carte,accepté
3751,3751,2020-02-07,178.72,PayPal,refusé
3752,3752,2019-02-04,834.86,PayPal,accepté
3753,3753,2023-08-11,1652.27,Carte,refusé
3754,3754,2023-04-05,1278.9,Virement,accepté
3755,3755,2022-11-21,1817.3,Virement,accepté
3756,3756,2020-10-07,1673.67,Carte,refusé
3757,3757,2022-08-06,930.53,PayPal,accepté
3758,3758,2025-09-17,1591.91,Virement,refusé
3759,3759,2024-10-11,1101.69,PayPal,accepté
3760,3760,2020-01-22,1637.4,Virement,accepté
3761,3761,2024-04-30,853.59,Carte,accepté
3762,3762,2024-08-29,756.47,Virement,accepté
3763,3763,2020-01-06,482.73,Virement,refusé
3764,3764,2019-10-21,735.64,Virement,refusé
3765,3765,2025-06-17,1477.58,Virement,accepté
3766,3766,2023-03-20,1773.76,Virement,accepté
3767,3767,2024-05-05,778.74,Carte,accepté
3768,3768,2024-02-20,279.94,PayPal,accepté
3769,3769,2019-09-30,450.13,PayPal,accepté
3770,3770,2020-02-04,282.44,Carte,accepté
3771,3771,2019-05-04,103.11,Carte,refusé
3772,3772,2024-08-19,698.9,Carte,accepté
3773,3773,2023-11-28,1027.54,PayPal,refusé
3774,3774,2023-10-09,1956.32,PayPal,refusé
3775,3775,2023-06-18,277.61,Carte,accepté
3776,3776,2020-09-14,1341.43,Virement,accepté
3777,3777,2019-03-07,314.28,PayPal,accepté
3778,3778,2024-03-01,100.63,Virement,refusé
3779,3779,2023-01-22,1706.96,Carte,refusé
3780,3780,2022-09-03,470.38,PayPal,accepté
3781,3781,2023-05-15,164.62,PayPal,refusé
3782,3782,2019-03-25,1449.95,Carte,accepté
3783,3783,2025-05-04,454.43,Carte,accepté
3784,3784,2022-04-15,557.4,Virement,accepté
3785,3785,2019-06-29,1717.67,Virement,refusé
3786,3786,2024-04-27,841.76,Carte,accepté
3787,3787,2024-12-14,1725.54,PayPal,refusé
3788,3788,2025-12-15,626.96,Carte,refusé
3789,3789,2020-08-24,179.67,Carte,refusé
3790,3790,2024-02-01,1677.23,Carte,refusé
3791,3791,2020-07-28,22.44,Virement,accepté
3792,3792,2021-07-23,1542.73,Carte,refusé
3793,3793,2022-08-28,699.94,Virement,refusé
3794,3794,2020-10-12,689.75,Virement,refusé
3795,3795,2022-08-26,852.86,Carte,accepté
3796,3796,2019-04-06,610.54,Carte,refusé
3797,3797,2019-08-08,56.6,PayPal,refusé
3798,3798,2022-04-14,1033.46,Carte,accepté
3799,3799,2020-03-03,1717.12,Carte,accepté
3800,3800,2023-05-29,59.17,Virement,refusé
3801,3801,2025-07-11,1816.43,Carte,refusé
3802,3802,2021-12-21,1410.85,PayPal,refusé
3803,3803,2020-10-27,704.01,Carte,accepté
3804,3804,2023-05-15,676.85,Virement,accepté
3805,3805,2019-08-12,824.51,Virement,refusé
3806,3806,2024-07-20,1384.48,Virement,accepté
3807,3807,2024-04-16,1916.91,Virement,refusé
3808,3808,2021-12-25,1897.17,Virement,refusé
3809,3809,2025-07-17,1205.71,Virement,accepté
3810,3810,2022-09-27,1646.82,Virement,refusé
3811,3811,2022-11-25,1816.6,Carte,accepté
3812,3812,2024-05-20,1015.41,Carte,refusé
3813,3813,2022-07-30,1370.23,PayPal,accepté
3814,3814,2025-11-01,530.73,Carte,accepté
3815,3815,2025-04-08,1584.28,Carte,refusé
3816,3816,2021-10-02,108.2,PayPal,accepté
3817,3817,2020-12-21,1214.01,Virement,refusé
3818,3818,2021-08-06,1175.25,Carte,accepté
3819,3819,2021-04-20,1286.01,Carte,refusé
3820,3820,2020-06-27,745.6,Virement,refusé
3821,3821,2024-11-13,1047.6,PayPal,accepté
3822,3822,2019-06-15,1319.06,PayPal,accepté
3823,3823,2021-10-10,1455.44,Carte,refusé
3824,3824,2024-05-27,457.63,Virement,refusé
3825,3825,2023-03-08,195.95,Virement,accepté
3826,3826,2025-03-27,1801.26,Carte,refusé
3827,3827,2021-06-04,1148.97,PayPal,refusé
3828,3828,2025-12-04,782.15,PayPal,accepté
3829,3829,2023-11-25,289.87,PayPal,refusé
3830,3830,2024-07-03,389.52,Carte,accepté
3831,3831,2022-06-10,457.06,Virement,refusé
3832,3832,2025-04-24,1145.79,Carte,refusé
3833,3833,2022-05-04,211.65,Carte,accepté
3834,3834,2024-03-30,233.19,Virement,accepté
3835,3835,2021-02-05,1816.85,Virement,accepté
3836,3836,2023-05-23,1304.34,Carte,refusé
3837,3837,2021-11-14,930.42,Carte,refusé
3838,3838,2021-10-06,843.53,PayPal,refusé
3839,3839,2025-01-11,159.6,PayPal,refusé
3840,3840,2023-07-21,1549.98,PayPal,accepté
3841,3841,2020-01-16,1789.63,Carte,accepté
3842,3842,2025-07-10,25.98,PayPal,refusé
3843,3843,2024-09-20,945.61,PayPal,refusé
3844,3844,2020-04-26,1343.4,Virement,accepté
3845,3845,2021-03-25,1871.95,Virement,accepté
3846,3846,2025-08-01,689.04,PayPal,refusé
3847,3847,2022-08-15,565.05,Carte,accepté
3848,3848,2025-05-30,1812.7,Carte,refusé
3849,3849,2022-07-01,642.85,Virement,refusé
3850,3850,2020-09-11,1204.97,Carte,accepté
3851,3851,2023-07-06,1957.43,Carte,accepté
3852,3852,2022-08-23,1810.47,PayPal,refusé
3853,3853,2020-03-05,556.61,PayPal,accepté
3854,3854,2021-04-04,1972.47,Carte,accepté
3855,3855,2023-03-19,267.81,Virement,accepté
3856,3856,2022-06-06,283.0,PayPal,refusé
3857,3857,2021-07-26,1463.19,Carte,refusé
3858,3858,2019-01-29,915.76,Virement,accepté
3859,3859,2022-01-28,1360.83,Virement,refusé
3860,3860,2020-09-28,1581.54,Carte,refusé
3861,3861,2025-06-20,1060.33,Carte,refusé
3862,3862,2021-04-14,38.53,Carte,refusé
3863,3863,2025-10-14,1414.3,PayPal,refusé
3864,3864,2019-08-08,581.07,PayPal,refusé
3865,3865,2024-11-02,1778.75,Virement,refusé
3866,3866,2024-07-13,1582.74,Virement,refusé
3867,3867,2025-09-20,1558.67,Carte,accepté
3868,3868,2019-10-26,1447.15,Carte,refusé
3869,3869,2025-05-31,697.89,Carte,accepté
3870,3870,2022-05-17,1233.34,Carte,accepté
3871,3871,2023-12-10,754.42,Virement,refusé
3872,3872,2021-04-08,1782.3,PayPal,refusé
3873,3873,2021-08-22,1180.27,PayPal,accepté
3874,3874,2023-03-07,1952.33,Virement,accepté
3875,3875,2021-08-06,1587.52,Carte,accepté
3876,3876,2020-10-06,1304.32,PayPal,accepté
3877,3877,2019-06-01,122.84,PayPal,refusé
3878,3878,2021-02-21,1924.0,Carte,accepté
3879,3879,2024-12-02,1883.73,Carte,refusé
3880,3880,2025-06-03,1227.8,Carte,accepté
3881,3881,2025-04-18,700.07,Carte,accepté
3882,3882,2024-01-30,525.84,Carte,refusé
3883,3883,2020-05-18,521.52,Carte,accepté
3884,3884,2024-06-21,704.24,Carte,refusé
3885,3885,2022-08-21,1925.47,Virement,accepté
3886,3886,2023-01-16,1358.77,PayPal,refusé
3887,3887,2023-01-25,298.44,PayPal,refusé
3888,3888,2019-11-01,681.07,PayPal,refusé
3889,3889,2024-07-07,21.94,Carte,refusé
3890,3890,2019-03-03,1918.74,Virement,refusé
3891,3891,2021-07-11,782.61,Virement,refusé
3892,3892,2023-07-02,810.27,Carte,accepté
3893,3893,2019-02-27,1078.1,Virement,refusé
3894,3894,2024-02-04,402.59,Carte,refusé
3895,3895,2023-09-22,1373.12,PayPal,accepté
3896,3896,2020-01-25,591.82,PayPal,accepté
3897,3897,2022-04-05,181.52,Virement,refusé
3898,3898,2023-02-20,1095.85,PayPal,refusé
3899,3899,2020-11-26,1899.41,Carte,refusé
3900,3900,2019-07-08,1825.2,PayPal,refusé
3901,3901,2020-10-05,1818.27,Carte,accepté
3902,3902,2024-08-15,1185.4,Carte,refusé
3903,3903,2023-10-21,1346.28,Virement,refusé
3904,3904,2020-07-31,395.05,Carte,refusé
3905,3905,2020-12-06,1830.94,PayPal,accepté
3906,3906,2025-05-29,822.07,Carte,refusé
3907,3907,2022-10-05,1890.04,PayPal,accepté
3908,3908,2020-09-21,338.95,PayPal,accepté
3909,3909,2024-08-12,207.0,Carte,accepté
3910,3910,2019-11-30,1905.61,Virement,accepté
3911,3911,2025-09-17,917.05,PayPal,refusé
3912,3912,2024-11-10,1938.06,Carte,accepté
3913,3913,2020-11-30,1223.33,Virement,accepté
3914,3914,2021-03-02,953.28,Carte,refusé
3915,3915,2020-01-05,1915.23,PayPal,accepté
3916,3916,2023-02-16,884.94,Carte,refusé
3917,3917,2020-08-03,717.42,PayPal,refusé
3918,3918,2022-10-07,1198.66,PayPal,refusé
3919,3919,2023-11-24,1705.11,PayPal,refusé
3920,3920,2025-10-23,1691.25,Carte,accepté
3921,3921,2024-07-26,1752.3,Virement,accepté
3922,3922,2023-06-09,709.74,Virement,accepté
3923,3923,2021-06-16,1023.57,PayPal,accepté
3924,3924,2023-03-11,104.52,Virement,accepté
3925,3925,2020-02-17,1780.31,PayPal,refusé
3926,3926,2019-10-25,119.86,Carte,accepté
3927,3927,2021-02-10,1035.15,PayPal,refusé
3928,3928,2024-08-17,50.71,PayPal,refusé
3929,3929,2021-09-25,55.53,PayPal,accepté
3930,3930,2021-09-02,691.15,Virement,refusé
3931,3931,2021-06-12,640.35,Carte,accepté
3932,3932,2021-01-03,785.43,PayPal,accepté
3933,3933,2022-06-30,612.88,Virement,accepté
3934,3934,2019-05-11,1411.33,PayPal,refusé
3935,3935,2025-10-25,740.54,Carte,refusé
3936,3936,2023-02-11,946.81,PayPal,accepté
3937,3937,2021-03-27,130.84,Virement,accepté
3938,3938,2021-12-20,1569.05,Virement,refusé
3939,3939,2022-07-16,1418.23,Virement,accepté
3940,3940,2025-12-05,230.76,PayPal,refusé
3941,3941,2019-11-18,866.22,PayPal,refusé
3942,3942,2025-05-21,1900.81,Virement,refusé
3943,3943,2020-06-16,1370.86,Virement,accepté
3944,3944,2022-05-05,1965.94,Virement,accepté
3945,3945,2020-06-21,1891.75,Carte,refusé
3946,3946,2021-03-17,1463.92,Virement,accepté
3947,3947,2024-06-16,1745.96,PayPal,accepté
3948,3948,2019-11-21,1282.42,PayPal,accepté
3949,3949,2020-02-14,1136.36,PayPal,accepté
3950,3950,2022-04-25,292.12,Virement,accepté
3951,3951,2023-09-09,634.88,PayPal,accepté
3952,3952,2025-12-31,1601.95,PayPal,refusé
3953,3953,2021-06-03,929.64,Carte,refusé
3954,3954,2019-03-04,1812.17,Carte,accepté
3955,3955,2019-08-17,696.76,Virement,accepté
3956,3956,2024-03-02,970.83,Virement,accepté
3957,3957,2019-05-11,616.73,Carte,refusé
3958,3958,2025-10-20,949.83,Virement,refusé
3959,3959,2025-06-25,375.03,Virement,refusé
3960,3960,2019-05-12,857.55,Virement,accepté
3961,3961,2025-08-01,631.85,Virement,refusé
3962,3962,2019-02-17,261.32,PayPal,refusé
3963,3963,2020-05-04,774.94,Carte,accepté
3964,3964,2025-01-27,409.57,PayPal,refusé
3965,3965,2024-01-09,585.76,Virement,accepté
3966,3966,2021-09-22,81.95,Carte,accepté
3967,3967,2024-02-17,271.25,PayPal,refusé
3968,3968,2020-02-29,98.77,Virement,refusé
3969,3969,2019-12-11,1726.3,Carte,accepté
3970,3970,2023-07-11,496.11,Carte,refusé
3971,3971,2020-02-17,278.59,PayPal,accepté
3972,3972,2024-02-15,1049.47,Virement,refusé
3973,3973,2019-11-22,40.47,PayPal,accepté
3974,3974,2021-10-28,194.53,Carte,refusé
3975,3975,2019-05-11,1473.68,Virement,refusé
3976,3976,2020-02-27,421.03,Carte,accepté
3977,3977,2019-10-27,1848.09,PayPal,refusé
3978,3978,2024-01-31,1265.45,PayPal,refusé
3979,3979,2020-03-07,212.01,PayPal,refusé
3980,3980,2019-12-22,651.26,Carte,refusé
3981,3981,2022-10-24,566.49,Carte,refusé
3982,3982,2020-08-08,395.82,Carte,accepté
3983,3983,2020-08-05,1307.47,Virement,refusé
3984,3984,2024-03-27,1514.73,Virement,accepté
3985,3985,2019-04-17,1296.42,Carte,refusé
3986,3986,2019-08-09,337.34,Carte,refusé
3987,3987,2019-11-27,1065.26,Virement,accepté
3988,3988,2024-06-07,1786.12,PayPal,refusé
3989,3989,2025-04-30,103.7,Virement,refusé
3990,3990,2024-08-16,413.74,PayPal,refusé
3991,3991,2024-08-02,643.71,Carte,refusé
3992,3992,2024-02-12,769.15,PayPal,accepté
3993,3993,2025-05-08,1549.9,Carte,refusé
3994,3994,2019-03-15,308.7,Virement,accepté
3995,3995,2021-04-22,1406.32,Virement,accepté
3996,3996,2022-10-15,613.76,Carte,accepté
3997,3997,2019-12-25,1683.17,PayPal,refusé
3998,3998,2025-10-20,836.71,Virement,refusé
3999,3999,2021-12-22,922.04,Carte,accepté
4000,4000,2023-06-15,649.05,Virement,accepté
4001,4001,2023-08-05,707.1,Carte,refusé
4002,4002,2025-04-23,518.36,PayPal,accepté
4003,4003,2022-09-09,736.47,Carte,accepté
4004,4004,2021-02-15,199.21,Virement,accepté
4005,4005,2021-03-02,111.02,Carte,refusé
4006,4006,2020-09-03,1456.78,Virement,refusé
4007,4007,2025-12-21,1979.58,Virement,accepté
4008,4008,2023-06-26,1930.57,Virement,accepté
4009,4009,2021-08-19,997.88,Virement,accepté
4010,4010,2020-04-22,563.24,PayPal,refusé
4011,4011,2021-04-09,1038.0,PayPal,refusé
4012,4012,2019-08-26,1302.03,PayPal,accepté
4013,4013,2025-02-24,1163.46,Carte,refusé
4014,4014,2019-09-22,209.88,PayPal,refusé
4015,4015,2021-04-24,1658.1,Carte,refusé
4016,4016,2025-04-14,192.68,Virement,refusé
4017,4017,2024-04-20,129.47,PayPal,refusé
4018,4018,2023-06-28,933.93,PayPal,refusé
4019,4019,2023-06-26,1601.19,PayPal,refusé
4020,4020,2019-12-29,1777.34,Virement,refusé
4021,4021,2019-09-23,503.55,PayPal,refusé
4022,4022,2024-01-16,917.09,Carte,accepté
4023,4023,2020-01-17,517.87,Virement,refusé
4024,4024,2021-02-08,1567.48,PayPal,accepté
4025,4025,2019-10-27,1030.09,PayPal,refusé
4026,4026,2025-10-20,1316.69,Virement,refusé
4027,4027,2019-07-11,559.47,Virement,refusé
4028,4028,2025-12-06,1730.81,Carte,refusé
4029,4029,2020-03-21,1108.73,Virement,refusé
4030,4030,2021-10-11,935.27,Carte,refusé
4031,4031,2019-07-25,1693.15,Carte,refusé
4032,4032,2024-03-13,505.39,PayPal,accepté
4033,4033,2024-07-05,892.26,Carte,refusé
4034,4034,2020-07-14,1252.34,Carte,refusé
4035,4035,2022-01-18,615.23,Carte,refusé
4036,4036,2025-06-27,1205.21,Carte,refusé
4037,4037,2025-06-07,1935.94,Virement,accepté
4038,4038,2024-06-09,902.91,PayPal,refusé
4039,4039,2020-12-05,1148.46,Virement,accepté
4040,4040,2019-01-15,389.28,PayPal,refusé
4041,4041,2023-04-18,1398.37,PayPal,refusé
4042,4042,2022-01-16,1099.96,PayPal,accepté
4043,4043,2024-10-01,138.08,PayPal,refusé
4044,4044,2019-02-13,717.53,Carte,accepté
4045,4045,2021-04-08,1075.43,Virement,accepté
4046,4046,2024-06-21,1320.99,Carte,accepté
4047,4047,2025-10-16,1399.62,Virement,accepté
4048,4048,2023-05-26,1001.38,PayPal,refusé
4049,4049,2020-03-08,507.78,PayPal,accepté
4050,4050,2019-12-31,1669.0,Carte,refusé
4051,4051,2022-02-12,157.67,Carte,accepté
4052,4052,2019-04-29,1337.37,Virement,accepté
4053,4053,2025-12-14,1413.44,Virement,refusé
4054,4054,2025-12-20,1101.35,PayPal,accepté
4055,4055,2022-02-28,822.14,PayPal,accepté
4056,4056,2020-05-15,683.0,PayPal,accepté
4057,4057,2021-02-13,1920.31,PayPal,refusé
4058,4058,2019-01-26,662.68,PayPal,refusé
4059,4059,2025-12-15,111.55,Carte,accepté
4060,4060,2025-12-15,1506.79,Virement,refusé
4061,4061,2020-03-18,878.12,Virement,refusé
4062,4062,2020-05-19,448.42,PayPal,accepté
4063,4063,2021-05-08,141.14,Virement,accepté
4064,4064,2021-12-11,497.28,Virement,accepté
4065,4065,2023-05-15,815.56,Carte,accepté
4066,4066,2022-03-18,1640.32,Carte,refusé
4067,4067,2019-05-21,1490.31,Carte,refusé
4068,4068,2022-05-21,1149.99,Carte,refusé
4069,4069,2019-07-18,1617.78,Virement,accepté
4070,4070,2023-06-15,747.12,Virement,refusé
4071,4071,2021-09-12,42.84,PayPal,accepté
4072,4072,2022-05-20,1525.31,Carte,refusé
4073,4073,2021-09-26,1607.33,Carte,accepté
4074,4074,2024-03-24,567.2,PayPal,accepté
4075,4075,2024-12-30,769.3,PayPal,accepté
4076,4076,2024-05-24,994.5,PayPal,accepté
4077,4077,2024-11-10,1175.57,Virement,accepté
4078,4078,2023-02-14,1784.2,Carte,refusé
4079,4079,2025-05-02,521.76,PayPal,accepté
4080,4080,2025-10-31,378.18,PayPal,refusé
4081,4081,2024-09-11,1023.82,Carte,accepté
4082,4082,2020-12-26,223.23,Virement,accepté
4083,4083,2019-04-10,1285.06,PayPal,refusé
4084,4084,2022-10-01,1589.11,Virement,refusé
4085,4085,2024-11-18,1403.33,PayPal,accepté
4086,4086,2019-10-14,1784.09,PayPal,accepté
4087,4087,2021-07-30,1903.83,Virement,accepté
4088,4088,2020-06-08,832.7,Carte,refusé
4089,4089,2022-04-21,1589.85,Virement,accepté
4090,4090,2021-04-14,1588.53,Virement,refusé
4091,4091,2023-04-27,892.03,Carte,accepté
4092,4092,2023-08-05,236.31,Virement,refusé
4093,4093,2021-12-10,1488.74,Virement,refusé
4094,4094,2025-12-20,1127.9,Virement,accepté
4095,4095,2024-06-22,241.71,PayPal,accepté
4096,4096,2019-12-27,277.06,PayPal,refusé
4097,4097,2022-08-08,362.81,Carte,accepté
4098,4098,2025-06-28,275.86,Virement,accepté
4099,4099,2024-01-15,597.47,Carte,accepté
4100,4100,2022-09-26,142.03,PayPal,refusé
4101,4101,2024-02-03,67.86,Carte,accepté
4102,4102,2025-09-28,847.95,Carte,refusé
4103,4103,2024-01-23,1117.21,PayPal,refusé
4104,4104,2019-03-13,178.25,PayPal,refusé
4105,4105,2021-10-29,164.8,PayPal,accepté
4106,4106,2024-06-08,1260.58,Carte,refusé
4107,4107,2020-06-01,1699.3,Carte,refusé
4108,4108,2019-01-16,207.13,Virement,accepté
4109,4109,2022-01-16,1829.48,Carte,refusé
4110,4110,2020-05-20,1231.8,Virement,accepté
4111,4111,2021-03-14,1842.34,Carte,accepté
4112,4112,2021-06-08,1993.14,Virement,refusé
4113,4113,2019-02-03,1560.57,Virement,refusé
4114,4114,2020-11-13,1333.28,Carte,refusé
4115,4115,2022-09-29,759.89,PayPal,refusé
4116,4116,2024-09-26,1020.5,Carte,accepté
4117,4117,2025-07-27,1338.75,Virement,accepté
4118,4118,2020-03-04,1525.09,PayPal,accepté
4119,4119,2024-01-06,1053.11,Carte,accepté
4120,4120,2021-12-06,78.59,Virement,accepté
4121,4121,2024-03-08,1152.07,Virement,accepté
4122,4122,2024-09-01,1748.44,PayPal,refusé
4123,4123,2020-12-22,1759.71,Carte,accepté
4124,4124,2022-06-13,1280.32,PayPal,refusé
4125,4125,2025-05-19,566.82,PayPal,refusé
4126,4126,2022-08-26,1680.84,PayPal,refusé
4127,4127,2022-01-01,1925.47,Virement,refusé
4128,4128,2024-08-10,1368.4,PayPal,accepté
4129,4129,2024-05-25,245.47,Carte,accepté
4130,4130,2022-03-25,1030.22,Virement,accepté
4131,4131,2019-11-04,572.92,Carte,accepté
4132,4132,2021-10-06,30.25,Virement,accepté
4133,4133,2021-05-28,832.54,Carte,refusé
4134,4134,2025-09-04,1231.71,Carte,refusé
4135,4135,2021-03-09,911.39,PayPal,accepté
4136,4136,2023-06-24,29.63,Carte,refusé
4137,4137,2019-02-04,1292.84,Virement,refusé
4138,4138,2024-01-23,632.75,PayPal,accepté
4139,4139,2025-03-10,490.62,PayPal,accepté
4140,4140,2021-04-14,1603.54,Carte,accepté
4141,4141,2022-05-17,1193.71,Carte,refusé
4142,4142,2022-07-17,1472.15,Carte,refusé
4143,4143,2021-10-04,362.72,Virement,refusé
4144,4144,2020-08-28,1007.81,Carte,refusé
4145,4145,2023-06-20,1951.75,Carte,refusé
4146,4146,2021-09-13,462.56,Carte,accepté
4147,4147,2025-12-28,99.1,Carte,refusé
4148,4148,2022-09-05,1745.32,Virement,refusé
4149,4149,2020-11-15,361.49,Virement,accepté
4150,4150,2023-05-04,121.84,PayPal,refusé
4151,4151,2023-08-29,140.98,Virement,refusé
4152,4152,2021-11-18,584.48,Virement,accepté
4153,4153,2023-04-30,1019.19,Carte,refusé
4154,4154,2025-12-08,545.97,Virement,refusé
4155,4155,2021-02-27,1404.17,Virement,refusé
4156,4156,2023-04-14,639.2,Carte,accepté
4157,4157,2025-12-05,821.52,Carte,refusé
4158,4158,2024-10-26,745.7,Virement,accepté
4159,4159,2019-12-12,971.61,Carte,refusé
4160,4160,2024-09-19,915.94,Carte,refusé
4161,4161,2019-01-12,709.62,Virement,accepté
4162,4162,2022-05-26,1661.59,Virement,refusé
4163,4163,2022-09-07,1582.07,PayPal,refusé
4164,4164,2023-10-09,744.56,Carte,refusé
4165,4165,2023-06-04,297.79,PayPal,refusé
4166,4166,2022-12-20,963.2,PayPal,refusé
4167,4167,2023-01-20,1680.32,Carte,accepté
4168,4168,2023-12-31,197.37,Virement,accepté
4169,4169,2020-05-23,1506.8,PayPal,accepté
4170,4170,2022-09-26,855.01,Carte,accepté
4171,4171,2025-10-15,840.3,PayPal,accepté
4172,4172,2021-11-11,1900.39,PayPal,refusé
4173,4173,2022-07-07,444.21,Virement,accepté
4174,4174,2020-01-17,416.43,Virement,accepté
4175,4175,2023-11-10,1394.37,Carte,accepté
4176,4176,2022-06-21,1874.81,Carte,refusé
4177,4177,2019-01-09,431.13,Carte,refusé
4178,4178,2020-01-17,1079.4,Carte,refusé
4179,4179,2023-11-27,711.3,PayPal,accepté
4180,4180,2022-01-17,398.83,Virement,refusé
4181,4181,2025-11-10,659.73,PayPal,accepté
4182,4182,2020-07-28,1731.17,PayPal,accepté
4183,4183,2019-03-22,939.24,PayPal,accepté
4184,4184,2019-03-07,1092.51,Virement,accepté
4185,4185,2021-06-04,1373.14,Virement,refusé
4186,4186,2021-02-16,1283.58,PayPal,accepté
4187,4187,2021-03-14,1080.38,PayPal,accepté
4188,4188,2022-11-16,729.43,Carte,refusé
4189,4189,2025-08-02,714.44,PayPal,accepté
4190,4190,2022-11-22,785.32,PayPal,accepté
4191,4191,2020-05-05,744.39,PayPal,refusé
4192,4192,2019-01-16,1967.79,Carte,accepté
4193,4193,2022-10-25,654.77,PayPal,accepté
4194,4194,2025-04-18,543.96,PayPal,accepté
4195,4195,2022-02-11,1178.68,Carte,refusé
4196,4196,2020-03-31,1481.58,PayPal,accepté
4197,4197,2023-01-19,755.15,Carte,accepté
4198,4198,2019-09-19,1166.75,Carte,accepté
4199,4199,2024-09-26,1831.9,PayPal,refusé
4200,4200,2020-12-28,701.87,Virement,refusé
4201,4201,2022-11-23,1743.09,Virement,refusé
4202,4202,2024-05-02,767.39,PayPal,accepté
4203,4203,2023-02-13,1550.06,Carte,refusé
4204,4204,2019-10-24,874.26,PayPal,refusé
4205,4205,2021-04-16,941.7,PayPal,accepté
4206,4206,2023-11-05,1446.12,Virement,accepté
4207,4207,2022-01-02,143.01,Carte,refusé
4208,4208,2024-12-22,1765.71,PayPal,accepté
4209,4209,2022-09-14,1200.96,Carte,accepté
4210,4210,2020-10-25,825.87,Carte,refusé
4211,4211,2024-07-11,833.87,Virement,refusé
4212,4212,2021-07-19,450.44,Virement,accepté
4213,4213,2024-04-18,1799.24,Carte,accepté
4214,4214,2024-05-23,241.51,Carte,accepté
4215,4215,2022-09-09,1031.09,Carte,refusé
4216,4216,2019-02-12,1557.06,Carte,accepté
4217,4217,2024-11-03,1928.29,Virement,refusé
4218,4218,2025-05-11,656.98,Carte,accepté
4219,4219,2019-11-13,511.83,PayPal,refusé
4220,4220,2021-02-10,816.32,PayPal,accepté
4221,4221,2021-04-23,951.54,PayPal,accepté
4222,4222,2020-06-21,1060.4,Virement,accepté
4223,4223,2023-07-23,227.4,PayPal,refusé
4224,4224,2023-07-21,1039.94,PayPal,accepté
4225,4225,2022-09-08,1458.74,Virement,accepté
4226,4226,2022-12-30,910.28,Virement,accepté
4227,4227,2025-11-12,562.06,PayPal,accepté
4228,4228,2025-10-25,1355.29,Virement,refusé
4229,4229,2021-08-06,1714.43,Virement,refusé
4230,4230,2021-09-09,1513.69,Carte,refusé
4231,4231,2025-06-19,1858.06,Carte,refusé
4232,4232,2020-11-10,1935.76,Virement,refusé
4233,4233,2025-10-21,1676.7,Virement,refusé
4234,4234,2024-11-09,157.12,PayPal,accepté
4235,4235,2025-05-09,1973.26,Carte,accepté
4236,4236,2020-07-18,344.26,PayPal,refusé
4237,4237,2021-05-27,582.3,Carte,accepté
4238,4238,2019-07-22,718.86,PayPal,refusé
4239,4239,2023-04-13,1577.52,Virement,accepté
4240,4240,2025-04-16,1748.57,Virement,refusé
4241,4241,2022-10-16,1859.6,Carte,accepté
4242,4242,2020-09-22,1768.04,Carte,accepté
4243,4243,2022-11-17,1300.17,Carte,refusé
4244,4244,2019-02-20,1018.36,PayPal,refusé
4245,4245,2025-05-24,525.34,Carte,accepté
4246,4246,2019-03-17,183.85,PayPal,accepté
4247,4247,2024-12-09,950.93,PayPal,refusé
4248,4248,2024-10-17,1790.15,Virement,accepté
4249,4249,2020-10-18,324.42,PayPal,refusé
4250,4250,2025-07-02,929.01,Virement,accepté
4251,4251,2019-02-05,50.58,Carte,accepté
4252,4252,2020-10-28,738.28,Virement,accepté
4253,4253,2021-10-29,1289.79,Carte,refusé
4254,4254,2023-12-16,351.48,Carte,accepté
4255,4255,2022-04-21,348.62,Carte,accepté
4256,4256,2024-11-23,514.73,Virement,accepté
4257,4257,2023-09-17,964.79,PayPal,refusé
4258,4258,2020-08-29,1401.05,Carte,refusé
4259,4259,2023-10-23,832.2,Virement,accepté
4260,4260,2024-04-05,1658.79,Carte,accepté
4261,4261,2023-01-05,1376.29,Virement,refusé
4262,4262,2019-11-16,290.0,Carte,refusé
4263,4263,2019-09-13,35.26,Virement,accepté
4264,4264,2019-09-07,835.45,PayPal,refusé
4265,4265,2019-10-02,186.07,Carte,refusé
4266,4266,2020-04-16,692.31,Virement,accepté
4267,4267,2019-05-15,103.77,Virement,accepté
4268,4268,2021-10-21,1562.22,PayPal,refusé
4269,4269,2022-10-07,397.43,Virement,refusé
4270,4270,2024-07-20,1674.72,PayPal,accepté
4271,4271,2021-12-16,1929.25,Virement,refusé
4272,4272,2022-09-17,610.99,PayPal,accepté
4273,4273,2019-07-29,1443.42,Virement,refusé
4274,4274,2025-04-29,166.66,Virement,accepté
4275,4275,2019-10-02,1179.27,Virement,accepté
4276,4276,2022-08-02,1325.53,Carte,refusé
4277,4277,2022-05-30,1373.17,Carte,refusé
4278,4278,2024-03-10,1920.4,PayPal,refusé
4279,4279,2019-05-18,1325.31,PayPal,refusé
4280,4280,2025-09-08,217.45,Carte,refusé
4281,4281,2019-03-23,1341.13,Virement,accepté
4282,4282,2021-01-20,25.18,PayPal,accepté
4283,4283,2021-04-25,1229.66,Virement,refusé
4284,4284,2023-07-08,56.52,Virement,refusé
4285,4285,2019-12-08,520.91,PayPal,refusé
4286,4286,2025-07-25,924.12,Carte,accepté
4287,4287,2019-02-11,1082.19,Carte,accepté
4288,4288,2023-03-02,1081.05,Virement,refusé
4289,4289,2020-01-03,1052.26,Carte,accepté
4290,4290,2025-01-29,331.46,Virement,accepté
4291,4291,2023-07-31,1991.27,Virement,accepté
4292,4292,2024-04-11,980.17,Virement,accepté
4293,4293,2025-08-07,858.06,Carte,refusé
4294,4294,2025-03-07,1109.6,PayPal,accepté
4295,4295,2025-10-15,1115.72,PayPal,accepté
4296,4296,2023-05-31,958.1,Carte,refusé
4297,4297,2022-03-09,436.19,PayPal,accepté
4298,4298,2019-12-11,515.77,Virement,refusé
4299,4299,2023-10-30,142.83,Carte,accepté
4300,4300,2019-09-05,345.34,Carte,accepté
4301,4301,2023-10-02,786.9,PayPal,refusé
4302,4302,2024-02-02,265.66,Virement,refusé
4303,4303,2021-09-03,319.3,Virement,refusé
4304,4304,2023-04-16,1511.72,Virement,accepté
4305,4305,2023-04-21,243.9,Virement,accepté
4306,4306,2021-04-21,334.45,PayPal,refusé
4307,4307,2023-05-21,1615.42,PayPal,refusé
4308,4308,2024-01-26,1195.0,Carte,refusé
4309,4309,2021-07-25,389.72,Carte,accepté
4310,4310,2020-01-12,1119.58,PayPal,accepté
4311,4311,2022-02-18,564.24,PayPal,refusé
4312,4312,2023-03-02,1039.03,Carte,accepté
4313,4313,2020-04-13,244.64,Virement,refusé
4314,4314,2023-01-19,911.41,Virement,accepté
4315,4315,2025-11-09,313.92,Virement,accepté
4316,4316,2019-09-22,1428.12,Carte,accepté
4317,4317,2020-12-09,1214.28,Carte,refusé
4318,4318,2021-01-22,829.68,Virement,refusé
4319,4319,2021-03-29,457.69,PayPal,accepté
4320,4320,2024-05-07,1686.6,PayPal,accepté
4321,4321,2024-04-13,254.89,Virement,accepté
4322,4322,2023-12-16,1362.22,PayPal,accepté
4323,4323,2025-05-10,1804.35,Virement,accepté
4324,4324,2020-07-21,1086.88,PayPal,accepté
4325,4325,2022-01-08,1030.06,Virement,refusé
4326,4326,2023-07-17,939.59,Virement,refusé
4327,4327,2023-11-21,218.05,Carte,accepté
4328,4328,2020-12-05,1964.86,Virement,accepté
4329,4329,2022-08-05,308.91,Carte,accepté
4330,4330,2020-08-12,1805.91,Carte,accepté
4331,4331,2023-12-16,994.01,Virement,refusé
4332,4332,2023-09-16,1274.48,Carte,accepté
4333,4333,2025-05-15,1368.73,PayPal,accepté
4334,4334,2022-04-25,873.91,Virement,accepté
4335,4335,2023-04-22,635.47,Carte,accepté
4336,4336,2022-06-04,1520.46,PayPal,accepté
4337,4337,2021-08-12,27.56,Virement,refusé
4338,4338,2024-01-18,1746.13,PayPal,refusé
4339,4339,2020-05-02,1772.55,Carte,refusé
4340,4340,2023-08-19,1301.01,PayPal,refusé
4341,4341,2023-07-10,855.73,Virement,accepté
4342,4342,2020-06-05,1008.46,PayPal,refusé
4343,4343,2023-01-27,276.76,Carte,refusé
4344,4344,2025-11-15,1831.19,Virement,refusé
4345,4345,2021-09-02,1818.11,Virement,accepté
4346,4346,2024-10-27,215.99,PayPal,refusé
4347,4347,2021-11-08,1258.94,Carte,accepté
4348,4348,2020-12-08,1871.88,PayPal,refusé
4349,4349,2021-09-26,1823.47,Virement,accepté
4350,4350,2023-04-23,1934.26,Carte,refusé
4351,4351,2021-05-12,1988.96,PayPal,refusé
4352,4352,2021-12-25,1187.56,Virement,accepté
4353,4353,2021-01-28,1912.85,PayPal,refusé
4354,4354,2023-05-11,616.15,PayPal,refusé
4355,4355,2023-01-13,519.39,PayPal,accepté
4356,4356,2022-11-23,1772.39,Carte,refusé
4357,4357,2025-08-20,194.01,Carte,accepté
4358,4358,2020-04-09,1148.6,PayPal,accepté
4359,4359,2024-05-24,1386.91,PayPal,accepté
4360,4360,2020-11-06,1538.72,PayPal,accepté
4361,4361,2022-07-04,1885.87,Carte,accepté
4362,4362,2024-04-19,59.61,Virement,refusé
4363,4363,2020-04-20,883.17,PayPal,refusé
4364,4364,2023-05-04,1632.93,Carte,refusé
4365,4365,2024-09-25,921.84,Virement,refusé
4366,4366,2021-09-01,1971.19,PayPal,accepté
4367,4367,2022-09-08,332.78,Virement,accepté
4368,4368,2024-07-05,525.86,PayPal,refusé
4369,4369,2025-01-13,1974.61,PayPal,accepté
4370,4370,2025-02-19,1865.63,Carte,accepté
4371,4371,2024-06-07,599.08,Carte,accepté
4372,4372,2025-07-29,1058.62,PayPal,accepté
4373,4373,2019-04-04,1704.47,Carte,refusé
4374,4374,2025-03-31,930.44,PayPal,refusé
4375,4375,2024-12-11,661.08,PayPal,accepté
4376,4376,2020-08-19,932.99,Virement,accepté
4377,4377,2022-09-19,111.29,Carte,accepté
4378,4378,2025-09-30,199.24,Virement,accepté
4379,4379,2021-11-30,1510.05,Virement,refusé
4380,4380,2021-08-09,1114.74,Carte,refusé
4381,4381,2022-07-13,102.26,PayPal,accepté
4382,4382,2020-09-11,814.4,Virement,refusé
4383,4383,2022-07-12,1889.34,PayPal,refusé
4384,4384,2020-09-29,737.16,PayPal,accepté
4385,4385,2023-11-21,1481.81,Virement,accepté
4386,4386,2021-09-21,1607.49,PayPal,refusé
4387,4387,2022-05-20,1153.15,Virement,accepté
4388,4388,2025-08-27,963.03,PayPal,refusé
4389,4389,2024-07-02,1974.5,PayPal,refusé
4390,4390,2024-06-04,1740.1,Virement,accepté
4391,4391,2023-08-30,269.95,PayPal,accepté
4392,4392,2023-04-02,429.25,Virement,refusé
4393,4393,2020-07-15,563.56,PayPal,refusé
4394,4394,2024-02-12,1178.31,Virement,refusé
4395,4395,2022-09-21,609.43,PayPal,accepté
4396,4396,2023-05-21,860.78,Carte,refusé
4397,4397,2025-06-05,526.52,Carte,refusé
4398,4398,2025-01-07,1000.61,PayPal,refusé
4399,4399,2022-02-16,462.58,Carte,refusé
4400,4400,2022-06-03,971.11,Virement,accepté
4401,4401,2025-07-28,1836.28,Carte,refusé
4402,4402,2022-12-12,1361.65,Virement,refusé
4403,4403,2022-11-05,931.01,PayPal,refusé
4404,4404,2019-09-02,979.59,Carte,refusé
4405,4405,2024-04-03,1751.79,PayPal,accepté
4406,4406,2024-10-25,1535.29,PayPal,accepté
4407,4407,2019-08-26,1804.9,PayPal,accepté
4408,4408,2022-06-12,1856.62,Carte,accepté
4409,4409,2020-09-25,301.11,Carte,accepté
4410,4410,2019-08-13,68.55,Carte,accepté
4411,4411,2019-02-02,1511.04,PayPal,accepté
4412,4412,2021-09-17,1972.81,PayPal,accepté
4413,4413,2025-08-22,727.62,PayPal,refusé
4414,4414,2024-05-28,1249.51,Virement,accepté
4415,4415,2025-08-15,329.0,Carte,refusé
4416,4416,2020-01-30,1677.65,PayPal,refusé
4417,4417,2020-05-04,1166.63,Virement,accepté
4418,4418,2025-05-30,719.59,PayPal,accepté
4419,4419,2020-10-03,69.43,Virement,accepté
4420,4420,2023-02-19,1098.5,Virement,refusé
4421,4421,2022-07-04,1242.48,Carte,refusé
4422,4422,2025-09-06,1452.72,Carte,accepté
4423,4423,2021-01-20,1241.67,Virement,accepté
4424,4424,2024-07-27,43.92,Carte,refusé
4425,4425,2019-01-09,1379.61,PayPal,refusé
4426,4426,2021-09-28,556.84,Carte,accepté
4427,4427,2023-04-04,1874.27,Virement,accepté
4428,4428,2020-09-17,633.94,Carte,accepté
4429,4429,2025-05-26,1907.37,PayPal,accepté
4430,4430,2019-06-25,1855.41,PayPal,accepté
4431,4431,2019-01-26,1670.46,PayPal,accepté
4432,4432,2020-10-19,1266.78,PayPal,refusé
4433,4433,2025-12-30,82.36,Virement,refusé
4434,4434,2025-10-18,1350.1,PayPal,accepté
4435,4435,2024-08-28,824.81,Virement,refusé
4436,4436,2024-02-23,317.33,PayPal,accepté
4437,4437,2023-07-24,895.94,PayPal,refusé
4438,4438,2025-11-29,283.96,Carte,refusé
4439,4439,2020-10-25,1988.18,Virement,refusé
4440,4440,2023-12-02,491.73,PayPal,refusé
4441,4441,2021-05-23,1288.28,Virement,refusé
4442,4442,2022-10-31,503.16,Carte,accepté
4443,4443,2024-10-05,1172.44,PayPal,refusé
4444,4444,2025-09-02,1264.01,Carte,accepté
4445,4445,2023-02-22,1210.32,Carte,accepté
4446,4446,2020-10-22,38.63,Carte,accepté
4447,4447,2021-05-13,959.85,PayPal,refusé
4448,4448,2019-04-09,1459.17,Virement,refusé
4449,4449,2025-01-06,1943.54,Virement,refusé
4450,4450,2020-01-27,994.49,PayPal,accepté
4451,4451,2019-05-06,347.83,Carte,refusé
4452,4452,2025-05-24,1295.97,Carte,accepté
4453,4453,2022-01-07,80.9,PayPal,refusé
4454,4454,2021-06-01,125.75,Carte,refusé
4455,4455,2024-08-16,1485.48,Carte,accepté
4456,4456,2023-09-04,135.27,Virement,accepté
4457,4457,2020-11-26,766.29,Carte,refusé
4458,4458,2025-11-04,905.28,PayPal,refusé
4459,4459,2022-04-29,484.94,Virement,accepté
4460,4460,2024-09-02,1052.68,PayPal,refusé
4461,4461,2019-05-13,762.48,Carte,accepté
4462,4462,2024-02-15,613.44,Virement,refusé
4463,4463,2023-06-22,839.99,PayPal,accepté
4464,4464,2024-02-18,1468.35,Virement,accepté
4465,4465,2020-05-15,1541.38,Carte,accepté
4466,4466,2022-08-17,964.55,PayPal,accepté
4467,4467,2019-11-28,1786.41,Virement,refusé
4468,4468,2019-02-12,1016.32,PayPal,refusé
4469,4469,2023-05-26,455.8,Carte,refusé
4470,4470,2025-02-05,803.23,PayPal,accepté
4471,4471,2020-12-20,1647.37,Virement,accepté
4472,4472,2023-05-06,847.36,Virement,accepté
4473,4473,2019-08-20,60.02,Virement,accepté
4474,4474,2022-10-18,1843.24,PayPal,refusé
4475,4475,2024-10-22,1063.36,PayPal,accepté
4476,4476,2021-08-24,510.43,PayPal,refusé
4477,4477,2023-05-11,857.7,PayPal,refusé
4478,4478,2023-06-25,1456.8,Virement,refusé
4479,4479,2022-11-26,398.23,Carte,accepté
4480,4480,2022-09-17,218.46,Carte,refusé
4481,4481,2019-01-29,1496.67,PayPal,refusé
4482,4482,2025-04-25,1815.28,PayPal,refusé
4483,4483,2025-07-06,1614.75,Virement,accepté
4484,4484,2019-09-27,378.07,Carte,refusé
4485,4485,2020-10-11,1484.46,Carte,refusé
4486,4486,2022-08-07,1932.79,Carte,refusé
4487,4487,2025-03-11,1198.99,PayPal,accepté
4488,4488,2021-08-14,1770.07,PayPal,accepté
4489,4489,2023-08-06,1773.23,Virement,accepté
4490,4490,2022-09-12,465.65,Virement,accepté
4491,4491,2022-10-01,588.39,Carte,accepté
4492,4492,2023-05-29,1296.39,Carte,refusé
4493,4493,2022-05-23,289.98,Virement,accepté
4494,4494,2022-05-14,337.58,PayPal,refusé
4495,4495,2023-10-01,968.33,PayPal,refusé
4496,4496,2022-01-31,1748.08,Virement,refusé
4497,4497,2020-05-03,94.66,PayPal,refusé
4498,4498,2024-01-16,731.03,PayPal,accepté
4499,4499,2025-11-20,1619.57,PayPal,accepté
4500,4500,2025-07-03,679.45,Carte,refusé
4501,4501,2019-08-04,28.23,Carte,refusé
4502,4502,2025-10-15,1450.72,Carte,accepté
4503,4503,2024-08-12,1864.66,Carte,refusé
4504,4504,2024-01-25,1529.08,Virement,refusé
4505,4505,2022-02-21,1135.15,Carte,refusé
4506,4506,2024-03-10,1449.79,Virement,accepté
4507,4507,2019-06-23,1067.44,Virement,refusé
4508,4508,2019-04-04,1369.06,PayPal,accepté
4509,4509,2023-04-03,97.28,Virement,accepté
4510,4510,2022-02-14,1529.58,Carte,accepté
4511,4511,2022-11-08,1053.1,PayPal,refusé
4512,4512,2019-06-20,1159.45,Virement,accepté
4513,4513,2022-01-18,1942.96,PayPal,accepté
4514,4514,2024-07-20,982.56,Virement,accepté
4515,4515,2021-06-14,1153.46,Virement,refusé
4516,4516,2024-01-19,820.35,PayPal,accepté
4517,4517,2023-01-14,1458.94,PayPal,refusé
4518,4518,2021-08-25,863.95,Carte,accepté
4519,4519,2022-09-12,1018.46,Carte,refusé
4520,4520,2024-09-24,1510.42,Carte,accepté
4521,4521,2019-06-30,856.34,PayPal,refusé
4522,4522,2019-07-07,937.4,Carte,accepté
4523,4523,2024-06-04,1088.72,Carte,refusé
4524,4524,2019-01-23,710.74,PayPal,accepté
4525,4525,2023-11-10,1176.12,Carte,accepté
4526,4526,2022-03-12,54.1,Virement,refusé
4527,4527,2024-07-11,1485.43,Carte,accepté
4528,4528,2023-03-07,1039.35,Virement,refusé
4529,4529,2024-06-01,1030.95,Carte,accepté
4530,4530,2019-07-16,1479.48,PayPal,refusé
4531,4531,2020-06-08,1684.08,Virement,accepté
4532,4532,2020-12-07,1150.34,Virement,accepté
4533,4533,2020-06-18,1473.9,PayPal,accepté
4534,4534,2023-11-25,352.08,Virement,accepté
4535,4535,2022-06-03,766.87,PayPal,accepté
4536,4536,2020-06-26,1489.78,Virement,refusé
4537,4537,2021-12-29,58.72,PayPal,refusé
4538,4538,2021-12-05,204.69,Carte,refusé
4539,4539,2025-09-12,1549.45,Virement,refusé
4540,4540,2019-03-06,1423.1,Virement,accepté
4541,4541,2020-09-29,595.36,Virement,refusé
4542,4542,2024-03-22,212.72,Carte,refusé
4543,4543,2025-02-11,205.21,Carte,accepté
4544,4544,2019-11-03,677.54,Carte,refusé
4545,4545,2022-04-01,456.05,PayPal,accepté
4546,4546,2023-05-14,1432.49,PayPal,refusé
4547,4547,2020-07-22,1013.97,Virement,refusé
4548,4548,2020-05-06,251.93,PayPal,accepté
4549,4549,2021-01-07,739.56,PayPal,accepté
4550,4550,2023-11-27,283.67,Virement,refusé
4551,4551,2020-01-25,992.89,PayPal,accepté
4552,4552,2024-09-04,59.15,PayPal,accepté
4553,4553,2022-10-14,133.92,Carte,refusé
4554,4554,2021-03-04,531.22,PayPal,refusé
4555,4555,2020-09-02,1164.48,Carte,refusé
4556,4556,2024-03-17,528.41,Virement,accepté
4557,4557,2021-10-14,908.1,PayPal,refusé
4558,4558,2023-03-24,985.65,PayPal,refusé
4559,4559,2019-12-22,118.2,PayPal,refusé
4560,4560,2023-11-25,248.41,Virement,accepté
4561,4561,2024-01-26,270.66,Carte,accepté
4562,4562,2020-10-31,1718.61,Virement,accepté
4563,4563,2019-07-29,1187.09,Carte,refusé
4564,4564,2019-05-16,966.75,Carte,refusé
4565,4565,2023-08-12,1805.58,Carte,refusé
4566,4566,2025-03-07,334.58,Carte,refusé
4567,4567,2019-04-03,1928.3,Carte,accepté
4568,4568,2024-03-10,1668.1,Virement,refusé
4569,4569,2019-03-17,129.9,Carte,refusé
4570,4570,2019-08-31,561.05,Carte,refusé
4571,4571,2020-07-12,380.38,Virement,accepté
4572,4572,2020-01-22,1531.48,Virement,accepté
4573,4573,2025-07-04,423.21,Virement,refusé
4574,4574,2019-06-17,294.22,Carte,accepté
4575,4575,2024-07-25,1229.42,Carte,refusé
4576,4576,2023-11-02,883.28,PayPal,accepté
4577,4577,2019-02-13,1282.09,Carte,accepté
4578,4578,2021-08-27,272.6,PayPal,refusé
4579,4579,2021-02-02,1257.57,PayPal,refusé
4580,4580,2024-08-07,1112.75,Virement,refusé
4581,4581,2024-02-22,836.18,PayPal,refusé
4582,4582,2022-12-14,801.93,Carte,refusé
4583,4583,2021-05-05,648.84,Carte,accepté
4584,4584,2021-08-01,1708.76,Virement,accepté
4585,4585,2021-04-08,74.85,Carte,accepté
4586,4586,2022-11-07,662.83,PayPal,refusé
4587,4587,2024-11-09,1611.15,Virement,refusé
4588,4588,2021-06-25,960.32,PayPal,refusé
4589,4589,2020-04-12,688.89,PayPal,accepté
4590,4590,2022-07-17,650.48,Virement,accepté
4591,4591,2023-09-24,1490.6,PayPal,refusé
4592,4592,2020-06-28,1871.5,Virement,accepté
4593,4593,2021-07-16,404.52,Virement,refusé
4594,4594,2020-04-07,1548.17,PayPal,accepté
4595,4595,2024-01-25,1583.93,Carte,accepté
4596,4596,2019-03-20,1188.41,Virement,refusé
4597,4597,2021-06-19,418.27,Virement,refusé
4598,4598,2023-12-04,1362.48,Carte,accepté
4599,4599,2023-02-13,1256.61,Virement,refusé
4600,4600,2025-07-05,1928.58,PayPal,accepté
4601,4601,2024-03-18,1633.37,PayPal,refusé
4602,4602,2023-11-15,439.14,PayPal,accepté
4603,4603,2019-07-17,561.56,PayPal,accepté
4604,4604,2022-12-29,790.47,Virement,refusé
4605,4605,2023-03-09,321.72,Virement,accepté
4606,4606,2022-10-14,309.45,PayPal,accepté
4607,4607,2025-10-11,1850.18,PayPal,accepté
4608,4608,2019-12-18,221.17,PayPal,refusé
4609,4609,2019-09-30,326.93,Carte,accepté
4610,4610,2021-11-07,1384.63,Carte,refusé
4611,4611,2021-04-15,1813.31,Virement,accepté
4612,4612,2025-02-18,1821.28,Virement,accepté
4613,4613,2021-08-07,1244.2,Carte,refusé
4614,4614,2022-01-24,1930.61,Carte,refusé
4615,4615,2019-04-04,287.94,Virement,accepté
4616,4616,2020-04-20,318.3,Virement,accepté
4617,4617,2023-04-17,1295.51,Virement,accepté
4618,4618,2024-01-23,623.15,Virement,accepté
4619,4619,2025-11-13,1279.02,Carte,refusé
4620,4620,2020-03-04,484.46,Carte,refusé
4621,4621,2023-02-17,1935.63,PayPal,refusé
4622,4622,2023-12-31,1408.58,Virement,accepté
4623,4623,2022-02-03,157.11,Virement,accepté
4624,4624,2022-04-07,1789.8,Virement,accepté
4625,4625,2024-05-18,640.57,PayPal,accepté
4626,4626,2025-04-28,1940.04,PayPal,refusé
4627,4627,2022-12-03,823.7,Carte,refusé
4628,4628,2020-04-17,1365.69,Virement,accepté
4629,4629,2019-11-29,600.16,Carte,refusé
4630,4630,2020-10-11,1718.39,Virement,accepté
4631,4631,2025-11-11,215.81,PayPal,accepté
4632,4632,2025-05-04,1236.15,PayPal,accepté
4633,4633,2023-11-21,244.55,Carte,refusé
4634,4634,2024-06-19,642.54,Virement,accepté
4635,4635,2019-01-06,1239.78,Virement,accepté
4636,4636,2021-08-07,1651.04,Carte,accepté
4637,4637,2025-03-18,504.04,Virement,refusé
4638,4638,2021-12-29,1814.22,PayPal,accepté
4639,4639,2021-12-13,1704.37,PayPal,refusé
4640,4640,2023-03-16,714.0,PayPal,accepté
4641,4641,2024-06-30,838.97,Virement,refusé
4642,4642,2023-07-02,97.0,Virement,accepté
4643,4643,2019-01-07,1524.31,PayPal,refusé
4644,4644,2025-07-05,956.85,Virement,refusé
4645,4645,2023-06-18,249.69,PayPal,refusé
4646,4646,2023-09-22,1185.42,Carte,accepté
4647,4647,2025-08-03,1187.94,Virement,accepté
4648,4648,2024-06-24,1763.51,Carte,refusé
4649,4649,2023-03-30,1445.29,Virement,accepté
4650,4650,2021-06-03,1506.4,Carte,refusé
4651,4651,2021-05-21,1037.1,Virement,refusé
4652,4652,2025-06-21,447.85,Virement,refusé
4653,4653,2023-01-16,526.48,Carte,refusé
4654,4654,2025-05-19,1208.65,Carte,refusé
4655,4655,2023-02-04,1964.82,PayPal,accepté
4656,4656,2022-08-03,931.51,PayPal,accepté
4657,4657,2024-07-15,1299.86,Carte,refusé
4658,4658,2024-12-29,873.05,PayPal,refusé
4659,4659,2023-09-23,1559.72,Carte,accepté
4660,4660,2025-05-20,339.92,Carte,refusé
4661,4661,2019-06-08,608.14,PayPal,refusé
4662,4662,2025-08-31,528.99,Virement,refusé
4663,4663,2022-11-17,1344.95,PayPal,accepté
4664,4664,2020-11-15,31.18,Carte,refusé
4665,4665,2025-06-25,627.57,Carte,accepté
4666,4666,2023-02-19,887.56,Virement,accepté
4667,4667,2022-04-04,560.24,Carte,accepté
4668,4668,2022-03-14,1906.82,Carte,accepté
4669,4669,2023-04-01,1742.43,Carte,refusé
4670,4670,2021-10-23,728.97,Carte,refusé
4671,4671,2019-09-22,1186.37,PayPal,accepté
4672,4672,2025-07-03,952.53,PayPal,refusé
4673,4673,2020-07-06,1506.74,Carte,accepté
4674,4674,2023-01-14,1333.51,Virement,refusé
4675,4675,2021-09-28,1862.51,Virement,accepté
4676,4676,2020-10-09,1101.22,Virement,accepté
4677,4677,2021-05-13,1982.33,PayPal,refusé
4678,4678,2019-06-21,934.41,PayPal,accepté
4679,4679,2021-09-21,1664.01,Virement,accepté
4680,4680,2020-02-25,1331.11,PayPal,refusé
4681,4681,2024-08-03,615.4,Virement,refusé
4682,4682,2025-04-15,176.69,Carte,refusé
4683,4683,2022-06-23,1497.83,Carte,accepté
4684,4684,2019-03-15,176.09,Carte,accepté
4685,4685,2023-10-24,476.87,Carte,accepté
4686,4686,2020-08-05,1172.77,Carte,accepté
4687,4687,2024-04-13,491.81,Virement,refusé
4688,4688,2020-05-03,1829.29,Carte,refusé
4689,4689,2019-12-17,1700.83,PayPal,refusé
4690,4690,2025-06-10,969.17,PayPal,refusé
4691,4691,2023-10-03,1159.44,PayPal,refusé
4692,4692,2023-04-12,1618.79,PayPal,accepté
4693,4693,2021-10-08,1268.78,PayPal,refusé
4694,4694,2025-02-27,1467.1,Carte,refusé
4695,4695,2019-06-11,1002.57,Carte,refusé
4696,4696,2023-09-18,1870.29,PayPal,refusé
4697,4697,2019-05-10,475.91,PayPal,accepté
4698,4698,2025-09-10,1908.74,Carte,accepté
4699,4699,2025-10-10,1468.03,Carte,refusé
4700,4700,2023-07-25,519.75,Virement,accepté
4701,4701,2023-06-01,951.42,Virement,accepté
4702,4702,2025-09-09,863.72,Carte,refusé
4703,4703,2023-04-26,1916.68,PayPal,accepté
4704,4704,2020-01-12,669.85,PayPal,refusé
4705,4705,2021-12-23,1571.06,Carte,refusé
4706,4706,2020-05-17,512.72,PayPal,accepté
4707,4707,2025-12-07,67.89,Virement,refusé
4708,4708,2023-04-18,1785.61,Virement,refusé
4709,4709,2020-10-28,226.27,PayPal,accepté
4710,4710,2020-01-13,1968.47,Virement,refusé
4711,4711,2020-09-16,289.14,Carte,refusé
4712,4712,2023-07-24,1215.02,PayPal,refusé
4713,4713,2022-09-12,1941.44,Carte,accepté
4714,4714,2022-06-26,1227.92,Carte,accepté
4715,4715,2024-01-20,919.21,PayPal,refusé
4716,4716,2023-06-23,1037.84,PayPal,accepté
4717,4717,2021-04-25,895.62,Carte,refusé
4718,4718,2019-01-23,1611.4,Carte,refusé
4719,4719,2023-11-11,486.04,Virement,refusé
4720,4720,2019-09-17,872.47,Carte,refusé
4721,4721,2021-07-08,405.82,PayPal,refusé
4722,4722,2025-10-27,1521.27,Virement,refusé
4723,4723,2022-02-15,326.02,Carte,refusé
4724,4724,2023-04-23,1473.21,Virement,accepté
4725,4725,2025-07-04,216.84,PayPal,accepté
4726,4726,2019-11-05,803.69,Carte,refusé
4727,4727,2023-08-18,510.21,Virement,refusé
4728,4728,2019-04-13,1365.3,Virement,accepté
4729,4729,2024-01-07,620.06,PayPal,refusé
4730,4730,2025-10-17,1913.64,Virement,accepté
4731,4731,2020-04-24,1525.3,PayPal,refusé
4732,4732,2019-08-08,156.44,Virement,refusé
4733,4733,2023-09-11,363.5,PayPal,refusé
4734,4734,2024-05-24,1632.15,Carte,refusé
4735,4735,2019-07-14,1692.2,Virement,accepté
4736,4736,2025-04-02,828.58,PayPal,refusé
4737,4737,2022-04-08,591.07,Virement,accepté
4738,4738,2020-03-02,1815.65,PayPal,refusé
4739,4739,2020-10-14,1427.39,PayPal,accepté
4740,4740,2025-06-27,700.15,Carte,refusé
4741,4741,2019-06-09,1718.55,Carte,accepté
4742,4742,2023-02-24,596.36,Carte,refusé
4743,4743,2019-11-19,1234.41,PayPal,accepté
4744,4744,2025-03-11,293.39,PayPal,accepté
4745,4745,2019-03-31,1108.95,PayPal,accepté
4746,4746,2024-01-20,128.91,PayPal,accepté
4747,4747,2023-08-01,1242.96,Carte,accepté
4748,4748,2020-03-02,1154.49,Virement,refusé
4749,4749,2025-09-23,171.53,PayPal,refusé
4750,4750,2025-05-19,1522.81,Carte,refusé
4751,4751,2023-04-29,1166.73,Virement,accepté
4752,4752,2019-01-15,1240.85,Virement,accepté
4753,4753,2024-02-18,1511.49,Virement,refusé
4754,4754,2024-01-26,90.75,Virement,accepté
4755,4755,2019-03-27,1100.63,PayPal,refusé
4756,4756,2019-12-18,1817.73,PayPal,refusé
4757,4757,2021-01-13,1402.5,Carte,refusé
4758,4758,2021-06-18,1728.74,PayPal,refusé
4759,4759,2021-07-24,951.12,Virement,accepté
4760,4760,2019-04-18,1315.43,Carte,refusé
4761,4761,2019-01-11,753.77,PayPal,refusé
4762,4762,2023-01-12,747.29,Virement,refusé
4763,4763,2019-12-22,1662.98,PayPal,accepté
4764,4764,2020-10-01,1427.86,Virement,accepté
4765,4765,2020-06-12,1696.03,PayPal,refusé
4766,4766,2021-11-09,1530.2,Virement,accepté
4767,4767,2024-01-08,799.36,Virement,refusé
4768,4768,2025-12-15,1302.22,Carte,refusé
4769,4769,2020-11-16,98.98,Carte,refusé
4770,4770,2024-01-06,1387.83,Virement,refusé
4771,4771,2019-12-14,860.59,Virement,refusé
4772,4772,2025-10-27,447.3,Carte,refusé
4773,4773,2019-07-01,28.04,Carte,accepté
4774,4774,2020-12-21,1813.09,PayPal,refusé
4775,4775,2025-04-30,1829.72,PayPal,accepté
4776,4776,2021-11-27,1800.34,PayPal,refusé
4777,4777,2022-05-11,123.95,PayPal,refusé
4778,4778,2023-04-04,1868.79,PayPal,accepté
4779,4779,2025-11-15,1627.0,Virement,refusé
4780,4780,2022-08-12,588.62,Virement,accepté
4781,4781,2022-08-17,1559.99,PayPal,refusé
4782,4782,2020-10-25,701.82,Virement,accepté
4783,4783,2019-11-27,1983.78,PayPal,accepté
4784,4784,2022-11-18,1955.23,PayPal,accepté
4785,4785,2019-12-06,1530.52,PayPal,accepté
4786,4786,2021-04-04,1003.85,Carte,accepté
4787,4787,2022-05-23,1535.27,Carte,refusé
4788,4788,2023-03-02,1077.44,Carte,accepté
4789,4789,2019-07-14,1383.1,PayPal,refusé
4790,4790,2022-08-01,335.21,PayPal,refusé
4791,4791,2021-09-05,1662.69,PayPal,accepté
4792,4792,2022-06-17,1135.95,PayPal,refusé
4793,4793,2025-04-10,1025.94,Carte,accepté
4794,4794,2024-01-23,960.25,Carte,accepté
4795,4795,2021-07-19,1992.5,Virement,refusé
4796,4796,2022-10-05,1192.68,PayPal,refusé
4797,4797,2022-01-16,665.18,PayPal,accepté
4798,4798,2019-01-12,1261.0,PayPal,accepté
4799,4799,2019-09-05,228.95,PayPal,accepté
4800,4800,2023-05-12,210.21,Virement,accepté
4801,4801,2023-01-09,953.72,Carte,accepté
4802,4802,2025-02-06,1763.94,PayPal,refusé
4803,4803,2020-04-20,1333.43,PayPal,refusé
4804,4804,2024-09-15,1834.79,Carte,accepté
4805,4805,2022-08-01,814.55,Virement,accepté
4806,4806,2024-09-04,380.62,Virement,refusé
4807,4807,2019-01-09,1810.14,PayPal,accepté
4808,4808,2023-02-26,1659.58,PayPal,accepté
4809,4809,2023-02-13,337.29,PayPal,refusé
4810,4810,2023-02-06,1338.51,PayPal,refusé
4811,4811,2020-12-28,524.11,Virement,refusé
4812,4812,2019-11-01,760.56,Virement,accepté
4813,4813,2020-10-28,1116.7,PayPal,accepté
4814,4814,2024-05-11,1487.02,Carte,accepté
4815,4815,2024-11-08,1023.87,Virement,accepté
4816,4816,2025-12-12,1475.05,Virement,refusé
4817,4817,2020-09-10,241.22,PayPal,accepté
4818,4818,2021-02-05,1601.44,Virement,accepté
4819,4819,2022-06-06,1048.85,PayPal,refusé
4820,4820,2024-09-24,1652.28,PayPal,refusé
4821,4821,2019-08-18,1499.57,Virement,accepté
4822,4822,2024-06-25,1749.08,Virement,refusé
4823,4823,2021-11-27,1474.22,PayPal,refusé
4824,4824,2023-04-04,1971.06,PayPal,refusé
4825,4825,2024-02-21,325.61,Virement,accepté
4826,4826,2021-08-16,1776.4,Carte,accepté
4827,4827,2021-01-28,340.53,PayPal,refusé
4828,4828,2024-10-25,129.71,Carte,accepté
4829,4829,2022-08-18,1550.44,Carte,accepté
4830,4830,2025-05-18,656.62,Carte,accepté
4831,4831,2023-02-05,736.85,PayPal,refusé
4832,4832,2020-06-27,1391.7,Virement,refusé
4833,4833,2025-10-16,1720.76,PayPal,refusé
4834,4834,2025-06-22,366.68,PayPal,refusé
4835,4835,2020-07-08,1656.88,Virement,accepté
4836,4836,2025-11-28,1693.52,Carte,accepté
4837,4837,2022-06-21,1547.7,Virement,refusé
4838,4838,2019-06-22,189.57,PayPal,accepté
4839,4839,2022-02-22,394.56,Virement,refusé
4840,4840,2024-06-01,191.54,Carte,accepté
4841,4841,2021-04-25,1699.24,Virement,refusé
4842,4842,2025-06-13,1876.83,Virement,accepté
4843,4843,2023-03-09,356.12,Virement,accepté
4844,4844,2023-02-27,1221.69,PayPal,accepté
4845,4845,2023-07-16,1603.22,Carte,refusé
4846,4846,2024-11-13,1778.46,PayPal,accepté
4847,4847,2020-12-10,1688.32,Carte,accepté
4848,4848,2022-05-12,1007.55,Carte,accepté
4849,4849,2020-07-07,1799.9,PayPal,refusé
4850,4850,2019-12-31,887.95,PayPal,accepté
4851,4851,2020-10-22,990.71,Carte,accepté
4852,4852,2023-12-01,825.49,Virement,refusé
4853,4853,2025-10-16,70.14,PayPal,accepté
4854,4854,2020-05-20,1107.85,Virement,refusé
4855,4855,2019-02-13,476.16,Carte,refusé
4856,4856,2024-01-11,152.74,Carte,accepté
4857,4857,2022-05-22,930.68,Carte,refusé
4858,4858,2020-06-29,1340.39,Carte,refusé
4859,4859,2024-12-25,1447.33,PayPal,accepté
4860,4860,2024-10-23,1591.95,Virement,refusé
4861,4861,2024-12-16,743.86,Virement,accepté
4862,4862,2024-08-03,1266.76,Virement,accepté
4863,4863,2022-11-12,660.23,Carte,refusé
4864,4864,2020-11-25,562.55,Carte,accepté
4865,4865,2021-08-26,956.98,Virement,accepté
4866,4866,2019-03-06,239.96,Carte,refusé
4867,4867,2020-03-24,1698.87,Carte,refusé
4868,4868,2021-09-09,1879.38,Virement,refusé
4869,4869,2023-02-16,467.3,Virement,accepté
4870,4870,2025-11-22,1606.23,Virement,accepté
4871,4871,2021-01-31,1430.61,Virement,refusé
4872,4872,2024-11-17,1116.56,Carte,refusé
4873,4873,2021-07-01,1345.18,Virement,accepté
4874,4874,2021-08-16,906.34,Carte,accepté
4875,4875,2025-03-02,1121.22,Carte,accepté
4876,4876,2023-11-20,1825.06,Virement,accepté
4877,4877,2020-12-18,552.31,Virement,accepté
4878,4878,2020-02-16,1990.97,Virement,accepté
4879,4879,2025-08-18,1398.08,PayPal,refusé
4880,4880,2024-11-12,1689.37,PayPal,accepté
4881,4881,2024-09-11,1588.28,Virement,accepté
4882,4882,2021-05-20,271.12,PayPal,refusé
4883,4883,2021-08-26,1301.47,Carte,refusé
4884,4884,2023-07-25,1471.3,PayPal,refusé
4885,4885,2021-08-26,1163.27,PayPal,accepté
4886,4886,2021-12-16,676.42,Carte,accepté
4887,4887,2022-07-27,131.89,Carte,refusé
4888,4888,2020-09-16,238.73,PayPal,refusé
4889,4889,2021-12-09,832.3,Carte,refusé
4890,4890,2025-12-22,730.84,Carte,accepté
4891,4891,2019-12-22,1499.72,Virement,refusé
4892,4892,2022-03-27,366.93,Virement,accepté
4893,4893,2025-03-15,664.03,PayPal,accepté
4894,4894,2019-05-19,1625.95,Virement,refusé
4895,4895,2023-06-19,79.1,PayPal,refusé
4896,4896,2023-04-23,593.69,PayPal,accepté
4897,4897,2022-09-28,1222.32,PayPal,refusé
4898,4898,2021-08-10,262.73,Virement,accepté
4899,4899,2022-01-30,625.25,Carte,refusé
4900,4900,2020-07-27,1158.75,Virement,refusé
4901,4901,2019-04-17,1258.66,Carte,refusé
4902,4902,2021-01-24,1192.19,Virement,refusé
4903,4903,2025-05-04,378.02,Carte,accepté
4904,4904,2022-02-24,1759.19,Carte,refusé
4905,4905,2021-11-26,1389.57,PayPal,refusé
4906,4906,2023-11-07,616.71,Carte,refusé
4907,4907,2022-12-24,1537.34,PayPal,refusé
4908,4908,2021-11-04,121.33,Carte,refusé
4909,4909,2021-03-06,1363.12,Virement,accepté
4910,4910,2025-02-14,1030.54,Carte,refusé
4911,4911,2021-05-18,1491.43,PayPal,refusé
4912,4912,2021-05-31,1662.94,PayPal,refusé
4913,4913,2025-09-09,1360.34,Carte,refusé
4914,4914,2024-01-30,1068.83,Virement,refusé
4915,4915,2020-08-30,437.36,Virement,accepté
4916,4916,2019-08-27,1253.81,Carte,refusé
4917,4917,2025-04-18,1975.12,Carte,refusé
4918,4918,2025-05-28,1903.76,Virement,refusé
4919,4919,2022-12-10,1131.64,PayPal,refusé
4920,4920,2023-09-02,969.88,PayPal,refusé
4921,4921,2025-04-02,736.92,Virement,accepté
4922,4922,2025-09-08,526.12,Carte,accepté
4923,4923,2023-06-29,581.12,Carte,accepté
4924,4924,2024-05-12,1505.67,Virement,refusé
4925,4925,2021-11-26,1708.21,Virement,refusé
4926,4926,2019-05-01,424.92,Carte,refusé
4927,4927,2019-12-23,1953.13,PayPal,accepté
4928,4928,2022-05-29,750.7,PayPal,accepté
4929,4929,2022-08-09,45.35,PayPal,accepté
4930,4930,2020-10-16,713.52,Virement,refusé
4931,4931,2019-07-16,1610.51,Carte,accepté
4932,4932,2023-04-03,119.66,Virement,refusé
4933,4933,2023-02-17,152.04,Virement,refusé
4934,4934,2022-11-24,1271.49,Carte,refusé
4935,4935,2022-05-04,1440.99,PayPal,accepté
4936,4936,2022-08-18,751.92,PayPal,accepté
4937,4937,2022-01-23,391.26,PayPal,refusé
4938,4938,2019-03-07,237.56,PayPal,accepté
4939,4939,2019-01-28,1182.23,PayPal,accepté
4940,4940,2025-01-08,1963.87,Carte,accepté
4941,4941,2021-08-21,29.83,Virement,accepté
4942,4942,2025-11-08,1257.7,Virement,accepté
4943,4943,2019-12-06,1625.46,PayPal,refusé
4944,4944,2020-10-06,798.25,PayPal,refusé
4945,4945,2019-10-10,1465.47,Carte,refusé
4946,4946,2021-12-20,1460.45,PayPal,refusé
4947,4947,2022-04-26,1563.81,Carte,refusé
4948,4948,2020-12-02,1426.9,PayPal,accepté
4949,4949,2019-12-03,1592.21,PayPal,accepté
4950,4950,2022-05-29,1708.83,Virement,refusé
4951,4951,2023-11-12,449.55,Carte,accepté
4952,4952,2022-04-20,566.89,Virement,refusé
4953,4953,2021-10-05,1153.89,Virement,refusé
4954,4954,2019-09-18,317.3,Carte,refusé
4955,4955,2025-05-06,1522.7,Virement,accepté
4956,4956,2022-02-19,452.19,Virement,accepté
4957,4957,2019-12-23,1850.12,Virement,refusé
4958,4958,2023-07-08,110.4,Virement,accepté
4959,4959,2021-05-21,1741.38,PayPal,refusé
4960,4960,2022-04-27,1524.71,PayPal,refusé
4961,4961,2023-01-17,1885.63,Carte,refusé
4962,4962,2019-12-26,968.17,Carte,refusé
4963,4963,2022-12-07,910.53,PayPal,accepté
4964,4964,2025-12-15,824.81,PayPal,accepté
4965,4965,2025-05-03,1689.7,Carte,refusé
4966,4966,2022-08-03,999.62,Virement,refusé
4967,4967,2022-12-21,1023.49,Carte,accepté
4968,4968,2025-04-08,1278.72,PayPal,accepté
4969,4969,2021-05-21,302.69,Carte,refusé
4970,4970,2025-03-16,1727.07,PayPal,accepté
4971,4971,2020-07-08,869.77,PayPal,accepté
4972,4972,2021-05-29,1744.2,PayPal,accepté
4973,4973,2024-04-01,1275.83,PayPal,refusé
4974,4974,2023-07-04,1404.84,Virement,refusé
4975,4975,2024-07-16,1837.69,Virement,refusé
4976,4976,2019-01-23,531.02,Virement,refusé
4977,4977,2023-05-06,355.72,PayPal,accepté
4978,4978,2021-05-09,868.79,Carte,accepté
4979,4979,2020-06-16,1155.15,Carte,refusé
4980,4980,2021-07-08,1611.01,Carte,refusé
4981,4981,2023-01-03,1495.91,Carte,refusé
4982,4982,2025-12-17,1276.14,PayPal,refusé
4983,4983,2023-03-01,58.48,PayPal,accepté
4984,4984,2025-12-03,1889.79,Virement,accepté
4985,4985,2020-07-11,1109.63,PayPal,accepté
4986,4986,2019-07-09,1727.12,Carte,accepté
4987,4987,2023-01-16,1050.59,Virement,refusé
4988,4988,2024-09-22,1027.05,Carte,refusé
4989,4989,2021-08-29,230.36,PayPal,accepté
4990,4990,2025-08-05,729.85,Carte,accepté
4991,4991,2025-08-15,1372.97,Virement,accepté
4992,4992,2024-04-06,1619.9,Virement,accepté
4993,4993,2022-06-30,145.02,Carte,refusé
4994,4994,2025-05-12,1591.31,PayPal,refusé
4995,4995,2021-10-06,1909.84,Virement,accepté
4996,4996,2023-09-04,1698.52,Virement,refusé
4997,4997,2025-12-29,295.1,Virement,refusé
4998,4998,2019-11-22,1039.44,Virement,accepté
4999,4999,2025-05-04,1694.13,Virement,refusé
5000,5000,2023-08-02,1537.22,Carte,accepté
5001,5001,2021-04-26,1242.61,Carte,refusé
5002,5002,2024-02-07,1434.74,Virement,accepté
5003,5003,2020-02-07,802.75,Carte,accepté
5004,5004,2021-04-19,1328.98,PayPal,refusé
5005,5005,2025-04-16,118.5,Virement,refusé
5006,5006,2022-09-26,1315.91,Carte,accepté
5007,5007,2019-06-07,1194.56,Carte,refusé
5008,5008,2020-10-11,80.22,Carte,refusé
5009,5009,2025-04-10,405.16,PayPal,accepté
5010,5010,2023-07-31,143.82,Virement,refusé
5011,5011,2020-09-10,1235.78,PayPal,accepté
5012,5012,2023-10-07,1583.92,PayPal,accepté
5013,5013,2020-09-16,1673.72,PayPal,accepté
5014,5014,2024-02-15,652.52,Virement,refusé
5015,5015,2025-01-14,336.22,Carte,accepté
5016,5016,2021-12-13,392.16,Virement,accepté
5017,5017,2023-02-20,625.85,PayPal,accepté
5018,5018,2022-02-03,412.09,Virement,refusé
5019,5019,2020-09-08,969.96,Carte,accepté
5020,5020,2019-02-21,1397.59,PayPal,accepté
5021,5021,2025-12-08,971.92,PayPal,refusé
5022,5022,2024-01-11,199.81,PayPal,refusé
5023,5023,2023-02-11,1347.73,PayPal,accepté
5024,5024,2021-09-11,904.72,Virement,accepté
5025,5025,2020-09-12,435.21,Carte,refusé
5026,5026,2020-11-08,1140.95,Virement,accepté
5027,5027,2022-07-31,1291.47,Carte,refusé
5028,5028,2022-01-16,379.4,Carte,refusé
5029,5029,2024-03-30,592.09,PayPal,accepté
5030,5030,2024-07-26,1163.02,Carte,accepté
5031,5031,2022-10-21,1489.58,Virement,refusé
5032,5032,2023-02-11,286.82,PayPal,accepté
5033,5033,2021-04-09,1514.14,PayPal,accepté
5034,5034,2024-06-27,1651.14,Carte,accepté
5035,5035,2024-04-13,346.45,PayPal,accepté
5036,5036,2025-01-13,1092.47,Virement,accepté
5037,5037,2020-07-09,1126.67,Virement,accepté
5038,5038,2022-10-27,163.78,Carte,accepté
5039,5039,2022-04-24,339.34,PayPal,refusé
5040,5040,2021-08-08,761.4,Carte,accepté
5041,5041,2024-03-18,796.75,Carte,accepté
5042,5042,2024-09-16,670.9,PayPal,accepté
5043,5043,2021-05-27,1971.06,Carte,refusé
5044,5044,2021-02-17,1652.96,Virement,refusé
5045,5045,2021-05-25,1382.6,Carte,accepté
5046,5046,2019-07-08,750.95,Carte,accepté
5047,5047,2021-08-15,1481.88,Carte,refusé
5048,5048,2020-05-04,747.81,Virement,accepté
5049,5049,2019-05-24,1474.32,Virement,accepté
5050,5050,2025-12-15,1015.84,Virement,accepté
5051,5051,2023-10-19,1654.93,PayPal,refusé
5052,5052,2019-06-20,1817.75,Carte,accepté
5053,5053,2024-05-09,1852.93,Carte,accepté
5054,5054,2024-05-20,86.78,Carte,accepté
5055,5055,2022-03-08,1582.55,Carte,refusé
5056,5056,2020-07-01,603.25,Carte,refusé
5057,5057,2023-08-18,867.04,Virement,refusé
5058,5058,2025-10-26,1207.55,Carte,refusé
5059,5059,2021-09-26,1047.94,Carte,refusé
5060,5060,2022-07-24,842.96,Virement,accepté
5061,5061,2022-10-16,1145.17,PayPal,accepté
5062,5062,2023-10-06,1766.69,PayPal,refusé
5063,5063,2025-05-08,84.78,Virement,accepté
5064,5064,2022-08-16,627.81,Carte,refusé
5065,5065,2019-04-12,862.14,Carte,refusé
5066,5066,2023-04-10,1255.25,Carte,refusé
5067,5067,2025-03-04,1842.98,PayPal,accepté
5068,5068,2019-01-15,1137.1,Carte,accepté
5069,5069,2025-05-23,930.91,PayPal,accepté
5070,5070,2022-05-07,81.13,PayPal,refusé
5071,5071,2021-11-03,1202.51,Virement,accepté
5072,5072,2020-11-08,470.84,PayPal,accepté
5073,5073,2024-03-13,648.21,Carte,accepté
5074,5074,2022-08-07,1214.75,Carte,refusé
5075,5075,2023-11-15,1886.93,Virement,accepté
5076,5076,2020-09-29,1991.06,Carte,accepté
5077,5077,2021-10-02,1678.34,Virement,accepté
5078,5078,2020-06-26,1530.12,Carte,refusé
5079,5079,2023-05-08,1418.64,PayPal,accepté
5080,5080,2020-02-24,1912.53,Carte,refusé
5081,5081,2024-03-13,776.22,PayPal,accepté
5082,5082,2019-08-07,1430.25,PayPal,refusé
5083,5083,2019-03-30,1048.51,Carte,refusé
5084,5084,2025-01-11,752.51,PayPal,accepté
5085,5085,2025-10-13,956.13,PayPal,accepté
5086,5086,2020-07-18,265.8,Carte,refusé
5087,5087,2019-09-28,552.42,Carte,accepté
5088,5088,2020-07-17,99.2,PayPal,refusé
5089,5089,2024-03-05,1764.98,PayPal,refusé
5090,5090,2019-09-16,1142.05,PayPal,refusé
5091,5091,2025-05-24,847.64,Virement,refusé
5092,5092,2024-05-09,898.65,Virement,refusé
5093,5093,2019-07-25,422.53,Virement,accepté
5094,5094,2023-06-20,912.39,PayPal,accepté
5095,5095,2019-01-29,1715.1,Virement,refusé
5096,5096,2025-02-15,846.94,Virement,accepté
5097,5097,2019-02-07,378.27,Virement,accepté
5098,5098,2020-08-06,680.09,Carte,refusé
5099,5099,2021-02-26,1892.95,PayPal,refusé
5100,5100,2019-08-11,1618.54,Virement,refusé
5101,5101,2021-10-24,1849.39,Carte,accepté
5102,5102,2024-03-06,579.84,Carte,refusé
5103,5103,2024-11-08,147.17,Carte,accepté
5104,5104,2025-05-12,345.23,PayPal,accepté
5105,5105,2025-10-03,1830.44,PayPal,accepté
5106,5106,2022-06-08,932.79,Carte,accepté
5107,5107,2019-02-12,1767.23,Virement,refusé
5108,5108,2020-04-17,1495.15,PayPal,accepté
5109,5109,2022-03-26,1431.16,PayPal,accepté
5110,5110,2020-05-10,1203.15,Virement,accepté
5111,5111,2025-02-21,452.77,PayPal,refusé
5112,5112,2021-07-11,1216.73,PayPal,accepté
5113,5113,2024-02-22,21.55,Virement,accepté
5114,5114,2022-03-17,89.36,PayPal,refusé
5115,5115,2022-08-24,1389.42,Virement,refusé
5116,5116,2025-07-28,1040.81,Carte,accepté
5117,5117,2020-05-14,1281.11,Carte,refusé
5118,5118,2019-04-26,666.75,PayPal,accepté
5119,5119,2021-07-14,1625.55,Carte,accepté
5120,5120,2020-12-03,939.96,Carte,accepté
5121,5121,2024-08-01,737.99,PayPal,accepté
5122,5122,2021-03-13,410.56,Virement,accepté
5123,5123,2023-07-29,399.53,Carte,refusé
5124,5124,2019-01-24,1084.57,Virement,accepté
5125,5125,2021-05-08,469.16,PayPal,refusé
5126,5126,2019-09-28,465.36,PayPal,refusé
5127,5127,2023-03-29,1798.36,Virement,accepté
5128,5128,2025-05-11,90.58,PayPal,accepté
5129,5129,2019-06-21,1112.69,Virement,accepté
5130,5130,2021-06-11,898.09,PayPal,refusé
5131,5131,2024-11-26,898.02,PayPal,refusé
5132,5132,2024-04-07,1121.17,PayPal,accepté
5133,5133,2021-06-17,1335.1,PayPal,refusé
5134,5134,2024-09-04,1377.35,Virement,accepté
5135,5135,2024-08-23,1517.58,PayPal,accepté
5136,5136,2019-12-08,290.88,Carte,refusé
5137,5137,2019-01-23,1404.87,Virement,accepté
5138,5138,2024-05-17,691.17,Virement,accepté
5139,5139,2022-05-16,1257.64,Carte,refusé
5140,5140,2024-02-06,1389.37,Virement,accepté
5141,5141,2024-12-31,817.82,PayPal,accepté
5142,5142,2019-08-22,1244.32,Carte,accepté
5143,5143,2025-11-10,1814.7,PayPal,accepté
5144,5144,2020-08-25,1318.29,Virement,refusé
5145,5145,2019-04-29,672.04,Carte,accepté
5146,5146,2021-10-24,1920.68,Carte,refusé
5147,5147,2025-06-14,1914.45,Virement,refusé
5148,5148,2024-11-20,1684.84,PayPal,accepté
5149,5149,2022-02-25,387.44,Carte,accepté
5150,5150,2023-07-06,1604.74,Virement,accepté
5151,5151,2021-09-17,729.3,Carte,accepté
5152,5152,2022-05-10,854.61,PayPal,accepté
5153,5153,2022-11-10,1455.73,Virement,refusé
5154,5154,2019-05-17,237.98,Virement,refusé
5155,5155,2023-07-04,1909.8,PayPal,accepté
5156,5156,2024-11-17,1677.95,Virement,accepté
5157,5157,2021-05-05,133.9,PayPal,refusé
5158,5158,2019-09-22,1320.73,PayPal,refusé
5159,5159,2025-03-05,561.04,Carte,refusé
5160,5160,2022-11-07,294.61,Virement,refusé
5161,5161,2022-11-14,1106.15,PayPal,refusé
5162,5162,2025-08-04,1422.93,Virement,refusé
5163,5163,2020-02-08,1658.15,Carte,accepté
5164,5164,2024-03-05,430.65,PayPal,refusé
5165,5165,2023-12-06,1773.64,Virement,accepté
5166,5166,2020-06-09,1961.95,PayPal,accepté
5167,5167,2022-04-14,1295.32,Carte,accepté
5168,5168,2020-10-18,739.45,PayPal,accepté
5169,5169,2024-02-03,615.32,Virement,refusé
5170,5170,2022-04-14,1325.72,Carte,accepté
5171,5171,2025-03-31,1202.65,PayPal,accepté
5172,5172,2021-03-15,1431.96,Virement,refusé
5173,5173,2025-04-04,470.68,Virement,accepté
5174,5174,2021-02-10,526.07,Carte,refusé
5175,5175,2019-06-16,1734.73,Carte,accepté
5176,5176,2025-09-17,1180.93,Virement,accepté
5177,5177,2020-08-31,875.95,Carte,accepté
5178,5178,2019-02-28,1641.95,Carte,refusé
5179,5179,2023-09-05,1707.59,Virement,accepté
5180,5180,2019-07-04,1666.45,Carte,accepté
5181,5181,2022-04-12,355.02,Virement,accepté
5182,5182,2019-02-01,143.8,PayPal,accepté
5183,5183,2022-11-20,712.77,Virement,refusé
5184,5184,2020-04-14,671.47,Carte,accepté
5185,5185,2022-12-15,1993.34,Carte,accepté
5186,5186,2019-07-25,1849.89,Virement,refusé
5187,5187,2023-10-17,1662.78,PayPal,accepté
5188,5188,2025-01-17,1145.69,Carte,accepté
5189,5189,2019-01-16,626.99,Carte,refusé
5190,5190,2020-08-26,1748.56,Virement,accepté
5191,5191,2025-04-05,1520.68,Virement,refusé
5192,5192,2019-09-07,43.2,Carte,refusé
5193,5193,2024-03-21,1370.78,Virement,accepté
5194,5194,2023-10-04,294.66,Virement,refusé
5195,5195,2025-04-21,88.51,Virement,refusé
5196,5196,2024-04-07,1176.83,PayPal,refusé
5197,5197,2024-11-27,1180.35,Carte,accepté
5198,5198,2021-12-03,600.94,PayPal,accepté
5199,5199,2021-07-03,44.83,Virement,refusé
5200,5200,2024-10-10,271.55,Carte,refusé
5201,5201,2024-03-27,907.85,Carte,refusé
5202,5202,2022-05-21,159.51,PayPal,accepté
5203,5203,2023-06-06,1908.46,PayPal,accepté
5204,5204,2023-10-02,582.37,PayPal,refusé
5205,5205,2020-09-27,1842.89,Carte,refusé
5206,5206,2024-11-16,863.54,PayPal,refusé
5207,5207,2024-09-26,539.44,PayPal,refusé
5208,5208,2023-05-26,1545.77,Carte,accepté
5209,5209,2024-11-25,868.34,Virement,refusé
5210,5210,2022-09-21,1178.46,PayPal,refusé
5211,5211,2024-10-05,290.22,PayPal,refusé
5212,5212,2020-09-19,1842.64,PayPal,refusé
5213,5213,2019-04-06,1421.6,PayPal,accepté
5214,5214,2019-06-04,555.92,PayPal,accepté
5215,5215,2021-01-25,1205.34,Carte,accepté
5216,5216,2024-11-23,1670.72,Carte,accepté
5217,5217,2023-10-10,722.9,Virement,accepté
5218,5218,2022-11-17,286.43,PayPal,refusé
5219,5219,2023-01-29,658.53,Virement,accepté
5220,5220,2022-12-04,538.11,PayPal,refusé
5221,5221,2020-09-09,213.59,PayPal,refusé
5222,5222,2019-09-13,1929.64,Carte,accepté
5223,5223,2020-10-29,1420.04,Carte,refusé
5224,5224,2020-01-12,631.48,Carte,refusé
5225,5225,2021-12-10,752.04,Virement,accepté
5226,5226,2019-11-07,133.62,Virement,refusé
5227,5227,2023-02-25,133.56,PayPal,refusé
5228,5228,2025-09-07,550.52,Virement,accepté
5229,5229,2023-06-04,1066.94,Carte,refusé
5230,5230,2021-12-20,1190.34,PayPal,refusé
5231,5231,2019-09-19,539.53,Carte,refusé
5232,5232,2021-06-25,1267.31,Virement,refusé
5233,5233,2023-02-14,383.43,Carte,accepté
5234,5234,2021-05-29,1306.71,Carte,refusé
5235,5235,2020-06-07,37.05,Carte,accepté
5236,5236,2019-03-29,1556.94,PayPal,accepté
5237,5237,2021-11-12,305.34,PayPal,accepté
5238,5238,2020-11-08,1961.61,Virement,accepté
5239,5239,2019-06-20,1890.41,Virement,refusé
5240,5240,2019-06-04,1271.85,PayPal,refusé
5241,5241,2021-03-22,479.24,PayPal,accepté
5242,5242,2020-01-05,119.74,Carte,refusé
5243,5243,2021-07-27,982.3,Carte,accepté
5244,5244,2023-05-29,1314.48,Virement,accepté
5245,5245,2019-11-27,289.37,Carte,refusé
5246,5246,2019-04-20,1685.26,PayPal,accepté
5247,5247,2023-06-27,1701.5,PayPal,refusé
5248,5248,2020-07-03,806.98,PayPal,accepté
5249,5249,2023-08-04,832.51,PayPal,accepté
5250,5250,2021-04-08,394.21,Carte,refusé
5251,5251,2024-10-08,421.51,Virement,refusé
5252,5252,2023-05-14,136.85,Carte,accepté
5253,5253,2024-10-26,756.76,Carte,refusé
5254,5254,2019-07-25,1298.22,Virement,refusé
5255,5255,2024-07-12,1782.09,PayPal,accepté
5256,5256,2021-11-02,1970.17,PayPal,accepté
5257,5257,2024-10-12,476.22,Virement,accepté
5258,5258,2022-03-22,493.81,PayPal,accepté
5259,5259,2020-08-19,524.7,Virement,refusé
5260,5260,2022-03-22,664.95,Carte,refusé
5261,5261,2025-06-11,1131.62,Carte,accepté
5262,5262,2022-03-22,245.6,Carte,refusé
5263,5263,2019-07-31,1953.26,Virement,accepté
5264,5264,2024-02-03,853.21,Carte,accepté
5265,5265,2024-08-19,1452.61,PayPal,accepté
5266,5266,2022-04-09,482.89,PayPal,accepté
5267,5267,2023-04-20,94.55,Carte,refusé
5268,5268,2025-06-16,1820.51,PayPal,refusé
5269,5269,2022-12-23,1116.31,Carte,accepté
5270,5270,2022-04-12,1949.67,Virement,refusé
5271,5271,2022-09-08,512.01,Virement,refusé
5272,5272,2024-07-01,317.33,Virement,refusé
5273,5273,2023-10-21,1000.31,Carte,refusé
5274,5274,2024-05-13,628.19,Carte,refusé
5275,5275,2021-08-15,1051.79,Carte,accepté
5276,5276,2019-04-09,211.09,Virement,refusé
5277,5277,2021-04-22,1466.7,Virement,accepté
5278,5278,2023-12-29,55.99,PayPal,accepté
5279,5279,2020-01-02,455.03,PayPal,refusé
5280,5280,2019-11-07,907.0,Carte,accepté
5281,5281,2023-11-09,817.82,Carte,refusé
5282,5282,2019-08-11,1807.84,PayPal,accepté
5283,5283,2022-03-15,1524.56,Carte,accepté
5284,5284,2024-09-02,1132.58,Virement,accepté
5285,5285,2023-12-29,1571.07,Carte,refusé
5286,5286,2020-08-12,475.92,Carte,accepté
5287,5287,2023-04-29,1358.59,PayPal,accepté
5288,5288,2022-09-04,1612.64,Carte,accepté
5289,5289,2021-01-06,487.79,PayPal,refusé
5290,5290,2020-02-15,763.3,Virement,accepté
5291,5291,2022-04-06,160.76,Virement,accepté
5292,5292,2019-12-22,904.93,Virement,accepté
5293,5293,2021-03-12,1541.0,PayPal,accepté
5294,5294,2025-11-18,1650.24,Virement,accepté
5295,5295,2020-06-15,923.06,Virement,refusé
5296,5296,2023-09-23,1847.7,Virement,refusé
5297,5297,2019-03-21,936.89,Carte,accepté
5298,5298,2022-04-15,225.3,Virement,refusé
5299,5299,2024-03-12,1636.4,PayPal,refusé
5300,5300,2019-10-26,1249.59,Carte,accepté
5301,5301,2021-05-30,1954.47,PayPal,refusé
5302,5302,2024-06-03,1673.78,PayPal,refusé
5303,5303,2019-03-30,1626.61,Virement,accepté
5304,5304,2022-04-25,1713.46,PayPal,refusé
5305,5305,2025-06-09,132.01,Virement,refusé
5306,5306,2021-10-24,379.19,Virement,refusé
5307,5307,2023-05-05,616.66,Carte,refusé
5308,5308,2022-02-13,368.65,Carte,refusé
5309,5309,2025-02-05,108.04,Carte,accepté
5310,5310,2024-07-18,307.6,Virement,accepté
5311,5311,2021-05-05,1749.05,Carte,refusé
5312,5312,2021-12-05,108.14,Virement,refusé
5313,5313,2025-02-27,1579.72,PayPal,refusé
5314,5314,2023-06-28,1942.57,Carte,refusé
5315,5315,2020-10-17,974.47,Carte,refusé
5316,5316,2025-05-07,211.66,PayPal,accepté
5317,5317,2025-02-10,496.92,PayPal,refusé
5318,5318,2025-05-25,220.06,Virement,refusé
5319,5319,2019-03-29,76.6,Virement,refusé
5320,5320,2021-10-04,246.36,Virement,refusé
5321,5321,2022-01-01,374.58,Virement,accepté
5322,5322,2025-04-17,1145.54,Carte,refusé
5323,5323,2023-06-24,399.44,PayPal,refusé
5324,5324,2019-05-25,651.17,Virement,refusé
5325,5325,2024-05-20,825.91,PayPal,refusé
5326,5326,2021-11-16,710.96,Virement,refusé
5327,5327,2019-07-28,300.88,Virement,accepté
5328,5328,2020-07-17,409.15,PayPal,accepté
5329,5329,2024-02-19,703.43,Virement,accepté
5330,5330,2025-10-24,436.89,PayPal,accepté
5331,5331,2021-02-12,872.86,Carte,accepté
5332,5332,2025-04-27,1385.8,Carte,refusé
5333,5333,2019-08-12,1164.57,Virement,accepté
5334,5334,2019-05-14,729.59,Virement,accepté
5335,5335,2021-01-25,552.37,PayPal,accepté
5336,5336,2019-03-23,599.96,PayPal,accepté
5337,5337,2019-02-03,447.6,Carte,refusé
5338,5338,2025-02-05,765.34,Carte,refusé
5339,5339,2021-10-22,1721.53,Carte,accepté
5340,5340,2021-07-23,1257.58,PayPal,accepté
5341,5341,2021-04-07,29.58,Virement,refusé
5342,5342,2025-08-14,635.4,Virement,refusé
5343,5343,2022-10-29,1843.72,Virement,accepté
5344,5344,2023-11-13,1873.93,PayPal,refusé
5345,5345,2025-04-16,1222.16,PayPal,refusé
5346,5346,2020-02-07,120.29,Carte,accepté
5347,5347,2024-07-08,1047.22,Virement,accepté
5348,5348,2021-01-25,836.59,Virement,refusé
5349,5349,2020-12-16,1817.7,PayPal,refusé
5350,5350,2019-06-19,1011.62,PayPal,refusé
5351,5351,2022-08-23,1284.58,PayPal,refusé
5352,5352,2022-11-27,593.23,Virement,refusé
5353,5353,2022-12-19,1569.95,Virement,refusé
5354,5354,2023-02-25,1338.52,Carte,refusé
5355,5355,2022-03-27,815.48,Carte,accepté
5356,5356,2019-03-06,391.15,PayPal,refusé
5357,5357,2020-05-14,1320.87,Virement,accepté
5358,5358,2019-03-15,90.26,PayPal,accepté
5359,5359,2023-02-26,1464.07,PayPal,accepté
5360,5360,2024-02-19,1072.88,Carte,accepté
5361,5361,2023-12-15,1541.34,Carte,accepté
5362,5362,2023-12-17,1747.7,Carte,accepté
5363,5363,2024-04-05,1662.59,PayPal,accepté
5364,5364,2025-06-09,697.59,PayPal,refusé
5365,5365,2021-03-28,963.81,PayPal,refusé
5366,5366,2020-06-22,1154.95,PayPal,accepté
5367,5367,2025-05-02,532.04,Carte,accepté
5368,5368,2021-04-03,1449.95,PayPal,accepté
5369,5369,2021-10-08,700.38,Carte,accepté
5370,5370,2023-02-27,1809.06,Virement,accepté
5371,5371,2023-10-16,386.53,Carte,accepté
5372,5372,2024-04-15,259.49,Carte,accepté
5373,5373,2024-09-08,1070.77,Carte,refusé
5374,5374,2019-03-20,101.24,PayPal,refusé
5375,5375,2025-08-21,1556.02,Virement,accepté
5376,5376,2024-09-28,1773.81,Virement,refusé
5377,5377,2020-09-23,1428.07,Carte,accepté
5378,5378,2020-06-30,1447.61,Virement,refusé
5379,5379,2022-12-01,636.19,Virement,refusé
5380,5380,2020-05-05,187.66,Virement,refusé
5381,5381,2021-09-27,841.83,Carte,accepté
5382,5382,2024-12-27,954.26,PayPal,accepté
5383,5383,2019-05-12,1289.82,Carte,refusé
5384,5384,2022-09-30,818.38,Carte,accepté
5385,5385,2019-10-28,64.77,PayPal,accepté
5386,5386,2020-06-27,1053.25,Virement,accepté
5387,5387,2025-06-29,470.03,Carte,refusé
5388,5388,2020-02-12,1165.15,PayPal,accepté
5389,5389,2021-09-19,22.73,Carte,refusé
5390,5390,2022-10-07,1499.78,Virement,accepté
5391,5391,2023-05-13,59.94,PayPal,accepté
5392,5392,2025-11-26,1088.43,PayPal,accepté
5393,5393,2021-03-08,662.24,Virement,refusé
5394,5394,2023-03-28,796.35,Carte,refusé
5395,5395,2025-10-11,1956.76,Virement,accepté
5396,5396,2024-06-10,302.15,PayPal,refusé
5397,5397,2024-10-16,155.19,Carte,accepté
5398,5398,2021-01-04,1045.02,Virement,accepté
5399,5399,2022-10-23,1388.97,Virement,accepté
5400,5400,2022-06-12,878.37,Carte,refusé
5401,5401,2019-12-27,33.71,PayPal,refusé
5402,5402,2020-11-27,167.87,PayPal,accepté
5403,5403,2024-03-11,1345.76,Carte,refusé
5404,5404,2019-12-09,924.63,Virement,accepté
5405,5405,2023-05-25,410.94,Carte,accepté
5406,5406,2020-05-02,347.39,Virement,accepté
5407,5407,2021-12-23,1841.3,Virement,refusé
5408,5408,2024-08-20,1571.03,PayPal,refusé
5409,5409,2020-03-07,980.62,Virement,refusé
5410,5410,2023-03-19,98.09,Virement,accepté
5411,5411,2019-04-28,1639.98,Virement,accepté
5412,5412,2024-03-31,959.66,Carte,accepté
5413,5413,2023-04-01,833.5,PayPal,accepté
5414,5414,2022-06-29,903.01,PayPal,accepté
5415,5415,2019-05-19,503.05,PayPal,accepté
5416,5416,2021-09-24,1907.01,Carte,refusé
5417,5417,2025-11-04,460.4,PayPal,accepté
5418,5418,2021-01-25,1681.75,Carte,accepté
5419,5419,2025-01-16,1158.36,Virement,accepté
5420,5420,2023-06-25,867.15,PayPal,accepté
5421,5421,2020-04-02,1952.67,Virement,accepté
5422,5422,2020-03-26,902.65,Carte,refusé
5423,5423,2023-10-09,890.76,Carte,refusé
5424,5424,2025-09-18,1020.16,PayPal,accepté
5425,5425,2020-03-09,246.99,Carte,accepté
5426,5426,2024-02-19,1112.43,Virement,accepté
5427,5427,2019-06-25,987.86,Carte,accepté
5428,5428,2021-08-29,1380.81,PayPal,refusé
5429,5429,2019-11-11,115.01,Virement,accepté
5430,5430,2025-01-18,909.29,Carte,refusé
5431,5431,2021-12-06,215.26,PayPal,refusé
5432,5432,2022-12-01,1917.12,Carte,refusé
5433,5433,2024-03-29,859.02,PayPal,refusé
5434,5434,2022-05-22,1657.6,PayPal,accepté
5435,5435,2021-06-18,1195.34,Virement,refusé
5436,5436,2022-08-28,1493.49,PayPal,accepté
5437,5437,2024-03-17,1160.07,Virement,refusé
5438,5438,2019-12-16,573.96,PayPal,accepté
5439,5439,2023-01-30,1374.92,Carte,accepté
5440,5440,2024-06-20,54.32,Carte,refusé
5441,5441,2019-09-13,731.77,Carte,accepté
5442,5442,2022-02-24,1605.6,Virement,refusé
5443,5443,2025-01-28,1235.93,Carte,refusé
5444,5444,2020-07-30,1262.33,Carte,refusé
5445,5445,2023-11-21,930.5,Carte,accepté
5446,5446,2025-03-13,1253.12,PayPal,refusé
5447,5447,2024-01-13,798.72,Carte,accepté
5448,5448,2025-10-02,158.44,PayPal,refusé
5449,5449,2024-07-08,1620.3,PayPal,refusé
5450,5450,2019-11-20,1980.77,Carte,refusé
5451,5451,2024-12-24,1164.82,Virement,refusé
5452,5452,2024-08-09,580.97,PayPal,accepté
5453,5453,2020-02-25,1798.46,Virement,accepté
5454,5454,2020-05-04,125.32,Virement,accepté
5455,5455,2023-06-19,1663.78,PayPal,accepté
5456,5456,2025-02-13,1505.1,Virement,refusé
5457,5457,2021-05-12,111.12,PayPal,refusé
5458,5458,2019-01-20,785.16,Carte,accepté
5459,5459,2021-08-31,990.57,Carte,accepté
5460,5460,2021-11-08,629.09,Carte,accepté
5461,5461,2019-10-04,1193.41,PayPal,refusé
5462,5462,2020-06-30,1392.05,PayPal,accepté
5463,5463,2021-04-12,1626.14,Virement,accepté
5464,5464,2020-01-12,424.59,PayPal,refusé
5465,5465,2021-04-25,357.26,Virement,refusé
5466,5466,2019-06-25,306.56,Virement,accepté
5467,5467,2021-02-19,1588.69,Virement,refusé
5468,5468,2021-08-15,540.61,Virement,refusé
5469,5469,2024-07-17,1780.49,Carte,accepté
5470,5470,2020-04-15,725.52,Virement,refusé
5471,5471,2023-11-13,544.78,PayPal,accepté
5472,5472,2022-02-10,1057.53,PayPal,refusé
5473,5473,2022-03-10,1226.88,PayPal,refusé
5474,5474,2023-05-13,934.09,PayPal,refusé
5475,5475,2019-08-25,776.11,Virement,accepté
5476,5476,2021-03-19,702.36,Virement,accepté
5477,5477,2021-12-30,857.2,PayPal,refusé
5478,5478,2025-05-17,509.92,Carte,accepté
5479,5479,2023-08-04,1481.07,Carte,refusé
5480,5480,2024-05-08,340.12,PayPal,accepté
5481,5481,2021-12-18,1770.17,Carte,accepté
5482,5482,2025-06-01,1464.2,PayPal,refusé
5483,5483,2022-01-21,721.33,PayPal,accepté
5484,5484,2021-05-13,610.11,PayPal,refusé
5485,5485,2020-07-18,1825.41,Virement,accepté
5486,5486,2025-05-09,1436.17,Carte,accepté
5487,5487,2025-01-23,622.92,Carte,accepté
5488,5488,2022-12-04,1595.71,Carte,accepté
5489,5489,2025-04-25,764.9,PayPal,accepté
5490,5490,2023-05-23,101.51,Carte,refusé
5491,5491,2025-07-14,1628.11,Carte,refusé
5492,5492,2024-04-23,489.84,PayPal,accepté
5493,5493,2024-03-14,1929.9,PayPal,refusé
5494,5494,2024-03-13,1887.19,Virement,refusé
5495,5495,2023-02-16,1926.45,Virement,accepté
5496,5496,2025-03-02,1430.59,PayPal,refusé
5497,5497,2020-05-12,1777.68,PayPal,accepté
5498,5498,2019-10-17,53.19,PayPal,refusé
5499,5499,2019-04-18,1250.31,Virement,accepté
5500,5500,2023-11-30,644.44,Carte,refusé
5501,5501,2022-04-11,1323.26,Carte,refusé
5502,5502,2019-06-23,1783.56,Virement,refusé
5503,5503,2019-10-22,468.86,Virement,accepté
5504,5504,2020-11-18,581.19,PayPal,refusé
5505,5505,2019-05-05,1657.2,Carte,accepté
5506,5506,2024-03-14,981.94,Virement,accepté
5507,5507,2025-05-28,45.28,Virement,accepté
5508,5508,2023-03-14,1301.84,Virement,accepté
5509,5509,2019-08-24,1109.31,Carte,accepté
5510,5510,2020-04-22,297.31,Virement,accepté
5511,5511,2024-11-03,518.77,Virement,accepté
5512,5512,2024-06-26,1137.1,PayPal,refusé
5513,5513,2021-07-24,1203.24,Carte,refusé
5514,5514,2019-06-03,274.11,Carte,accepté
5515,5515,2019-07-02,1811.66,Carte,accepté
5516,5516,2024-03-15,1396.6,Virement,refusé
5517,5517,2024-09-23,1701.58,PayPal,accepté
5518,5518,2024-10-01,864.19,Virement,refusé
5519,5519,2025-08-15,893.68,PayPal,accepté
5520,5520,2019-05-14,560.88,PayPal,accepté
5521,5521,2020-05-19,1064.46,Carte,refusé
5522,5522,2022-04-04,38.3,PayPal,accepté
5523,5523,2019-09-27,1136.65,PayPal,refusé
5524,5524,2021-06-01,1207.78,Virement,accepté
5525,5525,2020-04-24,1687.03,Carte,accepté
5526,5526,2023-04-15,1158.13,Virement,accepté
5527,5527,2019-04-28,749.89,Virement,refusé
5528,5528,2022-04-23,355.65,Virement,accepté
5529,5529,2019-07-28,486.18,Virement,refusé
5530,5530,2025-09-27,964.36,Virement,accepté
5531,5531,2020-03-01,1183.72,PayPal,accepté
5532,5532,2020-07-11,952.49,Virement,refusé
5533,5533,2025-07-21,1123.09,PayPal,accepté
5534,5534,2020-01-10,791.76,Carte,refusé
5535,5535,2024-05-22,1301.13,Virement,refusé
5536,5536,2025-02-02,1868.86,Virement,accepté
5537,5537,2019-05-27,1323.35,PayPal,refusé
5538,5538,2023-01-21,624.56,PayPal,refusé
5539,5539,2025-03-08,783.31,PayPal,accepté
5540,5540,2020-05-23,1167.72,Virement,accepté
5541,5541,2023-07-19,483.85,Virement,accepté
5542,5542,2024-11-09,435.36,PayPal,accepté
5543,5543,2023-07-10,1556.0,PayPal,accepté
5544,5544,2019-09-12,1142.28,PayPal,accepté
5545,5545,2024-12-04,1838.78,PayPal,accepté
5546,5546,2019-12-23,1590.56,PayPal,refusé
5547,5547,2019-09-27,1251.14,Virement,accepté
5548,5548,2025-02-06,442.3,Carte,refusé
5549,5549,2020-05-08,1480.29,Virement,refusé
5550,5550,2023-04-29,511.09,Virement,accepté
5551,5551,2020-11-08,1143.4,Carte,refusé
5552,5552,2024-08-05,1650.66,PayPal,accepté
5553,5553,2023-06-18,1592.96,Virement,accepté
5554,5554,2022-05-01,605.85,Carte,accepté
5555,5555,2022-04-08,31.13,PayPal,accepté
5556,5556,2022-12-09,1036.1,Virement,refusé
5557,5557,2024-05-07,202.86,PayPal,accepté
5558,5558,2023-02-02,484.58,Virement,refusé
5559,5559,2021-11-18,1639.96,PayPal,refusé
5560,5560,2023-05-18,159.38,Carte,accepté
5561,5561,2022-06-02,1466.74,Carte,refusé
5562,5562,2021-01-01,761.3,Virement,refusé
5563,5563,2020-11-12,1949.02,PayPal,accepté
5564,5564,2019-05-21,556.6,Virement,refusé
5565,5565,2022-05-15,1066.69,Virement,accepté
5566,5566,2022-04-24,801.26,Virement,accepté
5567,5567,2024-05-03,1928.78,Virement,refusé
5568,5568,2022-10-19,1835.9,Carte,refusé
5569,5569,2022-05-23,1765.76,Carte,accepté
5570,5570,2019-09-26,482.1,PayPal,refusé
5571,5571,2020-11-04,1867.73,Carte,refusé
5572,5572,2023-05-08,646.82,PayPal,refusé
5573,5573,2025-05-22,504.64,PayPal,accepté
5574,5574,2025-09-01,668.97,PayPal,accepté
5575,5575,2020-03-01,1828.95,Carte,accepté
5576,5576,2020-12-25,781.07,Carte,refusé
5577,5577,2024-04-23,256.93,PayPal,accepté
5578,5578,2023-09-24,1282.0,Carte,accepté
5579,5579,2024-07-19,577.26,Carte,accepté
5580,5580,2021-03-11,1471.97,Virement,refusé
5581,5581,2020-10-03,671.12,Carte,refusé
5582,5582,2020-08-28,1895.36,Carte,refusé
5583,5583,2024-02-13,710.2,PayPal,refusé
5584,5584,2021-03-15,655.98,Carte,accepté
5585,5585,2024-07-09,1013.71,Carte,refusé
5586,5586,2022-06-05,1881.02,PayPal,refusé
5587,5587,2020-10-27,1990.76,PayPal,refusé
5588,5588,2020-03-27,1924.67,Carte,refusé
5589,5589,2022-03-28,437.72,Carte,accepté
5590,5590,2020-06-09,640.43,Carte,accepté
5591,5591,2020-04-01,728.56,Virement,accepté
5592,5592,2022-04-11,1499.67,Virement,refusé
5593,5593,2020-07-17,1444.29,PayPal,accepté
5594,5594,2023-04-10,640.32,PayPal,refusé
5595,5595,2020-07-31,1208.9,Carte,refusé
5596,5596,2021-05-31,1259.63,PayPal,accepté
5597,5597,2025-05-11,1520.41,PayPal,refusé
5598,5598,2022-01-05,1481.99,Carte,refusé
5599,5599,2019-01-16,1115.82,PayPal,accepté
5600,5600,2025-10-10,434.85,Virement,refusé
5601,5601,2020-02-15,281.22,Carte,accepté
5602,5602,2019-08-23,226.64,PayPal,accepté
5603,5603,2019-11-30,47.01,PayPal,accepté
5604,5604,2020-10-19,180.27,Carte,accepté
5605,5605,2025-08-03,155.12,PayPal,refusé
5606,5606,2025-07-16,1958.98,Virement,refusé
5607,5607,2023-08-08,1489.71,Carte,refusé
5608,5608,2022-04-12,1549.86,Virement,refusé
5609,5609,2024-10-19,1255.43,PayPal,refusé
5610,5610,2025-12-24,532.09,Carte,accepté
5611,5611,2024-09-25,669.2,PayPal,refusé
5612,5612,2023-12-22,819.39,PayPal,accepté
5613,5613,2022-04-20,1330.49,Carte,refusé
5614,5614,2024-03-14,895.71,PayPal,refusé
5615,5615,2023-06-14,700.54,PayPal,accepté
5616,5616,2021-01-14,370.17,PayPal,refusé
5617,5617,2023-05-12,1472.38,Carte,refusé
5618,5618,2022-12-19,149.31,Virement,refusé
5619,5619,2025-11-30,1162.09,Carte,accepté
5620,5620,2023-04-22,1720.86,Carte,accepté
5621,5621,2020-08-17,1696.81,PayPal,accepté
5622,5622,2022-03-12,689.39,PayPal,refusé
5623,5623,2025-03-05,380.2,Virement,accepté
5624,5624,2025-12-11,1229.59,Virement,refusé
5625,5625,2019-04-14,34.11,Carte,refusé
5626,5626,2023-12-27,1774.36,Carte,refusé
5627,5627,2024-06-13,445.36,Virement,refusé
5628,5628,2021-08-25,347.04,Carte,accepté
5629,5629,2022-02-01,85.38,Virement,accepté
5630,5630,2021-04-14,1532.63,Virement,accepté
5631,5631,2023-11-02,925.71,Carte,refusé
5632,5632,2025-09-24,805.16,PayPal,accepté
5633,5633,2019-06-30,1714.83,Virement,accepté
5634,5634,2021-07-20,1316.24,Virement,refusé
5635,5635,2019-07-03,512.71,PayPal,accepté
5636,5636,2021-05-27,347.71,Virement,accepté
5637,5637,2025-01-07,994.9,Virement,accepté
5638,5638,2022-03-12,51.34,PayPal,refusé
5639,5639,2019-03-24,995.77,Virement,refusé
5640,5640,2022-02-17,92.67,Carte,accepté
5641,5641,2021-08-24,367.16,Carte,refusé
5642,5642,2019-09-06,575.55,PayPal,accepté
5643,5643,2024-03-10,541.62,Carte,accepté
5644,5644,2025-06-08,884.38,PayPal,refusé
5645,5645,2021-03-30,626.75,PayPal,accepté
5646,5646,2024-03-07,798.27,PayPal,refusé
5647,5647,2025-05-04,973.72,PayPal,refusé
5648,5648,2020-04-12,1031.21,Virement,refusé
5649,5649,2021-11-18,72.67,Virement,refusé
5650,5650,2023-10-31,1500.76,PayPal,accepté
5651,5651,2024-07-13,1285.16,Virement,refusé
5652,5652,2024-07-21,1995.45,Carte,accepté
5653,5653,2022-05-01,1076.79,PayPal,refusé
5654,5654,2019-07-06,289.85,Virement,refusé
5655,5655,2022-07-18,1277.81,Carte,accepté
5656,5656,2022-12-11,631.08,Virement,refusé
5657,5657,2021-03-24,708.13,PayPal,accepté
5658,5658,2024-02-01,886.35,Carte,accepté
5659,5659,2023-08-17,277.56,PayPal,accepté
5660,5660,2023-11-06,1862.43,PayPal,accepté
5661,5661,2021-07-24,1039.7,Carte,refusé
5662,5662,2024-12-23,526.47,Virement,accepté
5663,5663,2024-07-14,437.26,PayPal,refusé
5664,5664,2019-03-23,1690.99,PayPal,accepté
5665,5665,2025-05-06,1447.43,Virement,refusé
5666,5666,2022-08-10,1167.33,PayPal,refusé
5667,5667,2023-07-18,1267.93,Virement,refusé
5668,5668,2021-09-22,1402.77,PayPal,accepté
5669,5669,2023-07-28,42.5,PayPal,accepté
5670,5670,2023-04-22,406.67,Virement,accepté
5671,5671,2024-09-10,188.05,Carte,accepté
5672,5672,2021-09-12,1859.31,Carte,refusé
5673,5673,2024-04-24,723.07,Carte,accepté
5674,5674,2023-02-26,248.97,PayPal,refusé
5675,5675,2019-11-23,460.2,Carte,refusé
5676,5676,2020-10-01,634.27,Carte,accepté
5677,5677,2025-07-28,652.03,PayPal,refusé
5678,5678,2019-10-10,1038.65,PayPal,accepté
5679,5679,2024-12-15,964.28,Virement,refusé
5680,5680,2023-10-02,1873.65,Carte,accepté
5681,5681,2022-08-16,1233.72,PayPal,accepté
5682,5682,2019-12-25,1874.71,Carte,refusé
5683,5683,2021-05-20,1864.51,Carte,accepté
5684,5684,2021-02-11,1773.96,Carte,accepté
5685,5685,2025-06-06,1379.83,Virement,refusé
5686,5686,2025-04-07,651.12,Virement,accepté
5687,5687,2022-05-25,613.59,Virement,refusé
5688,5688,2023-12-03,415.28,Carte,refusé
5689,5689,2024-08-10,321.96,Carte,accepté
5690,5690,2021-12-15,320.49,PayPal,refusé
5691,5691,2019-06-03,1604.46,Virement,refusé
5692,5692,2022-06-10,1324.17,PayPal,accepté
5693,5693,2020-07-24,1951.27,PayPal,refusé
5694,5694,2024-06-03,907.21,Carte,accepté
5695,5695,2025-06-24,659.15,Carte,refusé
5696,5696,2024-12-26,244.82,Carte,accepté
5697,5697,2022-12-30,401.55,PayPal,refusé
5698,5698,2019-02-15,297.25,PayPal,refusé
5699,5699,2023-06-21,1307.62,Carte,accepté
5700,5700,2022-03-31,547.13,Virement,accepté
5701,5701,2025-10-19,1166.72,PayPal,accepté
5702,5702,2020-03-01,1760.78,Carte,accepté
5703,5703,2025-03-06,1396.78,Virement,accepté
5704,5704,2024-05-11,1040.23,Virement,refusé
5705,5705,2022-01-29,1995.91,PayPal,refusé
5706,5706,2019-05-01,380.34,Carte,accepté
5707,5707,2025-07-02,509.86,PayPal,accepté
5708,5708,2024-01-27,302.71,Virement,accepté
5709,5709,2020-05-16,1661.46,Virement,accepté
5710,5710,2020-01-04,1646.89,Carte,refusé
5711,5711,2025-09-25,696.41,Virement,refusé
5712,5712,2024-04-25,616.02,PayPal,accepté
5713,5713,2022-08-27,1358.27,Virement,accepté
5714,5714,2019-03-21,287.23,Carte,accepté
5715,5715,2025-12-23,1751.74,Virement,refusé
5716,5716,2020-05-09,1567.22,PayPal,accepté
5717,5717,2021-12-24,1489.93,Carte,accepté
5718,5718,2019-09-14,1206.15,PayPal,accepté
5719,5719,2020-11-02,1067.89,PayPal,accepté
5720,5720,2019-01-04,1303.0,PayPal,refusé
5721,5721,2025-12-13,1783.55,Virement,refusé
5722,5722,2022-04-20,511.6,Virement,refusé
5723,5723,2019-12-20,1838.19,Virement,accepté
5724,5724,2020-10-14,1536.17,PayPal,refusé
5725,5725,2022-05-28,1542.37,Carte,refusé
5726,5726,2025-01-14,1692.56,Virement,refusé
5727,5727,2019-10-16,252.5,Virement,accepté
5728,5728,2022-11-28,1899.65,Virement,accepté
5729,5729,2021-08-01,760.34,Carte,refusé
5730,5730,2020-06-22,1960.26,Virement,accepté
5731,5731,2019-02-18,745.58,Virement,accepté
5732,5732,2023-08-10,429.65,Carte,refusé
5733,5733,2021-06-17,1980.71,Virement,refusé
5734,5734,2024-02-26,771.36,PayPal,accepté
5735,5735,2024-12-14,1762.21,PayPal,refusé
5736,5736,2025-12-24,561.47,PayPal,accepté
5737,5737,2025-05-22,403.21,Carte,refusé
5738,5738,2020-08-04,1757.65,Carte,accepté
5739,5739,2019-07-23,41.51,PayPal,refusé
5740,5740,2021-01-26,426.47,PayPal,refusé
5741,5741,2019-03-30,1323.52,Virement,refusé
5742,5742,2023-09-16,1279.44,Virement,refusé
5743,5743,2019-12-03,1013.66,Virement,accepté
5744,5744,2024-10-29,1965.4,PayPal,refusé
5745,5745,2020-04-28,1862.55,PayPal,refusé
5746,5746,2025-12-14,962.77,Virement,refusé
5747,5747,2021-11-01,1451.58,Carte,accepté
5748,5748,2025-03-04,856.43,Carte,refusé
5749,5749,2023-03-28,376.43,PayPal,accepté
5750,5750,2024-10-13,1429.81,Virement,accepté
5751,5751,2023-04-09,1592.3,Carte,refusé
5752,5752,2022-02-09,362.43,Virement,accepté
5753,5753,2021-04-14,601.56,Carte,refusé
5754,5754,2024-07-30,265.25,PayPal,refusé
5755,5755,2021-10-11,408.24,Virement,accepté
5756,5756,2023-04-27,211.63,PayPal,accepté
5757,5757,2021-01-21,1117.7,Carte,refusé
5758,5758,2019-01-30,826.14,Carte,refusé
5759,5759,2021-09-09,1388.69,Carte,accepté
5760,5760,2021-01-28,1744.98,Virement,accepté
5761,5761,2025-08-20,1573.33,Virement,accepté
5762,5762,2021-06-11,1179.52,PayPal,accepté
5763,5763,2021-05-28,904.71,Carte,refusé
5764,5764,2019-09-03,1122.96,PayPal,refusé
5765,5765,2020-04-09,97.73,Carte,accepté
5766,5766,2019-11-01,1048.02,Carte,accepté
5767,5767,2019-10-07,1542.29,Virement,accepté
5768,5768,2024-10-13,250.68,Virement,accepté
5769,5769,2019-05-09,537.94,Carte,refusé
5770,5770,2025-07-16,655.81,PayPal,accepté
5771,5771,2025-09-22,336.82,Carte,accepté
5772,5772,2020-08-12,736.11,Carte,accepté
5773,5773,2024-08-17,645.88,Carte,accepté
5774,5774,2024-10-11,623.18,Virement,refusé
5775,5775,2021-07-03,125.24,PayPal,accepté
5776,5776,2021-09-18,933.14,PayPal,accepté
5777,5777,2024-05-17,619.25,Virement,refusé
5778,5778,2024-12-27,662.88,Virement,refusé
5779,5779,2024-03-11,1167.27,PayPal,refusé
5780,5780,2024-02-21,1181.3,Virement,refusé
5781,5781,2020-05-03,1328.37,Virement,refusé
5782,5782,2023-10-21,1697.0,Carte,accepté
5783,5783,2021-06-06,1224.56,Carte,accepté
5784,5784,2023-04-26,964.12,Carte,accepté
5785,5785,2023-08-24,1074.95,Carte,accepté
5786,5786,2024-03-26,750.16,Virement,accepté
5787,5787,2022-04-08,600.69,PayPal,refusé
5788,5788,2021-02-02,909.71,Virement,refusé
5789,5789,2024-12-29,1964.36,Carte,accepté
5790,5790,2020-10-01,274.04,Virement,refusé
5791,5791,2019-09-01,1091.89,Carte,accepté
5792,5792,2020-01-04,1145.57,Virement,accepté
5793,5793,2020-04-18,591.78,PayPal,refusé
5794,5794,2025-08-15,332.3,Carte,accepté
5795,5795,2023-08-31,1372.9,PayPal,accepté
5796,5796,2024-11-11,1389.63,PayPal,refusé
5797,5797,2021-08-10,556.86,Virement,accepté
5798,5798,2024-06-12,1959.99,PayPal,accepté
5799,5799,2024-12-20,1622.61,Virement,refusé
5800,5800,2025-01-03,566.6,Virement,refusé
5801,5801,2021-03-02,1890.61,PayPal,accepté
5802,5802,2021-11-24,772.85,Carte,refusé
5803,5803,2021-11-07,353.94,Carte,refusé
5804,5804,2022-04-09,162.33,Virement,accepté
5805,5805,2025-02-16,1709.44,PayPal,accepté
5806,5806,2024-08-07,251.52,Carte,accepté
5807,5807,2022-09-19,885.25,PayPal,refusé
5808,5808,2019-04-04,770.42,Carte,refusé
5809,5809,2024-03-16,1986.04,Virement,refusé
5810,5810,2020-01-11,1536.64,PayPal,refusé
5811,5811,2022-09-28,747.47,PayPal,refusé
5812,5812,2024-01-02,1665.98,Virement,accepté
5813,5813,2023-08-20,1792.19,Virement,accepté
5814,5814,2020-05-15,1579.03,Carte,accepté
5815,5815,2021-02-14,985.64,PayPal,refusé
5816,5816,2020-07-02,523.92,Virement,accepté
5817,5817,2019-08-10,363.99,Virement,refusé
5818,5818,2022-04-03,165.27,Carte,refusé
5819,5819,2021-09-19,1297.81,Virement,refusé
5820,5820,2023-03-06,1128.5,PayPal,refusé
5821,5821,2020-12-07,1773.36,Carte,accepté
5822,5822,2021-09-27,233.17,PayPal,accepté
5823,5823,2024-05-12,1517.54,Carte,refusé
5824,5824,2023-11-02,1799.41,PayPal,refusé
5825,5825,2025-10-02,1015.69,Carte,accepté
5826,5826,2023-03-01,529.93,PayPal,refusé
5827,5827,2020-01-05,1452.53,Virement,accepté
5828,5828,2025-08-23,1792.59,PayPal,accepté
5829,5829,2025-05-04,483.32,Virement,refusé
5830,5830,2020-01-01,1403.69,Virement,refusé
5831,5831,2024-09-02,443.29,Virement,refusé
5832,5832,2019-08-16,1104.59,Carte,accepté
5833,5833,2020-01-01,1366.48,Virement,refusé
5834,5834,2022-01-18,512.52,Carte,accepté
5835,5835,2022-09-17,721.89,Virement,refusé
5836,5836,2019-12-27,1729.49,Virement,accepté
5837,5837,2024-08-10,584.17,PayPal,accepté
5838,5838,2020-09-03,1104.52,Virement,refusé
5839,5839,2021-08-05,452.81,Virement,refusé
5840,5840,2021-12-19,433.92,Virement,refusé
5841,5841,2024-09-04,622.17,PayPal,refusé
5842,5842,2022-03-14,1439.28,PayPal,accepté
5843,5843,2023-12-16,184.27,Virement,accepté
5844,5844,2019-08-23,72.65,Carte,accepté
5845,5845,2019-07-21,198.02,Virement,accepté
5846,5846,2025-02-18,228.85,PayPal,refusé
5847,5847,2019-12-22,1688.53,Virement,accepté
5848,5848,2021-08-09,134.62,Virement,accepté
5849,5849,2023-01-28,842.43,PayPal,refusé
5850,5850,2025-01-17,1480.54,Virement,accepté
5851,5851,2021-03-27,626.32,PayPal,refusé
5852,5852,2023-03-22,657.1,Virement,refusé
5853,5853,2019-10-07,1967.68,Virement,accepté
5854,5854,2021-12-27,898.13,PayPal,accepté
5855,5855,2019-04-15,1755.78,Carte,accepté
5856,5856,2022-12-04,980.98,PayPal,refusé
5857,5857,2019-01-08,883.3,PayPal,refusé
5858,5858,2024-05-11,706.1,Virement,refusé
5859,5859,2019-03-15,1841.78,Carte,accepté
5860,5860,2025-09-24,462.26,Virement,refusé
5861,5861,2020-10-21,544.26,PayPal,refusé
5862,5862,2019-08-04,1113.11,PayPal,refusé
5863,5863,2024-12-26,881.31,Carte,refusé
5864,5864,2025-07-13,1476.86,Virement,refusé
5865,5865,2025-06-28,1924.71,Virement,accepté
5866,5866,2019-09-24,1330.58,PayPal,accepté
5867,5867,2023-05-19,1770.96,PayPal,refusé
5868,5868,2024-08-09,897.15,PayPal,refusé
5869,5869,2020-05-23,1783.8,Virement,accepté
5870,5870,2021-10-29,1647.77,PayPal,refusé
5871,5871,2021-04-25,1675.07,PayPal,refusé
5872,5872,2022-07-12,561.74,PayPal,refusé
5873,5873,2022-10-18,426.83,Carte,accepté
5874,5874,2020-04-05,641.78,Virement,accepté
5875,5875,2019-02-18,1941.53,Carte,refusé
5876,5876,2025-02-22,222.93,Virement,accepté
5877,5877,2023-08-22,70.11,Virement,accepté
5878,5878,2024-05-02,188.27,PayPal,accepté
5879,5879,2019-04-04,1547.31,PayPal,accepté
5880,5880,2019-02-06,194.05,PayPal,accepté
5881,5881,2025-12-30,293.25,Virement,accepté
5882,5882,2024-11-24,272.27,Virement,refusé
5883,5883,2021-10-09,125.9,Carte,refusé
5884,5884,2019-09-20,1225.26,Carte,accepté
5885,5885,2020-07-14,1755.9,Carte,accepté
5886,5886,2025-05-13,789.73,PayPal,accepté
5887,5887,2020-06-27,1281.14,PayPal,accepté
5888,5888,2019-08-26,1132.37,PayPal,refusé
5889,5889,2020-01-20,1354.38,Virement,refusé
5890,5890,2020-07-07,1326.52,Carte,accepté
5891,5891,2024-07-02,1595.17,PayPal,refusé
5892,5892,2022-03-04,1972.76,PayPal,accepté
5893,5893,2021-11-23,1358.34,Carte,refusé
5894,5894,2025-01-20,1966.58,Carte,accepté
5895,5895,2021-01-17,1765.16,Carte,refusé
5896,5896,2019-07-01,1918.51,Virement,refusé
5897,5897,2021-11-17,306.04,Virement,refusé
5898,5898,2024-03-31,759.43,Virement,refusé
5899,5899,2019-10-26,1032.58,PayPal,refusé
5900,5900,2019-09-28,1073.49,Carte,accepté
5901,5901,2023-01-04,921.32,Carte,accepté
5902,5902,2025-10-17,1424.19,PayPal,refusé
5903,5903,2024-09-12,818.45,Carte,accepté
5904,5904,2024-06-12,554.56,Carte,refusé
5905,5905,2025-01-06,646.71,PayPal,accepté
5906,5906,2023-12-15,445.44,Virement,accepté
5907,5907,2022-11-24,289.78,PayPal,accepté
5908,5908,2024-09-09,1034.47,PayPal,refusé
5909,5909,2025-06-06,1466.5,Virement,accepté
5910,5910,2021-01-08,1315.54,Virement,refusé
5911,5911,2021-11-08,1304.38,Carte,accepté
5912,5912,2023-10-09,280.37,Virement,accepté
5913,5913,2019-06-15,718.55,Carte,accepté
5914,5914,2020-08-19,544.19,Virement,accepté
5915,5915,2020-05-10,1839.08,Virement,accepté
5916,5916,2019-11-01,860.31,Carte,accepté
5917,5917,2020-01-04,1709.4,PayPal,accepté
5918,5918,2019-12-05,1714.43,Virement,refusé
5919,5919,2021-10-07,1243.38,Carte,refusé
5920,5920,2021-11-11,479.32,Virement,accepté
5921,5921,2022-01-15,1362.8,PayPal,accepté
5922,5922,2025-06-01,56.98,PayPal,refusé
5923,5923,2023-06-04,1094.39,Virement,accepté
5924,5924,2020-12-14,1736.49,Virement,refusé
5925,5925,2020-08-11,1743.0,Carte,accepté
5926,5926,2022-09-03,1470.78,Virement,accepté
5927,5927,2023-11-19,1823.64,Virement,accepté
5928,5928,2024-11-16,633.13,PayPal,refusé
5929,5929,2022-04-22,537.16,Carte,accepté
5930,5930,2022-06-10,1839.48,PayPal,accepté
5931,5931,2024-02-17,1044.22,PayPal,refusé
5932,5932,2021-11-09,1280.48,Carte,accepté
5933,5933,2020-03-28,104.75,Carte,refusé
5934,5934,2019-02-08,309.75,PayPal,refusé
5935,5935,2021-04-15,589.21,Carte,refusé
5936,5936,2021-01-23,650.2,PayPal,refusé
5937,5937,2020-04-18,782.1,Virement,accepté
5938,5938,2019-02-20,158.59,PayPal,accepté
5939,5939,2022-10-28,628.59,PayPal,accepté
5940,5940,2025-05-21,1293.25,PayPal,refusé
5941,5941,2021-05-01,1033.64,PayPal,refusé
5942,5942,2025-11-20,787.54,Carte,refusé
5943,5943,2020-02-02,841.79,Virement,accepté
5944,5944,2023-09-10,251.76,Virement,accepté
5945,5945,2019-06-08,1179.01,PayPal,accepté
5946,5946,2023-09-05,1614.85,Virement,refusé
5947,5947,2025-02-19,1463.92,Virement,accepté
5948,5948,2023-02-21,1737.17,PayPal,refusé
5949,5949,2021-04-22,391.97,PayPal,accepté
5950,5950,2021-08-29,154.7,Carte,accepté
5951,5951,2022-02-03,539.22,PayPal,accepté
5952,5952,2022-05-05,867.25,Virement,refusé
5953,5953,2024-09-02,92.75,Virement,accepté
5954,5954,2022-06-01,1772.1,Virement,refusé
5955,5955,2019-08-13,692.2,Virement,accepté
5956,5956,2020-04-06,1844.37,Carte,accepté
5957,5957,2024-09-05,1745.93,PayPal,refusé
5958,5958,2023-04-16,537.64,Carte,refusé
5959,5959,2020-09-22,1697.96,Carte,accepté
5960,5960,2020-12-18,1551.92,Carte,accepté
5961,5961,2025-10-19,1161.22,Carte,refusé
5962,5962,2023-06-09,1204.96,Carte,accepté
5963,5963,2019-07-08,1857.11,Carte,refusé
5964,5964,2019-05-04,871.76,PayPal,accepté
5965,5965,2025-01-16,609.41,Virement,accepté
5966,5966,2024-09-13,1191.2,Virement,refusé
5967,5967,2021-10-04,733.76,PayPal,refusé
5968,5968,2021-09-03,1659.18,Virement,accepté
5969,5969,2023-04-22,1892.49,PayPal,accepté
5970,5970,2025-05-22,483.9,Virement,accepté
5971,5971,2024-03-06,341.81,PayPal,refusé
5972,5972,2024-12-15,1988.77,PayPal,accepté
5973,5973,2025-11-26,1021.18,Virement,accepté
5974,5974,2021-05-01,346.08,Carte,accepté
5975,5975,2023-08-06,1735.08,Virement,accepté
5976,5976,2019-07-20,1912.35,Carte,refusé
5977,5977,2023-05-12,130.73,Virement,refusé
5978,5978,2019-05-21,1943.42,PayPal,refusé
5979,5979,2024-09-25,1984.44,PayPal,accepté
5980,5980,2019-06-10,28.42,PayPal,accepté
5981,5981,2025-06-07,1083.12,PayPal,refusé
5982,5982,2025-10-18,653.52,PayPal,accepté
5983,5983,2021-12-21,934.63,Virement,refusé
5984,5984,2020-01-05,1493.12,Carte,accepté
5985,5985,2019-11-16,956.78,PayPal,refusé
5986,5986,2020-04-22,529.42,Virement,refusé
5987,5987,2020-08-18,45.5,PayPal,accepté
5988,5988,2019-01-07,1161.75,Carte,refusé
5989,5989,2024-11-19,1414.1,PayPal,accepté
5990,5990,2019-05-29,1858.94,PayPal,refusé
5991,5991,2021-03-03,1986.5,PayPal,accepté
5992,5992,2022-03-19,746.26,Virement,accepté
5993,5993,2024-09-29,287.89,PayPal,refusé
5994,5994,2020-04-19,1118.11,PayPal,refusé
5995,5995,2021-03-09,1982.31,Virement,accepté
5996,5996,2021-12-20,664.23,Carte,refusé
5997,5997,2025-06-29,336.17,Carte,refusé
5998,5998,2025-06-02,1927.66,Carte,accepté
5999,5999,2024-08-08,1318.2,Virement,accepté
6000,6000,2021-01-26,1746.15,Carte,refusé
6001,6001,2021-08-02,1847.44,Virement,refusé
6002,6002,2023-02-26,1905.37,PayPal,refusé
6003,6003,2024-12-12,253.24,PayPal,refusé
6004,6004,2021-02-03,374.88,Carte,refusé
6005,6005,2025-08-09,491.12,Virement,accepté
6006,6006,2021-02-04,398.4,PayPal,accepté
6007,6007,2020-12-06,1082.49,Virement,accepté
6008,6008,2023-08-24,1194.78,PayPal,accepté
6009,6009,2023-02-22,1688.52,Virement,accepté
6010,6010,2020-08-13,287.96,PayPal,accepté
6011,6011,2025-03-16,861.03,Virement,refusé
6012,6012,2024-10-18,211.8,Virement,accepté
6013,6013,2021-04-05,1440.38,PayPal,refusé
6014,6014,2025-03-31,1775.79,PayPal,refusé
6015,6015,2023-03-03,896.21,Carte,refusé
6016,6016,2019-07-31,738.45,Virement,refusé
6017,6017,2021-02-27,197.31,Carte,refusé
6018,6018,2025-11-15,809.67,Virement,accepté
6019,6019,2025-10-30,668.22,Virement,accepté
6020,6020,2024-08-31,1412.52,Virement,refusé
6021,6021,2024-05-27,1183.68,Carte,refusé
6022,6022,2023-10-12,1542.24,PayPal,accepté
6023,6023,2020-02-25,1617.36,PayPal,refusé
6024,6024,2022-01-18,1475.62,Carte,refusé
6025,6025,2020-10-05,1807.38,Virement,refusé
6026,6026,2025-11-22,1188.11,Virement,refusé
6027,6027,2022-09-27,689.39,PayPal,accepté
6028,6028,2025-06-07,397.69,Carte,accepté
6029,6029,2023-09-05,1601.98,Carte,accepté
6030,6030,2023-09-28,498.88,Virement,refusé
6031,6031,2022-05-26,271.87,Virement,refusé
6032,6032,2022-09-27,1467.09,PayPal,accepté
6033,6033,2024-12-17,44.75,PayPal,accepté
6034,6034,2021-03-04,710.56,PayPal,refusé
6035,6035,2023-01-23,146.13,Carte,accepté
6036,6036,2021-04-06,484.18,PayPal,refusé
6037,6037,2024-11-22,314.93,PayPal,accepté
6038,6038,2022-11-09,1449.32,PayPal,accepté
6039,6039,2020-05-01,1637.8,Carte,accepté
6040,6040,2023-09-29,1988.27,Virement,refusé
6041,6041,2022-06-19,1927.15,Carte,refusé
6042,6042,2019-07-22,1359.76,Virement,refusé
6043,6043,2025-03-26,1751.43,PayPal,refusé
6044,6044,2021-10-29,263.36,PayPal,refusé
6045,6045,2022-05-16,95.34,PayPal,refusé
6046,6046,2023-09-18,591.06,Carte,refusé
6047,6047,2025-12-18,1195.07,PayPal,accepté
6048,6048,2025-09-17,370.23,Virement,accepté
6049,6049,2021-08-28,1108.17,PayPal,accepté
6050,6050,2020-09-10,451.54,PayPal,refusé
6051,6051,2025-12-03,1646.8,Virement,refusé
6052,6052,2021-08-07,1511.88,Virement,accepté
6053,6053,2024-07-07,522.54,Carte,accepté
6054,6054,2019-05-14,1096.3,Carte,accepté
6055,6055,2023-02-07,111.88,PayPal,accepté
6056,6056,2022-03-06,1987.06,Carte,refusé
6057,6057,2022-12-30,902.1,Carte,refusé
6058,6058,2020-11-13,1939.53,Virement,accepté
6059,6059,2023-10-17,1565.45,Carte,refusé
6060,6060,2019-08-11,1150.13,Virement,accepté
6061,6061,2020-09-24,1472.04,Carte,refusé
6062,6062,2021-09-28,72.38,Virement,accepté
6063,6063,2023-10-17,1837.89,Carte,accepté
6064,6064,2024-05-26,600.5,Virement,accepté
6065,6065,2023-05-17,1504.45,Virement,refusé
6066,6066,2019-03-25,1852.72,Virement,refusé
6067,6067,2024-08-08,1625.33,Virement,accepté
6068,6068,2019-10-30,177.38,Carte,refusé
6069,6069,2025-02-23,1955.3,Virement,refusé
6070,6070,2022-01-11,419.02,PayPal,refusé
6071,6071,2022-07-06,1782.1,PayPal,accepté
6072,6072,2020-11-01,1545.53,Virement,refusé
6073,6073,2019-03-16,811.44,Carte,refusé
6074,6074,2019-06-07,1245.52,PayPal,refusé
6075,6075,2025-02-15,170.4,Virement,accepté
6076,6076,2024-08-16,1162.62,PayPal,refusé
6077,6077,2023-05-23,570.04,Virement,refusé
6078,6078,2021-09-03,975.33,Carte,refusé
6079,6079,2021-03-11,457.68,Carte,refusé
6080,6080,2025-01-31,89.76,Virement,accepté
6081,6081,2025-09-26,849.73,Virement,accepté
6082,6082,2025-10-29,1657.44,Virement,accepté
6083,6083,2025-09-01,1299.84,PayPal,accepté
6084,6084,2021-01-05,895.34,PayPal,accepté
6085,6085,2025-07-06,1588.51,PayPal,accepté
6086,6086,2020-10-18,1128.88,Carte,accepté
6087,6087,2022-12-07,1655.76,PayPal,refusé
6088,6088,2020-11-26,1755.69,Virement,accepté
6089,6089,2023-01-03,102.15,PayPal,refusé
6090,6090,2021-08-12,1270.85,Virement,refusé
6091,6091,2020-05-02,72.82,PayPal,refusé
6092,6092,2024-02-23,1810.9,Virement,accepté
6093,6093,2020-05-02,667.7,Virement,refusé
6094,6094,2022-11-01,1759.37,Virement,refusé
6095,6095,2019-01-22,1654.23,Carte,accepté
6096,6096,2021-08-28,1208.98,Carte,refusé
6097,6097,2019-09-22,195.73,PayPal,refusé
6098,6098,2022-09-30,794.63,Virement,refusé
6099,6099,2025-09-28,1986.41,PayPal,accepté
6100,6100,2024-09-03,207.15,Virement,refusé
6101,6101,2025-12-27,925.86,Virement,accepté
6102,6102,2023-03-03,428.41,PayPal,accepté
6103,6103,2023-12-03,1050.15,PayPal,accepté
6104,6104,2019-05-03,334.61,PayPal,refusé
6105,6105,2020-03-28,1549.6,Carte,accepté
6106,6106,2019-03-20,1324.52,Carte,refusé
6107,6107,2024-12-12,595.13,PayPal,refusé
6108,6108,2023-04-03,1291.42,Virement,refusé
6109,6109,2023-05-15,742.35,Virement,refusé
6110,6110,2022-03-05,1904.12,Carte,accepté
6111,6111,2023-07-25,375.63,Virement,accepté
6112,6112,2023-08-06,148.91,Virement,refusé
6113,6113,2019-12-08,1412.33,Carte,refusé
6114,6114,2025-03-09,1717.56,Carte,refusé
6115,6115,2023-10-05,1041.61,Virement,refusé
6116,6116,2024-01-28,1664.7,Carte,accepté
6117,6117,2023-06-29,127.39,Virement,refusé
6118,6118,2020-11-20,1852.52,Virement,accepté
6119,6119,2021-11-28,616.74,PayPal,refusé
6120,6120,2020-01-10,241.58,Virement,accepté
6121,6121,2021-10-31,1043.76,PayPal,refusé
6122,6122,2023-03-16,265.67,Virement,refusé
6123,6123,2021-12-02,1866.73,Carte,accepté
6124,6124,2020-04-17,1631.97,Carte,refusé
6125,6125,2025-06-10,1666.92,Virement,accepté
6126,6126,2022-12-29,1102.84,PayPal,refusé
6127,6127,2023-02-03,64.34,Carte,refusé
6128,6128,2020-03-16,1507.97,PayPal,accepté
6129,6129,2019-04-09,1808.4,Virement,refusé
6130,6130,2019-05-21,1553.27,Carte,refusé
6131,6131,2022-11-28,990.28,Carte,refusé
6132,6132,2022-03-31,816.57,PayPal,refusé
6133,6133,2019-04-01,1886.09,Carte,refusé
6134,6134,2023-06-01,315.35,PayPal,accepté
6135,6135,2021-10-14,493.19,PayPal,accepté
6136,6136,2019-08-14,1100.84,PayPal,accepté
6137,6137,2025-02-10,1992.47,Virement,refusé
6138,6138,2020-07-04,588.58,Virement,accepté
6139,6139,2019-02-16,1889.97,PayPal,refusé
6140,6140,2020-05-02,1683.16,Carte,accepté
6141,6141,2021-10-16,1411.86,PayPal,accepté
6142,6142,2022-12-04,1597.09,Carte,refusé
6143,6143,2022-09-04,814.23,Carte,refusé
6144,6144,2021-07-23,882.23,Carte,accepté
6145,6145,2022-08-14,1612.81,Carte,refusé
6146,6146,2020-07-12,1090.51,PayPal,refusé
6147,6147,2020-03-08,1035.04,Carte,refusé
6148,6148,2024-02-16,1423.81,PayPal,refusé
6149,6149,2022-11-14,1101.91,PayPal,refusé
6150,6150,2020-07-08,1158.31,PayPal,accepté
6151,6151,2024-04-17,1251.55,PayPal,refusé
6152,6152,2022-11-29,244.98,Virement,refusé
6153,6153,2021-01-18,916.65,Virement,accepté
6154,6154,2025-05-14,1965.83,PayPal,accepté
6155,6155,2020-06-02,90.41,PayPal,accepté
6156,6156,2021-03-09,869.36,PayPal,accepté
6157,6157,2020-07-30,1908.17,Carte,refusé
6158,6158,2022-07-15,287.93,Virement,refusé
6159,6159,2021-10-24,1384.07,Virement,accepté
6160,6160,2022-12-03,913.36,PayPal,refusé
6161,6161,2022-01-06,1224.47,Carte,refusé
6162,6162,2019-06-24,1359.44,PayPal,refusé
6163,6163,2025-07-10,1846.7,Virement,refusé
6164,6164,2019-02-19,1578.1,Virement,accepté
6165,6165,2025-05-21,969.95,Carte,refusé
6166,6166,2025-01-02,1616.29,PayPal,refusé
6167,6167,2022-04-30,543.87,Virement,refusé
6168,6168,2025-12-13,1467.79,PayPal,accepté
6169,6169,2024-10-04,296.99,Virement,accepté
6170,6170,2023-11-22,653.27,PayPal,refusé
6171,6171,2025-09-01,483.73,PayPal,refusé
6172,6172,2023-12-01,225.26,Virement,refusé
6173,6173,2022-10-28,1076.27,Carte,accepté
6174,6174,2023-08-10,1273.57,Carte,refusé
6175,6175,2025-12-26,1767.4,PayPal,accepté
6176,6176,2019-10-14,720.72,Virement,accepté
6177,6177,2021-09-12,97.89,Carte,accepté
6178,6178,2021-04-04,365.91,PayPal,refusé
6179,6179,2024-03-06,1329.47,PayPal,accepté
6180,6180,2024-01-06,1560.2,Virement,accepté
6181,6181,2019-05-01,1170.2,Carte,accepté
6182,6182,2019-08-04,1525.09,Carte,accepté
6183,6183,2019-11-25,298.63,PayPal,refusé
6184,6184,2019-01-21,1602.63,Virement,refusé
6185,6185,2022-01-26,616.83,Virement,accepté
6186,6186,2021-04-04,1775.6,Carte,refusé
6187,6187,2022-03-16,775.39,PayPal,accepté
6188,6188,2019-02-27,743.89,Virement,refusé
6189,6189,2019-02-23,239.18,PayPal,accepté
6190,6190,2025-03-14,1172.98,PayPal,refusé
6191,6191,2020-01-21,497.65,Virement,refusé
6192,6192,2020-04-12,280.97,Virement,accepté
6193,6193,2024-01-06,1046.58,PayPal,refusé
6194,6194,2023-12-23,742.85,Virement,accepté
6195,6195,2022-08-06,941.41,Carte,accepté
6196,6196,2025-09-29,736.93,Carte,accepté
6197,6197,2021-01-17,1627.35,PayPal,refusé
6198,6198,2023-07-04,558.48,Carte,refusé
6199,6199,2023-05-22,1476.02,Virement,refusé
6200,6200,2020-08-31,745.18,Carte,accepté
6201,6201,2024-11-20,184.88,Virement,refusé
6202,6202,2019-03-10,1881.01,PayPal,refusé
6203,6203,2022-12-13,1193.35,Carte,accepté
6204,6204,2020-11-27,1680.43,PayPal,accepté
6205,6205,2019-09-03,1610.3,PayPal,accepté
6206,6206,2025-01-11,1902.43,Carte,accepté
6207,6207,2023-08-15,437.78,PayPal,refusé
6208,6208,2023-05-29,1229.31,Virement,refusé
6209,6209,2020-04-26,1629.05,Virement,refusé
6210,6210,2023-04-12,1480.69,PayPal,refusé
6211,6211,2025-01-15,538.34,Carte,accepté
6212,6212,2022-04-25,926.48,Virement,refusé
6213,6213,2024-01-26,21.05,Carte,refusé
6214,6214,2025-09-02,997.81,Carte,refusé
6215,6215,2021-12-19,593.63,PayPal,accepté
6216,6216,2021-12-24,313.15,PayPal,accepté
6217,6217,2024-07-01,886.67,Virement,refusé
6218,6218,2022-09-29,1783.52,Carte,accepté
6219,6219,2024-10-25,594.97,Virement,refusé
6220,6220,2024-12-08,1375.87,PayPal,accepté
6221,6221,2024-06-28,1775.07,PayPal,accepté
6222,6222,2022-03-24,1175.9,PayPal,accepté
6223,6223,2025-11-03,902.64,PayPal,accepté
6224,6224,2022-03-28,887.4,Carte,refusé
6225,6225,2025-05-07,913.27,Virement,refusé
6226,6226,2020-10-18,430.06,Carte,accepté
6227,6227,2021-05-14,326.59,PayPal,refusé
6228,6228,2022-11-04,732.7,PayPal,accepté
6229,6229,2019-05-20,1154.06,PayPal,accepté
6230,6230,2019-03-23,1586.55,Carte,accepté
6231,6231,2024-11-04,957.82,Virement,refusé
6232,6232,2021-08-02,1878.62,PayPal,refusé
6233,6233,2022-02-12,1071.14,Virement,refusé
6234,6234,2024-06-08,1885.38,PayPal,refusé
6235,6235,2025-10-10,1266.26,PayPal,accepté
6236,6236,2022-10-19,1283.8,Carte,accepté
6237,6237,2022-03-16,1310.28,Virement,refusé
6238,6238,2025-04-07,167.14,Virement,refusé
6239,6239,2020-02-12,655.65,Carte,accepté
6240,6240,2024-02-12,1321.5,PayPal,refusé
6241,6241,2023-07-19,208.66,Carte,accepté
6242,6242,2024-03-23,972.74,Carte,refusé
6243,6243,2023-02-03,578.28,Carte,refusé
6244,6244,2021-05-23,1127.36,Virement,accepté
6245,6245,2024-07-16,1896.03,Virement,accepté
6246,6246,2024-02-04,510.16,Virement,accepté
6247,6247,2019-09-08,366.08,PayPal,accepté
6248,6248,2020-01-11,1951.86,Carte,accepté
6249,6249,2020-01-31,563.12,Virement,accepté
6250,6250,2023-12-19,1321.72,PayPal,accepté
6251,6251,2024-10-09,760.75,Carte,refusé
6252,6252,2025-10-20,1510.76,Virement,accepté
6253,6253,2019-10-25,1747.73,PayPal,refusé
6254,6254,2020-07-30,1353.66,PayPal,accepté
6255,6255,2020-10-03,638.6,PayPal,accepté
6256,6256,2024-01-12,1220.35,Carte,accepté
6257,6257,2024-06-08,935.21,Virement,accepté
6258,6258,2021-11-02,895.43,PayPal,refusé
6259,6259,2019-10-07,1112.89,Virement,accepté
6260,6260,2022-01-21,961.51,PayPal,accepté
6261,6261,2021-06-24,667.36,Virement,accepté
6262,6262,2025-06-12,799.47,PayPal,accepté
6263,6263,2020-07-09,1702.91,PayPal,accepté
6264,6264,2019-10-22,1075.7,Virement,refusé
6265,6265,2019-05-30,1096.41,Carte,refusé
6266,6266,2023-12-25,1297.62,PayPal,refusé
6267,6267,2022-04-05,371.07,PayPal,accepté
6268,6268,2025-07-07,1093.52,Virement,accepté
6269,6269,2023-04-20,1223.68,Carte,refusé
6270,6270,2025-08-23,1324.98,PayPal,refusé
6271,6271,2019-05-13,403.72,Carte,accepté
6272,6272,2020-03-01,360.72,Carte,accepté
6273,6273,2024-03-03,1833.27,Carte,refusé
6274,6274,2020-04-27,372.84,PayPal,refusé
6275,6275,2025-07-07,1707.23,Virement,accepté
6276,6276,2020-03-16,1149.24,Carte,accepté
6277,6277,2025-09-11,415.12,PayPal,accepté
6278,6278,2019-05-18,86.1,Carte,refusé
6279,6279,2025-12-14,947.16,PayPal,refusé
6280,6280,2020-12-23,1546.62,PayPal,refusé
6281,6281,2020-07-14,156.15,Virement,accepté
6282,6282,2022-07-02,725.72,PayPal,refusé
6283,6283,2021-06-05,1372.38,Virement,refusé
6284,6284,2023-11-13,111.1,Carte,refusé
6285,6285,2023-12-29,1679.69,Virement,refusé
6286,6286,2024-01-13,1424.91,PayPal,accepté
6287,6287,2021-03-28,1050.2,PayPal,refusé
6288,6288,2020-12-21,1081.42,PayPal,accepté
6289,6289,2020-07-01,1666.66,Virement,refusé
6290,6290,2021-09-04,1279.13,Virement,accepté
6291,6291,2023-10-03,1202.74,PayPal,refusé
6292,6292,2021-07-28,1642.55,Virement,accepté
6293,6293,2019-03-29,1634.75,PayPal,refusé
6294,6294,2022-12-13,1445.07,PayPal,refusé
6295,6295,2019-12-28,621.24,Virement,refusé
6296,6296,2025-09-09,1124.08,PayPal,refusé
6297,6297,2022-12-26,1436.87,Carte,accepté
6298,6298,2019-12-28,1351.18,Virement,refusé
6299,6299,2022-07-19,293.05,Carte,refusé
6300,6300,2022-07-07,219.65,PayPal,accepté
6301,6301,2020-05-18,565.79,Virement,accepté
6302,6302,2019-10-22,1467.73,PayPal,accepté
6303,6303,2025-02-10,903.02,Virement,accepté
6304,6304,2025-09-17,30.99,PayPal,refusé
6305,6305,2025-01-14,1201.56,Virement,accepté
6306,6306,2022-09-12,314.96,Virement,accepté
6307,6307,2023-01-18,26.97,Virement,accepté
6308,6308,2024-08-13,1968.65,Virement,refusé
6309,6309,2021-01-20,1289.86,Virement,refusé
6310,6310,2023-08-24,845.79,Carte,refusé
6311,6311,2021-12-08,206.15,PayPal,accepté
6312,6312,2019-05-31,358.55,PayPal,refusé
6313,6313,2021-03-24,1863.52,Virement,refusé
6314,6314,2023-05-29,1091.73,PayPal,refusé
6315,6315,2019-10-28,751.31,Carte,accepté
6316,6316,2024-01-18,329.12,PayPal,accepté
6317,6317,2020-10-11,39.77,PayPal,refusé
6318,6318,2019-10-13,1620.38,Carte,refusé
6319,6319,2019-03-24,199.94,Carte,refusé
6320,6320,2024-08-15,499.16,PayPal,accepté
6321,6321,2025-09-15,80.45,PayPal,accepté
6322,6322,2021-06-16,1637.66,PayPal,accepté
6323,6323,2025-01-11,194.14,Virement,refusé
6324,6324,2024-09-05,1162.27,Carte,accepté
6325,6325,2022-06-29,487.79,Carte,accepté
6326,6326,2025-07-02,285.13,Virement,accepté
6327,6327,2021-02-27,1134.33,Carte,accepté
6328,6328,2024-08-19,278.39,Virement,accepté
6329,6329,2024-09-03,234.9,Carte,accepté
6330,6330,2023-10-29,1108.56,Virement,accepté
6331,6331,2020-09-29,717.75,PayPal,refusé
6332,6332,2025-10-21,194.23,Carte,refusé
6333,6333,2020-09-10,1846.74,PayPal,accepté
6334,6334,2020-10-30,743.28,Carte,refusé
6335,6335,2020-02-25,1067.99,PayPal,refusé
6336,6336,2025-07-03,1447.1,Virement,refusé
6337,6337,2025-09-13,1528.46,Virement,accepté
6338,6338,2024-07-01,162.92,PayPal,refusé
6339,6339,2021-08-07,892.75,PayPal,refusé
6340,6340,2022-09-13,1559.61,PayPal,refusé
6341,6341,2025-05-27,46.9,Carte,refusé
6342,6342,2024-10-06,609.07,Carte,accepté
6343,6343,2022-01-30,1122.73,Carte,refusé
6344,6344,2021-11-20,1311.26,PayPal,accepté
6345,6345,2024-03-09,1917.2,PayPal,accepté
6346,6346,2023-11-13,68.31,Carte,refusé
6347,6347,2021-12-01,1742.19,Virement,accepté
6348,6348,2022-02-20,1497.84,PayPal,refusé
6349,6349,2023-05-27,1567.18,Carte,accepté
6350,6350,2023-01-01,319.32,Carte,refusé
6351,6351,2019-07-03,1183.4,PayPal,accepté
6352,6352,2021-10-03,618.33,Carte,refusé
6353,6353,2022-11-17,1922.55,PayPal,refusé
6354,6354,2022-01-15,273.01,Virement,refusé
6355,6355,2023-12-09,580.94,PayPal,refusé
6356,6356,2019-03-20,458.82,PayPal,accepté
6357,6357,2023-11-27,680.67,Virement,accepté
6358,6358,2025-08-13,839.81,Virement,refusé
6359,6359,2023-06-08,521.09,Carte,refusé
6360,6360,2023-01-24,644.77,Virement,refusé
6361,6361,2021-11-01,1608.08,Carte,refusé
6362,6362,2021-08-08,837.34,Carte,accepté
6363,6363,2020-10-07,1145.18,PayPal,accepté
6364,6364,2025-04-16,1363.04,Virement,refusé
6365,6365,2024-04-27,1007.92,Virement,refusé
6366,6366,2023-03-24,1517.94,Virement,accepté
6367,6367,2021-10-09,167.08,PayPal,accepté
6368,6368,2023-04-11,93.28,Carte,refusé
6369,6369,2024-08-02,1522.29,Carte,refusé
6370,6370,2023-04-08,1711.22,Carte,refusé
6371,6371,2021-09-29,68.08,PayPal,refusé
6372,6372,2022-01-03,883.09,PayPal,accepté
6373,6373,2019-01-29,1968.34,PayPal,refusé
6374,6374,2025-09-24,1302.87,PayPal,accepté
6375,6375,2025-02-17,1661.44,Carte,refusé
6376,6376,2020-07-09,102.26,PayPal,accepté
6377,6377,2022-12-04,1704.97,Carte,refusé
6378,6378,2019-09-05,1200.13,Virement,accepté
6379,6379,2022-05-12,1142.92,PayPal,accepté
6380,6380,2020-08-30,1790.54,Virement,refusé
6381,6381,2022-12-20,694.44,Carte,refusé
6382,6382,2025-10-09,1446.22,Virement,accepté
6383,6383,2024-02-09,1957.62,Virement,accepté
6384,6384,2021-04-07,1565.96,Carte,accepté
6385,6385,2021-05-03,740.23,PayPal,refusé
6386,6386,2019-03-16,1406.86,PayPal,accepté
6387,6387,2021-09-28,1305.69,PayPal,accepté
6388,6388,2023-11-11,917.77,Virement,refusé
6389,6389,2023-12-08,1997.39,Carte,accepté
6390,6390,2020-02-13,1436.43,Virement,accepté
6391,6391,2022-02-19,672.06,Carte,accepté
6392,6392,2021-11-07,217.4,Carte,refusé
6393,6393,2024-02-13,740.08,PayPal,accepté
6394,6394,2019-10-14,1927.32,PayPal,refusé
6395,6395,2019-05-24,672.48,Carte,refusé
6396,6396,2025-06-15,1915.1,PayPal,refusé
6397,6397,2022-07-06,1322.71,Carte,refusé
6398,6398,2019-12-16,259.88,PayPal,accepté
6399,6399,2022-07-28,319.68,Carte,accepté
6400,6400,2022-12-14,754.23,Carte,accepté
6401,6401,2019-06-23,1088.54,Virement,refusé
6402,6402,2022-10-24,111.83,Carte,refusé
6403,6403,2023-05-22,743.71,Virement,refusé
6404,6404,2023-03-24,1100.51,Carte,refusé
6405,6405,2022-08-01,672.6,Virement,refusé
6406,6406,2025-06-08,1775.73,Carte,accepté
6407,6407,2020-03-11,860.67,PayPal,refusé
6408,6408,2024-08-13,931.39,PayPal,refusé
6409,6409,2019-11-09,1201.08,Virement,refusé
6410,6410,2022-10-17,389.38,Carte,refusé
6411,6411,2019-05-13,836.55,Carte,accepté
6412,6412,2025-10-28,1088.78,Carte,refusé
6413,6413,2022-06-06,1142.33,Carte,refusé
6414,6414,2021-02-02,1073.92,Carte,refusé
6415,6415,2020-06-29,577.93,Carte,refusé
6416,6416,2022-09-12,323.02,PayPal,refusé
6417,6417,2023-03-31,1599.88,Carte,accepté
6418,6418,2020-12-28,804.4,PayPal,accepté
6419,6419,2024-06-18,866.81,PayPal,refusé
6420,6420,2023-11-03,644.56,Carte,accepté
6421,6421,2020-05-13,1466.46,PayPal,accepté
6422,6422,2020-07-06,1028.56,Virement,accepté
6423,6423,2021-08-07,1328.17,Virement,refusé
6424,6424,2020-07-07,747.98,Carte,refusé
6425,6425,2022-09-21,1062.86,Virement,accepté
6426,6426,2021-06-04,325.67,Carte,refusé
6427,6427,2025-02-23,901.89,Carte,refusé
6428,6428,2022-10-29,1249.4,Virement,refusé
6429,6429,2023-12-14,222.8,Virement,accepté
6430,6430,2021-09-16,1464.85,PayPal,refusé
6431,6431,2019-01-08,1728.56,PayPal,accepté
6432,6432,2025-06-10,1694.57,PayPal,accepté
6433,6433,2025-04-25,198.04,PayPal,refusé
6434,6434,2020-02-14,1817.12,PayPal,refusé
6435,6435,2024-03-11,1172.31,Carte,accepté
6436,6436,2022-04-26,1059.02,Carte,accepté
6437,6437,2020-04-02,1020.81,Carte,accepté
6438,6438,2020-11-24,739.53,Virement,refusé
6439,6439,2019-04-21,402.19,PayPal,refusé
6440,6440,2022-10-08,1427.33,Carte,accepté
6441,6441,2023-07-21,389.04,PayPal,accepté
6442,6442,2021-08-27,1169.44,PayPal,accepté
6443,6443,2025-06-19,250.97,Virement,refusé
6444,6444,2021-06-23,325.53,Virement,accepté
6445,6445,2023-11-19,1404.26,Carte,accepté
6446,6446,2024-03-17,1746.77,PayPal,accepté
6447,6447,2021-10-23,1376.79,PayPal,refusé
6448,6448,2021-01-20,1026.44,Carte,accepté
6449,6449,2019-02-01,1312.57,Carte,refusé
6450,6450,2022-08-08,304.45,Carte,accepté
6451,6451,2023-10-13,622.88,Carte,accepté
6452,6452,2024-01-16,1060.54,PayPal,refusé
6453,6453,2025-01-05,1148.44,PayPal,refusé
6454,6454,2020-02-11,91.47,Carte,refusé
6455,6455,2025-03-21,1404.07,Carte,accepté
6456,6456,2022-07-18,30.63,Carte,accepté
6457,6457,2019-07-22,991.66,PayPal,accepté
6458,6458,2019-09-26,1996.37,PayPal,refusé
6459,6459,2024-12-27,493.5,Virement,refusé
6460,6460,2021-12-04,469.69,Virement,refusé
6461,6461,2020-02-06,1620.37,Carte,accepté
6462,6462,2022-08-01,881.79,Carte,refusé
6463,6463,2020-04-24,1703.25,PayPal,accepté
6464,6464,2023-12-29,1247.77,Virement,accepté
6465,6465,2021-06-08,592.42,PayPal,refusé
6466,6466,2022-04-08,157.85,Virement,accepté
6467,6467,2024-07-14,1301.44,Virement,refusé
6468,6468,2020-01-01,442.83,PayPal,refusé
6469,6469,2022-09-20,902.6,Virement,accepté
6470,6470,2019-02-08,346.09,PayPal,refusé
6471,6471,2025-03-27,515.16,Virement,refusé
6472,6472,2021-08-28,1477.9,Virement,accepté
6473,6473,2022-04-06,1378.88,Virement,accepté
6474,6474,2024-07-05,1086.2,PayPal,refusé
6475,6475,2023-12-26,1780.22,PayPal,refusé
6476,6476,2025-12-19,855.58,PayPal,refusé
6477,6477,2020-03-09,784.59,Carte,accepté
6478,6478,2024-09-30,1973.13,Carte,refusé
6479,6479,2022-07-30,75.05,Virement,refusé
6480,6480,2019-01-17,275.04,Virement,accepté
6481,6481,2021-07-02,918.58,Virement,accepté
6482,6482,2025-02-15,669.26,Virement,accepté
6483,6483,2024-12-26,231.65,Carte,accepté
6484,6484,2023-02-24,984.49,Virement,accepté
6485,6485,2020-07-25,1563.73,Carte,accepté
6486,6486,2021-04-17,28.68,Carte,accepté
6487,6487,2022-02-07,1532.02,PayPal,accepté
6488,6488,2021-01-18,106.51,Carte,refusé
6489,6489,2021-12-08,1884.19,PayPal,refusé
6490,6490,2021-11-02,285.5,Carte,refusé
6491,6491,2024-03-06,1998.2,Carte,accepté
6492,6492,2021-02-24,1099.54,Virement,accepté
6493,6493,2020-05-31,448.21,Carte,accepté
6494,6494,2019-02-24,783.08,Carte,accepté
6495,6495,2019-11-08,1248.54,Carte,refusé
6496,6496,2021-12-27,32.03,PayPal,accepté
6497,6497,2023-11-07,642.44,PayPal,refusé
6498,6498,2024-06-11,1395.51,Virement,refusé
6499,6499,2021-07-02,876.21,Virement,accepté
6500,6500,2022-12-18,1790.19,PayPal,refusé
6501,6501,2023-04-20,1000.7,Virement,refusé
6502,6502,2019-05-15,696.48,Virement,accepté
6503,6503,2023-08-27,1749.38,Carte,refusé
6504,6504,2025-06-18,165.36,Carte,refusé
6505,6505,2025-05-11,1591.31,Carte,refusé
6506,6506,2021-09-08,1035.48,PayPal,accepté
6507,6507,2019-03-17,1450.59,Virement,refusé
6508,6508,2023-12-15,1160.64,Virement,refusé
6509,6509,2021-06-14,1291.88,Virement,refusé
6510,6510,2024-01-15,1673.58,PayPal,refusé
6511,6511,2024-09-05,1342.85,Virement,refusé
6512,6512,2024-12-16,1109.44,PayPal,accepté
6513,6513,2020-08-24,1868.11,PayPal,refusé
6514,6514,2019-01-28,1507.77,Virement,refusé
6515,6515,2025-02-07,1554.92,Carte,refusé
6516,6516,2023-05-02,126.29,Carte,accepté
6517,6517,2019-01-26,1241.82,PayPal,refusé
6518,6518,2021-01-16,553.45,PayPal,refusé
6519,6519,2024-06-02,663.65,Carte,refusé
6520,6520,2021-06-13,1902.74,Virement,refusé
6521,6521,2023-08-26,858.83,Carte,refusé
6522,6522,2020-03-08,528.23,Virement,refusé
6523,6523,2021-11-27,611.48,PayPal,refusé
6524,6524,2022-05-27,229.12,Carte,refusé
6525,6525,2022-07-31,415.46,Virement,refusé
6526,6526,2025-10-25,442.13,PayPal,refusé
6527,6527,2023-10-19,1596.4,Carte,refusé
6528,6528,2024-09-21,154.98,Carte,accepté
6529,6529,2019-12-13,752.26,Carte,refusé
6530,6530,2024-08-16,1757.05,PayPal,refusé
6531,6531,2019-08-11,1417.78,PayPal,accepté
6532,6532,2025-12-19,1777.42,Virement,accepté
6533,6533,2022-03-08,832.85,PayPal,accepté
6534,6534,2022-06-29,886.94,Virement,accepté
6535,6535,2023-08-01,1618.86,Virement,refusé
6536,6536,2020-05-18,364.51,Carte,accepté
6537,6537,2019-07-26,992.45,Carte,accepté
6538,6538,2020-01-20,412.49,PayPal,refusé
6539,6539,2019-02-10,1531.6,PayPal,refusé
6540,6540,2025-02-07,1300.14,PayPal,refusé
6541,6541,2023-09-06,838.35,Virement,refusé
6542,6542,2023-02-28,1367.62,Carte,accepté
6543,6543,2022-01-31,721.89,Virement,accepté
6544,6544,2022-05-08,1225.08,Virement,refusé
6545,6545,2023-12-26,674.28,PayPal,refusé
6546,6546,2020-10-04,1263.04,Virement,refusé
6547,6547,2024-02-17,264.15,PayPal,accepté
6548,6548,2019-09-08,1722.7,Virement,accepté
6549,6549,2020-07-15,1198.61,Virement,refusé
6550,6550,2022-04-09,1511.84,PayPal,refusé
6551,6551,2021-02-27,659.52,Carte,refusé
6552,6552,2024-12-10,1110.35,PayPal,accepté
6553,6553,2019-10-27,1016.7,PayPal,accepté
6554,6554,2024-02-16,914.36,PayPal,refusé
6555,6555,2023-09-12,848.27,PayPal,accepté
6556,6556,2023-10-31,789.59,PayPal,refusé
6557,6557,2022-07-24,690.46,PayPal,refusé
6558,6558,2025-05-07,703.68,Carte,accepté
6559,6559,2024-12-21,824.22,Carte,refusé
6560,6560,2024-01-31,1154.97,Virement,accepté
6561,6561,2021-02-25,1669.65,Virement,refusé
6562,6562,2023-10-06,1437.01,PayPal,accepté
6563,6563,2022-04-07,864.15,Virement,accepté
6564,6564,2019-01-15,1690.1,Carte,accepté
6565,6565,2019-04-26,142.34,Virement,accepté
6566,6566,2025-06-15,169.09,Virement,accepté
6567,6567,2022-09-26,804.61,Carte,refusé
6568,6568,2020-03-31,318.73,Carte,refusé
6569,6569,2021-02-22,383.53,Carte,accepté
6570,6570,2024-05-08,1308.52,Carte,refusé
6571,6571,2021-12-14,927.26,PayPal,refusé
6572,6572,2023-08-03,1426.89,Carte,accepté
6573,6573,2022-11-26,1808.87,Virement,accepté
6574,6574,2022-04-27,409.54,PayPal,refusé
6575,6575,2020-12-06,824.87,Carte,refusé
6576,6576,2019-01-09,240.89,Carte,accepté
6577,6577,2021-07-23,85.36,Virement,accepté
6578,6578,2022-01-19,1218.04,Virement,accepté
6579,6579,2024-08-04,929.79,Virement,refusé
6580,6580,2022-05-05,1663.39,Virement,accepté
6581,6581,2025-07-30,1603.89,Carte,accepté
6582,6582,2019-06-10,238.36,PayPal,accepté
6583,6583,2022-05-14,620.22,Virement,refusé
6584,6584,2024-04-25,1500.23,PayPal,refusé
6585,6585,2025-11-06,34.87,Virement,accepté
6586,6586,2024-06-01,544.38,PayPal,accepté
6587,6587,2021-11-25,21.4,Carte,refusé
6588,6588,2022-07-06,1064.75,Carte,accepté
6589,6589,2020-01-05,523.61,Virement,refusé
6590,6590,2021-07-29,1334.56,PayPal,refusé
6591,6591,2024-01-12,48.43,Virement,accepté
6592,6592,2019-04-03,775.78,Carte,refusé
6593,6593,2024-01-06,1637.66,Virement,refusé
6594,6594,2025-04-20,247.24,Carte,refusé
6595,6595,2023-10-17,1015.93,Virement,refusé
6596,6596,2023-10-06,799.65,PayPal,refusé
6597,6597,2024-03-31,1365.68,Carte,accepté
6598,6598,2022-04-21,483.6,Virement,refusé
6599,6599,2020-05-23,1901.88,PayPal,refusé
6600,6600,2024-10-24,1788.05,Carte,accepté
6601,6601,2021-02-19,1391.55,Virement,accepté
6602,6602,2020-04-20,1552.18,PayPal,accepté
6603,6603,2022-03-28,150.72,PayPal,accepté
6604,6604,2020-11-22,381.62,Carte,accepté
6605,6605,2022-08-31,880.4,PayPal,accepté
6606,6606,2019-02-27,1452.15,Virement,accepté
6607,6607,2021-07-02,217.68,PayPal,refusé
6608,6608,2021-05-14,1559.07,Carte,refusé
6609,6609,2024-03-06,801.78,Carte,accepté
6610,6610,2020-01-19,1916.63,PayPal,refusé
6611,6611,2020-10-31,27.97,PayPal,accepté
6612,6612,2025-06-02,187.03,Virement,refusé
6613,6613,2025-01-22,1388.91,Carte,refusé
6614,6614,2023-01-06,539.29,PayPal,accepté
6615,6615,2024-12-21,722.73,Virement,accepté
6616,6616,2023-02-22,998.95,Carte,accepté
6617,6617,2024-06-04,1063.49,Carte,accepté
6618,6618,2024-12-24,1743.12,Carte,refusé
6619,6619,2020-07-21,1853.66,PayPal,refusé
6620,6620,2022-03-16,1243.6,PayPal,accepté
6621,6621,2021-02-18,36.52,Carte,refusé
6622,6622,2021-07-17,458.76,Virement,refusé
6623,6623,2024-01-10,137.7,PayPal,accepté
6624,6624,2023-03-01,899.15,Carte,accepté
6625,6625,2021-01-10,460.56,Carte,refusé
6626,6626,2021-06-06,1930.24,PayPal,refusé
6627,6627,2023-05-01,680.99,PayPal,refusé
6628,6628,2021-06-13,417.72,Virement,refusé
6629,6629,2023-10-24,897.36,Carte,accepté
6630,6630,2019-09-27,191.53,Carte,refusé
6631,6631,2020-01-25,1724.96,Virement,accepté
6632,6632,2022-10-31,1569.36,Virement,accepté
6633,6633,2021-05-22,1259.1,Carte,accepté
6634,6634,2019-04-23,1989.16,PayPal,accepté
6635,6635,2019-01-12,1066.29,Carte,refusé
6636,6636,2022-12-15,998.98,Virement,refusé
6637,6637,2021-10-11,687.2,PayPal,refusé
6638,6638,2025-05-20,368.78,Carte,accepté
6639,6639,2019-05-29,587.33,Virement,refusé
6640,6640,2024-12-20,1932.1,PayPal,refusé
6641,6641,2022-02-08,1946.09,Carte,refusé
6642,6642,2025-12-28,1246.6,Carte,accepté
6643,6643,2024-07-05,566.07,Virement,accepté
6644,6644,2019-04-10,718.55,PayPal,accepté
6645,6645,2025-01-30,788.73,PayPal,accepté
6646,6646,2025-07-02,521.28,Virement,refusé
6647,6647,2021-06-29,256.29,Carte,refusé
6648,6648,2022-03-13,534.0,Virement,refusé
6649,6649,2019-04-18,320.92,Virement,refusé
6650,6650,2019-12-12,1036.66,PayPal,accepté
6651,6651,2019-06-08,248.78,PayPal,accepté
6652,6652,2025-06-02,1838.93,Carte,accepté
6653,6653,2020-07-03,116.38,Virement,accepté
6654,6654,2019-01-31,900.34,Virement,accepté
6655,6655,2019-03-02,331.91,Virement,refusé
6656,6656,2020-11-08,1774.15,Virement,refusé
6657,6657,2020-09-16,1085.92,Virement,accepté
6658,6658,2024-01-28,673.39,PayPal,refusé
6659,6659,2020-10-02,554.33,Virement,accepté
6660,6660,2020-01-24,663.76,Carte,refusé
6661,6661,2022-12-14,558.42,Carte,refusé
6662,6662,2023-12-28,817.46,Virement,refusé
6663,6663,2024-10-01,100.4,PayPal,accepté
6664,6664,2024-06-01,1593.57,Virement,refusé
6665,6665,2024-05-11,486.07,PayPal,accepté
6666,6666,2025-02-19,956.94,Virement,accepté
6667,6667,2020-07-29,1362.53,Carte,refusé
6668,6668,2022-05-17,998.2,PayPal,refusé
6669,6669,2019-08-08,1903.97,Carte,refusé
6670,6670,2020-05-02,795.12,Carte,accepté
6671,6671,2019-06-26,1907.29,Virement,accepté
6672,6672,2021-02-08,1721.25,PayPal,accepté
6673,6673,2022-09-08,1300.32,PayPal,refusé
6674,6674,2022-02-16,1877.36,Carte,accepté
6675,6675,2019-11-27,1894.33,PayPal,refusé
6676,6676,2020-05-01,1884.91,Virement,accepté
6677,6677,2021-08-26,478.41,PayPal,refusé
6678,6678,2020-08-08,1119.92,Virement,refusé
6679,6679,2022-02-25,1740.96,PayPal,refusé
6680,6680,2023-03-07,1360.98,Virement,accepté
6681,6681,2025-04-28,1254.81,Carte,accepté
6682,6682,2020-08-01,1950.1,Virement,refusé
6683,6683,2023-02-08,861.4,PayPal,accepté
6684,6684,2022-10-15,1818.11,PayPal,refusé
6685,6685,2025-06-04,843.54,PayPal,accepté
6686,6686,2024-06-03,949.13,Carte,accepté
6687,6687,2022-08-04,1184.81,Virement,accepté
6688,6688,2019-03-26,1352.55,PayPal,refusé
6689,6689,2019-07-04,1366.59,Virement,accepté
6690,6690,2023-12-28,1983.4,Carte,accepté
6691,6691,2020-02-20,1912.69,Virement,accepté
6692,6692,2025-08-19,370.2,Carte,accepté
6693,6693,2022-07-06,611.25,Carte,refusé
6694,6694,2021-02-02,501.84,Carte,refusé
6695,6695,2022-05-25,172.12,Virement,accepté
6696,6696,2021-11-25,1266.84,PayPal,refusé
6697,6697,2020-05-16,1907.86,Virement,accepté
6698,6698,2024-08-06,1495.64,Virement,accepté
6699,6699,2019-03-02,1444.14,Carte,refusé
6700,6700,2025-10-27,1799.59,Carte,accepté
6701,6701,2020-02-28,1795.56,PayPal,refusé
6702,6702,2019-08-27,1311.06,PayPal,accepté
6703,6703,2020-06-23,448.41,PayPal,accepté
6704,6704,2024-07-22,279.42,Virement,accepté
6705,6705,2025-08-07,549.4,PayPal,refusé
6706,6706,2019-12-30,93.4,PayPal,refusé
6707,6707,2023-07-09,613.32,PayPal,accepté
6708,6708,2025-03-18,402.44,PayPal,accepté
6709,6709,2025-03-24,994.66,Carte,accepté
6710,6710,2023-10-21,153.75,PayPal,refusé
6711,6711,2020-07-06,1743.62,Carte,accepté
6712,6712,2020-05-30,1581.93,Virement,refusé
6713,6713,2021-07-11,963.96,Virement,accepté
6714,6714,2019-08-10,31.33,PayPal,accepté
6715,6715,2022-02-28,1766.56,Carte,refusé
6716,6716,2025-11-24,200.74,PayPal,accepté
6717,6717,2025-10-06,684.33,Carte,refusé
6718,6718,2021-06-16,1270.34,Carte,refusé
6719,6719,2025-08-11,1912.24,Virement,refusé
6720,6720,2021-06-22,1826.63,Carte,refusé
6721,6721,2025-01-11,1708.82,PayPal,refusé
6722,6722,2023-01-29,466.65,PayPal,accepté
6723,6723,2022-05-16,351.33,PayPal,accepté
6724,6724,2024-06-30,670.23,Carte,refusé
6725,6725,2019-05-08,691.17,Virement,refusé
6726,6726,2020-09-20,1669.39,Virement,refusé
6727,6727,2022-04-09,402.99,Carte,accepté
6728,6728,2024-06-22,960.93,Virement,accepté
6729,6729,2022-03-15,1938.56,Virement,refusé
6730,6730,2023-05-13,710.43,Virement,accepté
6731,6731,2025-10-12,1487.76,Carte,accepté
6732,6732,2024-08-07,707.71,PayPal,accepté
6733,6733,2023-08-07,1719.66,Carte,refusé
6734,6734,2021-08-10,568.3,Carte,accepté
6735,6735,2021-09-28,1559.09,Carte,refusé
6736,6736,2024-12-11,127.89,Virement,accepté
6737,6737,2020-12-30,1651.39,PayPal,refusé
6738,6738,2022-05-22,1766.87,Virement,accepté
6739,6739,2020-04-12,1946.35,Carte,refusé
6740,6740,2022-03-30,697.27,PayPal,refusé
6741,6741,2024-03-26,1209.67,PayPal,accepté
6742,6742,2023-01-04,536.63,Virement,accepté
6743,6743,2024-04-17,93.13,PayPal,refusé
6744,6744,2025-05-18,462.44,Virement,refusé
6745,6745,2024-12-27,1986.97,PayPal,refusé
6746,6746,2022-06-17,916.89,Virement,accepté
6747,6747,2019-09-07,1820.15,PayPal,accepté
6748,6748,2023-02-27,1533.33,PayPal,accepté
6749,6749,2025-04-08,681.6,Virement,accepté
6750,6750,2022-06-24,648.67,Virement,accepté
6751,6751,2019-02-06,253.82,PayPal,refusé
6752,6752,2024-04-16,258.81,Virement,refusé
6753,6753,2019-07-11,1976.67,Virement,accepté
6754,6754,2024-04-16,1787.53,Carte,accepté
6755,6755,2021-10-06,1995.94,PayPal,refusé
6756,6756,2019-05-29,1904.5,PayPal,refusé
6757,6757,2025-03-08,1108.15,PayPal,accepté
6758,6758,2023-04-07,103.62,PayPal,accepté
6759,6759,2019-06-06,1174.02,Carte,accepté
6760,6760,2021-07-22,318.72,Virement,refusé
6761,6761,2022-03-14,823.41,Virement,accepté
6762,6762,2024-11-01,933.68,Carte,refusé
6763,6763,2022-08-12,1785.71,Virement,refusé
6764,6764,2024-09-24,1399.85,Virement,accepté
6765,6765,2023-03-26,286.99,Carte,accepté
6766,6766,2024-10-19,1777.8,PayPal,accepté
6767,6767,2023-05-30,166.23,Carte,accepté
6768,6768,2022-08-15,1011.91,PayPal,refusé
6769,6769,2023-03-23,560.6,Carte,refusé
6770,6770,2023-07-13,1631.49,Virement,refusé
6771,6771,2023-01-29,1566.32,PayPal,accepté
6772,6772,2020-04-19,1689.62,PayPal,refusé
6773,6773,2022-07-03,1536.49,Virement,accepté
6774,6774,2025-06-01,340.03,PayPal,accepté
6775,6775,2025-01-14,1291.23,Virement,refusé
6776,6776,2021-05-11,170.2,Carte,refusé
6777,6777,2019-04-11,1072.58,Virement,refusé
6778,6778,2024-03-22,1847.1,Carte,accepté
6779,6779,2025-09-25,273.82,Carte,accepté
6780,6780,2022-08-21,1371.42,PayPal,accepté
6781,6781,2022-11-16,588.78,Carte,accepté
6782,6782,2025-10-05,659.59,Carte,accepté
6783,6783,2021-01-27,1354.25,Carte,refusé
6784,6784,2020-07-09,1806.44,PayPal,refusé
6785,6785,2025-11-05,1263.19,Carte,accepté
6786,6786,2024-03-01,1849.4,PayPal,refusé
6787,6787,2021-12-04,1194.27,Virement,refusé
6788,6788,2020-08-23,904.44,Virement,accepté
6789,6789,2023-11-04,1491.62,Virement,accepté
6790,6790,2022-10-18,1121.83,Carte,accepté
6791,6791,2019-01-06,1148.18,Virement,accepté
6792,6792,2023-03-15,271.92,PayPal,accepté
6793,6793,2021-11-19,1021.38,Virement,accepté
6794,6794,2024-10-06,475.73,Carte,refusé
6795,6795,2020-02-02,519.95,Carte,accepté
6796,6796,2024-05-13,1561.07,Carte,accepté
6797,6797,2025-07-14,673.33,Virement,refusé
6798,6798,2020-10-17,159.36,PayPal,accepté
6799,6799,2022-10-18,650.53,Virement,refusé
6800,6800,2020-01-05,653.6,PayPal,accepté
6801,6801,2023-10-23,1161.4,Carte,refusé
6802,6802,2019-07-26,143.15,Carte,refusé
6803,6803,2022-11-09,181.87,Virement,refusé
6804,6804,2025-04-29,1616.99,Virement,accepté
6805,6805,2019-09-03,1988.72,PayPal,accepté
6806,6806,2020-05-07,113.01,PayPal,accepté
6807,6807,2022-08-03,1770.15,PayPal,refusé
6808,6808,2021-11-19,853.86,PayPal,refusé
6809,6809,2023-10-28,843.08,PayPal,accepté
6810,6810,2022-02-27,1283.97,PayPal,accepté
6811,6811,2021-02-27,450.56,Carte,accepté
6812,6812,2019-12-09,895.67,Carte,accepté
6813,6813,2023-03-27,302.63,Virement,accepté
6814,6814,2025-07-02,83.18,PayPal,accepté
6815,6815,2021-06-05,242.77,Virement,accepté
6816,6816,2019-04-30,1451.43,PayPal,accepté
6817,6817,2019-09-17,1129.17,Carte,accepté
6818,6818,2023-01-01,1847.61,PayPal,refusé
6819,6819,2025-10-10,1294.42,Virement,accepté
6820,6820,2020-11-10,1799.61,PayPal,refusé
6821,6821,2019-01-28,1455.06,PayPal,refusé
6822,6822,2019-05-21,1259.17,Carte,refusé
6823,6823,2019-02-19,774.0,Carte,accepté
6824,6824,2024-10-21,903.24,PayPal,refusé
6825,6825,2024-12-12,586.14,PayPal,refusé
6826,6826,2020-04-03,119.52,PayPal,accepté
6827,6827,2022-11-10,1607.46,PayPal,refusé
6828,6828,2025-03-06,1895.41,Carte,accepté
6829,6829,2025-08-19,1026.4,PayPal,refusé
6830,6830,2019-06-07,1156.59,Carte,refusé
6831,6831,2022-06-26,86.76,Virement,refusé
6832,6832,2024-05-25,1783.76,PayPal,accepté
6833,6833,2023-03-31,989.93,Carte,refusé
6834,6834,2019-03-08,604.48,Carte,accepté
6835,6835,2023-07-13,1221.11,Carte,refusé
6836,6836,2023-01-15,589.29,Virement,accepté
6837,6837,2023-04-14,1610.51,PayPal,refusé
6838,6838,2019-06-15,1545.31,Virement,accepté
6839,6839,2020-08-10,1044.38,PayPal,accepté
6840,6840,2020-04-03,836.53,Virement,refusé
6841,6841,2020-08-23,213.55,Carte,accepté
6842,6842,2024-04-21,225.83,Virement,accepté
6843,6843,2019-08-03,951.49,Carte,refusé
6844,6844,2021-03-11,752.16,PayPal,accepté
6845,6845,2024-08-04,842.93,Virement,refusé
6846,6846,2022-04-25,574.28,PayPal,accepté
6847,6847,2021-01-18,1935.55,PayPal,accepté
6848,6848,2021-05-07,735.22,Carte,accepté
6849,6849,2020-05-26,77.15,Carte,refusé
6850,6850,2020-03-06,1641.55,Carte,accepté
6851,6851,2024-12-11,583.87,PayPal,accepté
6852,6852,2020-03-16,303.84,PayPal,refusé
6853,6853,2019-03-07,1771.56,PayPal,refusé
6854,6854,2025-12-27,1598.98,Carte,accepté
6855,6855,2020-05-17,1672.71,PayPal,accepté
6856,6856,2025-12-07,402.18,PayPal,refusé
6857,6857,2021-04-27,607.41,Carte,refusé
6858,6858,2022-01-18,863.95,Virement,refusé
6859,6859,2022-04-06,422.47,Carte,accepté
6860,6860,2021-10-03,1462.82,Virement,refusé
6861,6861,2019-07-14,586.78,PayPal,refusé
6862,6862,2020-02-03,1253.04,Virement,accepté
6863,6863,2020-03-02,1388.53,PayPal,refusé
6864,6864,2024-05-23,385.1,Virement,refusé
6865,6865,2025-07-22,88.14,Virement,accepté
6866,6866,2024-07-31,1596.69,Virement,accepté
6867,6867,2023-07-14,1263.12,Virement,accepté
6868,6868,2019-06-30,1144.39,Virement,refusé
6869,6869,2022-01-11,610.91,Virement,accepté
6870,6870,2023-10-08,38.37,PayPal,accepté
6871,6871,2019-01-08,711.23,PayPal,accepté
6872,6872,2022-06-22,755.28,Virement,accepté
6873,6873,2025-01-07,1818.38,Carte,accepté
6874,6874,2025-05-29,311.92,Virement,accepté
6875,6875,2019-02-05,518.69,Carte,accepté
6876,6876,2019-04-05,1871.91,PayPal,refusé
6877,6877,2025-09-01,962.95,PayPal,refusé
6878,6878,2020-09-12,1610.2,Carte,accepté
6879,6879,2024-04-09,1897.01,Carte,accepté
6880,6880,2025-10-07,409.35,Carte,refusé
6881,6881,2020-01-13,451.28,Virement,refusé
6882,6882,2023-10-09,818.16,Carte,refusé
6883,6883,2023-11-26,353.72,Carte,accepté
6884,6884,2020-01-04,120.03,Virement,refusé
6885,6885,2020-11-06,428.48,Virement,refusé
6886,6886,2023-08-09,175.67,Carte,accepté
6887,6887,2025-04-02,405.06,Carte,accepté
6888,6888,2025-07-20,1732.69,PayPal,accepté
6889,6889,2023-05-03,1116.98,PayPal,refusé
6890,6890,2021-04-27,596.69,PayPal,accepté
6891,6891,2025-05-02,1778.79,PayPal,accepté
6892,6892,2023-06-04,104.62,Carte,refusé
6893,6893,2019-06-02,954.15,PayPal,accepté
6894,6894,2024-08-02,297.02,Carte,refusé
6895,6895,2022-10-28,565.26,Carte,refusé
6896,6896,2020-07-16,1477.43,Carte,accepté
6897,6897,2019-08-21,520.94,PayPal,refusé
6898,6898,2020-01-17,1840.51,PayPal,refusé
6899,6899,2025-05-17,361.82,PayPal,refusé
6900,6900,2019-02-15,99.25,Carte,refusé
6901,6901,2020-11-30,1259.96,Virement,accepté
6902,6902,2020-12-27,312.8,Virement,refusé
6903,6903,2022-09-14,945.38,PayPal,accepté
6904,6904,2023-09-02,1114.77,Virement,accepté
6905,6905,2024-12-11,763.58,PayPal,accepté
6906,6906,2022-10-12,1813.15,PayPal,refusé
6907,6907,2024-08-28,1275.6,PayPal,accepté
6908,6908,2022-05-20,621.54,Carte,refusé
6909,6909,2023-08-15,1347.97,PayPal,refusé
6910,6910,2022-07-12,1797.43,PayPal,refusé
6911,6911,2025-01-20,1348.89,Virement,accepté
6912,6912,2025-10-14,284.73,Virement,refusé
6913,6913,2025-09-14,20.91,Virement,accepté
6914,6914,2024-01-04,144.74,Carte,refusé
6915,6915,2024-06-22,618.86,Virement,refusé
6916,6916,2024-11-25,94.5,Virement,refusé
6917,6917,2022-11-11,1341.38,Carte,accepté
6918,6918,2023-10-19,1761.52,PayPal,accepté
6919,6919,2021-07-30,128.53,PayPal,refusé
6920,6920,2021-11-20,825.28,Carte,accepté
6921,6921,2022-01-25,1068.32,Carte,refusé
6922,6922,2024-11-30,1221.58,PayPal,refusé
6923,6923,2023-02-23,1387.92,PayPal,refusé
6924,6924,2019-07-12,655.2,Carte,accepté
6925,6925,2021-09-20,1483.43,Virement,accepté
6926,6926,2022-10-10,893.65,Carte,accepté
6927,6927,2020-07-31,1873.27,PayPal,refusé
6928,6928,2024-10-08,1861.58,Virement,accepté
6929,6929,2022-11-21,1578.27,Virement,refusé
6930,6930,2025-04-13,633.8,PayPal,accepté
6931,6931,2025-12-23,461.72,Carte,accepté
6932,6932,2022-12-07,982.19,PayPal,refusé
6933,6933,2024-11-05,1666.12,Virement,accepté
6934,6934,2020-11-02,1515.05,PayPal,accepté
6935,6935,2021-03-25,77.92,PayPal,accepté
6936,6936,2024-04-28,656.78,PayPal,refusé
6937,6937,2024-04-30,97.22,Carte,accepté
6938,6938,2019-10-02,185.98,Virement,refusé
6939,6939,2019-01-11,1267.77,PayPal,accepté
6940,6940,2024-12-12,1544.56,Carte,accepté
6941,6941,2020-02-13,1829.56,Virement,refusé
6942,6942,2019-12-13,784.14,Virement,accepté
6943,6943,2025-01-30,1965.68,PayPal,accepté
6944,6944,2024-12-30,1864.47,Carte,refusé
6945,6945,2023-12-28,992.19,Carte,refusé
6946,6946,2022-04-14,825.04,PayPal,accepté
6947,6947,2022-08-13,790.37,PayPal,accepté
6948,6948,2024-01-27,1757.61,PayPal,accepté
6949,6949,2021-02-07,1284.55,PayPal,refusé
6950,6950,2019-09-17,1866.32,Virement,refusé
6951,6951,2023-05-16,1967.18,Carte,accepté
6952,6952,2021-06-14,1716.06,Virement,refusé
6953,6953,2024-02-03,1869.38,Virement,refusé
6954,6954,2020-09-11,499.88,Carte,accepté
6955,6955,2019-07-15,806.49,Virement,accepté
6956,6956,2022-02-19,641.91,PayPal,accepté
6957,6957,2023-12-30,1883.04,PayPal,refusé
6958,6958,2024-01-30,906.46,PayPal,accepté
6959,6959,2021-09-23,525.41,PayPal,accepté
6960,6960,2025-09-09,1816.25,Carte,refusé
6961,6961,2025-11-05,1282.24,Carte,accepté
6962,6962,2025-06-29,1514.62,Carte,refusé
6963,6963,2019-01-23,1780.03,PayPal,refusé
6964,6964,2024-09-04,1053.09,Virement,accepté
6965,6965,2022-08-01,1068.37,Carte,accepté
6966,6966,2022-10-27,1736.04,Carte,accepté
6967,6967,2023-10-08,369.03,Carte,refusé
6968,6968,2024-03-22,934.88,PayPal,refusé
6969,6969,2019-01-07,778.32,Carte,refusé
6970,6970,2025-03-23,46.93,Carte,accepté
6971,6971,2020-08-29,1105.0,Carte,refusé
6972,6972,2022-10-27,1617.25,Carte,refusé
6973,6973,2021-06-04,1648.38,Carte,refusé
6974,6974,2023-10-23,1182.17,PayPal,refusé
6975,6975,2023-11-03,453.65,Virement,refusé
6976,6976,2022-02-20,1880.63,Virement,accepté
6977,6977,2022-11-03,29.17,Carte,refusé
6978,6978,2021-10-29,295.61,Carte,accepté
6979,6979,2023-06-17,1978.34,PayPal,refusé
6980,6980,2019-02-07,1059.0,Carte,refusé
6981,6981,2022-10-20,1983.14,Carte,refusé
6982,6982,2022-07-29,1744.68,Virement,accepté
6983,6983,2022-08-24,66.33,PayPal,refusé
6984,6984,2024-08-07,706.65,Virement,accepté
6985,6985,2020-09-27,867.26,Carte,refusé
6986,6986,2025-08-05,811.72,Carte,refusé
6987,6987,2022-01-06,1676.28,Virement,refusé
6988,6988,2022-07-20,1903.25,Carte,refusé
6989,6989,2020-07-27,1630.71,PayPal,refusé
6990,6990,2024-04-25,1955.56,PayPal,accepté
6991,6991,2025-08-11,931.44,Virement,accepté
6992,6992,2023-08-05,552.68,Carte,accepté
6993,6993,2019-04-18,344.85,Carte,accepté
6994,6994,2019-08-18,813.16,Carte,refusé
6995,6995,2024-02-28,1772.42,Virement,accepté
6996,6996,2023-09-21,88.97,PayPal,accepté
6997,6997,2021-03-21,1244.75,Carte,refusé
6998,6998,2021-05-18,386.36,PayPal,refusé
6999,6999,2024-08-30,1108.91,PayPal,accepté
7000,7000,2024-07-16,1119.92,Carte,accepté
7001,7001,2021-08-19,833.58,Carte,accepté
7002,7002,2021-08-19,1348.56,Carte,accepté
7003,7003,2024-02-12,168.88,PayPal,accepté
7004,7004,2022-12-05,965.88,PayPal,refusé
7005,7005,2020-06-11,406.43,Carte,refusé
7006,7006,2021-12-22,211.54,Carte,accepté
7007,7007,2020-12-16,1729.38,PayPal,accepté
7008,7008,2022-03-10,27.35,Virement,refusé
7009,7009,2019-12-20,1308.9,Virement,refusé
7010,7010,2025-10-16,194.8,Virement,refusé
7011,7011,2020-08-18,1603.64,PayPal,refusé
7012,7012,2021-04-02,1537.59,PayPal,refusé
7013,7013,2023-11-16,1707.48,Carte,refusé
7014,7014,2023-11-30,1459.94,Carte,accepté
7015,7015,2021-01-28,1416.71,Carte,refusé
7016,7016,2022-09-28,1706.96,Virement,refusé
7017,7017,2021-07-25,1454.27,Virement,refusé
7018,7018,2025-01-18,1407.99,Virement,refusé
7019,7019,2024-07-02,1949.26,PayPal,accepté
7020,7020,2025-02-16,1618.94,Virement,accepté
7021,7021,2023-05-15,60.1,Carte,refusé
7022,7022,2024-12-22,649.97,PayPal,refusé
7023,7023,2021-07-26,1723.95,Carte,accepté
7024,7024,2020-05-05,1714.75,PayPal,refusé
7025,7025,2023-05-16,1651.73,PayPal,accepté
7026,7026,2019-08-29,1216.82,PayPal,refusé
7027,7027,2019-08-24,947.53,PayPal,refusé
7028,7028,2021-08-18,633.69,PayPal,accepté
7029,7029,2023-06-08,1037.12,Carte,accepté
7030,7030,2023-12-20,1131.99,PayPal,accepté
7031,7031,2025-12-29,108.44,PayPal,accepté
7032,7032,2021-06-20,971.48,Carte,refusé
7033,7033,2022-10-13,1588.0,PayPal,refusé
7034,7034,2024-10-21,1386.77,Carte,accepté
7035,7035,2019-05-14,567.5,Virement,refusé
7036,7036,2022-02-20,1985.24,Carte,refusé
7037,7037,2020-10-20,1415.69,Virement,accepté
7038,7038,2024-01-03,979.82,PayPal,refusé
7039,7039,2024-08-09,1018.63,PayPal,refusé
7040,7040,2021-08-28,891.25,PayPal,accepté
7041,7041,2019-07-19,798.98,PayPal,refusé
7042,7042,2021-03-25,879.94,Carte,refusé
7043,7043,2021-04-03,667.8,Carte,accepté
7044,7044,2021-04-11,445.29,Carte,refusé
7045,7045,2024-08-16,185.59,Virement,accepté
7046,7046,2025-08-18,1194.64,Carte,accepté
7047,7047,2022-04-28,1657.88,Virement,accepté
7048,7048,2025-11-19,202.51,Carte,accepté
7049,7049,2021-03-06,1336.94,Carte,accepté
7050,7050,2024-06-15,1072.13,PayPal,accepté
7051,7051,2025-08-01,1418.98,Virement,accepté
7052,7052,2023-05-04,238.4,Carte,accepté
7053,7053,2023-03-03,1562.89,Carte,accepté
7054,7054,2022-07-01,20.72,Virement,accepté
7055,7055,2023-04-25,1920.91,Carte,accepté
7056,7056,2023-07-07,1925.48,Virement,refusé
7057,7057,2025-06-25,312.05,Carte,refusé
7058,7058,2023-04-05,284.47,Virement,accepté
7059,7059,2025-09-30,423.13,Carte,refusé
7060,7060,2019-02-24,1400.9,PayPal,refusé
7061,7061,2023-07-01,748.71,Carte,accepté
7062,7062,2023-01-25,1183.74,Carte,refusé
7063,7063,2025-04-05,1019.42,Virement,refusé
7064,7064,2020-12-15,1959.0,Carte,refusé
7065,7065,2023-01-19,609.5,Carte,refusé
7066,7066,2024-05-05,1963.95,Virement,refusé
7067,7067,2019-07-30,857.26,Carte,refusé
7068,7068,2021-05-26,416.06,PayPal,refusé
7069,7069,2021-09-24,1740.65,Carte,accepté
7070,7070,2021-09-12,1199.83,Carte,accepté
7071,7071,2025-02-21,1575.54,PayPal,refusé
7072,7072,2024-07-22,124.32,Virement,accepté
7073,7073,2024-04-30,1863.72,PayPal,refusé
7074,7074,2022-05-06,1387.32,Carte,accepté
7075,7075,2025-04-25,1157.37,Virement,accepté
7076,7076,2025-09-30,1599.96,Virement,refusé
7077,7077,2025-01-11,1844.76,Virement,accepté
7078,7078,2020-05-27,983.8,PayPal,accepté
7079,7079,2023-10-26,967.12,Virement,accepté
7080,7080,2025-10-15,1959.04,Carte,refusé
7081,7081,2024-02-18,696.0,Carte,accepté
7082,7082,2022-03-07,108.18,PayPal,refusé
7083,7083,2021-03-29,975.58,Carte,accepté
7084,7084,2024-04-17,1840.12,Carte,accepté
7085,7085,2019-11-17,889.39,Carte,refusé
7086,7086,2025-08-29,1088.52,Virement,accepté
7087,7087,2020-08-26,937.56,PayPal,refusé
7088,7088,2024-08-15,498.9,PayPal,accepté
7089,7089,2025-02-22,27.34,PayPal,accepté
7090,7090,2020-12-25,501.66,Carte,refusé
7091,7091,2024-04-07,510.02,PayPal,accepté
7092,7092,2023-03-22,77.9,Carte,refusé
7093,7093,2021-05-05,1469.56,Carte,accepté
7094,7094,2019-03-22,1573.51,Virement,refusé
7095,7095,2022-10-26,87.05,PayPal,accepté
7096,7096,2020-03-03,1289.43,PayPal,accepté
7097,7097,2020-01-24,995.97,Carte,accepté
7098,7098,2023-11-07,490.84,Carte,refusé
7099,7099,2022-10-28,1429.06,Carte,accepté
7100,7100,2019-03-12,1567.31,Carte,refusé
7101,7101,2025-03-21,1968.62,PayPal,accepté
7102,7102,2023-11-22,1560.37,Virement,refusé
7103,7103,2019-09-14,340.6,Carte,refusé
7104,7104,2021-07-03,1054.87,Virement,accepté
7105,7105,2021-08-04,648.39,Virement,accepté
7106,7106,2022-03-22,1757.56,Virement,accepté
7107,7107,2020-02-19,1965.89,Carte,refusé
7108,7108,2021-09-12,1422.85,Virement,refusé
7109,7109,2023-04-30,695.45,Virement,accepté
7110,7110,2025-06-15,1631.35,Virement,accepté
7111,7111,2025-01-29,1400.31,Carte,refusé
7112,7112,2021-05-02,1256.02,Carte,accepté
7113,7113,2025-01-20,1849.59,PayPal,accepté
7114,7114,2021-12-21,1682.85,PayPal,refusé
7115,7115,2020-04-22,1903.29,PayPal,refusé
7116,7116,2024-04-01,42.3,PayPal,refusé
7117,7117,2024-09-04,1013.98,Virement,accepté
7118,7118,2024-08-03,1766.12,Virement,accepté
7119,7119,2020-10-28,707.25,Carte,refusé
7120,7120,2023-11-27,941.59,PayPal,refusé
7121,7121,2019-03-21,249.13,PayPal,refusé
7122,7122,2024-10-26,1770.3,Virement,accepté
7123,7123,2024-03-07,1330.25,Carte,refusé
7124,7124,2021-08-13,617.72,Carte,accepté
7125,7125,2022-04-10,1918.62,Virement,refusé
7126,7126,2023-04-04,316.47,Virement,refusé
7127,7127,2019-04-20,1682.54,PayPal,accepté
7128,7128,2024-08-06,266.43,PayPal,refusé
7129,7129,2023-10-22,898.35,Carte,refusé
7130,7130,2023-03-09,1526.11,PayPal,refusé
7131,7131,2019-01-03,913.12,PayPal,accepté
7132,7132,2022-06-19,1823.37,PayPal,refusé
7133,7133,2022-04-10,43.18,Carte,accepté
7134,7134,2025-05-16,573.29,Virement,accepté
7135,7135,2025-02-24,913.06,Carte,accepté
7136,7136,2020-02-28,1720.02,Carte,refusé
7137,7137,2019-08-25,513.75,PayPal,accepté
7138,7138,2021-07-22,1818.93,Virement,accepté
7139,7139,2020-02-07,1986.21,Carte,refusé
7140,7140,2020-04-13,1710.38,PayPal,accepté
7141,7141,2022-05-03,1612.58,Carte,refusé
7142,7142,2021-04-09,1710.52,Virement,accepté
7143,7143,2020-07-14,796.93,PayPal,refusé
7144,7144,2024-03-14,540.34,Carte,refusé
7145,7145,2022-10-25,1947.76,Carte,accepté
7146,7146,2022-08-17,1296.39,Virement,refusé
7147,7147,2020-04-14,809.79,Virement,accepté
7148,7148,2023-10-21,151.68,Virement,refusé
7149,7149,2020-04-30,479.31,PayPal,refusé
7150,7150,2023-11-29,1511.15,Virement,accepté
7151,7151,2025-07-09,927.64,Virement,accepté
7152,7152,2023-04-11,249.26,PayPal,accepté
7153,7153,2020-01-19,251.14,Carte,accepté
7154,7154,2019-10-08,1581.08,PayPal,refusé
7155,7155,2020-05-30,555.95,PayPal,refusé
7156,7156,2024-12-07,299.6,PayPal,refusé
7157,7157,2019-06-15,802.9,Virement,refusé
7158,7158,2022-02-05,875.8,Virement,refusé
7159,7159,2020-08-30,730.16,Carte,accepté
7160,7160,2019-02-02,1610.08,PayPal,accepté
7161,7161,2019-10-30,869.8,Carte,accepté
7162,7162,2021-04-08,89.63,Carte,refusé
7163,7163,2024-08-27,1397.8,Carte,refusé
7164,7164,2023-02-03,293.68,Virement,refusé
7165,7165,2020-01-19,422.14,PayPal,accepté
7166,7166,2020-03-01,277.76,Virement,accepté
7167,7167,2024-07-27,1310.72,Carte,refusé
7168,7168,2021-09-27,995.69,Carte,refusé
7169,7169,2021-11-05,1814.82,Carte,accepté
7170,7170,2022-06-13,289.61,Carte,refusé
7171,7171,2020-04-19,1337.48,Carte,refusé
7172,7172,2021-10-26,989.17,Virement,accepté
7173,7173,2023-01-16,1294.33,PayPal,refusé
7174,7174,2021-04-26,1729.13,Virement,refusé
7175,7175,2020-12-19,249.48,Virement,refusé
7176,7176,2024-03-24,1461.45,Virement,accepté
7177,7177,2024-06-06,1075.4,PayPal,accepté
7178,7178,2024-09-14,1025.89,Carte,refusé
7179,7179,2022-12-12,498.87,PayPal,accepté
7180,7180,2022-06-13,1498.72,Carte,refusé
7181,7181,2022-06-13,1047.49,PayPal,refusé
7182,7182,2025-03-03,1385.08,Virement,refusé
7183,7183,2021-12-03,1635.07,Virement,refusé
7184,7184,2019-07-14,1953.57,PayPal,refusé
7185,7185,2020-06-10,943.97,PayPal,accepté
7186,7186,2022-06-30,42.69,PayPal,refusé
7187,7187,2019-12-28,1965.35,PayPal,refusé
7188,7188,2024-03-24,956.08,Virement,accepté
7189,7189,2024-12-01,249.92,Carte,refusé
7190,7190,2024-10-15,1634.03,PayPal,refusé
7191,7191,2023-11-16,1093.26,Virement,refusé
7192,7192,2020-09-02,1407.84,Carte,accepté
7193,7193,2024-10-23,869.96,Virement,refusé
7194,7194,2023-10-06,1545.63,Virement,refusé
7195,7195,2024-03-24,641.52,PayPal,accepté
7196,7196,2022-01-18,299.69,Carte,accepté
7197,7197,2025-05-07,45.56,Virement,refusé
7198,7198,2019-07-02,938.6,PayPal,refusé
7199,7199,2020-05-31,457.82,Carte,refusé
7200,7200,2024-10-15,582.49,Virement,refusé
7201,7201,2022-08-22,617.9,PayPal,refusé
7202,7202,2025-01-16,1644.51,PayPal,refusé
7203,7203,2024-11-03,646.63,Virement,refusé
7204,7204,2025-10-22,1877.25,Virement,refusé
7205,7205,2023-12-18,1768.65,PayPal,refusé
7206,7206,2025-10-16,1730.96,PayPal,accepté
7207,7207,2024-10-31,629.48,PayPal,accepté
7208,7208,2024-01-03,1473.32,PayPal,refusé
7209,7209,2022-11-03,36.76,Virement,refusé
7210,7210,2020-01-04,1618.5,Virement,refusé
7211,7211,2019-08-21,1526.04,PayPal,accepté
7212,7212,2022-01-02,231.15,PayPal,refusé
7213,7213,2025-11-07,1814.57,Virement,refusé
7214,7214,2025-08-24,1598.31,PayPal,refusé
7215,7215,2019-05-20,316.25,PayPal,accepté
7216,7216,2022-01-22,1438.5,Virement,refusé
7217,7217,2022-08-07,1366.7,Virement,accepté
7218,7218,2019-12-04,1540.73,PayPal,accepté
7219,7219,2021-01-22,1741.79,Carte,refusé
7220,7220,2020-07-20,1746.12,PayPal,accepté
7221,7221,2023-06-09,372.9,PayPal,accepté
7222,7222,2024-12-03,1568.02,PayPal,refusé
7223,7223,2024-01-25,1771.2,Virement,refusé
7224,7224,2022-05-09,100.04,Virement,accepté
7225,7225,2024-05-08,1782.47,PayPal,refusé
7226,7226,2019-03-21,842.34,Virement,accepté
7227,7227,2025-09-21,1900.26,PayPal,accepté
7228,7228,2020-06-14,1658.24,PayPal,accepté
7229,7229,2023-04-02,1543.13,Virement,refusé
7230,7230,2025-07-12,560.02,PayPal,refusé
7231,7231,2022-07-08,79.39,Carte,refusé
7232,7232,2023-01-23,1855.51,Carte,refusé
7233,7233,2025-11-19,1628.55,Virement,refusé
7234,7234,2021-05-01,498.55,Virement,accepté
7235,7235,2024-03-20,118.52,Carte,refusé
7236,7236,2021-08-18,843.25,PayPal,accepté
7237,7237,2023-05-19,1148.84,Virement,accepté
7238,7238,2022-09-08,1407.9,Virement,accepté
7239,7239,2020-06-13,248.1,PayPal,refusé
7240,7240,2022-02-23,1042.3,Virement,refusé
7241,7241,2025-01-02,1883.29,PayPal,refusé
7242,7242,2024-04-03,1209.98,PayPal,accepté
7243,7243,2021-02-14,1319.96,Carte,accepté
7244,7244,2022-12-08,1672.61,Virement,refusé
7245,7245,2021-07-15,1778.78,PayPal,refusé
7246,7246,2024-03-22,513.51,Virement,accepté
7247,7247,2022-07-07,489.96,Carte,refusé
7248,7248,2022-01-08,82.66,PayPal,refusé
7249,7249,2023-04-14,1253.59,PayPal,accepté
7250,7250,2025-07-15,549.38,PayPal,refusé
7251,7251,2023-04-21,277.22,PayPal,refusé
7252,7252,2025-01-15,293.22,Virement,refusé
7253,7253,2021-06-21,417.26,PayPal,refusé
7254,7254,2024-11-10,860.06,Virement,accepté
7255,7255,2025-01-13,1972.68,Virement,accepté
7256,7256,2021-04-16,911.96,Carte,accepté
7257,7257,2021-10-25,861.17,Carte,accepté
7258,7258,2024-09-21,418.95,PayPal,refusé
7259,7259,2023-11-04,1677.81,PayPal,accepté
7260,7260,2020-12-05,1399.92,Carte,refusé
7261,7261,2023-11-25,1737.03,Virement,refusé
7262,7262,2021-05-17,894.48,PayPal,refusé
7263,7263,2025-08-15,617.75,Carte,refusé
7264,7264,2025-03-01,1611.14,Carte,accepté
7265,7265,2019-10-19,103.42,Carte,refusé
7266,7266,2023-03-24,1461.84,PayPal,accepté
7267,7267,2024-08-26,452.25,Virement,refusé
7268,7268,2020-12-22,1604.25,PayPal,accepté
7269,7269,2022-04-01,340.64,Carte,refusé
7270,7270,2023-02-14,136.8,PayPal,refusé
7271,7271,2020-08-31,938.44,Carte,accepté
7272,7272,2019-05-29,1811.54,PayPal,accepté
7273,7273,2020-06-07,1742.72,Virement,refusé
7274,7274,2025-08-26,1328.74,PayPal,refusé
7275,7275,2024-12-08,180.76,Virement,accepté
7276,7276,2019-05-06,1695.12,Carte,accepté
7277,7277,2023-01-24,581.54,Virement,accepté
7278,7278,2023-08-08,407.29,Carte,refusé
7279,7279,2025-04-02,1971.98,PayPal,accepté
7280,7280,2024-01-01,854.8,Carte,accepté
7281,7281,2025-04-12,59.7,Carte,refusé
7282,7282,2025-10-27,1998.75,Carte,accepté
7283,7283,2019-09-06,1062.73,Carte,accepté
7284,7284,2024-12-08,1088.16,PayPal,refusé
7285,7285,2024-07-24,214.56,PayPal,refusé
7286,7286,2019-07-01,748.03,Carte,accepté
7287,7287,2019-02-28,1706.96,PayPal,refusé
7288,7288,2020-03-13,1375.81,Carte,accepté
7289,7289,2019-11-22,91.5,Carte,accepté
7290,7290,2019-01-17,160.95,Carte,refusé
7291,7291,2020-12-09,764.09,PayPal,accepté
7292,7292,2023-07-10,35.58,PayPal,refusé
7293,7293,2024-08-17,1432.2,Carte,refusé
7294,7294,2024-03-23,109.55,Virement,accepté
7295,7295,2021-03-02,469.48,PayPal,refusé
7296,7296,2023-03-18,1664.91,Carte,accepté
7297,7297,2021-05-30,705.47,PayPal,accepté
7298,7298,2025-09-30,1253.4,Carte,accepté
7299,7299,2020-10-11,384.97,Virement,refusé
7300,7300,2019-07-07,1099.59,PayPal,refusé
7301,7301,2022-05-28,1424.8,PayPal,refusé
7302,7302,2022-02-27,1842.97,Virement,refusé
7303,7303,2020-04-17,487.5,PayPal,accepté
7304,7304,2022-12-27,242.11,Virement,refusé
7305,7305,2019-05-04,428.91,Virement,refusé
7306,7306,2021-12-12,770.42,Virement,refusé
7307,7307,2023-09-02,573.97,Virement,refusé
7308,7308,2021-08-18,1764.07,PayPal,accepté
7309,7309,2024-05-28,1852.27,PayPal,accepté
7310,7310,2021-10-05,1201.49,Virement,refusé
7311,7311,2024-12-21,166.88,Virement,refusé
7312,7312,2020-01-21,809.53,Virement,accepté
7313,7313,2021-08-19,797.53,Virement,refusé
7314,7314,2020-07-10,465.75,Virement,accepté
7315,7315,2021-02-25,498.18,Carte,accepté
7316,7316,2019-03-26,925.1,Virement,accepté
7317,7317,2024-05-22,1591.22,PayPal,accepté
7318,7318,2022-04-29,1546.95,Carte,accepté
7319,7319,2019-01-08,1193.36,Carte,refusé
7320,7320,2021-10-13,810.71,Virement,refusé
7321,7321,2025-01-05,167.09,PayPal,refusé
7322,7322,2019-12-23,730.5,Virement,accepté
7323,7323,2019-06-05,1720.99,Virement,refusé
7324,7324,2020-06-10,587.43,PayPal,accepté
7325,7325,2025-12-28,418.6,Carte,refusé
7326,7326,2023-04-16,1825.17,Virement,accepté
7327,7327,2025-08-23,708.95,Virement,accepté
7328,7328,2019-04-05,1985.2,Carte,refusé
7329,7329,2021-04-04,429.8,Carte,accepté
7330,7330,2024-08-24,688.43,Carte,accepté
7331,7331,2020-09-16,666.81,PayPal,accepté
7332,7332,2019-11-16,1746.01,Carte,refusé
7333,7333,2025-03-12,827.9,Virement,accepté
7334,7334,2020-05-09,1529.01,PayPal,refusé
7335,7335,2023-08-14,1962.21,PayPal,refusé
7336,7336,2020-12-02,842.41,PayPal,refusé
7337,7337,2021-11-03,1171.16,Carte,accepté
7338,7338,2020-07-24,438.51,PayPal,refusé
7339,7339,2020-11-18,1601.31,Virement,refusé
7340,7340,2022-01-24,669.11,Virement,refusé
7341,7341,2020-12-10,281.71,Virement,accepté
7342,7342,2019-11-13,1358.07,Carte,accepté
7343,7343,2020-05-11,1143.16,Virement,accepté
7344,7344,2020-08-29,1881.37,Virement,refusé
7345,7345,2024-05-06,1397.71,Carte,refusé
7346,7346,2024-11-05,1769.58,PayPal,accepté
7347,7347,2023-09-24,736.39,Carte,accepté
7348,7348,2023-11-22,184.37,Carte,refusé
7349,7349,2024-09-14,1372.18,PayPal,refusé
7350,7350,2024-04-06,1880.07,PayPal,accepté
7351,7351,2025-01-06,1283.59,PayPal,refusé
7352,7352,2020-12-24,512.76,Carte,accepté
7353,7353,2021-10-08,879.15,Carte,refusé
7354,7354,2025-07-23,807.7,PayPal,refusé
7355,7355,2022-11-01,295.62,PayPal,accepté
7356,7356,2020-09-22,1710.81,PayPal,refusé
7357,7357,2025-11-17,146.97,Virement,refusé
7358,7358,2023-08-04,1882.54,Carte,refusé
7359,7359,2021-03-16,74.46,Virement,accepté
7360,7360,2025-11-07,517.88,Carte,refusé
7361,7361,2023-01-24,1959.23,Virement,refusé
7362,7362,2024-12-24,446.77,Virement,accepté
7363,7363,2023-06-26,1423.72,PayPal,accepté
7364,7364,2020-05-18,796.45,Carte,refusé
7365,7365,2022-03-10,1705.21,PayPal,refusé
7366,7366,2020-04-23,1889.4,Virement,accepté
7367,7367,2019-12-02,888.84,Virement,refusé
7368,7368,2024-12-02,1960.9,Virement,accepté
7369,7369,2021-03-07,111.51,Carte,refusé
7370,7370,2025-07-11,1773.03,PayPal,refusé
7371,7371,2019-02-02,980.38,PayPal,refusé
7372,7372,2019-04-03,1466.79,Virement,refusé
7373,7373,2023-06-20,114.99,Virement,accepté
7374,7374,2024-04-07,609.18,PayPal,refusé
7375,7375,2022-12-06,202.83,Virement,accepté
7376,7376,2025-11-08,215.6,PayPal,refusé
7377,7377,2024-12-05,414.52,Carte,accepté
7378,7378,2024-10-31,551.08,Carte,refusé
7379,7379,2024-02-22,1662.91,PayPal,refusé
7380,7380,2021-04-21,819.29,PayPal,refusé
7381,7381,2025-01-07,1052.55,Carte,refusé
7382,7382,2021-08-18,1979.07,Carte,refusé
7383,7383,2024-06-20,1726.34,Carte,accepté
7384,7384,2024-12-09,235.26,Virement,refusé
7385,7385,2023-01-12,290.2,Virement,accepté
7386,7386,2021-12-02,1636.62,Carte,accepté
7387,7387,2024-10-26,1056.89,Carte,accepté
7388,7388,2024-03-28,886.1,Carte,accepté
7389,7389,2022-01-23,1632.18,Carte,refusé
7390,7390,2022-02-08,873.97,Virement,refusé
7391,7391,2020-04-01,139.71,Virement,accepté
7392,7392,2021-02-05,845.89,Virement,refusé
7393,7393,2019-11-21,1707.86,Carte,refusé
7394,7394,2023-05-10,1693.11,Virement,accepté
7395,7395,2019-05-14,1899.05,PayPal,refusé
7396,7396,2023-07-05,485.92,Virement,refusé
7397,7397,2021-03-05,777.46,Carte,accepté
7398,7398,2022-02-10,906.47,PayPal,refusé
7399,7399,2025-03-03,958.62,Carte,accepté
7400,7400,2022-06-22,1568.13,Virement,refusé
7401,7401,2019-12-29,810.07,Virement,accepté
7402,7402,2025-05-05,961.34,Virement,refusé
7403,7403,2025-06-12,1324.83,PayPal,accepté
7404,7404,2021-12-05,1903.56,Carte,accepté
7405,7405,2022-11-25,977.7,Carte,accepté
7406,7406,2023-08-20,1638.67,Virement,refusé
7407,7407,2023-05-15,759.51,Virement,refusé
7408,7408,2020-07-28,1153.5,PayPal,accepté
7409,7409,2022-12-28,1226.21,Virement,refusé
7410,7410,2021-10-23,1563.48,Virement,accepté
7411,7411,2020-02-20,880.27,PayPal,accepté
7412,7412,2023-04-20,1622.67,Virement,refusé
7413,7413,2025-11-12,214.25,Carte,accepté
7414,7414,2023-06-14,1847.2,Carte,accepté
7415,7415,2020-07-26,1985.49,Virement,refusé
7416,7416,2025-08-04,1867.72,Virement,refusé
7417,7417,2022-08-25,808.31,PayPal,accepté
7418,7418,2020-06-18,1254.97,Virement,refusé
7419,7419,2020-08-19,1405.23,Virement,accepté
7420,7420,2024-03-21,259.89,PayPal,accepté
7421,7421,2022-12-08,1435.22,PayPal,accepté
7422,7422,2023-11-13,1505.26,Virement,accepté
7423,7423,2025-05-24,1395.87,Carte,refusé
7424,7424,2023-03-06,1439.82,PayPal,accepté
7425,7425,2022-08-01,1681.88,PayPal,refusé
7426,7426,2021-02-18,754.3,Carte,accepté
7427,7427,2025-01-14,1241.18,Carte,accepté
7428,7428,2020-09-09,921.87,Virement,refusé
7429,7429,2020-12-16,1301.96,PayPal,refusé
7430,7430,2020-05-18,1657.46,Virement,refusé
7431,7431,2021-12-28,1324.85,Virement,accepté
7432,7432,2023-04-03,1797.59,Virement,accepté
7433,7433,2022-04-30,549.24,PayPal,refusé
7434,7434,2025-09-07,172.34,PayPal,refusé
7435,7435,2019-11-16,623.22,PayPal,refusé
7436,7436,2019-12-16,918.58,PayPal,accepté
7437,7437,2019-08-23,179.62,PayPal,refusé
7438,7438,2022-06-18,328.36,Carte,accepté
7439,7439,2025-07-30,1828.46,Carte,refusé
7440,7440,2025-03-20,578.41,Carte,accepté
7441,7441,2021-12-10,1515.91,PayPal,refusé
7442,7442,2024-12-14,1026.07,Virement,accepté
7443,7443,2019-10-31,1315.86,PayPal,accepté
7444,7444,2024-11-08,509.76,Virement,refusé
7445,7445,2021-06-24,1055.98,Virement,refusé
7446,7446,2021-05-08,227.24,Carte,refusé
7447,7447,2023-09-08,1085.29,Carte,accepté
7448,7448,2019-04-16,1912.9,PayPal,accepté
7449,7449,2025-08-06,1335.28,Carte,accepté
7450,7450,2022-10-09,42.4,Virement,refusé
7451,7451,2022-05-06,641.99,Virement,accepté
7452,7452,2019-09-30,102.22,Carte,accepté
7453,7453,2020-11-11,1528.68,Carte,accepté
7454,7454,2024-01-18,708.03,Carte,accepté
7455,7455,2024-06-26,574.81,Virement,refusé
7456,7456,2021-07-23,651.11,Virement,refusé
7457,7457,2023-08-09,1575.09,PayPal,refusé
7458,7458,2019-10-14,944.62,Virement,accepté
7459,7459,2022-10-09,1583.04,Carte,refusé
7460,7460,2019-09-08,56.09,Virement,accepté
7461,7461,2022-12-08,1683.51,PayPal,refusé
7462,7462,2024-04-01,501.05,Virement,refusé
7463,7463,2024-04-01,996.89,Virement,refusé
7464,7464,2024-05-25,1916.13,PayPal,accepté
7465,7465,2022-01-22,1463.13,PayPal,refusé
7466,7466,2023-11-16,437.24,PayPal,accepté
7467,7467,2024-11-20,1801.47,Virement,refusé
7468,7468,2022-09-05,1290.04,PayPal,accepté
7469,7469,2025-11-24,1958.34,PayPal,accepté
7470,7470,2020-01-24,526.56,Carte,accepté
7471,7471,2023-07-16,351.79,Virement,refusé
7472,7472,2023-05-11,1204.21,PayPal,refusé
7473,7473,2024-10-19,1873.77,Carte,accepté
7474,7474,2022-11-21,1916.06,PayPal,accepté
7475,7475,2024-06-28,130.64,PayPal,accepté
7476,7476,2019-02-10,1474.31,Virement,accepté
7477,7477,2023-04-27,1141.99,Carte,accepté
7478,7478,2021-10-27,949.82,Virement,accepté
7479,7479,2019-04-14,730.73,Virement,refusé
7480,7480,2019-12-25,1221.96,Virement,accepté
7481,7481,2021-03-13,731.52,PayPal,accepté
7482,7482,2025-01-12,1667.58,PayPal,accepté
7483,7483,2022-03-14,1203.33,Carte,accepté
7484,7484,2020-12-07,855.57,PayPal,refusé
7485,7485,2023-08-03,744.41,PayPal,accepté
7486,7486,2021-05-14,1448.48,PayPal,refusé
7487,7487,2023-11-21,1987.89,Virement,accepté
7488,7488,2020-09-29,423.53,Virement,refusé
7489,7489,2022-12-25,1703.79,Carte,accepté
7490,7490,2025-03-18,600.2,PayPal,accepté
7491,7491,2025-08-08,1296.04,Virement,accepté
7492,7492,2019-09-28,1682.86,Carte,accepté
7493,7493,2025-04-04,190.44,PayPal,refusé
7494,7494,2019-07-18,1177.27,Virement,refusé
7495,7495,2024-01-05,276.61,PayPal,refusé
7496,7496,2024-04-27,1534.37,Virement,refusé
7497,7497,2023-02-25,355.03,Carte,accepté
7498,7498,2019-01-13,171.92,PayPal,refusé
7499,7499,2022-11-06,229.95,Carte,refusé
7500,7500,2023-02-26,66.52,Carte,accepté
7501,7501,2025-05-06,1388.29,PayPal,accepté
7502,7502,2019-03-24,217.58,Virement,refusé
7503,7503,2020-03-18,809.34,PayPal,accepté
7504,7504,2020-10-09,829.76,Virement,accepté
7505,7505,2020-07-17,1655.0,PayPal,refusé
7506,7506,2022-05-22,1974.34,PayPal,accepté
7507,7507,2019-12-28,1271.89,PayPal,refusé
7508,7508,2025-08-27,1913.61,Carte,refusé
7509,7509,2025-04-22,942.24,PayPal,accepté
7510,7510,2019-01-28,528.33,PayPal,accepté
7511,7511,2019-07-21,151.13,PayPal,refusé
7512,7512,2023-08-15,672.27,Carte,refusé
7513,7513,2022-07-02,1217.42,Virement,refusé
7514,7514,2021-09-11,313.59,Carte,refusé
7515,7515,2025-10-19,1034.71,Virement,refusé
7516,7516,2024-08-06,1757.57,Carte,refusé
7517,7517,2024-02-06,601.32,Carte,refusé
7518,7518,2019-05-11,1995.7,PayPal,accepté
7519,7519,2024-07-02,209.38,PayPal,accepté
7520,7520,2024-11-03,1470.83,Carte,refusé
7521,7521,2021-04-02,810.08,PayPal,refusé
7522,7522,2021-03-29,149.79,Virement,refusé
7523,7523,2023-07-25,1893.42,Carte,refusé
7524,7524,2019-09-19,613.62,Carte,accepté
7525,7525,2021-04-18,1699.46,Virement,refusé
7526,7526,2024-04-22,1695.22,Virement,refusé
7527,7527,2022-09-16,1782.03,Virement,refusé
7528,7528,2021-08-16,1038.62,PayPal,refusé
7529,7529,2023-01-20,1749.25,Carte,accepté
7530,7530,2020-09-16,462.44,Virement,refusé
7531,7531,2020-01-06,814.1,Virement,refusé
7532,7532,2023-01-16,1549.02,PayPal,accepté
7533,7533,2022-03-20,413.31,PayPal,refusé
7534,7534,2023-01-20,1252.79,PayPal,refusé
7535,7535,2021-01-11,494.96,Virement,refusé
7536,7536,2020-03-07,1946.93,PayPal,refusé
7537,7537,2024-10-09,891.79,Virement,accepté
7538,7538,2025-10-17,167.88,PayPal,accepté
7539,7539,2025-02-02,1372.51,Carte,accepté
7540,7540,2024-02-29,1094.33,Virement,accepté
7541,7541,2025-07-23,963.41,PayPal,accepté
7542,7542,2020-06-22,639.13,Virement,refusé
7543,7543,2019-03-11,700.15,Virement,accepté
7544,7544,2019-07-27,1873.2,Virement,accepté
7545,7545,2024-07-07,444.9,Carte,accepté
7546,7546,2024-08-29,802.82,Virement,accepté
7547,7547,2022-11-14,67.35,Carte,accepté
7548,7548,2022-02-12,1905.54,Virement,refusé
7549,7549,2024-05-04,1913.78,PayPal,accepté
7550,7550,2024-02-29,1365.2,Virement,refusé
7551,7551,2024-05-22,1747.33,Virement,refusé
7552,7552,2024-11-11,1129.83,Virement,refusé
7553,7553,2019-08-21,503.13,Virement,accepté
7554,7554,2025-10-23,1769.83,Carte,accepté
7555,7555,2023-07-17,1472.66,Carte,refusé
7556,7556,2022-12-31,1090.34,Virement,refusé
7557,7557,2025-09-23,511.29,Carte,refusé
7558,7558,2019-08-25,1431.8,Virement,refusé
7559,7559,2021-10-07,568.77,PayPal,accepté
7560,7560,2023-12-03,478.92,PayPal,refusé
7561,7561,2019-06-03,667.01,Carte,refusé
7562,7562,2024-12-02,1034.47,Carte,refusé
7563,7563,2024-09-08,1607.27,Virement,accepté
7564,7564,2021-09-15,546.79,Carte,accepté
7565,7565,2024-03-19,1880.78,Carte,refusé
7566,7566,2021-04-03,311.31,PayPal,refusé
7567,7567,2022-01-18,1589.09,Virement,accepté
7568,7568,2024-04-17,1855.77,Carte,refusé
7569,7569,2020-12-31,187.47,Carte,accepté
7570,7570,2020-07-10,629.7,Virement,refusé
7571,7571,2020-03-29,1628.21,PayPal,refusé
7572,7572,2020-10-10,1399.03,Carte,accepté
7573,7573,2020-09-30,1374.03,Carte,refusé
7574,7574,2023-12-18,856.59,PayPal,accepté
7575,7575,2025-06-20,1723.08,Virement,refusé
7576,7576,2020-10-18,223.26,Virement,accepté
7577,7577,2021-10-24,89.97,Carte,refusé
7578,7578,2025-10-13,1309.75,Carte,refusé
7579,7579,2020-03-09,1225.01,PayPal,refusé
7580,7580,2019-06-05,625.56,Virement,accepté
7581,7581,2020-01-12,752.86,PayPal,refusé
7582,7582,2019-09-26,97.61,Virement,accepté
7583,7583,2024-06-23,1781.51,PayPal,accepté
7584,7584,2024-05-03,1197.63,Carte,accepté
7585,7585,2019-02-01,698.02,PayPal,accepté
7586,7586,2022-10-13,1436.58,Virement,accepté
7587,7587,2024-05-26,457.56,PayPal,accepté
7588,7588,2019-06-23,1769.98,Carte,accepté
7589,7589,2020-05-09,356.57,Virement,accepté
7590,7590,2021-01-05,1106.12,Virement,accepté
7591,7591,2023-02-20,1674.87,Virement,refusé
7592,7592,2023-08-08,1744.05,Virement,accepté
7593,7593,2022-11-07,949.59,Carte,refusé
7594,7594,2021-03-16,400.69,PayPal,accepté
7595,7595,2019-06-07,1363.28,Carte,accepté
7596,7596,2024-01-08,1353.89,PayPal,refusé
7597,7597,2025-11-15,1281.99,PayPal,refusé
7598,7598,2022-07-13,1238.04,Virement,refusé
7599,7599,2023-09-01,744.42,PayPal,accepté
7600,7600,2022-10-17,1250.21,PayPal,accepté
7601,7601,2022-03-25,434.81,PayPal,refusé
7602,7602,2025-11-14,1959.07,PayPal,refusé
7603,7603,2023-12-26,1682.18,PayPal,refusé
7604,7604,2023-06-13,1978.2,Virement,accepté
7605,7605,2025-03-08,1520.9,Virement,accepté
7606,7606,2023-08-03,1645.16,Carte,accepté
7607,7607,2021-10-13,931.26,Virement,accepté
7608,7608,2019-09-23,1344.09,PayPal,refusé
7609,7609,2022-09-24,67.77,Carte,accepté
7610,7610,2025-02-23,1549.38,Carte,accepté
7611,7611,2021-08-08,871.05,Virement,refusé
7612,7612,2023-12-02,30.67,PayPal,refusé
7613,7613,2020-05-14,1484.96,Carte,accepté
7614,7614,2025-09-04,1457.92,PayPal,accepté
7615,7615,2021-08-01,1649.07,Carte,refusé
7616,7616,2024-11-04,401.21,Carte,accepté
7617,7617,2025-01-12,1974.89,PayPal,refusé
7618,7618,2021-11-28,640.26,PayPal,accepté
7619,7619,2023-08-30,1133.63,Carte,accepté
7620,7620,2024-09-19,1869.5,Virement,accepté
7621,7621,2021-12-25,689.58,Carte,refusé
7622,7622,2025-10-04,600.8,Virement,accepté
7623,7623,2022-09-03,1187.2,Carte,refusé
7624,7624,2021-08-10,1226.33,Virement,refusé
7625,7625,2020-04-15,1154.67,Carte,refusé
7626,7626,2025-10-03,1583.27,Carte,accepté
7627,7627,2025-05-12,1077.73,Virement,accepté
7628,7628,2019-04-07,1402.57,PayPal,refusé
7629,7629,2020-03-30,1739.07,Carte,accepté
7630,7630,2021-05-23,32.78,Virement,accepté
7631,7631,2019-07-29,1834.86,Virement,refusé
7632,7632,2022-05-03,1030.2,Carte,accepté
7633,7633,2020-10-09,1946.71,PayPal,refusé
7634,7634,2024-09-09,651.42,PayPal,refusé
7635,7635,2025-11-14,35.93,Virement,accepté
7636,7636,2019-05-22,1781.13,Carte,accepté
7637,7637,2024-05-25,625.5,Virement,accepté
7638,7638,2020-11-19,1095.77,PayPal,refusé
7639,7639,2025-08-26,638.43,Carte,refusé
7640,7640,2020-09-05,1468.58,Virement,refusé
7641,7641,2024-07-11,1584.75,Virement,accepté
7642,7642,2019-01-28,236.6,Virement,accepté
7643,7643,2025-01-12,1068.02,Carte,accepté
7644,7644,2025-08-17,1614.4,Carte,accepté
7645,7645,2022-11-17,347.98,PayPal,accepté
7646,7646,2023-11-13,1132.71,Carte,accepté
7647,7647,2022-07-16,316.15,Carte,accepté
7648,7648,2019-12-03,1835.1,Carte,accepté
7649,7649,2022-11-30,553.81,PayPal,accepté
7650,7650,2020-02-27,50.47,Virement,accepté
7651,7651,2022-03-17,345.89,PayPal,refusé
7652,7652,2024-09-04,279.24,Carte,refusé
7653,7653,2020-07-24,201.41,Carte,refusé
7654,7654,2023-06-06,1246.33,PayPal,refusé
7655,7655,2024-01-23,1863.59,Virement,accepté
7656,7656,2020-02-28,1085.58,Carte,accepté
7657,7657,2023-08-02,1512.4,Carte,accepté
7658,7658,2019-06-03,1917.24,Carte,accepté
7659,7659,2023-09-03,150.75,PayPal,accepté
7660,7660,2023-11-10,1690.52,Carte,refusé
7661,7661,2020-07-06,302.81,Virement,accepté
7662,7662,2025-06-06,251.86,Virement,refusé
7663,7663,2022-03-07,216.78,Virement,refusé
7664,7664,2019-03-16,1377.73,Virement,refusé
7665,7665,2022-02-02,645.03,PayPal,refusé
7666,7666,2020-05-08,35.34,Carte,accepté
7667,7667,2024-02-13,736.1,Virement,refusé
7668,7668,2020-04-10,1964.4,Carte,refusé
7669,7669,2021-10-07,1298.77,Virement,accepté
7670,7670,2021-04-03,89.01,Virement,accepté
7671,7671,2020-11-22,931.83,Carte,refusé
7672,7672,2021-10-17,1926.34,Virement,accepté
7673,7673,2023-02-12,468.42,Carte,refusé
7674,7674,2022-09-06,901.63,Carte,accepté
7675,7675,2024-01-30,531.46,Carte,accepté
7676,7676,2024-03-20,726.36,Virement,accepté
7677,7677,2023-02-22,1878.87,Virement,refusé
7678,7678,2021-05-28,142.86,PayPal,accepté
7679,7679,2025-05-12,1540.13,Carte,refusé
7680,7680,2023-09-03,74.41,Virement,refusé
7681,7681,2020-09-29,807.09,Virement,refusé
7682,7682,2022-01-08,1629.81,Virement,accepté
7683,7683,2021-03-05,303.46,Virement,accepté
7684,7684,2024-03-05,194.36,Virement,accepté
7685,7685,2019-03-10,366.46,PayPal,refusé
7686,7686,2019-08-27,1527.15,Carte,accepté
7687,7687,2020-09-05,521.67,Virement,refusé
7688,7688,2020-11-07,205.26,Carte,refusé
7689,7689,2023-06-04,219.8,Carte,accepté
7690,7690,2020-04-23,875.06,PayPal,accepté
7691,7691,2021-08-24,751.3,Virement,accepté
7692,7692,2021-02-13,1705.76,Carte,accepté
7693,7693,2019-06-06,1035.27,Virement,refusé
7694,7694,2022-12-20,963.77,Virement,refusé
7695,7695,2023-11-26,1287.54,Virement,refusé
7696,7696,2022-05-23,119.05,PayPal,refusé
7697,7697,2021-10-27,661.07,Virement,accepté
7698,7698,2023-10-31,108.19,PayPal,refusé
7699,7699,2023-02-03,1492.37,Virement,accepté
7700,7700,2021-02-08,1119.93,Carte,accepté
7701,7701,2024-06-07,1632.64,PayPal,refusé
7702,7702,2020-06-22,1941.21,Virement,refusé
7703,7703,2022-05-19,1914.05,Virement,accepté
7704,7704,2021-09-24,889.81,Virement,refusé
7705,7705,2023-05-03,1189.31,Virement,accepté
7706,7706,2024-12-06,1259.27,Virement,accepté
7707,7707,2023-08-30,457.91,Virement,refusé
7708,7708,2020-04-16,709.2,Carte,accepté
7709,7709,2022-12-23,564.15,PayPal,refusé
7710,7710,2023-12-08,1470.32,PayPal,accepté
7711,7711,2019-10-15,1703.55,Carte,accepté
7712,7712,2022-10-10,1703.13,PayPal,refusé
7713,7713,2020-09-24,798.27,Virement,refusé
7714,7714,2020-03-03,165.16,Virement,accepté
7715,7715,2022-11-05,93.88,Virement,refusé
7716,7716,2019-03-22,803.2,PayPal,refusé
7717,7717,2025-07-23,1304.8,PayPal,refusé
7718,7718,2025-09-15,1596.18,Carte,accepté
7719,7719,2020-12-18,696.71,PayPal,refusé
7720,7720,2025-09-11,1316.11,Carte,refusé
7721,7721,2023-03-26,982.24,Carte,refusé
7722,7722,2023-06-07,69.19,PayPal,accepté
7723,7723,2021-02-17,1990.22,PayPal,accepté
7724,7724,2021-09-17,167.92,PayPal,accepté
7725,7725,2025-10-19,1240.51,PayPal,refusé
7726,7726,2021-04-14,75.61,Virement,accepté
7727,7727,2019-07-08,166.07,PayPal,refusé
7728,7728,2021-03-18,1765.59,Virement,accepté
7729,7729,2024-06-02,955.34,PayPal,accepté
7730,7730,2023-06-28,1638.25,Virement,refusé
7731,7731,2020-04-25,815.84,Virement,accepté
7732,7732,2021-06-08,1363.85,Virement,accepté
7733,7733,2020-01-17,655.12,PayPal,refusé
7734,7734,2020-01-17,705.88,Carte,refusé
7735,7735,2019-06-03,1305.84,Virement,accepté
7736,7736,2025-10-22,451.01,PayPal,refusé
7737,7737,2023-03-24,580.25,Virement,accepté
7738,7738,2020-03-15,1165.9,Virement,accepté
7739,7739,2023-07-07,959.46,Virement,refusé
7740,7740,2023-08-09,450.91,PayPal,refusé
7741,7741,2022-10-02,1694.51,Virement,accepté
7742,7742,2025-02-21,509.61,Virement,accepté
7743,7743,2022-05-04,633.69,Virement,accepté
7744,7744,2025-04-13,1566.68,Carte,accepté
7745,7745,2025-11-10,1121.93,Carte,accepté
7746,7746,2019-04-08,682.13,Virement,accepté
7747,7747,2023-11-30,731.12,Virement,refusé
7748,7748,2019-10-14,1507.46,Virement,accepté
7749,7749,2020-08-23,183.82,PayPal,accepté
7750,7750,2021-02-12,1848.26,Carte,accepté
7751,7751,2022-04-20,1886.08,PayPal,refusé
7752,7752,2025-09-20,99.13,PayPal,accepté
7753,7753,2024-12-12,1856.5,Virement,refusé
7754,7754,2022-11-04,1925.09,Virement,refusé
7755,7755,2020-01-07,1945.5,Virement,accepté
7756,7756,2020-01-16,873.98,Virement,accepté
7757,7757,2025-11-27,1753.68,Virement,accepté
7758,7758,2022-02-11,561.06,Virement,accepté
7759,7759,2021-05-21,843.24,Virement,accepté
7760,7760,2022-06-21,1511.49,Carte,refusé
7761,7761,2025-12-13,1452.38,PayPal,accepté
7762,7762,2020-11-20,574.63,Carte,accepté
7763,7763,2019-05-12,1299.95,Virement,accepté
7764,7764,2019-03-06,96.23,Virement,accepté
7765,7765,2024-08-31,170.22,Carte,refusé
7766,7766,2021-05-04,281.59,Carte,accepté
7767,7767,2023-05-27,1811.1,Carte,accepté
7768,7768,2026-01-01,361.87,Carte,accepté
7769,7769,2022-05-14,25.72,Carte,refusé
7770,7770,2024-05-24,228.71,Carte,refusé
7771,7771,2021-11-23,1311.33,Carte,accepté
7772,7772,2019-01-24,1923.32,PayPal,refusé
7773,7773,2020-06-01,839.25,Virement,refusé
7774,7774,2020-02-10,707.82,PayPal,accepté
7775,7775,2024-08-06,418.01,Virement,accepté
7776,7776,2022-02-02,320.83,PayPal,accepté
7777,7777,2021-10-08,1847.18,PayPal,refusé
7778,7778,2023-07-20,1987.2,Carte,accepté
7779,7779,2022-04-22,176.11,Virement,refusé
7780,7780,2020-10-06,152.58,PayPal,accepté
7781,7781,2019-07-07,814.63,Virement,accepté
7782,7782,2019-12-09,295.21,Carte,refusé
7783,7783,2021-12-01,1227.78,PayPal,accepté
7784,7784,2023-01-29,600.65,PayPal,refusé
7785,7785,2022-07-27,1198.5,PayPal,refusé
7786,7786,2021-12-14,637.97,PayPal,refusé
7787,7787,2023-02-09,1898.27,Carte,accepté
7788,7788,2020-05-08,1738.36,Carte,accepté
7789,7789,2022-07-11,852.76,Carte,accepté
7790,7790,2023-03-08,328.28,Carte,refusé
7791,7791,2020-03-03,673.2,PayPal,accepté
7792,7792,2021-07-17,87.87,Virement,accepté
7793,7793,2019-07-21,1642.8,PayPal,refusé
7794,7794,2020-03-01,26.15,Virement,accepté
7795,7795,2023-10-18,1578.94,PayPal,refusé
7796,7796,2025-05-10,362.21,Carte,accepté
7797,7797,2019-07-06,532.3,PayPal,accepté
7798,7798,2021-01-22,1742.15,Virement,accepté
7799,7799,2020-10-15,157.52,Carte,accepté
7800,7800,2023-12-23,475.89,PayPal,accepté
7801,7801,2019-05-17,1719.81,Carte,refusé
7802,7802,2025-02-19,1072.78,PayPal,refusé
7803,7803,2025-12-31,692.77,Carte,accepté
7804,7804,2021-09-01,927.97,PayPal,accepté
7805,7805,2022-04-14,1156.18,Carte,accepté
7806,7806,2022-12-29,1575.3,PayPal,refusé
7807,7807,2021-07-29,951.6,PayPal,refusé
7808,7808,2019-01-18,468.19,Virement,accepté
7809,7809,2021-09-20,1904.47,PayPal,refusé
7810,7810,2024-05-18,1485.85,Virement,refusé
7811,7811,2023-05-11,706.52,Carte,accepté
7812,7812,2020-01-01,1972.46,PayPal,refusé
7813,7813,2020-07-21,707.57,Virement,accepté
7814,7814,2019-03-24,379.32,Virement,refusé
7815,7815,2025-07-31,1353.63,Carte,accepté
7816,7816,2024-09-18,246.08,Virement,accepté
7817,7817,2019-04-23,1915.42,Carte,accepté
7818,7818,2019-01-08,973.17,Carte,accepté
7819,7819,2023-06-13,970.06,PayPal,accepté
7820,7820,2021-07-02,626.5,PayPal,refusé
7821,7821,2019-07-10,891.37,PayPal,refusé
7822,7822,2024-05-13,1819.48,Carte,accepté
7823,7823,2023-12-28,1428.18,Carte,refusé
7824,7824,2019-09-09,1422.91,Virement,accepté
7825,7825,2025-10-06,294.06,PayPal,refusé
7826,7826,2019-03-28,396.81,Carte,refusé
7827,7827,2019-08-23,838.14,Carte,accepté
7828,7828,2025-08-21,1778.49,Carte,accepté
7829,7829,2022-11-24,130.65,Virement,accepté
7830,7830,2019-01-08,106.56,PayPal,refusé
7831,7831,2020-12-11,1398.8,Virement,refusé
7832,7832,2024-11-30,286.3,Carte,accepté
7833,7833,2021-04-18,1571.1,Carte,accepté
7834,7834,2022-09-29,835.57,Virement,accepté
7835,7835,2025-10-24,728.5,PayPal,refusé
7836,7836,2023-06-09,372.67,Virement,refusé
7837,7837,2023-04-29,515.73,PayPal,refusé
7838,7838,2021-11-10,1129.7,Virement,refusé
7839,7839,2020-05-23,1186.93,Carte,refusé
7840,7840,2025-03-21,197.18,Virement,refusé
7841,7841,2022-10-02,308.11,Virement,accepté
7842,7842,2025-02-05,213.45,Virement,accepté
7843,7843,2022-03-09,109.51,PayPal,refusé
7844,7844,2022-01-15,1052.05,PayPal,accepté
7845,7845,2023-11-25,79.15,Carte,accepté
7846,7846,2019-02-21,1235.62,Virement,accepté
7847,7847,2024-03-30,90.03,Carte,accepté
7848,7848,2022-04-23,1111.5,Carte,accepté
7849,7849,2025-04-25,1845.05,PayPal,accepté
7850,7850,2025-07-14,883.99,PayPal,refusé
7851,7851,2025-09-29,1042.87,Carte,refusé
7852,7852,2024-12-23,23.37,Carte,accepté
7853,7853,2022-04-18,169.97,Carte,refusé
7854,7854,2021-11-27,995.26,Virement,accepté
7855,7855,2021-05-07,637.04,PayPal,accepté
7856,7856,2025-10-15,524.07,Virement,accepté
7857,7857,2020-01-15,1530.74,Virement,refusé
7858,7858,2023-11-21,687.16,Virement,accepté
7859,7859,2020-06-23,1990.68,Carte,refusé
7860,7860,2019-04-14,1335.01,PayPal,accepté
7861,7861,2025-02-24,1311.43,PayPal,accepté
7862,7862,2023-03-30,1598.22,PayPal,refusé
7863,7863,2023-03-17,284.57,PayPal,refusé
7864,7864,2022-07-08,832.45,Carte,refusé
7865,7865,2023-01-28,1917.09,PayPal,refusé
7866,7866,2022-12-08,749.95,Virement,accepté
7867,7867,2023-08-17,524.67,PayPal,accepté
7868,7868,2020-10-12,405.88,Virement,refusé
7869,7869,2024-08-11,1513.1,Virement,refusé
7870,7870,2021-09-01,174.04,PayPal,refusé
7871,7871,2022-07-17,1501.5,Virement,accepté
7872,7872,2023-02-17,1038.4,Carte,accepté
7873,7873,2022-11-20,400.32,Virement,accepté
7874,7874,2020-01-18,1768.42,Carte,refusé
7875,7875,2021-11-25,1207.9,Virement,refusé
7876,7876,2024-12-12,1115.74,Carte,accepté
7877,7877,2023-12-26,113.94,Virement,accepté
7878,7878,2022-11-18,1439.95,Carte,accepté
7879,7879,2022-08-10,1727.5,PayPal,refusé
7880,7880,2025-05-31,794.97,Carte,refusé
7881,7881,2020-06-21,246.72,Virement,accepté
7882,7882,2021-08-10,97.98,Virement,accepté
7883,7883,2023-12-31,1144.18,PayPal,accepté
7884,7884,2021-10-19,175.99,Carte,refusé
7885,7885,2020-02-21,215.66,Carte,refusé
7886,7886,2023-12-31,1452.33,PayPal,refusé
7887,7887,2024-05-21,1954.78,Carte,accepté
7888,7888,2022-12-11,827.96,PayPal,accepté
7889,7889,2022-05-18,73.86,PayPal,accepté
7890,7890,2020-11-15,1877.16,PayPal,accepté
7891,7891,2025-12-25,819.47,Virement,accepté
7892,7892,2025-11-26,690.21,PayPal,accepté
7893,7893,2025-09-14,1524.54,Carte,accepté
7894,7894,2020-01-15,859.64,Carte,refusé
7895,7895,2025-02-11,347.36,Virement,refusé
7896,7896,2023-11-24,1974.99,Carte,accepté
7897,7897,2024-11-27,714.2,PayPal,refusé
7898,7898,2024-11-01,388.37,Virement,accepté
7899,7899,2024-03-01,1765.45,PayPal,accepté
7900,7900,2021-03-30,550.22,PayPal,accepté
7901,7901,2023-06-19,373.61,PayPal,accepté
7902,7902,2020-02-08,1132.56,Virement,refusé
7903,7903,2024-04-25,465.39,Carte,refusé
7904,7904,2021-06-25,747.93,Virement,refusé
7905,7905,2025-12-26,599.07,Carte,accepté
7906,7906,2021-01-20,1159.59,PayPal,accepté
7907,7907,2023-03-13,711.97,Virement,accepté
7908,7908,2024-10-23,1333.27,PayPal,refusé
7909,7909,2022-06-02,902.77,Virement,refusé
7910,7910,2025-08-03,1872.19,Carte,accepté
7911,7911,2024-11-04,604.32,Carte,accepté
7912,7912,2019-05-24,996.67,Carte,accepté
7913,7913,2024-12-20,1617.35,Virement,refusé
7914,7914,2024-03-11,803.27,Virement,accepté
7915,7915,2021-06-19,526.83,PayPal,refusé
7916,7916,2020-09-18,739.29,PayPal,accepté
7917,7917,2019-12-21,1117.72,PayPal,refusé
7918,7918,2023-03-04,31.35,PayPal,accepté
7919,7919,2024-04-18,1379.68,PayPal,refusé
7920,7920,2024-06-01,454.37,PayPal,accepté
7921,7921,2021-05-25,235.93,Carte,accepté
7922,7922,2021-11-05,605.61,Carte,accepté
7923,7923,2021-02-04,470.44,PayPal,refusé
7924,7924,2020-08-30,844.82,PayPal,refusé
7925,7925,2019-10-22,719.15,Virement,refusé
7926,7926,2021-05-24,1997.8,PayPal,accepté
7927,7927,2023-01-07,1454.96,PayPal,refusé
7928,7928,2022-01-12,143.17,PayPal,refusé
7929,7929,2024-03-30,83.33,PayPal,accepté
7930,7930,2020-05-01,1762.92,Virement,refusé
7931,7931,2022-03-21,1581.92,Virement,refusé
7932,7932,2022-10-11,440.95,Virement,refusé
7933,7933,2023-06-19,995.43,Carte,refusé
7934,7934,2019-02-09,751.15,Virement,accepté
7935,7935,2019-10-06,746.41,Virement,refusé
7936,7936,2022-03-31,185.26,PayPal,refusé
7937,7937,2024-11-23,555.71,Carte,accepté
7938,7938,2019-01-21,742.13,PayPal,accepté
7939,7939,2023-07-17,534.99,Carte,refusé
7940,7940,2023-07-10,1971.68,PayPal,refusé
7941,7941,2019-07-31,1700.81,PayPal,refusé
7942,7942,2025-01-19,720.89,Carte,accepté
7943,7943,2019-04-26,1652.93,Virement,refusé
7944,7944,2021-07-02,844.15,Carte,refusé
7945,7945,2023-04-30,1918.08,Virement,refusé
7946,7946,2019-07-29,1551.13,Carte,refusé
7947,7947,2025-05-21,1396.01,Virement,refusé
7948,7948,2020-02-05,1371.34,PayPal,accepté
7949,7949,2022-03-19,1271.23,PayPal,accepté
7950,7950,2020-07-20,242.45,PayPal,refusé
7951,7951,2024-10-29,25.79,Virement,refusé
7952,7952,2021-05-26,32.68,PayPal,accepté
7953,7953,2021-04-15,450.3,PayPal,accepté
7954,7954,2022-05-23,635.08,Virement,refusé
7955,7955,2022-05-01,862.58,Virement,accepté
7956,7956,2019-03-20,270.33,Virement,accepté
7957,7957,2024-05-13,446.27,Carte,refusé
7958,7958,2024-05-02,503.2,Virement,refusé
7959,7959,2025-12-15,1764.55,PayPal,accepté
7960,7960,2021-02-03,47.93,PayPal,refusé
7961,7961,2023-04-23,991.6,PayPal,refusé
7962,7962,2021-08-29,1031.51,Carte,refusé
7963,7963,2025-11-07,1638.85,Virement,refusé
7964,7964,2020-10-02,60.66,Virement,refusé
7965,7965,2024-05-21,1330.6,PayPal,accepté
7966,7966,2024-08-09,1109.43,PayPal,accepté
7967,7967,2023-12-20,433.14,Carte,accepté
7968,7968,2021-03-27,148.24,Virement,accepté
7969,7969,2024-03-26,412.37,PayPal,accepté
7970,7970,2023-02-07,1201.49,Carte,accepté
7971,7971,2022-03-08,1503.55,Carte,accepté
7972,7972,2021-12-17,544.64,Carte,refusé
7973,7973,2022-02-10,1550.58,PayPal,accepté
7974,7974,2025-08-18,369.57,Virement,accepté
7975,7975,2025-01-05,742.88,Virement,refusé
7976,7976,2022-06-04,942.33,PayPal,refusé
7977,7977,2022-01-16,610.67,Virement,refusé
7978,7978,2024-11-04,1176.36,PayPal,accepté
7979,7979,2023-02-26,1845.24,Carte,refusé
7980,7980,2021-12-17,1091.02,PayPal,accepté
7981,7981,2022-02-22,275.79,Carte,refusé
7982,7982,2021-11-19,797.67,Virement,accepté
7983,7983,2022-03-30,1465.46,Virement,refusé
7984,7984,2025-11-10,222.53,Virement,refusé
7985,7985,2024-06-27,600.86,Carte,accepté
7986,7986,2020-02-23,1823.58,Carte,accepté
7987,7987,2023-01-31,428.63,Carte,refusé
7988,7988,2019-11-04,1601.55,PayPal,accepté
7989,7989,2024-10-26,1103.76,PayPal,accepté
7990,7990,2019-10-02,1355.53,PayPal,refusé
7991,7991,2023-09-11,1474.25,Virement,refusé
7992,7992,2020-09-25,1688.79,Virement,accepté
7993,7993,2019-07-18,311.42,Carte,accepté
7994,7994,2019-04-17,1410.93,PayPal,refusé
7995,7995,2023-10-19,1422.84,Virement,refusé
7996,7996,2020-06-07,799.13,PayPal,accepté
7997,7997,2023-06-18,991.02,PayPal,accepté
7998,7998,2021-12-20,1107.72,Virement,refusé
7999,7999,2023-07-08,516.5,PayPal,refusé
8000,8000,2022-10-20,846.6,Carte,refusé
8001,8001,2022-07-05,1829.48,Carte,refusé
8002,8002,2019-03-20,1229.88,Carte,refusé
8003,8003,2019-05-10,1678.77,Carte,refusé
8004,8004,2024-04-03,1488.86,Carte,accepté
8005,8005,2024-09-07,374.75,Virement,refusé
8006,8006,2021-09-20,758.26,Virement,accepté
8007,8007,2020-10-03,587.56,Carte,refusé
8008,8008,2023-10-12,114.44,Carte,accepté
8009,8009,2021-02-15,1740.89,Virement,refusé
8010,8010,2021-06-01,1466.16,Carte,accepté
8011,8011,2019-12-31,1002.93,Virement,accepté
8012,8012,2020-04-03,893.77,Carte,refusé
8013,8013,2020-03-28,442.19,Virement,refusé
8014,8014,2021-09-07,158.74,PayPal,accepté
8015,8015,2023-11-17,1033.08,PayPal,refusé
8016,8016,2023-06-13,572.75,Virement,accepté
8017,8017,2022-12-02,1450.49,Virement,accepté
8018,8018,2020-08-01,113.92,Carte,refusé
8019,8019,2020-06-12,344.15,Virement,refusé
8020,8020,2022-08-19,1343.59,PayPal,accepté
8021,8021,2026-01-02,1858.36,Carte,refusé
8022,8022,2025-10-08,929.95,Virement,refusé
8023,8023,2022-07-13,940.9,Carte,refusé
8024,8024,2022-03-28,1154.83,Carte,refusé
8025,8025,2024-01-07,1245.46,PayPal,refusé
8026,8026,2021-09-19,367.97,PayPal,refusé
8027,8027,2019-01-25,111.35,Carte,accepté
8028,8028,2020-03-13,659.02,Carte,refusé
8029,8029,2025-02-11,1277.94,PayPal,accepté
8030,8030,2021-06-30,385.25,PayPal,refusé
8031,8031,2021-08-25,1411.69,Virement,refusé
8032,8032,2023-10-10,176.94,Virement,refusé
8033,8033,2021-04-29,1779.38,Virement,refusé
8034,8034,2024-06-09,1088.11,Carte,accepté
8035,8035,2020-04-18,204.07,PayPal,refusé
8036,8036,2022-05-17,516.49,Carte,refusé
8037,8037,2025-08-17,1392.72,PayPal,refusé
8038,8038,2022-03-24,380.5,PayPal,refusé
8039,8039,2020-10-19,116.67,Virement,refusé
8040,8040,2019-12-10,258.5,Virement,refusé
8041,8041,2019-04-03,137.09,Carte,accepté
8042,8042,2019-11-25,401.75,Carte,refusé
8043,8043,2025-02-02,956.84,Virement,accepté
8044,8044,2019-12-19,1560.34,Virement,refusé
8045,8045,2024-02-23,1739.37,Carte,refusé
8046,8046,2021-07-21,1189.82,Carte,accepté
8047,8047,2019-07-30,1447.7,Carte,refusé
8048,8048,2024-06-02,1915.8,PayPal,accepté
8049,8049,2024-12-08,303.93,PayPal,accepté
8050,8050,2022-08-29,1426.81,Virement,accepté
8051,8051,2025-06-24,1384.86,Carte,refusé
8052,8052,2025-10-21,1591.46,Carte,refusé
8053,8053,2022-12-04,1283.04,PayPal,accepté
8054,8054,2025-07-13,1380.13,Virement,refusé
8055,8055,2020-06-01,316.54,Virement,accepté
8056,8056,2023-12-20,1756.95,Carte,refusé
8057,8057,2024-09-27,1184.19,PayPal,refusé
8058,8058,2020-05-15,1933.07,PayPal,accepté
8059,8059,2024-02-11,1280.33,Virement,refusé
8060,8060,2024-07-07,1056.74,Virement,refusé
8061,8061,2023-11-30,1148.1,Virement,refusé
8062,8062,2021-08-17,497.48,Virement,accepté
8063,8063,2020-06-18,1142.84,PayPal,refusé
8064,8064,2022-07-20,465.5,Carte,accepté
8065,8065,2020-07-23,612.65,PayPal,accepté
8066,8066,2025-06-08,1115.34,PayPal,refusé
8067,8067,2021-05-09,624.45,Virement,accepté
8068,8068,2021-12-02,1305.65,PayPal,refusé
8069,8069,2024-04-15,1427.63,Carte,accepté
8070,8070,2025-08-08,1628.37,PayPal,refusé
8071,8071,2022-01-11,791.21,Virement,accepté
8072,8072,2024-01-30,1906.71,PayPal,accepté
8073,8073,2024-01-16,133.86,Virement,accepté
8074,8074,2019-05-06,568.81,Carte,refusé
8075,8075,2024-11-12,895.26,PayPal,accepté
8076,8076,2025-01-04,711.59,PayPal,refusé
8077,8077,2019-08-27,406.88,PayPal,accepté
8078,8078,2019-05-01,1671.08,PayPal,accepté
8079,8079,2021-07-29,826.56,PayPal,accepté
8080,8080,2019-06-23,1875.42,Carte,accepté
8081,8081,2020-03-06,1162.78,Virement,accepté
8082,8082,2022-08-04,164.31,Virement,refusé
8083,8083,2025-08-09,1027.35,Virement,accepté
8084,8084,2021-04-17,1341.14,Virement,accepté
8085,8085,2025-10-30,167.41,Carte,refusé
8086,8086,2023-10-09,960.6,PayPal,refusé
8087,8087,2023-07-17,1093.64,Carte,refusé
8088,8088,2019-04-30,1747.91,PayPal,refusé
8089,8089,2024-08-30,551.64,Virement,accepté
8090,8090,2022-11-05,522.99,PayPal,accepté
8091,8091,2019-06-30,255.55,Virement,refusé
8092,8092,2025-05-21,774.97,PayPal,accepté
8093,8093,2022-06-25,1182.47,Virement,accepté
8094,8094,2022-10-15,1219.03,Carte,refusé
8095,8095,2021-07-27,886.55,Virement,refusé
8096,8096,2023-01-10,1892.87,PayPal,refusé
8097,8097,2021-06-09,1497.87,PayPal,accepté
8098,8098,2024-10-17,334.87,Carte,accepté
8099,8099,2021-11-09,112.94,Carte,refusé
8100,8100,2019-11-16,175.84,Carte,accepté
8101,8101,2023-04-05,660.87,Virement,refusé
8102,8102,2022-10-29,1394.89,PayPal,accepté
8103,8103,2021-01-18,526.33,Virement,accepté
8104,8104,2024-02-07,1903.4,PayPal,refusé
8105,8105,2023-09-25,635.38,PayPal,refusé
8106,8106,2023-05-01,300.94,PayPal,refusé
8107,8107,2021-05-26,364.3,Carte,accepté
8108,8108,2022-05-02,1740.12,PayPal,refusé
8109,8109,2020-10-14,1261.65,Virement,accepté
8110,8110,2022-10-06,184.22,Carte,refusé
8111,8111,2020-05-24,189.86,Virement,accepté
8112,8112,2025-09-29,557.18,Carte,accepté
8113,8113,2021-01-30,434.5,Virement,accepté
8114,8114,2025-02-26,242.61,PayPal,refusé
8115,8115,2024-12-28,68.83,Carte,accepté
8116,8116,2023-12-02,739.32,Virement,refusé
8117,8117,2024-11-02,1749.86,Carte,refusé
8118,8118,2022-07-18,1684.76,PayPal,accepté
8119,8119,2022-07-25,344.86,PayPal,refusé
8120,8120,2023-07-24,228.93,Virement,accepté
8121,8121,2025-03-14,1939.41,Virement,refusé
8122,8122,2020-12-08,854.43,Virement,refusé
8123,8123,2021-06-06,224.28,PayPal,refusé
8124,8124,2022-09-10,770.24,PayPal,accepté
8125,8125,2020-09-07,21.68,PayPal,refusé
8126,8126,2019-01-12,688.9,Carte,refusé
8127,8127,2023-04-10,1314.04,Virement,refusé
8128,8128,2022-08-13,1719.2,Carte,accepté
8129,8129,2024-01-23,1302.38,Virement,accepté
8130,8130,2021-01-25,59.45,Virement,refusé
8131,8131,2023-05-17,754.57,PayPal,accepté
8132,8132,2021-05-04,1173.74,Virement,accepté
8133,8133,2023-11-10,1869.5,Carte,accepté
8134,8134,2022-05-20,724.91,Carte,refusé
8135,8135,2022-03-26,523.8,Virement,refusé
8136,8136,2021-07-11,1715.0,Virement,accepté
8137,8137,2023-08-15,1541.22,Carte,refusé
8138,8138,2023-05-29,994.28,PayPal,refusé
8139,8139,2022-04-05,1853.73,Virement,accepté
8140,8140,2023-12-10,1579.04,Virement,refusé
8141,8141,2024-12-28,673.47,PayPal,refusé
8142,8142,2019-08-03,1820.62,Virement,refusé
8143,8143,2023-07-04,371.18,Carte,refusé
8144,8144,2019-01-29,1891.35,Carte,refusé
8145,8145,2019-05-10,1373.94,Carte,accepté
8146,8146,2021-12-25,454.44,Virement,refusé
8147,8147,2024-03-09,825.07,PayPal,refusé
8148,8148,2022-02-14,1126.28,PayPal,refusé
8149,8149,2025-11-13,438.11,Carte,accepté
8150,8150,2025-05-31,1685.87,PayPal,accepté
8151,8151,2021-10-29,1718.8,Virement,accepté
8152,8152,2019-11-23,582.5,Virement,refusé
8153,8153,2022-12-08,329.76,Carte,refusé
8154,8154,2023-08-03,1522.72,Virement,refusé
8155,8155,2019-01-14,1997.27,Virement,accepté
8156,8156,2025-09-29,1985.5,Virement,refusé
8157,8157,2024-11-02,1245.81,Virement,accepté
8158,8158,2019-05-03,1064.88,Carte,refusé
8159,8159,2021-11-10,275.05,PayPal,accepté
8160,8160,2023-09-10,1730.77,Virement,accepté
8161,8161,2025-09-20,78.94,Carte,refusé
8162,8162,2019-03-21,1927.06,Virement,accepté
8163,8163,2024-05-04,1678.3,PayPal,accepté
8164,8164,2025-10-24,897.24,Carte,accepté
8165,8165,2022-07-13,1295.75,Carte,refusé
8166,8166,2024-09-30,255.01,Virement,accepté
8167,8167,2023-10-24,1129.29,PayPal,accepté
8168,8168,2024-12-12,1508.29,Carte,accepté
8169,8169,2024-08-03,1750.42,PayPal,refusé
8170,8170,2022-09-01,719.83,PayPal,refusé
8171,8171,2021-08-02,1990.48,PayPal,refusé
8172,8172,2021-02-21,1014.55,PayPal,accepté
8173,8173,2020-12-16,213.14,Virement,accepté
8174,8174,2024-07-29,687.59,Carte,accepté
8175,8175,2019-10-14,1876.42,Virement,refusé
8176,8176,2024-09-06,305.54,PayPal,accepté
8177,8177,2019-04-14,1147.02,Virement,accepté
8178,8178,2022-12-08,971.88,Carte,refusé
8179,8179,2023-03-03,810.92,Carte,accepté
8180,8180,2022-07-16,81.26,PayPal,accepté
8181,8181,2021-08-20,1644.14,Carte,refusé
8182,8182,2024-09-13,1609.22,Carte,refusé
8183,8183,2022-06-09,739.05,Virement,refusé
8184,8184,2019-05-02,1554.08,PayPal,accepté
8185,8185,2025-02-22,208.96,PayPal,refusé
8186,8186,2020-05-16,353.14,PayPal,refusé
8187,8187,2024-11-10,1503.95,Carte,refusé
8188,8188,2025-11-12,1098.99,Carte,accepté
8189,8189,2024-03-02,475.2,Virement,accepté
8190,8190,2023-08-15,1573.91,Virement,refusé
8191,8191,2019-01-07,77.2,PayPal,accepté
8192,8192,2022-09-17,1326.25,Virement,refusé
8193,8193,2019-01-04,1258.39,Carte,accepté
8194,8194,2019-07-19,1083.66,PayPal,accepté
8195,8195,2023-01-08,373.08,Carte,refusé
8196,8196,2020-09-19,605.95,PayPal,refusé
8197,8197,2019-03-18,804.78,Carte,accepté
8198,8198,2025-01-05,901.46,Carte,accepté
8199,8199,2021-06-20,258.94,PayPal,accepté
8200,8200,2020-01-06,147.97,Carte,accepté
8201,8201,2023-03-01,529.89,Carte,refusé
8202,8202,2020-06-24,1356.36,Virement,accepté
8203,8203,2019-03-02,567.63,Virement,accepté
8204,8204,2019-10-28,939.06,Virement,accepté
8205,8205,2020-05-04,1658.12,PayPal,refusé
8206,8206,2021-10-25,700.11,PayPal,refusé
8207,8207,2023-10-10,944.49,Carte,refusé
8208,8208,2024-09-18,747.9,Virement,accepté
8209,8209,2022-07-01,130.69,Virement,refusé
8210,8210,2025-01-16,147.94,PayPal,refusé
8211,8211,2020-05-16,883.21,Carte,refusé
8212,8212,2019-04-18,1476.09,PayPal,refusé
8213,8213,2019-04-22,58.94,Virement,accepté
8214,8214,2020-01-11,772.44,Carte,refusé
8215,8215,2019-08-23,1637.5,Virement,accepté
8216,8216,2021-10-12,914.31,Carte,accepté
8217,8217,2019-03-24,837.77,PayPal,accepté
8218,8218,2021-09-11,221.66,Virement,accepté
8219,8219,2019-02-05,1137.67,Carte,refusé
8220,8220,2025-08-20,347.54,Virement,refusé
8221,8221,2025-11-23,934.86,Carte,accepté
8222,8222,2023-08-06,438.84,Carte,refusé
8223,8223,2023-07-17,463.34,Virement,accepté
8224,8224,2022-08-06,1296.01,PayPal,refusé
8225,8225,2019-12-12,1308.18,PayPal,accepté
8226,8226,2022-06-11,182.46,PayPal,refusé
8227,8227,2019-09-06,256.33,Virement,accepté
8228,8228,2020-09-17,1273.32,PayPal,accepté
8229,8229,2021-11-21,916.76,Virement,accepté
8230,8230,2021-02-24,1075.42,Carte,accepté
8231,8231,2019-03-21,1560.88,Carte,accepté
8232,8232,2024-02-04,1195.8,Virement,refusé
8233,8233,2019-09-03,1390.54,Carte,refusé
8234,8234,2022-10-23,844.68,PayPal,refusé
8235,8235,2020-12-25,185.51,Carte,accepté
8236,8236,2024-04-03,1066.31,PayPal,refusé
8237,8237,2024-02-07,1535.9,Virement,refusé
8238,8238,2019-09-23,1751.99,Virement,accepté
8239,8239,2022-01-22,215.82,PayPal,refusé
8240,8240,2019-04-13,1040.76,Carte,refusé
8241,8241,2023-06-20,1780.42,Virement,refusé
8242,8242,2021-02-08,872.28,PayPal,refusé
8243,8243,2022-09-06,1910.93,PayPal,accepté
8244,8244,2024-07-30,460.92,Carte,refusé
8245,8245,2024-08-04,1123.38,Carte,accepté
8246,8246,2024-10-29,28.57,Carte,refusé
8247,8247,2020-11-29,701.28,Virement,accepté
8248,8248,2021-04-25,597.23,PayPal,accepté
8249,8249,2020-03-15,1123.15,Virement,accepté
8250,8250,2020-04-22,508.22,Virement,accepté
8251,8251,2023-09-15,615.62,Carte,accepté
8252,8252,2025-10-23,1632.71,Virement,refusé
8253,8253,2025-04-26,1186.29,PayPal,refusé
8254,8254,2021-10-31,139.38,Carte,accepté
8255,8255,2025-02-06,836.88,Carte,accepté
8256,8256,2021-07-20,1251.41,Virement,refusé
8257,8257,2023-05-27,512.88,PayPal,accepté
8258,8258,2020-07-14,325.21,PayPal,refusé
8259,8259,2024-10-25,1342.64,Carte,refusé
8260,8260,2021-09-15,414.17,PayPal,accepté
8261,8261,2024-04-17,1425.64,Virement,accepté
8262,8262,2023-08-19,1537.07,PayPal,refusé
8263,8263,2023-12-23,1398.19,PayPal,refusé
8264,8264,2020-08-05,572.22,Virement,accepté
8265,8265,2019-03-14,748.56,PayPal,refusé
8266,8266,2023-08-28,109.14,Carte,accepté
8267,8267,2024-02-09,949.13,Virement,accepté
8268,8268,2019-03-20,1333.63,Carte,refusé
8269,8269,2019-06-08,516.7,Virement,refusé
8270,8270,2020-03-05,1903.97,Virement,accepté
8271,8271,2025-09-25,1823.5,PayPal,refusé
8272,8272,2022-10-13,1455.95,Carte,accepté
8273,8273,2023-12-14,602.48,Carte,accepté
8274,8274,2022-06-18,1846.17,Carte,refusé
8275,8275,2021-01-08,804.63,Carte,refusé
8276,8276,2020-07-12,536.05,Virement,accepté
8277,8277,2025-12-16,675.54,Carte,accepté
8278,8278,2025-12-07,1815.76,Virement,accepté
8279,8279,2019-03-27,613.07,Carte,refusé
8280,8280,2024-08-02,838.22,PayPal,accepté
8281,8281,2020-09-04,1738.52,Carte,refusé
8282,8282,2021-04-04,466.84,PayPal,accepté
8283,8283,2024-07-01,1951.0,PayPal,refusé
8284,8284,2019-11-08,1205.83,Carte,refusé
8285,8285,2023-10-22,1856.69,PayPal,refusé
8286,8286,2022-01-07,677.63,PayPal,refusé
8287,8287,2024-11-04,227.17,Carte,refusé
8288,8288,2023-06-15,707.26,Carte,refusé
8289,8289,2023-01-03,646.06,Virement,refusé
8290,8290,2023-03-15,850.14,Virement,accepté
8291,8291,2025-08-19,1009.06,Carte,refusé
8292,8292,2023-09-26,996.72,Carte,refusé
8293,8293,2021-03-13,1797.52,Carte,accepté
8294,8294,2023-04-30,174.22,PayPal,refusé
8295,8295,2021-04-29,909.64,Carte,refusé
8296,8296,2020-04-04,871.31,Carte,accepté
8297,8297,2023-12-11,1506.91,Carte,accepté
8298,8298,2023-02-13,1664.59,Virement,refusé
8299,8299,2021-10-13,838.41,PayPal,refusé
8300,8300,2021-01-14,556.71,Virement,refusé
8301,8301,2025-05-14,1864.57,Virement,refusé
8302,8302,2022-01-30,620.41,Virement,refusé
8303,8303,2019-08-13,736.59,Carte,accepté
8304,8304,2020-12-15,1203.61,Carte,refusé
8305,8305,2025-09-20,1033.01,Virement,refusé
8306,8306,2021-05-04,1445.81,Virement,refusé
8307,8307,2019-08-24,1302.25,Virement,refusé
8308,8308,2025-02-09,740.39,PayPal,accepté
8309,8309,2019-07-19,661.77,Virement,accepté
8310,8310,2025-06-10,1991.64,Carte,refusé
8311,8311,2019-05-11,1704.18,Virement,accepté
8312,8312,2024-09-23,337.24,PayPal,refusé
8313,8313,2025-02-12,1429.33,PayPal,accepté
8314,8314,2025-01-12,413.94,Virement,accepté
8315,8315,2023-01-04,1223.73,Virement,accepté
8316,8316,2025-09-12,1774.77,Virement,accepté
8317,8317,2019-07-23,1401.68,Carte,accepté
8318,8318,2023-02-15,992.02,Virement,refusé
8319,8319,2025-01-21,808.47,Virement,refusé
8320,8320,2023-10-10,1942.65,PayPal,accepté
8321,8321,2021-08-14,1668.3,PayPal,refusé
8322,8322,2020-12-25,413.61,Virement,refusé
8323,8323,2023-11-21,1641.51,PayPal,accepté
8324,8324,2019-08-07,1452.71,Carte,refusé
8325,8325,2019-06-21,437.67,PayPal,accepté
8326,8326,2021-05-16,247.09,Carte,accepté
8327,8327,2023-05-02,1404.51,Carte,refusé
8328,8328,2024-02-08,398.01,Virement,accepté
8329,8329,2025-11-08,995.01,Virement,accepté
8330,8330,2022-02-06,527.42,PayPal,refusé
8331,8331,2024-07-30,363.72,Virement,accepté
8332,8332,2022-06-02,1630.53,Virement,refusé
8333,8333,2025-09-27,1578.0,Carte,refusé
8334,8334,2022-08-25,660.66,PayPal,accepté
8335,8335,2021-07-10,952.11,PayPal,accepté
8336,8336,2024-01-06,770.19,PayPal,refusé
8337,8337,2020-12-19,1234.8,Virement,refusé
8338,8338,2022-07-17,1908.87,Virement,accepté
8339,8339,2025-01-16,285.71,Carte,refusé
8340,8340,2024-03-22,841.19,Virement,accepté
8341,8341,2020-11-24,803.88,Virement,refusé
8342,8342,2021-04-24,1922.38,PayPal,accepté
8343,8343,2019-02-17,407.17,PayPal,accepté
8344,8344,2021-03-06,1196.06,Carte,refusé
8345,8345,2022-08-27,1215.94,Virement,accepté
8346,8346,2023-12-03,697.23,Virement,accepté
8347,8347,2020-04-10,243.51,Carte,accepté
8348,8348,2019-12-07,926.47,PayPal,accepté
8349,8349,2022-01-02,1737.34,PayPal,accepté
8350,8350,2024-07-09,1444.31,Virement,refusé
8351,8351,2024-03-25,861.36,Virement,refusé
8352,8352,2019-07-29,839.01,Carte,refusé
8353,8353,2024-10-03,1499.36,PayPal,refusé
8354,8354,2022-03-08,829.81,Carte,refusé
8355,8355,2021-05-21,1548.75,Carte,refusé
8356,8356,2019-03-29,1972.89,Virement,refusé
8357,8357,2022-04-18,1205.92,PayPal,accepté
8358,8358,2023-01-03,893.25,PayPal,accepté
8359,8359,2023-10-23,1087.21,Virement,accepté
8360,8360,2019-05-27,323.24,PayPal,accepté
8361,8361,2024-02-19,679.28,Virement,refusé
8362,8362,2022-10-14,1976.86,PayPal,accepté
8363,8363,2024-09-22,1649.89,PayPal,accepté
8364,8364,2020-02-10,1031.47,PayPal,refusé
8365,8365,2024-04-05,102.9,Carte,refusé
8366,8366,2023-12-22,1705.79,Carte,accepté
8367,8367,2023-10-17,1620.01,Carte,refusé
8368,8368,2021-03-25,1319.98,Carte,refusé
8369,8369,2024-11-04,751.86,Carte,refusé
8370,8370,2019-01-18,860.03,Carte,refusé
8371,8371,2022-09-04,600.65,Carte,refusé
8372,8372,2023-01-16,1694.87,Virement,accepté
8373,8373,2025-09-04,314.07,Carte,accepté
8374,8374,2024-05-09,1995.42,PayPal,accepté
8375,8375,2022-03-03,871.23,Virement,accepté
8376,8376,2022-01-30,659.21,Virement,accepté
8377,8377,2023-02-26,801.95,PayPal,refusé
8378,8378,2025-05-14,1680.57,Carte,refusé
8379,8379,2020-02-05,1612.35,Virement,accepté
8380,8380,2025-11-10,1590.98,Carte,accepté
8381,8381,2022-08-24,1620.01,PayPal,refusé
8382,8382,2022-05-24,1315.79,Virement,accepté
8383,8383,2020-02-21,1476.44,PayPal,accepté
8384,8384,2023-05-11,1013.84,Carte,refusé
8385,8385,2024-10-16,463.37,Virement,refusé
8386,8386,2022-08-06,1920.85,PayPal,refusé
8387,8387,2019-09-14,975.31,PayPal,accepté
8388,8388,2024-08-18,402.04,Carte,accepté
8389,8389,2020-10-02,1173.68,PayPal,refusé
8390,8390,2024-07-11,505.33,PayPal,accepté
8391,8391,2023-09-04,1259.65,Virement,accepté
8392,8392,2019-04-24,1895.44,PayPal,accepté
8393,8393,2025-02-09,175.53,Virement,refusé
8394,8394,2023-12-14,1519.5,PayPal,accepté
8395,8395,2023-06-12,1430.8,PayPal,accepté
8396,8396,2024-10-30,1692.01,Virement,accepté
8397,8397,2020-03-29,1894.01,PayPal,accepté
8398,8398,2019-11-20,1158.68,PayPal,refusé
8399,8399,2021-01-22,1790.83,Virement,refusé
8400,8400,2025-09-17,919.25,Carte,accepté
8401,8401,2022-04-25,1258.28,Virement,accepté
8402,8402,2025-07-18,191.47,Carte,accepté
8403,8403,2022-11-30,586.34,PayPal,refusé
8404,8404,2021-04-26,1551.67,Virement,refusé
8405,8405,2023-11-02,502.0,Virement,refusé
8406,8406,2024-07-12,1794.27,Carte,accepté
8407,8407,2024-04-12,348.08,PayPal,refusé
8408,8408,2024-06-25,774.53,Carte,accepté
8409,8409,2020-12-10,128.57,Virement,refusé
8410,8410,2022-11-12,1098.92,Carte,accepté
8411,8411,2021-09-22,1521.69,PayPal,accepté
8412,8412,2022-06-16,1578.71,PayPal,refusé
8413,8413,2024-06-15,1554.69,Virement,accepté
8414,8414,2022-07-03,164.7,Virement,refusé
8415,8415,2023-05-27,1703.38,Carte,refusé
8416,8416,2020-11-26,1281.73,PayPal,refusé
8417,8417,2024-08-29,144.28,Carte,refusé
8418,8418,2019-01-12,1655.81,Carte,accepté
8419,8419,2023-09-04,1026.54,Carte,accepté
8420,8420,2022-09-07,995.44,Carte,accepté
8421,8421,2023-09-03,1106.28,Carte,refusé
8422,8422,2021-07-15,1724.79,PayPal,refusé
8423,8423,2023-05-28,1710.66,Virement,refusé
8424,8424,2023-03-28,1012.78,Virement,refusé
8425,8425,2022-10-07,1658.58,Virement,accepté
8426,8426,2021-08-13,1885.73,PayPal,accepté
8427,8427,2023-12-04,1270.9,Virement,refusé
8428,8428,2022-02-04,1582.69,Carte,refusé
8429,8429,2020-07-21,1953.64,Virement,refusé
8430,8430,2020-02-07,228.88,PayPal,accepté
8431,8431,2019-03-24,974.32,Virement,refusé
8432,8432,2020-08-26,595.62,PayPal,refusé
8433,8433,2024-03-30,1101.93,Carte,accepté
8434,8434,2024-03-29,1140.46,PayPal,accepté
8435,8435,2023-11-19,838.9,PayPal,refusé
8436,8436,2021-03-10,990.64,Carte,refusé
8437,8437,2021-11-16,1839.94,Carte,accepté
8438,8438,2022-05-14,1065.33,Carte,accepté
8439,8439,2025-06-14,885.64,Virement,refusé
8440,8440,2020-07-27,367.29,PayPal,refusé
8441,8441,2020-03-13,1952.91,Virement,refusé
8442,8442,2019-11-04,916.54,Carte,accepté
8443,8443,2019-03-11,1473.19,Carte,accepté
8444,8444,2020-10-11,1946.29,PayPal,accepté
8445,8445,2022-08-14,37.07,Virement,refusé
8446,8446,2021-01-05,657.19,Carte,accepté
8447,8447,2019-06-19,1173.98,Virement,refusé
8448,8448,2020-05-12,1367.3,PayPal,refusé
8449,8449,2023-01-04,1637.55,PayPal,refusé
8450,8450,2023-04-10,60.83,Virement,refusé
8451,8451,2021-07-11,1508.8,PayPal,accepté
8452,8452,2023-02-05,1025.43,Virement,refusé
8453,8453,2019-09-28,1581.24,Carte,refusé
8454,8454,2020-12-07,1571.6,PayPal,refusé
8455,8455,2022-11-05,1539.62,PayPal,refusé
8456,8456,2025-02-05,817.62,Virement,accepté
8457,8457,2020-06-01,354.68,PayPal,accepté
8458,8458,2024-06-29,481.6,PayPal,accepté
8459,8459,2020-10-06,907.27,Virement,refusé
8460,8460,2023-07-26,239.1,PayPal,accepté
8461,8461,2023-09-21,1643.83,Carte,refusé
8462,8462,2021-04-11,303.4,Carte,accepté
8463,8463,2023-11-23,1830.75,Virement,refusé
8464,8464,2019-06-14,676.67,PayPal,refusé
8465,8465,2025-06-21,31.57,PayPal,refusé
8466,8466,2024-10-26,629.13,PayPal,accepté
8467,8467,2022-03-30,261.33,Carte,refusé
8468,8468,2025-11-01,1132.4,Virement,accepté
8469,8469,2022-09-14,621.13,Carte,refusé
8470,8470,2022-08-05,1425.19,PayPal,refusé
8471,8471,2024-03-13,1496.4,PayPal,accepté
8472,8472,2024-04-12,863.9,Virement,accepté
8473,8473,2021-03-04,83.47,Virement,refusé
8474,8474,2019-09-03,1508.95,Virement,accepté
8475,8475,2020-02-22,227.08,PayPal,refusé
8476,8476,2021-05-29,1746.28,Carte,accepté
8477,8477,2019-02-19,427.13,PayPal,refusé
8478,8478,2022-05-03,616.5,Carte,accepté
8479,8479,2023-06-21,523.54,PayPal,refusé
8480,8480,2025-06-22,1983.08,Virement,accepté
8481,8481,2019-08-03,358.07,PayPal,accepté
8482,8482,2019-09-03,1692.89,Virement,refusé
8483,8483,2024-01-27,26.62,Virement,accepté
8484,8484,2019-02-27,1593.89,Carte,refusé
8485,8485,2019-08-11,780.31,Carte,accepté
8486,8486,2022-01-10,412.35,Carte,refusé
8487,8487,2021-02-14,1608.36,PayPal,accepté
8488,8488,2025-05-22,1784.62,Carte,refusé
8489,8489,2024-10-21,153.52,Virement,accepté
8490,8490,2021-06-21,1053.71,Carte,refusé
8491,8491,2021-12-04,507.75,Virement,refusé
8492,8492,2019-04-06,1777.99,Virement,accepté
8493,8493,2021-05-12,796.19,Virement,refusé
8494,8494,2019-08-03,1400.24,PayPal,accepté
8495,8495,2021-10-02,155.21,PayPal,accepté
8496,8496,2023-07-03,306.47,PayPal,refusé
8497,8497,2023-10-12,1629.63,Carte,refusé
8498,8498,2024-06-15,1210.25,Carte,accepté
8499,8499,2022-12-15,1404.59,PayPal,refusé
8500,8500,2020-11-06,652.12,Virement,accepté
8501,8501,2023-11-07,1009.69,Virement,refusé
8502,8502,2023-11-12,480.55,Carte,refusé
8503,8503,2024-03-15,1322.5,Carte,refusé
8504,8504,2025-11-02,111.36,Virement,accepté
8505,8505,2023-05-16,350.48,PayPal,refusé
8506,8506,2021-12-17,1039.12,Carte,accepté
8507,8507,2024-12-07,616.13,Carte,refusé
8508,8508,2024-12-18,1978.78,Carte,refusé
8509,8509,2023-04-17,475.47,Carte,refusé
8510,8510,2021-09-13,252.19,Carte,refusé
8511,8511,2025-08-15,466.17,Carte,refusé
8512,8512,2021-03-15,459.23,Virement,refusé
8513,8513,2020-06-15,878.49,Virement,refusé
8514,8514,2021-12-16,720.36,Virement,refusé
8515,8515,2022-05-07,541.35,PayPal,accepté
8516,8516,2022-11-06,1470.83,Carte,refusé
8517,8517,2021-01-08,1385.55,Virement,accepté
8518,8518,2019-08-26,580.27,PayPal,refusé
8519,8519,2020-01-18,556.62,PayPal,accepté
8520,8520,2021-09-16,453.69,PayPal,accepté
8521,8521,2025-08-06,376.63,Carte,accepté
8522,8522,2021-02-28,775.64,Carte,refusé
8523,8523,2024-03-26,678.47,Virement,refusé
8524,8524,2025-08-18,862.98,PayPal,accepté
8525,8525,2025-08-01,1834.48,Virement,refusé
8526,8526,2020-10-29,1669.06,Virement,accepté
8527,8527,2025-12-14,1540.71,Virement,refusé
8528,8528,2019-12-25,929.7,Carte,refusé
8529,8529,2025-11-16,358.38,Virement,accepté
8530,8530,2025-01-19,1927.27,Carte,accepté
8531,8531,2020-11-14,1387.88,PayPal,refusé
8532,8532,2022-07-01,1737.55,Virement,refusé
8533,8533,2025-01-08,208.62,PayPal,accepté
8534,8534,2020-11-15,513.77,PayPal,accepté
8535,8535,2024-04-26,1907.9,Virement,accepté
8536,8536,2021-03-07,123.03,PayPal,refusé
8537,8537,2022-07-14,1022.83,PayPal,refusé
8538,8538,2025-01-26,689.96,Virement,accepté
8539,8539,2024-10-17,1651.41,Virement,refusé
8540,8540,2024-02-04,1605.25,Virement,accepté
8541,8541,2020-06-14,43.7,Virement,accepté
8542,8542,2024-07-29,259.86,Carte,refusé
8543,8543,2021-10-01,652.19,Carte,accepté
8544,8544,2025-10-19,1940.53,Virement,refusé
8545,8545,2022-04-09,854.35,Carte,refusé
8546,8546,2023-06-03,224.12,Virement,accepté
8547,8547,2023-12-09,463.64,PayPal,accepté
8548,8548,2023-12-17,660.1,Virement,accepté
8549,8549,2020-06-30,1447.05,PayPal,refusé
8550,8550,2022-07-31,701.63,Virement,accepté
8551,8551,2020-02-29,201.14,Carte,accepté
8552,8552,2021-11-02,89.84,PayPal,refusé
8553,8553,2020-06-28,785.7,PayPal,accepté
8554,8554,2022-01-17,1770.46,Carte,accepté
8555,8555,2022-05-27,1305.33,PayPal,accepté
8556,8556,2022-02-15,1022.85,Virement,refusé
8557,8557,2025-09-15,150.78,PayPal,accepté
8558,8558,2024-07-31,504.59,PayPal,refusé
8559,8559,2019-11-14,418.14,Carte,refusé
8560,8560,2025-03-06,1715.86,Carte,accepté
8561,8561,2024-10-24,1473.78,Virement,refusé
8562,8562,2019-07-01,1302.23,PayPal,refusé
8563,8563,2021-10-25,1936.5,Carte,refusé
8564,8564,2022-03-17,1156.29,PayPal,refusé
8565,8565,2023-04-24,1056.33,Virement,refusé
8566,8566,2020-09-23,567.76,Virement,refusé
8567,8567,2020-08-15,1880.82,Carte,refusé
8568,8568,2021-10-02,1802.73,Virement,accepté
8569,8569,2022-04-29,815.94,Virement,accepté
8570,8570,2024-10-09,59.36,PayPal,refusé
8571,8571,2023-01-28,1912.47,Virement,refusé
8572,8572,2021-09-05,1877.32,Virement,accepté
8573,8573,2025-06-20,110.61,PayPal,refusé
8574,8574,2024-04-04,1229.92,Carte,accepté
8575,8575,2020-07-30,1863.64,PayPal,refusé
8576,8576,2021-04-06,60.08,PayPal,refusé
8577,8577,2022-11-23,1615.53,Carte,accepté
8578,8578,2024-07-11,490.75,Virement,accepté
8579,8579,2025-05-05,1692.26,Virement,refusé
8580,8580,2021-05-04,1111.67,Carte,refusé
8581,8581,2021-09-29,398.49,PayPal,refusé
8582,8582,2020-12-24,1523.52,Carte,refusé
8583,8583,2021-08-12,884.0,Virement,accepté
8584,8584,2024-12-21,589.41,Carte,accepté
8585,8585,2020-09-11,1775.33,PayPal,refusé
8586,8586,2021-04-24,1857.76,Virement,refusé
8587,8587,2024-11-15,1892.38,PayPal,refusé
8588,8588,2024-07-14,1755.53,Virement,refusé
8589,8589,2021-07-04,1151.83,Virement,refusé
8590,8590,2023-04-26,1286.67,Virement,refusé
8591,8591,2024-07-06,731.33,Carte,refusé
8592,8592,2019-09-25,1121.01,Carte,accepté
8593,8593,2019-12-22,728.2,PayPal,accepté
8594,8594,2020-09-18,758.84,PayPal,accepté
8595,8595,2024-10-01,1565.82,Carte,refusé
8596,8596,2021-11-22,1848.27,PayPal,refusé
8597,8597,2023-03-26,114.15,Virement,refusé
8598,8598,2025-12-11,872.72,Virement,accepté
8599,8599,2022-04-18,1249.98,Virement,refusé
8600,8600,2025-08-06,251.65,Carte,refusé
8601,8601,2025-04-02,1352.96,Virement,accepté
8602,8602,2019-04-22,1324.74,Virement,refusé
8603,8603,2022-04-26,694.5,Carte,refusé
8604,8604,2025-03-04,200.22,PayPal,accepté
8605,8605,2025-05-01,810.78,Virement,refusé
8606,8606,2025-09-05,76.29,Virement,accepté
8607,8607,2024-03-26,756.04,Virement,refusé
8608,8608,2021-01-08,1048.39,PayPal,refusé
8609,8609,2019-06-15,318.97,PayPal,refusé
8610,8610,2022-07-28,1336.24,PayPal,accepté
8611,8611,2019-01-25,1898.54,Virement,refusé
8612,8612,2024-12-03,159.25,Carte,accepté
8613,8613,2020-12-15,1786.94,Carte,accepté
8614,8614,2023-12-19,119.87,Carte,accepté
8615,8615,2023-07-01,586.73,Carte,accepté
8616,8616,2021-04-30,1105.47,Carte,refusé
8617,8617,2023-08-31,1678.49,PayPal,accepté
8618,8618,2025-08-08,367.43,Carte,accepté
8619,8619,2021-07-30,1789.31,Virement,accepté
8620,8620,2023-03-10,938.86,PayPal,refusé
8621,8621,2019-07-12,215.46,Carte,refusé
8622,8622,2022-12-29,871.17,Virement,refusé
8623,8623,2025-03-10,1140.43,PayPal,refusé
8624,8624,2022-07-17,1668.37,Carte,accepté
8625,8625,2022-11-20,1914.69,PayPal,accepté
8626,8626,2021-02-02,1662.0,PayPal,refusé
8627,8627,2025-04-12,870.65,Virement,refusé
8628,8628,2025-06-13,179.05,PayPal,refusé
8629,8629,2021-11-24,200.48,PayPal,accepté
8630,8630,2020-10-14,1358.54,Carte,refusé
8631,8631,2019-07-16,1020.64,PayPal,refusé
8632,8632,2021-08-03,744.62,Carte,refusé
8633,8633,2024-06-10,544.43,PayPal,refusé
8634,8634,2023-12-23,1090.26,Virement,refusé
8635,8635,2023-12-22,1179.18,PayPal,accepté
8636,8636,2025-09-10,1442.82,PayPal,accepté
8637,8637,2025-01-08,1874.45,Carte,accepté
8638,8638,2024-04-04,757.78,Virement,accepté
8639,8639,2020-04-04,1886.31,Virement,refusé
8640,8640,2019-11-14,1293.15,Virement,refusé
8641,8641,2023-05-15,330.04,Virement,refusé
8642,8642,2023-11-01,1443.08,Carte,accepté
8643,8643,2021-08-25,74.42,PayPal,refusé
8644,8644,2023-06-11,919.61,PayPal,accepté
8645,8645,2020-02-04,1118.69,Virement,accepté
8646,8646,2022-02-11,198.3,Virement,refusé
8647,8647,2019-11-26,1588.59,Carte,accepté
8648,8648,2020-09-23,815.83,Virement,accepté
8649,8649,2019-04-14,459.92,Carte,accepté
8650,8650,2021-07-21,599.08,Virement,accepté
8651,8651,2021-12-18,641.63,Virement,refusé
8652,8652,2024-11-15,156.39,PayPal,accepté
8653,8653,2023-02-26,1288.37,PayPal,accepté
8654,8654,2023-09-25,389.35,Carte,refusé
8655,8655,2021-05-09,974.23,Virement,refusé
8656,8656,2025-07-20,185.17,Carte,refusé
8657,8657,2022-06-20,712.22,PayPal,accepté
8658,8658,2022-03-18,1818.1,Carte,refusé
8659,8659,2025-06-06,480.27,Virement,refusé
8660,8660,2021-03-06,1899.13,PayPal,refusé
8661,8661,2024-05-06,235.86,Carte,accepté
8662,8662,2022-05-18,1564.99,Virement,accepté
8663,8663,2024-11-12,1409.43,Virement,refusé
8664,8664,2025-07-13,946.01,Carte,refusé
8665,8665,2020-08-22,1590.55,Virement,refusé
8666,8666,2022-10-05,1406.39,Carte,accepté
8667,8667,2025-10-03,1208.8,Carte,refusé
8668,8668,2020-10-26,187.5,PayPal,refusé
8669,8669,2025-07-30,1509.11,Virement,refusé
8670,8670,2020-10-21,290.14,Carte,accepté
8671,8671,2023-03-14,256.9,Carte,refusé
8672,8672,2021-11-27,1839.45,PayPal,refusé
8673,8673,2023-01-23,533.59,Virement,refusé
8674,8674,2021-07-11,212.2,PayPal,accepté
8675,8675,2020-03-20,365.24,Carte,accepté
8676,8676,2022-01-19,820.13,Virement,accepté
8677,8677,2019-04-14,1344.71,Virement,refusé
8678,8678,2023-10-25,1155.61,Carte,accepté
8679,8679,2022-07-10,1310.94,Virement,refusé
8680,8680,2025-12-23,483.93,Carte,refusé
8681,8681,2019-04-17,120.58,PayPal,refusé
8682,8682,2020-12-29,594.5,Virement,accepté
8683,8683,2022-07-23,66.21,Virement,refusé
8684,8684,2021-09-26,305.97,PayPal,accepté
8685,8685,2020-02-06,1135.64,PayPal,refusé
8686,8686,2024-11-23,505.53,Carte,refusé
8687,8687,2021-04-30,1981.42,PayPal,accepté
8688,8688,2021-02-08,539.22,PayPal,accepté
8689,8689,2020-06-14,1095.88,PayPal,accepté
8690,8690,2024-09-25,1004.48,Carte,accepté
8691,8691,2022-06-16,1621.64,PayPal,refusé
8692,8692,2020-09-03,1645.5,Virement,refusé
8693,8693,2022-09-20,1486.11,PayPal,accepté
8694,8694,2019-08-01,75.23,PayPal,accepté
8695,8695,2019-10-31,682.6,Carte,refusé
8696,8696,2019-06-25,995.24,Carte,refusé
8697,8697,2020-07-30,1600.21,PayPal,accepté
8698,8698,2022-09-28,593.23,Carte,refusé
8699,8699,2022-08-17,591.51,PayPal,refusé
8700,8700,2022-09-20,644.61,Carte,accepté
8701,8701,2019-12-01,1430.29,Virement,accepté
8702,8702,2024-07-12,1288.15,Virement,accepté
8703,8703,2025-10-27,672.05,Carte,accepté
8704,8704,2024-10-03,1937.93,Carte,refusé
8705,8705,2025-11-11,533.09,Carte,accepté
8706,8706,2021-06-07,1276.14,Carte,refusé
8707,8707,2022-01-05,941.09,Virement,accepté
8708,8708,2023-06-14,49.83,Virement,accepté
8709,8709,2020-04-24,1960.34,Carte,refusé
8710,8710,2019-01-30,1340.93,Carte,accepté
8711,8711,2021-04-23,157.32,Virement,accepté
8712,8712,2020-09-09,1210.66,Virement,refusé
8713,8713,2022-02-06,921.7,Carte,refusé
8714,8714,2025-09-11,1190.74,Virement,accepté
8715,8715,2021-07-30,398.01,PayPal,accepté
8716,8716,2019-08-21,682.55,Virement,refusé
8717,8717,2019-10-09,1121.34,Virement,refusé
8718,8718,2025-01-18,1220.25,PayPal,refusé
8719,8719,2019-02-10,1000.41,Virement,accepté
8720,8720,2025-08-23,214.25,PayPal,accepté
8721,8721,2021-10-03,1983.5,Virement,refusé
8722,8722,2020-12-07,1977.19,Carte,refusé
8723,8723,2020-04-19,1112.72,Carte,accepté
8724,8724,2025-08-21,636.35,Carte,refusé
8725,8725,2021-10-20,263.82,Carte,accepté
8726,8726,2021-11-25,423.46,PayPal,refusé
8727,8727,2022-11-28,1551.56,Virement,refusé
8728,8728,2021-08-13,1764.42,Virement,refusé
8729,8729,2019-08-11,1464.69,PayPal,accepté
8730,8730,2025-08-22,1210.0,Carte,refusé
8731,8731,2020-05-14,1774.31,Carte,accepté
8732,8732,2019-10-29,454.4,PayPal,refusé
8733,8733,2020-12-17,537.17,Carte,refusé
8734,8734,2023-02-16,803.6,PayPal,accepté
8735,8735,2021-07-21,1931.65,Virement,accepté
8736,8736,2022-11-25,1743.97,PayPal,refusé
8737,8737,2024-12-04,252.41,Carte,refusé
8738,8738,2024-04-03,1122.79,PayPal,refusé
8739,8739,2023-12-05,172.39,Carte,accepté
8740,8740,2020-08-01,1524.66,Virement,refusé
8741,8741,2020-08-23,593.52,PayPal,accepté
8742,8742,2023-05-10,149.46,PayPal,refusé
8743,8743,2023-06-14,1732.09,Carte,refusé
8744,8744,2022-03-28,1357.85,Virement,refusé
8745,8745,2019-04-20,684.0,Carte,accepté
8746,8746,2024-06-09,242.95,Virement,refusé
8747,8747,2023-05-13,1854.3,PayPal,refusé
8748,8748,2024-09-06,55.41,PayPal,refusé
8749,8749,2024-05-06,564.23,Virement,accepté
8750,8750,2019-10-14,255.04,PayPal,refusé
8751,8751,2025-06-20,426.72,PayPal,refusé
8752,8752,2021-11-12,1698.95,Virement,accepté
8753,8753,2025-10-19,1157.14,Carte,refusé
8754,8754,2025-08-06,147.67,Carte,refusé
8755,8755,2023-11-03,110.07,Carte,accepté
8756,8756,2023-08-13,365.28,Virement,refusé
8757,8757,2020-11-02,703.87,PayPal,accepté
8758,8758,2022-03-14,484.1,Carte,refusé
8759,8759,2019-08-30,1533.95,Carte,refusé
8760,8760,2022-02-13,925.74,PayPal,refusé
8761,8761,2023-07-19,1903.87,Carte,refusé
8762,8762,2025-09-10,207.11,PayPal,accepté
8763,8763,2024-02-22,840.48,PayPal,refusé
8764,8764,2020-02-17,516.32,Carte,accepté
8765,8765,2021-02-27,630.89,Virement,accepté
8766,8766,2025-04-22,421.29,Virement,accepté
8767,8767,2020-05-05,1131.33,PayPal,refusé
8768,8768,2022-11-30,1985.35,Virement,accepté
8769,8769,2024-08-05,806.3,PayPal,accepté
8770,8770,2023-10-05,1170.11,Virement,accepté
8771,8771,2024-07-06,416.33,Virement,refusé
8772,8772,2024-03-03,1281.57,Carte,refusé
8773,8773,2019-09-06,1163.58,Virement,refusé
8774,8774,2024-10-01,469.92,Virement,accepté
8775,8775,2024-01-22,1614.19,Carte,refusé
8776,8776,2020-07-14,52.02,PayPal,refusé
8777,8777,2025-07-31,1636.65,Carte,refusé
8778,8778,2022-08-07,78.57,PayPal,accepté
8779,8779,2021-10-11,1461.56,Virement,accepté
8780,8780,2021-08-07,659.19,Carte,accepté
8781,8781,2019-08-15,1446.93,PayPal,accepté
8782,8782,2023-06-11,407.17,Carte,refusé
8783,8783,2024-07-09,1866.13,PayPal,refusé
8784,8784,2024-07-03,289.75,Carte,accepté
8785,8785,2023-04-25,1192.77,Carte,accepté
8786,8786,2019-01-30,561.75,PayPal,accepté
8787,8787,2025-08-15,289.0,PayPal,accepté
8788,8788,2024-08-23,1789.23,PayPal,accepté
8789,8789,2020-06-23,549.93,Carte,accepté
8790,8790,2020-04-18,1664.98,Virement,accepté
8791,8791,2025-03-26,888.75,Virement,accepté
8792,8792,2023-05-28,820.86,Carte,refusé
8793,8793,2022-01-21,111.87,Carte,accepté
8794,8794,2023-04-28,1895.71,Carte,refusé
8795,8795,2020-04-17,1370.02,Virement,refusé
8796,8796,2023-01-06,1317.66,PayPal,refusé
8797,8797,2023-03-29,637.05,PayPal,refusé
8798,8798,2024-05-02,1938.47,Virement,accepté
8799,8799,2023-02-24,1711.17,Carte,accepté
8800,8800,2024-10-04,601.2,PayPal,refusé
8801,8801,2024-11-23,1537.15,PayPal,accepté
8802,8802,2022-07-04,950.74,PayPal,accepté
8803,8803,2023-10-26,1588.12,Carte,accepté
8804,8804,2021-01-09,1803.08,Carte,accepté
8805,8805,2024-11-23,236.03,PayPal,accepté
8806,8806,2023-11-16,1729.46,Virement,accepté
8807,8807,2023-11-27,1868.79,PayPal,refusé
8808,8808,2020-09-12,139.79,PayPal,refusé
8809,8809,2025-02-10,1825.25,PayPal,refusé
8810,8810,2021-10-27,1923.17,Carte,refusé
8811,8811,2019-03-31,572.74,Carte,refusé
8812,8812,2020-04-24,1911.35,PayPal,refusé
8813,8813,2023-09-09,179.43,Virement,accepté
8814,8814,2023-01-14,945.87,PayPal,accepté
8815,8815,2024-02-17,344.64,Carte,accepté
8816,8816,2021-03-14,1452.53,Virement,refusé
8817,8817,2024-10-28,1421.79,PayPal,accepté
8818,8818,2025-03-03,1508.67,Virement,accepté
8819,8819,2025-04-29,1701.49,Carte,refusé
8820,8820,2020-03-30,796.79,PayPal,accepté
8821,8821,2020-09-24,72.45,Carte,refusé
8822,8822,2023-08-07,1354.7,PayPal,refusé
8823,8823,2024-01-24,142.25,Carte,refusé
8824,8824,2020-11-06,79.66,PayPal,refusé
8825,8825,2023-03-09,1937.37,PayPal,accepté
8826,8826,2020-07-09,1433.5,Carte,refusé
8827,8827,2025-09-13,109.43,Virement,refusé
8828,8828,2022-12-13,1515.65,Carte,refusé
8829,8829,2024-11-22,454.76,PayPal,accepté
8830,8830,2019-03-05,810.79,Virement,refusé
8831,8831,2020-06-14,391.94,PayPal,accepté
8832,8832,2019-06-06,874.93,Carte,accepté
8833,8833,2021-09-03,1475.55,PayPal,refusé
8834,8834,2020-01-15,742.56,Virement,accepté
8835,8835,2025-08-17,707.78,Virement,accepté
8836,8836,2019-04-22,1041.58,Carte,refusé
8837,8837,2021-09-18,1273.02,PayPal,accepté
8838,8838,2019-04-02,142.51,Virement,accepté
8839,8839,2020-09-26,1379.89,Carte,refusé
8840,8840,2024-03-12,623.92,Carte,refusé
8841,8841,2024-08-02,301.11,Carte,accepté
8842,8842,2020-10-30,1901.47,Virement,refusé
8843,8843,2024-01-06,853.45,Virement,accepté
8844,8844,2024-01-08,1714.21,PayPal,accepté
8845,8845,2022-11-13,1550.14,Carte,accepté
8846,8846,2024-06-03,867.07,Virement,refusé
8847,8847,2024-12-15,1076.63,PayPal,accepté
8848,8848,2024-10-21,487.06,Virement,refusé
8849,8849,2022-08-31,385.62,Carte,accepté
8850,8850,2020-12-16,906.68,PayPal,accepté
8851,8851,2023-09-03,1400.45,Virement,accepté
8852,8852,2020-03-30,1063.25,Carte,refusé
8853,8853,2021-10-07,1932.93,PayPal,refusé
8854,8854,2025-07-02,355.22,Carte,accepté
8855,8855,2025-04-20,382.59,Virement,accepté
8856,8856,2023-01-05,1035.11,PayPal,refusé
8857,8857,2022-03-06,437.42,Virement,accepté
8858,8858,2025-12-14,1384.51,Virement,refusé
8859,8859,2024-02-09,1108.35,Carte,accepté
8860,8860,2020-01-12,897.49,PayPal,refusé
8861,8861,2025-07-15,1527.04,Virement,refusé
8862,8862,2025-12-08,987.6,Carte,accepté
8863,8863,2023-01-29,1238.21,Carte,accepté
8864,8864,2023-05-19,696.95,Carte,refusé
8865,8865,2020-12-03,184.33,PayPal,refusé
8866,8866,2023-01-06,65.68,Virement,accepté
8867,8867,2023-07-17,61.6,Virement,refusé
8868,8868,2025-10-04,687.16,Virement,refusé
8869,8869,2024-03-19,445.6,Virement,refusé
8870,8870,2022-01-27,1856.77,Carte,refusé
8871,8871,2025-06-27,438.78,Carte,accepté
8872,8872,2025-10-24,611.25,Carte,accepté
8873,8873,2021-07-07,274.06,PayPal,accepté
8874,8874,2022-04-18,797.01,Virement,refusé
8875,8875,2025-03-16,991.92,Carte,refusé
8876,8876,2020-10-28,1283.91,Virement,accepté
8877,8877,2024-07-23,1714.75,PayPal,refusé
8878,8878,2021-11-16,1516.4,PayPal,accepté
8879,8879,2020-09-03,1133.28,Virement,refusé
8880,8880,2025-08-10,847.77,PayPal,refusé
8881,8881,2024-04-11,1076.77,Virement,refusé
8882,8882,2023-09-16,166.82,Carte,accepté
8883,8883,2024-09-28,1997.22,Carte,refusé
8884,8884,2019-07-09,758.75,Carte,accepté
8885,8885,2024-12-08,1440.31,PayPal,accepté
8886,8886,2022-04-23,1380.01,Virement,refusé
8887,8887,2020-10-06,304.49,Virement,refusé
8888,8888,2020-01-20,756.21,PayPal,refusé
8889,8889,2020-08-14,1060.81,Virement,accepté
8890,8890,2019-04-25,218.52,Carte,refusé
8891,8891,2024-07-31,1816.28,PayPal,refusé
8892,8892,2022-02-13,1395.16,Carte,refusé
8893,8893,2023-02-11,457.23,PayPal,accepté
8894,8894,2020-11-18,830.3,Virement,accepté
8895,8895,2021-12-07,102.33,Virement,accepté
8896,8896,2020-04-03,1024.5,Virement,accepté
8897,8897,2020-03-09,154.24,PayPal,refusé
8898,8898,2021-11-11,107.75,Carte,refusé
8899,8899,2024-10-13,1490.39,PayPal,refusé
8900,8900,2024-07-03,590.08,PayPal,refusé
8901,8901,2022-05-28,723.06,Virement,refusé
8902,8902,2024-01-28,341.92,Virement,accepté
8903,8903,2025-12-19,1469.73,Carte,accepté
8904,8904,2021-10-28,1013.86,PayPal,refusé
8905,8905,2019-10-29,1632.09,Virement,accepté
8906,8906,2024-04-01,1392.61,Virement,refusé
8907,8907,2020-06-19,845.39,Virement,accepté
8908,8908,2024-09-24,1976.16,Virement,accepté
8909,8909,2019-07-29,1068.62,Carte,refusé
8910,8910,2024-01-11,86.81,Virement,accepté
8911,8911,2023-09-02,459.93,Carte,refusé
8912,8912,2024-12-13,428.48,Carte,accepté
8913,8913,2022-02-06,1579.88,PayPal,accepté
8914,8914,2022-10-18,1640.49,Virement,accepté
8915,8915,2025-04-03,396.25,Carte,accepté
8916,8916,2022-07-23,1266.48,Virement,accepté
8917,8917,2022-05-19,1940.36,Virement,accepté
8918,8918,2020-04-20,1755.13,Virement,accepté
8919,8919,2022-04-26,409.85,Virement,accepté
8920,8920,2023-09-17,503.0,Virement,refusé
8921,8921,2021-02-21,491.95,Virement,refusé
8922,8922,2019-11-12,1041.12,PayPal,refusé
8923,8923,2023-05-09,1674.09,Virement,refusé
8924,8924,2024-06-15,855.41,Virement,accepté
8925,8925,2019-03-26,436.26,Carte,refusé
8926,8926,2019-09-01,45.86,Carte,refusé
8927,8927,2021-06-23,956.53,Carte,refusé
8928,8928,2024-09-26,432.58,Virement,refusé
8929,8929,2021-12-09,1101.36,Virement,refusé
8930,8930,2025-11-01,85.49,PayPal,refusé
8931,8931,2020-07-13,445.85,Virement,accepté
8932,8932,2019-09-01,1999.11,Virement,refusé
8933,8933,2023-08-19,84.39,PayPal,accepté
8934,8934,2022-06-08,1700.83,Carte,refusé
8935,8935,2019-02-24,518.38,Virement,refusé
8936,8936,2025-12-07,1892.57,Virement,accepté
8937,8937,2019-10-08,1298.69,Virement,refusé
8938,8938,2023-05-04,1917.47,PayPal,accepté
8939,8939,2025-03-31,1974.14,Virement,refusé
8940,8940,2024-01-29,1741.83,PayPal,refusé
8941,8941,2019-01-08,1055.4,Carte,refusé
8942,8942,2023-07-30,1005.42,Virement,accepté
8943,8943,2019-02-25,234.33,PayPal,refusé
8944,8944,2023-02-16,1584.67,Carte,refusé
8945,8945,2020-04-29,1058.2,Carte,refusé
8946,8946,2023-03-25,1821.49,Virement,refusé
8947,8947,2021-07-30,1756.1,Carte,accepté
8948,8948,2024-09-05,575.67,Virement,refusé
8949,8949,2025-05-04,1693.89,Carte,accepté
8950,8950,2020-05-06,291.48,Carte,accepté
8951,8951,2020-11-19,1272.23,PayPal,accepté
8952,8952,2021-06-22,1752.83,Carte,accepté
8953,8953,2023-11-15,1841.16,PayPal,refusé
8954,8954,2023-04-03,432.41,Carte,accepté
8955,8955,2025-12-20,1346.02,Virement,accepté
8956,8956,2021-11-28,855.61,Carte,accepté
8957,8957,2022-08-07,1882.45,PayPal,accepté
8958,8958,2024-06-09,98.76,Virement,accepté
8959,8959,2024-11-29,1200.79,Carte,refusé
8960,8960,2025-01-18,365.1,Carte,refusé
8961,8961,2021-08-14,233.26,Carte,refusé
8962,8962,2023-07-08,1742.07,Virement,accepté
8963,8963,2020-03-11,1946.19,PayPal,refusé
8964,8964,2022-10-29,1182.35,Virement,refusé
8965,8965,2025-08-31,1002.93,Virement,refusé
8966,8966,2024-08-27,1075.06,Virement,refusé
8967,8967,2024-02-15,831.41,Carte,accepté
8968,8968,2019-06-20,1151.88,PayPal,refusé
8969,8969,2020-11-08,630.56,Virement,accepté
8970,8970,2020-03-11,452.01,PayPal,refusé
8971,8971,2019-11-22,1507.44,PayPal,refusé
8972,8972,2023-08-31,1567.95,Carte,refusé
8973,8973,2023-02-13,1201.14,PayPal,refusé
8974,8974,2019-09-24,848.42,PayPal,accepté
8975,8975,2025-07-23,1818.83,PayPal,refusé
8976,8976,2022-04-27,905.85,PayPal,refusé
8977,8977,2021-12-05,1330.01,Virement,accepté
8978,8978,2022-06-13,1146.43,Carte,refusé
8979,8979,2025-12-30,1477.47,PayPal,accepté
8980,8980,2020-07-23,332.57,PayPal,refusé
8981,8981,2021-06-15,479.94,Carte,refusé
8982,8982,2023-05-22,44.44,PayPal,accepté
8983,8983,2019-04-02,1715.65,Virement,refusé
8984,8984,2023-10-11,1905.21,Carte,accepté
8985,8985,2023-02-28,1723.74,PayPal,accepté
8986,8986,2022-06-18,218.9,Virement,refusé
8987,8987,2019-05-13,449.31,PayPal,refusé
8988,8988,2020-10-07,241.79,Virement,accepté
8989,8989,2022-07-10,1910.54,PayPal,accepté
8990,8990,2021-01-27,873.27,PayPal,accepté
8991,8991,2022-04-25,540.74,PayPal,accepté
8992,8992,2019-01-12,345.9,Carte,accepté
8993,8993,2024-01-15,156.14,Virement,accepté
8994,8994,2021-03-28,382.26,Carte,accepté
8995,8995,2020-11-09,848.82,Carte,refusé
8996,8996,2025-08-17,1176.0,Carte,refusé
8997,8997,2024-11-22,723.63,Virement,accepté
8998,8998,2025-12-04,1652.45,Carte,accepté
8999,8999,2025-11-14,376.34,PayPal,accepté
9000,9000,2019-11-16,1017.09,Virement,accepté
9001,9001,2024-03-01,451.75,Virement,refusé
9002,9002,2022-05-29,1902.58,PayPal,refusé
9003,9003,2020-11-12,1980.51,PayPal,accepté
9004,9004,2021-07-09,1728.67,Carte,refusé
9005,9005,2020-03-09,1239.76,Carte,accepté
9006,9006,2020-01-07,1269.45,Virement,refusé
9007,9007,2023-12-25,818.09,Carte,refusé
9008,9008,2019-09-13,732.74,PayPal,refusé
9009,9009,2019-04-01,435.83,Virement,refusé
9010,9010,2020-11-25,1762.02,PayPal,accepté
9011,9011,2022-05-26,1657.84,PayPal,accepté
9012,9012,2020-03-07,1853.62,Virement,refusé
9013,9013,2020-06-20,1307.44,Virement,refusé
9014,9014,2021-08-22,122.19,Virement,accepté
9015,9015,2025-01-18,530.86,Carte,accepté
9016,9016,2020-11-29,30.17,PayPal,refusé
9017,9017,2023-03-17,462.21,Virement,accepté
9018,9018,2023-06-14,1329.09,Carte,accepté
9019,9019,2019-07-29,1958.34,Carte,accepté
9020,9020,2020-03-31,1350.08,Virement,refusé
9021,9021,2022-07-05,1573.8,PayPal,accepté
9022,9022,2025-11-17,980.29,Virement,accepté
9023,9023,2023-02-16,1117.1,Carte,refusé
9024,9024,2025-03-24,1733.02,Carte,refusé
9025,9025,2024-03-16,423.43,PayPal,accepté
9026,9026,2022-12-31,1067.47,Carte,refusé
9027,9027,2019-02-04,1193.32,Carte,accepté
9028,9028,2020-07-28,1274.54,Virement,refusé
9029,9029,2021-05-07,1444.7,Virement,refusé
9030,9030,2022-06-10,1159.62,Virement,refusé
9031,9031,2025-11-16,1659.68,Carte,accepté
9032,9032,2020-02-26,1990.17,Carte,refusé
9033,9033,2024-02-23,708.47,Carte,accepté
9034,9034,2022-08-02,639.87,Carte,accepté
9035,9035,2019-08-16,1296.61,Virement,refusé
9036,9036,2023-11-28,1155.62,PayPal,accepté
9037,9037,2023-01-21,1675.37,Virement,accepté
9038,9038,2022-04-30,1163.65,PayPal,accepté
9039,9039,2019-06-02,323.41,Virement,refusé
9040,9040,2024-08-26,36.96,PayPal,accepté
9041,9041,2023-07-04,1693.25,PayPal,refusé
9042,9042,2023-11-10,355.4,Carte,refusé
9043,9043,2024-11-07,650.31,PayPal,accepté
9044,9044,2024-04-08,1138.97,Virement,refusé
9045,9045,2025-02-17,46.62,Carte,refusé
9046,9046,2022-10-23,1449.5,PayPal,accepté
9047,9047,2021-10-13,29.64,PayPal,refusé
9048,9048,2019-03-10,1154.71,PayPal,refusé
9049,9049,2025-11-23,250.43,Carte,accepté
9050,9050,2023-04-11,1903.68,PayPal,accepté
9051,9051,2020-04-30,1625.24,Virement,refusé
9052,9052,2024-07-31,235.5,PayPal,refusé
9053,9053,2022-07-27,1837.61,Carte,refusé
9054,9054,2021-09-26,524.13,Virement,refusé
9055,9055,2024-10-21,1267.34,Carte,accepté
9056,9056,2024-07-12,983.04,Virement,accepté
9057,9057,2021-03-13,1219.49,Virement,refusé
9058,9058,2024-04-20,26.07,Virement,refusé
9059,9059,2020-09-10,636.6,PayPal,accepté
9060,9060,2022-07-07,1149.59,PayPal,accepté
9061,9061,2024-04-15,1545.71,PayPal,accepté
9062,9062,2025-06-05,1850.7,Virement,accepté
9063,9063,2025-05-29,1273.23,Carte,accepté
9064,9064,2019-01-07,441.56,Carte,refusé
9065,9065,2023-11-26,55.45,Carte,refusé
9066,9066,2024-05-26,1540.66,Carte,accepté
9067,9067,2025-11-28,75.87,PayPal,accepté
9068,9068,2025-11-28,1012.43,PayPal,accepté
9069,9069,2024-07-02,205.58,Carte,refusé
9070,9070,2022-09-11,208.51,Carte,refusé
9071,9071,2020-03-31,187.19,Virement,refusé
9072,9072,2024-07-30,1741.03,PayPal,accepté
9073,9073,2023-01-27,1439.47,PayPal,accepté
9074,9074,2024-04-25,268.0,Carte,refusé
9075,9075,2021-09-18,1660.19,Virement,refusé
9076,9076,2019-05-11,1826.32,Virement,refusé
9077,9077,2022-04-19,1168.68,Virement,accepté
9078,9078,2021-09-19,550.72,Carte,accepté
9079,9079,2022-11-14,1190.64,Virement,accepté
9080,9080,2022-07-28,303.47,PayPal,accepté
9081,9081,2024-06-04,1797.42,PayPal,refusé
9082,9082,2022-05-26,1232.71,Carte,refusé
9083,9083,2019-09-01,1640.04,Carte,refusé
9084,9084,2022-12-16,975.35,Carte,refusé
9085,9085,2024-04-29,1739.53,Carte,refusé
9086,9086,2021-08-30,1989.91,Virement,refusé
9087,9087,2019-03-13,1111.99,Carte,accepté
9088,9088,2021-09-23,144.0,Virement,accepté
9089,9089,2021-04-20,1750.8,PayPal,accepté
9090,9090,2025-02-14,976.8,Carte,refusé
9091,9091,2024-02-09,556.8,Carte,refusé
9092,9092,2019-07-09,1116.54,PayPal,refusé
9093,9093,2019-10-12,1307.26,PayPal,accepté
9094,9094,2019-12-15,760.32,Carte,refusé
9095,9095,2019-08-26,995.61,Virement,refusé
9096,9096,2020-11-18,592.2,PayPal,accepté
9097,9097,2025-02-05,921.67,Carte,accepté
9098,9098,2020-12-03,903.23,Carte,refusé
9099,9099,2021-12-18,1326.45,Virement,refusé
9100,9100,2025-01-17,1503.49,Virement,accepté
9101,9101,2020-11-26,480.27,PayPal,refusé
9102,9102,2019-05-15,1134.69,Virement,refusé
9103,9103,2023-09-06,88.41,Virement,accepté
9104,9104,2025-05-30,1097.67,Carte,refusé
9105,9105,2020-09-16,188.81,Virement,refusé
9106,9106,2019-01-31,1140.59,PayPal,refusé
9107,9107,2019-01-09,878.93,Carte,accepté
9108,9108,2024-07-13,723.0,Carte,accepté
9109,9109,2019-09-05,819.66,Virement,accepté
9110,9110,2023-04-16,1994.41,PayPal,refusé
9111,9111,2023-06-15,1284.3,PayPal,refusé
9112,9112,2020-07-21,1862.3,PayPal,refusé
9113,9113,2023-08-12,218.78,Carte,accepté
9114,9114,2023-08-26,818.13,Carte,accepté
9115,9115,2021-12-08,375.64,Carte,refusé
9116,9116,2024-09-10,190.95,Virement,refusé
9117,9117,2020-06-14,749.86,Virement,accepté
9118,9118,2023-01-05,1758.18,Virement,refusé
9119,9119,2024-12-12,209.85,Carte,accepté
9120,9120,2024-09-11,390.84,Virement,accepté
9121,9121,2024-11-01,353.3,Carte,refusé
9122,9122,2025-08-18,1540.36,PayPal,refusé
9123,9123,2020-06-18,579.99,Virement,accepté
9124,9124,2023-11-30,321.67,Carte,accepté
9125,9125,2025-04-25,997.26,Virement,accepté
9126,9126,2023-12-01,130.12,PayPal,accepté
9127,9127,2021-11-15,1478.67,Carte,refusé
9128,9128,2022-06-13,125.19,PayPal,accepté
9129,9129,2020-04-17,434.91,PayPal,accepté
9130,9130,2019-01-14,506.56,Virement,accepté
9131,9131,2023-06-12,1765.19,PayPal,accepté
9132,9132,2022-06-15,1196.12,Carte,refusé
9133,9133,2019-05-16,1983.36,Virement,refusé
9134,9134,2024-03-28,1385.46,Carte,accepté
9135,9135,2020-10-29,1028.59,Carte,accepté
9136,9136,2023-11-22,985.24,PayPal,refusé
9137,9137,2021-03-25,1585.99,Virement,accepté
9138,9138,2025-03-18,98.05,Carte,accepté
9139,9139,2022-12-13,899.35,PayPal,refusé
9140,9140,2020-10-11,1583.74,Virement,accepté
9141,9141,2019-05-21,460.54,PayPal,refusé
9142,9142,2019-07-22,567.05,Carte,refusé
9143,9143,2020-01-06,283.29,Virement,accepté
9144,9144,2024-01-17,1487.69,Virement,refusé
9145,9145,2022-10-20,804.21,Virement,accepté
9146,9146,2020-09-24,1304.76,PayPal,refusé
9147,9147,2024-09-10,1641.98,PayPal,refusé
9148,9148,2022-10-26,383.41,Carte,refusé
9149,9149,2023-08-02,163.39,Carte,refusé
9150,9150,2023-07-18,873.32,PayPal,refusé
9151,9151,2023-08-10,1274.34,Virement,accepté
9152,9152,2020-12-31,124.09,Carte,accepté
9153,9153,2020-03-03,1757.54,PayPal,refusé
9154,9154,2019-03-24,739.88,Carte,accepté
9155,9155,2024-10-26,1579.85,Virement,accepté
9156,9156,2020-12-26,790.42,Virement,refusé
9157,9157,2023-03-16,263.45,Virement,refusé
9158,9158,2024-03-26,231.5,Carte,accepté
9159,9159,2020-09-01,1406.1,Virement,refusé
9160,9160,2025-03-27,1283.93,Virement,accepté
9161,9161,2022-05-22,269.91,Carte,accepté
9162,9162,2020-05-22,1316.2,Virement,accepté
9163,9163,2025-01-06,1134.52,Carte,refusé
9164,9164,2025-05-24,1214.46,PayPal,refusé
9165,9165,2019-05-11,1231.71,Virement,accepté
9166,9166,2020-04-10,1650.65,Carte,accepté
9167,9167,2020-04-29,1511.82,PayPal,accepté
9168,9168,2023-01-11,1879.22,Carte,refusé
9169,9169,2024-01-23,805.98,Virement,refusé
9170,9170,2022-07-09,960.42,PayPal,accepté
9171,9171,2025-08-17,1195.25,Virement,accepté
9172,9172,2020-11-09,978.55,Carte,refusé
9173,9173,2019-03-22,86.55,Virement,refusé
9174,9174,2020-05-01,438.35,Virement,refusé
9175,9175,2020-06-03,1330.82,Virement,refusé
9176,9176,2020-07-23,339.93,PayPal,accepté
9177,9177,2024-12-19,285.79,PayPal,accepté
9178,9178,2019-02-05,185.23,Virement,accepté
9179,9179,2023-11-15,472.86,Virement,refusé
9180,9180,2022-02-05,790.46,PayPal,accepté
9181,9181,2025-04-22,348.97,Carte,accepté
9182,9182,2025-06-29,774.95,Carte,accepté
9183,9183,2019-10-14,268.03,PayPal,accepté
9184,9184,2025-12-21,1736.08,Carte,accepté
9185,9185,2022-05-06,1474.28,Carte,accepté
9186,9186,2024-11-14,54.25,PayPal,accepté
9187,9187,2021-04-29,1787.5,PayPal,refusé
9188,9188,2020-05-22,470.17,Virement,refusé
9189,9189,2025-08-15,1549.0,PayPal,refusé
9190,9190,2022-09-11,1794.86,Carte,accepté
9191,9191,2025-07-12,506.49,PayPal,refusé
9192,9192,2021-01-16,289.27,Virement,refusé
9193,9193,2019-11-26,241.96,Virement,refusé
9194,9194,2023-10-05,711.11,Virement,refusé
9195,9195,2019-12-12,1619.19,PayPal,refusé
9196,9196,2022-05-01,1925.28,PayPal,accepté
9197,9197,2025-09-09,970.61,Virement,accepté
9198,9198,2025-08-07,683.4,PayPal,accepté
9199,9199,2020-07-03,439.65,Virement,refusé
9200,9200,2022-08-21,1881.24,Virement,refusé
9201,9201,2023-08-28,1979.0,PayPal,accepté
9202,9202,2025-06-25,756.4,PayPal,refusé
9203,9203,2025-05-16,1756.31,PayPal,accepté
9204,9204,2025-05-03,34.37,Virement,refusé
9205,9205,2024-02-23,307.87,Virement,refusé
9206,9206,2023-06-19,1481.01,Carte,refusé
9207,9207,2025-01-22,1192.79,PayPal,accepté
9208,9208,2025-12-31,754.58,Virement,accepté
9209,9209,2021-03-14,1394.76,PayPal,refusé
9210,9210,2021-03-20,402.54,PayPal,refusé
9211,9211,2021-12-17,1811.74,Virement,refusé
9212,9212,2024-10-15,988.21,PayPal,refusé
9213,9213,2019-11-09,1519.58,Carte,refusé
9214,9214,2019-07-02,1395.26,Carte,accepté
9215,9215,2020-04-21,1516.89,PayPal,refusé
9216,9216,2023-05-15,1873.05,PayPal,refusé
9217,9217,2023-06-28,371.75,Virement,refusé
9218,9218,2023-10-02,696.9,Virement,accepté
9219,9219,2024-10-06,247.58,PayPal,refusé
9220,9220,2022-01-15,1056.13,PayPal,accepté
9221,9221,2023-08-29,1091.21,Carte,refusé
9222,9222,2020-02-20,1588.48,Carte,accepté
9223,9223,2021-12-12,1195.69,Virement,accepté
9224,9224,2025-09-20,457.66,PayPal,refusé
9225,9225,2023-04-13,1614.61,PayPal,refusé
9226,9226,2021-03-01,617.62,Carte,refusé
9227,9227,2023-02-06,776.48,Virement,refusé
9228,9228,2020-12-09,322.06,Carte,accepté
9229,9229,2022-11-01,1677.15,Virement,accepté
9230,9230,2023-03-08,665.43,PayPal,refusé
9231,9231,2019-08-16,1409.78,PayPal,accepté
9232,9232,2022-03-27,1918.11,Carte,refusé
9233,9233,2025-09-25,1228.06,PayPal,refusé
9234,9234,2022-05-13,109.12,Carte,accepté
9235,9235,2025-08-21,1813.61,Virement,accepté
9236,9236,2024-01-13,51.9,PayPal,refusé
9237,9237,2025-07-19,917.8,PayPal,accepté
9238,9238,2021-01-27,956.55,Virement,accepté
9239,9239,2021-11-13,1745.83,Virement,accepté
9240,9240,2020-12-21,1977.0,Carte,refusé
9241,9241,2020-04-21,1916.13,Virement,accepté
9242,9242,2019-07-01,240.22,Virement,refusé
9243,9243,2022-05-20,20.59,PayPal,accepté
9244,9244,2020-06-05,1288.03,Virement,accepté
9245,9245,2019-11-29,1421.91,Carte,accepté
9246,9246,2022-12-30,1865.7,Carte,accepté
9247,9247,2024-10-04,1029.69,Carte,accepté
9248,9248,2022-01-20,474.33,Virement,accepté
9249,9249,2021-08-13,1938.42,Virement,refusé
9250,9250,2024-08-23,1416.11,Carte,refusé
9251,9251,2024-05-23,1144.94,PayPal,refusé
9252,9252,2020-05-24,284.73,Carte,accepté
9253,9253,2019-10-27,1241.52,PayPal,refusé
9254,9254,2023-11-14,1321.43,Virement,refusé
9255,9255,2024-05-29,1431.5,Carte,refusé
9256,9256,2024-05-19,426.4,PayPal,accepté
9257,9257,2025-02-06,90.7,Carte,accepté
9258,9258,2023-08-17,543.02,Virement,accepté
9259,9259,2025-06-13,1093.36,PayPal,refusé
9260,9260,2025-11-05,1378.81,PayPal,refusé
9261,9261,2022-08-04,960.45,Virement,refusé
9262,9262,2024-02-12,1915.99,PayPal,accepté
9263,9263,2025-02-04,1976.84,PayPal,refusé
9264,9264,2020-04-18,937.32,Virement,accepté
9265,9265,2024-04-05,921.41,Virement,accepté
9266,9266,2022-08-02,467.96,Carte,refusé
9267,9267,2023-10-29,975.32,PayPal,refusé
9268,9268,2021-10-25,436.81,Carte,refusé
9269,9269,2020-07-20,1024.16,Virement,refusé
9270,9270,2025-04-15,1613.17,Carte,accepté
9271,9271,2022-03-01,482.03,Virement,refusé
9272,9272,2019-03-21,780.79,Carte,refusé
9273,9273,2025-09-11,1810.75,Virement,refusé
9274,9274,2023-11-03,55.36,Carte,accepté
9275,9275,2025-04-20,1576.33,PayPal,accepté
9276,9276,2022-01-01,391.45,Carte,accepté
9277,9277,2022-05-15,868.02,Carte,refusé
9278,9278,2020-08-31,1679.45,Carte,refusé
9279,9279,2021-06-12,906.4,Carte,accepté
9280,9280,2019-07-01,1608.44,PayPal,accepté
9281,9281,2021-03-17,46.99,PayPal,refusé
9282,9282,2024-02-15,1007.38,PayPal,refusé
9283,9283,2019-09-03,616.54,PayPal,accepté
9284,9284,2025-09-13,876.74,Carte,refusé
9285,9285,2025-07-16,1184.58,Virement,accepté
9286,9286,2019-07-29,1941.48,Carte,accepté
9287,9287,2024-08-18,1439.83,Carte,refusé
9288,9288,2024-04-22,889.12,Virement,accepté
9289,9289,2021-12-19,1448.79,PayPal,accepté
9290,9290,2025-08-10,579.46,Carte,accepté
9291,9291,2022-02-23,197.22,PayPal,accepté
9292,9292,2019-10-31,523.17,PayPal,refusé
9293,9293,2019-04-17,1516.42,Carte,accepté
9294,9294,2022-06-02,1861.46,Carte,refusé
9295,9295,2020-09-06,412.29,PayPal,accepté
9296,9296,2021-06-06,895.63,Carte,accepté
9297,9297,2025-06-24,1079.37,Virement,refusé
9298,9298,2025-03-12,1131.7,Carte,accepté
9299,9299,2022-04-10,975.92,PayPal,accepté
9300,9300,2023-05-27,1210.72,PayPal,accepté
9301,9301,2019-02-23,1211.37,Carte,refusé
9302,9302,2022-12-15,566.61,PayPal,accepté
9303,9303,2019-07-28,180.58,Virement,accepté
9304,9304,2021-08-23,769.88,Virement,accepté
9305,9305,2024-07-02,1509.09,Carte,accepté
9306,9306,2019-08-25,974.21,Virement,accepté
9307,9307,2022-07-19,1432.09,Carte,accepté
9308,9308,2022-01-05,933.62,Carte,accepté
9309,9309,2024-04-07,1951.25,PayPal,refusé
9310,9310,2024-04-11,800.05,Virement,accepté
9311,9311,2025-12-24,432.5,Virement,refusé
9312,9312,2023-03-24,924.58,Carte,accepté
9313,9313,2019-02-18,357.84,Virement,refusé
9314,9314,2022-04-16,1090.62,PayPal,refusé
9315,9315,2020-12-25,1018.34,Virement,accepté
9316,9316,2021-09-28,488.97,Virement,refusé
9317,9317,2025-06-10,566.94,Carte,accepté
9318,9318,2025-07-10,713.01,PayPal,accepté
9319,9319,2022-05-02,190.94,PayPal,accepté
9320,9320,2020-05-22,411.03,Carte,accepté
9321,9321,2023-06-27,363.29,Virement,accepté
9322,9322,2023-07-20,1428.39,PayPal,refusé
9323,9323,2025-05-31,275.98,Virement,refusé
9324,9324,2022-12-31,275.45,PayPal,accepté
9325,9325,2021-05-21,285.51,PayPal,accepté
9326,9326,2022-04-04,1009.19,Virement,accepté
9327,9327,2021-05-19,1690.31,Virement,refusé
9328,9328,2019-03-28,1526.06,Carte,refusé
9329,9329,2019-07-18,224.97,PayPal,accepté
9330,9330,2024-12-24,922.75,PayPal,accepté
9331,9331,2021-10-17,472.33,PayPal,refusé
9332,9332,2024-02-07,897.53,Carte,refusé
9333,9333,2020-11-16,1348.43,Virement,accepté
9334,9334,2023-02-03,1267.17,Virement,accepté
9335,9335,2021-08-08,131.51,PayPal,refusé
9336,9336,2020-03-14,133.79,Virement,accepté
9337,9337,2023-06-23,78.01,PayPal,accepté
9338,9338,2023-11-05,302.84,Virement,refusé
9339,9339,2020-08-01,1502.34,Carte,accepté
9340,9340,2023-03-04,1300.06,Carte,refusé
9341,9341,2020-06-20,250.24,Carte,accepté
9342,9342,2020-07-07,1067.57,Virement,refusé
9343,9343,2020-08-22,464.35,Carte,accepté
9344,9344,2021-02-06,597.44,Virement,accepté
9345,9345,2019-03-09,1596.4,Carte,refusé
9346,9346,2024-10-28,144.75,PayPal,accepté
9347,9347,2025-03-13,1345.21,Carte,accepté
9348,9348,2019-02-11,1908.05,PayPal,refusé
9349,9349,2025-03-29,575.27,Virement,accepté
9350,9350,2023-07-03,514.33,Virement,refusé
9351,9351,2022-07-11,1116.84,Virement,accepté
9352,9352,2019-03-02,164.32,Carte,accepté
9353,9353,2022-01-23,711.17,PayPal,accepté
9354,9354,2020-08-22,1116.12,Carte,accepté
9355,9355,2021-06-10,962.21,PayPal,refusé
9356,9356,2022-09-03,1269.45,PayPal,accepté
9357,9357,2020-09-08,346.73,Carte,accepté
9358,9358,2020-11-01,1699.19,Virement,refusé
9359,9359,2021-09-27,376.1,PayPal,accepté
9360,9360,2025-11-11,327.46,PayPal,refusé
9361,9361,2021-01-03,1348.07,PayPal,accepté
9362,9362,2023-04-18,1193.96,Virement,refusé
9363,9363,2022-10-09,672.88,Carte,refusé
9364,9364,2025-09-05,757.73,Virement,accepté
9365,9365,2023-07-03,672.76,Virement,accepté
9366,9366,2024-02-05,170.23,PayPal,accepté
9367,9367,2023-10-07,1087.06,Virement,accepté
9368,9368,2023-11-09,639.87,Carte,accepté
9369,9369,2025-06-10,830.24,Virement,refusé
9370,9370,2019-10-14,945.28,PayPal,accepté
9371,9371,2022-05-23,1716.71,Carte,refusé
9372,9372,2020-12-30,1837.7,PayPal,refusé
9373,9373,2021-08-27,1538.92,Virement,accepté
9374,9374,2024-07-01,1313.23,Virement,refusé
9375,9375,2023-05-20,1277.31,Virement,accepté
9376,9376,2025-09-22,1124.2,PayPal,accepté
9377,9377,2019-06-18,1794.38,PayPal,accepté
9378,9378,2020-12-21,1067.05,Carte,accepté
9379,9379,2020-02-25,1191.12,Carte,refusé
9380,9380,2019-09-17,1684.68,PayPal,refusé
9381,9381,2019-01-21,632.89,Virement,refusé
9382,9382,2022-06-18,1314.76,Virement,refusé
9383,9383,2024-09-30,468.88,Virement,refusé
9384,9384,2024-08-28,474.74,Carte,refusé
9385,9385,2021-12-27,1135.64,PayPal,accepté
9386,9386,2023-05-11,1729.0,Carte,refusé
9387,9387,2021-07-14,1598.97,PayPal,accepté
9388,9388,2022-02-28,1535.51,Virement,refusé
9389,9389,2021-12-30,368.71,PayPal,accepté
9390,9390,2021-07-18,590.39,Carte,refusé
9391,9391,2025-11-20,909.95,Virement,refusé
9392,9392,2023-08-04,1739.13,PayPal,refusé
9393,9393,2022-03-07,1511.8,Carte,refusé
9394,9394,2023-03-20,105.99,Virement,refusé
9395,9395,2022-12-19,688.19,Carte,refusé
9396,9396,2020-05-06,288.65,PayPal,accepté
9397,9397,2023-05-24,1663.45,PayPal,accepté
9398,9398,2022-03-31,811.86,PayPal,accepté
9399,9399,2019-11-03,1956.63,PayPal,accepté
9400,9400,2025-10-22,551.63,Virement,accepté
9401,9401,2019-09-03,318.99,Carte,refusé
9402,9402,2020-09-01,265.92,PayPal,accepté
9403,9403,2020-07-12,273.74,PayPal,accepté
9404,9404,2022-03-08,174.85,Virement,refusé
9405,9405,2024-04-23,1397.94,Carte,refusé
9406,9406,2021-06-01,950.26,Carte,accepté
9407,9407,2023-04-05,150.83,Carte,refusé
9408,9408,2023-01-30,1019.82,Virement,accepté
9409,9409,2019-06-14,1187.35,PayPal,accepté
9410,9410,2023-08-02,869.47,Carte,accepté
9411,9411,2022-11-26,1858.56,PayPal,refusé
9412,9412,2020-05-18,500.77,PayPal,refusé
9413,9413,2022-09-20,1330.42,Virement,accepté
9414,9414,2019-11-26,1555.22,Carte,refusé
9415,9415,2022-05-29,1855.7,Carte,accepté
9416,9416,2020-11-29,741.16,Virement,accepté
9417,9417,2019-01-11,580.22,PayPal,accepté
9418,9418,2020-04-15,100.82,Virement,accepté
9419,9419,2023-02-12,1050.97,Carte,accepté
9420,9420,2022-03-26,185.85,PayPal,accepté
9421,9421,2020-11-08,1035.85,Carte,accepté
9422,9422,2022-01-23,1135.91,PayPal,refusé
9423,9423,2020-10-15,280.38,Virement,refusé
9424,9424,2025-09-02,414.87,Carte,accepté
9425,9425,2025-05-22,159.3,PayPal,accepté
9426,9426,2021-04-18,1804.21,Virement,accepté
9427,9427,2019-02-26,1517.6,Virement,accepté
9428,9428,2020-12-10,1839.6,PayPal,refusé
9429,9429,2025-06-17,82.52,Carte,refusé
9430,9430,2022-01-04,562.18,PayPal,accepté
9431,9431,2023-12-07,1568.94,Carte,refusé
9432,9432,2023-05-05,778.79,Carte,refusé
9433,9433,2020-08-03,743.82,Carte,accepté
9434,9434,2023-02-11,408.44,Carte,refusé
9435,9435,2019-09-15,835.37,Virement,accepté
9436,9436,2023-07-25,926.46,Carte,accepté
9437,9437,2020-09-04,1128.12,PayPal,refusé
9438,9438,2022-09-09,842.26,Virement,accepté
9439,9439,2021-04-11,691.91,Virement,accepté
9440,9440,2020-06-02,1484.02,Carte,refusé
9441,9441,2020-10-14,348.35,Carte,refusé
9442,9442,2024-06-15,474.53,Virement,accepté
9443,9443,2024-01-10,1709.68,Carte,accepté
9444,9444,2020-06-18,935.8,Virement,refusé
9445,9445,2019-06-18,1487.2,Virement,accepté
9446,9446,2019-06-15,1803.22,PayPal,refusé
9447,9447,2022-10-25,580.89,Virement,refusé
9448,9448,2019-01-15,343.58,Virement,refusé
9449,9449,2020-06-22,740.76,Carte,refusé
9450,9450,2024-10-20,574.9,Carte,accepté
9451,9451,2024-09-06,758.02,Carte,accepté
9452,9452,2019-12-23,425.03,Virement,refusé
9453,9453,2020-02-02,1629.68,PayPal,refusé
9454,9454,2024-11-12,281.85,Virement,refusé
9455,9455,2021-03-12,447.83,PayPal,accepté
9456,9456,2022-02-24,1525.97,Carte,accepté
9457,9457,2022-12-28,1188.8,PayPal,accepté
9458,9458,2021-06-02,753.25,Carte,accepté
9459,9459,2022-09-05,960.42,Carte,accepté
9460,9460,2024-05-25,687.84,PayPal,refusé
9461,9461,2019-10-13,492.84,Carte,accepté
9462,9462,2020-11-13,1249.91,Carte,accepté
9463,9463,2022-06-11,738.65,Virement,accepté
9464,9464,2023-02-28,1205.14,Virement,refusé
9465,9465,2022-08-23,885.61,Virement,accepté
9466,9466,2022-06-30,119.51,PayPal,accepté
9467,9467,2025-01-18,1577.73,Carte,accepté
9468,9468,2025-06-23,1029.14,PayPal,accepté
9469,9469,2019-01-28,1488.72,PayPal,refusé
9470,9470,2021-07-28,741.66,Virement,refusé
9471,9471,2019-11-26,796.91,Virement,accepté
9472,9472,2019-03-10,1631.58,PayPal,refusé
9473,9473,2019-07-16,1842.26,Virement,refusé
9474,9474,2024-11-16,1173.25,Virement,refusé
9475,9475,2023-08-09,789.39,Carte,accepté
9476,9476,2020-01-30,514.06,Carte,refusé
9477,9477,2025-05-30,598.59,Virement,accepté
9478,9478,2023-08-08,1533.8,PayPal,refusé
9479,9479,2023-11-22,1860.74,PayPal,refusé
9480,9480,2022-09-15,444.22,PayPal,accepté
9481,9481,2019-05-17,1413.65,Virement,accepté
9482,9482,2025-12-04,238.75,PayPal,accepté
9483,9483,2025-12-24,1035.88,Virement,accepté
9484,9484,2022-10-17,1586.66,Carte,refusé
9485,9485,2022-07-15,1338.04,PayPal,accepté
9486,9486,2024-02-18,939.64,PayPal,refusé
9487,9487,2020-09-03,1156.28,Carte,refusé
9488,9488,2025-02-09,1561.21,Virement,accepté
9489,9489,2024-01-24,624.38,Carte,refusé
9490,9490,2022-12-18,1039.67,Virement,accepté
9491,9491,2024-08-08,812.84,Carte,accepté
9492,9492,2021-02-08,1013.12,Virement,refusé
9493,9493,2023-08-11,401.47,Carte,accepté
9494,9494,2020-11-17,1225.94,PayPal,accepté
9495,9495,2024-10-18,1244.25,Virement,refusé
9496,9496,2019-09-23,22.36,Carte,refusé
9497,9497,2022-10-29,860.44,PayPal,refusé
9498,9498,2025-01-16,489.3,PayPal,refusé
9499,9499,2022-12-12,413.31,Virement,accepté
9500,9500,2019-06-21,551.78,PayPal,accepté
9501,9501,2024-02-15,1185.02,PayPal,refusé
9502,9502,2021-09-08,76.64,Virement,accepté
9503,9503,2020-11-20,146.75,PayPal,accepté
9504,9504,2020-05-30,1317.79,Virement,refusé
9505,9505,2024-06-10,1539.3,Virement,refusé
9506,9506,2021-05-01,524.35,Carte,refusé
9507,9507,2019-09-16,1341.31,Carte,refusé
9508,9508,2021-12-16,953.26,PayPal,accepté
9509,9509,2023-01-17,75.07,Virement,accepté
9510,9510,2025-10-09,899.35,Virement,accepté
9511,9511,2019-11-18,1415.77,PayPal,refusé
9512,9512,2023-09-28,994.84,PayPal,accepté
9513,9513,2021-04-13,1480.57,Virement,accepté
9514,9514,2019-06-04,1744.59,Carte,refusé
9515,9515,2023-03-09,890.88,Carte,refusé
9516,9516,2019-01-02,748.26,PayPal,refusé
9517,9517,2022-01-03,1746.95,Virement,accepté
9518,9518,2023-10-23,1545.27,Virement,refusé
9519,9519,2023-06-20,616.1,Virement,accepté
9520,9520,2019-12-23,1578.75,Virement,accepté
9521,9521,2020-11-22,763.28,Virement,accepté
9522,9522,2022-10-07,806.89,PayPal,accepté
9523,9523,2020-02-05,831.01,PayPal,refusé
9524,9524,2019-11-15,1149.38,Carte,refusé
9525,9525,2024-08-17,947.34,Carte,accepté
9526,9526,2022-11-04,362.18,PayPal,refusé
9527,9527,2025-08-10,1701.12,PayPal,accepté
9528,9528,2019-12-28,1493.31,PayPal,refusé
9529,9529,2022-07-01,1912.99,Carte,refusé
9530,9530,2022-10-18,1092.3,Carte,accepté
9531,9531,2019-11-05,36.65,Carte,refusé
9532,9532,2022-09-15,693.06,Virement,accepté
9533,9533,2024-12-04,1892.32,PayPal,refusé
9534,9534,2023-03-06,893.66,Virement,accepté
9535,9535,2019-02-23,548.48,PayPal,refusé
9536,9536,2022-08-02,307.4,Virement,accepté
9537,9537,2022-05-09,975.55,Carte,refusé
9538,9538,2025-05-21,469.0,Virement,accepté
9539,9539,2023-09-28,566.14,Carte,refusé
9540,9540,2022-03-03,361.3,PayPal,accepté
9541,9541,2025-10-09,995.35,PayPal,refusé
9542,9542,2020-11-20,1061.62,PayPal,refusé
9543,9543,2019-08-11,389.43,PayPal,accepté
9544,9544,2022-09-08,1897.17,Carte,refusé
9545,9545,2019-11-07,874.58,Carte,accepté
9546,9546,2019-10-01,1812.05,Virement,refusé
9547,9547,2022-12-17,792.82,Virement,accepté
9548,9548,2021-04-28,656.65,Virement,accepté
9549,9549,2020-04-01,1515.03,Carte,accepté
9550,9550,2019-10-29,1729.49,Carte,accepté
9551,9551,2025-08-16,1972.33,PayPal,accepté
9552,9552,2020-08-13,1056.42,PayPal,refusé
9553,9553,2021-03-24,237.21,Carte,accepté
9554,9554,2021-12-20,774.46,Virement,refusé
9555,9555,2024-04-05,1004.41,Virement,accepté
9556,9556,2021-04-09,775.06,PayPal,accepté
9557,9557,2019-12-21,1081.03,Virement,refusé
9558,9558,2025-05-10,222.09,Virement,accepté
9559,9559,2019-06-06,967.14,Virement,accepté
9560,9560,2022-02-14,255.5,Virement,accepté
9561,9561,2022-05-30,897.68,PayPal,refusé
9562,9562,2020-08-05,860.18,Carte,accepté
9563,9563,2023-10-08,816.12,Virement,refusé
9564,9564,2023-11-04,519.43,Carte,accepté
9565,9565,2025-01-29,185.11,Carte,accepté
9566,9566,2022-02-03,1982.15,Virement,refusé
9567,9567,2025-03-13,421.55,PayPal,accepté
9568,9568,2022-08-10,1044.92,Virement,accepté
9569,9569,2021-10-08,1029.68,Virement,refusé
9570,9570,2023-04-13,1115.34,PayPal,refusé
9571,9571,2024-11-11,153.94,Virement,accepté
9572,9572,2025-02-24,1094.17,PayPal,refusé
9573,9573,2025-03-03,943.52,Carte,refusé
9574,9574,2020-08-27,771.18,Carte,refusé
9575,9575,2019-10-21,1371.58,PayPal,refusé
9576,9576,2024-11-01,841.75,PayPal,refusé
9577,9577,2022-08-15,1402.98,Virement,accepté
9578,9578,2019-08-01,208.84,PayPal,accepté
9579,9579,2021-10-28,1336.49,Carte,refusé
9580,9580,2022-07-13,1013.36,Virement,refusé
9581,9581,2021-12-07,225.81,Carte,accepté
9582,9582,2019-09-28,681.68,Carte,accepté
9583,9583,2021-11-13,800.9,Carte,refusé
9584,9584,2019-01-30,1841.89,Carte,refusé
9585,9585,2022-10-24,1953.77,Carte,refusé
9586,9586,2025-10-03,144.5,Virement,accepté
9587,9587,2025-04-09,848.97,PayPal,accepté
9588,9588,2025-07-29,904.72,PayPal,refusé
9589,9589,2020-01-17,1194.69,Carte,accepté
9590,9590,2020-11-07,748.19,Virement,accepté
9591,9591,2023-09-25,583.71,PayPal,refusé
9592,9592,2020-04-09,81.02,PayPal,accepté
9593,9593,2023-01-29,1285.86,Virement,accepté
9594,9594,2023-04-21,541.99,Virement,accepté
9595,9595,2025-12-04,1865.26,PayPal,refusé
9596,9596,2021-11-12,1599.45,PayPal,refusé
9597,9597,2025-08-16,1288.37,Carte,refusé
9598,9598,2021-12-05,1211.5,Virement,refusé
9599,9599,2024-08-02,1527.41,PayPal,accepté
9600,9600,2019-09-18,743.17,Virement,refusé
9601,9601,2022-10-05,1956.48,PayPal,refusé
9602,9602,2025-02-22,675.13,PayPal,refusé
9603,9603,2020-03-31,1399.58,Virement,accepté
9604,9604,2021-02-15,1720.08,Carte,accepté
9605,9605,2023-12-04,1389.13,Carte,accepté
9606,9606,2019-09-28,353.14,PayPal,refusé
9607,9607,2020-09-20,648.59,PayPal,refusé
9608,9608,2019-09-16,911.84,PayPal,refusé
9609,9609,2021-08-26,1307.35,Carte,accepté
9610,9610,2024-02-16,642.88,Virement,accepté
9611,9611,2019-02-16,1234.23,Virement,accepté
9612,9612,2025-11-19,1075.38,Virement,refusé
9613,9613,2019-06-02,872.03,Carte,refusé
9614,9614,2019-07-30,423.55,PayPal,refusé
9615,9615,2022-01-17,108.65,Virement,accepté
9616,9616,2025-07-25,625.56,Carte,accepté
9617,9617,2023-05-04,521.16,PayPal,accepté
9618,9618,2019-09-10,1101.16,Carte,refusé
9619,9619,2023-03-07,1736.71,Carte,refusé
9620,9620,2020-03-31,720.73,Carte,accepté
9621,9621,2024-01-17,1636.29,Virement,refusé
9622,9622,2023-08-05,1249.99,Carte,accepté
9623,9623,2024-10-08,1373.42,Carte,accepté
9624,9624,2024-01-07,576.04,Carte,accepté
9625,9625,2024-05-11,1413.67,Carte,accepté
9626,9626,2024-06-25,1398.04,PayPal,refusé
9627,9627,2023-11-04,847.98,Carte,accepté
9628,9628,2021-11-13,1891.87,Carte,refusé
9629,9629,2025-06-14,744.44,Carte,accepté
9630,9630,2020-01-31,1260.31,PayPal,refusé
9631,9631,2024-08-15,297.27,Carte,refusé
9632,9632,2021-09-05,869.72,Virement,accepté
9633,9633,2020-05-05,385.22,Carte,refusé
9634,9634,2024-10-06,725.0,Carte,refusé
9635,9635,2021-07-11,1369.96,Virement,accepté
9636,9636,2020-10-16,1640.78,Virement,refusé
9637,9637,2023-07-28,1329.34,Carte,refusé
9638,9638,2025-01-17,700.6,Virement,refusé
9639,9639,2022-10-26,1499.79,PayPal,accepté
9640,9640,2019-09-24,1883.95,Carte,accepté
9641,9641,2025-03-09,125.07,Carte,accepté
9642,9642,2024-08-14,1909.49,Virement,refusé
9643,9643,2022-04-27,1839.5,Virement,accepté
9644,9644,2023-09-28,1271.02,Virement,refusé
9645,9645,2023-10-13,376.85,Virement,accepté
9646,9646,2021-12-24,1903.01,Carte,refusé
9647,9647,2025-11-06,1040.04,PayPal,refusé
9648,9648,2022-05-27,1087.98,Carte,accepté
9649,9649,2022-06-04,1248.36,Carte,refusé
9650,9650,2026-01-01,738.23,Carte,refusé
9651,9651,2021-07-31,1332.58,Virement,accepté
9652,9652,2023-07-28,124.05,Carte,refusé
9653,9653,2024-06-12,808.68,PayPal,refusé
9654,9654,2023-05-31,36.57,PayPal,accepté
9655,9655,2025-10-18,646.44,Carte,refusé
9656,9656,2021-06-17,1121.69,PayPal,accepté
9657,9657,2019-08-10,1309.36,Virement,refusé
9658,9658,2020-04-05,1894.26,Virement,accepté
9659,9659,2022-10-16,628.03,PayPal,refusé
9660,9660,2021-05-24,511.48,Virement,accepté
9661,9661,2023-05-15,889.29,Virement,refusé
9662,9662,2025-12-17,684.45,Virement,accepté
9663,9663,2024-01-29,56.32,PayPal,accepté
9664,9664,2024-02-19,958.05,Carte,accepté
9665,9665,2024-10-27,822.5,PayPal,accepté
9666,9666,2019-08-04,141.31,Carte,accepté
9667,9667,2021-06-20,1690.9,Virement,refusé
9668,9668,2025-05-09,1219.07,Carte,accepté
9669,9669,2019-09-15,799.8,PayPal,refusé
9670,9670,2025-03-08,906.86,Virement,refusé
9671,9671,2021-03-17,437.27,Virement,accepté
9672,9672,2023-09-25,1740.1,Carte,accepté
9673,9673,2023-09-13,328.33,Virement,accepté
9674,9674,2020-05-03,1213.63,Carte,accepté
9675,9675,2023-08-30,1729.04,Virement,refusé
9676,9676,2025-01-18,59.53,PayPal,accepté
9677,9677,2025-08-05,789.26,PayPal,accepté
9678,9678,2022-08-01,150.56,Virement,refusé
9679,9679,2023-08-23,261.75,PayPal,accepté
9680,9680,2021-04-23,1027.38,Carte,refusé
9681,9681,2024-02-14,1964.25,Virement,refusé
9682,9682,2021-05-15,737.02,PayPal,refusé
9683,9683,2019-05-23,1211.52,PayPal,accepté
9684,9684,2023-05-08,407.1,PayPal,refusé
9685,9685,2020-08-15,451.27,Carte,accepté
9686,9686,2024-10-29,403.04,Carte,accepté
9687,9687,2020-07-27,1969.4,PayPal,refusé
9688,9688,2025-03-19,1951.8,PayPal,accepté
9689,9689,2022-09-05,872.82,PayPal,accepté
9690,9690,2023-10-20,286.95,PayPal,refusé
9691,9691,2019-09-02,1175.13,PayPal,accepté
9692,9692,2019-03-15,1631.1,Carte,refusé
9693,9693,2022-01-09,144.65,PayPal,accepté
9694,9694,2023-09-27,1212.44,Virement,accepté
9695,9695,2024-04-29,711.14,PayPal,refusé
9696,9696,2020-12-08,609.86,Carte,accepté
9697,9697,2023-12-19,154.51,Carte,refusé
9698,9698,2021-02-28,243.11,Virement,refusé
9699,9699,2023-03-30,659.24,Carte,refusé
9700,9700,2022-05-16,1735.08,Virement,accepté
9701,9701,2024-10-09,1151.71,Virement,refusé
9702,9702,2025-06-13,1739.4,PayPal,accepté
9703,9703,2025-02-14,974.57,Virement,accepté
9704,9704,2019-04-28,1746.06,PayPal,accepté
9705,9705,2023-03-03,672.67,Carte,refusé
9706,9706,2022-12-20,744.68,Virement,accepté
9707,9707,2021-09-04,540.67,Carte,accepté
9708,9708,2025-10-27,1419.9,Carte,refusé
9709,9709,2022-04-22,468.82,Virement,accepté
9710,9710,2022-12-19,1292.69,PayPal,accepté
9711,9711,2020-07-11,1961.53,Virement,refusé
9712,9712,2025-11-04,1334.33,Carte,refusé
9713,9713,2021-06-06,1608.65,Virement,accepté
9714,9714,2025-11-01,1788.25,Virement,accepté
9715,9715,2024-12-13,1153.18,Carte,accepté
9716,9716,2022-03-28,112.25,PayPal,accepté
9717,9717,2020-07-20,1159.66,PayPal,refusé
9718,9718,2019-02-21,1562.47,Virement,refusé
9719,9719,2022-10-21,1610.28,Carte,accepté
9720,9720,2024-06-06,1497.26,Virement,refusé
9721,9721,2023-01-01,512.41,PayPal,accepté
9722,9722,2021-09-15,617.22,Carte,refusé
9723,9723,2024-10-25,405.09,PayPal,accepté
9724,9724,2024-07-30,99.81,Virement,accepté
9725,9725,2025-10-15,944.82,Virement,refusé
9726,9726,2024-01-13,1108.1,Virement,refusé
9727,9727,2021-01-14,888.87,PayPal,refusé
9728,9728,2021-05-21,531.62,PayPal,refusé
9729,9729,2019-04-04,806.04,Carte,refusé
9730,9730,2022-02-11,59.62,PayPal,refusé
9731,9731,2023-06-14,383.64,Carte,accepté
9732,9732,2022-06-20,1463.68,PayPal,refusé
9733,9733,2023-02-22,1106.95,PayPal,accepté
9734,9734,2022-08-26,1647.12,Carte,accepté
9735,9735,2023-07-19,1721.71,Carte,refusé
9736,9736,2023-07-08,446.87,Virement,accepté
9737,9737,2021-07-09,482.22,Virement,refusé
9738,9738,2021-08-25,1179.52,Virement,refusé
9739,9739,2025-10-10,480.4,Virement,refusé
9740,9740,2022-11-01,1527.31,Virement,refusé
9741,9741,2020-12-06,1512.74,PayPal,refusé
9742,9742,2024-09-23,1768.25,Carte,refusé
9743,9743,2019-10-23,1566.48,Virement,accepté
9744,9744,2023-07-06,1192.66,Carte,accepté
9745,9745,2019-05-12,1982.49,PayPal,refusé
9746,9746,2025-10-03,1806.39,PayPal,refusé
9747,9747,2019-09-19,708.45,Carte,accepté
9748,9748,2023-07-15,1625.44,PayPal,accepté
9749,9749,2023-10-14,1264.59,Carte,refusé
9750,9750,2021-07-09,1569.51,Virement,refusé
9751,9751,2022-06-13,1146.63,PayPal,refusé
9752,9752,2019-10-06,761.08,Virement,accepté
9753,9753,2025-07-28,1103.79,Carte,refusé
9754,9754,2019-08-13,692.81,Virement,accepté
9755,9755,2021-11-25,482.02,Virement,refusé
9756,9756,2023-02-20,722.85,PayPal,refusé
9757,9757,2025-09-28,988.78,Carte,refusé
9758,9758,2020-06-29,675.13,Virement,refusé
9759,9759,2024-07-13,157.85,Virement,accepté
9760,9760,2020-10-29,1787.39,Virement,accepté
9761,9761,2020-12-23,1686.98,Carte,accepté
9762,9762,2022-09-25,797.87,Virement,accepté
9763,9763,2021-10-31,1821.89,Carte,refusé
9764,9764,2019-02-02,1921.97,Virement,accepté
9765,9765,2020-11-22,225.96,PayPal,refusé
9766,9766,2021-05-31,629.38,Carte,accepté
9767,9767,2019-06-14,946.68,Virement,accepté
9768,9768,2025-09-19,1781.08,Carte,accepté
9769,9769,2021-11-01,1890.53,Carte,accepté
9770,9770,2022-10-21,644.35,Virement,refusé
9771,9771,2022-08-30,417.39,PayPal,accepté
9772,9772,2020-01-21,1750.92,Carte,refusé
9773,9773,2019-01-16,1370.8,PayPal,refusé
9774,9774,2019-03-25,970.89,PayPal,refusé
9775,9775,2021-11-25,1741.89,Carte,accepté
9776,9776,2020-06-11,1996.13,PayPal,refusé
9777,9777,2025-03-15,320.58,Virement,accepté
9778,9778,2021-07-08,91.04,PayPal,refusé
9779,9779,2024-11-29,1932.76,PayPal,refusé
9780,9780,2023-11-24,1974.54,PayPal,accepté
9781,9781,2019-04-09,814.1,Carte,accepté
9782,9782,2020-09-20,1305.1,PayPal,refusé
9783,9783,2024-12-26,751.5,Virement,refusé
9784,9784,2019-08-15,676.56,PayPal,accepté
9785,9785,2024-06-14,31.84,Virement,accepté
9786,9786,2025-11-06,1485.6,PayPal,refusé
9787,9787,2024-03-20,41.11,Virement,refusé
9788,9788,2023-05-13,588.46,PayPal,accepté
9789,9789,2023-08-17,1814.88,Virement,refusé
9790,9790,2023-03-27,1882.86,Carte,accepté
9791,9791,2020-06-19,1842.77,Carte,accepté
9792,9792,2021-05-11,1786.3,PayPal,refusé
9793,9793,2021-12-22,673.42,Virement,accepté
9794,9794,2019-02-27,25.96,PayPal,refusé
9795,9795,2025-10-04,1972.19,Carte,refusé
9796,9796,2023-11-02,891.68,Carte,refusé
9797,9797,2024-10-27,604.56,Carte,accepté
9798,9798,2025-06-16,1354.11,PayPal,accepté
9799,9799,2025-07-12,1051.73,Virement,refusé
9800,9800,2021-01-08,307.69,PayPal,refusé
9801,9801,2024-05-29,1597.5,Carte,accepté
9802,9802,2025-06-29,1765.37,PayPal,refusé
9803,9803,2024-08-10,1166.77,PayPal,refusé
9804,9804,2022-07-17,495.65,Carte,accepté
9805,9805,2020-06-18,917.95,PayPal,accepté
9806,9806,2020-05-04,1262.64,PayPal,refusé
9807,9807,2023-05-31,1931.38,Carte,accepté
9808,9808,2021-07-09,428.39,Carte,accepté
9809,9809,2023-09-29,834.88,Carte,accepté
9810,9810,2020-04-01,1213.95,Virement,refusé
9811,9811,2023-05-08,1887.05,Virement,refusé
9812,9812,2022-05-25,541.45,PayPal,accepté
9813,9813,2021-02-16,1613.07,Carte,refusé
9814,9814,2022-05-06,584.42,PayPal,accepté
9815,9815,2025-08-15,267.35,PayPal,refusé
9816,9816,2021-11-26,1280.83,Carte,accepté
9817,9817,2025-02-16,1378.89,PayPal,refusé
9818,9818,2021-06-26,137.44,Virement,refusé
9819,9819,2020-01-12,1944.47,Carte,accepté
9820,9820,2024-01-16,1162.22,Virement,refusé
9821,9821,2023-02-20,1641.55,Virement,accepté
9822,9822,2023-01-08,119.55,PayPal,refusé
9823,9823,2025-04-07,793.29,Virement,refusé
9824,9824,2020-04-02,794.66,PayPal,refusé
9825,9825,2019-03-23,615.91,Carte,refusé
9826,9826,2024-08-08,428.41,PayPal,accepté
9827,9827,2023-09-08,613.99,Virement,accepté
9828,9828,2025-05-09,818.0,Virement,accepté
9829,9829,2023-11-17,1132.22,Virement,refusé
9830,9830,2019-10-31,1108.86,Virement,refusé
9831,9831,2023-09-27,519.22,Carte,refusé
9832,9832,2019-11-20,407.98,Carte,accepté
9833,9833,2019-05-06,1083.95,Virement,refusé
9834,9834,2021-01-04,1547.17,Carte,accepté
9835,9835,2023-07-04,1031.48,Carte,refusé
9836,9836,2022-09-27,1646.38,Virement,refusé
9837,9837,2020-10-06,1635.84,Carte,accepté
9838,9838,2023-10-06,365.0,PayPal,accepté
9839,9839,2025-10-23,1953.89,PayPal,refusé
9840,9840,2020-09-17,1799.96,Virement,accepté
9841,9841,2023-10-02,280.62,PayPal,refusé
9842,9842,2022-05-21,263.14,Carte,accepté
9843,9843,2022-04-01,1230.42,Virement,accepté
9844,9844,2025-07-11,663.37,Virement,accepté
9845,9845,2021-02-14,253.96,PayPal,accepté
9846,9846,2021-04-21,1581.28,Carte,accepté
9847,9847,2019-07-16,1877.97,Carte,refusé
9848,9848,2022-07-01,1412.92,PayPal,accepté
9849,9849,2019-05-16,450.28,Carte,accepté
9850,9850,2025-03-16,1005.18,Virement,refusé
9851,9851,2020-01-29,560.88,Virement,accepté
9852,9852,2019-03-28,1944.85,Carte,refusé
9853,9853,2025-08-29,478.35,Carte,refusé
9854,9854,2020-02-03,1849.05,PayPal,refusé
9855,9855,2023-10-07,719.16,Carte,refusé
9856,9856,2019-01-16,1350.44,Carte,refusé
9857,9857,2023-11-12,1912.8,PayPal,accepté
9858,9858,2023-12-18,1607.54,Virement,accepté
9859,9859,2021-05-07,555.16,Carte,accepté
9860,9860,2021-02-23,275.72,PayPal,refusé
9861,9861,2023-04-30,895.38,Virement,accepté
9862,9862,2023-08-09,1878.86,Carte,refusé
9863,9863,2025-03-12,1136.29,Carte,refusé
9864,9864,2020-10-04,1959.91,PayPal,accepté
9865,9865,2022-10-08,1444.75,Virement,refusé
9866,9866,2019-11-19,788.65,PayPal,accepté
9867,9867,2020-12-03,1287.93,PayPal,accepté
9868,9868,2021-07-17,1389.35,PayPal,accepté
9869,9869,2019-09-30,607.41,PayPal,refusé
9870,9870,2025-06-24,237.57,PayPal,refusé
9871,9871,2024-12-06,570.34,Virement,accepté
9872,9872,2023-05-06,1335.36,PayPal,refusé
9873,9873,2019-08-22,901.92,PayPal,refusé
9874,9874,2021-09-13,1601.07,Carte,refusé
9875,9875,2024-01-09,707.47,PayPal,accepté
9876,9876,2020-03-06,851.14,Carte,accepté
9877,9877,2024-08-13,482.4,Virement,refusé
9878,9878,2023-06-14,1177.6,Virement,refusé
9879,9879,2022-06-05,963.02,Virement,refusé
9880,9880,2020-05-18,369.82,Carte,accepté
9881,9881,2021-12-25,598.36,PayPal,accepté
9882,9882,2025-03-29,1201.53,Carte,refusé
9883,9883,2019-03-17,1391.87,Virement,accepté
9884,9884,2025-11-08,28.05,PayPal,accepté
9885,9885,2023-07-29,530.27,Carte,accepté
9886,9886,2021-09-28,1930.2,PayPal,refusé
9887,9887,2025-08-23,1108.83,Virement,accepté
9888,9888,2019-09-28,729.77,Virement,refusé
9889,9889,2021-01-18,909.34,Virement,accepté
9890,9890,2024-01-27,1295.74,Carte,refusé
9891,9891,2023-04-02,568.86,PayPal,refusé
9892,9892,2024-07-17,1353.77,Carte,accepté
9893,9893,2023-09-29,129.07,Carte,refusé
9894,9894,2025-11-04,930.62,Carte,accepté
9895,9895,2025-02-18,615.78,PayPal,accepté
9896,9896,2025-12-29,23.94,Carte,refusé
9897,9897,2020-07-02,1141.38,PayPal,refusé
9898,9898,2024-05-07,1023.71,Carte,refusé
9899,9899,2022-06-06,1953.3,PayPal,refusé
9900,9900,2024-05-03,72.22,PayPal,accepté
9901,9901,2021-04-26,1992.81,Virement,accepté
9902,9902,2022-11-20,1481.12,Carte,refusé
9903,9903,2019-03-10,1371.07,Carte,refusé
9904,9904,2024-10-07,1504.6,PayPal,refusé
9905,9905,2024-09-06,158.33,PayPal,refusé
9906,9906,2022-08-15,1147.34,Carte,refusé
9907,9907,2024-08-31,668.13,Virement,accepté
9908,9908,2025-07-01,1390.88,Carte,refusé
9909,9909,2022-05-16,1429.92,Carte,accepté
9910,9910,2022-07-06,1889.57,PayPal,accepté
9911,9911,2021-03-27,681.53,Virement,refusé
9912,9912,2019-03-12,544.87,Carte,accepté
9913,9913,2023-02-01,1909.75,Carte,accepté
9914,9914,2024-02-15,976.9,Carte,refusé
9915,9915,2020-01-17,39.47,Carte,accepté
9916,9916,2020-11-07,1203.68,Carte,accepté
9917,9917,2020-03-01,1379.13,PayPal,accepté
9918,9918,2022-04-19,418.17,Virement,refusé
9919,9919,2025-10-30,1479.75,PayPal,refusé
9920,9920,2022-10-02,1398.47,Carte,refusé
9921,9921,2021-08-11,1008.11,PayPal,refusé
9922,9922,2025-06-15,925.63,Virement,accepté
9923,9923,2025-12-09,341.98,Carte,refusé
9924,9924,2021-10-19,1909.87,Carte,accepté
9925,9925,2022-01-22,1952.54,Carte,refusé
9926,9926,2021-10-08,858.39,Carte,refusé
9927,9927,2020-05-06,459.22,PayPal,accepté
9928,9928,2022-03-15,942.54,PayPal,refusé
9929,9929,2024-02-20,486.53,Virement,refusé
9930,9930,2020-03-11,88.93,PayPal,accepté
9931,9931,2020-10-19,1509.56,Virement,accepté
9932,9932,2024-09-17,498.21,Carte,accepté
9933,9933,2024-09-14,984.99,Virement,accepté
9934,9934,2019-08-13,409.83,Carte,accepté
9935,9935,2024-04-12,772.0,Virement,refusé
9936,9936,2024-08-29,1653.2,Virement,accepté
9937,9937,2020-07-11,1548.95,Virement,accepté
9938,9938,2022-04-02,1555.83,Virement,accepté
9939,9939,2022-03-18,1311.8,Carte,refusé
9940,9940,2023-01-17,1308.57,Virement,accepté
9941,9941,2023-10-20,1620.43,Carte,accepté
9942,9942,2024-11-18,880.79,Virement,accepté
9943,9943,2025-11-13,1050.12,Carte,accepté
9944,9944,2023-01-05,388.37,PayPal,refusé
9945,9945,2024-03-16,735.25,Carte,refusé
9946,9946,2019-03-15,1065.53,Virement,accepté
9947,9947,2025-03-19,1424.42,PayPal,refusé
9948,9948,2021-05-14,365.25,PayPal,refusé
9949,9949,2021-06-15,691.47,Virement,accepté
9950,9950,2023-08-05,1252.72,Virement,accepté
9951,9951,2021-04-06,1827.19,Carte,refusé
9952,9952,2019-10-13,1138.47,Virement,refusé
9953,9953,2021-09-08,1469.98,PayPal,refusé
9954,9954,2024-04-02,1499.51,PayPal,accepté
9955,9955,2019-08-30,265.44,Virement,accepté
9956,9956,2020-08-15,301.08,Virement,refusé
9957,9957,2022-06-01,1278.6,Virement,refusé
9958,9958,2025-04-12,708.9,Virement,accepté
9959,9959,2019-02-10,1021.16,Carte,accepté
9960,9960,2025-07-19,329.85,Carte,refusé
9961,9961,2024-08-25,644.83,PayPal,refusé
9962,9962,2024-06-26,739.51,Carte,accepté
9963,9963,2024-01-18,905.95,Virement,accepté
9964,9964,2023-11-25,1095.26,PayPal,accepté
9965,9965,2022-01-21,435.44,PayPal,accepté
9966,9966,2021-07-15,1689.06,Virement,refusé
9967,9967,2021-10-26,429.77,Carte,refusé
9968,9968,2020-01-19,145.47,PayPal,accepté
9969,9969,2020-10-09,999.43,Virement,accepté
9970,9970,2020-02-25,1755.9,PayPal,accepté
9971,9971,2019-03-26,1789.34,PayPal,accepté
9972,9972,2025-02-06,1460.92,Virement,refusé
9973,9973,2021-05-03,1759.3,PayPal,refusé
9974,9974,2025-07-15,955.09,PayPal,refusé
9975,9975,2025-05-23,1408.67,PayPal,refusé
9976,9976,2021-06-07,45.81,PayPal,refusé
9977,9977,2023-07-14,1559.18,Carte,refusé
9978,9978,2025-03-09,358.54,PayPal,accepté
9979,9979,2020-05-08,1273.77,Virement,accepté
9980,9980,2024-06-05,1728.8,PayPal,refusé
9981,9981,2021-07-03,1671.7,Virement,refusé
9982,9982,2025-01-26,199.23,Carte,accepté
9983,9983,2021-05-10,1157.01,PayPal,accepté
9984,9984,2022-01-27,269.39,Carte,refusé
9985,9985,2019-06-28,1418.75,Carte,accepté
9986,9986,2025-10-20,166.91,Carte,refusé
9987,9987,2020-08-07,709.13,PayPal,accepté
9988,9988,2026-01-03,1092.93,PayPal,accepté
9989,9989,2025-04-20,1810.78,Carte,refusé
9990,9990,2024-12-16,803.04,Virement,refusé
9991,9991,2022-11-30,1743.41,Virement,refusé
9992,9992,2023-12-07,1290.53,Carte,refusé
9993,9993,2024-12-18,1727.67,Virement,refusé
9994,9994,2023-12-16,1434.83,PayPal,accepté
9995,9995,2019-09-14,349.05,Carte,refusé
9996,9996,2025-05-08,335.42,Carte,accepté
9997,9997,2021-08-03,547.62,PayPal,accepté
9998,9998,2025-02-11,498.19,Carte,accepté
9999,9999,2019-02-09,1302.78,Virement,accepté
10000,10000,2019-04-29,447.81,Carte,accepté
10001,10001,2019-01-13,578.19,Virement,accepté
10002,10002,2019-05-20,215.58,Carte,refusé
10003,10003,2022-03-03,1855.24,Carte,accepté
10004,10004,2024-03-23,1307.79,PayPal,accepté
10005,10005,2019-08-13,265.48,Virement,refusé
10006,10006,2023-09-06,1257.61,PayPal,accepté
10007,10007,2022-08-09,700.32,Carte,accepté
10008,10008,2022-02-06,439.68,PayPal,refusé
10009,10009,2021-02-22,730.87,Virement,refusé
10010,10010,2023-06-13,1684.73,Carte,refusé
10011,10011,2025-03-13,1824.08,Virement,accepté
10012,10012,2022-02-22,1235.64,Virement,accepté
10013,10013,2023-01-20,1747.42,Virement,accepté
10014,10014,2025-01-23,1076.37,Carte,refusé
10015,10015,2019-03-12,1493.76,Carte,refusé
10016,10016,2019-10-13,1083.81,PayPal,accepté
10017,10017,2025-04-14,597.04,Carte,refusé
10018,10018,2025-11-02,331.75,Virement,accepté
10019,10019,2023-04-01,1200.54,Virement,accepté
10020,10020,2025-08-16,1156.93,PayPal,accepté
10021,10021,2021-06-22,1993.32,Carte,refusé
10022,10022,2019-06-02,1005.2,Virement,refusé
10023,10023,2024-01-10,148.18,PayPal,refusé
10024,10024,2023-02-01,1556.05,Carte,accepté
10025,10025,2025-08-24,218.48,Virement,refusé
10026,10026,2020-10-04,144.64,Carte,refusé
10027,10027,2020-07-01,1170.07,Carte,accepté
10028,10028,2021-08-26,846.94,PayPal,refusé
10029,10029,2020-09-10,1235.27,PayPal,accepté
10030,10030,2019-04-04,1254.24,Carte,accepté
10031,10031,2021-05-30,610.46,Carte,accepté
10032,10032,2024-10-16,1920.97,PayPal,accepté
10033,10033,2020-08-15,1806.58,Virement,refusé
10034,10034,2019-11-19,852.24,Virement,accepté
10035,10035,2022-11-14,474.24,PayPal,refusé
10036,10036,2020-06-06,1180.01,Carte,accepté
10037,10037,2020-10-19,238.26,Virement,refusé
10038,10038,2021-02-13,1816.85,Carte,accepté
10039,10039,2020-08-08,1982.82,PayPal,accepté
10040,10040,2021-06-26,160.66,Virement,refusé
10041,10041,2024-01-12,181.73,Virement,refusé
10042,10042,2025-10-24,1405.96,Carte,accepté
10043,10043,2024-06-28,919.79,PayPal,refusé
10044,10044,2019-09-14,1338.37,Virement,refusé
10045,10045,2024-09-26,1820.88,Carte,accepté
10046,10046,2023-09-14,221.34,Carte,accepté
10047,10047,2023-12-29,253.86,PayPal,accepté
10048,10048,2022-02-17,1915.13,PayPal,refusé
10049,10049,2024-08-26,460.48,Carte,accepté
10050,10050,2024-07-19,1934.86,Virement,refusé
10051,10051,2022-03-25,284.25,Carte,accepté
10052,10052,2020-06-08,1479.09,PayPal,accepté
10053,10053,2022-03-13,506.11,Carte,refusé
10054,10054,2024-06-23,924.31,PayPal,accepté
10055,10055,2021-08-31,612.58,Virement,refusé
10056,10056,2022-06-03,1030.51,Carte,accepté
10057,10057,2019-06-19,1567.46,Carte,refusé
10058,10058,2019-03-10,707.97,PayPal,refusé
10059,10059,2025-03-25,1520.18,Carte,refusé
10060,10060,2025-02-24,1315.85,Carte,refusé
10061,10061,2022-07-09,923.82,Virement,accepté
10062,10062,2022-04-12,114.84,Carte,accepté
10063,10063,2019-08-27,974.64,Carte,refusé
10064,10064,2024-06-07,1808.64,Virement,refusé
10065,10065,2024-11-02,1681.63,Carte,refusé
10066,10066,2022-02-07,1520.93,Virement,refusé
10067,10067,2019-05-18,1563.54,PayPal,refusé
10068,10068,2020-11-09,912.67,Virement,refusé
10069,10069,2020-06-05,1915.91,Virement,accepté
10070,10070,2021-07-02,1680.98,Carte,refusé
10071,10071,2020-09-11,870.8,Carte,refusé
10072,10072,2019-10-30,177.64,PayPal,accepté
10073,10073,2023-01-30,1402.7,Virement,accepté
10074,10074,2021-09-05,1957.61,PayPal,refusé
10075,10075,2020-04-14,578.04,Carte,refusé
10076,10076,2025-12-17,178.2,Virement,refusé
10077,10077,2022-07-23,691.09,Virement,refusé
10078,10078,2021-07-03,1510.54,PayPal,accepté
10079,10079,2021-04-19,224.33,Carte,accepté
10080,10080,2020-08-18,1932.01,Carte,accepté
10081,10081,2022-11-17,1743.99,Virement,refusé
10082,10082,2019-11-15,1723.15,Carte,refusé
10083,10083,2019-12-30,1003.52,Virement,refusé
10084,10084,2024-02-04,1966.16,Virement,refusé
10085,10085,2023-05-26,1257.13,Virement,refusé
10086,10086,2024-03-03,239.06,Carte,accepté
10087,10087,2020-05-29,712.04,Virement,accepté
10088,10088,2019-06-30,966.97,Virement,refusé
10089,10089,2024-11-22,864.3,Virement,accepté
10090,10090,2024-04-23,1658.78,PayPal,refusé
10091,10091,2022-11-24,1486.58,Carte,accepté
10092,10092,2019-07-25,1526.22,PayPal,refusé
10093,10093,2022-07-15,1853.07,Virement,refusé
10094,10094,2021-08-23,1692.01,PayPal,accepté
10095,10095,2023-07-22,706.95,Carte,accepté
10096,10096,2025-10-09,1225.88,Virement,refusé
10097,10097,2024-10-09,1440.43,Carte,accepté
10098,10098,2025-10-19,1228.75,Carte,refusé
10099,10099,2020-08-13,1295.82,Carte,refusé
10100,10100,2022-03-09,1231.07,PayPal,refusé
10101,10101,2024-08-04,863.86,Virement,refusé
10102,10102,2024-09-29,176.91,PayPal,refusé
10103,10103,2020-11-25,1996.36,PayPal,refusé
10104,10104,2021-11-25,1566.91,Carte,refusé
10105,10105,2024-02-20,1417.54,PayPal,refusé
10106,10106,2025-08-22,1601.81,Virement,accepté
10107,10107,2023-09-11,708.04,PayPal,accepté
10108,10108,2025-01-30,1305.29,Virement,accepté
10109,10109,2023-06-15,302.0,PayPal,refusé
10110,10110,2020-01-29,195.84,Carte,accepté
10111,10111,2024-04-17,178.13,Carte,accepté
10112,10112,2023-01-11,955.81,Carte,refusé
10113,10113,2025-07-05,1011.27,Virement,refusé
10114,10114,2024-06-04,985.12,PayPal,accepté
10115,10115,2023-09-16,1606.68,Carte,refusé
10116,10116,2022-07-18,157.82,Virement,refusé
10117,10117,2022-07-22,1914.51,PayPal,refusé
10118,10118,2021-03-01,1061.11,Virement,accepté
10119,10119,2024-04-30,1743.39,PayPal,accepté
10120,10120,2020-11-26,762.27,PayPal,refusé
10121,10121,2023-08-02,771.48,Carte,accepté
10122,10122,2023-09-21,385.03,PayPal,refusé
10123,10123,2021-01-14,1358.53,Carte,accepté
10124,10124,2025-09-11,1180.3,Carte,accepté
10125,10125,2022-09-06,1886.97,PayPal,accepté
10126,10126,2019-09-20,474.58,Carte,refusé
10127,10127,2025-04-19,1739.39,Carte,accepté
10128,10128,2024-09-21,224.63,Carte,accepté
10129,10129,2025-04-24,1050.36,PayPal,accepté
10130,10130,2020-04-11,1127.58,Virement,accepté
10131,10131,2024-06-12,1255.7,Carte,accepté
10132,10132,2022-05-18,761.64,Virement,accepté
10133,10133,2024-06-27,447.6,Carte,refusé
10134,10134,2021-04-09,1115.66,Virement,refusé
10135,10135,2023-04-14,305.66,PayPal,accepté
10136,10136,2023-02-20,51.5,Virement,refusé
10137,10137,2020-07-02,1429.71,Virement,refusé
10138,10138,2024-09-18,921.17,Carte,accepté
10139,10139,2024-11-03,1168.8,PayPal,refusé
10140,10140,2024-11-18,486.92,PayPal,refusé
10141,10141,2025-11-10,1904.71,PayPal,refusé
10142,10142,2021-05-14,613.52,PayPal,accepté
10143,10143,2022-03-09,1003.98,PayPal,accepté
10144,10144,2021-06-27,1846.14,PayPal,accepté
10145,10145,2025-10-23,1225.83,PayPal,accepté
10146,10146,2020-06-08,888.04,Carte,accepté
10147,10147,2023-08-07,1125.68,PayPal,refusé
10148,10148,2024-09-06,675.96,Virement,refusé
10149,10149,2024-06-16,1383.66,Carte,accepté
10150,10150,2021-10-11,288.76,Virement,refusé
10151,10151,2024-08-07,1297.88,Virement,accepté
10152,10152,2025-04-29,1735.54,PayPal,accepté
10153,10153,2019-11-24,1531.46,Virement,refusé
10154,10154,2025-01-13,350.56,PayPal,refusé
10155,10155,2021-06-04,484.7,Virement,accepté
10156,10156,2019-08-06,1456.26,Virement,accepté
10157,10157,2020-12-18,56.35,PayPal,accepté
10158,10158,2022-09-09,1128.0,Virement,accepté
10159,10159,2023-09-23,266.81,Virement,accepté
10160,10160,2024-05-08,904.7,Virement,refusé
10161,10161,2025-01-23,91.93,Carte,refusé
10162,10162,2025-02-22,978.29,Carte,accepté
10163,10163,2020-08-23,1172.71,Carte,accepté
10164,10164,2021-10-08,491.02,PayPal,refusé
10165,10165,2024-04-15,43.61,Carte,accepté
10166,10166,2020-09-25,569.23,Carte,accepté
10167,10167,2022-01-16,1114.32,PayPal,accepté
10168,10168,2019-02-02,1087.75,Carte,accepté
10169,10169,2024-07-25,1257.03,PayPal,refusé
10170,10170,2025-09-25,247.95,PayPal,accepté
10171,10171,2022-05-29,448.33,Carte,refusé
10172,10172,2024-12-26,1462.75,PayPal,refusé
10173,10173,2021-04-29,1589.45,Carte,refusé
10174,10174,2025-08-03,1293.57,PayPal,refusé
10175,10175,2020-06-19,1238.33,Virement,accepté
10176,10176,2022-06-16,596.71,Carte,accepté
10177,10177,2020-03-16,317.51,Virement,refusé
10178,10178,2019-02-13,194.32,PayPal,accepté
10179,10179,2025-09-16,839.28,Virement,refusé
10180,10180,2019-11-17,1827.58,PayPal,refusé
10181,10181,2024-08-17,378.56,PayPal,accepté
10182,10182,2023-11-22,1581.19,Virement,accepté
10183,10183,2022-04-09,1504.21,PayPal,accepté
10184,10184,2022-08-11,862.79,PayPal,refusé
10185,10185,2021-02-26,1021.54,PayPal,refusé
10186,10186,2019-03-11,187.13,Carte,refusé
10187,10187,2022-04-21,382.84,PayPal,refusé
10188,10188,2019-06-04,310.53,Virement,accepté
10189,10189,2023-04-26,841.95,Virement,refusé
10190,10190,2023-03-11,1712.24,Virement,refusé
10191,10191,2024-01-14,1617.0,Virement,refusé
10192,10192,2020-06-06,1440.32,Virement,accepté
10193,10193,2021-04-21,313.82,Virement,accepté
10194,10194,2020-09-19,1249.05,PayPal,accepté
10195,10195,2023-05-21,521.53,PayPal,accepté
10196,10196,2019-06-13,1964.32,Carte,refusé
10197,10197,2022-11-14,66.69,Virement,refusé
10198,10198,2022-09-18,1754.43,Carte,accepté
10199,10199,2019-12-03,1977.68,Virement,refusé
10200,10200,2025-07-03,25.94,PayPal,accepté
10201,10201,2019-03-06,693.89,PayPal,refusé
10202,10202,2020-06-23,143.64,PayPal,accepté
10203,10203,2020-03-02,1435.71,Carte,refusé
10204,10204,2020-07-05,96.61,Virement,accepté
10205,10205,2020-08-10,1118.78,PayPal,accepté
10206,10206,2023-06-26,74.55,Carte,refusé
10207,10207,2022-07-14,328.9,Virement,refusé
10208,10208,2020-10-10,63.11,PayPal,refusé
10209,10209,2021-12-19,1051.59,Carte,accepté
10210,10210,2020-09-26,1854.43,Carte,refusé
10211,10211,2025-12-26,1974.86,Virement,refusé
10212,10212,2023-05-02,1297.73,PayPal,accepté
10213,10213,2021-12-29,582.14,Carte,accepté
10214,10214,2021-06-26,615.82,Carte,accepté
10215,10215,2023-06-15,808.45,PayPal,accepté
10216,10216,2025-10-06,622.71,Carte,refusé
10217,10217,2022-05-30,1716.25,Virement,refusé
10218,10218,2024-10-16,727.55,Carte,refusé
10219,10219,2023-12-09,67.0,PayPal,refusé
10220,10220,2024-02-07,821.27,Virement,refusé
10221,10221,2019-05-28,497.02,Virement,refusé
10222,10222,2021-01-22,228.99,PayPal,refusé
10223,10223,2019-01-15,642.95,Virement,refusé
10224,10224,2019-12-20,507.51,Virement,accepté
10225,10225,2021-02-26,621.62,Carte,accepté
10226,10226,2019-08-19,1827.03,PayPal,refusé
10227,10227,2022-06-17,47.83,Virement,accepté
10228,10228,2019-08-01,164.51,Virement,accepté
10229,10229,2021-08-01,1448.72,Virement,refusé
10230,10230,2020-02-08,917.06,PayPal,refusé
10231,10231,2022-04-24,1792.69,PayPal,refusé
10232,10232,2023-09-19,1422.34,PayPal,refusé
10233,10233,2023-12-03,1433.19,Carte,refusé
10234,10234,2019-03-12,126.85,Carte,accepté
10235,10235,2023-07-26,1489.05,Virement,refusé
10236,10236,2025-04-02,38.11,Virement,refusé
10237,10237,2025-05-27,1050.98,Carte,refusé
10238,10238,2023-01-08,1855.85,Carte,accepté
10239,10239,2024-03-19,733.35,PayPal,accepté
10240,10240,2019-05-13,1675.27,Virement,refusé
10241,10241,2025-05-27,1518.5,Carte,accepté
10242,10242,2023-10-13,266.11,Virement,accepté
10243,10243,2022-05-03,1172.1,PayPal,refusé
10244,10244,2024-07-17,1505.22,Carte,accepté
10245,10245,2022-02-08,1559.08,PayPal,accepté
10246,10246,2021-09-29,1747.66,PayPal,refusé
10247,10247,2022-01-31,548.72,Virement,refusé
10248,10248,2024-07-27,586.56,Carte,refusé
10249,10249,2022-06-29,1783.59,PayPal,accepté
10250,10250,2025-07-20,514.71,PayPal,accepté
10251,10251,2021-02-15,1200.64,Virement,accepté
10252,10252,2020-05-26,1705.52,Virement,refusé
10253,10253,2025-01-07,669.29,Virement,accepté
10254,10254,2021-10-16,33.12,Carte,refusé
10255,10255,2023-01-07,1283.22,Virement,accepté
10256,10256,2022-01-25,988.26,PayPal,accepté
10257,10257,2021-01-24,1231.59,Carte,refusé
10258,10258,2025-12-03,1291.3,Virement,accepté
10259,10259,2019-12-31,301.05,Carte,accepté
10260,10260,2021-10-17,1411.64,Virement,refusé
10261,10261,2023-09-23,332.43,PayPal,accepté
10262,10262,2025-08-02,1039.98,Virement,refusé
10263,10263,2019-06-25,243.88,PayPal,accepté
10264,10264,2019-07-30,767.51,Virement,refusé
10265,10265,2019-11-26,1712.04,PayPal,refusé
10266,10266,2019-11-27,811.1,Carte,accepté
10267,10267,2020-09-28,293.71,Virement,refusé
10268,10268,2021-11-18,840.53,Carte,accepté
10269,10269,2025-08-11,372.04,PayPal,refusé
10270,10270,2019-10-24,1667.31,Virement,accepté
10271,10271,2021-02-07,1536.01,Virement,accepté
10272,10272,2023-12-30,1510.5,Virement,refusé
10273,10273,2020-04-01,842.68,Carte,refusé
10274,10274,2024-02-12,126.2,PayPal,accepté
10275,10275,2023-10-04,1994.42,PayPal,refusé
10276,10276,2019-06-08,819.92,PayPal,refusé
10277,10277,2021-06-26,1583.63,PayPal,accepté
10278,10278,2024-08-27,1405.96,Carte,refusé
10279,10279,2022-10-10,719.22,Carte,refusé
10280,10280,2025-05-31,621.93,PayPal,accepté
10281,10281,2020-08-23,1481.23,PayPal,accepté
10282,10282,2020-04-06,1262.86,Virement,refusé
10283,10283,2019-11-09,207.84,Carte,refusé
10284,10284,2022-08-28,261.12,Carte,accepté
10285,10285,2022-02-08,1956.41,Virement,refusé
10286,10286,2025-03-27,547.02,PayPal,refusé
10287,10287,2023-01-17,1422.22,Virement,accepté
10288,10288,2020-02-21,1678.31,Carte,refusé
10289,10289,2022-06-24,1382.41,PayPal,refusé
10290,10290,2020-06-24,1852.55,Carte,refusé
10291,10291,2019-12-01,386.33,Carte,refusé
10292,10292,2021-07-17,209.8,Virement,refusé
10293,10293,2020-03-15,150.79,Virement,refusé
10294,10294,2024-07-02,829.44,PayPal,refusé
10295,10295,2019-04-20,1518.26,Carte,refusé
10296,10296,2025-09-03,1407.31,Virement,accepté
10297,10297,2020-09-01,485.05,Carte,refusé
10298,10298,2025-05-18,64.73,Carte,accepté
10299,10299,2020-07-04,1923.02,Virement,accepté
10300,10300,2024-09-16,975.14,Virement,refusé
10301,10301,2019-07-24,1206.0,Carte,refusé
10302,10302,2021-04-02,1647.69,Virement,refusé
10303,10303,2024-10-01,982.25,Virement,refusé
10304,10304,2021-06-26,1527.96,Virement,refusé
10305,10305,2021-06-13,1165.45,Virement,refusé
10306,10306,2025-09-14,1489.14,Carte,refusé
10307,10307,2020-03-08,1687.33,PayPal,refusé
10308,10308,2023-11-06,1179.42,PayPal,refusé
10309,10309,2021-07-29,1395.89,PayPal,accepté
10310,10310,2021-07-26,1244.97,Virement,accepté
10311,10311,2019-06-08,680.19,Carte,refusé
10312,10312,2025-12-30,312.17,PayPal,accepté
10313,10313,2024-05-14,1551.49,Virement,accepté
10314,10314,2020-11-04,1900.07,Carte,accepté
10315,10315,2022-10-05,89.08,Virement,refusé
10316,10316,2024-04-24,973.31,Virement,accepté
10317,10317,2021-08-12,1392.54,Carte,accepté
10318,10318,2022-05-05,422.44,PayPal,refusé
10319,10319,2025-01-01,1637.54,Virement,refusé
10320,10320,2024-10-04,1312.34,Carte,refusé
10321,10321,2023-01-06,1312.46,Virement,refusé
10322,10322,2021-02-08,1745.31,Virement,refusé
10323,10323,2021-09-21,1247.9,Virement,refusé
10324,10324,2019-12-27,1540.45,PayPal,refusé
10325,10325,2023-11-14,975.51,Carte,refusé
10326,10326,2023-01-04,986.17,PayPal,accepté
10327,10327,2019-08-17,1173.05,PayPal,accepté
10328,10328,2020-01-03,206.85,PayPal,refusé
10329,10329,2020-06-14,341.46,Carte,refusé
10330,10330,2022-11-15,105.57,Carte,refusé
10331,10331,2022-01-17,700.72,Virement,accepté
10332,10332,2025-10-14,1942.01,PayPal,refusé
10333,10333,2023-09-10,642.96,Carte,accepté
10334,10334,2023-05-26,1259.02,Carte,refusé
10335,10335,2024-02-16,1715.63,Virement,refusé
10336,10336,2021-01-04,1403.57,PayPal,refusé
10337,10337,2022-08-17,279.77,PayPal,refusé
10338,10338,2021-04-27,1106.68,PayPal,accepté
10339,10339,2023-11-04,1402.08,PayPal,refusé
10340,10340,2023-02-04,1888.96,PayPal,accepté
10341,10341,2021-06-03,1913.07,Virement,accepté
10342,10342,2019-05-05,1290.4,PayPal,refusé
10343,10343,2023-05-27,1060.51,Virement,refusé
10344,10344,2022-07-10,88.07,Carte,accepté
10345,10345,2020-10-21,1920.38,Virement,accepté
10346,10346,2022-10-23,927.62,Virement,refusé
10347,10347,2020-04-27,1032.17,PayPal,accepté
10348,10348,2022-06-12,373.66,Carte,accepté
10349,10349,2024-03-05,716.62,Carte,refusé
10350,10350,2023-07-13,1180.36,PayPal,refusé
10351,10351,2025-06-08,1656.1,PayPal,accepté
10352,10352,2022-10-15,461.99,PayPal,refusé
10353,10353,2025-12-04,617.32,Carte,accepté
10354,10354,2020-01-27,611.29,PayPal,refusé
10355,10355,2024-11-17,1749.23,PayPal,refusé
10356,10356,2020-06-11,1740.28,Virement,refusé
10357,10357,2019-11-03,1625.64,PayPal,refusé
10358,10358,2025-08-07,1019.7,Virement,refusé
10359,10359,2021-06-09,99.65,Carte,accepté
10360,10360,2019-04-07,1162.33,PayPal,accepté
10361,10361,2021-09-11,1166.38,PayPal,refusé
10362,10362,2020-12-08,257.91,Carte,refusé
10363,10363,2019-10-19,1392.57,Virement,accepté
10364,10364,2021-09-08,160.5,Virement,accepté
10365,10365,2023-02-11,949.78,Carte,refusé
10366,10366,2023-07-14,665.75,Virement,refusé
10367,10367,2021-04-30,1907.49,PayPal,refusé
10368,10368,2022-01-22,1495.06,Carte,refusé
10369,10369,2024-02-06,1169.9,Virement,refusé
10370,10370,2021-05-21,1471.36,Carte,refusé
10371,10371,2019-05-21,516.77,Carte,accepté
10372,10372,2019-10-18,1241.82,Virement,refusé
10373,10373,2024-06-08,1684.19,Virement,refusé
10374,10374,2021-07-23,874.31,Virement,accepté
10375,10375,2019-12-27,868.85,Carte,accepté
10376,10376,2022-08-16,1743.74,Carte,refusé
10377,10377,2022-01-24,687.0,Virement,accepté
10378,10378,2022-10-11,449.57,PayPal,accepté
10379,10379,2019-05-20,240.35,Virement,refusé
10380,10380,2021-11-02,393.18,Carte,refusé
10381,10381,2022-09-01,1502.49,Virement,refusé
10382,10382,2022-06-16,1043.5,Virement,refusé
10383,10383,2022-12-20,631.17,PayPal,accepté
10384,10384,2024-03-11,1800.99,PayPal,refusé
10385,10385,2022-03-07,815.65,Virement,refusé
10386,10386,2024-05-20,419.05,Carte,refusé
10387,10387,2025-06-29,1358.53,Carte,accepté
10388,10388,2020-01-09,443.13,PayPal,accepté
10389,10389,2022-05-29,1759.8,PayPal,refusé
10390,10390,2022-12-22,1890.61,PayPal,refusé
10391,10391,2023-04-16,1205.46,Virement,accepté
10392,10392,2022-09-20,1771.6,Carte,accepté
10393,10393,2023-05-08,1047.83,Virement,accepté
10394,10394,2022-03-17,411.33,Virement,refusé
10395,10395,2025-09-28,1819.69,Virement,refusé
10396,10396,2022-11-20,1461.04,PayPal,accepté
10397,10397,2024-04-14,569.19,Virement,accepté
10398,10398,2024-08-13,1677.33,Carte,refusé
10399,10399,2022-06-02,653.89,PayPal,accepté
10400,10400,2022-09-11,485.96,PayPal,accepté
10401,10401,2025-01-26,1931.52,Virement,accepté
10402,10402,2022-06-03,1627.44,Carte,refusé
10403,10403,2025-04-10,1910.86,Virement,accepté
10404,10404,2024-04-01,1353.56,Carte,accepté
10405,10405,2019-10-31,565.1,Virement,refusé
10406,10406,2019-05-04,1604.26,Virement,accepté
10407,10407,2023-01-28,154.49,Carte,accepté
10408,10408,2024-03-13,429.19,Virement,accepté
10409,10409,2019-06-20,184.96,PayPal,refusé
10410,10410,2021-03-12,901.95,Carte,refusé
10411,10411,2020-02-09,1390.6,PayPal,refusé
10412,10412,2025-03-27,852.16,Carte,accepté
10413,10413,2021-04-29,1656.99,PayPal,accepté
10414,10414,2022-01-01,1351.49,PayPal,refusé
10415,10415,2021-07-18,1425.55,Carte,accepté
10416,10416,2023-09-19,1337.86,Virement,refusé
10417,10417,2023-05-18,759.03,PayPal,refusé
10418,10418,2022-12-20,1417.37,Virement,refusé
10419,10419,2023-02-20,362.97,Virement,refusé
10420,10420,2021-11-09,64.73,Carte,refusé
10421,10421,2024-07-13,317.19,Virement,refusé
10422,10422,2022-12-16,561.46,Carte,refusé
10423,10423,2021-11-09,1746.97,Virement,accepté
10424,10424,2019-04-02,1251.74,PayPal,refusé
10425,10425,2023-08-05,907.87,Virement,refusé
10426,10426,2021-08-13,1485.4,Carte,accepté
10427,10427,2025-09-02,1650.04,Carte,refusé
10428,10428,2025-09-16,1677.1,PayPal,refusé
10429,10429,2022-07-21,1669.11,PayPal,refusé
10430,10430,2022-06-08,1343.89,Virement,refusé
10431,10431,2022-11-03,768.58,Virement,refusé
10432,10432,2020-03-30,957.73,Carte,accepté
10433,10433,2023-02-05,410.6,Virement,accepté
10434,10434,2025-05-24,1831.22,Virement,refusé
10435,10435,2019-07-07,1868.69,PayPal,accepté
10436,10436,2021-04-18,1457.0,Carte,accepté
10437,10437,2023-03-31,516.83,Virement,accepté
10438,10438,2019-10-28,1924.82,Virement,accepté
10439,10439,2023-11-22,1793.52,PayPal,refusé
10440,10440,2023-12-04,634.69,Virement,refusé
10441,10441,2019-08-04,1539.03,Virement,refusé
10442,10442,2021-04-21,1549.33,PayPal,accepté
10443,10443,2023-05-12,842.42,Carte,accepté
10444,10444,2021-01-07,573.79,Carte,refusé
10445,10445,2024-07-05,1514.83,Virement,refusé
10446,10446,2024-11-09,176.68,Carte,refusé
10447,10447,2021-08-17,1414.31,PayPal,accepté
10448,10448,2021-06-25,1383.84,PayPal,refusé
10449,10449,2020-10-10,78.39,PayPal,accepté
10450,10450,2023-09-17,1328.3,PayPal,refusé
10451,10451,2019-12-08,1381.62,Virement,accepté
10452,10452,2024-04-29,1830.87,Carte,refusé
10453,10453,2020-10-12,511.23,PayPal,refusé
10454,10454,2019-03-16,1439.74,Carte,accepté
10455,10455,2021-05-01,1209.73,Carte,refusé
10456,10456,2025-05-11,958.83,Virement,refusé
10457,10457,2025-02-25,365.36,Virement,refusé
10458,10458,2022-07-27,701.3,Carte,refusé
10459,10459,2024-01-29,1864.48,Carte,accepté
10460,10460,2020-08-02,851.3,Virement,refusé
10461,10461,2025-05-09,1164.69,PayPal,accepté
10462,10462,2024-09-02,701.03,Virement,refusé
10463,10463,2022-08-26,682.11,Virement,refusé
10464,10464,2023-12-21,1200.78,Virement,refusé
10465,10465,2024-07-18,339.71,Carte,refusé
10466,10466,2019-08-11,214.92,Carte,refusé
10467,10467,2025-11-06,205.59,PayPal,refusé
10468,10468,2023-06-18,917.65,PayPal,refusé
10469,10469,2022-05-28,1079.56,PayPal,refusé
10470,10470,2025-06-09,398.22,Carte,refusé
10471,10471,2022-07-10,1252.93,PayPal,accepté
10472,10472,2024-11-20,1222.36,Virement,accepté
10473,10473,2024-09-08,1807.64,Carte,accepté
10474,10474,2022-12-16,1793.15,PayPal,refusé
10475,10475,2019-01-16,1833.81,Virement,refusé
10476,10476,2022-08-25,209.1,Virement,refusé
10477,10477,2021-03-15,1371.27,PayPal,accepté
10478,10478,2024-03-12,1256.8,PayPal,refusé
10479,10479,2023-08-19,929.74,PayPal,refusé
10480,10480,2021-04-19,1015.55,Virement,accepté
10481,10481,2019-03-09,1161.42,PayPal,accepté
10482,10482,2021-08-13,291.4,PayPal,accepté
10483,10483,2024-08-16,1438.03,Carte,accepté
10484,10484,2022-10-05,524.72,Virement,accepté
10485,10485,2020-07-15,221.76,PayPal,refusé
10486,10486,2022-06-22,1759.88,Virement,refusé
10487,10487,2023-09-16,724.72,PayPal,accepté
10488,10488,2022-07-15,1687.97,Virement,refusé
10489,10489,2020-10-03,769.38,Carte,refusé
10490,10490,2025-10-12,1367.58,PayPal,accepté
10491,10491,2025-05-24,1442.43,PayPal,refusé
10492,10492,2024-09-06,416.64,PayPal,refusé
10493,10493,2019-04-27,1052.21,Virement,refusé
10494,10494,2020-09-26,1208.61,PayPal,refusé
10495,10495,2022-09-04,131.07,PayPal,accepté
10496,10496,2023-04-11,491.77,PayPal,accepté
10497,10497,2022-01-26,718.57,Carte,refusé
10498,10498,2024-02-25,422.33,Carte,accepté
10499,10499,2024-07-26,592.56,Virement,accepté
10500,10500,2025-09-13,1817.31,Virement,refusé
10501,10501,2025-12-31,775.77,PayPal,refusé
10502,10502,2019-10-30,930.72,PayPal,refusé
10503,10503,2021-08-02,1747.44,PayPal,refusé
10504,10504,2019-02-07,1491.54,PayPal,accepté
10505,10505,2021-06-23,1423.52,Virement,accepté
10506,10506,2022-12-08,1505.05,Virement,refusé
10507,10507,2025-04-18,1759.29,Carte,accepté
10508,10508,2019-01-30,1542.61,Carte,accepté
10509,10509,2021-02-20,23.89,Carte,accepté
10510,10510,2025-11-09,1276.57,PayPal,refusé
10511,10511,2025-07-15,1271.4,PayPal,accepté
10512,10512,2020-12-23,1079.86,Virement,refusé
10513,10513,2019-01-28,207.01,PayPal,refusé
10514,10514,2019-02-16,1248.79,Virement,refusé
10515,10515,2021-09-18,1459.82,Carte,refusé
10516,10516,2023-09-10,1119.94,Carte,refusé
10517,10517,2024-06-13,1715.35,PayPal,refusé
10518,10518,2024-07-12,1285.71,PayPal,accepté
10519,10519,2022-07-24,255.57,Carte,refusé
10520,10520,2022-07-18,1481.07,Carte,accepté
10521,10521,2021-11-11,1542.07,Carte,accepté
10522,10522,2021-07-21,575.25,Virement,accepté
10523,10523,2020-09-09,541.54,PayPal,refusé
10524,10524,2024-06-30,1589.3,PayPal,accepté
10525,10525,2019-06-12,200.02,PayPal,refusé
10526,10526,2024-08-22,1730.41,Carte,accepté
10527,10527,2022-07-10,119.59,PayPal,accepté
10528,10528,2025-08-15,554.77,Carte,refusé
10529,10529,2025-11-18,251.22,Virement,refusé
10530,10530,2021-03-14,935.79,Carte,refusé
10531,10531,2025-01-09,1533.83,Carte,refusé
10532,10532,2023-07-19,1085.45,PayPal,accepté
10533,10533,2022-08-21,640.2,PayPal,accepté
10534,10534,2024-04-07,269.91,PayPal,accepté
10535,10535,2021-11-30,999.48,PayPal,accepté
10536,10536,2020-09-19,604.57,Carte,accepté
10537,10537,2020-11-21,1024.42,Carte,refusé
10538,10538,2023-05-02,64.7,Carte,accepté
10539,10539,2021-10-10,989.73,Carte,accepté
10540,10540,2025-07-18,1069.87,Carte,refusé
10541,10541,2021-07-05,248.07,Virement,refusé
10542,10542,2022-11-22,1411.83,Carte,refusé
10543,10543,2021-10-01,1810.5,PayPal,accepté
10544,10544,2024-08-18,864.0,Carte,accepté
10545,10545,2024-07-06,762.15,PayPal,refusé
10546,10546,2021-08-10,211.29,PayPal,accepté
10547,10547,2025-06-14,1180.73,Virement,accepté
10548,10548,2023-02-09,67.62,Virement,refusé
10549,10549,2021-05-05,1606.89,Carte,accepté
10550,10550,2024-01-16,1204.07,PayPal,refusé
10551,10551,2020-09-27,141.03,Carte,accepté
10552,10552,2025-08-10,300.22,PayPal,refusé
10553,10553,2022-12-26,1461.88,PayPal,accepté
10554,10554,2020-03-03,1612.11,PayPal,accepté
10555,10555,2019-03-18,1320.27,Virement,refusé
10556,10556,2020-08-27,619.58,Carte,refusé
10557,10557,2025-04-20,1593.18,PayPal,refusé
10558,10558,2019-07-08,331.09,PayPal,accepté
10559,10559,2025-12-01,544.6,PayPal,refusé
10560,10560,2019-02-10,380.26,Virement,accepté
10561,10561,2019-06-24,1023.88,PayPal,refusé
10562,10562,2020-02-20,686.29,Carte,refusé
10563,10563,2025-04-12,527.38,PayPal,refusé
10564,10564,2019-06-26,565.75,Carte,accepté
10565,10565,2021-05-22,1109.61,PayPal,accepté
10566,10566,2020-06-23,1226.31,Virement,accepté
10567,10567,2022-08-08,936.16,PayPal,refusé
10568,10568,2023-02-01,102.22,Virement,accepté
10569,10569,2022-10-24,830.53,Carte,accepté
10570,10570,2020-03-22,390.94,Virement,refusé
10571,10571,2020-11-13,685.19,Virement,refusé
10572,10572,2022-01-08,315.62,Virement,accepté
10573,10573,2022-07-01,1545.01,Carte,accepté
10574,10574,2022-03-29,1335.11,Virement,accepté
10575,10575,2019-08-19,1051.19,PayPal,accepté
10576,10576,2023-12-18,578.04,PayPal,accepté
10577,10577,2021-02-05,1438.59,PayPal,refusé
10578,10578,2020-03-02,1564.57,Virement,accepté
10579,10579,2021-03-02,1755.65,Virement,accepté
10580,10580,2024-09-07,280.7,Carte,refusé
10581,10581,2019-06-30,1644.36,Virement,accepté
10582,10582,2022-04-10,1531.59,Virement,refusé
10583,10583,2023-01-13,600.75,PayPal,accepté
10584,10584,2023-06-16,700.71,Virement,refusé
10585,10585,2023-08-26,1335.27,Virement,accepté
10586,10586,2024-08-26,593.68,Virement,refusé
10587,10587,2021-08-23,1547.99,Carte,accepté
10588,10588,2021-02-19,1550.39,Virement,accepté
10589,10589,2021-11-05,184.88,Carte,accepté
10590,10590,2019-01-15,940.46,Virement,accepté
10591,10591,2023-02-04,707.82,Virement,accepté
10592,10592,2025-02-09,1019.59,Carte,accepté
10593,10593,2020-11-17,1802.42,Virement,accepté
10594,10594,2025-10-22,1410.12,Virement,accepté
10595,10595,2022-10-16,941.62,PayPal,refusé
10596,10596,2019-01-09,305.67,Carte,refusé
10597,10597,2024-06-01,412.32,Virement,refusé
10598,10598,2024-06-08,1412.36,Virement,accepté
10599,10599,2021-08-05,1695.9,Carte,accepté
10600,10600,2020-07-23,1736.64,Carte,refusé
10601,10601,2025-04-07,62.43,PayPal,accepté
10602,10602,2020-07-30,1357.72,Carte,accepté
10603,10603,2023-11-25,111.38,Virement,accepté
10604,10604,2023-02-01,643.87,PayPal,accepté
10605,10605,2023-07-28,1096.26,PayPal,refusé
10606,10606,2023-03-03,841.48,Carte,accepté
10607,10607,2023-07-24,367.93,PayPal,refusé
10608,10608,2025-01-28,1057.17,Carte,refusé
10609,10609,2022-09-02,443.58,Virement,refusé
10610,10610,2025-02-20,126.35,Virement,accepté
10611,10611,2019-12-27,1824.98,Carte,accepté
10612,10612,2024-04-18,1049.12,Carte,accepté
10613,10613,2020-02-23,227.62,Virement,accepté
10614,10614,2025-08-01,1773.08,PayPal,accepté
10615,10615,2021-04-06,1111.73,Virement,accepté
10616,10616,2019-05-06,1128.29,Carte,accepté
10617,10617,2022-04-23,744.44,PayPal,accepté
10618,10618,2020-05-28,1367.12,Carte,accepté
10619,10619,2023-12-09,292.78,PayPal,accepté
10620,10620,2021-04-25,207.68,PayPal,refusé
10621,10621,2023-09-29,881.56,Virement,accepté
10622,10622,2024-05-31,666.13,Virement,accepté
10623,10623,2020-08-01,1739.36,Virement,refusé
10624,10624,2019-09-28,721.76,Virement,refusé
10625,10625,2023-12-21,1726.98,Virement,refusé
10626,10626,2020-09-23,1881.14,Virement,refusé
10627,10627,2019-02-06,1023.96,PayPal,accepté
10628,10628,2023-12-29,801.71,PayPal,refusé
10629,10629,2024-06-01,1135.34,Carte,refusé
10630,10630,2019-01-13,1143.5,Carte,refusé
10631,10631,2023-10-16,1040.14,Carte,refusé
10632,10632,2025-09-23,1529.19,Carte,accepté
10633,10633,2020-02-03,390.18,Carte,accepté
10634,10634,2020-03-24,1766.34,PayPal,accepté
10635,10635,2019-10-12,115.74,Virement,accepté
10636,10636,2023-09-03,653.15,Carte,refusé
10637,10637,2022-02-04,582.33,Carte,accepté
10638,10638,2020-07-02,516.29,PayPal,accepté
10639,10639,2021-01-25,1889.72,Carte,refusé
10640,10640,2025-09-14,594.74,Carte,refusé
10641,10641,2022-07-31,481.86,Carte,accepté
10642,10642,2022-02-17,65.09,Carte,refusé
10643,10643,2021-05-23,178.99,Carte,accepté
10644,10644,2019-10-02,376.32,PayPal,accepté
10645,10645,2019-01-24,1719.06,PayPal,accepté
10646,10646,2019-06-22,1592.85,Virement,refusé
10647,10647,2022-04-10,1034.87,Carte,refusé
10648,10648,2023-12-29,1455.44,Virement,accepté
10649,10649,2023-07-15,537.35,Virement,accepté
10650,10650,2024-12-08,1834.15,Carte,refusé
10651,10651,2022-11-09,145.16,Virement,refusé
10652,10652,2019-10-17,221.86,PayPal,accepté
10653,10653,2020-06-27,520.66,Carte,accepté
10654,10654,2023-03-24,1815.6,Virement,accepté
10655,10655,2024-05-04,1747.39,Carte,refusé
10656,10656,2021-04-09,843.86,Carte,accepté
10657,10657,2025-12-25,1004.07,Virement,accepté
10658,10658,2021-11-05,641.29,PayPal,accepté
10659,10659,2025-03-03,1193.02,PayPal,refusé
10660,10660,2020-03-13,670.93,PayPal,refusé
10661,10661,2023-02-14,1802.54,Virement,accepté
10662,10662,2024-02-22,1154.3,Virement,accepté
10663,10663,2023-10-26,977.82,Carte,accepté
10664,10664,2019-11-16,698.67,Virement,refusé
10665,10665,2021-03-18,1150.57,Carte,refusé
10666,10666,2021-01-19,86.88,Virement,refusé
10667,10667,2025-06-28,1228.56,PayPal,accepté
10668,10668,2023-07-26,1162.95,PayPal,accepté
10669,10669,2021-11-24,136.88,Virement,refusé
10670,10670,2020-01-20,506.98,Carte,refusé
10671,10671,2019-01-05,492.14,Carte,refusé
10672,10672,2019-02-04,1045.52,Virement,accepté
10673,10673,2020-03-28,1121.52,PayPal,accepté
10674,10674,2024-04-24,1102.03,Virement,refusé
10675,10675,2023-12-20,1897.34,Carte,refusé
10676,10676,2020-09-11,851.82,Virement,refusé
10677,10677,2021-07-01,1622.41,Carte,refusé
10678,10678,2021-03-13,1263.8,PayPal,refusé
10679,10679,2024-12-18,255.41,Carte,refusé
10680,10680,2022-11-23,1948.33,PayPal,accepté
10681,10681,2019-12-05,632.5,PayPal,refusé
10682,10682,2025-04-22,349.77,PayPal,accepté
10683,10683,2019-10-21,1874.7,Virement,refusé
10684,10684,2024-04-28,1403.25,PayPal,refusé
10685,10685,2022-08-15,858.9,PayPal,accepté
10686,10686,2022-11-03,1919.74,Carte,refusé
10687,10687,2025-03-24,254.11,PayPal,refusé
10688,10688,2019-08-08,1601.96,Carte,accepté
10689,10689,2023-08-05,1713.58,PayPal,refusé
10690,10690,2022-03-03,1471.52,Virement,refusé
10691,10691,2019-05-17,1624.7,PayPal,refusé
10692,10692,2019-09-23,339.72,Carte,refusé
10693,10693,2021-05-09,1294.66,Carte,accepté
10694,10694,2021-09-10,1573.65,Carte,refusé
10695,10695,2025-06-14,1362.61,Virement,refusé
10696,10696,2024-07-12,1060.89,Carte,refusé
10697,10697,2021-07-25,1390.75,Carte,accepté
10698,10698,2022-06-08,92.56,PayPal,refusé
10699,10699,2025-06-09,1164.35,PayPal,accepté
10700,10700,2024-09-01,33.51,Virement,refusé
10701,10701,2019-08-30,560.05,PayPal,accepté
10702,10702,2020-08-26,1256.28,Carte,refusé
10703,10703,2023-04-09,195.14,Carte,accepté
10704,10704,2023-01-20,1908.23,Virement,accepté
10705,10705,2024-05-04,229.23,Carte,refusé
10706,10706,2025-08-09,1939.06,Virement,refusé
10707,10707,2020-12-08,898.04,Carte,refusé
10708,10708,2025-08-26,1989.74,Carte,accepté
10709,10709,2019-12-16,1753.06,Virement,refusé
10710,10710,2021-02-23,1356.85,PayPal,accepté
10711,10711,2019-12-16,985.34,Carte,accepté
10712,10712,2025-03-06,404.6,PayPal,accepté
10713,10713,2025-07-07,1326.15,PayPal,accepté
10714,10714,2021-02-15,1940.83,Virement,accepté
10715,10715,2025-10-10,1407.1,Virement,refusé
10716,10716,2023-08-27,1501.94,Virement,refusé
10717,10717,2019-01-28,1681.2,Virement,refusé
10718,10718,2024-06-29,1091.85,Virement,accepté
10719,10719,2019-08-24,1244.22,Carte,refusé
10720,10720,2021-11-10,643.08,Virement,accepté
10721,10721,2019-04-06,578.15,PayPal,refusé
10722,10722,2019-09-27,784.77,Carte,refusé
10723,10723,2025-07-22,685.21,PayPal,refusé
10724,10724,2025-12-02,1773.31,Carte,accepté
10725,10725,2020-04-15,618.84,PayPal,refusé
10726,10726,2020-05-13,1000.54,PayPal,accepté
10727,10727,2020-01-26,1138.99,Virement,refusé
10728,10728,2023-10-27,540.9,PayPal,refusé
10729,10729,2020-10-16,1086.71,Carte,refusé
10730,10730,2022-06-09,1940.53,PayPal,accepté
10731,10731,2020-11-21,1928.15,Carte,accepté
10732,10732,2021-08-12,1733.31,Virement,refusé
10733,10733,2019-10-10,1303.08,Virement,accepté
10734,10734,2020-12-17,1189.3,Virement,accepté
10735,10735,2019-03-21,1397.33,Virement,accepté
10736,10736,2019-05-05,750.23,PayPal,refusé
10737,10737,2019-08-17,450.3,Virement,accepté
10738,10738,2025-05-19,483.77,PayPal,accepté
10739,10739,2020-08-27,1217.83,PayPal,accepté
10740,10740,2025-01-16,741.76,Carte,accepté
10741,10741,2025-03-02,1337.74,PayPal,accepté
10742,10742,2019-08-12,1506.24,PayPal,refusé
10743,10743,2020-07-13,381.22,Virement,accepté
10744,10744,2025-05-20,722.46,Virement,refusé
10745,10745,2024-05-18,139.1,Carte,accepté
10746,10746,2022-08-14,1284.03,Carte,refusé
10747,10747,2020-10-26,1288.62,PayPal,refusé
10748,10748,2019-04-17,1302.7,Carte,refusé
10749,10749,2019-01-22,245.04,Virement,accepté
10750,10750,2021-06-16,1368.98,Virement,refusé
10751,10751,2023-07-30,317.85,Carte,refusé
10752,10752,2022-05-01,1554.36,PayPal,accepté
10753,10753,2023-06-17,1319.21,PayPal,accepté
10754,10754,2019-04-21,118.34,PayPal,accepté
10755,10755,2019-02-15,912.45,Virement,refusé
10756,10756,2020-03-05,1699.61,Carte,accepté
10757,10757,2023-02-26,1077.51,PayPal,accepté
10758,10758,2020-11-24,105.14,Carte,accepté
10759,10759,2024-03-31,877.77,Carte,accepté
10760,10760,2023-10-31,1738.22,Carte,refusé
10761,10761,2021-12-15,1500.91,Virement,accepté
10762,10762,2024-07-04,172.5,Virement,refusé
10763,10763,2024-10-22,477.59,PayPal,refusé
10764,10764,2021-06-28,193.12,PayPal,refusé
10765,10765,2019-11-05,131.67,Virement,accepté
10766,10766,2022-04-22,1810.2,Virement,refusé
10767,10767,2024-01-12,1205.86,Carte,refusé
10768,10768,2022-03-29,973.52,Virement,accepté
10769,10769,2023-11-28,121.44,PayPal,accepté
10770,10770,2022-07-14,1419.5,PayPal,accepté
10771,10771,2020-06-04,1759.14,Virement,accepté
10772,10772,2021-05-28,1655.4,PayPal,refusé
10773,10773,2022-01-14,1583.56,PayPal,accepté
10774,10774,2023-03-20,1729.54,Virement,refusé
10775,10775,2025-09-03,882.17,Carte,refusé
10776,10776,2021-05-15,659.27,Virement,accepté
10777,10777,2025-12-03,664.33,Carte,refusé
10778,10778,2023-02-03,53.51,Carte,accepté
10779,10779,2020-02-02,1573.62,Virement,accepté
10780,10780,2019-12-11,1331.89,Carte,refusé
10781,10781,2021-05-18,785.94,Virement,refusé
10782,10782,2025-01-04,340.26,Virement,refusé
10783,10783,2022-09-08,701.36,PayPal,accepté
10784,10784,2023-02-20,308.58,Carte,accepté
10785,10785,2025-04-28,788.03,PayPal,accepté
10786,10786,2022-12-09,58.61,PayPal,refusé
10787,10787,2025-09-25,1499.52,PayPal,refusé
10788,10788,2025-08-21,1891.24,Virement,accepté
10789,10789,2025-12-18,1449.1,Virement,refusé
10790,10790,2020-09-19,1149.37,PayPal,accepté
10791,10791,2022-10-19,1908.06,Virement,refusé
10792,10792,2020-10-02,790.96,Virement,accepté
10793,10793,2024-06-18,114.63,PayPal,accepté
10794,10794,2020-08-23,423.49,Virement,refusé
10795,10795,2019-03-02,1398.85,Carte,accepté
10796,10796,2019-03-23,1964.61,PayPal,accepté
10797,10797,2024-06-01,1791.68,Virement,accepté
10798,10798,2021-11-09,1125.64,Virement,refusé
10799,10799,2021-03-24,1756.12,Carte,accepté
10800,10800,2025-02-12,1813.9,PayPal,accepté
10801,10801,2025-04-30,403.87,Carte,accepté
10802,10802,2025-05-09,473.86,Virement,accepté
10803,10803,2019-04-03,1264.51,Carte,accepté
10804,10804,2022-11-01,543.82,PayPal,refusé
10805,10805,2019-01-20,463.05,Virement,accepté
10806,10806,2025-10-07,160.6,Carte,accepté
10807,10807,2020-09-12,1376.56,Virement,refusé
10808,10808,2019-07-25,1746.33,PayPal,accepté
10809,10809,2025-04-03,164.08,Virement,accepté
10810,10810,2022-03-10,1768.83,Carte,accepté
10811,10811,2024-08-27,1412.86,Carte,refusé
10812,10812,2024-08-10,1496.12,PayPal,refusé
10813,10813,2025-05-22,1767.68,Virement,accepté
10814,10814,2022-05-13,155.48,Carte,accepté
10815,10815,2025-05-09,1326.51,PayPal,accepté
10816,10816,2019-06-17,907.18,PayPal,accepté
10817,10817,2023-11-22,1846.05,Virement,refusé
10818,10818,2019-08-31,1652.14,Virement,accepté
10819,10819,2021-07-01,884.96,PayPal,refusé
10820,10820,2022-05-08,426.02,Carte,accepté
10821,10821,2024-03-27,74.49,PayPal,accepté
10822,10822,2022-11-25,662.67,PayPal,refusé
10823,10823,2025-02-28,1095.67,Carte,accepté
10824,10824,2025-06-12,504.35,Virement,refusé
10825,10825,2020-12-04,1097.68,Virement,accepté
10826,10826,2023-05-11,284.65,Virement,refusé
10827,10827,2024-03-21,243.0,PayPal,accepté
10828,10828,2024-09-25,1049.12,PayPal,refusé
10829,10829,2021-02-07,1370.9,Virement,refusé
10830,10830,2020-04-18,1247.59,Carte,accepté
10831,10831,2019-03-08,59.28,PayPal,accepté
10832,10832,2019-11-20,283.41,Virement,accepté
10833,10833,2024-04-10,814.43,Carte,refusé
10834,10834,2020-12-05,1227.9,Virement,refusé
10835,10835,2025-06-18,1714.45,Carte,accepté
10836,10836,2020-11-26,1194.66,PayPal,accepté
10837,10837,2020-09-03,1638.56,PayPal,accepté
10838,10838,2021-12-07,831.73,Carte,accepté
10839,10839,2020-10-01,1885.4,Virement,refusé
10840,10840,2024-07-09,1283.48,Virement,refusé
10841,10841,2025-07-04,204.73,Carte,accepté
10842,10842,2025-04-24,1779.22,PayPal,refusé
10843,10843,2025-05-08,173.34,Carte,accepté
10844,10844,2025-04-11,1826.98,Virement,accepté
10845,10845,2020-04-17,1815.67,Carte,refusé
10846,10846,2019-08-21,1066.57,Virement,accepté
10847,10847,2020-10-10,653.98,PayPal,accepté
10848,10848,2019-05-10,233.72,Virement,refusé
10849,10849,2024-12-10,86.37,Carte,refusé
10850,10850,2020-04-19,1460.45,PayPal,refusé
10851,10851,2022-02-04,900.93,Carte,accepté
10852,10852,2020-10-09,1510.52,Carte,accepté
10853,10853,2023-10-24,637.64,PayPal,refusé
10854,10854,2022-05-30,415.39,Carte,refusé
10855,10855,2019-01-17,151.29,PayPal,refusé
10856,10856,2025-08-12,1992.78,Virement,accepté
10857,10857,2025-09-06,1256.61,Carte,accepté
10858,10858,2019-08-30,976.06,Virement,refusé
10859,10859,2024-02-14,1673.93,PayPal,accepté
10860,10860,2024-05-05,34.38,PayPal,refusé
10861,10861,2022-08-30,232.15,Virement,refusé
10862,10862,2025-04-28,1863.38,PayPal,refusé
10863,10863,2022-03-25,571.34,PayPal,refusé
10864,10864,2023-09-19,1526.47,Virement,accepté
10865,10865,2022-03-27,30.82,Virement,refusé
10866,10866,2024-08-11,1062.73,Carte,refusé
10867,10867,2024-02-06,528.7,PayPal,accepté
10868,10868,2019-05-30,302.51,PayPal,accepté
10869,10869,2020-06-24,1666.01,Virement,accepté
10870,10870,2021-09-08,201.12,PayPal,accepté
10871,10871,2025-12-01,1185.13,PayPal,refusé
10872,10872,2026-01-01,1717.75,PayPal,refusé
10873,10873,2021-06-06,657.43,Carte,accepté
10874,10874,2025-04-29,1333.96,Carte,refusé
10875,10875,2022-10-19,1230.48,Virement,accepté
10876,10876,2021-05-18,978.96,PayPal,accepté
10877,10877,2019-06-14,26.28,Virement,refusé
10878,10878,2025-02-16,924.64,Carte,refusé
10879,10879,2024-12-23,555.83,Virement,accepté
10880,10880,2024-01-08,401.44,PayPal,refusé
10881,10881,2025-09-10,779.97,Virement,refusé
10882,10882,2020-09-28,1776.68,PayPal,refusé
10883,10883,2025-03-01,357.36,PayPal,accepté
10884,10884,2025-06-11,806.62,Carte,refusé
10885,10885,2023-01-12,662.57,Carte,refusé
10886,10886,2021-05-14,1934.38,Carte,refusé
10887,10887,2022-04-25,1371.83,Virement,refusé
10888,10888,2019-11-08,706.04,Carte,refusé
10889,10889,2025-07-02,1657.31,Virement,accepté
10890,10890,2020-02-11,926.08,PayPal,accepté
10891,10891,2019-11-02,617.62,Virement,refusé
10892,10892,2020-01-05,1091.32,PayPal,refusé
10893,10893,2025-02-17,718.2,Virement,refusé
10894,10894,2022-03-11,794.62,Virement,accepté
10895,10895,2025-06-01,1965.55,PayPal,refusé
10896,10896,2020-05-30,224.02,PayPal,accepté
10897,10897,2021-05-03,1403.91,Carte,accepté
10898,10898,2021-06-09,1631.87,PayPal,accepté
10899,10899,2019-06-03,260.91,PayPal,accepté
10900,10900,2023-08-12,280.18,Virement,accepté
10901,10901,2024-07-07,428.43,Carte,accepté
10902,10902,2024-01-19,1024.2,Virement,refusé
10903,10903,2023-01-09,899.34,Carte,refusé
10904,10904,2022-03-09,264.73,PayPal,accepté
10905,10905,2021-10-19,146.49,PayPal,accepté
10906,10906,2022-11-20,165.26,PayPal,accepté
10907,10907,2022-10-06,1973.2,Carte,refusé
10908,10908,2024-10-31,483.03,PayPal,refusé
10909,10909,2025-06-03,591.49,PayPal,refusé
10910,10910,2021-08-19,31.93,Carte,refusé
10911,10911,2025-02-26,661.97,Carte,refusé
10912,10912,2019-12-21,1430.01,Virement,accepté
10913,10913,2025-01-11,1614.96,Carte,refusé
10914,10914,2022-11-21,247.66,Virement,refusé
10915,10915,2025-07-26,1080.45,Carte,accepté
10916,10916,2022-12-01,743.6,PayPal,refusé
10917,10917,2022-12-29,773.25,Virement,refusé
10918,10918,2022-03-19,400.39,Carte,refusé
10919,10919,2023-11-01,898.74,Carte,refusé
10920,10920,2025-03-01,915.4,Virement,accepté
10921,10921,2024-02-02,1171.88,Virement,refusé
10922,10922,2023-10-01,841.93,Virement,refusé
10923,10923,2023-06-10,383.43,Virement,accepté
10924,10924,2025-03-19,1499.07,Virement,accepté
10925,10925,2025-07-17,1829.52,Virement,refusé
10926,10926,2023-04-27,714.97,Carte,refusé
10927,10927,2022-05-17,1611.99,Virement,refusé
10928,10928,2023-01-10,1699.14,Virement,refusé
10929,10929,2024-02-01,347.23,Carte,refusé
10930,10930,2022-10-21,1377.0,PayPal,refusé
10931,10931,2020-01-11,1674.36,Virement,accepté
10932,10932,2025-06-20,936.18,PayPal,refusé
10933,10933,2021-04-27,169.65,PayPal,refusé
10934,10934,2024-06-10,819.76,PayPal,accepté
10935,10935,2021-06-27,473.39,Carte,accepté
10936,10936,2023-05-30,1303.05,PayPal,accepté
10937,10937,2019-12-13,630.78,PayPal,refusé
10938,10938,2023-01-02,1825.47,PayPal,accepté
10939,10939,2024-04-16,618.94,PayPal,refusé
10940,10940,2019-08-31,1248.93,Carte,accepté
10941,10941,2025-12-29,1823.04,PayPal,refusé
10942,10942,2019-05-24,50.72,Carte,accepté
10943,10943,2019-06-23,534.36,Carte,accepté
10944,10944,2025-11-08,241.58,Carte,refusé
10945,10945,2024-12-22,1156.05,PayPal,accepté
10946,10946,2023-02-05,1789.45,Carte,accepté
10947,10947,2021-02-07,996.94,Carte,refusé
10948,10948,2022-09-04,24.84,PayPal,accepté
10949,10949,2023-08-23,1224.24,PayPal,refusé
10950,10950,2023-09-12,970.93,PayPal,accepté
10951,10951,2024-04-30,1905.74,Virement,accepté
10952,10952,2020-11-02,1257.23,PayPal,refusé
10953,10953,2021-10-12,480.51,Virement,refusé
10954,10954,2021-06-21,945.59,Virement,refusé
10955,10955,2024-08-15,1950.84,Carte,accepté
10956,10956,2022-05-18,1102.34,Virement,accepté
10957,10957,2025-03-08,1044.39,Carte,refusé
10958,10958,2024-05-12,1737.91,Virement,refusé
10959,10959,2020-07-12,1516.14,Virement,refusé
10960,10960,2022-05-10,1306.23,Virement,accepté
10961,10961,2023-08-27,809.78,PayPal,refusé
10962,10962,2025-01-19,1019.18,PayPal,accepté
10963,10963,2024-06-21,1046.61,Carte,accepté
10964,10964,2024-10-10,1628.04,Virement,accepté
10965,10965,2020-10-07,995.87,Carte,accepté
10966,10966,2022-08-10,86.43,Virement,accepté
10967,10967,2023-10-17,746.94,Virement,refusé
10968,10968,2024-06-20,175.12,Virement,refusé
10969,10969,2020-02-18,1525.59,Carte,refusé
10970,10970,2023-08-26,986.7,Virement,refusé
10971,10971,2022-03-12,1106.21,PayPal,accepté
10972,10972,2024-04-01,1029.97,Virement,accepté
10973,10973,2025-10-13,1765.64,Carte,accepté
10974,10974,2019-04-26,324.27,Virement,accepté
10975,10975,2022-06-17,1102.89,Virement,refusé
10976,10976,2023-09-20,1775.62,Carte,refusé
10977,10977,2022-03-24,656.62,PayPal,accepté
10978,10978,2024-12-14,869.88,Carte,accepté
10979,10979,2022-04-07,787.65,PayPal,refusé
10980,10980,2021-01-13,1017.33,Virement,accepté
10981,10981,2020-07-27,1727.33,PayPal,refusé
10982,10982,2019-10-16,1180.44,Carte,accepté
10983,10983,2024-06-25,1294.53,PayPal,accepté
10984,10984,2020-04-28,696.54,Virement,accepté
10985,10985,2020-08-05,941.07,PayPal,refusé
10986,10986,2020-01-10,1137.99,PayPal,accepté
10987,10987,2020-11-30,1538.55,Virement,accepté
10988,10988,2025-05-16,966.69,Virement,refusé
10989,10989,2023-08-14,318.95,Virement,accepté
10990,10990,2023-04-15,333.61,Carte,accepté
10991,10991,2021-06-11,1063.31,Virement,accepté
10992,10992,2023-03-06,632.54,Virement,refusé
10993,10993,2019-03-02,506.57,Carte,accepté
10994,10994,2024-02-13,1718.77,Carte,refusé
10995,10995,2024-08-15,1953.13,Carte,refusé
10996,10996,2021-05-12,1796.2,Carte,accepté
10997,10997,2024-01-05,1830.03,PayPal,accepté
10998,10998,2025-08-01,323.93,Carte,accepté
10999,10999,2024-02-13,1240.61,Virement,refusé
11000,11000,2023-05-25,1798.12,PayPal,refusé
11001,11001,2024-07-19,249.99,Virement,refusé
11002,11002,2019-09-10,52.17,Carte,accepté
11003,11003,2023-05-11,237.99,Carte,refusé
11004,11004,2020-05-25,969.91,Carte,accepté
11005,11005,2019-07-17,646.44,PayPal,accepté
11006,11006,2022-02-25,276.9,PayPal,refusé
11007,11007,2025-04-26,1697.82,PayPal,accepté
11008,11008,2019-08-30,1370.61,Carte,refusé
11009,11009,2024-03-16,993.77,Virement,refusé
11010,11010,2025-08-21,462.54,Carte,refusé
11011,11011,2023-02-11,456.79,Carte,accepté
11012,11012,2022-06-23,1765.84,PayPal,refusé
11013,11013,2025-08-11,867.71,Carte,accepté
11014,11014,2022-08-22,932.7,Virement,refusé
11015,11015,2024-11-05,1301.05,PayPal,refusé
11016,11016,2021-10-22,154.07,PayPal,refusé
11017,11017,2022-02-11,747.72,Virement,refusé
11018,11018,2025-10-19,1938.98,Virement,accepté
11019,11019,2019-03-25,306.19,Virement,accepté
11020,11020,2021-05-26,455.6,Carte,refusé
11021,11021,2025-11-07,1138.12,Virement,refusé
11022,11022,2024-10-08,1548.96,Carte,refusé
11023,11023,2023-08-09,574.95,PayPal,refusé
11024,11024,2024-11-04,1160.14,Carte,refusé
11025,11025,2019-04-29,806.13,Carte,accepté
11026,11026,2024-10-21,1293.93,PayPal,refusé
11027,11027,2020-07-13,1060.88,Carte,accepté
11028,11028,2025-03-14,742.12,PayPal,refusé
11029,11029,2023-10-16,1632.72,Virement,accepté
11030,11030,2023-06-22,1963.8,Carte,accepté
11031,11031,2020-04-17,789.56,PayPal,refusé
11032,11032,2021-04-29,990.97,PayPal,accepté
11033,11033,2023-10-27,27.48,PayPal,refusé
11034,11034,2022-10-15,45.16,Carte,refusé
11035,11035,2023-11-17,620.14,Virement,accepté
11036,11036,2019-11-08,1521.75,Carte,accepté
11037,11037,2022-02-14,48.05,Carte,refusé
11038,11038,2020-05-23,369.38,Carte,accepté
11039,11039,2024-06-26,642.64,Virement,accepté
11040,11040,2025-11-09,1834.49,Virement,accepté
11041,11041,2023-10-06,203.8,Carte,refusé
11042,11042,2024-07-30,1608.72,Virement,accepté
11043,11043,2025-12-28,1269.25,PayPal,refusé
11044,11044,2023-08-01,29.74,Carte,accepté
11045,11045,2022-08-06,748.28,Carte,accepté
11046,11046,2022-12-07,605.57,Carte,accepté
11047,11047,2021-10-10,1271.58,Virement,accepté
11048,11048,2024-03-22,1002.8,Carte,accepté
11049,11049,2019-07-24,1046.76,PayPal,refusé
11050,11050,2024-03-07,828.64,Carte,refusé
11051,11051,2024-07-14,102.42,Carte,refusé
11052,11052,2022-01-07,1457.38,Virement,accepté
11053,11053,2019-07-10,1341.1,PayPal,refusé
11054,11054,2020-04-05,664.87,Carte,accepté
11055,11055,2023-12-20,1443.3,Virement,refusé
11056,11056,2022-08-26,1914.8,Virement,refusé
11057,11057,2024-01-16,1055.73,Carte,refusé
11058,11058,2019-07-18,443.14,Virement,refusé
11059,11059,2024-07-16,1784.41,PayPal,accepté
11060,11060,2025-11-13,1679.84,Carte,accepté
11061,11061,2025-06-10,727.74,Virement,accepté
11062,11062,2024-08-29,241.63,PayPal,refusé
11063,11063,2025-12-20,846.16,Carte,refusé
11064,11064,2020-03-23,1121.33,Carte,refusé
11065,11065,2019-06-10,849.74,PayPal,accepté
11066,11066,2022-10-16,1076.41,Carte,accepté
11067,11067,2019-06-08,332.05,Carte,refusé
11068,11068,2021-01-19,701.09,Virement,refusé
11069,11069,2020-10-14,947.7,Carte,accepté
11070,11070,2021-07-01,1723.86,Virement,refusé
11071,11071,2022-01-29,450.96,Carte,refusé
11072,11072,2020-01-13,1956.8,Carte,accepté
11073,11073,2025-02-05,537.63,Carte,accepté
11074,11074,2020-08-29,1710.87,Virement,accepté
11075,11075,2020-06-05,562.44,PayPal,accepté
11076,11076,2021-10-22,284.3,Carte,accepté
11077,11077,2025-04-13,406.68,PayPal,accepté
11078,11078,2023-04-18,150.99,Carte,accepté
11079,11079,2022-11-16,1649.9,Carte,accepté
11080,11080,2020-07-06,537.98,PayPal,refusé
11081,11081,2020-12-19,176.54,Carte,accepté
11082,11082,2019-05-04,425.38,Virement,refusé
11083,11083,2024-06-12,784.14,PayPal,refusé
11084,11084,2021-02-26,1201.88,Carte,accepté
11085,11085,2025-09-20,619.09,PayPal,refusé
11086,11086,2025-11-05,331.44,Carte,refusé
11087,11087,2024-12-12,32.86,PayPal,accepté
11088,11088,2019-09-30,1161.4,PayPal,accepté
11089,11089,2020-09-02,324.66,Carte,accepté
11090,11090,2020-11-18,197.97,Virement,accepté
11091,11091,2021-01-28,136.12,PayPal,accepté
11092,11092,2025-01-27,1068.66,PayPal,accepté
11093,11093,2022-07-14,308.11,Virement,accepté
11094,11094,2023-03-10,1602.66,PayPal,refusé
11095,11095,2025-01-11,149.13,Carte,accepté
11096,11096,2020-01-25,717.22,PayPal,refusé
11097,11097,2023-10-29,1511.0,Virement,accepté
11098,11098,2025-01-22,160.53,PayPal,refusé
11099,11099,2019-05-20,718.89,PayPal,accepté
11100,11100,2025-12-29,135.12,Carte,refusé
11101,11101,2024-05-06,667.46,Virement,accepté
11102,11102,2025-08-25,1213.85,Virement,refusé
11103,11103,2021-03-18,943.2,Carte,accepté
11104,11104,2020-08-05,222.55,Virement,accepté
11105,11105,2022-10-18,1781.66,Virement,refusé
11106,11106,2022-08-07,1718.49,Carte,refusé
11107,11107,2020-03-06,1521.71,Carte,refusé
11108,11108,2020-02-23,483.64,Carte,refusé
11109,11109,2023-06-08,458.26,Carte,refusé
11110,11110,2022-08-08,1359.76,PayPal,accepté
11111,11111,2020-08-24,649.02,Carte,accepté
11112,11112,2019-08-02,493.37,PayPal,refusé
11113,11113,2023-10-29,1211.9,Carte,refusé
11114,11114,2021-07-05,111.9,PayPal,refusé
11115,11115,2020-12-18,1227.43,Virement,refusé
11116,11116,2023-04-09,218.81,Virement,accepté
11117,11117,2019-05-18,1547.11,Virement,accepté
11118,11118,2021-09-19,474.34,PayPal,refusé
11119,11119,2020-03-03,1778.43,PayPal,refusé
11120,11120,2023-06-15,1543.19,Carte,accepté
11121,11121,2020-05-28,1331.78,Carte,refusé
11122,11122,2021-05-26,403.95,Carte,accepté
11123,11123,2022-07-18,896.09,PayPal,accepté
11124,11124,2025-09-27,700.08,Carte,accepté
11125,11125,2019-11-11,1855.7,Virement,accepté
11126,11126,2022-02-05,554.11,PayPal,refusé
11127,11127,2021-01-13,1645.27,Carte,accepté
11128,11128,2019-10-15,1253.3,PayPal,refusé
11129,11129,2024-05-23,925.36,PayPal,refusé
11130,11130,2024-01-16,1110.43,Virement,refusé
11131,11131,2020-10-19,1705.9,PayPal,accepté
11132,11132,2025-03-05,525.54,Carte,accepté
11133,11133,2024-04-11,1360.28,PayPal,accepté
11134,11134,2024-09-17,595.05,Carte,accepté
11135,11135,2022-09-08,1158.35,PayPal,accepté
11136,11136,2025-10-19,212.81,Virement,accepté
11137,11137,2021-01-13,1452.58,PayPal,refusé
11138,11138,2020-12-10,1638.22,PayPal,refusé
11139,11139,2024-04-19,610.4,PayPal,accepté
11140,11140,2022-07-23,107.65,Carte,accepté
11141,11141,2025-02-01,289.32,Carte,accepté
11142,11142,2023-10-07,777.54,Carte,refusé
11143,11143,2021-09-25,1890.48,Virement,refusé
11144,11144,2020-10-13,904.93,Virement,accepté
11145,11145,2021-02-22,1607.83,Carte,accepté
11146,11146,2021-08-12,1920.59,Carte,refusé
11147,11147,2020-12-29,1530.87,Carte,accepté
11148,11148,2019-11-27,1177.88,Carte,refusé
11149,11149,2023-12-14,1304.68,Carte,refusé
11150,11150,2019-06-04,620.03,Virement,accepté
11151,11151,2021-11-13,247.28,Carte,accepté
11152,11152,2025-06-19,1048.3,Virement,accepté
11153,11153,2019-04-29,1461.13,PayPal,refusé
11154,11154,2024-07-18,1040.33,PayPal,accepté
11155,11155,2019-11-14,1561.66,Carte,refusé
11156,11156,2022-03-25,927.13,PayPal,refusé
11157,11157,2023-11-09,279.16,PayPal,refusé
11158,11158,2019-01-28,1163.54,Carte,refusé
11159,11159,2023-07-26,571.22,Virement,refusé
11160,11160,2022-03-28,472.13,PayPal,refusé
11161,11161,2020-09-13,816.22,Carte,accepté
11162,11162,2022-08-23,1093.63,PayPal,refusé
11163,11163,2020-02-21,116.27,Virement,accepté
11164,11164,2020-08-29,863.95,Virement,accepté
11165,11165,2024-03-18,1681.73,Carte,accepté
11166,11166,2022-12-04,1843.52,PayPal,refusé
11167,11167,2022-06-21,1004.07,Virement,accepté
11168,11168,2025-10-10,1872.54,Carte,accepté
11169,11169,2023-09-05,1931.78,Virement,refusé
11170,11170,2022-02-16,790.23,Carte,refusé
11171,11171,2024-10-02,975.85,Carte,accepté
11172,11172,2021-02-11,539.24,Virement,refusé
11173,11173,2019-12-24,231.67,Virement,accepté
11174,11174,2020-08-13,655.43,PayPal,accepté
11175,11175,2024-07-25,1434.51,Carte,accepté
11176,11176,2023-09-11,874.43,Carte,accepté
11177,11177,2020-07-03,1219.62,PayPal,accepté
11178,11178,2021-05-28,662.57,Carte,accepté
11179,11179,2019-05-12,1866.91,PayPal,accepté
11180,11180,2024-12-02,1836.47,Carte,refusé
11181,11181,2022-01-11,563.29,Carte,accepté
11182,11182,2025-09-28,1842.35,PayPal,accepté
11183,11183,2024-03-30,253.0,Carte,accepté
11184,11184,2025-09-20,891.37,Carte,accepté
11185,11185,2019-08-28,244.38,PayPal,accepté
11186,11186,2025-05-28,1440.93,Virement,accepté
11187,11187,2023-08-17,174.88,PayPal,accepté
11188,11188,2023-02-04,1170.19,Carte,refusé
11189,11189,2026-01-04,983.58,Virement,refusé
11190,11190,2025-12-24,262.77,Carte,refusé
11191,11191,2025-05-10,380.32,PayPal,refusé
11192,11192,2023-07-17,367.0,Carte,refusé
11193,11193,2023-03-17,1997.21,PayPal,accepté
11194,11194,2022-03-20,848.03,PayPal,refusé
11195,11195,2025-03-18,362.65,PayPal,accepté
11196,11196,2025-08-27,156.75,Virement,refusé
11197,11197,2023-11-10,298.16,Virement,accepté
11198,11198,2019-04-10,1400.43,Carte,accepté
11199,11199,2023-07-15,1050.14,Carte,accepté
11200,11200,2021-02-08,1555.8,Virement,refusé
11201,11201,2022-09-21,1988.59,Carte,accepté
11202,11202,2023-07-08,998.9,PayPal,accepté
11203,11203,2024-07-08,794.53,PayPal,accepté
11204,11204,2025-02-04,1769.18,Virement,refusé
11205,11205,2023-10-31,1705.54,PayPal,accepté
11206,11206,2019-06-21,95.03,Carte,accepté
11207,11207,2025-11-28,1161.25,Virement,refusé
11208,11208,2022-05-28,344.9,Virement,accepté
11209,11209,2020-08-18,1644.54,Virement,accepté
11210,11210,2021-02-08,79.11,PayPal,refusé
11211,11211,2020-12-24,1821.88,Virement,refusé
11212,11212,2020-12-25,1705.36,PayPal,refusé
11213,11213,2019-03-09,1518.77,PayPal,accepté
11214,11214,2021-09-18,76.97,PayPal,accepté
11215,11215,2023-08-27,454.25,Virement,accepté
11216,11216,2020-02-20,45.16,Carte,accepté
11217,11217,2019-08-14,392.39,Carte,accepté
11218,11218,2024-03-24,191.93,PayPal,accepté
11219,11219,2024-08-09,876.58,Virement,accepté
11220,11220,2022-08-13,1972.4,Carte,refusé
11221,11221,2023-08-08,1029.65,Carte,accepté
11222,11222,2020-03-13,1580.03,Virement,refusé
11223,11223,2022-08-24,659.05,Virement,refusé
11224,11224,2023-08-07,101.97,PayPal,accepté
11225,11225,2021-10-07,782.14,Virement,accepté
11226,11226,2020-03-12,1696.4,Carte,accepté
11227,11227,2024-07-24,983.22,Virement,accepté
11228,11228,2022-08-12,1747.86,Virement,refusé
11229,11229,2023-03-04,483.87,Carte,refusé
11230,11230,2024-12-02,1607.45,Virement,accepté
11231,11231,2024-01-23,1638.24,Carte,accepté
11232,11232,2021-03-02,815.57,Carte,refusé
11233,11233,2019-05-03,1525.75,Virement,refusé
11234,11234,2021-07-13,725.96,PayPal,refusé
11235,11235,2021-12-08,1917.76,Virement,refusé
11236,11236,2019-06-16,603.29,PayPal,refusé
11237,11237,2025-06-01,1894.1,Virement,accepté
11238,11238,2019-05-25,365.18,Virement,refusé
11239,11239,2025-05-03,517.75,PayPal,refusé
11240,11240,2023-06-05,129.84,PayPal,accepté
11241,11241,2024-08-04,1607.59,PayPal,refusé
11242,11242,2025-12-05,269.64,PayPal,refusé
11243,11243,2023-05-29,1420.91,Virement,refusé
11244,11244,2023-12-13,1607.69,Virement,accepté
11245,11245,2021-08-04,857.36,Carte,accepté
11246,11246,2024-01-17,1340.16,Carte,accepté
11247,11247,2023-01-13,1528.09,Virement,refusé
11248,11248,2024-09-05,993.65,Virement,accepté
11249,11249,2021-12-07,175.25,PayPal,accepté
11250,11250,2021-01-28,417.04,PayPal,accepté
11251,11251,2023-01-10,1966.0,Carte,accepté
11252,11252,2021-07-05,113.84,Virement,refusé
11253,11253,2025-02-03,241.04,Carte,refusé
11254,11254,2021-01-07,1820.81,PayPal,refusé
11255,11255,2019-04-01,1021.7,Carte,refusé
11256,11256,2023-06-29,468.17,PayPal,accepté
11257,11257,2020-02-09,1334.41,Carte,accepté
11258,11258,2020-02-18,983.42,Carte,accepté
11259,11259,2022-07-17,1264.58,Virement,refusé
11260,11260,2019-10-01,404.79,Carte,refusé
11261,11261,2023-06-12,658.95,Carte,refusé
11262,11262,2021-09-12,1496.98,Virement,accepté
11263,11263,2019-11-23,46.32,PayPal,accepté
11264,11264,2022-03-22,1345.57,Carte,accepté
11265,11265,2022-09-29,683.82,PayPal,refusé
11266,11266,2019-05-10,438.33,Virement,accepté
11267,11267,2023-05-28,745.08,Carte,refusé
11268,11268,2020-01-26,1139.86,Carte,accepté
11269,11269,2019-11-22,215.2,Carte,refusé
11270,11270,2022-07-18,127.31,PayPal,refusé
11271,11271,2021-03-12,1379.3,Carte,accepté
11272,11272,2020-05-14,1469.37,PayPal,refusé
11273,11273,2023-06-11,1305.33,Carte,accepté
11274,11274,2021-05-19,1402.72,Carte,accepté
11275,11275,2021-04-07,1495.55,Carte,accepté
11276,11276,2023-06-03,1977.13,Virement,refusé
11277,11277,2019-07-23,1375.81,Carte,accepté
11278,11278,2021-05-03,769.57,Virement,refusé
11279,11279,2021-10-07,492.74,Carte,accepté
11280,11280,2022-02-03,686.41,Carte,refusé
11281,11281,2019-03-22,1230.79,PayPal,accepté
11282,11282,2024-06-14,233.63,PayPal,refusé
11283,11283,2025-06-07,484.26,PayPal,accepté
11284,11284,2025-01-15,307.5,Virement,refusé
11285,11285,2023-12-03,899.82,Virement,refusé
11286,11286,2021-05-30,1988.14,Carte,refusé
11287,11287,2020-11-22,1453.64,PayPal,refusé
11288,11288,2019-11-09,590.51,PayPal,refusé
11289,11289,2021-05-29,1862.76,Virement,refusé
11290,11290,2019-03-23,1145.16,Virement,accepté
11291,11291,2021-07-29,1706.19,Carte,refusé
11292,11292,2023-10-30,835.94,Virement,accepté
11293,11293,2020-06-13,344.76,Virement,accepté
11294,11294,2023-10-01,1395.07,Carte,refusé
11295,11295,2019-04-06,538.21,Virement,accepté
11296,11296,2022-12-29,154.42,Virement,refusé
11297,11297,2020-07-17,1467.25,Virement,refusé
11298,11298,2019-04-01,284.2,PayPal,refusé
11299,11299,2023-12-03,412.64,Carte,refusé
11300,11300,2021-02-25,1810.99,Virement,refusé
11301,11301,2022-05-24,1475.49,Carte,refusé
11302,11302,2020-10-25,968.15,Virement,accepté
11303,11303,2025-04-04,1700.56,Virement,refusé
11304,11304,2023-09-07,1334.54,Carte,accepté
11305,11305,2021-08-02,234.66,Virement,accepté
11306,11306,2019-08-17,842.2,Virement,accepté
11307,11307,2023-12-21,118.77,Virement,refusé
11308,11308,2023-06-04,672.49,PayPal,refusé
11309,11309,2024-09-01,363.63,PayPal,accepté
11310,11310,2021-02-11,62.27,Virement,accepté
11311,11311,2022-01-19,1051.0,Virement,refusé
11312,11312,2024-06-05,1104.19,Carte,refusé
11313,11313,2025-07-13,1468.06,Carte,accepté
11314,11314,2022-07-11,1535.65,Carte,refusé
11315,11315,2020-08-03,1049.36,Virement,accepté
11316,11316,2020-02-18,659.45,Carte,accepté
11317,11317,2022-01-13,1059.23,Carte,refusé
11318,11318,2020-05-28,714.03,Carte,refusé
11319,11319,2021-05-15,1797.06,Carte,refusé
11320,11320,2021-03-23,743.36,PayPal,accepté
11321,11321,2022-02-05,1111.5,Virement,refusé
11322,11322,2024-07-05,531.08,Virement,refusé
11323,11323,2020-04-17,1988.91,PayPal,refusé
11324,11324,2022-07-24,1240.58,Virement,accepté
11325,11325,2025-01-20,428.4,Virement,refusé
11326,11326,2019-02-03,687.54,PayPal,refusé
11327,11327,2024-01-25,1862.06,Virement,accepté
11328,11328,2023-09-15,1688.69,PayPal,accepté
11329,11329,2023-03-24,531.46,Carte,refusé
11330,11330,2023-05-02,712.39,PayPal,accepté
11331,11331,2023-07-13,100.84,PayPal,refusé
11332,11332,2024-03-24,746.95,Carte,refusé
11333,11333,2022-10-02,911.06,PayPal,refusé
11334,11334,2020-01-20,99.45,Carte,refusé
11335,11335,2025-11-20,1446.63,Virement,refusé
11336,11336,2024-03-30,1661.68,Carte,accepté
11337,11337,2025-05-10,1540.14,Virement,accepté
11338,11338,2025-10-15,247.47,PayPal,accepté
11339,11339,2020-03-04,1621.22,Carte,refusé
11340,11340,2025-01-10,1358.6,PayPal,refusé
11341,11341,2021-08-19,657.54,PayPal,refusé
11342,11342,2019-08-12,1144.97,Virement,accepté
11343,11343,2020-12-27,1407.3,PayPal,refusé
11344,11344,2025-10-02,990.51,Virement,accepté
11345,11345,2023-06-18,1128.35,Virement,refusé
11346,11346,2025-06-18,1945.14,Carte,refusé
11347,11347,2019-01-25,1235.78,PayPal,refusé
11348,11348,2024-03-30,1606.82,Virement,accepté
11349,11349,2024-09-19,1690.29,Virement,accepté
11350,11350,2024-10-06,1422.86,Carte,accepté
11351,11351,2021-12-01,1708.5,Virement,refusé
11352,11352,2022-11-23,1766.07,PayPal,refusé
11353,11353,2019-12-15,1574.94,Carte,accepté
11354,11354,2021-07-03,999.49,Virement,refusé
11355,11355,2024-07-21,1803.27,PayPal,refusé
11356,11356,2024-11-03,1897.77,PayPal,accepté
11357,11357,2020-07-25,989.45,Carte,refusé
11358,11358,2025-02-11,999.65,Carte,accepté
11359,11359,2020-05-28,847.95,Carte,refusé
11360,11360,2025-03-09,141.35,PayPal,accepté
11361,11361,2022-01-23,728.5,Carte,refusé
11362,11362,2019-06-07,1043.96,PayPal,accepté
11363,11363,2021-09-17,485.26,Carte,accepté
11364,11364,2019-03-03,337.49,Virement,refusé
11365,11365,2022-03-25,398.66,Virement,accepté
11366,11366,2021-10-31,105.22,Carte,accepté
11367,11367,2023-03-10,128.08,PayPal,refusé
11368,11368,2024-01-14,229.95,PayPal,refusé
11369,11369,2022-05-09,1961.83,Carte,accepté
11370,11370,2022-08-30,413.58,Virement,refusé
11371,11371,2025-01-18,23.46,PayPal,accepté
11372,11372,2019-06-30,1322.74,PayPal,refusé
11373,11373,2020-12-06,299.88,Carte,refusé
11374,11374,2023-10-26,668.42,PayPal,refusé
11375,11375,2019-09-19,206.43,PayPal,accepté
11376,11376,2020-10-16,599.37,PayPal,accepté
11377,11377,2019-03-04,707.9,Virement,accepté
11378,11378,2022-12-01,1372.07,PayPal,accepté
11379,11379,2019-11-10,639.54,PayPal,accepté
11380,11380,2023-09-03,1140.43,PayPal,accepté
11381,11381,2020-07-25,1681.41,PayPal,refusé
11382,11382,2020-01-03,683.9,Carte,accepté
11383,11383,2024-02-25,1103.88,PayPal,accepté
11384,11384,2019-03-14,1369.83,Carte,refusé
11385,11385,2020-06-10,27.9,Carte,accepté
11386,11386,2022-06-29,807.97,Carte,refusé
11387,11387,2025-03-02,706.26,Carte,accepté
11388,11388,2020-07-02,596.29,Virement,refusé
11389,11389,2022-05-22,1659.34,Virement,refusé
11390,11390,2024-05-19,1194.78,Carte,refusé
11391,11391,2019-03-28,1961.91,Carte,accepté
11392,11392,2024-07-01,1207.84,PayPal,refusé
11393,11393,2022-11-12,560.78,Virement,accepté
11394,11394,2022-07-10,1872.09,Virement,refusé
11395,11395,2019-03-25,941.09,Virement,accepté
11396,11396,2022-12-24,1534.04,Virement,refusé
11397,11397,2023-03-22,849.76,PayPal,refusé
11398,11398,2025-04-17,884.32,PayPal,refusé
11399,11399,2025-12-17,82.86,PayPal,refusé
11400,11400,2020-07-02,1473.22,PayPal,accepté
11401,11401,2019-04-09,741.18,PayPal,accepté
11402,11402,2025-06-14,305.06,PayPal,accepté
11403,11403,2024-10-08,329.8,PayPal,refusé
11404,11404,2022-08-24,138.58,PayPal,accepté
11405,11405,2019-05-10,969.48,Carte,accepté
11406,11406,2021-03-21,939.09,Virement,accepté
11407,11407,2022-09-27,683.7,Virement,accepté
11408,11408,2021-01-16,765.92,Virement,refusé
11409,11409,2020-12-09,368.54,Virement,accepté
11410,11410,2022-05-17,301.68,Virement,accepté
11411,11411,2022-02-19,1438.23,Carte,refusé
11412,11412,2019-01-25,480.05,PayPal,refusé
11413,11413,2020-12-17,680.57,Virement,refusé
11414,11414,2019-10-22,184.18,Carte,accepté
11415,11415,2024-07-17,1910.98,PayPal,accepté
11416,11416,2023-09-13,731.65,PayPal,accepté
11417,11417,2025-09-10,50.34,PayPal,accepté
11418,11418,2022-03-20,658.05,Virement,refusé
11419,11419,2020-09-08,626.27,PayPal,accepté
11420,11420,2023-11-04,1618.74,Virement,refusé
11421,11421,2023-09-28,1899.24,Carte,refusé
11422,11422,2020-03-28,1274.99,Virement,refusé
11423,11423,2023-10-23,1130.82,Carte,refusé
11424,11424,2022-06-17,1657.99,PayPal,refusé
11425,11425,2021-04-03,656.25,PayPal,refusé
11426,11426,2025-07-08,1081.25,PayPal,refusé
11427,11427,2022-06-09,919.22,Carte,refusé
11428,11428,2025-06-03,62.0,Carte,accepté
11429,11429,2019-07-02,1056.74,Virement,refusé
11430,11430,2020-11-13,341.18,Carte,refusé
11431,11431,2022-05-25,1204.25,Virement,accepté
11432,11432,2025-01-26,580.08,Virement,refusé
11433,11433,2023-03-15,266.78,Carte,accepté
11434,11434,2022-07-26,1896.31,Virement,accepté
11435,11435,2019-06-05,1540.4,Carte,refusé
11436,11436,2023-02-07,1458.88,Carte,refusé
11437,11437,2019-10-02,701.07,PayPal,refusé
11438,11438,2022-04-17,222.87,PayPal,refusé
11439,11439,2022-09-30,914.81,PayPal,refusé
11440,11440,2022-12-05,1325.98,Carte,refusé
11441,11441,2025-05-23,948.8,Virement,accepté
11442,11442,2019-07-22,304.73,Virement,refusé
11443,11443,2024-02-18,152.5,Carte,accepté
11444,11444,2024-05-20,1584.99,Virement,refusé
11445,11445,2024-05-26,283.87,Virement,refusé
11446,11446,2020-08-27,428.5,PayPal,refusé
11447,11447,2022-09-30,1058.39,PayPal,refusé
11448,11448,2019-08-08,1374.61,Carte,accepté
11449,11449,2025-06-20,284.97,Carte,accepté
11450,11450,2022-10-24,1181.37,PayPal,accepté
11451,11451,2021-07-06,314.59,Carte,accepté
11452,11452,2023-09-27,1158.2,Virement,refusé
11453,11453,2023-02-14,471.8,Carte,refusé
11454,11454,2022-08-21,907.03,Carte,refusé
11455,11455,2019-03-13,690.21,Carte,accepté
11456,11456,2019-03-14,367.55,Carte,accepté
11457,11457,2020-04-25,524.04,Carte,accepté
11458,11458,2024-12-28,768.55,Carte,refusé
11459,11459,2024-09-25,1379.45,Virement,accepté
11460,11460,2025-05-01,1389.53,PayPal,refusé
11461,11461,2024-10-29,1618.22,Carte,accepté
11462,11462,2023-08-31,1927.16,PayPal,accepté
11463,11463,2020-05-18,534.85,Carte,refusé
11464,11464,2024-06-29,502.29,PayPal,accepté
11465,11465,2025-05-05,1952.12,Carte,refusé
11466,11466,2024-04-19,1398.77,Carte,refusé
11467,11467,2022-12-25,1019.45,Virement,refusé
11468,11468,2025-11-25,1540.42,Carte,accepté
11469,11469,2020-02-07,1987.54,PayPal,refusé
11470,11470,2020-05-03,1924.82,Carte,accepté
11471,11471,2024-09-25,1312.27,Carte,accepté
11472,11472,2020-04-09,790.08,PayPal,accepté
11473,11473,2019-02-21,1593.71,PayPal,refusé
11474,11474,2025-02-11,947.21,PayPal,accepté
11475,11475,2019-04-10,525.52,Carte,refusé
11476,11476,2019-08-27,1807.94,PayPal,refusé
11477,11477,2022-07-03,837.74,Virement,accepté
11478,11478,2021-02-07,1711.88,Carte,refusé
11479,11479,2019-08-22,873.83,Virement,accepté
11480,11480,2021-10-25,491.26,Carte,accepté
11481,11481,2021-04-30,1432.83,Virement,refusé
11482,11482,2023-10-29,398.82,Carte,accepté
11483,11483,2021-06-17,767.89,PayPal,refusé
11484,11484,2022-02-13,1471.28,PayPal,accepté
11485,11485,2022-10-19,1330.33,Virement,refusé
11486,11486,2023-05-28,450.74,PayPal,accepté
11487,11487,2025-06-10,180.35,Virement,refusé
11488,11488,2024-03-09,105.63,Virement,accepté
11489,11489,2024-12-06,655.43,PayPal,refusé
11490,11490,2024-11-06,39.01,PayPal,accepté
11491,11491,2020-12-27,271.99,Carte,accepté
11492,11492,2024-09-22,1214.4,Virement,refusé
11493,11493,2019-03-11,1120.75,Virement,accepté
11494,11494,2024-07-23,1744.67,Virement,refusé
11495,11495,2024-07-30,649.82,Carte,refusé
11496,11496,2019-10-11,1947.54,Virement,refusé
11497,11497,2022-12-15,1027.83,Carte,accepté
11498,11498,2025-08-11,269.68,Virement,refusé
11499,11499,2022-12-20,661.04,PayPal,refusé
11500,11500,2019-10-26,235.29,Virement,refusé
11501,11501,2021-04-12,1628.27,Carte,accepté
11502,11502,2025-05-31,1454.56,Virement,accepté
11503,11503,2023-02-12,1859.33,Virement,accepté
11504,11504,2020-10-07,1617.7,Carte,accepté
11505,11505,2023-05-11,771.28,Virement,accepté
11506,11506,2023-04-22,46.42,Carte,accepté
11507,11507,2020-02-20,1822.61,Carte,accepté
11508,11508,2022-12-13,1552.72,PayPal,accepté
11509,11509,2019-03-23,1245.01,PayPal,refusé
11510,11510,2021-10-18,789.03,PayPal,refusé
11511,11511,2024-10-24,1654.87,Virement,refusé
11512,11512,2025-06-20,1578.75,PayPal,accepté
11513,11513,2024-04-04,1491.13,Virement,refusé
11514,11514,2022-03-27,654.24,Carte,accepté
11515,11515,2022-09-11,1309.33,Virement,refusé
11516,11516,2024-02-11,1935.73,Carte,accepté
11517,11517,2024-08-07,1523.62,Virement,refusé
11518,11518,2021-03-15,1736.43,PayPal,refusé
11519,11519,2019-01-05,865.35,Virement,refusé
11520,11520,2024-11-10,423.72,Virement,refusé
11521,11521,2025-04-19,1332.25,Carte,accepté
11522,11522,2020-01-20,834.17,PayPal,refusé
11523,11523,2022-06-08,1167.26,PayPal,refusé
11524,11524,2024-02-17,494.76,PayPal,refusé
11525,11525,2020-07-26,25.89,Carte,refusé
11526,11526,2025-06-08,1812.07,Carte,refusé
11527,11527,2019-01-19,620.71,PayPal,refusé
11528,11528,2024-10-13,1401.98,Virement,refusé
11529,11529,2020-03-10,544.99,Carte,accepté
11530,11530,2020-04-14,943.11,Carte,refusé
11531,11531,2022-11-17,448.84,Virement,accepté
11532,11532,2024-09-14,1165.4,Virement,accepté
11533,11533,2022-07-11,1904.88,Carte,refusé
11534,11534,2024-03-07,1674.54,Carte,accepté
11535,11535,2024-12-10,219.33,Carte,accepté
11536,11536,2025-01-06,1282.75,Carte,accepté
11537,11537,2019-11-24,634.25,Virement,accepté
11538,11538,2023-05-07,367.41,PayPal,accepté
11539,11539,2021-12-01,977.7,Carte,refusé
11540,11540,2020-12-03,209.96,Carte,accepté
11541,11541,2025-02-09,376.56,Carte,refusé
11542,11542,2024-11-24,717.39,Carte,refusé
11543,11543,2025-10-15,209.83,Virement,accepté
11544,11544,2020-04-19,158.88,Carte,accepté
11545,11545,2025-04-25,1979.52,Virement,accepté
11546,11546,2025-12-12,1364.72,Carte,refusé
11547,11547,2022-12-05,307.34,PayPal,refusé
11548,11548,2022-12-15,312.98,Carte,accepté
11549,11549,2023-10-06,889.52,Virement,accepté
11550,11550,2019-02-13,795.57,Virement,refusé
11551,11551,2023-07-01,697.26,Virement,accepté
11552,11552,2025-04-25,1987.35,PayPal,accepté
11553,11553,2024-05-24,1867.35,Carte,refusé
11554,11554,2023-04-30,621.26,PayPal,accepté
11555,11555,2020-01-03,685.67,Carte,refusé
11556,11556,2023-05-06,713.7,PayPal,refusé
11557,11557,2023-02-25,1989.48,PayPal,refusé
11558,11558,2019-10-24,1773.67,Carte,refusé
11559,11559,2025-04-21,1997.04,PayPal,refusé
11560,11560,2019-04-09,672.67,PayPal,refusé
11561,11561,2025-01-19,1711.05,Virement,refusé
11562,11562,2022-03-31,1450.38,Virement,refusé
11563,11563,2020-10-18,1092.76,PayPal,accepté
11564,11564,2019-03-11,1331.53,Carte,refusé
11565,11565,2025-01-18,545.07,Virement,refusé
11566,11566,2025-02-20,1046.45,Virement,accepté
11567,11567,2020-08-10,22.4,Carte,accepté
11568,11568,2023-11-19,1339.17,Carte,refusé
11569,11569,2021-01-13,1012.0,PayPal,accepté
11570,11570,2025-04-03,1164.82,Carte,refusé
11571,11571,2025-12-29,183.02,Virement,refusé
11572,11572,2019-11-22,1788.93,PayPal,accepté
11573,11573,2021-09-14,1959.95,PayPal,accepté
11574,11574,2025-02-19,1727.74,Virement,accepté
11575,11575,2021-02-10,1213.34,PayPal,accepté
11576,11576,2025-03-05,1048.19,Carte,accepté
11577,11577,2022-11-26,1203.38,Carte,accepté
11578,11578,2024-03-05,971.08,PayPal,accepté
11579,11579,2024-12-28,1828.39,PayPal,accepté
11580,11580,2021-03-11,529.56,PayPal,accepté
11581,11581,2020-08-29,626.98,PayPal,refusé
11582,11582,2023-09-22,62.64,Carte,refusé
11583,11583,2021-01-13,845.09,Virement,refusé
11584,11584,2019-11-09,419.26,PayPal,accepté
11585,11585,2019-11-23,360.61,PayPal,accepté
11586,11586,2025-05-28,672.91,Carte,accepté
11587,11587,2023-07-20,1308.74,Virement,accepté
11588,11588,2021-07-25,144.18,Carte,refusé
11589,11589,2025-01-17,1375.24,PayPal,accepté
11590,11590,2024-07-07,1007.21,Virement,accepté
11591,11591,2021-11-02,561.6,Carte,refusé
11592,11592,2025-10-28,1744.76,PayPal,accepté
11593,11593,2025-04-20,1520.54,Carte,accepté
11594,11594,2025-10-26,1656.42,Virement,refusé
11595,11595,2019-08-12,1903.8,PayPal,accepté
11596,11596,2022-07-14,1450.82,PayPal,refusé
11597,11597,2020-07-10,1667.3,Virement,accepté
11598,11598,2020-09-17,56.39,PayPal,refusé
11599,11599,2019-06-08,331.35,PayPal,refusé
11600,11600,2022-12-05,1235.95,Carte,accepté
11601,11601,2023-06-06,1352.61,Carte,accepté
11602,11602,2022-01-04,814.73,Virement,refusé
11603,11603,2024-10-05,572.19,PayPal,accepté
11604,11604,2023-11-20,369.21,Carte,accepté
11605,11605,2025-02-01,1985.97,Virement,refusé
11606,11606,2025-03-19,528.13,PayPal,accepté
11607,11607,2023-02-28,1063.9,Carte,refusé
11608,11608,2025-12-16,239.3,PayPal,accepté
11609,11609,2023-08-24,1985.25,Carte,accepté
11610,11610,2024-09-21,504.99,Carte,accepté
11611,11611,2020-03-25,399.34,Carte,accepté
11612,11612,2019-09-22,552.32,Carte,refusé
11613,11613,2019-05-14,1738.13,PayPal,refusé
11614,11614,2021-12-30,56.4,PayPal,accepté
11615,11615,2020-08-08,788.22,Carte,accepté
11616,11616,2023-11-24,1188.59,Carte,refusé
11617,11617,2025-06-25,1371.19,Carte,refusé
11618,11618,2022-11-29,1621.52,Virement,refusé
11619,11619,2021-01-23,706.53,PayPal,accepté
11620,11620,2020-08-07,319.12,PayPal,accepté
11621,11621,2025-02-05,1495.64,PayPal,accepté
11622,11622,2020-10-13,1383.8,Virement,refusé
11623,11623,2020-05-16,1540.24,PayPal,refusé
11624,11624,2025-02-28,1312.41,PayPal,accepté
11625,11625,2019-06-01,367.28,Virement,accepté
11626,11626,2021-09-13,1177.15,Carte,accepté
11627,11627,2022-01-15,1771.95,Carte,refusé
11628,11628,2024-11-27,1006.36,PayPal,refusé
11629,11629,2020-10-15,579.18,Carte,accepté
11630,11630,2024-02-12,1022.19,PayPal,refusé
11631,11631,2023-04-22,447.76,Virement,refusé
11632,11632,2022-06-02,1724.03,Virement,refusé
11633,11633,2024-09-19,677.68,Virement,refusé
11634,11634,2023-02-15,1824.08,PayPal,accepté
11635,11635,2020-02-18,1324.46,Virement,accepté
11636,11636,2020-02-29,448.85,Carte,accepté
11637,11637,2023-05-31,815.16,PayPal,accepté
11638,11638,2020-09-18,1645.83,Carte,accepté
11639,11639,2022-01-24,575.55,Virement,accepté
11640,11640,2025-12-11,803.16,Virement,accepté
11641,11641,2023-06-11,1622.71,PayPal,refusé
11642,11642,2022-06-05,269.32,PayPal,accepté
11643,11643,2022-11-10,421.72,Virement,accepté
11644,11644,2023-03-09,1117.48,Carte,accepté
11645,11645,2023-05-26,183.74,Virement,refusé
11646,11646,2020-09-03,48.09,Virement,accepté
11647,11647,2022-10-31,1242.81,Carte,refusé
11648,11648,2024-08-04,1000.12,Carte,accepté
11649,11649,2020-10-16,1222.25,Virement,refusé
11650,11650,2024-02-18,907.65,PayPal,accepté
11651,11651,2019-04-09,1374.06,Carte,accepté
11652,11652,2023-01-10,545.34,Carte,accepté
11653,11653,2021-12-12,726.87,PayPal,refusé
11654,11654,2025-11-04,495.26,Carte,refusé
11655,11655,2024-06-02,1178.59,PayPal,accepté
11656,11656,2023-01-18,1333.7,Virement,accepté
11657,11657,2022-08-12,833.99,Carte,accepté
11658,11658,2025-06-13,807.63,Carte,refusé
11659,11659,2024-05-07,775.57,Virement,accepté
11660,11660,2023-06-16,1903.45,PayPal,accepté
11661,11661,2023-04-16,856.41,PayPal,accepté
11662,11662,2025-08-14,973.84,Virement,accepté
11663,11663,2025-12-08,66.47,Virement,accepté
11664,11664,2024-12-06,453.23,PayPal,refusé
11665,11665,2021-11-20,512.12,Virement,accepté
11666,11666,2023-06-26,837.57,PayPal,accepté
11667,11667,2024-09-23,1154.26,Virement,refusé
11668,11668,2025-01-07,1998.91,Carte,refusé
11669,11669,2020-05-08,796.15,Virement,accepté
11670,11670,2022-11-20,1238.21,Carte,accepté
11671,11671,2023-03-13,1862.0,PayPal,refusé
11672,11672,2019-02-12,532.14,PayPal,accepté
11673,11673,2023-05-01,1043.8,Carte,accepté
11674,11674,2023-11-11,768.92,Virement,refusé
11675,11675,2023-04-17,1769.81,Carte,refusé
11676,11676,2025-08-31,1795.23,Carte,accepté
11677,11677,2022-08-09,1272.61,Carte,accepté
11678,11678,2021-07-22,543.87,PayPal,accepté
11679,11679,2019-11-01,1381.01,Virement,accepté
11680,11680,2020-05-11,1793.48,PayPal,accepté
11681,11681,2024-04-19,1154.11,Virement,accepté
11682,11682,2021-09-23,673.21,Carte,accepté
11683,11683,2021-04-17,459.62,Carte,accepté
11684,11684,2021-04-19,51.8,PayPal,accepté
11685,11685,2025-08-05,1519.25,PayPal,accepté
11686,11686,2021-07-27,893.05,Virement,refusé
11687,11687,2025-11-29,323.34,Virement,refusé
11688,11688,2022-12-13,1035.22,Carte,refusé
11689,11689,2020-02-29,286.18,Virement,accepté
11690,11690,2020-06-13,416.98,PayPal,refusé
11691,11691,2025-04-21,495.7,PayPal,accepté
11692,11692,2019-11-10,243.35,Virement,refusé
11693,11693,2021-08-24,26.3,Carte,accepté
11694,11694,2025-09-14,496.83,PayPal,refusé
11695,11695,2025-12-21,1918.68,Virement,refusé
11696,11696,2022-10-25,1196.12,Carte,refusé
11697,11697,2021-07-31,1346.85,Virement,accepté
11698,11698,2023-10-21,1658.51,PayPal,refusé
11699,11699,2023-11-29,814.15,PayPal,accepté
11700,11700,2019-03-28,892.92,Virement,refusé
11701,11701,2020-02-29,1862.03,Carte,accepté
11702,11702,2024-12-26,720.32,Virement,accepté
11703,11703,2024-07-16,80.61,Carte,refusé
11704,11704,2024-10-29,1477.06,Virement,accepté
11705,11705,2021-12-29,1368.28,PayPal,accepté
11706,11706,2022-05-24,417.15,Virement,accepté
11707,11707,2022-11-13,646.24,Carte,refusé
11708,11708,2023-08-19,1334.69,Carte,refusé
11709,11709,2022-03-04,607.57,PayPal,accepté
11710,11710,2024-08-28,1014.12,Virement,refusé
11711,11711,2021-08-29,421.64,PayPal,refusé
11712,11712,2019-06-18,1718.21,Virement,accepté
11713,11713,2024-01-24,265.02,Virement,refusé
11714,11714,2020-10-13,653.92,Carte,accepté
11715,11715,2025-07-13,341.99,Virement,refusé
11716,11716,2019-08-12,85.96,Carte,accepté
11717,11717,2023-09-12,1589.05,Virement,accepté
11718,11718,2024-10-30,1520.9,PayPal,accepté
11719,11719,2019-11-04,428.92,Virement,refusé
11720,11720,2025-06-24,236.72,Virement,accepté
11721,11721,2020-12-22,1365.52,Virement,accepté
11722,11722,2021-08-14,412.65,Virement,refusé
11723,11723,2020-01-07,546.9,Carte,accepté
11724,11724,2021-02-11,696.09,PayPal,accepté
11725,11725,2019-02-26,1499.85,PayPal,refusé
11726,11726,2025-05-08,238.13,Virement,refusé
11727,11727,2023-05-27,1460.57,PayPal,refusé
11728,11728,2020-03-14,1657.85,Virement,accepté
11729,11729,2023-08-02,953.76,Virement,accepté
11730,11730,2021-12-21,1779.9,Carte,refusé
11731,11731,2021-12-27,788.79,Virement,accepté
11732,11732,2020-10-13,528.22,Carte,accepté
11733,11733,2020-11-08,1737.81,Carte,refusé
11734,11734,2024-01-10,1537.21,Virement,accepté
11735,11735,2021-02-05,1947.65,Carte,refusé
11736,11736,2024-07-07,159.07,Virement,refusé
11737,11737,2021-07-31,1995.65,Virement,accepté
11738,11738,2019-02-27,84.81,PayPal,accepté
11739,11739,2022-02-18,1341.36,Carte,accepté
11740,11740,2020-04-10,1363.11,Carte,refusé
11741,11741,2022-10-30,315.38,PayPal,accepté
11742,11742,2024-11-22,773.24,Carte,refusé
11743,11743,2025-10-03,1987.92,PayPal,refusé
11744,11744,2025-12-27,717.52,Carte,refusé
11745,11745,2023-08-14,1442.43,Virement,refusé
11746,11746,2022-09-15,1123.84,Virement,accepté
11747,11747,2021-09-21,862.97,Carte,accepté
11748,11748,2023-05-17,260.12,PayPal,accepté
11749,11749,2020-05-02,932.94,Carte,refusé
11750,11750,2024-01-17,1504.32,PayPal,refusé
11751,11751,2025-06-26,1434.14,Carte,refusé
11752,11752,2019-07-24,535.2,PayPal,refusé
11753,11753,2021-10-20,636.82,Carte,accepté
11754,11754,2024-09-17,383.24,PayPal,accepté
11755,11755,2023-11-23,1226.15,Carte,accepté
11756,11756,2022-01-08,47.2,PayPal,accepté
11757,11757,2019-05-12,1654.22,PayPal,accepté
11758,11758,2022-06-01,481.42,Virement,accepté
11759,11759,2023-05-07,1183.69,Carte,refusé
11760,11760,2022-04-21,1328.84,Carte,refusé
11761,11761,2020-05-06,197.76,Virement,refusé
11762,11762,2024-05-17,1870.86,Virement,refusé
11763,11763,2025-12-05,827.86,Carte,accepté
11764,11764,2023-10-04,1901.46,PayPal,refusé
11765,11765,2020-06-24,887.65,PayPal,refusé
11766,11766,2019-03-15,730.42,Virement,refusé
11767,11767,2019-12-04,1018.18,PayPal,accepté
11768,11768,2021-07-14,1417.93,Carte,accepté
11769,11769,2019-05-13,305.39,PayPal,accepté
11770,11770,2019-04-08,95.6,Virement,accepté
11771,11771,2021-04-02,291.29,Virement,accepté
11772,11772,2020-10-11,1527.78,Carte,refusé
11773,11773,2019-11-15,460.59,PayPal,refusé
11774,11774,2025-07-07,1021.23,PayPal,accepté
11775,11775,2022-03-10,1784.45,Carte,refusé
11776,11776,2020-04-30,314.65,PayPal,accepté
11777,11777,2022-05-01,1251.42,Virement,refusé
11778,11778,2020-09-26,1384.02,PayPal,accepté
11779,11779,2023-12-04,1755.17,Virement,accepté
11780,11780,2020-09-16,346.48,PayPal,refusé
11781,11781,2022-07-23,1829.76,Carte,refusé
11782,11782,2023-06-15,577.16,Carte,refusé
11783,11783,2022-06-03,1319.09,Carte,accepté
11784,11784,2021-08-04,1655.13,Carte,refusé
11785,11785,2025-02-12,554.56,PayPal,refusé
11786,11786,2025-05-04,872.76,Virement,refusé
11787,11787,2022-05-31,764.83,PayPal,refusé
11788,11788,2019-05-24,207.55,PayPal,refusé
11789,11789,2025-12-06,1850.47,PayPal,accepté
11790,11790,2021-08-27,1189.51,PayPal,accepté
11791,11791,2020-11-26,1080.53,PayPal,accepté
11792,11792,2021-08-08,211.28,Carte,refusé
11793,11793,2019-09-04,1310.45,Carte,refusé
11794,11794,2021-04-05,612.52,Carte,refusé
11795,11795,2022-02-08,1153.46,PayPal,accepté
11796,11796,2020-07-01,465.9,PayPal,accepté
11797,11797,2020-11-03,1655.86,Virement,refusé
11798,11798,2023-10-28,1550.24,Carte,accepté
11799,11799,2023-07-22,1230.06,Carte,refusé
11800,11800,2023-05-13,1266.21,PayPal,refusé
11801,11801,2020-10-26,1227.98,PayPal,accepté
11802,11802,2021-06-17,1059.93,PayPal,refusé
11803,11803,2024-07-29,909.6,Virement,accepté
11804,11804,2019-02-11,1526.86,Virement,refusé
11805,11805,2022-04-23,1121.8,Carte,refusé
11806,11806,2020-05-08,1597.9,PayPal,refusé
11807,11807,2020-12-09,1326.42,PayPal,accepté
11808,11808,2019-03-22,1103.97,Carte,accepté
11809,11809,2021-03-04,1406.32,Virement,refusé
11810,11810,2024-08-23,1438.12,PayPal,refusé
11811,11811,2021-02-16,1986.8,Virement,refusé
11812,11812,2022-03-21,1259.11,Virement,refusé
11813,11813,2020-09-06,1822.54,Virement,accepté
11814,11814,2020-02-28,1229.15,Carte,refusé
11815,11815,2023-06-14,77.88,PayPal,accepté
11816,11816,2024-04-13,1965.54,Carte,refusé
11817,11817,2021-07-04,585.57,Virement,accepté
11818,11818,2021-02-16,440.57,Virement,refusé
11819,11819,2024-05-16,183.91,Virement,refusé
11820,11820,2024-02-23,477.95,Virement,accepté
11821,11821,2019-12-26,1966.32,Carte,refusé
11822,11822,2025-07-18,21.52,PayPal,refusé
11823,11823,2025-02-17,893.82,PayPal,refusé
11824,11824,2019-03-30,162.31,Virement,accepté
11825,11825,2023-02-09,1207.95,PayPal,refusé
11826,11826,2025-01-24,1013.32,Carte,refusé
11827,11827,2023-12-18,634.47,PayPal,accepté
11828,11828,2023-12-31,1330.57,PayPal,accepté
11829,11829,2019-12-19,541.8,Carte,refusé
11830,11830,2024-07-30,1548.14,Virement,refusé
11831,11831,2019-06-10,535.07,Carte,refusé
11832,11832,2022-08-20,1756.13,Virement,refusé
11833,11833,2023-02-04,842.53,Carte,refusé
11834,11834,2024-05-26,375.7,PayPal,accepté
11835,11835,2023-01-03,1593.61,PayPal,accepté
11836,11836,2022-08-12,144.01,Carte,accepté
11837,11837,2020-07-26,1249.9,Carte,refusé
11838,11838,2020-10-06,1748.92,Carte,refusé
11839,11839,2020-12-25,1517.89,Carte,refusé
11840,11840,2020-06-22,83.82,PayPal,accepté
11841,11841,2024-09-30,208.14,PayPal,refusé
11842,11842,2022-08-15,478.0,Virement,accepté
11843,11843,2024-07-05,1010.99,PayPal,accepté
11844,11844,2021-12-01,1852.65,PayPal,refusé
11845,11845,2021-11-18,128.52,Virement,accepté
11846,11846,2025-10-29,1283.67,Carte,refusé
11847,11847,2023-02-13,531.26,Virement,accepté
11848,11848,2022-04-18,1780.26,Carte,refusé
11849,11849,2022-12-10,210.12,Virement,refusé
11850,11850,2019-05-18,1281.87,Carte,accepté
11851,11851,2023-09-25,1827.43,Carte,accepté
11852,11852,2025-05-04,275.47,Virement,accepté
11853,11853,2019-10-12,125.62,Virement,refusé
11854,11854,2019-10-07,1743.82,PayPal,accepté
11855,11855,2022-05-14,1806.2,PayPal,refusé
11856,11856,2023-11-28,676.45,Virement,refusé
11857,11857,2020-11-06,1322.99,Carte,accepté
11858,11858,2023-12-20,1785.77,PayPal,refusé
11859,11859,2023-12-04,984.2,Virement,accepté
11860,11860,2021-01-18,799.16,Virement,refusé
11861,11861,2025-01-11,902.18,PayPal,accepté
11862,11862,2021-03-20,519.3,Virement,refusé
11863,11863,2022-09-03,1749.54,Carte,refusé
11864,11864,2019-03-30,134.91,Virement,refusé
11865,11865,2025-01-23,1315.89,Carte,accepté
11866,11866,2021-09-12,427.76,PayPal,refusé
11867,11867,2020-07-09,934.32,Carte,accepté
11868,11868,2022-12-21,1309.95,Virement,accepté
11869,11869,2020-08-21,1535.06,Virement,refusé
11870,11870,2025-03-23,88.59,Virement,accepté
11871,11871,2024-02-03,1595.7,Carte,accepté
11872,11872,2024-04-02,1226.72,Carte,refusé
11873,11873,2021-12-07,249.45,Carte,accepté
11874,11874,2025-12-08,285.13,Carte,refusé
11875,11875,2025-06-03,1917.07,Carte,refusé
11876,11876,2021-04-01,707.56,Virement,refusé
11877,11877,2025-11-02,117.7,Carte,refusé
11878,11878,2022-06-12,1260.93,PayPal,refusé
11879,11879,2019-02-26,1432.22,PayPal,accepté
11880,11880,2024-11-08,166.87,Virement,accepté
11881,11881,2024-05-30,969.13,PayPal,refusé
11882,11882,2019-06-15,746.49,Carte,accepté
11883,11883,2021-06-10,443.93,Carte,refusé
11884,11884,2025-10-02,680.16,PayPal,refusé
11885,11885,2025-03-31,1121.55,Carte,accepté
11886,11886,2020-07-15,1395.9,Carte,refusé
11887,11887,2022-03-15,739.29,Virement,accepté
11888,11888,2024-09-29,1210.97,Carte,accepté
11889,11889,2024-08-04,903.49,Virement,refusé
11890,11890,2022-11-30,1029.27,PayPal,refusé
11891,11891,2020-02-20,1297.39,Virement,accepté
11892,11892,2023-03-12,528.35,Virement,refusé
11893,11893,2023-08-22,1459.39,Carte,refusé
11894,11894,2023-12-30,1538.57,Virement,accepté
11895,11895,2021-05-09,645.62,PayPal,accepté
11896,11896,2023-06-23,1283.17,Virement,accepté
11897,11897,2025-04-25,962.22,PayPal,accepté
11898,11898,2020-09-05,657.31,Virement,refusé
11899,11899,2019-09-23,1967.27,PayPal,refusé
11900,11900,2020-12-01,1132.78,Carte,refusé
11901,11901,2023-03-27,494.4,Virement,accepté
11902,11902,2019-03-27,37.47,PayPal,accepté
11903,11903,2020-11-05,649.53,Carte,accepté
11904,11904,2019-09-06,619.41,Virement,accepté
11905,11905,2019-11-27,207.85,PayPal,accepté
11906,11906,2022-03-20,387.76,PayPal,accepté
11907,11907,2023-12-19,1688.22,PayPal,accepté
11908,11908,2020-12-06,590.99,Carte,accepté
11909,11909,2020-04-23,1513.41,PayPal,refusé
11910,11910,2022-12-23,1550.45,Virement,accepté
11911,11911,2023-12-14,1306.87,PayPal,refusé
11912,11912,2025-05-25,1788.43,Carte,refusé
11913,11913,2019-07-16,528.57,Virement,refusé
11914,11914,2024-07-27,359.86,Carte,refusé
11915,11915,2022-12-04,78.81,Carte,accepté
11916,11916,2022-12-26,1372.26,PayPal,refusé
11917,11917,2023-10-25,1601.73,Virement,accepté
11918,11918,2019-06-25,753.76,PayPal,refusé
11919,11919,2019-12-05,1143.09,PayPal,accepté
11920,11920,2024-11-14,712.7,Virement,refusé
11921,11921,2022-01-10,257.81,PayPal,accepté
11922,11922,2024-08-05,177.49,PayPal,refusé
11923,11923,2025-02-11,1583.25,Virement,refusé
11924,11924,2022-11-23,1701.18,Virement,refusé
11925,11925,2025-11-19,1564.13,Virement,refusé
11926,11926,2022-08-24,1928.9,Carte,refusé
11927,11927,2024-03-09,672.66,Carte,accepté
11928,11928,2019-06-28,1357.92,PayPal,refusé
11929,11929,2023-06-27,1890.7,PayPal,refusé
11930,11930,2024-07-18,287.98,Carte,accepté
11931,11931,2019-10-06,818.42,PayPal,refusé
11932,11932,2019-10-26,1295.14,PayPal,accepté
11933,11933,2025-02-24,203.96,PayPal,accepté
11934,11934,2025-06-13,1244.09,Carte,accepté
11935,11935,2024-12-12,1169.33,Carte,refusé
11936,11936,2020-11-10,1631.48,Carte,accepté
11937,11937,2024-06-13,113.04,PayPal,accepté
11938,11938,2024-12-04,495.04,Virement,refusé
11939,11939,2019-09-15,1524.36,Virement,accepté
11940,11940,2024-12-07,384.03,Carte,accepté
11941,11941,2021-12-14,234.22,Carte,accepté
11942,11942,2025-04-06,154.92,PayPal,refusé
11943,11943,2022-05-21,83.63,Virement,accepté
11944,11944,2023-07-27,1825.66,Virement,refusé
11945,11945,2021-06-19,1446.56,PayPal,refusé
11946,11946,2024-04-16,227.56,PayPal,accepté
11947,11947,2022-11-18,1088.7,Virement,accepté
11948,11948,2024-07-02,1767.19,PayPal,accepté
11949,11949,2024-12-07,973.59,Virement,refusé
11950,11950,2025-10-31,150.23,Virement,refusé
11951,11951,2022-03-23,1767.88,PayPal,refusé
11952,11952,2022-08-03,420.59,PayPal,refusé
11953,11953,2020-01-04,498.92,Virement,refusé
11954,11954,2024-10-05,1420.12,Carte,accepté
11955,11955,2025-09-21,1575.47,Virement,accepté
11956,11956,2024-01-08,1142.35,Carte,refusé
11957,11957,2024-05-17,747.58,Carte,refusé
11958,11958,2025-07-31,1319.17,PayPal,refusé
11959,11959,2024-02-21,1507.17,Virement,refusé
11960,11960,2019-09-20,1143.92,PayPal,refusé
11961,11961,2025-07-25,631.52,Virement,refusé
11962,11962,2023-03-28,825.13,Carte,accepté
11963,11963,2024-02-23,824.72,Virement,accepté
11964,11964,2021-07-18,955.48,PayPal,refusé
11965,11965,2021-06-14,676.81,PayPal,refusé
11966,11966,2020-03-06,89.04,Carte,refusé
11967,11967,2023-02-18,1333.53,Carte,accepté
11968,11968,2019-03-30,1712.43,Carte,refusé
11969,11969,2022-04-21,384.35,PayPal,refusé
11970,11970,2020-11-12,429.47,PayPal,refusé
11971,11971,2025-04-19,1865.57,PayPal,refusé
11972,11972,2019-10-26,1561.37,Carte,refusé
11973,11973,2020-11-11,869.45,Virement,accepté
11974,11974,2025-09-01,839.9,Virement,accepté
11975,11975,2019-11-14,1428.06,PayPal,refusé
11976,11976,2024-10-13,1803.45,Carte,accepté
11977,11977,2020-11-27,138.92,PayPal,refusé
11978,11978,2019-02-04,1609.89,PayPal,refusé
11979,11979,2019-11-22,632.56,Carte,accepté
11980,11980,2020-04-23,1312.28,Carte,accepté
11981,11981,2020-11-17,689.22,PayPal,refusé
11982,11982,2022-07-01,539.04,PayPal,refusé
11983,11983,2024-07-26,1720.89,Virement,accepté
11984,11984,2020-12-01,1307.96,PayPal,refusé
11985,11985,2020-10-08,1609.96,PayPal,refusé
11986,11986,2022-02-14,533.73,PayPal,refusé
11987,11987,2021-02-28,1177.04,Carte,refusé
11988,11988,2021-11-22,1118.82,Carte,accepté
11989,11989,2020-01-07,740.9,Carte,refusé
11990,11990,2025-10-10,955.76,Carte,refusé
11991,11991,2019-03-25,418.0,Virement,accepté
11992,11992,2024-04-13,1477.17,Virement,refusé
11993,11993,2025-01-14,1305.21,Carte,accepté
11994,11994,2019-04-26,1540.15,PayPal,refusé
11995,11995,2019-11-30,488.78,Carte,refusé
11996,11996,2019-09-12,918.27,Virement,accepté
11997,11997,2022-06-15,1586.5,PayPal,refusé
11998,11998,2022-12-15,555.13,Carte,accepté
11999,11999,2023-11-10,757.67,Virement,accepté
12000,12000,2023-03-02,1125.04,Carte,refusé
12001,12001,2024-11-14,963.53,Virement,accepté
12002,12002,2023-05-08,1925.5,PayPal,refusé
12003,12003,2022-06-05,513.07,PayPal,accepté
12004,12004,2024-05-12,874.24,PayPal,refusé
12005,12005,2019-03-30,225.43,PayPal,accepté
12006,12006,2024-01-30,414.55,PayPal,accepté
12007,12007,2023-05-05,449.74,PayPal,accepté
12008,12008,2025-10-28,1384.91,PayPal,accepté
12009,12009,2025-07-06,1829.64,Virement,accepté
12010,12010,2023-09-08,1942.08,Virement,accepté
12011,12011,2023-04-22,1819.19,PayPal,refusé
12012,12012,2023-09-16,1141.74,PayPal,refusé
12013,12013,2019-03-08,83.63,Carte,refusé
12014,12014,2023-08-22,988.51,Carte,accepté
12015,12015,2024-04-04,296.8,Virement,accepté
12016,12016,2025-10-09,1720.19,Carte,refusé
12017,12017,2025-10-07,828.36,PayPal,refusé
12018,12018,2025-04-28,763.32,Carte,refusé
12019,12019,2020-09-15,335.99,Carte,refusé
12020,12020,2025-09-20,1652.05,Carte,refusé
12021,12021,2023-01-21,823.75,PayPal,accepté
12022,12022,2023-03-21,638.62,Virement,refusé
12023,12023,2019-01-14,488.71,PayPal,refusé
12024,12024,2025-01-03,1845.96,Virement,accepté
12025,12025,2023-07-18,1695.81,Carte,refusé
12026,12026,2023-07-14,405.59,Virement,accepté
12027,12027,2022-03-21,1272.59,PayPal,refusé
12028,12028,2021-06-21,298.99,PayPal,refusé
12029,12029,2022-02-24,261.1,Virement,refusé
12030,12030,2021-11-08,1159.39,Virement,refusé
12031,12031,2020-10-14,1183.6,Carte,accepté
12032,12032,2019-11-06,440.54,PayPal,accepté
12033,12033,2024-10-11,1421.47,Virement,refusé
12034,12034,2023-05-03,309.18,Virement,refusé
12035,12035,2022-07-28,759.83,PayPal,accepté
12036,12036,2021-09-10,962.75,Virement,accepté
12037,12037,2019-05-13,431.68,PayPal,refusé
12038,12038,2024-09-27,142.95,PayPal,refusé
12039,12039,2023-08-03,837.94,Carte,accepté
12040,12040,2022-10-11,1617.41,PayPal,accepté
12041,12041,2021-12-02,101.93,Carte,refusé
12042,12042,2021-08-14,258.54,Carte,refusé
12043,12043,2021-08-17,1006.32,PayPal,refusé
12044,12044,2021-01-25,400.94,Virement,accepté
12045,12045,2024-05-18,1759.84,Virement,accepté
12046,12046,2021-04-16,964.38,Carte,accepté
12047,12047,2020-07-18,36.5,Virement,accepté
12048,12048,2022-05-08,1160.33,Virement,accepté
12049,12049,2022-07-13,67.66,PayPal,refusé
12050,12050,2025-09-25,136.62,Carte,refusé
12051,12051,2019-06-18,1552.37,Virement,refusé
12052,12052,2023-02-23,605.89,Carte,refusé
12053,12053,2019-11-14,1234.05,PayPal,refusé
12054,12054,2023-08-30,1992.81,Carte,accepté
12055,12055,2022-03-26,1337.33,Virement,accepté
12056,12056,2020-12-19,902.46,PayPal,accepté
12057,12057,2025-10-27,1422.87,Carte,refusé
12058,12058,2024-07-27,561.38,Virement,accepté
12059,12059,2023-03-01,108.08,PayPal,refusé
12060,12060,2022-06-01,73.21,PayPal,refusé
12061,12061,2023-05-10,1091.06,PayPal,refusé
12062,12062,2024-07-10,1193.24,Carte,refusé
12063,12063,2019-10-28,686.15,Virement,refusé
12064,12064,2024-03-06,253.0,Virement,refusé
12065,12065,2024-02-29,365.64,Virement,accepté
12066,12066,2023-10-23,890.97,Virement,refusé
12067,12067,2021-05-22,1636.98,Carte,accepté
12068,12068,2022-09-19,1918.55,PayPal,refusé
12069,12069,2019-11-11,419.79,Carte,refusé
12070,12070,2021-09-09,1791.6,PayPal,accepté
12071,12071,2021-11-29,1414.36,Carte,refusé
12072,12072,2019-08-26,1877.49,Virement,refusé
12073,12073,2025-06-27,1138.29,PayPal,refusé
12074,12074,2022-04-18,973.53,Carte,refusé
12075,12075,2020-12-17,1407.98,Virement,accepté
12076,12076,2024-03-21,1659.0,Virement,refusé
12077,12077,2020-02-29,311.14,Virement,accepté
12078,12078,2025-02-04,76.03,PayPal,accepté
12079,12079,2024-01-19,1282.15,Virement,accepté
12080,12080,2025-02-18,610.98,Virement,refusé
12081,12081,2025-02-19,359.19,Virement,accepté
12082,12082,2024-05-18,130.3,Virement,refusé
12083,12083,2023-02-19,63.71,PayPal,accepté
12084,12084,2022-12-07,710.73,Carte,accepté
12085,12085,2024-09-25,719.73,Carte,accepté
12086,12086,2020-03-02,1080.58,PayPal,accepté
12087,12087,2025-07-02,103.69,PayPal,refusé
12088,12088,2022-06-15,1304.43,Carte,accepté
12089,12089,2024-10-13,475.04,Virement,refusé
12090,12090,2024-10-28,649.91,Carte,accepté
12091,12091,2019-08-30,1680.01,PayPal,refusé
12092,12092,2021-10-29,446.46,Virement,refusé
12093,12093,2021-03-11,406.01,Carte,accepté
12094,12094,2022-01-27,1738.7,PayPal,refusé
12095,12095,2024-11-14,479.06,Carte,refusé
12096,12096,2023-05-26,205.22,Virement,refusé
12097,12097,2023-02-07,1163.8,Carte,refusé
12098,12098,2019-09-05,1662.38,Virement,refusé
12099,12099,2024-08-18,1740.81,PayPal,accepté
12100,12100,2025-04-02,716.55,Virement,refusé
12101,12101,2019-08-28,1896.24,Carte,accepté
12102,12102,2021-03-31,31.2,PayPal,accepté
12103,12103,2019-06-19,1497.23,PayPal,refusé
12104,12104,2024-12-03,668.18,Carte,accepté
12105,12105,2019-09-23,1836.46,Carte,accepté
12106,12106,2021-02-16,422.89,Carte,accepté
12107,12107,2019-12-19,640.86,Carte,accepté
12108,12108,2020-07-04,1942.52,Carte,accepté
12109,12109,2024-03-10,214.48,PayPal,accepté
12110,12110,2020-05-18,936.7,Virement,accepté
12111,12111,2019-02-19,1162.08,Virement,refusé
12112,12112,2022-09-27,916.63,Virement,accepté
12113,12113,2023-12-17,1136.91,PayPal,refusé
12114,12114,2023-05-03,1391.43,PayPal,accepté
12115,12115,2024-09-06,516.14,Carte,refusé
12116,12116,2019-06-13,423.3,Virement,accepté
12117,12117,2021-10-07,1636.13,PayPal,refusé
12118,12118,2025-09-16,1673.49,Carte,refusé
12119,12119,2022-05-25,1060.08,Carte,accepté
12120,12120,2023-11-23,39.42,PayPal,refusé
12121,12121,2025-06-08,756.46,Carte,accepté
12122,12122,2019-06-28,1635.7,PayPal,accepté
12123,12123,2021-11-30,674.18,Carte,refusé
12124,12124,2020-07-31,1311.65,PayPal,accepté
12125,12125,2021-08-05,1424.36,Virement,accepté
12126,12126,2022-05-04,406.28,Virement,refusé
12127,12127,2024-08-25,1320.4,PayPal,refusé
12128,12128,2025-12-26,866.68,PayPal,refusé
12129,12129,2024-12-21,557.52,Carte,accepté
12130,12130,2023-09-06,1162.41,Carte,accepté
12131,12131,2020-07-16,1674.76,PayPal,accepté
12132,12132,2021-01-15,1561.45,PayPal,accepté
12133,12133,2021-08-11,141.65,Carte,refusé
12134,12134,2023-11-10,94.21,Virement,refusé
12135,12135,2024-02-08,1554.85,PayPal,accepté
12136,12136,2022-03-07,1735.68,PayPal,refusé
12137,12137,2023-02-01,1918.56,PayPal,accepté
12138,12138,2020-12-20,1555.23,Carte,accepté
12139,12139,2022-04-04,342.25,Carte,accepté
12140,12140,2022-08-28,674.67,Carte,accepté
12141,12141,2019-01-28,386.77,Virement,refusé
12142,12142,2021-04-24,703.28,Virement,accepté
12143,12143,2019-10-20,1775.5,Virement,accepté
12144,12144,2019-07-05,451.06,Carte,refusé
12145,12145,2024-03-17,1911.18,Virement,accepté
12146,12146,2020-08-18,325.02,Virement,accepté
12147,12147,2022-12-28,1925.95,PayPal,accepté
12148,12148,2024-07-29,1075.02,Virement,accepté
12149,12149,2019-11-08,1715.73,Carte,accepté
12150,12150,2022-07-16,1945.13,Carte,refusé
12151,12151,2023-01-26,143.47,Carte,refusé
12152,12152,2019-07-28,1762.26,Carte,accepté
12153,12153,2025-05-01,198.53,PayPal,refusé
12154,12154,2020-05-17,294.41,Carte,refusé
12155,12155,2022-12-04,1681.1,PayPal,refusé
12156,12156,2019-08-29,1296.81,PayPal,refusé
12157,12157,2019-10-17,606.93,Virement,refusé
12158,12158,2024-01-24,1502.51,Carte,refusé
12159,12159,2023-12-08,793.46,PayPal,refusé
12160,12160,2019-05-14,1318.86,PayPal,accepté
12161,12161,2022-07-05,1315.19,Virement,accepté
12162,12162,2022-08-16,1887.56,Virement,accepté
12163,12163,2022-08-22,1275.7,Carte,accepté
12164,12164,2024-03-24,115.44,Virement,accepté
12165,12165,2022-05-26,1333.57,Virement,accepté
12166,12166,2022-07-20,1742.82,PayPal,accepté
12167,12167,2019-02-11,1810.19,Carte,refusé
12168,12168,2019-07-05,254.9,Virement,accepté
12169,12169,2025-08-08,981.56,Carte,accepté
12170,12170,2023-01-20,998.37,Virement,accepté
12171,12171,2022-10-04,987.93,PayPal,refusé
12172,12172,2025-04-23,794.25,Virement,accepté
12173,12173,2024-08-23,1459.22,PayPal,refusé
12174,12174,2020-02-28,340.76,Virement,accepté
12175,12175,2019-12-21,1458.46,Carte,refusé
12176,12176,2022-12-30,1048.44,Virement,accepté
12177,12177,2023-08-16,1024.16,PayPal,refusé
12178,12178,2020-12-01,1725.57,Carte,refusé
12179,12179,2022-04-28,154.48,Carte,refusé
12180,12180,2021-12-12,831.76,Virement,accepté
12181,12181,2020-07-23,1780.28,Carte,refusé
12182,12182,2021-02-04,1387.89,Virement,accepté
12183,12183,2025-02-17,75.83,Carte,accepté
12184,12184,2025-06-14,598.59,PayPal,accepté
12185,12185,2020-04-15,1378.62,Virement,refusé
12186,12186,2022-02-20,304.52,Carte,accepté
12187,12187,2022-02-12,1176.04,PayPal,refusé
12188,12188,2023-11-21,1612.13,Virement,accepté
12189,12189,2021-07-29,795.36,PayPal,accepté
12190,12190,2025-12-03,681.02,Virement,refusé
12191,12191,2019-10-05,50.01,Virement,refusé
12192,12192,2024-12-01,1798.63,PayPal,refusé
12193,12193,2019-07-03,85.26,Carte,accepté
12194,12194,2020-08-06,199.11,Carte,refusé
12195,12195,2019-05-17,157.5,Carte,refusé
12196,12196,2020-08-07,1882.01,PayPal,accepté
12197,12197,2022-03-11,1628.88,PayPal,refusé
12198,12198,2019-08-12,1665.26,PayPal,refusé
12199,12199,2022-12-07,1280.97,Virement,accepté
12200,12200,2025-07-07,1919.49,PayPal,accepté
12201,12201,2020-02-14,1628.47,Virement,refusé
12202,12202,2023-06-17,112.7,Virement,refusé
12203,12203,2022-04-15,874.47,PayPal,refusé
12204,12204,2024-03-06,1690.46,Virement,refusé
12205,12205,2024-07-30,1439.83,PayPal,refusé
12206,12206,2020-07-07,1942.93,Carte,refusé
12207,12207,2024-03-31,784.36,PayPal,accepté
12208,12208,2024-11-13,1259.52,Carte,refusé
12209,12209,2020-11-17,1500.37,Carte,accepté
12210,12210,2024-12-14,687.32,PayPal,refusé
12211,12211,2024-11-20,410.52,Carte,refusé
12212,12212,2019-01-07,129.4,Virement,refusé
12213,12213,2025-02-22,793.8,Virement,accepté
12214,12214,2024-05-31,1521.82,Carte,refusé
12215,12215,2023-10-04,733.55,Carte,refusé
12216,12216,2023-09-08,1682.43,PayPal,accepté
12217,12217,2022-07-30,1702.64,Carte,accepté
12218,12218,2019-08-31,532.88,Carte,accepté
12219,12219,2020-07-05,1154.7,Carte,accepté
12220,12220,2021-01-10,607.28,PayPal,accepté
12221,12221,2022-02-17,504.42,Virement,accepté
12222,12222,2025-01-20,1709.21,Virement,accepté
12223,12223,2024-12-05,863.48,Virement,accepté
12224,12224,2023-09-29,621.71,Carte,accepté
12225,12225,2019-09-19,1907.28,PayPal,accepté
12226,12226,2020-12-04,727.25,Carte,accepté
12227,12227,2019-07-06,1245.22,Carte,accepté
12228,12228,2025-04-17,1607.26,Carte,accepté
12229,12229,2021-03-14,1451.34,Carte,refusé
12230,12230,2022-10-10,665.7,Virement,refusé
12231,12231,2024-11-03,1138.25,Carte,refusé
12232,12232,2022-02-04,1932.3,Virement,accepté
12233,12233,2023-09-08,564.89,Carte,accepté
12234,12234,2021-10-11,1239.45,Virement,accepté
12235,12235,2019-08-04,1502.4,PayPal,accepté
12236,12236,2023-04-02,1773.66,Virement,accepté
12237,12237,2022-07-01,647.34,Virement,refusé
12238,12238,2019-11-23,432.87,PayPal,refusé
12239,12239,2021-11-01,1313.42,Virement,accepté
12240,12240,2024-05-04,1755.2,Carte,refusé
12241,12241,2019-06-11,729.67,PayPal,accepté
12242,12242,2023-08-02,1970.73,Virement,accepté
12243,12243,2023-03-17,997.4,Carte,refusé
12244,12244,2020-06-10,1309.47,Virement,refusé
12245,12245,2020-11-09,1858.92,PayPal,refusé
12246,12246,2019-06-14,1261.38,PayPal,accepté
12247,12247,2025-05-23,1958.43,Virement,accepté
12248,12248,2020-04-17,911.83,Carte,accepté
12249,12249,2021-05-30,832.38,Carte,accepté
12250,12250,2019-08-16,648.58,PayPal,accepté
12251,12251,2019-01-18,177.82,PayPal,refusé
12252,12252,2023-06-07,1625.57,Virement,accepté
12253,12253,2024-03-20,282.52,Virement,refusé
12254,12254,2022-08-09,1620.34,Carte,refusé
12255,12255,2020-12-30,1062.76,Carte,refusé
12256,12256,2025-03-27,369.48,PayPal,refusé
12257,12257,2025-05-13,1343.69,Virement,refusé
12258,12258,2022-10-25,1589.35,Virement,refusé
12259,12259,2025-10-15,218.15,PayPal,accepté
12260,12260,2023-04-15,1814.78,Carte,accepté
12261,12261,2025-04-24,220.81,Carte,refusé
12262,12262,2024-06-19,871.5,Carte,accepté
12263,12263,2023-06-16,207.23,PayPal,accepté
12264,12264,2025-08-23,534.76,PayPal,refusé
12265,12265,2022-04-24,692.07,Carte,accepté
12266,12266,2021-01-08,402.5,Carte,accepté
12267,12267,2022-09-03,303.79,Virement,refusé
12268,12268,2021-09-23,1310.78,Carte,accepté
12269,12269,2021-01-08,286.29,PayPal,accepté
12270,12270,2021-03-12,1416.02,Carte,refusé
12271,12271,2019-09-01,1768.45,Virement,accepté
12272,12272,2019-05-13,638.73,Carte,accepté
12273,12273,2021-10-23,1404.47,Carte,accepté
12274,12274,2023-04-10,80.13,Virement,refusé
12275,12275,2025-12-28,932.66,Carte,refusé
12276,12276,2025-09-06,368.51,PayPal,refusé
12277,12277,2021-08-23,647.43,Virement,accepté
12278,12278,2023-07-28,1772.86,Virement,accepté
12279,12279,2019-10-12,524.38,PayPal,accepté
12280,12280,2023-04-27,257.45,PayPal,refusé
12281,12281,2021-12-28,1602.33,Virement,refusé
12282,12282,2022-02-21,1008.02,Carte,refusé
12283,12283,2023-08-21,1799.55,Carte,refusé
12284,12284,2023-04-08,1177.47,Carte,accepté
12285,12285,2025-11-16,672.65,PayPal,accepté
12286,12286,2022-05-06,1675.22,Carte,accepté
12287,12287,2023-01-06,1354.43,PayPal,refusé
12288,12288,2025-07-12,1646.19,PayPal,accepté
12289,12289,2022-06-05,1040.66,Virement,refusé
12290,12290,2023-01-13,374.03,Virement,accepté
12291,12291,2020-11-05,760.16,Virement,refusé
12292,12292,2025-04-21,1040.36,Virement,accepté
12293,12293,2021-09-24,561.64,Carte,refusé
12294,12294,2019-12-21,263.91,PayPal,accepté
12295,12295,2019-06-05,1160.55,Virement,accepté
12296,12296,2019-09-27,573.99,Virement,refusé
12297,12297,2020-08-05,791.62,Carte,refusé
12298,12298,2020-01-05,1649.56,Virement,refusé
12299,12299,2024-10-17,1324.86,Virement,accepté
12300,12300,2019-04-25,1891.4,PayPal,accepté
12301,12301,2022-01-17,1332.77,Carte,refusé
12302,12302,2021-08-12,685.43,PayPal,accepté
12303,12303,2019-05-28,1391.13,Virement,refusé
12304,12304,2020-10-05,117.49,Carte,accepté
12305,12305,2022-02-21,227.95,PayPal,refusé
12306,12306,2025-09-28,1480.19,PayPal,refusé
12307,12307,2022-02-19,1708.7,Virement,refusé
12308,12308,2023-06-15,1796.32,Carte,accepté
12309,12309,2021-02-14,651.53,Virement,accepté
12310,12310,2019-06-19,1787.28,Carte,refusé
12311,12311,2020-03-03,168.98,Virement,accepté
12312,12312,2024-11-05,637.3,Carte,accepté
12313,12313,2021-09-09,869.52,Carte,refusé
12314,12314,2024-05-04,1535.85,Virement,accepté
12315,12315,2020-06-06,184.44,Virement,refusé
12316,12316,2023-09-25,1818.88,Carte,accepté
12317,12317,2020-10-27,418.54,PayPal,accepté
12318,12318,2019-02-04,456.76,Carte,refusé
12319,12319,2019-06-09,794.13,Virement,accepté
12320,12320,2022-11-18,493.61,Carte,accepté
12321,12321,2022-09-27,1388.73,Virement,accepté
12322,12322,2023-09-15,146.28,Virement,accepté
12323,12323,2023-07-02,337.16,Carte,refusé
12324,12324,2025-08-05,151.99,Carte,accepté
12325,12325,2024-03-29,1565.67,PayPal,refusé
12326,12326,2024-12-11,1736.48,Carte,refusé
12327,12327,2025-12-23,873.62,Virement,accepté
12328,12328,2023-10-02,408.75,Carte,refusé
12329,12329,2020-08-18,1565.83,Carte,refusé
12330,12330,2025-06-05,1840.3,Virement,accepté
12331,12331,2020-11-14,988.92,Virement,refusé
12332,12332,2019-08-26,36.09,PayPal,refusé
12333,12333,2022-05-16,1794.55,PayPal,accepté
12334,12334,2023-01-25,578.73,PayPal,refusé
12335,12335,2020-07-10,1908.27,Virement,refusé
12336,12336,2020-05-16,1959.65,Virement,refusé
12337,12337,2021-09-27,836.15,PayPal,accepté
12338,12338,2025-09-24,1300.06,Virement,accepté
12339,12339,2024-12-08,475.37,Virement,accepté
12340,12340,2022-09-01,585.89,PayPal,accepté
12341,12341,2020-03-13,999.47,Carte,accepté
12342,12342,2021-05-10,619.86,Carte,accepté
12343,12343,2021-01-17,1813.55,PayPal,accepté
12344,12344,2020-06-15,101.8,Virement,accepté
12345,12345,2023-05-11,1710.09,PayPal,refusé
12346,12346,2021-06-08,398.93,Carte,refusé
12347,12347,2024-04-13,409.52,Virement,accepté
12348,12348,2025-06-09,1563.07,PayPal,refusé
12349,12349,2021-05-04,841.19,PayPal,accepté
12350,12350,2021-04-30,620.85,PayPal,refusé
12351,12351,2023-01-26,614.3,Carte,accepté
12352,12352,2019-02-08,1806.1,Virement,accepté
12353,12353,2019-12-21,1592.03,Virement,accepté
12354,12354,2023-11-11,1709.89,PayPal,accepté
12355,12355,2025-02-01,1846.32,Virement,refusé
12356,12356,2020-10-18,976.33,Virement,accepté
12357,12357,2024-09-04,952.38,Carte,accepté
12358,12358,2024-01-22,1278.02,PayPal,refusé
12359,12359,2023-05-31,1989.94,PayPal,refusé
12360,12360,2024-10-29,1933.69,Carte,accepté
12361,12361,2020-03-17,668.13,Virement,accepté
12362,12362,2021-12-31,258.98,Virement,accepté
12363,12363,2021-04-20,1582.22,Carte,refusé
12364,12364,2023-12-17,1801.85,PayPal,refusé
12365,12365,2023-02-09,1119.47,Virement,accepté
12366,12366,2021-04-03,21.13,Virement,accepté
12367,12367,2021-12-06,1231.65,Carte,refusé
12368,12368,2022-12-27,48.8,Virement,refusé
12369,12369,2019-01-10,1855.46,PayPal,accepté
12370,12370,2024-06-12,313.14,Carte,accepté
12371,12371,2024-06-23,115.32,PayPal,refusé
12372,12372,2025-11-14,637.97,PayPal,refusé
12373,12373,2025-06-27,1059.28,Virement,accepté
12374,12374,2020-02-13,892.09,Carte,accepté
12375,12375,2022-07-10,1968.33,Carte,refusé
12376,12376,2019-03-17,561.3,Carte,refusé
12377,12377,2023-08-24,525.71,PayPal,accepté
12378,12378,2024-03-02,1151.27,Virement,accepté
12379,12379,2023-08-06,387.33,Virement,accepté
12380,12380,2025-12-08,1318.18,Carte,accepté
12381,12381,2022-07-20,1132.58,PayPal,accepté
12382,12382,2024-09-11,314.66,Virement,refusé
12383,12383,2023-12-01,887.9,Carte,refusé
12384,12384,2019-03-20,1545.0,Carte,accepté
12385,12385,2021-08-03,1997.47,PayPal,accepté
12386,12386,2022-11-03,70.25,Virement,refusé
12387,12387,2020-01-14,176.09,Virement,accepté
12388,12388,2024-04-28,764.41,Carte,accepté
12389,12389,2024-04-26,783.6,Carte,refusé
12390,12390,2019-07-16,695.42,Virement,refusé
12391,12391,2025-10-24,1935.2,PayPal,accepté
12392,12392,2022-02-01,582.53,PayPal,refusé
12393,12393,2022-12-05,553.95,Carte,refusé
12394,12394,2020-10-26,1823.15,Carte,refusé
12395,12395,2022-02-14,1594.38,PayPal,accepté
12396,12396,2021-07-29,679.44,PayPal,refusé
12397,12397,2019-11-06,596.49,PayPal,accepté
12398,12398,2024-12-14,121.9,Carte,accepté
12399,12399,2023-03-30,1641.4,PayPal,refusé
12400,12400,2020-09-30,1664.05,PayPal,refusé
12401,12401,2025-09-02,1489.62,Virement,refusé
12402,12402,2019-11-02,140.84,PayPal,accepté
12403,12403,2024-01-14,879.38,Virement,refusé
12404,12404,2024-08-17,1719.23,Virement,refusé
12405,12405,2025-01-08,160.71,Virement,accepté
12406,12406,2021-03-10,1976.27,Carte,refusé
12407,12407,2021-05-15,119.81,PayPal,accepté
12408,12408,2022-03-21,1221.06,Carte,accepté
12409,12409,2019-01-13,713.84,Carte,accepté
12410,12410,2019-08-16,1210.82,PayPal,refusé
12411,12411,2019-07-20,758.25,Virement,refusé
12412,12412,2021-12-19,262.47,Virement,accepté
12413,12413,2023-02-12,45.06,Virement,refusé
12414,12414,2025-08-09,548.48,Virement,accepté
12415,12415,2020-09-22,1543.44,Virement,accepté
12416,12416,2021-03-02,1986.4,Virement,accepté
12417,12417,2020-02-20,1009.54,PayPal,refusé
12418,12418,2023-01-03,878.65,PayPal,accepté
12419,12419,2023-08-30,1821.87,Carte,refusé
12420,12420,2023-08-31,541.31,Carte,accepté
12421,12421,2024-06-12,303.07,PayPal,refusé
12422,12422,2020-12-01,1592.84,Carte,accepté
12423,12423,2025-07-30,150.31,PayPal,refusé
12424,12424,2020-09-08,1208.63,Virement,accepté
12425,12425,2021-06-16,196.69,Carte,accepté
12426,12426,2020-06-28,1150.79,PayPal,accepté
12427,12427,2025-01-28,996.54,PayPal,accepté
12428,12428,2025-02-01,359.18,PayPal,accepté
12429,12429,2025-05-15,1104.53,Carte,refusé
12430,12430,2023-02-01,335.62,Carte,refusé
12431,12431,2022-04-04,1812.52,Virement,accepté
12432,12432,2025-12-02,1834.11,PayPal,accepté
12433,12433,2019-02-21,1258.44,PayPal,accepté
12434,12434,2025-02-13,1729.3,Virement,accepté
12435,12435,2024-03-27,1016.46,Carte,refusé
12436,12436,2024-04-14,594.7,Virement,refusé
12437,12437,2023-04-03,1664.2,Carte,accepté
12438,12438,2020-02-04,1433.0,PayPal,accepté
12439,12439,2024-02-09,758.74,PayPal,accepté
12440,12440,2020-02-02,430.47,Virement,refusé
12441,12441,2022-10-26,1887.45,Carte,accepté
12442,12442,2023-06-29,750.93,Carte,accepté
12443,12443,2022-02-17,1916.65,PayPal,accepté
12444,12444,2022-04-28,225.67,Virement,accepté
12445,12445,2024-06-17,1653.41,Carte,refusé
12446,12446,2019-07-25,50.03,PayPal,refusé
12447,12447,2021-02-21,1639.41,PayPal,accepté
12448,12448,2021-10-22,602.37,Carte,accepté
12449,12449,2022-02-04,1433.91,Virement,refusé
12450,12450,2021-04-05,1012.75,Virement,refusé
12451,12451,2021-03-25,1249.85,PayPal,accepté
12452,12452,2019-02-04,1967.54,PayPal,refusé
12453,12453,2020-09-05,1168.85,PayPal,accepté
12454,12454,2025-02-02,60.69,PayPal,refusé
12455,12455,2022-01-22,1197.65,Carte,refusé
12456,12456,2025-02-17,1661.61,Carte,accepté
12457,12457,2024-05-11,1517.25,Carte,refusé
12458,12458,2025-06-03,1626.13,Carte,refusé
12459,12459,2019-11-18,1194.9,Carte,refusé
12460,12460,2025-02-04,1005.57,Carte,accepté
12461,12461,2021-01-19,1039.96,Virement,refusé
12462,12462,2020-12-21,35.76,Carte,accepté
12463,12463,2020-09-06,911.4,Carte,accepté
12464,12464,2019-06-17,950.12,PayPal,accepté
12465,12465,2020-11-06,969.04,Virement,accepté
12466,12466,2024-12-04,158.75,Virement,refusé
12467,12467,2025-02-06,652.29,Carte,accepté
12468,12468,2021-11-17,1745.51,Virement,accepté
12469,12469,2023-02-02,285.68,PayPal,refusé
12470,12470,2019-05-30,188.29,Virement,accepté
12471,12471,2023-07-19,1700.27,Carte,refusé
12472,12472,2020-02-28,1106.56,Virement,accepté
12473,12473,2022-02-14,1455.7,Virement,accepté
12474,12474,2022-09-24,898.58,Virement,accepté
12475,12475,2022-07-28,1819.89,Carte,accepté
12476,12476,2023-04-08,325.9,Carte,accepté
12477,12477,2024-07-25,1926.2,Virement,refusé
12478,12478,2021-09-09,181.8,Virement,accepté
12479,12479,2020-05-16,1558.72,Virement,accepté
12480,12480,2025-10-04,718.81,PayPal,accepté
12481,12481,2022-08-19,315.31,PayPal,refusé
12482,12482,2021-05-17,1880.19,PayPal,refusé
12483,12483,2025-09-21,1114.0,Virement,refusé
12484,12484,2019-06-11,626.88,PayPal,refusé
12485,12485,2019-09-15,558.84,Carte,refusé
12486,12486,2023-05-11,814.69,Virement,accepté
12487,12487,2023-03-13,1123.97,PayPal,refusé
12488,12488,2022-01-12,1170.71,Carte,refusé
12489,12489,2020-06-10,1699.17,Virement,refusé
12490,12490,2025-08-01,1266.27,Virement,refusé
12491,12491,2025-10-27,1278.86,PayPal,refusé
12492,12492,2023-09-05,1317.79,Carte,refusé
12493,12493,2019-09-11,605.84,Virement,accepté
12494,12494,2019-02-18,364.79,Carte,refusé
12495,12495,2023-04-13,223.41,PayPal,refusé
12496,12496,2019-08-28,177.96,Carte,refusé
12497,12497,2025-07-01,1189.0,PayPal,accepté
12498,12498,2021-05-26,625.86,PayPal,accepté
12499,12499,2019-08-03,141.23,PayPal,accepté
12500,12500,2019-07-29,1626.16,Carte,accepté
12501,12501,2020-03-03,742.63,Virement,accepté
12502,12502,2022-01-01,51.7,Virement,accepté
12503,12503,2019-03-05,47.48,PayPal,accepté
12504,12504,2024-02-15,1699.02,Virement,refusé
12505,12505,2021-09-09,779.25,Virement,refusé
12506,12506,2019-06-11,1862.69,Carte,refusé
12507,12507,2022-12-10,1118.4,Virement,refusé
12508,12508,2021-02-05,1189.57,Carte,accepté
12509,12509,2020-08-22,131.52,Virement,refusé
12510,12510,2024-10-19,609.28,Virement,refusé
12511,12511,2023-02-23,509.98,PayPal,refusé
12512,12512,2024-11-23,219.48,PayPal,refusé
12513,12513,2024-03-15,371.73,Virement,accepté
12514,12514,2023-08-12,977.09,Carte,accepté
12515,12515,2024-07-27,1079.8,Carte,accepté
12516,12516,2022-11-09,1040.63,Carte,refusé
12517,12517,2025-10-30,938.81,PayPal,refusé
12518,12518,2020-02-28,1949.22,Virement,refusé
12519,12519,2024-03-01,502.03,Virement,accepté
12520,12520,2025-09-19,280.21,Carte,accepté
12521,12521,2024-12-08,693.06,Carte,accepté
12522,12522,2021-11-04,1955.11,Virement,accepté
12523,12523,2019-10-15,1070.05,PayPal,refusé
12524,12524,2020-08-12,186.93,PayPal,refusé
12525,12525,2024-08-07,1902.44,Carte,accepté
12526,12526,2022-12-01,1615.33,Virement,accepté
12527,12527,2025-05-04,26.85,Virement,accepté
12528,12528,2024-11-16,31.08,PayPal,accepté
12529,12529,2019-08-14,1929.9,Virement,refusé
12530,12530,2026-01-02,162.06,Carte,refusé
12531,12531,2021-09-18,941.14,Virement,refusé
12532,12532,2021-10-11,347.0,Virement,accepté
12533,12533,2022-06-26,292.66,Virement,accepté
12534,12534,2025-11-01,1236.9,Carte,refusé
12535,12535,2023-05-30,1705.53,Carte,refusé
12536,12536,2024-09-27,1378.75,PayPal,refusé
12537,12537,2022-03-10,1534.29,Virement,accepté
12538,12538,2025-09-09,1341.59,Virement,accepté
12539,12539,2022-06-28,524.15,Virement,refusé
12540,12540,2022-06-08,1728.15,Virement,refusé
12541,12541,2024-12-18,490.94,Carte,accepté
12542,12542,2025-05-13,1658.84,Virement,refusé
12543,12543,2023-07-10,394.18,PayPal,refusé
12544,12544,2022-03-16,1354.9,Virement,accepté
12545,12545,2025-02-06,38.6,PayPal,refusé
12546,12546,2021-07-10,1619.92,PayPal,accepté
12547,12547,2023-12-21,859.33,Carte,refusé
12548,12548,2021-10-22,939.15,Carte,refusé
12549,12549,2019-02-17,937.3,Carte,accepté
12550,12550,2023-12-24,1064.64,Carte,refusé
12551,12551,2021-02-12,1937.87,Virement,accepté
12552,12552,2021-05-08,1337.89,Virement,refusé
12553,12553,2020-06-05,985.43,Virement,refusé
12554,12554,2021-10-02,220.34,PayPal,refusé
12555,12555,2020-07-15,1862.84,Carte,accepté
12556,12556,2025-08-05,1304.66,Virement,refusé
12557,12557,2023-06-01,1172.78,Carte,refusé
12558,12558,2019-11-15,1173.24,Virement,refusé
12559,12559,2021-09-27,1657.24,Carte,refusé
12560,12560,2020-11-23,212.52,PayPal,accepté
12561,12561,2019-10-01,1963.16,Virement,accepté
12562,12562,2024-11-05,505.67,Carte,accepté
12563,12563,2020-04-04,581.41,PayPal,accepté
12564,12564,2021-07-29,1905.66,PayPal,refusé
12565,12565,2023-04-29,1974.62,Carte,refusé
12566,12566,2022-02-19,1432.74,Carte,accepté
12567,12567,2023-11-26,313.44,PayPal,accepté
12568,12568,2021-12-15,836.42,Carte,refusé
12569,12569,2021-12-05,524.89,Virement,accepté
12570,12570,2022-02-05,1465.12,Virement,refusé
12571,12571,2024-04-04,1747.73,Virement,refusé
12572,12572,2021-06-14,251.38,PayPal,refusé
12573,12573,2019-11-16,1984.71,Carte,refusé
12574,12574,2021-03-07,766.6,Carte,refusé
12575,12575,2022-09-01,1706.11,Virement,refusé
12576,12576,2025-11-22,1027.23,Carte,accepté
12577,12577,2024-07-08,1963.23,Carte,accepté
12578,12578,2024-04-17,1121.21,Carte,refusé
12579,12579,2025-04-07,278.07,PayPal,refusé
12580,12580,2022-01-06,50.21,PayPal,accepté
12581,12581,2025-10-28,1783.99,PayPal,accepté
12582,12582,2021-01-20,1964.49,Carte,refusé
12583,12583,2024-11-17,1241.21,Virement,refusé
12584,12584,2019-05-22,285.85,Carte,refusé
12585,12585,2020-09-29,1281.25,Carte,refusé
12586,12586,2023-09-15,1794.02,Virement,accepté
12587,12587,2024-09-02,496.4,Carte,accepté
12588,12588,2022-03-25,1432.45,Carte,accepté
12589,12589,2022-11-25,240.64,Virement,accepté
12590,12590,2019-05-01,592.95,PayPal,accepté
12591,12591,2021-11-15,831.12,Virement,refusé
12592,12592,2022-09-04,255.95,Virement,refusé
12593,12593,2024-07-04,500.52,Virement,accepté
12594,12594,2020-08-06,435.05,Virement,refusé
12595,12595,2021-08-01,1889.8,PayPal,accepté
12596,12596,2022-07-10,813.98,PayPal,refusé
12597,12597,2022-12-08,84.46,PayPal,accepté
12598,12598,2023-02-11,825.66,Carte,refusé
12599,12599,2019-05-22,862.74,Carte,accepté
12600,12600,2020-02-09,748.21,Virement,accepté
12601,12601,2025-01-15,569.59,Virement,refusé
12602,12602,2023-07-31,367.74,Carte,refusé
12603,12603,2021-09-04,199.14,Virement,refusé
12604,12604,2022-08-27,798.22,PayPal,refusé
12605,12605,2023-06-25,968.2,PayPal,refusé
12606,12606,2025-09-11,415.52,PayPal,accepté
12607,12607,2023-09-21,184.29,Carte,refusé
12608,12608,2025-11-11,1756.01,Virement,accepté
12609,12609,2025-07-06,404.64,Virement,refusé
12610,12610,2024-12-22,1674.89,Carte,refusé
12611,12611,2020-02-17,905.57,Virement,refusé
12612,12612,2020-12-22,1999.77,Carte,accepté
12613,12613,2025-05-06,400.73,PayPal,accepté
12614,12614,2024-10-03,996.98,Carte,accepté
12615,12615,2021-07-30,534.13,Carte,refusé
12616,12616,2024-05-11,957.56,Virement,accepté
12617,12617,2024-05-26,1817.92,Carte,refusé
12618,12618,2020-02-16,590.43,Virement,refusé
12619,12619,2022-09-28,1795.16,PayPal,refusé
12620,12620,2025-12-25,154.23,PayPal,accepté
12621,12621,2020-05-27,1666.79,Carte,accepté
12622,12622,2022-02-24,1893.98,Carte,accepté
12623,12623,2020-04-24,506.35,Virement,accepté
12624,12624,2025-03-10,1136.04,Carte,refusé
12625,12625,2019-07-17,1803.54,Virement,accepté
12626,12626,2020-10-25,1796.65,Virement,refusé
12627,12627,2023-04-16,756.88,Carte,refusé
12628,12628,2019-06-29,38.59,Carte,refusé
12629,12629,2019-08-29,292.8,PayPal,refusé
12630,12630,2019-04-16,754.21,Virement,accepté
12631,12631,2023-03-29,1898.32,Virement,refusé
12632,12632,2021-12-22,1981.28,Carte,accepté
12633,12633,2019-01-18,1253.2,PayPal,refusé
12634,12634,2021-12-12,1919.81,Carte,accepté
12635,12635,2022-01-12,500.69,PayPal,accepté
12636,12636,2022-04-26,686.63,Virement,accepté
12637,12637,2023-01-05,1535.72,Virement,refusé
12638,12638,2019-05-27,1231.89,Carte,accepté
12639,12639,2019-09-23,884.16,PayPal,accepté
12640,12640,2022-01-01,1904.36,PayPal,refusé
12641,12641,2019-12-19,1204.38,PayPal,refusé
12642,12642,2021-04-27,1184.48,Carte,accepté
12643,12643,2024-06-17,1511.93,Virement,refusé
12644,12644,2021-04-16,1429.28,PayPal,refusé
12645,12645,2024-06-28,1886.31,Carte,accepté
12646,12646,2022-05-20,1246.21,Carte,accepté
12647,12647,2022-08-02,1048.35,Virement,accepté
12648,12648,2019-01-12,1009.62,Carte,refusé
12649,12649,2024-03-23,1767.22,PayPal,accepté
12650,12650,2019-09-27,884.62,Virement,refusé
12651,12651,2020-01-09,1808.15,Virement,refusé
12652,12652,2024-04-11,1396.19,Virement,refusé
12653,12653,2019-10-13,1018.62,PayPal,refusé
12654,12654,2019-12-29,1333.12,Carte,accepté
12655,12655,2024-10-06,1368.56,Virement,accepté
12656,12656,2025-02-25,1346.94,Carte,accepté
12657,12657,2023-01-23,1431.79,Virement,accepté
12658,12658,2021-12-10,904.89,Carte,refusé
12659,12659,2021-02-03,1544.67,Carte,refusé
12660,12660,2024-06-22,312.79,PayPal,accepté
12661,12661,2022-08-10,977.64,PayPal,refusé
12662,12662,2024-04-28,1566.66,Virement,accepté
12663,12663,2025-06-11,1750.58,Carte,accepté
12664,12664,2020-09-18,743.65,PayPal,refusé
12665,12665,2023-11-10,1377.43,Virement,accepté
12666,12666,2024-07-09,1900.19,Carte,refusé
12667,12667,2021-09-22,962.1,Carte,refusé
12668,12668,2024-10-20,1544.39,Virement,accepté
12669,12669,2025-09-17,350.22,Virement,accepté
12670,12670,2019-12-21,1845.89,Carte,accepté
12671,12671,2022-11-14,1836.39,Virement,accepté
12672,12672,2020-07-21,112.71,Virement,refusé
12673,12673,2019-10-15,1855.47,PayPal,refusé
12674,12674,2025-09-08,198.28,PayPal,refusé
12675,12675,2021-02-14,322.6,Virement,accepté
12676,12676,2023-05-19,1505.69,PayPal,accepté
12677,12677,2024-04-13,1223.49,Virement,accepté
12678,12678,2021-04-01,1990.31,PayPal,refusé
12679,12679,2025-01-02,879.97,Virement,refusé
12680,12680,2023-06-04,755.26,Carte,accepté
12681,12681,2023-08-19,65.34,Carte,accepté
12682,12682,2022-03-28,1868.27,PayPal,accepté
12683,12683,2020-09-24,825.1,Carte,refusé
12684,12684,2019-10-24,604.55,PayPal,refusé
12685,12685,2020-05-16,299.04,Virement,accepté
12686,12686,2020-04-28,1040.97,Carte,accepté
12687,12687,2020-08-16,1654.62,Carte,refusé
12688,12688,2019-09-08,73.49,Virement,refusé
12689,12689,2024-02-04,1853.47,PayPal,accepté
12690,12690,2025-10-25,1362.84,PayPal,accepté
12691,12691,2022-11-03,1939.6,Virement,refusé
12692,12692,2024-04-05,1565.71,PayPal,accepté
12693,12693,2020-07-18,671.59,Virement,refusé
12694,12694,2021-08-21,1662.46,Virement,refusé
12695,12695,2023-11-01,938.67,PayPal,accepté
12696,12696,2024-03-08,457.97,Carte,refusé
12697,12697,2021-03-21,1943.87,Carte,accepté
12698,12698,2019-01-29,1022.16,PayPal,accepté
12699,12699,2024-09-05,1156.64,Virement,accepté
12700,12700,2022-01-17,642.83,Carte,refusé
12701,12701,2024-08-24,815.42,Carte,accepté
12702,12702,2024-04-25,737.33,Virement,refusé
12703,12703,2023-12-13,804.43,Carte,accepté
12704,12704,2023-04-14,833.8,PayPal,accepté
12705,12705,2022-04-26,1214.24,Virement,accepté
12706,12706,2023-02-09,256.05,Virement,refusé
12707,12707,2019-03-23,1714.93,Carte,accepté
12708,12708,2022-01-10,1608.11,Carte,accepté
12709,12709,2025-02-05,661.61,PayPal,refusé
12710,12710,2024-01-24,296.66,Carte,refusé
12711,12711,2025-05-07,342.64,Carte,refusé
12712,12712,2019-07-19,210.93,PayPal,refusé
12713,12713,2025-12-23,1346.84,PayPal,refusé
12714,12714,2024-12-03,1301.05,Virement,refusé
12715,12715,2024-09-23,128.14,Virement,accepté
12716,12716,2021-09-07,796.22,Virement,accepté
12717,12717,2019-05-22,1041.59,Virement,refusé
12718,12718,2020-06-03,1440.62,Virement,refusé
12719,12719,2021-05-26,1811.81,PayPal,accepté
12720,12720,2025-05-30,1936.39,Carte,accepté
12721,12721,2024-05-20,456.15,PayPal,refusé
12722,12722,2023-06-16,1486.31,PayPal,refusé
12723,12723,2021-07-14,1709.11,PayPal,refusé
12724,12724,2021-07-13,631.76,Virement,refusé
12725,12725,2020-05-06,1741.14,Carte,accepté
12726,12726,2019-05-11,980.82,Virement,refusé
12727,12727,2021-07-12,1007.99,Carte,accepté
12728,12728,2021-11-04,139.8,PayPal,accepté
12729,12729,2021-10-01,385.96,Carte,refusé
12730,12730,2023-11-18,304.53,Carte,refusé
12731,12731,2019-10-15,176.75,Carte,refusé
12732,12732,2024-03-08,749.59,Virement,accepté
12733,12733,2020-08-19,454.92,Virement,refusé
12734,12734,2022-04-19,989.07,Carte,refusé
12735,12735,2025-10-21,359.79,Carte,refusé
12736,12736,2019-02-24,1365.46,PayPal,accepté
12737,12737,2019-11-11,1439.0,Virement,accepté
12738,12738,2021-04-19,1465.76,PayPal,accepté
12739,12739,2020-07-14,1847.33,Virement,accepté
12740,12740,2019-02-14,1721.96,PayPal,refusé
12741,12741,2025-06-30,325.78,PayPal,refusé
12742,12742,2019-08-26,1885.93,PayPal,accepté
12743,12743,2025-07-09,225.56,Virement,accepté
12744,12744,2025-08-16,833.37,PayPal,refusé
12745,12745,2025-10-18,1663.65,Carte,refusé
12746,12746,2022-07-08,1616.59,Carte,refusé
12747,12747,2021-05-14,1244.37,PayPal,refusé
12748,12748,2023-06-08,1011.45,Carte,refusé
12749,12749,2019-04-08,589.1,Virement,accepté
12750,12750,2022-05-23,1305.66,Carte,accepté
12751,12751,2023-07-16,474.57,Virement,refusé
12752,12752,2020-05-16,701.53,Carte,refusé
12753,12753,2025-10-20,343.35,PayPal,refusé
12754,12754,2020-01-14,1378.22,PayPal,refusé
12755,12755,2024-02-03,418.74,PayPal,accepté
12756,12756,2019-02-17,1357.17,Carte,refusé
12757,12757,2020-09-04,1811.74,Virement,accepté
12758,12758,2022-08-07,1815.88,Carte,accepté
12759,12759,2020-08-17,882.78,Carte,refusé
12760,12760,2023-05-28,1668.8,Virement,accepté
12761,12761,2023-05-14,435.21,Virement,accepté
12762,12762,2024-10-10,1675.74,PayPal,accepté
12763,12763,2022-10-22,535.63,Virement,refusé
12764,12764,2024-06-06,1412.44,Carte,accepté
12765,12765,2022-10-03,157.53,PayPal,accepté
12766,12766,2020-06-27,1915.03,Virement,refusé
12767,12767,2020-06-09,1457.59,Virement,accepté
12768,12768,2025-11-01,426.26,Carte,accepté
12769,12769,2024-08-23,1585.41,Carte,refusé
12770,12770,2024-01-25,1378.0,PayPal,accepté
12771,12771,2020-04-10,822.9,Virement,accepté
12772,12772,2021-03-17,919.18,PayPal,accepté
12773,12773,2024-06-16,1458.36,PayPal,accepté
12774,12774,2020-12-01,670.43,PayPal,refusé
12775,12775,2022-08-29,105.48,PayPal,refusé
12776,12776,2024-02-01,1276.13,Carte,accepté
12777,12777,2021-12-19,1800.88,Carte,refusé
12778,12778,2019-04-02,609.39,PayPal,accepté
12779,12779,2021-06-24,1932.05,PayPal,refusé
12780,12780,2025-07-19,1754.88,Carte,accepté
12781,12781,2023-07-09,949.08,Virement,accepté
12782,12782,2024-02-11,743.74,Virement,refusé
12783,12783,2023-11-16,1895.66,Carte,accepté
12784,12784,2022-10-14,1874.46,Virement,accepté
12785,12785,2022-06-02,392.17,Virement,refusé
12786,12786,2023-07-29,987.43,Carte,accepté
12787,12787,2019-12-25,784.5,Carte,accepté
12788,12788,2019-11-30,1118.01,Virement,accepté
12789,12789,2022-05-11,203.53,Carte,accepté
12790,12790,2019-04-06,103.46,PayPal,refusé
12791,12791,2024-12-04,1973.37,PayPal,refusé
12792,12792,2022-08-23,1884.67,Virement,refusé
12793,12793,2025-11-05,955.97,Virement,accepté
12794,12794,2019-04-06,1536.69,Carte,refusé
12795,12795,2021-03-01,985.87,Virement,accepté
12796,12796,2021-10-29,249.2,PayPal,refusé
12797,12797,2021-01-16,1953.06,PayPal,refusé
12798,12798,2020-06-14,569.94,Virement,accepté
12799,12799,2020-04-28,888.38,Carte,accepté
12800,12800,2019-02-04,44.34,Carte,accepté
12801,12801,2021-08-07,1402.86,PayPal,accepté
12802,12802,2025-03-21,1024.89,Virement,accepté
12803,12803,2024-08-30,469.31,Virement,accepté
12804,12804,2025-06-26,1266.59,Carte,accepté
12805,12805,2020-02-24,267.31,Virement,refusé
12806,12806,2021-03-24,1077.77,Virement,accepté
12807,12807,2021-03-20,687.9,PayPal,accepté
12808,12808,2023-01-02,875.11,PayPal,refusé
12809,12809,2021-03-22,1442.41,Carte,accepté
12810,12810,2019-04-20,1744.94,Virement,accepté
12811,12811,2022-06-22,1380.54,Carte,refusé
12812,12812,2019-05-17,363.44,PayPal,refusé
12813,12813,2020-03-16,247.12,PayPal,refusé
12814,12814,2022-08-30,693.86,PayPal,refusé
12815,12815,2021-03-06,557.16,PayPal,accepté
12816,12816,2019-09-17,417.35,PayPal,accepté
12817,12817,2021-07-11,964.53,Virement,refusé
12818,12818,2023-02-17,686.29,Virement,accepté
12819,12819,2019-02-21,635.5,Carte,refusé
12820,12820,2020-10-18,1067.48,Carte,refusé
12821,12821,2020-06-13,1107.22,Virement,refusé
12822,12822,2022-05-11,642.33,PayPal,refusé
12823,12823,2022-07-24,141.36,PayPal,refusé
12824,12824,2022-05-29,160.06,Carte,refusé
12825,12825,2024-06-06,727.29,Virement,accepté
12826,12826,2020-03-28,304.66,Virement,refusé
12827,12827,2024-07-02,100.35,Virement,accepté
12828,12828,2021-09-25,1165.37,Virement,accepté
12829,12829,2019-07-20,1175.36,PayPal,refusé
12830,12830,2020-10-13,1139.7,Virement,refusé
12831,12831,2021-09-14,60.57,PayPal,accepté
12832,12832,2022-01-14,804.59,PayPal,refusé
12833,12833,2021-07-01,1077.69,Carte,refusé
12834,12834,2024-10-27,262.18,PayPal,refusé
12835,12835,2024-04-10,1862.32,Virement,refusé
12836,12836,2024-01-11,1180.05,Virement,refusé
12837,12837,2025-12-26,1149.92,PayPal,refusé
12838,12838,2024-05-19,506.66,PayPal,refusé
12839,12839,2019-02-03,658.03,Virement,accepté
12840,12840,2024-05-03,1943.54,Virement,accepté
12841,12841,2025-03-23,335.47,PayPal,refusé
12842,12842,2022-02-07,1922.01,Virement,refusé
12843,12843,2021-05-06,746.04,Virement,accepté
12844,12844,2019-01-27,771.01,Virement,refusé
12845,12845,2022-02-14,1925.43,Virement,refusé
12846,12846,2024-09-29,975.59,PayPal,accepté
12847,12847,2020-07-24,1188.21,Virement,accepté
12848,12848,2023-09-22,1780.75,Carte,accepté
12849,12849,2023-03-16,1775.09,Carte,refusé
12850,12850,2024-02-27,1072.49,PayPal,refusé
12851,12851,2023-04-16,1152.16,PayPal,refusé
12852,12852,2020-06-24,1271.89,PayPal,refusé
12853,12853,2025-09-29,877.67,Virement,accepté
12854,12854,2022-07-02,1843.8,Carte,refusé
12855,12855,2023-07-11,914.32,Virement,refusé
12856,12856,2024-08-03,1853.29,Carte,accepté
12857,12857,2021-01-26,1962.58,Carte,accepté
12858,12858,2021-02-12,34.53,Virement,refusé
12859,12859,2025-05-24,338.25,PayPal,refusé
12860,12860,2024-02-28,1342.87,Virement,refusé
12861,12861,2024-12-04,1142.39,PayPal,refusé
12862,12862,2023-12-30,1444.25,Carte,accepté
12863,12863,2019-06-22,516.76,PayPal,accepté
12864,12864,2023-10-19,875.73,PayPal,accepté
12865,12865,2024-12-21,1272.0,Virement,accepté
12866,12866,2023-01-04,1181.43,Carte,accepté
12867,12867,2023-06-09,1482.99,Carte,refusé
12868,12868,2022-10-01,1000.93,Virement,refusé
12869,12869,2019-06-13,1619.86,Virement,accepté
12870,12870,2019-12-23,475.27,PayPal,refusé
12871,12871,2023-09-24,528.79,PayPal,refusé
12872,12872,2022-06-25,462.85,PayPal,refusé
12873,12873,2019-08-15,480.47,PayPal,accepté
12874,12874,2022-09-30,752.55,Virement,accepté
12875,12875,2022-09-20,1795.0,Virement,accepté
12876,12876,2020-05-05,348.3,Carte,refusé
12877,12877,2020-03-03,1788.37,Virement,refusé
12878,12878,2024-07-29,1535.07,Carte,refusé
12879,12879,2019-09-01,856.7,Carte,accepté
12880,12880,2023-09-05,1789.17,Virement,refusé
12881,12881,2023-05-13,527.83,Carte,refusé
12882,12882,2020-01-02,624.21,PayPal,refusé
12883,12883,2024-05-15,657.91,Carte,refusé
12884,12884,2022-04-12,962.82,Carte,accepté
12885,12885,2022-11-22,1450.63,Virement,refusé
12886,12886,2019-05-04,1684.87,Carte,refusé
12887,12887,2021-12-18,1658.81,Virement,accepté
12888,12888,2023-08-16,569.4,PayPal,refusé
12889,12889,2021-07-30,372.49,PayPal,refusé
12890,12890,2024-06-27,1328.16,PayPal,accepté
12891,12891,2024-12-21,1319.68,Carte,refusé
12892,12892,2019-08-16,474.52,PayPal,refusé
12893,12893,2020-01-20,361.06,Virement,refusé
12894,12894,2023-06-04,703.54,Virement,refusé
12895,12895,2019-02-16,854.52,PayPal,accepté
12896,12896,2024-12-23,249.0,Carte,accepté
12897,12897,2021-12-17,464.38,Carte,refusé
12898,12898,2019-06-13,244.53,Carte,refusé
12899,12899,2024-01-07,169.06,PayPal,accepté
12900,12900,2024-05-14,829.45,Virement,accepté
12901,12901,2023-10-06,366.05,PayPal,accepté
12902,12902,2024-02-18,1604.3,PayPal,refusé
12903,12903,2025-03-01,221.74,Carte,refusé
12904,12904,2024-07-21,666.8,PayPal,refusé
12905,12905,2024-10-11,1526.02,PayPal,accepté
12906,12906,2024-08-11,1111.27,Carte,refusé
12907,12907,2025-03-05,887.5,Virement,accepté
12908,12908,2022-12-04,340.33,Carte,refusé
12909,12909,2019-08-26,1962.16,PayPal,accepté
12910,12910,2022-07-21,39.25,PayPal,refusé
12911,12911,2020-05-29,670.62,Carte,refusé
12912,12912,2021-05-18,267.17,PayPal,refusé
12913,12913,2022-03-12,1013.38,PayPal,accepté
12914,12914,2022-09-15,1646.92,Carte,accepté
12915,12915,2023-12-02,324.97,Carte,accepté
12916,12916,2020-10-11,1172.16,PayPal,refusé
12917,12917,2025-03-04,296.61,PayPal,refusé
12918,12918,2021-12-29,57.24,Carte,accepté
12919,12919,2020-10-01,1638.4,Carte,accepté
12920,12920,2020-07-29,57.87,PayPal,refusé
12921,12921,2024-05-02,1064.6,Virement,accepté
12922,12922,2023-01-14,1051.94,Carte,refusé
12923,12923,2019-06-19,1350.71,Carte,accepté
12924,12924,2026-01-03,272.16,Virement,refusé
12925,12925,2022-06-21,1218.95,Virement,accepté
12926,12926,2019-06-13,743.35,PayPal,refusé
12927,12927,2019-06-22,1803.65,PayPal,accepté
12928,12928,2022-11-28,1937.05,Carte,refusé
12929,12929,2022-01-02,945.89,Carte,accepté
12930,12930,2023-12-04,58.01,PayPal,refusé
12931,12931,2021-11-01,23.56,Virement,refusé
12932,12932,2021-11-30,1890.38,PayPal,accepté
12933,12933,2019-02-14,1273.84,Virement,refusé
12934,12934,2019-12-20,1855.76,PayPal,refusé
12935,12935,2021-08-21,1691.37,Virement,refusé
12936,12936,2024-05-25,57.01,PayPal,refusé
12937,12937,2025-11-02,917.35,Virement,refusé
12938,12938,2023-05-23,891.61,PayPal,refusé
12939,12939,2023-06-24,1436.85,Carte,refusé
12940,12940,2021-01-21,76.09,PayPal,refusé
12941,12941,2021-08-07,1578.45,PayPal,refusé
12942,12942,2023-08-05,130.82,Carte,accepté
12943,12943,2019-07-30,1162.19,Virement,refusé
12944,12944,2024-09-22,1842.09,Virement,accepté
12945,12945,2022-07-31,863.17,PayPal,refusé
12946,12946,2020-06-29,1892.24,Virement,refusé
12947,12947,2019-07-04,81.59,Virement,accepté
12948,12948,2021-05-13,84.33,Carte,refusé
12949,12949,2025-01-24,318.03,Virement,refusé
12950,12950,2021-11-07,1335.28,PayPal,accepté
12951,12951,2025-10-13,1865.29,PayPal,refusé
12952,12952,2020-01-18,280.57,Carte,accepté
12953,12953,2023-11-30,108.72,PayPal,accepté
12954,12954,2025-03-04,424.31,PayPal,refusé
12955,12955,2024-03-12,857.23,Virement,refusé
12956,12956,2024-03-14,1766.21,Carte,refusé
12957,12957,2021-07-24,445.0,Carte,refusé
12958,12958,2023-11-01,1679.5,Virement,accepté
12959,12959,2025-03-13,897.61,Carte,refusé
12960,12960,2021-05-18,1171.48,Virement,refusé
12961,12961,2021-12-09,881.58,Virement,accepté
12962,12962,2019-07-14,453.25,Virement,refusé
12963,12963,2019-11-13,1443.88,PayPal,refusé
12964,12964,2024-02-02,333.36,PayPal,accepté
12965,12965,2022-06-03,1723.1,Carte,refusé
12966,12966,2020-03-16,90.48,Carte,refusé
12967,12967,2022-02-19,1357.26,PayPal,refusé
12968,12968,2023-05-22,72.41,PayPal,refusé
12969,12969,2025-05-19,157.93,PayPal,accepté
12970,12970,2024-01-23,1319.83,Carte,refusé
12971,12971,2020-06-24,419.64,Virement,accepté
12972,12972,2024-01-25,1601.49,PayPal,refusé
12973,12973,2021-08-27,1533.51,PayPal,refusé
12974,12974,2021-04-26,1108.81,Virement,refusé
12975,12975,2020-07-02,1254.76,PayPal,refusé
12976,12976,2025-07-20,498.11,Carte,refusé
12977,12977,2024-12-05,102.43,Virement,refusé
12978,12978,2022-03-31,662.07,PayPal,accepté
12979,12979,2023-07-24,1841.1,Virement,refusé
12980,12980,2020-08-13,1057.2,Virement,refusé
12981,12981,2020-12-26,442.46,PayPal,accepté
12982,12982,2021-11-13,1456.57,Carte,refusé
12983,12983,2022-05-01,57.99,Carte,refusé
12984,12984,2024-12-23,222.83,Virement,refusé
12985,12985,2025-02-19,132.25,Carte,refusé
12986,12986,2023-04-09,1694.39,Virement,accepté
12987,12987,2023-01-15,337.9,Virement,refusé
12988,12988,2023-01-28,1083.24,Carte,accepté
12989,12989,2021-06-24,873.0,Virement,accepté
12990,12990,2020-01-20,432.4,PayPal,accepté
12991,12991,2021-12-02,263.55,PayPal,refusé
12992,12992,2023-08-04,676.18,Carte,accepté
12993,12993,2025-12-17,1040.21,PayPal,accepté
12994,12994,2022-06-28,66.63,Carte,refusé
12995,12995,2025-06-21,545.81,Virement,accepté
12996,12996,2020-09-01,319.42,Virement,refusé
12997,12997,2023-05-03,1118.88,PayPal,refusé
12998,12998,2023-12-25,1777.34,Carte,accepté
12999,12999,2021-06-28,1859.14,Virement,refusé
13000,13000,2025-04-19,329.43,Virement,accepté
13001,13001,2020-03-29,322.04,Carte,accepté
13002,13002,2022-08-13,1268.79,PayPal,refusé
13003,13003,2024-11-29,1146.39,Virement,accepté
13004,13004,2020-01-03,588.51,Virement,refusé
13005,13005,2020-10-31,355.86,Carte,refusé
13006,13006,2021-02-16,754.32,Virement,accepté
13007,13007,2020-11-17,1889.4,Virement,refusé
13008,13008,2020-10-03,1379.95,PayPal,refusé
13009,13009,2023-05-28,799.46,PayPal,accepté
13010,13010,2023-09-24,468.16,Carte,accepté
13011,13011,2020-09-11,1675.65,Virement,refusé
13012,13012,2024-02-24,505.16,PayPal,refusé
13013,13013,2023-07-28,1108.27,Carte,accepté
13014,13014,2024-07-07,67.64,Virement,refusé
13015,13015,2025-04-10,483.99,Carte,refusé
13016,13016,2024-02-02,394.44,Virement,accepté
13017,13017,2019-08-29,643.91,PayPal,refusé
13018,13018,2023-03-15,1678.73,Carte,refusé
13019,13019,2023-02-28,530.0,PayPal,refusé
13020,13020,2019-08-15,1764.07,PayPal,accepté
13021,13021,2021-06-29,347.69,Virement,refusé
13022,13022,2021-03-25,1209.32,Virement,accepté
13023,13023,2024-05-01,1945.95,Carte,refusé
13024,13024,2021-08-08,168.09,PayPal,refusé
13025,13025,2020-04-18,1891.45,Carte,accepté
13026,13026,2019-02-11,391.13,PayPal,accepté
13027,13027,2019-11-02,1000.54,PayPal,refusé
13028,13028,2020-01-17,738.18,Carte,refusé
13029,13029,2020-09-21,848.76,Carte,refusé
13030,13030,2019-11-07,399.01,PayPal,accepté
13031,13031,2024-08-08,1651.46,Virement,accepté
13032,13032,2022-01-20,1469.8,PayPal,refusé
13033,13033,2024-06-13,1866.1,Carte,refusé
13034,13034,2023-12-24,392.35,PayPal,refusé
13035,13035,2020-07-06,1352.71,PayPal,accepté
13036,13036,2025-07-14,1471.89,Virement,refusé
13037,13037,2020-09-28,1872.85,Virement,accepté
13038,13038,2025-11-27,1021.04,Virement,refusé
13039,13039,2022-09-11,558.64,PayPal,refusé
13040,13040,2020-09-03,1132.09,Carte,refusé
13041,13041,2023-01-02,853.07,Carte,refusé
13042,13042,2025-08-06,456.8,PayPal,refusé
13043,13043,2021-12-28,1871.42,Carte,accepté
13044,13044,2023-09-09,507.17,PayPal,refusé
13045,13045,2021-11-09,204.42,Virement,refusé
13046,13046,2019-04-01,609.58,PayPal,refusé
13047,13047,2019-06-03,1376.5,Virement,refusé
13048,13048,2022-08-23,319.4,PayPal,accepté
13049,13049,2021-03-30,1841.19,PayPal,refusé
13050,13050,2022-10-05,1833.6,Carte,accepté
13051,13051,2021-08-19,500.36,Virement,refusé
13052,13052,2025-01-28,1750.45,Virement,refusé
13053,13053,2024-09-29,1066.49,Carte,refusé
13054,13054,2025-11-13,1164.78,Carte,refusé
13055,13055,2020-01-14,1654.61,Virement,refusé
13056,13056,2020-04-12,233.21,Carte,accepté
13057,13057,2023-04-12,1758.48,PayPal,refusé
13058,13058,2025-09-16,1833.25,Carte,refusé
13059,13059,2023-08-13,1519.37,Virement,accepté
13060,13060,2023-04-15,1766.44,Virement,refusé
13061,13061,2025-06-21,1647.04,Carte,accepté
13062,13062,2022-06-25,305.93,Carte,refusé
13063,13063,2022-05-22,40.04,Carte,accepté
13064,13064,2021-04-02,114.54,PayPal,refusé
13065,13065,2019-11-02,1938.17,PayPal,refusé
13066,13066,2019-03-01,1497.34,Carte,refusé
13067,13067,2023-09-01,909.22,Virement,accepté
13068,13068,2024-10-17,1735.27,PayPal,refusé
13069,13069,2022-04-17,1004.76,Virement,refusé
13070,13070,2023-03-03,1503.44,Virement,accepté
13071,13071,2021-10-21,1681.35,Carte,accepté
13072,13072,2023-07-27,1816.45,Virement,refusé
13073,13073,2023-10-26,544.7,Carte,refusé
13074,13074,2021-09-20,1814.94,Carte,refusé
13075,13075,2020-05-09,942.45,Carte,refusé
13076,13076,2019-12-15,552.38,Carte,refusé
13077,13077,2025-01-12,563.18,PayPal,refusé
13078,13078,2019-10-09,337.46,PayPal,accepté
13079,13079,2025-01-17,895.88,PayPal,accepté
13080,13080,2024-02-12,1783.38,Virement,refusé
13081,13081,2023-08-13,1246.16,PayPal,refusé
13082,13082,2023-05-27,489.57,Virement,refusé
13083,13083,2019-05-02,1727.91,PayPal,accepté
13084,13084,2019-10-23,1884.3,PayPal,accepté
13085,13085,2025-03-31,1958.94,Virement,refusé
13086,13086,2020-05-18,1909.05,Carte,refusé
13087,13087,2020-06-22,699.47,PayPal,refusé
13088,13088,2022-01-10,341.42,Virement,refusé
13089,13089,2019-07-26,1538.11,Virement,accepté
13090,13090,2021-07-19,726.03,PayPal,accepté
13091,13091,2020-09-17,1492.1,PayPal,refusé
13092,13092,2019-10-18,495.72,Carte,refusé
13093,13093,2021-06-24,402.54,PayPal,accepté
13094,13094,2020-11-13,625.87,Carte,accepté
13095,13095,2020-05-28,977.62,PayPal,accepté
13096,13096,2020-05-13,1444.16,Carte,accepté
13097,13097,2022-05-08,342.43,PayPal,accepté
13098,13098,2022-09-21,1931.96,PayPal,refusé
13099,13099,2021-05-14,1042.57,PayPal,refusé
13100,13100,2024-05-12,1157.38,PayPal,accepté
13101,13101,2025-11-28,1540.8,PayPal,accepté
13102,13102,2020-09-08,924.99,Virement,accepté
13103,13103,2019-08-03,881.19,PayPal,refusé
13104,13104,2021-02-14,957.65,Virement,refusé
13105,13105,2025-05-25,1528.51,PayPal,refusé
13106,13106,2022-01-12,922.62,Carte,refusé
13107,13107,2025-06-24,133.09,Virement,accepté
13108,13108,2020-06-25,1660.95,Carte,refusé
13109,13109,2022-04-08,572.63,Virement,accepté
13110,13110,2019-02-04,360.75,Virement,refusé
13111,13111,2025-07-06,65.52,Carte,accepté
13112,13112,2020-01-11,218.46,Carte,refusé
13113,13113,2024-06-28,392.57,Virement,refusé
13114,13114,2022-03-14,1646.43,PayPal,accepté
13115,13115,2020-11-24,1259.06,Carte,refusé
13116,13116,2025-12-07,1326.2,PayPal,refusé
13117,13117,2022-12-28,1736.27,PayPal,accepté
13118,13118,2025-05-24,248.95,PayPal,refusé
13119,13119,2024-03-31,759.3,PayPal,refusé
13120,13120,2021-07-04,872.89,Virement,accepté
13121,13121,2022-04-18,1110.14,PayPal,refusé
13122,13122,2021-04-11,337.35,PayPal,refusé
13123,13123,2021-08-07,1628.85,PayPal,accepté
13124,13124,2025-08-08,1088.86,Carte,refusé
13125,13125,2025-02-26,560.82,Virement,accepté
13126,13126,2023-08-05,1135.28,Virement,accepté
13127,13127,2021-03-22,1268.1,Carte,refusé
13128,13128,2021-04-13,842.85,Virement,refusé
13129,13129,2020-11-27,45.67,PayPal,refusé
13130,13130,2019-08-02,1511.96,Carte,accepté
13131,13131,2020-11-16,1499.98,Virement,accepté
13132,13132,2019-12-28,1440.37,PayPal,accepté
13133,13133,2019-07-30,1749.92,PayPal,refusé
13134,13134,2020-03-03,941.03,Virement,accepté
13135,13135,2019-03-14,433.23,Virement,refusé
13136,13136,2022-10-30,1287.21,PayPal,refusé
13137,13137,2025-05-21,1661.62,Virement,refusé
13138,13138,2022-08-02,971.55,Carte,accepté
13139,13139,2020-04-03,878.47,Carte,refusé
13140,13140,2021-04-06,414.92,Carte,accepté
13141,13141,2022-12-25,1893.66,PayPal,refusé
13142,13142,2019-01-12,1770.8,Carte,refusé
13143,13143,2019-05-25,1954.01,Carte,refusé
13144,13144,2025-01-28,1420.76,Virement,accepté
13145,13145,2019-12-21,327.55,Virement,accepté
13146,13146,2021-02-27,1988.55,Carte,refusé
13147,13147,2022-11-18,1186.45,PayPal,refusé
13148,13148,2022-04-23,219.97,Virement,refusé
13149,13149,2024-04-27,146.42,Virement,accepté
13150,13150,2021-10-04,1136.2,Virement,refusé
13151,13151,2023-06-08,1054.66,PayPal,refusé
13152,13152,2023-06-24,1485.78,Virement,refusé
13153,13153,2022-12-23,1889.12,PayPal,refusé
13154,13154,2025-12-13,1931.24,Carte,accepté
13155,13155,2019-01-12,734.32,Carte,refusé
13156,13156,2023-12-30,1316.5,PayPal,refusé
13157,13157,2025-06-02,1095.64,Carte,refusé
13158,13158,2019-04-25,1034.71,Carte,accepté
13159,13159,2023-11-22,531.44,Carte,accepté
13160,13160,2021-09-11,1356.09,Virement,accepté
13161,13161,2022-10-02,1394.35,PayPal,accepté
13162,13162,2019-12-17,1581.14,Virement,refusé
13163,13163,2024-10-23,157.08,Virement,refusé
13164,13164,2020-01-20,1978.83,Virement,accepté
13165,13165,2020-02-24,20.9,PayPal,refusé
13166,13166,2022-03-16,1815.11,Virement,accepté
13167,13167,2020-12-02,31.11,Carte,accepté
13168,13168,2021-10-09,683.85,PayPal,refusé
13169,13169,2019-07-31,1434.76,PayPal,refusé
13170,13170,2022-04-25,626.02,Carte,accepté
13171,13171,2019-11-20,327.91,Virement,refusé
13172,13172,2023-02-15,542.55,Virement,accepté
13173,13173,2020-09-03,1450.85,Virement,accepté
13174,13174,2020-08-05,375.08,Carte,accepté
13175,13175,2022-07-31,1072.22,Virement,refusé
13176,13176,2020-09-30,1731.12,PayPal,accepté
13177,13177,2024-03-01,181.69,Carte,accepté
13178,13178,2019-06-27,967.14,Carte,accepté
13179,13179,2025-10-06,351.87,Virement,accepté
13180,13180,2021-01-05,1733.34,Carte,refusé
13181,13181,2025-12-24,1744.44,Virement,accepté
13182,13182,2022-04-02,566.01,Virement,accepté
13183,13183,2023-03-11,878.04,PayPal,refusé
13184,13184,2021-07-03,1854.41,PayPal,refusé
13185,13185,2021-06-30,1095.98,Carte,accepté
13186,13186,2019-11-07,724.35,PayPal,accepté
13187,13187,2023-06-26,1327.55,PayPal,refusé
13188,13188,2021-11-24,1062.25,Virement,refusé
13189,13189,2024-06-08,1494.46,Virement,accepté
13190,13190,2021-12-07,1327.24,Carte,accepté
13191,13191,2022-04-14,1297.24,Carte,accepté
13192,13192,2021-04-24,1675.3,Carte,refusé
13193,13193,2023-01-25,1206.41,Virement,accepté
13194,13194,2025-04-03,1513.09,PayPal,accepté
13195,13195,2019-05-08,1227.79,Carte,accepté
13196,13196,2022-01-27,998.12,PayPal,refusé
13197,13197,2020-05-08,150.68,Virement,refusé
13198,13198,2020-11-16,210.4,Carte,refusé
13199,13199,2019-07-06,1787.62,Virement,refusé
13200,13200,2024-02-01,37.37,PayPal,refusé
13201,13201,2021-02-20,711.65,PayPal,refusé
13202,13202,2024-04-17,1023.29,Virement,accepté
13203,13203,2025-07-07,1043.86,Virement,refusé
13204,13204,2024-09-06,1236.33,PayPal,refusé
13205,13205,2020-12-11,1888.61,Virement,accepté
13206,13206,2019-08-05,732.11,Virement,accepté
13207,13207,2020-09-18,875.35,Virement,refusé
13208,13208,2024-06-22,355.44,Virement,refusé
13209,13209,2020-03-23,485.63,PayPal,accepté
13210,13210,2024-10-21,1729.75,Virement,accepté
13211,13211,2023-11-16,735.33,Carte,refusé
13212,13212,2019-07-22,569.52,Virement,refusé
13213,13213,2023-03-13,1809.4,PayPal,refusé
13214,13214,2021-05-01,158.57,Virement,accepté
13215,13215,2020-05-21,744.5,Carte,accepté
13216,13216,2021-11-08,362.69,Carte,accepté
13217,13217,2023-09-23,868.06,Carte,refusé
13218,13218,2020-09-03,1510.86,PayPal,refusé
13219,13219,2023-08-30,291.75,Virement,refusé
13220,13220,2024-11-24,551.66,PayPal,accepté
13221,13221,2023-08-30,1775.31,Carte,refusé
13222,13222,2024-12-06,78.46,PayPal,refusé
13223,13223,2025-01-03,1126.98,Carte,refusé
13224,13224,2019-11-18,1185.73,Virement,accepté
13225,13225,2019-07-23,1434.47,PayPal,refusé
13226,13226,2021-10-01,1298.32,Virement,accepté
13227,13227,2021-02-26,623.0,Carte,refusé
13228,13228,2022-08-29,1388.27,Carte,refusé
13229,13229,2025-08-14,1025.91,PayPal,accepté
13230,13230,2023-02-12,1873.67,Virement,accepté
13231,13231,2023-01-23,930.53,Carte,refusé
13232,13232,2021-11-03,1026.95,Virement,accepté
13233,13233,2022-11-24,1968.64,Virement,accepté
13234,13234,2025-04-21,1377.95,Carte,refusé
13235,13235,2021-06-20,1915.53,Virement,refusé
13236,13236,2020-04-11,565.37,Virement,accepté
13237,13237,2021-05-09,1058.72,PayPal,refusé
13238,13238,2021-09-22,790.95,PayPal,accepté
13239,13239,2020-04-28,1767.32,Carte,refusé
13240,13240,2023-01-17,1378.77,Virement,accepté
13241,13241,2021-05-07,830.97,PayPal,refusé
13242,13242,2021-09-01,1284.56,PayPal,accepté
13243,13243,2023-10-09,287.49,Virement,refusé
13244,13244,2024-09-15,1588.87,PayPal,refusé
13245,13245,2025-01-22,1611.89,PayPal,accepté
13246,13246,2021-10-14,681.05,PayPal,refusé
13247,13247,2019-04-28,788.44,Virement,accepté
13248,13248,2023-09-03,1313.61,Virement,refusé
13249,13249,2022-07-17,767.37,Carte,accepté
13250,13250,2021-10-24,1396.05,Carte,refusé
13251,13251,2020-07-16,905.95,PayPal,accepté
13252,13252,2024-01-28,1892.32,Carte,accepté
13253,13253,2026-01-02,1047.69,Carte,accepté
13254,13254,2022-12-24,1266.79,PayPal,accepté
13255,13255,2024-02-28,1138.99,Virement,refusé
13256,13256,2020-04-15,584.44,PayPal,accepté
13257,13257,2020-09-18,1591.27,Carte,refusé
13258,13258,2024-12-11,1523.69,Carte,refusé
13259,13259,2021-07-10,1066.29,PayPal,refusé
13260,13260,2023-02-17,195.48,Carte,accepté
13261,13261,2020-01-18,859.03,PayPal,refusé
13262,13262,2019-03-05,745.41,Carte,refusé
13263,13263,2024-12-11,1756.37,Carte,refusé
13264,13264,2021-02-04,1792.21,PayPal,accepté
13265,13265,2020-05-24,153.87,Carte,accepté
13266,13266,2020-07-28,1260.26,PayPal,refusé
13267,13267,2024-08-31,1512.66,Carte,refusé
13268,13268,2021-12-25,1028.82,Carte,accepté
13269,13269,2022-10-13,1884.11,Carte,accepté
13270,13270,2020-01-28,1429.09,Virement,refusé
13271,13271,2023-07-17,51.38,Carte,accepté
13272,13272,2021-08-15,400.47,Virement,refusé
13273,13273,2023-08-30,486.45,PayPal,accepté
13274,13274,2020-05-05,615.52,PayPal,refusé
13275,13275,2024-04-18,345.88,Virement,accepté
13276,13276,2022-05-14,1216.42,PayPal,refusé
13277,13277,2025-03-31,1300.28,Virement,refusé
13278,13278,2022-06-04,374.45,Virement,refusé
13279,13279,2023-04-23,681.87,Virement,refusé
13280,13280,2022-10-21,1214.01,PayPal,refusé
13281,13281,2022-06-07,1602.27,PayPal,refusé
13282,13282,2023-08-29,969.72,Virement,refusé
13283,13283,2024-01-11,966.11,Virement,accepté
13284,13284,2023-05-27,1465.66,Virement,accepté
13285,13285,2024-09-28,1873.78,Carte,accepté
13286,13286,2024-01-29,798.46,Carte,accepté
13287,13287,2021-09-19,1529.66,Carte,refusé
13288,13288,2021-11-30,1220.55,Carte,accepté
13289,13289,2020-01-13,575.26,Virement,accepté
13290,13290,2019-10-28,1936.66,Virement,refusé
13291,13291,2020-01-30,921.14,PayPal,accepté
13292,13292,2022-10-12,596.13,PayPal,accepté
13293,13293,2023-06-19,713.17,PayPal,refusé
13294,13294,2023-09-21,99.05,PayPal,accepté
13295,13295,2025-04-12,688.46,Virement,refusé
13296,13296,2023-09-08,1408.56,Carte,refusé
13297,13297,2022-05-06,972.67,PayPal,accepté
13298,13298,2020-11-13,844.93,PayPal,refusé
13299,13299,2023-10-31,1911.09,Virement,accepté
13300,13300,2020-06-20,1579.96,PayPal,accepté
13301,13301,2019-05-12,1161.19,PayPal,refusé
13302,13302,2021-04-15,1668.58,PayPal,accepté
13303,13303,2025-06-06,1748.04,Virement,refusé
13304,13304,2021-04-28,724.52,Virement,refusé
13305,13305,2025-02-25,1367.05,Carte,refusé
13306,13306,2023-06-13,303.71,Carte,accepté
13307,13307,2025-11-16,1050.42,PayPal,accepté
13308,13308,2019-04-17,31.12,PayPal,refusé
13309,13309,2024-10-18,1358.87,PayPal,refusé
13310,13310,2019-08-22,1720.57,Virement,refusé
13311,13311,2025-02-16,1025.62,PayPal,accepté
13312,13312,2019-05-23,634.06,PayPal,refusé
13313,13313,2019-10-27,1435.48,Carte,refusé
13314,13314,2022-03-09,1805.77,Carte,accepté
13315,13315,2019-04-25,1687.79,Carte,accepté
13316,13316,2023-12-27,1212.55,Carte,refusé
13317,13317,2020-07-10,927.1,PayPal,refusé
13318,13318,2025-03-08,729.8,Carte,accepté
13319,13319,2021-07-09,707.85,Virement,refusé
13320,13320,2024-04-28,808.14,PayPal,accepté
13321,13321,2020-03-05,1563.37,Carte,accepté
13322,13322,2024-06-28,707.08,PayPal,accepté
13323,13323,2022-08-14,353.82,Virement,accepté
13324,13324,2023-05-30,344.52,Virement,accepté
13325,13325,2020-09-25,1261.18,Carte,refusé
13326,13326,2022-11-30,120.85,Virement,refusé
13327,13327,2024-01-18,1603.42,Carte,accepté
13328,13328,2024-10-22,1832.07,Carte,accepté
13329,13329,2025-03-12,1763.89,Virement,refusé
13330,13330,2025-04-15,1691.59,Carte,refusé
13331,13331,2025-05-14,1424.97,Carte,accepté
13332,13332,2019-02-28,1240.87,PayPal,accepté
13333,13333,2025-10-08,36.17,Carte,refusé
13334,13334,2023-10-06,84.31,Virement,refusé
13335,13335,2025-08-31,1826.63,Carte,refusé
13336,13336,2019-03-18,357.53,PayPal,refusé
13337,13337,2021-03-03,1892.09,Carte,refusé
13338,13338,2020-07-11,1596.23,Virement,accepté
13339,13339,2021-05-30,1944.2,Virement,refusé
13340,13340,2024-06-21,380.44,Virement,accepté
13341,13341,2025-07-09,608.25,Carte,accepté
13342,13342,2025-09-25,1668.49,PayPal,accepté
13343,13343,2025-03-27,1502.32,Virement,refusé
13344,13344,2023-06-08,1349.64,PayPal,refusé
13345,13345,2025-11-02,1693.75,PayPal,accepté
13346,13346,2021-01-21,1568.84,PayPal,accepté
13347,13347,2024-11-14,1309.62,PayPal,refusé
13348,13348,2024-06-29,420.32,Virement,refusé
13349,13349,2020-04-28,740.8,Carte,refusé
13350,13350,2025-12-09,528.81,PayPal,accepté
13351,13351,2025-09-03,461.79,Virement,refusé
13352,13352,2022-05-08,634.88,Virement,accepté
13353,13353,2022-10-09,483.49,Virement,refusé
13354,13354,2019-07-22,975.29,Carte,refusé
13355,13355,2022-12-06,1830.86,Carte,accepté
13356,13356,2025-02-17,1904.88,Virement,refusé
13357,13357,2025-01-03,837.47,Carte,refusé
13358,13358,2023-04-17,1868.41,Virement,refusé
13359,13359,2024-01-20,916.89,Carte,refusé
13360,13360,2025-01-21,109.2,Carte,accepté
13361,13361,2024-02-13,282.02,Carte,accepté
13362,13362,2023-10-10,112.34,Virement,refusé
13363,13363,2020-11-12,1434.41,Carte,accepté
13364,13364,2025-04-17,412.97,Carte,refusé
13365,13365,2023-04-15,1526.3,Carte,refusé
13366,13366,2024-09-02,1540.24,Carte,accepté
13367,13367,2020-04-02,1070.34,Carte,accepté
13368,13368,2021-01-18,1799.84,Virement,accepté
13369,13369,2020-05-07,1440.36,PayPal,accepté
13370,13370,2025-04-07,838.94,Virement,refusé
13371,13371,2025-12-14,1872.24,Virement,refusé
13372,13372,2024-12-26,531.5,Virement,accepté
13373,13373,2022-06-07,1177.82,PayPal,refusé
13374,13374,2020-08-26,1185.12,PayPal,accepté
13375,13375,2019-04-09,1193.4,Virement,accepté
13376,13376,2024-04-13,1985.07,Carte,accepté
13377,13377,2019-03-13,1556.8,Carte,accepté
13378,13378,2021-09-27,142.13,PayPal,accepté
13379,13379,2023-02-23,1763.95,Virement,accepté
13380,13380,2024-04-28,374.01,Carte,accepté
13381,13381,2022-05-26,1988.65,Virement,accepté
13382,13382,2020-07-20,1344.52,PayPal,accepté
13383,13383,2025-06-27,1187.85,Carte,refusé
13384,13384,2021-01-03,1722.22,PayPal,accepté
13385,13385,2022-02-15,373.82,Virement,refusé
13386,13386,2025-02-08,165.32,PayPal,refusé
13387,13387,2025-09-21,1681.38,PayPal,accepté
13388,13388,2024-06-05,820.75,Virement,refusé
13389,13389,2025-09-03,1874.39,Carte,refusé
13390,13390,2022-04-10,1232.02,Carte,refusé
13391,13391,2021-03-16,616.51,Virement,accepté
13392,13392,2022-08-15,342.97,Virement,accepté
13393,13393,2019-04-17,514.46,PayPal,refusé
13394,13394,2024-05-11,844.83,Carte,accepté
13395,13395,2025-03-06,1742.89,Carte,refusé
13396,13396,2021-08-03,742.61,Carte,refusé
13397,13397,2019-03-17,1090.34,Virement,refusé
13398,13398,2024-08-12,1493.29,PayPal,accepté
13399,13399,2019-12-26,194.78,Virement,accepté
13400,13400,2021-08-14,1777.03,Carte,refusé
13401,13401,2023-12-18,520.22,Virement,refusé
13402,13402,2022-05-22,1943.7,PayPal,accepté
13403,13403,2020-12-20,1029.93,PayPal,accepté
13404,13404,2019-01-11,1625.68,Virement,refusé
13405,13405,2025-03-15,1021.66,Carte,refusé
13406,13406,2023-12-29,850.81,Carte,accepté
13407,13407,2019-04-25,451.37,Carte,refusé
13408,13408,2025-06-09,64.3,Virement,accepté
13409,13409,2020-02-25,1635.64,PayPal,accepté
13410,13410,2020-05-10,677.31,Carte,refusé
13411,13411,2022-05-14,619.05,Virement,refusé
13412,13412,2019-07-04,1497.22,PayPal,accepté
13413,13413,2025-07-24,637.8,Carte,accepté
13414,13414,2019-10-21,318.83,PayPal,accepté
13415,13415,2023-02-16,310.26,Carte,accepté
13416,13416,2022-03-10,1009.65,Carte,accepté
13417,13417,2023-11-28,647.79,Carte,refusé
13418,13418,2021-05-03,1751.04,PayPal,refusé
13419,13419,2021-09-03,353.31,PayPal,refusé
13420,13420,2023-07-20,864.95,PayPal,refusé
13421,13421,2022-08-19,874.89,Virement,refusé
13422,13422,2023-04-28,1083.72,PayPal,accepté
13423,13423,2025-11-14,624.82,Virement,refusé
13424,13424,2024-02-26,381.32,PayPal,accepté
13425,13425,2025-09-11,1139.2,Virement,refusé
13426,13426,2023-01-22,759.04,PayPal,refusé
13427,13427,2021-04-17,355.68,PayPal,refusé
13428,13428,2019-03-13,334.47,Carte,accepté
13429,13429,2019-05-06,521.66,Virement,refusé
13430,13430,2025-10-23,210.58,Virement,accepté
13431,13431,2024-01-10,110.63,PayPal,accepté
13432,13432,2021-01-03,1901.85,Virement,refusé
13433,13433,2025-07-18,193.81,Virement,accepté
13434,13434,2020-03-13,150.66,Virement,refusé
13435,13435,2023-06-27,1540.93,Virement,refusé
13436,13436,2019-03-22,1978.51,PayPal,accepté
13437,13437,2020-03-23,847.06,Carte,accepté
13438,13438,2024-02-28,1180.39,Carte,accepté
13439,13439,2020-04-15,569.7,Carte,refusé
13440,13440,2020-04-16,188.22,Carte,accepté
13441,13441,2025-12-08,1235.15,PayPal,refusé
13442,13442,2023-10-03,1472.76,Virement,refusé
13443,13443,2021-03-24,1583.3,Virement,refusé
13444,13444,2024-07-30,794.51,Carte,accepté
13445,13445,2024-07-20,364.57,PayPal,refusé
13446,13446,2023-07-01,1362.53,Carte,refusé
13447,13447,2019-05-14,532.74,PayPal,refusé
13448,13448,2024-04-12,444.36,Carte,accepté
13449,13449,2023-03-05,443.46,PayPal,accepté
13450,13450,2021-02-10,1870.72,Carte,refusé
13451,13451,2021-04-26,1606.49,Virement,refusé
13452,13452,2020-12-23,1052.62,Carte,refusé
13453,13453,2022-02-14,1751.62,Carte,refusé
13454,13454,2021-08-03,856.59,Carte,refusé
13455,13455,2020-02-04,641.34,Carte,accepté
13456,13456,2025-12-27,878.34,Carte,refusé
13457,13457,2023-08-06,1082.94,PayPal,accepté
13458,13458,2022-03-11,1872.29,PayPal,refusé
13459,13459,2024-06-11,1986.41,Virement,refusé
13460,13460,2024-05-15,1551.28,Virement,accepté
13461,13461,2023-06-15,1253.9,Virement,accepté
13462,13462,2023-10-26,995.77,Carte,refusé
13463,13463,2019-04-03,513.19,Carte,accepté
13464,13464,2019-01-22,45.68,Carte,refusé
13465,13465,2020-01-28,1707.08,PayPal,refusé
13466,13466,2024-01-30,560.58,Virement,accepté
13467,13467,2023-12-18,389.38,Virement,accepté
13468,13468,2023-04-17,371.47,PayPal,refusé
13469,13469,2021-10-24,1967.16,Carte,accepté
13470,13470,2023-09-13,510.11,Carte,accepté
13471,13471,2020-08-18,836.23,Carte,accepté
13472,13472,2025-04-15,1050.22,PayPal,accepté
13473,13473,2025-06-05,1230.12,PayPal,refusé
13474,13474,2025-04-05,675.99,Carte,accepté
13475,13475,2025-04-19,419.48,Virement,refusé
13476,13476,2022-04-08,1542.1,Virement,accepté
13477,13477,2025-12-28,812.5,Carte,refusé
13478,13478,2020-10-09,448.07,Virement,accepté
13479,13479,2022-03-13,426.9,Carte,refusé
13480,13480,2024-03-21,1563.11,PayPal,refusé
13481,13481,2023-03-04,376.2,PayPal,refusé
13482,13482,2024-04-25,1217.58,Virement,refusé
13483,13483,2019-01-14,1919.92,Carte,refusé
13484,13484,2023-01-24,1586.89,Carte,accepté
13485,13485,2025-01-11,1737.92,PayPal,accepté
13486,13486,2019-07-13,237.02,PayPal,accepté
13487,13487,2019-01-27,846.2,PayPal,refusé
13488,13488,2025-07-17,810.23,Virement,refusé
13489,13489,2022-11-17,1300.54,PayPal,accepté
13490,13490,2023-09-12,1735.83,Virement,refusé
13491,13491,2023-07-08,1071.44,Carte,refusé
13492,13492,2019-11-22,48.81,Carte,refusé
13493,13493,2022-08-13,956.88,Virement,accepté
13494,13494,2024-04-12,240.43,Virement,accepté
13495,13495,2019-12-17,224.63,PayPal,accepté
13496,13496,2025-11-30,1889.15,Virement,refusé
13497,13497,2025-04-01,242.2,Carte,accepté
13498,13498,2019-03-13,174.37,Carte,refusé
13499,13499,2019-06-25,1258.87,Carte,refusé
13500,13500,2023-04-10,502.29,PayPal,refusé
13501,13501,2024-08-21,314.01,Virement,accepté
13502,13502,2021-06-27,1815.58,Carte,accepté
13503,13503,2022-11-03,1576.05,Carte,refusé
13504,13504,2025-12-15,891.35,Carte,refusé
13505,13505,2021-02-27,84.42,Carte,refusé
13506,13506,2021-09-25,1514.58,Virement,refusé
13507,13507,2021-03-09,463.58,Virement,accepté
13508,13508,2024-11-30,182.25,Carte,refusé
13509,13509,2025-06-11,159.72,Carte,refusé
13510,13510,2019-03-25,1826.1,Carte,refusé
13511,13511,2022-06-21,834.33,Virement,accepté
13512,13512,2021-12-15,1439.84,Virement,accepté
13513,13513,2024-09-19,1616.42,PayPal,refusé
13514,13514,2025-11-12,1975.63,Virement,accepté
13515,13515,2022-10-06,1590.15,Virement,refusé
13516,13516,2020-10-23,550.13,Carte,refusé
13517,13517,2025-09-03,1019.96,Virement,refusé
13518,13518,2021-11-25,1696.06,PayPal,accepté
13519,13519,2024-08-18,1731.25,Carte,accepté
13520,13520,2023-03-03,372.25,Carte,refusé
13521,13521,2019-03-22,262.84,Carte,accepté
13522,13522,2019-02-27,1482.32,PayPal,accepté
13523,13523,2025-03-23,280.74,Virement,refusé
13524,13524,2020-03-28,1717.1,Carte,accepté
13525,13525,2020-12-06,885.87,Virement,accepté
13526,13526,2019-04-30,493.23,Virement,accepté
13527,13527,2024-07-03,1437.79,Virement,accepté
13528,13528,2023-05-18,1225.3,PayPal,refusé
13529,13529,2020-08-21,1817.06,Virement,accepté
13530,13530,2025-06-11,647.54,Carte,accepté
13531,13531,2023-08-22,950.68,Carte,accepté
13532,13532,2024-03-06,1891.2,PayPal,accepté
13533,13533,2024-03-31,1769.98,Carte,accepté
13534,13534,2022-10-08,362.3,Carte,refusé
13535,13535,2024-07-10,1524.85,Carte,refusé
13536,13536,2019-08-30,516.31,PayPal,refusé
13537,13537,2019-03-31,1061.94,Carte,refusé
13538,13538,2019-03-21,1051.77,Virement,accepté
13539,13539,2021-09-06,883.83,Virement,accepté
13540,13540,2020-05-21,91.74,PayPal,accepté
13541,13541,2023-11-06,1289.76,Virement,refusé
13542,13542,2023-09-19,1649.08,Virement,accepté
13543,13543,2023-09-13,1141.9,Virement,refusé
13544,13544,2020-10-27,1660.22,Carte,accepté
13545,13545,2025-12-04,1991.19,Carte,refusé
13546,13546,2022-07-02,1246.97,Virement,accepté
13547,13547,2019-01-10,1882.71,Carte,accepté
13548,13548,2023-12-31,167.52,PayPal,accepté
13549,13549,2019-11-18,206.42,Carte,refusé
13550,13550,2023-07-24,1507.23,Carte,accepté
13551,13551,2020-04-14,1229.22,Carte,refusé
13552,13552,2024-10-12,1126.63,Carte,refusé
13553,13553,2020-12-02,1529.96,PayPal,accepté
13554,13554,2023-03-16,1732.52,Virement,refusé
13555,13555,2023-10-28,1040.31,Carte,accepté
13556,13556,2025-11-15,1080.48,Carte,accepté
13557,13557,2022-11-09,1405.86,Carte,accepté
13558,13558,2025-06-16,666.58,PayPal,accepté
13559,13559,2021-03-28,429.53,Virement,accepté
13560,13560,2022-12-07,1339.63,Virement,accepté
13561,13561,2019-07-12,347.41,Carte,refusé
13562,13562,2024-01-05,121.3,Carte,accepté
13563,13563,2025-08-24,508.77,Carte,accepté
13564,13564,2025-01-11,1956.49,PayPal,refusé
13565,13565,2020-04-11,922.07,Carte,accepté
13566,13566,2025-10-22,780.26,PayPal,refusé
13567,13567,2021-09-03,1300.32,PayPal,accepté
13568,13568,2019-04-26,530.81,Virement,refusé
13569,13569,2022-05-23,559.18,PayPal,accepté
13570,13570,2023-12-09,74.4,Carte,accepté
13571,13571,2021-03-22,405.39,Carte,refusé
13572,13572,2019-05-15,1560.94,Carte,accepté
13573,13573,2023-05-24,1509.05,PayPal,accepté
13574,13574,2020-04-01,1308.64,Carte,accepté
13575,13575,2021-11-12,712.88,PayPal,refusé
13576,13576,2019-06-09,1457.03,PayPal,refusé
13577,13577,2021-04-23,520.16,Carte,refusé
13578,13578,2025-05-17,1823.42,Carte,refusé
13579,13579,2022-01-05,1819.21,Virement,refusé
13580,13580,2024-05-20,1691.34,Virement,accepté
13581,13581,2021-03-26,1534.21,Virement,refusé
13582,13582,2024-02-29,310.49,Carte,refusé
13583,13583,2022-08-25,1066.63,Virement,accepté
13584,13584,2025-05-24,1039.37,Virement,accepté
13585,13585,2024-02-26,1178.7,Carte,refusé
13586,13586,2023-05-21,1666.19,Virement,accepté
13587,13587,2021-04-09,537.99,Carte,refusé
13588,13588,2024-11-08,1702.58,Carte,refusé
13589,13589,2025-07-27,682.48,Virement,refusé
13590,13590,2025-11-03,955.23,PayPal,refusé
13591,13591,2019-05-04,607.85,Virement,accepté
13592,13592,2023-06-16,1346.12,Carte,refusé
13593,13593,2025-05-20,1908.09,Virement,accepté
13594,13594,2024-04-22,212.19,Carte,refusé
13595,13595,2022-07-29,1201.78,Virement,accepté
13596,13596,2022-02-28,850.15,Carte,accepté
13597,13597,2020-06-01,1690.93,Virement,accepté
13598,13598,2019-11-24,918.66,Virement,refusé
13599,13599,2022-03-02,1252.21,Virement,accepté
13600,13600,2023-11-22,99.66,PayPal,refusé
13601,13601,2025-02-04,248.53,PayPal,refusé
13602,13602,2020-04-23,1394.76,Carte,refusé
13603,13603,2024-06-05,540.62,Virement,refusé
13604,13604,2019-09-16,642.18,Virement,refusé
13605,13605,2024-02-02,87.1,PayPal,refusé
13606,13606,2022-03-04,826.03,Carte,refusé
13607,13607,2022-06-04,1293.74,Carte,refusé
13608,13608,2025-11-09,1389.73,Carte,refusé
13609,13609,2023-08-04,893.58,Virement,refusé
13610,13610,2024-07-12,491.28,Carte,accepté
13611,13611,2020-11-18,1649.52,Carte,refusé
13612,13612,2019-02-03,1358.49,Virement,refusé
13613,13613,2019-07-26,218.81,Carte,refusé
13614,13614,2023-03-21,1541.66,Virement,refusé
13615,13615,2024-09-03,461.23,PayPal,refusé
13616,13616,2019-02-08,235.61,Virement,refusé
13617,13617,2023-09-10,1129.42,Virement,refusé
13618,13618,2023-07-14,1288.57,PayPal,accepté
13619,13619,2023-11-08,1880.56,Carte,accepté
13620,13620,2023-12-08,111.15,Virement,accepté
13621,13621,2025-05-23,531.41,PayPal,refusé
13622,13622,2023-06-10,1218.93,Carte,accepté
13623,13623,2021-06-24,211.64,PayPal,accepté
13624,13624,2023-07-15,510.54,Virement,refusé
13625,13625,2021-06-12,933.76,PayPal,refusé
13626,13626,2019-11-18,1777.71,PayPal,refusé
13627,13627,2023-12-28,702.17,Virement,accepté
13628,13628,2020-07-08,1668.13,Carte,refusé
13629,13629,2020-11-21,1122.0,Virement,accepté
13630,13630,2021-05-22,1499.76,Virement,refusé
13631,13631,2019-02-10,770.35,Carte,refusé
13632,13632,2024-06-06,624.17,Virement,refusé
13633,13633,2025-07-20,1531.92,Carte,accepté
13634,13634,2021-11-10,1828.98,PayPal,refusé
13635,13635,2023-04-08,519.31,Carte,refusé
13636,13636,2021-09-18,85.76,Virement,refusé
13637,13637,2022-02-05,456.15,PayPal,refusé
13638,13638,2021-12-22,902.25,PayPal,accepté
13639,13639,2019-10-17,1435.26,PayPal,accepté
13640,13640,2019-08-01,148.35,Virement,refusé
13641,13641,2025-01-16,399.8,Virement,accepté
13642,13642,2022-08-25,842.58,PayPal,accepté
13643,13643,2019-09-30,141.51,PayPal,refusé
13644,13644,2025-02-01,1589.45,Carte,accepté
13645,13645,2021-05-06,1178.49,PayPal,accepté
13646,13646,2019-04-15,1274.27,Virement,refusé
13647,13647,2025-04-06,1680.04,PayPal,accepté
13648,13648,2020-02-08,1665.37,PayPal,refusé
13649,13649,2022-06-05,257.55,Virement,accepté
13650,13650,2020-09-05,884.66,PayPal,refusé
13651,13651,2025-09-26,1262.39,Virement,refusé
13652,13652,2022-05-13,1866.72,PayPal,refusé
13653,13653,2023-12-07,1244.76,Virement,accepté
13654,13654,2020-06-14,185.08,Virement,accepté
13655,13655,2020-11-23,128.3,Carte,accepté
13656,13656,2022-04-16,331.09,Virement,refusé
13657,13657,2019-05-07,1245.03,PayPal,refusé
13658,13658,2023-06-14,1136.56,PayPal,refusé
13659,13659,2021-08-23,650.59,Carte,refusé
13660,13660,2023-04-25,1180.51,Carte,accepté
13661,13661,2022-06-08,414.73,PayPal,accepté
13662,13662,2022-06-06,1928.34,Virement,refusé
13663,13663,2021-12-11,477.98,Carte,refusé
13664,13664,2025-06-14,694.15,Virement,refusé
13665,13665,2024-06-10,421.97,PayPal,accepté
13666,13666,2023-03-21,734.43,PayPal,refusé
13667,13667,2025-03-02,1843.55,PayPal,refusé
13668,13668,2020-02-28,1416.41,Virement,accepté
13669,13669,2019-04-12,1734.98,PayPal,refusé
13670,13670,2019-04-01,179.81,Virement,accepté
13671,13671,2021-10-20,1180.85,Virement,accepté
13672,13672,2024-10-08,370.14,PayPal,refusé
13673,13673,2020-09-10,1030.19,Carte,accepté
13674,13674,2023-07-31,1078.31,Carte,accepté
13675,13675,2025-01-26,824.16,Virement,accepté
13676,13676,2019-02-11,1127.24,PayPal,accepté
13677,13677,2024-02-23,1954.91,Carte,refusé
13678,13678,2022-10-03,218.79,Virement,refusé
13679,13679,2019-09-19,312.89,PayPal,refusé
13680,13680,2025-07-07,577.6,Carte,accepté
13681,13681,2021-11-10,1979.09,Carte,accepté
13682,13682,2021-12-06,1710.67,PayPal,accepté
13683,13683,2021-02-16,1603.9,PayPal,accepté
13684,13684,2021-01-31,851.85,PayPal,refusé
13685,13685,2025-03-01,1109.5,Carte,accepté
13686,13686,2024-01-30,154.58,Carte,accepté
13687,13687,2024-07-05,1290.35,Virement,refusé
13688,13688,2022-07-06,1637.06,Carte,refusé
13689,13689,2025-07-12,811.07,Carte,accepté
13690,13690,2025-11-19,1898.14,Carte,accepté
13691,13691,2023-12-28,1351.14,Carte,refusé
13692,13692,2024-05-05,1880.24,PayPal,refusé
13693,13693,2024-04-14,287.67,PayPal,refusé
13694,13694,2025-03-08,472.48,Carte,accepté
13695,13695,2021-12-22,1357.91,PayPal,accepté
13696,13696,2020-03-16,1025.64,Carte,refusé
13697,13697,2023-10-17,180.86,Carte,accepté
13698,13698,2023-05-31,1385.72,PayPal,refusé
13699,13699,2025-08-06,1249.45,Carte,accepté
13700,13700,2019-11-11,1888.05,PayPal,accepté
13701,13701,2023-09-04,218.67,Virement,accepté
13702,13702,2019-07-12,177.39,Virement,refusé
13703,13703,2022-06-24,433.98,Carte,accepté
13704,13704,2019-11-26,1704.39,Carte,accepté
13705,13705,2020-11-23,1815.43,Carte,accepté
13706,13706,2022-11-04,975.47,Carte,refusé
13707,13707,2024-09-02,1901.13,PayPal,accepté
13708,13708,2021-06-04,1262.15,PayPal,refusé
13709,13709,2023-08-31,1292.19,Carte,accepté
13710,13710,2020-03-07,1266.84,Carte,refusé
13711,13711,2019-06-14,1384.32,Carte,accepté
13712,13712,2021-05-26,84.9,Virement,accepté
13713,13713,2021-10-17,981.67,Virement,accepté
13714,13714,2022-09-06,1251.67,Virement,refusé
13715,13715,2020-08-08,290.55,PayPal,refusé
13716,13716,2021-02-18,559.75,PayPal,refusé
13717,13717,2019-02-18,514.57,PayPal,refusé
13718,13718,2025-10-30,412.07,Carte,refusé
13719,13719,2025-06-21,1228.89,Virement,refusé
13720,13720,2022-11-23,105.63,Virement,accepté
13721,13721,2020-11-18,734.49,Virement,accepté
13722,13722,2022-05-27,1399.78,Virement,accepté
13723,13723,2021-03-15,1646.75,PayPal,accepté
13724,13724,2025-02-19,1288.42,Virement,refusé
13725,13725,2021-12-05,1392.6,Virement,accepté
13726,13726,2022-09-14,23.21,Carte,refusé
13727,13727,2024-12-15,1890.06,PayPal,accepté
13728,13728,2023-10-16,1337.8,Carte,accepté
13729,13729,2020-06-22,1578.09,Virement,accepté
13730,13730,2019-05-18,1619.13,PayPal,refusé
13731,13731,2023-10-26,670.02,PayPal,refusé
13732,13732,2022-11-05,1632.22,Carte,accepté
13733,13733,2022-03-24,1915.99,Virement,accepté
13734,13734,2021-09-20,330.35,PayPal,accepté
13735,13735,2024-04-29,830.6,Carte,accepté
13736,13736,2022-01-21,583.83,Carte,refusé
13737,13737,2021-11-19,1826.98,Virement,refusé
13738,13738,2020-07-18,560.04,Virement,refusé
13739,13739,2025-11-20,1164.45,Carte,refusé
13740,13740,2021-08-27,1580.48,Carte,refusé
13741,13741,2021-03-17,1445.82,PayPal,accepté
13742,13742,2022-11-29,955.03,Carte,refusé
13743,13743,2022-12-24,1273.24,Carte,accepté
13744,13744,2025-07-07,1644.88,Virement,accepté
13745,13745,2023-01-22,278.53,PayPal,accepté
13746,13746,2025-04-17,1450.95,PayPal,accepté
13747,13747,2021-09-30,1085.06,PayPal,refusé
13748,13748,2019-01-27,1999.28,Carte,accepté
13749,13749,2021-06-18,985.88,Virement,accepté
13750,13750,2022-07-26,1512.6,Virement,refusé
13751,13751,2019-05-20,442.81,Carte,refusé
13752,13752,2022-01-02,1751.49,Carte,accepté
13753,13753,2024-03-04,316.34,Carte,accepté
13754,13754,2023-07-20,796.68,Carte,accepté
13755,13755,2025-12-17,907.15,Carte,accepté
13756,13756,2021-09-17,85.35,Carte,accepté
13757,13757,2024-04-22,652.07,Carte,accepté
13758,13758,2019-06-19,1423.24,Carte,accepté
13759,13759,2025-02-06,1105.78,Carte,accepté
13760,13760,2024-05-07,1132.63,Virement,accepté
13761,13761,2019-06-05,1344.16,Virement,refusé
13762,13762,2023-11-05,1743.07,Carte,accepté
13763,13763,2024-07-05,1880.78,Carte,refusé
13764,13764,2024-02-02,1320.0,Virement,accepté
13765,13765,2024-06-14,746.15,Carte,accepté
13766,13766,2019-11-26,1446.27,Virement,refusé
13767,13767,2025-05-15,1788.59,Virement,refusé
13768,13768,2022-03-24,1855.27,Carte,refusé
13769,13769,2023-06-28,1708.31,Virement,accepté
13770,13770,2022-09-14,1265.27,Virement,refusé
13771,13771,2024-09-01,919.98,Virement,refusé
13772,13772,2023-04-09,1032.27,Virement,accepté
13773,13773,2023-02-26,213.47,Carte,accepté
13774,13774,2019-02-05,188.64,Virement,refusé
13775,13775,2020-01-29,1087.43,Carte,refusé
13776,13776,2022-10-19,179.03,Virement,refusé
13777,13777,2020-07-04,827.68,PayPal,accepté
13778,13778,2022-01-14,1655.13,Carte,accepté
13779,13779,2025-01-07,1016.92,Virement,refusé
13780,13780,2023-03-29,1307.26,PayPal,accepté
13781,13781,2023-10-12,1442.21,Virement,refusé
13782,13782,2022-01-08,1342.25,Carte,accepté
13783,13783,2022-12-19,1172.45,Carte,refusé
13784,13784,2019-03-04,590.95,Carte,accepté
13785,13785,2024-08-25,1489.14,PayPal,accepté
13786,13786,2025-02-12,713.01,PayPal,refusé
13787,13787,2025-12-10,1735.87,Carte,refusé
13788,13788,2024-06-22,1421.06,Carte,refusé
13789,13789,2022-02-28,1561.43,PayPal,accepté
13790,13790,2023-02-09,194.41,PayPal,accepté
13791,13791,2021-09-14,484.73,Carte,accepté
13792,13792,2024-02-12,509.77,Carte,refusé
13793,13793,2020-01-16,1159.36,PayPal,refusé
13794,13794,2021-09-18,759.38,PayPal,refusé
13795,13795,2021-04-29,448.79,PayPal,accepté
13796,13796,2021-12-20,1179.08,Carte,accepté
13797,13797,2025-09-24,1716.34,Virement,accepté
13798,13798,2025-06-22,113.62,Carte,accepté
13799,13799,2021-04-19,345.85,PayPal,accepté
13800,13800,2023-03-23,23.11,Virement,refusé
13801,13801,2025-07-23,1656.19,Carte,refusé
13802,13802,2021-06-16,1412.52,Virement,accepté
13803,13803,2020-11-17,1392.86,Carte,refusé
13804,13804,2020-02-23,775.68,Virement,accepté
13805,13805,2022-05-19,1013.73,PayPal,accepté
13806,13806,2023-03-20,1009.68,Carte,refusé
13807,13807,2024-06-22,83.6,Carte,accepté
13808,13808,2025-02-14,1663.16,PayPal,accepté
13809,13809,2024-11-07,429.94,Virement,refusé
13810,13810,2020-05-07,494.0,Virement,accepté
13811,13811,2022-11-10,832.36,PayPal,refusé
13812,13812,2019-05-20,1712.88,PayPal,refusé
13813,13813,2023-12-10,1157.96,PayPal,accepté
13814,13814,2021-01-08,759.27,PayPal,accepté
13815,13815,2019-07-31,21.1,Virement,refusé
13816,13816,2021-04-11,1040.5,Carte,accepté
13817,13817,2021-03-16,887.53,Virement,refusé
13818,13818,2024-05-25,1462.12,Carte,accepté
13819,13819,2019-05-24,1821.09,PayPal,refusé
13820,13820,2019-02-14,1731.8,PayPal,accepté
13821,13821,2019-04-11,855.63,Virement,accepté
13822,13822,2019-12-18,1772.3,Virement,refusé
13823,13823,2022-05-20,1661.31,PayPal,refusé
13824,13824,2022-12-21,583.64,PayPal,accepté
13825,13825,2025-05-16,276.89,Carte,accepté
13826,13826,2024-04-14,473.89,Virement,accepté
13827,13827,2024-01-28,355.25,Carte,accepté
13828,13828,2023-09-27,617.6,PayPal,accepté
13829,13829,2025-05-30,662.8,Virement,refusé
13830,13830,2023-06-10,1628.79,Carte,refusé
13831,13831,2024-03-06,612.99,Virement,refusé
13832,13832,2025-07-16,1842.11,Carte,refusé
13833,13833,2022-08-20,983.39,PayPal,accepté
13834,13834,2020-04-06,1329.02,PayPal,accepté
13835,13835,2019-08-10,134.4,Virement,accepté
13836,13836,2021-03-22,578.36,Carte,refusé
13837,13837,2020-12-12,1536.27,Carte,refusé
13838,13838,2024-06-07,407.73,PayPal,accepté
13839,13839,2019-09-25,1603.19,Carte,accepté
13840,13840,2024-06-28,301.5,PayPal,refusé
13841,13841,2020-01-14,960.28,Carte,accepté
13842,13842,2020-07-19,517.55,Carte,accepté
13843,13843,2020-02-21,1063.21,PayPal,refusé
13844,13844,2020-05-16,612.56,PayPal,refusé
13845,13845,2019-03-02,1273.72,Virement,accepté
13846,13846,2019-12-20,127.42,Virement,refusé
13847,13847,2019-03-01,1764.87,PayPal,accepté
13848,13848,2022-01-16,69.08,Carte,accepté
13849,13849,2021-01-11,570.68,PayPal,refusé
13850,13850,2024-11-22,1183.17,PayPal,accepté
13851,13851,2024-11-15,1489.52,Carte,refusé
13852,13852,2025-08-15,637.95,Virement,refusé
13853,13853,2024-03-03,1805.6,PayPal,accepté
13854,13854,2025-11-11,1776.64,Virement,accepté
13855,13855,2023-07-03,1663.36,Virement,refusé
13856,13856,2023-05-14,40.82,Virement,refusé
13857,13857,2019-10-02,207.97,Carte,accepté
13858,13858,2025-05-26,1293.62,PayPal,refusé
13859,13859,2023-10-27,1017.79,Virement,refusé
13860,13860,2021-04-14,114.23,PayPal,accepté
13861,13861,2022-11-09,835.04,Carte,refusé
13862,13862,2019-09-06,1522.77,Carte,accepté
13863,13863,2022-11-26,1964.32,PayPal,refusé
13864,13864,2020-09-03,782.18,Carte,accepté
13865,13865,2025-04-30,165.55,Carte,refusé
13866,13866,2024-11-14,832.59,Carte,accepté
13867,13867,2023-06-12,291.11,PayPal,accepté
13868,13868,2022-07-17,1366.82,Carte,refusé
13869,13869,2022-12-08,56.23,Carte,accepté
13870,13870,2025-09-29,1583.04,Virement,refusé
13871,13871,2024-07-01,1836.05,PayPal,accepté
13872,13872,2024-12-06,146.03,Virement,refusé
13873,13873,2021-11-22,201.56,PayPal,refusé
13874,13874,2023-02-21,1481.12,PayPal,refusé
13875,13875,2024-09-10,728.38,PayPal,accepté
13876,13876,2024-01-20,1595.2,PayPal,accepté
13877,13877,2024-07-01,1570.12,Virement,refusé
13878,13878,2021-12-11,917.69,Carte,refusé
13879,13879,2024-08-19,1486.78,PayPal,accepté
13880,13880,2024-01-21,33.7,Virement,refusé
13881,13881,2020-12-02,948.8,Virement,accepté
13882,13882,2019-02-02,1176.07,Carte,refusé
13883,13883,2019-10-06,764.92,PayPal,accepté
13884,13884,2022-11-21,1869.32,Carte,accepté
13885,13885,2021-11-27,684.93,Carte,accepté
13886,13886,2021-01-27,1378.72,PayPal,accepté
13887,13887,2019-10-26,1057.98,Carte,accepté
13888,13888,2022-10-01,1570.73,PayPal,accepté
13889,13889,2022-06-06,1828.72,PayPal,refusé
13890,13890,2019-02-26,1145.28,Carte,refusé
13891,13891,2024-08-12,611.89,PayPal,accepté
13892,13892,2025-06-24,1838.99,PayPal,accepté
13893,13893,2025-01-16,1217.51,PayPal,refusé
13894,13894,2025-01-19,98.8,Virement,accepté
13895,13895,2021-02-02,1421.98,Carte,refusé
13896,13896,2019-09-21,1135.23,Virement,refusé
13897,13897,2020-05-01,996.56,Carte,refusé
13898,13898,2023-03-23,26.05,PayPal,refusé
13899,13899,2021-10-25,1721.32,PayPal,accepté
13900,13900,2020-02-25,1806.08,PayPal,accepté
13901,13901,2025-05-19,202.82,Carte,refusé
13902,13902,2019-10-04,1882.37,Carte,refusé
13903,13903,2020-10-10,641.91,Carte,refusé
13904,13904,2022-04-01,758.33,PayPal,accepté
13905,13905,2020-09-11,103.3,Virement,refusé
13906,13906,2025-07-05,1180.17,PayPal,refusé
13907,13907,2023-08-30,405.46,PayPal,refusé
13908,13908,2025-11-15,1756.12,Virement,accepté
13909,13909,2021-07-16,968.21,PayPal,refusé
13910,13910,2023-08-24,1145.92,PayPal,accepté
13911,13911,2024-06-30,1566.23,PayPal,accepté
13912,13912,2025-10-07,1953.4,Virement,refusé
13913,13913,2025-08-30,396.46,PayPal,refusé
13914,13914,2025-07-16,565.66,PayPal,refusé
13915,13915,2025-04-03,624.85,Virement,accepté
13916,13916,2022-01-18,879.98,Carte,accepté
13917,13917,2025-08-21,645.02,Virement,refusé
13918,13918,2023-10-04,701.6,PayPal,refusé
13919,13919,2021-02-06,1489.28,Carte,refusé
13920,13920,2023-09-25,1639.14,Virement,accepté
13921,13921,2025-11-24,1458.67,Virement,refusé
13922,13922,2024-04-06,50.13,PayPal,refusé
13923,13923,2025-04-23,856.26,Carte,accepté
13924,13924,2025-12-15,949.53,Virement,refusé
13925,13925,2022-11-26,43.18,Virement,refusé
13926,13926,2019-03-12,829.86,Virement,refusé
13927,13927,2022-06-13,688.1,Carte,refusé
13928,13928,2024-06-26,961.97,Virement,accepté
13929,13929,2025-01-11,1901.37,Carte,refusé
13930,13930,2020-06-12,642.23,PayPal,refusé
13931,13931,2024-04-27,72.99,Virement,accepté
13932,13932,2023-09-05,186.76,Virement,accepté
13933,13933,2020-02-03,1440.72,Virement,refusé
13934,13934,2023-10-18,1949.38,PayPal,refusé
13935,13935,2024-02-05,1408.98,Virement,accepté
13936,13936,2021-09-25,1326.71,Carte,accepté
13937,13937,2025-05-24,23.72,Virement,accepté
13938,13938,2022-03-23,401.48,Virement,accepté
13939,13939,2021-06-21,828.09,Carte,refusé
13940,13940,2023-09-16,1468.89,Carte,accepté
13941,13941,2019-06-13,322.04,Virement,accepté
13942,13942,2022-03-08,249.64,Virement,accepté
13943,13943,2025-05-08,651.43,Virement,refusé
13944,13944,2023-08-09,40.6,PayPal,refusé
13945,13945,2023-03-21,125.84,Virement,accepté
13946,13946,2021-08-10,72.69,PayPal,accepté
13947,13947,2020-05-11,1143.72,Virement,accepté
13948,13948,2022-08-15,144.75,Virement,accepté
13949,13949,2020-04-30,961.85,Carte,accepté
13950,13950,2019-12-11,698.3,Virement,accepté
13951,13951,2025-06-01,1483.84,Virement,accepté
13952,13952,2022-07-08,775.8,PayPal,refusé
13953,13953,2021-11-17,1900.54,Virement,refusé
13954,13954,2020-09-26,1344.16,Virement,refusé
13955,13955,2024-02-11,1515.65,Virement,refusé
13956,13956,2024-01-22,906.14,Carte,accepté
13957,13957,2025-08-22,1285.16,Carte,accepté
13958,13958,2023-03-22,1083.42,PayPal,accepté
13959,13959,2025-01-19,1917.18,Virement,refusé
13960,13960,2023-05-28,1556.3,Virement,accepté
13961,13961,2021-03-29,962.0,Carte,refusé
13962,13962,2024-04-28,85.19,PayPal,accepté
13963,13963,2024-03-24,1393.9,Carte,refusé
13964,13964,2023-09-30,1743.37,PayPal,accepté
13965,13965,2025-12-29,1855.61,Virement,accepté
13966,13966,2020-04-19,594.05,Virement,accepté
13967,13967,2022-03-27,983.05,PayPal,refusé
13968,13968,2021-12-25,1273.86,PayPal,refusé
13969,13969,2020-04-01,955.76,Virement,accepté
13970,13970,2024-11-22,1271.51,PayPal,refusé
13971,13971,2025-01-06,282.28,Carte,accepté
13972,13972,2022-03-11,169.44,PayPal,refusé
13973,13973,2025-07-25,1341.45,Virement,refusé
13974,13974,2023-03-23,1830.7,Virement,accepté
13975,13975,2023-12-21,133.1,Carte,refusé
13976,13976,2025-11-20,1847.61,PayPal,accepté
13977,13977,2022-10-08,367.59,Carte,accepté
13978,13978,2025-12-03,605.4,Virement,refusé
13979,13979,2019-03-03,1488.55,Carte,accepté
13980,13980,2020-03-20,1400.83,Virement,accepté
13981,13981,2019-07-10,849.53,PayPal,accepté
13982,13982,2021-09-16,291.56,PayPal,refusé
13983,13983,2020-06-11,1333.19,Carte,accepté
13984,13984,2020-04-27,543.83,Carte,accepté
13985,13985,2022-05-04,1469.9,Virement,accepté
13986,13986,2024-02-03,1123.67,Virement,accepté
13987,13987,2025-10-05,1189.64,Carte,refusé
13988,13988,2019-03-07,229.27,PayPal,refusé
13989,13989,2023-11-03,902.63,PayPal,refusé
13990,13990,2025-12-03,116.88,Virement,accepté
13991,13991,2019-12-25,32.19,Virement,accepté
13992,13992,2022-02-13,1023.18,PayPal,accepté
13993,13993,2019-12-19,1222.2,Virement,refusé
13994,13994,2025-10-19,1087.89,PayPal,refusé
13995,13995,2022-06-25,1444.57,Carte,accepté
13996,13996,2023-12-03,32.66,Virement,accepté
13997,13997,2022-04-26,1608.41,Virement,refusé
13998,13998,2022-04-16,827.29,PayPal,refusé
13999,13999,2020-08-17,581.07,PayPal,accepté
14000,14000,2022-03-20,1813.3,Virement,accepté
14001,14001,2020-10-03,339.68,Carte,refusé
14002,14002,2023-02-17,731.72,PayPal,accepté
14003,14003,2023-02-21,524.4,Carte,refusé
14004,14004,2021-12-07,951.06,Carte,refusé
14005,14005,2025-12-10,1772.23,Carte,refusé
14006,14006,2024-04-09,915.37,Carte,accepté
14007,14007,2021-04-02,105.34,Virement,accepté
14008,14008,2024-12-02,1276.9,Carte,accepté
14009,14009,2023-11-27,503.16,Virement,refusé
14010,14010,2025-09-16,988.12,Carte,accepté
14011,14011,2020-05-26,604.08,Virement,refusé
14012,14012,2019-09-30,740.68,PayPal,accepté
14013,14013,2024-07-15,1893.83,PayPal,refusé
14014,14014,2020-12-28,1509.76,Virement,refusé
14015,14015,2024-03-25,1739.14,Virement,refusé
14016,14016,2020-03-26,600.42,PayPal,refusé
14017,14017,2025-05-12,1926.28,Virement,accepté
14018,14018,2024-05-18,1753.94,Virement,refusé
14019,14019,2022-11-07,1873.13,PayPal,accepté
14020,14020,2024-01-22,1331.41,Carte,accepté
14021,14021,2025-11-24,666.04,Virement,accepté
14022,14022,2022-11-19,609.69,PayPal,refusé
14023,14023,2022-08-22,1120.56,Carte,accepté
14024,14024,2019-10-24,1510.19,Carte,refusé
14025,14025,2022-03-23,1017.76,Carte,refusé
14026,14026,2019-05-06,1797.43,Carte,refusé
14027,14027,2020-04-06,982.95,Carte,accepté
14028,14028,2025-01-09,295.29,Carte,accepté
14029,14029,2021-12-12,328.77,Virement,accepté
14030,14030,2021-03-15,1692.42,PayPal,refusé
14031,14031,2022-03-30,1250.0,Carte,accepté
14032,14032,2024-06-26,1315.79,Virement,refusé
14033,14033,2021-03-29,1213.87,Carte,refusé
14034,14034,2022-09-09,1853.15,Virement,refusé
14035,14035,2025-04-10,1299.2,Virement,accepté
14036,14036,2022-08-26,509.39,Virement,refusé
14037,14037,2024-07-06,825.58,PayPal,accepté
14038,14038,2019-03-13,1242.56,Carte,refusé
14039,14039,2021-01-27,1018.57,Carte,refusé
14040,14040,2022-10-18,798.12,PayPal,accepté
14041,14041,2022-12-19,972.35,PayPal,refusé
14042,14042,2020-04-17,1916.12,PayPal,accepté
14043,14043,2022-06-19,1596.64,Carte,refusé
14044,14044,2020-08-18,1625.87,Carte,accepté
14045,14045,2020-12-06,1174.89,PayPal,accepté
14046,14046,2022-02-07,1150.27,Carte,refusé
14047,14047,2022-12-17,471.81,PayPal,refusé
14048,14048,2025-09-10,399.4,Carte,refusé
14049,14049,2020-07-14,1099.46,Virement,refusé
14050,14050,2023-10-10,1766.9,Virement,refusé
14051,14051,2024-01-22,1012.12,PayPal,accepté
14052,14052,2020-08-25,1660.14,PayPal,accepté
14053,14053,2020-09-16,328.23,Carte,accepté
14054,14054,2019-07-16,34.23,Carte,accepté
14055,14055,2022-03-19,824.08,PayPal,refusé
14056,14056,2024-10-26,1782.71,PayPal,refusé
14057,14057,2022-08-13,1780.05,Virement,refusé
14058,14058,2019-01-31,688.22,PayPal,refusé
14059,14059,2019-02-25,1994.18,Virement,refusé
14060,14060,2019-05-17,617.59,Virement,refusé
14061,14061,2021-02-19,1723.56,Carte,refusé
14062,14062,2023-05-18,1130.17,PayPal,refusé
14063,14063,2021-08-26,1152.93,Carte,accepté
14064,14064,2024-11-03,1394.67,Carte,refusé
14065,14065,2019-12-27,1705.55,Carte,accepté
14066,14066,2020-07-27,1159.83,Carte,refusé
14067,14067,2020-01-31,139.16,Virement,accepté
14068,14068,2022-01-16,493.74,Carte,accepté
14069,14069,2025-01-21,365.65,Carte,refusé
14070,14070,2022-03-29,61.89,Virement,refusé
14071,14071,2023-04-08,519.78,Carte,refusé
14072,14072,2023-07-02,1949.15,Carte,refusé
14073,14073,2021-10-26,1220.41,PayPal,refusé
14074,14074,2022-11-01,494.28,Carte,refusé
14075,14075,2025-10-12,744.32,Carte,accepté
14076,14076,2025-09-17,1740.99,PayPal,refusé
14077,14077,2024-02-18,929.29,Virement,refusé
14078,14078,2023-04-29,511.68,Carte,refusé
14079,14079,2021-12-31,1759.75,Virement,accepté
14080,14080,2024-12-12,107.98,PayPal,refusé
14081,14081,2023-03-10,1488.82,Virement,refusé
14082,14082,2023-09-25,1851.02,Virement,refusé
14083,14083,2022-04-08,1545.69,Virement,accepté
14084,14084,2020-07-28,1701.77,Virement,refusé
14085,14085,2023-05-16,1613.47,PayPal,accepté
14086,14086,2019-08-14,610.15,Virement,accepté
14087,14087,2020-05-07,548.27,PayPal,refusé
14088,14088,2022-11-05,1495.12,PayPal,refusé
14089,14089,2023-10-28,924.03,Virement,accepté
14090,14090,2024-12-14,432.75,Virement,refusé
14091,14091,2021-03-22,1679.35,Virement,accepté
14092,14092,2025-10-14,1522.8,Virement,refusé
14093,14093,2020-07-28,1133.11,Carte,refusé
14094,14094,2019-03-14,645.26,PayPal,accepté
14095,14095,2024-08-05,610.55,Virement,refusé
14096,14096,2023-05-24,885.56,Virement,accepté
14097,14097,2025-05-10,692.0,Virement,refusé
14098,14098,2024-11-13,1894.45,PayPal,accepté
14099,14099,2019-07-07,1257.24,PayPal,refusé
14100,14100,2025-01-24,979.93,PayPal,refusé
14101,14101,2023-07-01,992.37,Carte,refusé
14102,14102,2024-12-26,936.11,Carte,accepté
14103,14103,2019-04-09,1145.31,Carte,accepté
14104,14104,2022-06-08,99.44,PayPal,refusé
14105,14105,2025-12-05,988.61,Virement,refusé
14106,14106,2019-03-23,1271.61,Carte,refusé
14107,14107,2024-01-25,1122.79,Carte,refusé
14108,14108,2019-06-22,1740.62,Carte,refusé
14109,14109,2023-02-24,574.49,Virement,refusé
14110,14110,2021-10-27,149.45,Carte,refusé
14111,14111,2021-01-19,1294.32,PayPal,accepté
14112,14112,2022-02-07,1099.66,Carte,accepté
14113,14113,2025-10-14,1611.56,Carte,accepté
14114,14114,2021-07-26,1173.18,PayPal,refusé
14115,14115,2019-07-17,1628.65,PayPal,refusé
14116,14116,2023-01-27,1595.02,Carte,accepté
14117,14117,2020-10-21,1783.95,PayPal,accepté
14118,14118,2022-09-27,752.79,Carte,accepté
14119,14119,2019-01-18,1178.27,Virement,refusé
14120,14120,2024-06-20,1829.29,Virement,accepté
14121,14121,2022-09-18,1022.96,PayPal,refusé
14122,14122,2025-04-22,521.36,PayPal,accepté
14123,14123,2021-01-02,1029.67,Virement,accepté
14124,14124,2025-11-12,438.27,Virement,refusé
14125,14125,2021-11-11,1947.13,Virement,accepté
14126,14126,2019-11-28,688.56,Carte,refusé
14127,14127,2024-02-13,225.69,Carte,accepté
14128,14128,2019-04-17,1294.28,Virement,accepté
14129,14129,2024-03-27,350.71,PayPal,accepté
14130,14130,2023-03-09,123.46,Virement,accepté
14131,14131,2020-06-06,1271.95,Carte,accepté
14132,14132,2023-10-22,1925.87,PayPal,accepté
14133,14133,2024-06-20,1539.14,Virement,refusé
14134,14134,2019-11-09,680.51,Carte,accepté
14135,14135,2021-07-19,1521.48,PayPal,refusé
14136,14136,2021-12-07,761.27,Carte,accepté
14137,14137,2025-03-06,487.46,Virement,accepté
14138,14138,2024-12-27,1181.54,Virement,refusé
14139,14139,2024-10-26,734.07,PayPal,accepté
14140,14140,2019-06-18,899.92,Virement,accepté
14141,14141,2019-12-17,1423.64,PayPal,refusé
14142,14142,2019-04-09,1379.42,Virement,refusé
14143,14143,2020-06-20,1498.83,Carte,refusé
14144,14144,2019-05-02,606.44,Carte,refusé
14145,14145,2024-01-04,763.97,Virement,accepté
14146,14146,2022-09-08,1246.24,Carte,accepté
14147,14147,2019-02-25,724.09,Virement,accepté
14148,14148,2020-11-27,1595.07,Carte,refusé
14149,14149,2025-09-24,329.79,Carte,refusé
14150,14150,2020-01-31,225.04,PayPal,refusé
14151,14151,2021-12-08,979.66,PayPal,refusé
14152,14152,2023-05-07,1984.78,PayPal,refusé
14153,14153,2020-01-04,1111.24,Virement,accepté
14154,14154,2024-01-12,1649.17,Carte,refusé
14155,14155,2022-07-27,648.35,Carte,refusé
14156,14156,2019-12-23,1719.78,Virement,accepté
14157,14157,2025-12-09,661.81,Virement,accepté
14158,14158,2024-03-26,1485.47,Carte,accepté
14159,14159,2023-03-26,1682.96,PayPal,accepté
14160,14160,2025-08-26,1682.14,Carte,refusé
14161,14161,2022-11-04,1729.47,PayPal,accepté
14162,14162,2019-04-01,401.65,Carte,accepté
14163,14163,2024-10-01,108.17,Carte,accepté
14164,14164,2023-03-27,615.92,Virement,refusé
14165,14165,2025-04-20,1109.6,Carte,accepté
14166,14166,2019-11-30,866.2,Carte,accepté
14167,14167,2019-10-28,432.08,PayPal,refusé
14168,14168,2025-10-05,421.56,Carte,accepté
14169,14169,2022-06-18,448.49,Virement,accepté
14170,14170,2022-12-19,1318.45,Virement,refusé
14171,14171,2020-10-17,591.49,PayPal,accepté
14172,14172,2019-10-06,1591.15,Virement,refusé
14173,14173,2019-12-02,76.39,Virement,accepté
14174,14174,2021-08-01,1581.5,Carte,refusé
14175,14175,2021-11-25,57.05,PayPal,accepté
14176,14176,2024-01-19,1918.05,Carte,accepté
14177,14177,2021-06-02,979.24,PayPal,accepté
14178,14178,2022-02-24,40.9,PayPal,accepté
14179,14179,2020-02-18,963.07,PayPal,accepté
14180,14180,2025-12-28,383.93,Carte,refusé
14181,14181,2020-11-09,228.91,Carte,accepté
14182,14182,2021-05-03,1912.49,Carte,refusé
14183,14183,2019-11-19,1175.09,Virement,accepté
14184,14184,2020-02-12,589.89,PayPal,accepté
14185,14185,2024-05-28,1740.66,PayPal,refusé
14186,14186,2020-02-06,222.25,Virement,refusé
14187,14187,2021-12-27,1500.11,PayPal,refusé
14188,14188,2025-04-15,962.94,Virement,accepté
14189,14189,2024-09-15,40.87,Virement,accepté
14190,14190,2025-03-14,573.83,PayPal,accepté
14191,14191,2025-08-07,1884.85,PayPal,refusé
14192,14192,2020-09-30,1757.63,PayPal,refusé
14193,14193,2022-07-10,1305.73,Virement,accepté
14194,14194,2019-06-23,1986.31,Virement,accepté
14195,14195,2024-08-29,57.94,Carte,accepté
14196,14196,2020-10-20,517.11,Virement,refusé
14197,14197,2020-09-27,248.6,Virement,accepté
14198,14198,2025-01-04,1819.4,Carte,accepté
14199,14199,2021-08-11,1946.91,Carte,accepté
14200,14200,2024-03-21,215.12,Carte,accepté
14201,14201,2021-07-16,1598.58,PayPal,accepté
14202,14202,2025-02-25,1876.73,Carte,refusé
14203,14203,2020-01-24,761.72,PayPal,accepté
14204,14204,2021-02-27,1394.8,PayPal,accepté
14205,14205,2025-12-15,385.54,Virement,refusé
14206,14206,2019-11-21,880.25,PayPal,refusé
14207,14207,2022-07-22,1893.66,PayPal,refusé
14208,14208,2022-08-04,1283.84,PayPal,accepté
14209,14209,2021-04-15,307.22,Virement,refusé
14210,14210,2021-02-20,1300.28,PayPal,refusé
14211,14211,2020-01-06,631.42,Carte,accepté
14212,14212,2021-08-31,829.52,Carte,accepté
14213,14213,2019-11-20,1323.33,PayPal,accepté
14214,14214,2021-08-13,1864.55,PayPal,accepté
14215,14215,2024-04-08,1103.5,Virement,accepté
14216,14216,2021-08-14,136.1,Virement,refusé
14217,14217,2021-01-05,480.02,PayPal,refusé
14218,14218,2019-10-13,621.06,Carte,accepté
14219,14219,2021-12-01,955.36,Carte,accepté
14220,14220,2021-01-14,1563.21,Virement,refusé
14221,14221,2020-10-07,1805.22,Virement,refusé
14222,14222,2022-07-02,1974.13,PayPal,accepté
14223,14223,2024-02-06,1284.49,Carte,refusé
14224,14224,2020-09-15,778.99,Virement,accepté
14225,14225,2019-10-24,1080.24,Carte,accepté
14226,14226,2022-02-26,23.43,PayPal,refusé
14227,14227,2022-07-05,226.18,Virement,refusé
14228,14228,2022-02-13,1740.96,PayPal,accepté
14229,14229,2020-02-10,1087.29,Virement,accepté
14230,14230,2023-01-19,1330.79,Carte,refusé
14231,14231,2019-06-12,1428.47,Carte,accepté
14232,14232,2021-09-08,1218.24,Virement,accepté
14233,14233,2024-02-06,1122.82,Virement,accepté
14234,14234,2022-04-28,408.19,Virement,accepté
14235,14235,2024-02-01,556.22,PayPal,accepté
14236,14236,2020-07-09,1754.14,PayPal,accepté
14237,14237,2021-02-16,785.23,Virement,refusé
14238,14238,2024-08-13,1409.5,PayPal,refusé
14239,14239,2021-11-28,1787.05,PayPal,refusé
14240,14240,2019-08-19,1453.19,Carte,accepté
14241,14241,2021-06-04,1915.7,Carte,accepté
14242,14242,2021-09-04,953.58,Carte,accepté
14243,14243,2020-03-21,334.49,PayPal,refusé
14244,14244,2020-10-15,513.99,PayPal,accepté
14245,14245,2020-12-26,1500.02,Carte,refusé
14246,14246,2020-10-02,1263.44,Virement,refusé
14247,14247,2019-01-13,908.98,Carte,accepté
14248,14248,2021-10-21,24.44,PayPal,accepté
14249,14249,2022-11-18,1186.89,Virement,refusé
14250,14250,2023-03-22,361.88,Virement,accepté
14251,14251,2019-11-04,1332.69,Carte,accepté
14252,14252,2019-12-24,1867.39,Virement,accepté
14253,14253,2025-04-20,956.64,Carte,refusé
14254,14254,2021-09-18,1194.05,Virement,accepté
14255,14255,2023-01-23,1403.86,Virement,refusé
14256,14256,2020-03-19,1662.28,PayPal,refusé
14257,14257,2022-03-24,365.73,Virement,refusé
14258,14258,2022-01-27,1927.14,Virement,accepté
14259,14259,2021-07-18,1122.45,Carte,accepté
14260,14260,2022-06-24,403.29,Virement,accepté
14261,14261,2019-05-25,387.8,Carte,refusé
14262,14262,2025-10-20,1563.75,Carte,refusé
14263,14263,2021-12-06,461.54,Virement,accepté
14264,14264,2020-10-20,487.49,PayPal,accepté
14265,14265,2025-10-29,144.5,Virement,accepté
14266,14266,2022-06-04,365.75,PayPal,refusé
14267,14267,2022-05-17,1802.96,Virement,accepté
14268,14268,2022-04-21,280.53,Carte,accepté
14269,14269,2022-02-25,1360.03,PayPal,accepté
14270,14270,2020-07-14,1034.78,Virement,refusé
14271,14271,2024-06-25,1968.77,PayPal,refusé
14272,14272,2019-07-10,40.11,Virement,accepté
14273,14273,2025-12-05,1733.9,Virement,accepté
14274,14274,2022-10-02,851.57,Virement,refusé
14275,14275,2024-01-11,34.68,Virement,accepté
14276,14276,2019-07-09,944.35,Carte,accepté
14277,14277,2024-07-01,1036.26,PayPal,refusé
14278,14278,2023-10-19,1481.3,PayPal,refusé
14279,14279,2022-12-16,97.42,Virement,accepté
14280,14280,2023-02-23,552.26,Virement,accepté
14281,14281,2025-04-18,29.01,Virement,refusé
14282,14282,2022-10-15,166.46,Carte,accepté
14283,14283,2020-02-12,539.15,PayPal,accepté
14284,14284,2022-02-11,782.37,Carte,refusé
14285,14285,2020-06-25,390.41,Virement,accepté
14286,14286,2025-12-24,562.04,Carte,refusé
14287,14287,2020-04-09,1879.77,PayPal,refusé
14288,14288,2023-10-05,1552.94,Virement,refusé
14289,14289,2020-12-13,617.35,Carte,accepté
14290,14290,2024-07-06,973.41,PayPal,refusé
14291,14291,2023-04-21,1980.5,Virement,refusé
14292,14292,2021-03-08,1389.48,Virement,refusé
14293,14293,2025-08-31,926.48,Virement,accepté
14294,14294,2020-07-01,1061.6,Carte,refusé
14295,14295,2021-10-01,1140.25,PayPal,accepté
14296,14296,2020-04-17,1672.87,PayPal,refusé
14297,14297,2024-03-18,1390.84,Carte,accepté
14298,14298,2024-05-21,1286.23,Virement,accepté
14299,14299,2025-02-21,1857.44,PayPal,refusé
14300,14300,2023-05-13,849.73,PayPal,accepté
14301,14301,2025-10-13,1708.61,PayPal,accepté
14302,14302,2020-06-02,1131.58,Virement,refusé
14303,14303,2022-12-08,1410.94,Carte,accepté
14304,14304,2019-06-20,1983.38,Carte,accepté
14305,14305,2023-05-02,976.57,Carte,accepté
14306,14306,2023-08-15,1017.42,Carte,refusé
14307,14307,2025-10-18,134.73,Carte,accepté
14308,14308,2019-06-28,1912.9,Carte,accepté
14309,14309,2019-03-24,1735.72,Virement,refusé
14310,14310,2025-01-12,1733.1,Virement,refusé
14311,14311,2022-11-22,1168.64,Carte,accepté
14312,14312,2024-08-05,1352.16,Carte,accepté
14313,14313,2023-10-19,244.48,PayPal,refusé
14314,14314,2024-10-01,920.65,Carte,accepté
14315,14315,2019-05-28,997.16,Carte,refusé
14316,14316,2020-07-17,1727.39,Carte,refusé
14317,14317,2022-08-23,927.19,Virement,accepté
14318,14318,2025-03-07,1897.37,Carte,accepté
14319,14319,2020-09-23,1439.89,Virement,refusé
14320,14320,2020-06-08,1364.08,Virement,refusé
14321,14321,2022-10-01,1685.87,PayPal,accepté
14322,14322,2020-11-08,50.77,PayPal,refusé
14323,14323,2025-06-04,1566.5,Carte,accepté
14324,14324,2019-07-20,755.46,PayPal,refusé
14325,14325,2025-09-05,598.84,Carte,accepté
14326,14326,2025-07-06,1881.03,Carte,refusé
14327,14327,2022-09-06,173.69,PayPal,accepté
14328,14328,2020-06-20,1477.03,Carte,accepté
14329,14329,2021-08-18,254.26,Carte,refusé
14330,14330,2025-11-07,1010.59,Carte,refusé
14331,14331,2023-08-22,1312.4,Virement,refusé
14332,14332,2019-11-06,1801.19,Virement,refusé
14333,14333,2021-02-02,1317.79,PayPal,accepté
14334,14334,2025-01-11,1585.49,Carte,refusé
14335,14335,2022-01-19,757.69,Virement,accepté
14336,14336,2024-07-02,1679.44,Virement,refusé
14337,14337,2023-02-11,1339.57,Carte,refusé
14338,14338,2019-11-25,1798.54,Carte,accepté
14339,14339,2022-05-18,264.82,PayPal,accepté
14340,14340,2024-10-28,1964.56,Carte,refusé
14341,14341,2020-02-24,541.71,PayPal,refusé
14342,14342,2022-01-09,365.11,PayPal,refusé
14343,14343,2022-01-04,793.11,Carte,accepté
14344,14344,2023-12-24,456.56,PayPal,accepté
14345,14345,2024-09-26,988.46,PayPal,accepté
14346,14346,2019-11-23,256.23,PayPal,accepté
14347,14347,2024-03-05,564.59,Carte,accepté
14348,14348,2022-03-31,528.8,Virement,accepté
14349,14349,2025-10-17,1330.65,PayPal,refusé
14350,14350,2022-01-25,1911.69,PayPal,accepté
14351,14351,2023-09-03,259.82,PayPal,accepté
14352,14352,2021-02-09,922.75,Carte,refusé
14353,14353,2023-05-05,1658.83,PayPal,accepté
14354,14354,2020-12-05,928.75,Virement,accepté
14355,14355,2022-10-27,1088.75,PayPal,refusé
14356,14356,2023-09-15,465.53,Virement,accepté
14357,14357,2020-12-13,1576.73,PayPal,accepté
14358,14358,2021-11-11,46.67,Virement,accepté
14359,14359,2023-06-21,924.67,PayPal,refusé
14360,14360,2019-04-23,248.59,Carte,refusé
14361,14361,2023-06-10,177.1,Carte,refusé
14362,14362,2023-08-28,801.62,Carte,accepté
14363,14363,2022-10-23,1959.65,Virement,refusé
14364,14364,2022-02-10,1147.13,Carte,refusé
14365,14365,2020-06-24,1234.83,PayPal,refusé
14366,14366,2023-11-10,1405.08,Virement,accepté
14367,14367,2023-03-14,1440.56,Virement,refusé
14368,14368,2022-10-28,1456.6,PayPal,refusé
14369,14369,2020-08-08,1197.17,PayPal,accepté
14370,14370,2022-11-14,1503.68,PayPal,accepté
14371,14371,2025-04-19,438.15,PayPal,accepté
14372,14372,2020-06-12,1605.9,Virement,accepté
14373,14373,2020-05-29,96.67,Virement,accepté
14374,14374,2025-11-09,1058.05,Virement,refusé
14375,14375,2025-02-13,1396.74,Virement,accepté
14376,14376,2020-01-30,939.83,PayPal,accepté
14377,14377,2019-04-02,1538.19,PayPal,accepté
14378,14378,2025-03-20,1034.94,Carte,refusé
14379,14379,2024-07-23,1394.6,Carte,refusé
14380,14380,2024-09-19,1352.38,Virement,refusé
14381,14381,2025-12-04,354.55,Carte,refusé
14382,14382,2025-07-18,27.42,Carte,accepté
14383,14383,2021-10-30,1082.98,Virement,accepté
14384,14384,2019-06-17,257.58,PayPal,accepté
14385,14385,2020-07-11,540.18,Virement,accepté
14386,14386,2021-12-13,1134.99,Virement,accepté
14387,14387,2025-06-28,1034.8,Virement,refusé
14388,14388,2019-01-14,1702.23,Carte,accepté
14389,14389,2020-04-19,141.96,Virement,accepté
14390,14390,2021-02-27,817.46,Virement,refusé
14391,14391,2023-11-15,699.49,Carte,refusé
14392,14392,2019-07-23,839.6,Virement,accepté
14393,14393,2019-05-30,530.13,Carte,refusé
14394,14394,2022-06-04,1726.92,PayPal,refusé
14395,14395,2024-10-11,396.8,Virement,accepté
14396,14396,2019-01-03,1405.47,Carte,accepté
14397,14397,2024-12-22,994.5,PayPal,refusé
14398,14398,2023-11-21,1957.57,Virement,refusé
14399,14399,2020-06-16,462.86,Carte,refusé
14400,14400,2021-12-10,1284.93,Carte,accepté
14401,14401,2025-06-28,1006.99,PayPal,refusé
14402,14402,2025-09-14,1859.0,Virement,refusé
14403,14403,2022-06-29,1820.75,Carte,accepté
14404,14404,2020-10-14,230.73,Virement,refusé
14405,14405,2021-03-27,1366.82,Carte,accepté
14406,14406,2022-08-30,1019.83,PayPal,accepté
14407,14407,2024-07-04,1447.96,Virement,accepté
14408,14408,2025-03-16,1884.48,Virement,refusé
14409,14409,2025-03-23,35.59,PayPal,refusé
14410,14410,2025-07-29,1376.0,PayPal,accepté
14411,14411,2020-09-23,181.2,Carte,accepté
14412,14412,2021-10-26,103.63,Carte,refusé
14413,14413,2021-09-19,248.65,Virement,refusé
14414,14414,2022-01-14,1172.91,Virement,refusé
14415,14415,2023-07-16,1891.36,PayPal,refusé
14416,14416,2023-10-14,774.05,Virement,accepté
14417,14417,2021-07-19,1700.58,Carte,refusé
14418,14418,2025-12-04,1107.24,Virement,refusé
14419,14419,2019-09-20,659.24,PayPal,refusé
14420,14420,2019-12-11,1827.36,PayPal,refusé
14421,14421,2025-11-19,1875.51,Virement,accepté
14422,14422,2019-03-01,682.56,PayPal,refusé
14423,14423,2022-01-04,1518.63,Virement,accepté
14424,14424,2021-09-06,1127.0,PayPal,refusé
14425,14425,2022-06-29,208.52,Virement,accepté
14426,14426,2019-09-25,1040.82,Virement,refusé
14427,14427,2023-04-15,1591.36,Carte,accepté
14428,14428,2020-12-18,718.11,Virement,accepté
14429,14429,2019-10-28,924.56,Carte,accepté
14430,14430,2019-06-01,280.64,Carte,refusé
14431,14431,2025-03-16,1880.69,PayPal,refusé
14432,14432,2019-06-24,1083.03,Carte,refusé
14433,14433,2025-09-26,379.42,Virement,accepté
14434,14434,2019-02-07,1517.1,Carte,refusé
14435,14435,2019-12-28,224.71,PayPal,refusé
14436,14436,2023-03-28,1377.69,PayPal,accepté
14437,14437,2022-03-22,1242.61,Carte,accepté
14438,14438,2019-12-07,1551.63,Virement,refusé
14439,14439,2022-10-17,859.48,Carte,refusé
14440,14440,2021-02-23,1804.71,PayPal,refusé
14441,14441,2025-02-12,1237.72,PayPal,accepté
14442,14442,2022-09-02,1000.52,Carte,refusé
14443,14443,2019-12-12,1985.64,Virement,accepté
14444,14444,2019-04-29,1572.45,PayPal,refusé
14445,14445,2020-08-07,1845.46,PayPal,accepté
14446,14446,2021-06-05,220.08,Carte,refusé
14447,14447,2022-07-05,1349.44,PayPal,accepté
14448,14448,2023-12-28,1747.11,Virement,refusé
14449,14449,2020-12-19,1075.74,PayPal,accepté
14450,14450,2024-01-11,121.27,Carte,accepté
14451,14451,2020-10-17,1167.55,PayPal,refusé
14452,14452,2020-09-30,1656.31,Carte,refusé
14453,14453,2020-05-22,1546.96,Virement,refusé
14454,14454,2020-09-23,1041.86,PayPal,accepté
14455,14455,2022-03-11,957.51,Virement,accepté
14456,14456,2020-12-03,1819.56,Carte,accepté
14457,14457,2022-10-13,298.7,Carte,refusé
14458,14458,2024-05-13,1621.07,Virement,refusé
14459,14459,2020-08-17,87.82,Carte,refusé
14460,14460,2021-10-13,1206.73,Carte,refusé
14461,14461,2025-03-25,1795.66,Virement,accepté
14462,14462,2020-04-09,862.35,Carte,accepté
14463,14463,2021-09-23,1655.52,Carte,accepté
14464,14464,2023-01-20,182.72,PayPal,refusé
14465,14465,2023-01-21,421.29,Carte,accepté
14466,14466,2021-03-21,1922.52,PayPal,refusé
14467,14467,2024-09-02,689.72,Virement,refusé
14468,14468,2024-08-23,405.7,Carte,accepté
14469,14469,2025-08-14,1996.24,PayPal,accepté
14470,14470,2025-09-28,79.01,Virement,accepté
14471,14471,2025-08-26,545.67,PayPal,accepté
14472,14472,2022-03-06,44.45,Virement,accepté
14473,14473,2024-06-16,191.05,Virement,refusé
14474,14474,2024-09-19,1346.56,Virement,accepté
14475,14475,2021-09-25,1825.22,Virement,refusé
14476,14476,2025-01-11,1299.15,Carte,refusé
14477,14477,2023-06-07,114.47,PayPal,accepté
14478,14478,2021-08-05,805.53,Virement,refusé
14479,14479,2023-10-14,1572.97,PayPal,accepté
14480,14480,2024-08-19,1752.77,Carte,accepté
14481,14481,2023-10-03,658.95,PayPal,accepté
14482,14482,2024-03-05,285.56,PayPal,refusé
14483,14483,2025-01-03,237.78,Carte,accepté
14484,14484,2024-07-22,1573.83,PayPal,refusé
14485,14485,2021-06-15,1486.38,Carte,accepté
14486,14486,2025-10-14,1012.79,Carte,refusé
14487,14487,2019-02-27,1657.76,Carte,accepté
14488,14488,2022-03-05,844.57,Virement,refusé
14489,14489,2019-11-16,217.19,Virement,refusé
14490,14490,2020-07-05,1431.84,Virement,refusé
14491,14491,2021-08-06,552.74,Carte,accepté
14492,14492,2019-02-09,1283.88,PayPal,accepté
14493,14493,2023-02-18,1256.04,PayPal,refusé
14494,14494,2025-10-03,234.53,Carte,refusé
14495,14495,2025-04-30,1584.37,Virement,accepté
14496,14496,2019-04-27,1619.36,Virement,refusé
14497,14497,2019-01-08,569.12,PayPal,refusé
14498,14498,2025-04-30,593.8,PayPal,refusé
14499,14499,2020-07-17,716.23,Carte,accepté
14500,14500,2023-08-03,1941.24,Carte,refusé
14501,14501,2020-07-20,1477.02,Virement,accepté
14502,14502,2024-12-28,1351.76,Virement,refusé
14503,14503,2024-12-04,1233.47,Carte,refusé
14504,14504,2025-07-04,803.58,Carte,refusé
14505,14505,2025-07-10,1702.49,Carte,refusé
14506,14506,2023-01-25,54.51,PayPal,accepté
14507,14507,2019-05-08,73.11,Carte,refusé
14508,14508,2024-12-09,596.84,Virement,refusé
14509,14509,2024-09-03,818.25,Carte,accepté
14510,14510,2024-08-07,1532.21,Virement,accepté
14511,14511,2025-11-10,1119.9,PayPal,accepté
14512,14512,2020-04-03,914.1,PayPal,refusé
14513,14513,2022-10-26,731.13,Virement,accepté
14514,14514,2025-02-10,1970.67,PayPal,accepté
14515,14515,2020-10-20,324.18,Carte,refusé
14516,14516,2023-01-03,1956.71,Virement,accepté
14517,14517,2019-02-06,1954.06,Carte,refusé
14518,14518,2024-07-25,1784.17,Carte,refusé
14519,14519,2019-11-07,1779.86,Carte,accepté
14520,14520,2020-07-28,857.83,Carte,refusé
14521,14521,2023-08-03,1286.19,PayPal,refusé
14522,14522,2019-01-17,86.53,Carte,refusé
14523,14523,2021-08-25,76.59,Carte,refusé
14524,14524,2020-01-27,1631.7,Virement,accepté
14525,14525,2021-01-17,724.55,Carte,accepté
14526,14526,2020-04-25,1003.71,Virement,accepté
14527,14527,2022-07-26,403.98,Carte,refusé
14528,14528,2023-06-16,1822.8,PayPal,accepté
14529,14529,2024-12-07,782.07,Carte,refusé
14530,14530,2022-01-09,1448.22,Carte,accepté
14531,14531,2023-12-08,95.4,Virement,refusé
14532,14532,2023-06-24,925.02,Virement,refusé
14533,14533,2023-05-18,1130.26,PayPal,accepté
14534,14534,2021-01-06,1687.29,PayPal,refusé
14535,14535,2025-02-10,687.15,Virement,accepté
14536,14536,2021-03-20,313.37,Carte,refusé
14537,14537,2023-03-29,1240.88,Carte,accepté
14538,14538,2025-07-17,1985.53,PayPal,refusé
14539,14539,2020-10-03,695.49,Virement,refusé
14540,14540,2020-09-02,1496.75,Virement,refusé
14541,14541,2020-12-22,148.79,PayPal,refusé
14542,14542,2024-08-10,727.84,PayPal,refusé
14543,14543,2024-04-24,258.5,Virement,refusé
14544,14544,2020-12-07,1944.65,PayPal,accepté
14545,14545,2023-10-12,1952.18,Virement,accepté
14546,14546,2023-05-07,224.03,PayPal,accepté
14547,14547,2019-01-24,1361.58,Carte,accepté
14548,14548,2023-11-24,376.64,Carte,refusé
14549,14549,2022-06-25,610.45,Carte,refusé
14550,14550,2020-05-29,251.75,Carte,refusé
14551,14551,2025-01-17,620.25,Virement,accepté
14552,14552,2020-10-27,1321.64,Virement,accepté
14553,14553,2024-09-10,173.77,Virement,refusé
14554,14554,2023-04-24,1186.18,PayPal,refusé
14555,14555,2022-01-06,1065.6,PayPal,accepté
14556,14556,2020-05-27,1912.05,Carte,refusé
14557,14557,2022-05-02,1948.67,PayPal,accepté
14558,14558,2021-09-05,487.13,Virement,accepté
14559,14559,2021-08-25,1329.69,Carte,refusé
14560,14560,2024-01-23,1171.86,Virement,accepté
14561,14561,2020-06-18,1234.47,Virement,refusé
14562,14562,2019-06-25,867.97,Carte,refusé
14563,14563,2023-04-17,428.89,PayPal,refusé
14564,14564,2023-01-07,586.64,Virement,refusé
14565,14565,2025-03-18,1443.69,Carte,refusé
14566,14566,2022-05-27,1140.22,Carte,refusé
14567,14567,2020-08-17,780.5,Virement,refusé
14568,14568,2022-12-07,285.31,PayPal,accepté
14569,14569,2020-12-24,317.17,Carte,accepté
14570,14570,2024-02-01,815.47,PayPal,refusé
14571,14571,2021-01-28,803.22,Virement,refusé
14572,14572,2019-09-13,1426.22,PayPal,accepté
14573,14573,2020-07-07,1555.48,PayPal,accepté
14574,14574,2021-03-30,1743.4,Virement,accepté
14575,14575,2019-09-07,550.81,PayPal,accepté
14576,14576,2020-06-09,1247.19,Carte,accepté
14577,14577,2025-05-10,860.17,Virement,refusé
14578,14578,2019-10-18,893.3,PayPal,accepté
14579,14579,2024-06-05,1439.55,Virement,accepté
14580,14580,2019-09-20,1763.29,Carte,refusé
14581,14581,2020-04-29,1061.62,PayPal,accepté
14582,14582,2022-11-21,309.12,Virement,accepté
14583,14583,2024-06-23,1714.11,PayPal,refusé
14584,14584,2022-07-08,745.35,Carte,refusé
14585,14585,2021-04-28,64.75,Carte,accepté
14586,14586,2024-10-07,1882.67,Carte,accepté
14587,14587,2024-10-31,1982.52,Carte,accepté
14588,14588,2024-09-15,463.41,PayPal,accepté
14589,14589,2023-05-14,21.43,Carte,refusé
14590,14590,2021-10-08,785.02,Carte,refusé
14591,14591,2021-10-06,1479.39,Carte,refusé
14592,14592,2023-06-08,1429.97,PayPal,refusé
14593,14593,2020-01-31,333.03,Virement,accepté
14594,14594,2020-11-16,1606.78,Carte,accepté
14595,14595,2019-12-26,1154.34,Virement,refusé
14596,14596,2023-06-11,60.33,Virement,refusé
14597,14597,2021-08-21,1107.66,PayPal,accepté
14598,14598,2020-01-15,941.65,PayPal,accepté
14599,14599,2023-03-15,1000.13,PayPal,accepté
14600,14600,2025-10-03,105.26,Virement,refusé
14601,14601,2022-08-04,753.32,PayPal,refusé
14602,14602,2021-09-03,1396.56,Carte,refusé
14603,14603,2023-09-04,1216.39,Virement,refusé
14604,14604,2020-04-02,1133.76,Virement,accepté
14605,14605,2024-03-31,1786.51,Virement,accepté
14606,14606,2023-05-23,1841.48,Virement,accepté
14607,14607,2025-01-07,1764.97,Virement,refusé
14608,14608,2020-10-30,1411.91,Carte,refusé
14609,14609,2019-09-13,1815.78,Virement,accepté
14610,14610,2022-09-19,685.7,Virement,accepté
14611,14611,2025-09-06,662.88,Carte,refusé
14612,14612,2019-11-12,799.17,PayPal,accepté
14613,14613,2020-02-24,1537.03,PayPal,accepté
14614,14614,2023-06-28,373.23,Carte,accepté
14615,14615,2023-05-20,1867.29,PayPal,accepté
14616,14616,2021-01-21,1191.95,Virement,refusé
14617,14617,2020-05-01,1332.38,PayPal,accepté
14618,14618,2025-07-16,1626.63,PayPal,refusé
14619,14619,2023-11-16,283.44,PayPal,accepté
14620,14620,2024-07-02,884.24,Carte,accepté
14621,14621,2023-08-31,1014.23,Virement,accepté
14622,14622,2019-07-14,983.95,Carte,refusé
14623,14623,2020-06-02,894.62,Carte,refusé
14624,14624,2021-01-14,1458.97,Virement,accepté
14625,14625,2021-01-16,1367.39,PayPal,accepté
14626,14626,2021-06-27,832.63,Carte,accepté
14627,14627,2019-09-26,328.69,PayPal,accepté
14628,14628,2020-04-20,208.38,Carte,refusé
14629,14629,2019-08-22,1664.0,Virement,accepté
14630,14630,2024-02-24,388.64,Carte,accepté
14631,14631,2024-02-20,343.17,Virement,accepté
14632,14632,2019-09-11,84.64,Carte,accepté
14633,14633,2019-06-10,635.19,Virement,accepté
14634,14634,2022-08-06,1848.7,PayPal,refusé
14635,14635,2020-04-14,88.65,Carte,accepté
14636,14636,2020-02-06,198.72,Virement,accepté
14637,14637,2019-06-01,297.32,Virement,refusé
14638,14638,2025-06-18,641.24,Carte,refusé
14639,14639,2019-09-22,840.7,Carte,accepté
14640,14640,2020-04-11,553.31,PayPal,accepté
14641,14641,2022-06-26,1915.4,Virement,refusé
14642,14642,2020-12-09,656.97,Carte,refusé
14643,14643,2020-05-25,105.11,PayPal,accepté
14644,14644,2022-04-07,398.89,Virement,accepté
14645,14645,2025-01-21,1579.48,Carte,accepté
14646,14646,2020-05-08,172.01,Carte,accepté
14647,14647,2025-02-10,1234.42,PayPal,refusé
14648,14648,2023-10-21,22.49,Virement,accepté
14649,14649,2024-12-23,230.35,Carte,accepté
14650,14650,2019-02-26,938.77,Virement,refusé
14651,14651,2019-06-20,785.03,PayPal,accepté
14652,14652,2019-05-10,977.61,PayPal,accepté
14653,14653,2025-09-29,592.16,Carte,accepté
14654,14654,2024-11-20,917.83,Virement,refusé
14655,14655,2024-02-07,1354.71,Virement,accepté
14656,14656,2025-07-27,1040.35,PayPal,refusé
14657,14657,2024-05-11,122.47,Carte,refusé
14658,14658,2023-06-21,1808.59,Virement,accepté
14659,14659,2025-01-25,942.11,Carte,refusé
14660,14660,2020-06-15,1388.41,PayPal,refusé
14661,14661,2025-08-19,177.81,Carte,refusé
14662,14662,2022-07-30,1482.23,PayPal,refusé
14663,14663,2023-10-16,171.87,Virement,accepté
14664,14664,2019-06-27,656.97,Virement,refusé
14665,14665,2019-08-28,495.71,PayPal,accepté
14666,14666,2023-11-04,170.4,PayPal,accepté
14667,14667,2023-04-05,1915.69,PayPal,refusé
14668,14668,2019-12-05,1841.19,PayPal,refusé
14669,14669,2022-11-15,50.3,PayPal,refusé
14670,14670,2019-05-05,889.76,Carte,accepté
14671,14671,2020-04-10,804.42,Carte,accepté
14672,14672,2024-04-16,456.27,Virement,refusé
14673,14673,2020-01-09,770.85,Carte,refusé
14674,14674,2024-07-30,1754.21,Carte,accepté
14675,14675,2021-12-01,994.82,Carte,refusé
14676,14676,2019-06-25,868.28,Carte,refusé
14677,14677,2020-01-27,462.27,Carte,accepté
14678,14678,2020-01-19,243.49,Virement,refusé
14679,14679,2024-02-14,1660.98,Virement,refusé
14680,14680,2021-12-29,198.15,PayPal,accepté
14681,14681,2023-12-21,1157.0,Virement,refusé
14682,14682,2024-10-21,1603.19,Virement,refusé
14683,14683,2023-10-19,1967.04,Virement,accepté
14684,14684,2021-01-24,1582.28,PayPal,refusé
14685,14685,2024-04-27,74.05,Virement,accepté
14686,14686,2025-04-16,887.05,Carte,refusé
14687,14687,2022-01-12,103.14,PayPal,accepté
14688,14688,2019-12-21,145.89,PayPal,refusé
14689,14689,2025-11-04,1521.46,PayPal,refusé
14690,14690,2023-09-06,1305.63,Carte,refusé
14691,14691,2019-08-24,489.81,PayPal,refusé
14692,14692,2025-02-09,907.12,Virement,accepté
14693,14693,2023-08-22,698.2,Virement,accepté
14694,14694,2025-03-10,933.14,Virement,refusé
14695,14695,2020-06-05,42.37,PayPal,accepté
14696,14696,2021-04-07,536.13,Carte,accepté
14697,14697,2019-12-08,1694.25,Virement,refusé
14698,14698,2025-05-31,286.88,Carte,refusé
14699,14699,2024-04-20,1394.26,Virement,refusé
14700,14700,2020-10-17,1787.92,Virement,accepté
14701,14701,2019-03-13,1877.28,Carte,accepté
14702,14702,2024-01-20,1103.31,Carte,accepté
14703,14703,2025-09-04,419.0,Virement,accepté
14704,14704,2024-11-10,167.26,Virement,refusé
14705,14705,2020-07-08,1246.04,Virement,refusé
14706,14706,2023-05-11,90.07,PayPal,refusé
14707,14707,2019-06-30,513.23,Virement,refusé
14708,14708,2024-03-16,308.56,Carte,accepté
14709,14709,2024-10-19,256.2,Carte,accepté
14710,14710,2022-05-20,1229.3,Virement,refusé
14711,14711,2020-08-27,1467.75,Virement,refusé
14712,14712,2025-09-26,1286.29,Virement,accepté
14713,14713,2019-10-19,535.79,Virement,accepté
14714,14714,2025-02-27,209.48,PayPal,accepté
14715,14715,2019-05-10,82.29,Virement,refusé
14716,14716,2024-03-31,1927.18,Virement,accepté
14717,14717,2020-02-13,209.99,Carte,refusé
14718,14718,2019-04-14,477.26,Carte,refusé
14719,14719,2022-06-03,1606.8,Carte,refusé
14720,14720,2025-02-06,1961.08,Virement,refusé
14721,14721,2021-04-15,885.35,Virement,refusé
14722,14722,2021-05-13,1054.6,Carte,refusé
14723,14723,2019-10-19,1683.35,Virement,accepté
14724,14724,2019-06-14,835.05,Carte,accepté
14725,14725,2025-08-15,1620.82,Carte,refusé
14726,14726,2025-12-19,592.24,Carte,accepté
14727,14727,2020-01-13,1374.9,PayPal,refusé
14728,14728,2023-03-06,94.04,Carte,accepté
14729,14729,2022-12-25,623.7,PayPal,refusé
14730,14730,2023-05-11,444.02,Carte,refusé
14731,14731,2022-04-09,738.84,PayPal,accepté
14732,14732,2022-08-10,1013.39,PayPal,refusé
14733,14733,2021-12-12,1060.31,PayPal,refusé
14734,14734,2025-02-25,1942.79,Virement,refusé
14735,14735,2024-12-29,183.71,Virement,refusé
14736,14736,2022-03-16,1197.5,Virement,accepté
14737,14737,2023-11-18,228.48,PayPal,accepté
14738,14738,2024-02-05,1733.84,Carte,refusé
14739,14739,2021-11-14,1280.23,Virement,accepté
14740,14740,2021-03-14,1132.83,Carte,refusé
14741,14741,2022-04-11,1854.94,Virement,refusé
14742,14742,2021-07-05,905.96,Virement,refusé
14743,14743,2020-07-24,406.11,Virement,accepté
14744,14744,2024-12-17,1067.67,Carte,accepté
14745,14745,2025-06-27,345.56,Carte,refusé
14746,14746,2023-08-23,963.04,Virement,accepté
14747,14747,2020-07-23,1638.81,PayPal,accepté
14748,14748,2022-10-11,702.4,PayPal,accepté
14749,14749,2024-08-25,1639.61,Virement,refusé
14750,14750,2022-04-11,673.23,Virement,refusé
14751,14751,2023-01-13,1073.85,Virement,refusé
14752,14752,2025-02-28,698.26,Virement,accepté
14753,14753,2024-12-02,1047.07,Virement,accepté
14754,14754,2022-05-20,1683.44,Virement,accepté
14755,14755,2025-05-03,1404.72,PayPal,refusé
14756,14756,2020-05-09,1312.07,Virement,refusé
14757,14757,2023-02-08,446.42,Carte,refusé
14758,14758,2022-08-01,1733.95,Virement,refusé
14759,14759,2019-04-21,794.49,PayPal,accepté
14760,14760,2022-11-21,261.03,PayPal,refusé
14761,14761,2020-12-06,426.31,Virement,refusé
14762,14762,2022-10-27,48.99,Virement,refusé
14763,14763,2020-05-03,556.37,Virement,accepté
14764,14764,2023-08-31,1580.76,PayPal,refusé
14765,14765,2025-01-16,193.4,PayPal,accepté
14766,14766,2019-06-28,440.14,Virement,refusé
14767,14767,2024-03-08,1742.54,PayPal,accepté
14768,14768,2025-12-13,1719.11,Carte,accepté
14769,14769,2025-11-02,1233.19,Carte,refusé
14770,14770,2021-11-13,63.68,PayPal,refusé
14771,14771,2019-03-30,219.74,PayPal,refusé
14772,14772,2022-06-23,1626.82,Carte,refusé
14773,14773,2022-08-02,1622.1,Carte,refusé
14774,14774,2020-09-05,404.74,Carte,refusé
14775,14775,2025-12-19,399.47,PayPal,accepté
14776,14776,2023-09-17,78.28,Carte,accepté
14777,14777,2023-06-06,623.07,PayPal,accepté
14778,14778,2023-04-19,1505.53,PayPal,refusé
14779,14779,2020-02-06,809.27,Carte,refusé
14780,14780,2024-10-17,467.17,Virement,accepté
14781,14781,2023-12-29,82.81,Virement,refusé
14782,14782,2021-12-22,818.9,Carte,accepté
14783,14783,2025-05-09,1573.9,PayPal,refusé
14784,14784,2020-11-13,1171.51,Carte,accepté
14785,14785,2025-03-11,218.47,Virement,refusé
14786,14786,2021-12-12,1708.77,PayPal,refusé
14787,14787,2024-09-05,1814.29,PayPal,accepté
14788,14788,2020-11-17,926.44,Carte,refusé
14789,14789,2025-05-03,1100.26,Virement,accepté
14790,14790,2020-06-07,1540.98,Carte,refusé
14791,14791,2024-08-08,1182.97,PayPal,refusé
14792,14792,2022-06-21,1425.05,Carte,refusé
14793,14793,2025-07-03,1649.58,Virement,refusé
14794,14794,2025-03-02,604.11,PayPal,refusé
14795,14795,2019-09-10,1126.18,Virement,accepté
14796,14796,2024-11-18,702.5,Carte,accepté
14797,14797,2022-05-28,122.26,Carte,refusé
14798,14798,2022-06-14,446.08,PayPal,refusé
14799,14799,2023-08-16,1256.18,PayPal,accepté
14800,14800,2022-11-24,812.21,Virement,refusé
14801,14801,2021-04-15,924.41,Carte,refusé
14802,14802,2019-03-10,1906.23,PayPal,refusé
14803,14803,2022-04-06,49.84,Carte,refusé
14804,14804,2025-01-02,1318.93,Carte,accepté
14805,14805,2021-09-09,239.41,Virement,refusé
14806,14806,2022-03-17,1529.9,Virement,refusé
14807,14807,2019-08-15,82.66,Virement,refusé
14808,14808,2022-10-30,1431.14,Carte,refusé
14809,14809,2019-09-11,1298.36,Virement,accepté
14810,14810,2023-06-19,1691.53,PayPal,refusé
14811,14811,2023-12-16,953.57,Carte,refusé
14812,14812,2025-07-26,1781.4,Virement,accepté
14813,14813,2024-01-26,79.96,Carte,refusé
14814,14814,2021-01-18,234.61,Virement,accepté
14815,14815,2022-09-22,1183.19,Virement,refusé
14816,14816,2023-12-23,1468.86,Carte,accepté
14817,14817,2020-09-21,543.68,Carte,refusé
14818,14818,2021-06-21,118.23,Virement,refusé
14819,14819,2020-08-18,829.5,PayPal,accepté
14820,14820,2023-11-22,1996.09,Virement,accepté
14821,14821,2022-10-19,421.14,PayPal,refusé
14822,14822,2025-01-08,1522.33,Virement,accepté
14823,14823,2024-09-27,103.55,PayPal,accepté
14824,14824,2024-10-10,1751.32,Carte,accepté
14825,14825,2021-01-12,90.03,PayPal,refusé
14826,14826,2024-03-14,486.5,Carte,refusé
14827,14827,2024-12-12,1388.81,Carte,refusé
14828,14828,2022-12-10,140.24,PayPal,accepté
14829,14829,2024-05-05,412.32,PayPal,accepté
14830,14830,2022-10-28,522.11,Virement,refusé
14831,14831,2022-12-19,1757.04,PayPal,refusé
14832,14832,2021-12-22,497.73,Virement,accepté
14833,14833,2019-05-18,1400.31,Carte,accepté
14834,14834,2020-02-11,143.12,Carte,accepté
14835,14835,2025-05-09,811.45,PayPal,refusé
14836,14836,2025-05-08,198.43,PayPal,accepté
14837,14837,2020-08-20,1144.04,Virement,accepté
14838,14838,2025-09-26,255.31,Carte,refusé
14839,14839,2020-06-10,735.91,Carte,accepté
14840,14840,2023-09-04,891.37,Carte,accepté
14841,14841,2025-06-03,1174.45,Carte,accepté
14842,14842,2025-05-18,987.22,PayPal,refusé
14843,14843,2024-11-26,138.92,PayPal,accepté
14844,14844,2021-03-18,439.16,PayPal,refusé
14845,14845,2024-05-18,241.14,Carte,refusé
14846,14846,2023-02-12,1787.66,Virement,accepté
14847,14847,2019-11-29,384.9,Carte,refusé
14848,14848,2019-06-06,1749.74,Carte,accepté
14849,14849,2020-11-16,1721.05,PayPal,accepté
14850,14850,2020-09-13,1061.43,Carte,accepté
14851,14851,2022-09-13,600.51,Carte,refusé
14852,14852,2020-05-25,1785.18,Carte,accepté
14853,14853,2025-06-18,1531.03,Virement,accepté
14854,14854,2020-10-23,1885.27,Virement,accepté
14855,14855,2025-07-02,899.6,Carte,accepté
14856,14856,2025-08-13,1966.81,PayPal,accepté
14857,14857,2020-02-06,1072.21,Virement,accepté
14858,14858,2024-01-19,222.72,PayPal,refusé
14859,14859,2021-11-29,1855.85,Virement,refusé
14860,14860,2020-09-17,1165.69,Carte,accepté
14861,14861,2019-07-04,1014.5,Virement,accepté
14862,14862,2020-02-19,427.69,PayPal,refusé
14863,14863,2019-10-05,1625.97,Carte,refusé
14864,14864,2019-08-19,1029.52,Virement,refusé
14865,14865,2021-08-16,1169.53,Virement,accepté
14866,14866,2022-05-30,653.16,Virement,accepté
14867,14867,2025-04-10,1043.21,Virement,refusé
14868,14868,2024-11-05,1619.76,Carte,accepté
14869,14869,2019-12-27,1407.31,Virement,refusé
14870,14870,2021-04-04,1499.07,PayPal,refusé
14871,14871,2024-12-08,981.52,Virement,accepté
14872,14872,2020-12-01,988.42,Virement,refusé
14873,14873,2020-09-10,508.6,PayPal,refusé
14874,14874,2019-10-09,228.66,PayPal,accepté
14875,14875,2024-06-01,1882.52,PayPal,accepté
14876,14876,2021-08-08,1725.16,Carte,accepté
14877,14877,2025-02-27,1943.62,Carte,accepté
14878,14878,2020-05-17,39.23,Carte,accepté
14879,14879,2022-01-09,1411.47,Carte,accepté
14880,14880,2020-06-04,1088.5,Virement,refusé
14881,14881,2019-01-28,1207.61,Carte,accepté
14882,14882,2025-01-16,1821.87,PayPal,refusé
14883,14883,2025-10-04,328.13,Virement,refusé
14884,14884,2024-08-30,136.32,PayPal,refusé
14885,14885,2022-07-30,1438.47,Virement,accepté
14886,14886,2020-01-02,1186.11,PayPal,accepté
14887,14887,2024-10-13,83.63,Carte,accepté
14888,14888,2025-09-07,1113.22,Virement,refusé
14889,14889,2024-06-17,1435.85,Virement,refusé
14890,14890,2024-06-29,452.49,PayPal,refusé
14891,14891,2019-12-28,1829.21,PayPal,accepté
14892,14892,2020-10-06,292.54,Carte,accepté
14893,14893,2021-08-19,758.05,Carte,refusé
14894,14894,2022-12-22,829.11,Carte,accepté
14895,14895,2023-06-09,474.12,Virement,accepté
14896,14896,2023-05-01,1867.57,Virement,refusé
14897,14897,2019-07-19,1136.75,Virement,refusé
14898,14898,2022-11-07,1405.62,Virement,accepté
14899,14899,2020-08-27,214.31,Virement,refusé
14900,14900,2021-04-15,1059.16,Carte,refusé
14901,14901,2023-11-16,728.35,Carte,refusé
14902,14902,2023-03-03,485.92,Virement,refusé
14903,14903,2020-04-17,1643.52,Virement,refusé
14904,14904,2022-01-13,1777.19,Carte,refusé
14905,14905,2021-05-03,1736.58,PayPal,refusé
14906,14906,2024-08-15,1742.89,PayPal,refusé
14907,14907,2019-01-11,1226.34,Carte,refusé
14908,14908,2024-04-12,733.33,PayPal,refusé
14909,14909,2025-11-10,1354.17,Virement,refusé
14910,14910,2021-03-04,1610.4,Virement,refusé
14911,14911,2025-12-10,140.65,PayPal,refusé
14912,14912,2024-12-08,913.42,Carte,refusé
14913,14913,2022-03-29,1031.1,Carte,accepté
14914,14914,2019-01-19,704.87,Virement,accepté
14915,14915,2019-08-05,1598.45,PayPal,accepté
14916,14916,2025-04-09,373.09,PayPal,accepté
14917,14917,2024-10-30,476.85,PayPal,accepté
14918,14918,2021-09-27,748.85,PayPal,accepté
14919,14919,2021-03-04,1131.46,Carte,refusé
14920,14920,2019-11-08,150.03,Virement,refusé
14921,14921,2024-05-28,1251.09,PayPal,accepté
14922,14922,2024-05-25,1844.91,PayPal,accepté
14923,14923,2019-10-10,538.41,Virement,accepté
14924,14924,2020-02-23,332.41,Virement,accepté
14925,14925,2019-03-03,1222.9,Carte,accepté
14926,14926,2019-01-20,706.92,PayPal,accepté
14927,14927,2024-01-08,1874.19,PayPal,accepté
14928,14928,2019-07-21,747.43,Virement,accepté
14929,14929,2025-05-07,1119.64,Carte,accepté
14930,14930,2020-02-02,1363.49,PayPal,refusé
14931,14931,2023-09-14,214.0,Carte,accepté
14932,14932,2021-08-23,1930.33,Virement,accepté
14933,14933,2022-01-15,1485.85,Virement,refusé
14934,14934,2022-04-30,1286.67,Virement,refusé
14935,14935,2022-10-20,464.2,Virement,accepté
14936,14936,2021-02-16,1721.23,Virement,accepté
14937,14937,2022-12-05,809.91,Carte,refusé
14938,14938,2021-12-08,608.06,PayPal,accepté
14939,14939,2022-08-28,524.34,Carte,refusé
14940,14940,2022-12-23,1275.8,PayPal,refusé
14941,14941,2020-10-26,1463.8,Carte,refusé
14942,14942,2022-04-19,637.83,Carte,refusé
14943,14943,2023-04-29,965.06,Carte,accepté
14944,14944,2019-04-03,1086.4,PayPal,accepté
14945,14945,2022-02-21,1245.53,PayPal,refusé
14946,14946,2021-03-12,1915.07,Carte,refusé
14947,14947,2023-07-12,712.74,Carte,accepté
14948,14948,2021-06-07,841.82,Carte,accepté
14949,14949,2021-08-14,150.41,PayPal,accepté
14950,14950,2024-12-16,1343.06,Carte,accepté
14951,14951,2021-05-07,1804.06,Carte,accepté
14952,14952,2019-05-09,999.36,Virement,refusé
14953,14953,2023-12-22,1312.71,Virement,refusé
14954,14954,2020-07-03,1696.6,Carte,accepté
14955,14955,2025-03-23,445.3,PayPal,refusé
14956,14956,2020-02-15,943.65,Virement,accepté
14957,14957,2020-05-27,1658.87,Virement,refusé
14958,14958,2022-01-27,1297.03,Carte,accepté
14959,14959,2023-11-05,486.89,Virement,accepté
14960,14960,2021-03-16,1400.98,Carte,refusé
14961,14961,2025-06-11,140.64,Carte,refusé
14962,14962,2023-05-14,144.53,Carte,refusé
14963,14963,2019-06-15,830.44,PayPal,refusé
14964,14964,2024-07-16,1001.35,Virement,accepté
14965,14965,2020-04-15,1415.19,Carte,refusé
14966,14966,2022-01-11,1816.04,Virement,refusé
14967,14967,2020-09-15,539.67,PayPal,accepté
14968,14968,2019-07-30,456.33,PayPal,accepté
14969,14969,2025-04-04,466.19,PayPal,accepté
14970,14970,2021-05-22,1972.67,Carte,refusé
14971,14971,2024-02-16,280.4,Virement,refusé
14972,14972,2022-11-17,1052.8,Carte,accepté
14973,14973,2023-12-28,1128.7,Virement,refusé
14974,14974,2019-05-29,278.47,PayPal,refusé
14975,14975,2021-08-12,1254.77,PayPal,accepté
14976,14976,2023-12-20,1703.86,Carte,accepté
14977,14977,2020-05-28,1283.23,PayPal,refusé
14978,14978,2025-09-11,1351.24,Virement,refusé
14979,14979,2019-12-21,1886.97,Carte,refusé
14980,14980,2024-10-20,391.99,Carte,accepté
14981,14981,2022-05-10,1558.74,Virement,refusé
14982,14982,2021-03-19,1032.09,PayPal,refusé
14983,14983,2023-05-15,684.01,Virement,refusé
14984,14984,2019-07-03,1088.37,Virement,refusé
14985,14985,2025-04-19,184.68,PayPal,accepté
14986,14986,2023-08-13,1049.16,Carte,accepté
14987,14987,2020-01-28,871.29,PayPal,accepté
14988,14988,2022-02-21,1851.48,Carte,accepté
14989,14989,2019-08-17,304.91,PayPal,accepté
14990,14990,2025-03-22,458.94,Carte,refusé
14991,14991,2022-03-17,181.59,PayPal,accepté
14992,14992,2023-10-12,1179.63,Virement,refusé
14993,14993,2021-01-30,1947.21,Virement,refusé
14994,14994,2023-06-21,258.65,PayPal,refusé
14995,14995,2022-11-03,1251.37,Virement,accepté
14996,14996,2025-12-03,237.47,Carte,accepté
14997,14997,2019-02-06,374.75,Virement,accepté
14998,14998,2019-01-08,1425.23,Carte,accepté
14999,14999,2025-05-13,1938.43,Virement,refusé
15000,15000,2025-11-13,1252.84,PayPal,accepté
