id_produit,nom_produit,description_produit,categorie_produit,prix,stock_disponible,id_fournisseur
1,Smartphone Céder,Déchirer pleurer expérience jeu queue tache vol deux durer aider.,Électronique,1768.25,101,39
2,Smartphone Petit,Page effort peu sur chiffre saison.,Électronique,76.57,155,38
3,Smartphone Froid,Oncle faux cabinet rien dans bas.,Électronique,588.26,24,10
4,Smartphone Défendre,Haut pluie mener autour expression renoncer pierre celui prix prêter.,Électronique,2417.89,116,5
5,Smartphone Taille,Craindre engager étranger juger remercier sorte.,Électronique,2275.78,53,46
6,Smartphone Recherche,Personne mois cause classe désirer réserver soin queue soir distinguer.,Électronique,221.24,42,11
7,Smartphone Nul,Près vivre émotion faute disparaître garder serrer pain.,Électronique,2017.63,31,15
8,Smartphone Ruine,Âme peu d'autres examiner rose passé sauter.,Électronique,1034.15,174,13
9,Smartphone Traverser,Qualité voler remarquer creuser juste instinct politique amuser.,Électronique,1781.81,182,39
10,Smartphone Créer,Marcher volonté complètement écrire beaucoup différent repas déchirer prévenir yeux.,Électronique,166.02,69,41
11,Smartphone Absence,Devant sûr beauté déjà créer souffler cou marché.,Électronique,666.3,108,13
12,Smartphone Curiosité,Forcer rire parole l'une adresser réunir grandir offrir.,Électronique,464.3,166,19
13,Smartphone Là,Décider mieux recueillir souvenir déclarer muet grâce.,Électronique,172.34,152,47
14,Ordinateur portable Surtout,Tuer vingt pauvre genre causer doucement gris.,Électronique,1097.3,193,7
15,Ordinateur portable Arracher,Accuser environ adresser défendre sourire chambre éloigner désert.,Électronique,897.58,9,38
16,Ordinateur portable Paix,Gauche cependant second vérité complet inquiéter lendemain.,Électronique,1283.15,67,39
17,Ordinateur portable Chose,Cheveu autrefois surprendre élever appartenir.,Électronique,512.05,28,43
18,Ordinateur portable Sou,Naturellement nuit supposer éclater verre lier vrai.,Électronique,1302.97,163,47
19,Ordinateur portable Lever,Vingt deviner même nécessaire que d'abord.,Électronique,189.32,148,33
20,Ordinateur portable Delà,À mauvais cercle dominer joue.,Électronique,2398.19,169,9
21,Ordinateur portable Anglais,Reconnaître tandis que conduire désir carte rue pierre visible.,Électronique,1433.43,109,13
22,Ordinateur portable Chance,Queue billet voici chanter souffrir mon désert expliquer soudain.,Électronique,2219.5,99,4
23,Ordinateur portable Témoin,Oeil courage dépasser dès toucher coeur dent.,Électronique,851.65,28,16
24,Ordinateur portable Fier,Nul tranquille escalier bois vieux miser sourire avec assez.,Électronique,1023.38,29,47
25,Ordinateur portable Endormir,Calme avec sourire qualité écarter nombre inspirer rouge.,Électronique,1893.55,65,24
26,Ordinateur portable Blanc,Or avant pierre autrement plonger membre remonter général.,Électronique,320.83,164,42
27,Tablette Banc,Autre vin mine fenêtre père.,Électronique,718.71,124,46
28,Tablette Étaler,Vieux étrange grand risquer vieillard dur place.,Électronique,58.63,41,17
29,Tablette Tout,Accord papa tôt soulever expérience voilà distance au.,Électronique,1738.75,38,44
30,Tablette Servir,Horizon milieu regretter acheter premier animer solitude surveiller.,Électronique,1504.0,156,41
31,Tablette Appartement,Mot remettre roche ailleurs perdre charger pièce blanc.,Électronique,287.04,103,18
32,Tablette Principe,Retomber accrocher doucement mal profond ancien perdre sept disparaître saluer.,Électronique,1534.25,89,26
33,Tablette Deux,Lit événement personne fatiguer gris.,Électronique,1939.47,30,9
34,Tablette Politique,Esprit minute vieux dehors flot fuir.,Électronique,1960.5,89,10
35,Tablette Preuve,Professeur effacer souvent trois devant gros jambe.,Électronique,120.65,186,32
36,Tablette Espoir,Ruine maladie dieu arrêter haute afin de pauvre bruit.,Électronique,307.92,102,28
37,Tablette Corde,François triste joindre croiser dès colline maison obliger roman repousser disposer.,Électronique,1147.59,48,21
38,Tablette Premier,Enfoncer heure second croire attendre.,Électronique,721.87,48,15
39,Tablette Bureau,Et rapporter rappeler haine fruit.,Électronique,1203.73,72,49
40,Écran PC Saluer,Lever venir haute puisque pauvre repousser pourquoi fils couler.,Électronique,2412.04,116,22
41,Écran PC Barbe,Moi mémoire emporter été votre maison comment esprit qualité rapport.,Électronique,1377.23,197,14
42,Écran PC Désert,Impression agir remonter personne difficile début.,Électronique,1589.25,70,6
43,Écran PC Prière,Lier malheur tromper vent sentir malheur.,Électronique,236.4,83,45
44,Écran PC Delà,Exemple rassurer goutte moindre marche endroit expérience doute.,Électronique,1247.78,171,26
45,Écran PC Rassurer,Point contre entrée table figurer devoir précis rencontre ferme.,Électronique,1054.94,142,47
46,Écran PC Ton,Bon ensemble apprendre veiller vert grave lune.,Électronique,1982.33,190,42
47,Écran PC Revenir,Jaune naître commander attention moyen ancien séparer.,Électronique,2089.53,13,16
48,Écran PC Public,Saison paysan vide créer parce que paraître appartenir entier île désert.,Électronique,519.42,154,4
49,Écran PC Solitude,Tuer règle trait étranger société gauche nu.,Électronique,1123.47,187,27
50,Écran PC Valeur,Durant cause précipiter cou rien retourner.,Électronique,135.65,36,48
51,Écran PC Fois,Chat compagnon pendre mille regretter.,Électronique,2038.65,55,34
52,Écran PC Comment,Casser cela autorité baisser alors rocher.,Électronique,1639.58,179,31
53,Clavier Accent,Intérieur secret contenter parler envie relever paraître place.,Électronique,1474.44,56,6
54,Clavier Envoyer,Remercier verre observer tellement remonter asseoir chemise être là pour.,Électronique,1482.75,189,10
55,Clavier Entraîner,Espoir voyager occasion naturellement français souffler accepter signer gris tranquille.,Électronique,1251.5,45,43
56,Clavier Mesure,Crainte moyen arme consulter salle trouver briller.,Électronique,2234.31,151,15
57,Clavier Ni,Place argent vide apercevoir naissance prier fermer.,Électronique,1911.48,71,26
58,Clavier Grâce,Cerveau clef vieux regretter courage roi davantage.,Électronique,2085.77,29,29
59,Clavier Espoir,Père remettre soin courir hauteur courage calmer prier juste.,Électronique,457.66,167,36
60,Clavier Compagnie,Penser étrange crier cela.,Électronique,1965.07,48,39
61,Clavier Tôt,Glisser éclairer charger souvent volonté embrasser palais.,Électronique,1891.12,117,46
62,Clavier Nuit,Rappeler selon compagnie oser savoir pénétrer enfoncer ah.,Électronique,64.88,38,3
63,Clavier Bleu,Assurer présenter second aventure état.,Électronique,1520.64,142,8
64,Clavier Certain,Entre pourtant ville tel.,Électronique,205.44,146,42
65,Clavier Élément,Front fruit contre intérieur avouer haïr réel.,Électronique,893.08,55,49
66,Souris Seigneur,Inquiétude cruel pierre boire donner soirée.,Électronique,623.93,57,39
67,Souris Seulement,Île journée tour demeurer pièce moitié.,Électronique,559.25,117,23
68,Souris As,Fruit déchirer convenir dessiner roche apparence jardin tantôt.,Électronique,2039.34,181,22
69,Souris User,Confiance recevoir intérieur coeur cas de année certes paraître mot.,Électronique,2074.42,5,10
70,Souris Terrible,Élever si chemise content reprendre devoir court.,Électronique,1548.06,126,42
71,Souris Sang,Dormir derrière puissance sentiment présent hiver construire maître corde soleil.,Électronique,540.32,53,12
72,Souris Quoi,Problème précis patron apprendre père scène.,Électronique,691.28,118,21
73,Souris Froid,Répéter nom plus puissance précieux passé dos.,Électronique,2065.31,122,26
74,Souris Donc,Neuf dehors lire est puisque tout souffrir foi.,Électronique,1321.6,100,33
75,Souris Centre,Accorder cas protéger réfléchir cela cependant selon personne public fin.,Électronique,1430.18,143,50
76,Souris Route,Rouler fois sein mais ton pas grain jour reconnaître conversation aussi.,Électronique,1818.58,10,8
77,Souris Tranquille,Musique battre pointe faim monde cela pendant tête porter classe.,Électronique,934.22,155,46
78,Souris Beau,Remarquer admettre enfin vent bête nerveux nombreux heureux violence.,Électronique,2313.36,43,15
79,Casque audio Maître,Ah ramasser partie condition tout allumer mouvement que fin ce.,Électronique,1572.63,23,15
80,Casque audio Garder,Droite donner reposer commencer souffler jaune emmener acheter précieux avec.,Électronique,1549.34,159,20
81,Casque audio Proposer,Engager frais protéger étranger décider fille chaleur lever jardin manger bête.,Électronique,224.61,119,13
82,Casque audio Terre,Souvent jeune intéresser escalier savoir raconter.,Électronique,2343.63,157,2
83,Casque audio Lourd,Discussion qui recommencer brusquement porter envelopper soumettre fatiguer.,Électronique,1270.83,9,39
84,Casque audio Céder,Par pencher jambe remonter deviner bonheur sortir goutte lui eau.,Électronique,97.79,18,48
85,Casque audio Plante,Papa besoin chasse dehors instant lumière paupière du sombre naissance phrase.,Électronique,2078.21,83,50
86,Casque audio Bon,Employer ressembler source écarter briser promettre.,Électronique,1213.16,98,20
87,Casque audio Reconnaître,Pont nul ah montagne hiver.,Électronique,2271.65,162,18
88,Casque audio Brusquement,Déjà table sang joie horizon papa souffler.,Électronique,2417.06,169,30
89,Casque audio À,Mourir désirer changer salle vivre lèvre énergie trouver troisième réflexion.,Électronique,545.7,149,42
90,Casque audio Dix,Rappeler hiver dimanche bois troubler avancer commencement soi découvrir manier.,Électronique,1191.09,180,20
91,Casque audio Long,Lequel bord chemise aujourd'hui idée obtenir transformer découvrir.,Électronique,89.21,177,35
92,Écouteurs Bluetooth Bas,Fin fonction saluer abandonner prévoir consulter vieillard eau entre.,Électronique,335.6,53,35
93,Écouteurs Bluetooth Libre,An escalier mot servir intéresser.,Électronique,2018.33,17,13
94,Écouteurs Bluetooth Quatre,Terre éclater annoncer étaler unique tromper jamais grand crainte bête.,Électronique,1586.64,192,10
95,Écouteurs Bluetooth Fixe,Reposer nation maintenant tendre arriver chance silence chance.,Électronique,2111.65,167,46
96,Écouteurs Bluetooth Forcer,Vieux signer poursuivre sentier voie seigneur rassurer de puis nombre.,Électronique,2347.39,39,12
97,Écouteurs Bluetooth Tourner,Curiosité observer encore étendre être.,Électronique,1431.14,148,15
98,Écouteurs Bluetooth Vague,Rose disposer certainement âgé impression apprendre.,Électronique,1022.36,134,26
99,Écouteurs Bluetooth Cesse,Militaire heure couvrir poids reprendre commencement auteur quoi aussitôt.,Électronique,627.42,29,47
100,Écouteurs Bluetooth Avoir,Français science soi mourir inviter naissance.,Électronique,629.75,154,6
101,Écouteurs Bluetooth François,Épaule service souvenir vendre moi.,Électronique,2426.08,95,12
102,Écouteurs Bluetooth Forme,Nourrir blanc réalité ajouter or contraire cour.,Électronique,2386.02,65,39
103,Écouteurs Bluetooth Sortir,Attendre tranquille second revenir froid bureau doigt.,Électronique,1946.84,118,11
104,Écouteurs Bluetooth Menacer,Cercle musique dur capable parfaitement intention sac pluie.,Électronique,58.55,38,42
105,Montre connectée Après,Forcer révéler éprouver plaire contraire corps.,Électronique,1750.16,24,4
106,Montre connectée Nom,Souvenir phrase charge société meilleur malheur.,Électronique,1793.53,193,2
107,Montre connectée Revoir,Étude obliger pointe penser tranquille hors amour.,Électronique,954.02,152,32
108,Montre connectée Sommeil,Pourtant capable goutte ah tenir nuage.,Électronique,406.97,64,47
109,Montre connectée Flot,Hauteur jour jusque drôle souffrir.,Électronique,1727.61,30,34
110,Montre connectée Entrée,Effet poursuivre réclamer fer ceci entrée famille troubler certainement.,Électronique,1307.21,65,2
111,Montre connectée Désespoir,Pluie demain te si.,Électronique,2147.07,145,30
112,Montre connectée Intérêt,Direction terrible bête midi vif sang.,Électronique,1902.93,82,23
113,Montre connectée Mieux,Asseoir beaucoup respect loup marchand toujours cas long.,Électronique,665.62,125,15
114,Montre connectée Ça,Non garde cri victime lui secours humide partie.,Électronique,961.05,45,36
115,Montre connectée Enfance,Accorder abattre sous camarade prévoir idée rassurer.,Électronique,1382.35,95,15
116,Montre connectée Spectacle,Réel travers jambe frère beau mille soumettre.,Électronique,1877.86,101,28
117,Montre connectée Clef,Éternel retirer route recevoir temps tempête mauvais revenir courage différent.,Électronique,1061.43,21,23
118,Appareil photo numérique Observer,Toucher autrement saison espace course travers.,Électronique,930.87,70,22
119,Appareil photo numérique Vrai,Obliger celui bout drame vraiment tomber tour.,Électronique,1149.87,24,22
120,Appareil photo numérique Fait,Indiquer maladie enfance recherche agent adresser mener distinguer bleu.,Électronique,300.7,51,30
121,Appareil photo numérique Perte,Refuser engager devoir naissance pas malheur.,Électronique,1941.51,197,31
122,Appareil photo numérique Jardin,Goût parmi moi imaginer davantage.,Électronique,434.9,127,23
123,Appareil photo numérique Cruel,Toute vrai passé escalier enfant répandre autre haïr cuisine milieu.,Électronique,2048.91,148,26
124,Appareil photo numérique Souffrir,Lieu agir huit commun départ.,Électronique,1537.23,145,44
125,Appareil photo numérique Feu,Réel loup dix feu sang.,Électronique,2353.45,154,17
126,Appareil photo numérique Signer,Hésiter aspect crainte prince époque humide.,Électronique,538.84,148,14
127,Appareil photo numérique Delà,Juger nu tuer perdu promettre anglais haut sept rentrer occuper d'autres.,Électronique,670.91,148,3
128,Appareil photo numérique Complètement,Aujourd'Hui plein parler calmer rassurer cependant nommer.,Électronique,1894.78,126,43
129,Appareil photo numérique Matin,Histoire entrée espèce gloire presser presser oiseau fleur madame doigt.,Électronique,1170.08,101,26
130,Appareil photo numérique Long,Ouvert entendre ordre rideau payer fatiguer sueur amuser rang expliquer.,Électronique,2244.63,20,5
131,Disque dur externe Habitant,Rayon travers libre honte grave douter revenir vendre.,Électronique,1387.48,127,18
132,Disque dur externe Heureux,Douceur ouvrage mentir tranquille vide membre gouvernement préférer bleu.,Électronique,1466.52,169,5
133,Disque dur externe Finir,Maison lune banc horizon roman revenir.,Électronique,2295.37,145,37
134,Disque dur externe Fumée,Au avant parti loup tenter figurer éternel.,Électronique,1172.61,104,38
135,Disque dur externe Endormir,Appartenir cher secret examiner croix mieux forêt recommencer victime risquer.,Électronique,60.74,89,12
136,Disque dur externe En,Route libre agir soudain cerveau.,Électronique,209.66,156,19
137,Disque dur externe Qualité,Bas bien maintenir habitant profiter souvenir tout reprendre soldat vif.,Électronique,1116.47,196,35
138,Disque dur externe Livrer,Bon comment obéir divers tant vague ailleurs protéger.,Électronique,1707.81,44,14
139,Disque dur externe Terminer,Musique jambe gris plante meilleur bête.,Électronique,1077.97,146,13
140,Disque dur externe Odeur,Lettre autour quant à respecter étrange étranger victime écrire angoisse vert.,Électronique,209.67,90,12
141,Disque dur externe Émotion,Odeur finir vif mode montrer glace étonner remonter direction.,Électronique,802.34,98,7
142,Disque dur externe Témoin,Prêter marier seuil esprit offrir.,Électronique,332.02,172,42
143,Disque dur externe Absence,Vague mettre plante triste unique.,Électronique,1559.65,109,32
144,Clé USB Assurer,Aimer vingt contre inspirer travailler complet demander.,Électronique,346.64,16,8
145,Clé USB Disposer,Distinguer briser quitter caractère fille ceci lisser curieux nom.,Électronique,549.23,43,12
146,Clé USB Autrement,Haut sec fauteuil bruit alors courir oeuvre.,Électronique,1382.1,85,39
147,Clé USB Dans,Mari convenir entrée rêve descendre diriger propos clair oublier.,Électronique,1504.41,6,6
148,Clé USB Plaindre,Tourner attendre détruire creuser nation garçon cour apparence garçon hiver.,Électronique,1368.14,65,27
149,Clé USB Trésor,Ressembler pierre durant calme entre mêler papa fusil annoncer.,Électronique,1024.1,74,26
150,Clé USB Rose,Petit leur interrompre chaleur propos corps abandonner écraser durant idée.,Électronique,1421.08,44,21
151,Clé USB Attitude,Que camarade monter sentir visite mensonge rêve branche cercle.,Électronique,249.12,169,8
152,Clé USB Oublier,Prince justice lier votre penser.,Électronique,2488.63,123,44
153,Clé USB Partout,Auprès éternel soutenir aimer conclure.,Électronique,1733.53,44,19
154,Clé USB Digne,Article perdu ministre hésiter tellement réalité pencher décider fumée sourire.,Électronique,1926.78,108,16
155,Clé USB Ajouter,Goût dimanche détruire habiller dessus paupière digne mener cours.,Électronique,463.88,169,12
156,Clé USB Bataille,Livrer genre jouer déjà combat folie prier fusil compte terreur.,Électronique,2224.85,147,22
157,Imprimante Fumée,Chair suffire vie intelligence cinq.,Électronique,2210.95,168,31
158,Imprimante Salle,Comme rompre soirée recherche moyen enfant bon rencontre.,Électronique,1396.18,78,27
159,Imprimante Violence,Vouloir soutenir souhaiter respirer représenter.,Électronique,1093.4,140,10
160,Imprimante Président,Promener peine respecter rapidement ici soi calme papa juge.,Électronique,1806.76,110,50
161,Imprimante Course,Action vol présence champ doux accent gagner engager.,Électronique,1750.03,49,6
162,Imprimante Goût,Pendre quand derrière quelque arrêter âme beauté.,Électronique,1053.09,57,28
163,Imprimante Trace,Magnifique officier chanter clair tant plusieurs police jaune manier dans hiver.,Électronique,2374.36,19,6
164,Imprimante Action,Bas haut pauvre monter position classe plutôt obtenir hors rose.,Électronique,509.4,51,49
165,Imprimante Lourd,Sans impossible mourir yeux entier condamner pauvre.,Électronique,1176.7,140,19
166,Imprimante Suivant,Préférer seuil circonstance salle exiger absolu puissance auprès capable.,Électronique,1095.98,40,47
167,Imprimante Vieillard,Mari habitude souffrir permettre nation selon.,Électronique,1262.66,194,39
168,Imprimante Commencer,Porter façon hasard cela contenter léger exemple terminer.,Électronique,2448.48,177,23
169,Imprimante Maintenir,Désespoir unique battre fils bon éteindre.,Électronique,1268.92,51,21
170,Routeur Wi-Fi Source,Avance promener dès général parler.,Électronique,1126.0,191,28
171,Routeur Wi-Fi Cuisine,Mentir jeune rouge souffrir étouffer valeur.,Électronique,433.59,187,24
172,Routeur Wi-Fi Suivant,Réclamer époque calme fond montagne violent sujet noir.,Électronique,2367.07,29,7
173,Routeur Wi-Fi Amuser,Attention comme sourd lourd baisser.,Électronique,744.19,86,25
174,Routeur Wi-Fi Haine,Répandre notre espérer oreille mourir entier genou terre prêt envelopper.,Électronique,2156.36,5,33
175,Routeur Wi-Fi Vision,Entrer chercher subir naturel aujourd'hui théâtre.,Électronique,867.43,101,47
176,Routeur Wi-Fi Lui,Décrire robe toit entraîner vague billet jambe cesse vaincre partout.,Électronique,1244.69,169,38
177,Routeur Wi-Fi Amener,Âge joue vêtement frais ajouter souvent satisfaire vide jardin malheur.,Électronique,2128.22,169,49
178,Routeur Wi-Fi Contenir,Principe prévoir réel plaine ventre son révolution.,Électronique,1533.74,72,41
179,Routeur Wi-Fi Acheter,Environ accrocher vite imaginer briller plante arracher selon enfant vague.,Électronique,1332.58,15,37
180,Routeur Wi-Fi Saisir,Lutte chasse ci profond enfant désormais y rôle plaire agent.,Électronique,2383.07,169,21
181,Routeur Wi-Fi Calme,Colon chacun quart nous usage mur race construire craindre.,Électronique,606.82,199,47
182,Routeur Wi-Fi Paupière,Ci particulier rencontre toujours d'abord lisser dès jouer sein.,Électronique,1743.42,199,36
183,Console de jeux Prononcer,Secours saisir tard content portier marché réel société honneur direction.,Électronique,909.72,160,23
184,Console de jeux Fil,Sourire naître trois depuis avant défaut ami adresser cri.,Électronique,1297.66,115,5
185,Console de jeux Confier,Mettre marier paupière beau colline.,Électronique,1713.05,12,11
186,Console de jeux Nécessaire,Hiver simplement complètement objet page.,Électronique,2313.53,153,29
187,Console de jeux Rare,Ceci demande eh agir toi.,Électronique,2432.49,22,13
188,Console de jeux Ruine,Pierre port fier mariage passion paquet.,Électronique,1866.74,140,4
189,Console de jeux Assister,Palais non toujours remarquer place être.,Électronique,2370.69,5,45
190,Console de jeux Accrocher,Souvenir matin songer animer extraordinaire genou.,Électronique,2331.18,108,4
191,Console de jeux Promettre,Capable résoudre geste douleur nous moment jeter.,Électronique,1482.04,38,16
192,Console de jeux Système,Malgré enfin place imaginer chair.,Électronique,939.03,128,46
193,Console de jeux Mesure,Monter scène construire froid droite éviter coeur naissance.,Électronique,2412.19,59,27
194,Console de jeux Pas,Parti foule remonter pencher loup intéresser.,Électronique,1779.96,126,27
195,Console de jeux Rappeler,Demeurer montagne masse ça bande l'un.,Électronique,2445.4,176,35
196,Aspirateur Tout,Oiseau tuer as sommet commencer.,Maison & Électroménager,2927.35,90,19
197,Aspirateur Pluie,Genou commun agent parce que sentiment lourd ah descendre.,Maison & Électroménager,1512.18,37,45
198,Aspirateur Manquer,Soirée servir sang nez.,Maison & Électroménager,714.78,199,49
199,Aspirateur Dominer,Roi drame semblable je dangereux.,Maison & Électroménager,267.33,123,13
200,Aspirateur Fumée,Importer chair couleur crainte pluie bleu art moyen quarante.,Maison & Électroménager,2212.27,13,36
201,Aspirateur Franchir,Apercevoir certes vieux aussi rencontre.,Maison & Électroménager,2189.38,56,11
202,Aspirateur Ventre,Reste bout parvenir étroit espace abandonner reposer.,Maison & Électroménager,1991.17,111,25
203,Aspirateur Réunir,Erreur sourire joue service là ruine.,Maison & Électroménager,2959.31,58,36
204,Aspirateur Muet,D'Autres pur terre bataille aventure tellement fond.,Maison & Électroménager,1286.43,34,1
205,Aspirateur Croix,Lequel différent tel là ouvrage écrire officier découvrir.,Maison & Électroménager,294.62,89,38
206,Aspirateur Chaîne,Gens bientôt répondre scène nourrir sens membre découvrir aider.,Maison & Électroménager,1898.64,128,18
207,Aspirateur Voix,Pouvoir vraiment malade préparer dernier.,Maison & Électroménager,1935.97,199,4
208,Aspirateur Mensonge,Victime riche etc humain ramasser autorité hésiter société sien sol.,Maison & Électroménager,923.46,39,22
209,Machine à laver Revenir,Inquiéter forcer tard oreille difficile possible derrière établir art article.,Maison & Électroménager,2293.31,159,21
210,Machine à laver Étranger,Mer grâce jardin ensemble contraire vin commun poids.,Maison & Électroménager,1176.46,105,8
211,Machine à laver Rose,Simple importer vêtement cabinet.,Maison & Électroménager,1420.31,68,46
212,Machine à laver Joli,Quelque abri lorsque inquiéter oncle.,Maison & Électroménager,1601.5,31,12
213,Machine à laver Autour,Bien un feu eh général lequel hiver ailleurs.,Maison & Électroménager,2967.02,66,25
214,Machine à laver Perte,Satisfaire tâche être sonner tant avis si escalier sujet forme.,Maison & Électroménager,1200.86,85,6
215,Machine à laver Bureau,Repousser lui nation hiver emmener plaine briser étendue extraordinaire rang doucement.,Maison & Électroménager,2526.99,36,42
216,Machine à laver Spectacle,Or terminer témoin cesse marquer.,Maison & Électroménager,1291.32,145,27
217,Machine à laver Sorte,Confondre long retourner ne oui.,Maison & Électroménager,638.39,40,16
218,Machine à laver Puis,Lien noire riche perte billet malheur fatiguer prétendre capable.,Maison & Électroménager,695.65,173,6
219,Machine à laver Souvenir,Cesser instant traiter droite confondre queue pendant.,Maison & Électroménager,2132.3,85,50
220,Machine à laver Prêter,Essuyer enfant élément achever sentir étage écarter réunir vent argent musique.,Maison & Électroménager,52.72,12,18
221,Machine à laver Côté,Rester couler certainement écrire veille attitude signe dire vendre françois.,Maison & Électroménager,1473.23,36,32
222,Réfrigérateur Étonner,Souffrance mince avis fatiguer liberté lier haine centre offrir.,Maison & Électroménager,1614.64,200,42
223,Réfrigérateur D'abord,Mot entre voisin vague dur sein bruit contenir.,Maison & Électroménager,816.93,5,26
224,Réfrigérateur Battre,Abandonner commander effort prince recevoir siège gloire cabinet.,Maison & Électroménager,761.45,6,5
225,Réfrigérateur Sorte,Cher avec inquiéter vite sous petit entrée aussitôt personnage porter dans.,Maison & Électroménager,2956.53,198,7
226,Réfrigérateur Importance,Drôle naturel aide double précieux.,Maison & Électroménager,31.4,25,23
227,Réfrigérateur Sec,Public histoire déclarer seulement ancien est as gris entrée aide assister.,Maison & Électroménager,555.68,168,40
228,Réfrigérateur Siège,Douleur trait trois humide coin.,Maison & Électroménager,477.23,138,28
229,Réfrigérateur D'autres,Énorme signer cerveau déjà vie un un trop roche événement.,Maison & Électroménager,112.38,131,22
230,Réfrigérateur Plusieurs,Retirer bien poésie moindre nourrir complètement.,Maison & Électroménager,72.3,46,25
231,Réfrigérateur Vieillard,Prévoir debout très erreur.,Maison & Électroménager,1015.36,149,44
232,Réfrigérateur Froid,Fixe venir déjà monsieur.,Maison & Électroménager,1322.95,84,46
233,Réfrigérateur Fin,Voisin mur croiser dire moi.,Maison & Électroménager,1873.81,149,49
234,Réfrigérateur Grâce,Ventre bureau permettre foule accompagner élément.,Maison & Électroménager,72.93,172,50
235,Micro-ondes Violent,Agent ministre santé avenir décrire.,Maison & Électroménager,1800.61,179,37
236,Micro-ondes Tranquille,Magnifique terrain faveur plante médecin spectacle commander froid.,Maison & Électroménager,1583.03,105,33
237,Micro-ondes Passé,Titre dire mouvement couler sol inviter interroger sein avant.,Maison & Électroménager,2398.98,176,21
238,Micro-ondes Goût,Engager prix entier maintenant lueur.,Maison & Électroménager,2500.42,16,30
239,Micro-ondes Pitié,Souffler cercle voiture politique rang monsieur disposer plonger or.,Maison & Électroménager,1546.02,123,12
240,Micro-ondes Grand,Rappeler prier pas complètement dernier charge mentir voix mille pendant.,Maison & Électroménager,515.92,110,13
241,Micro-ondes Religion,Juge sable parti tenir aucun éloigner mesure réponse.,Maison & Électroménager,2970.76,41,49
242,Micro-ondes Départ,Côte mesure pauvre quel oh bras chant hors un.,Maison & Électroménager,2406.84,130,5
243,Micro-ondes Etc,Examiner début retenir soleil aujourd'hui fruit lentement.,Maison & Électroménager,2824.59,16,3
244,Micro-ondes Précéder,Chaise miser caresser accuser puissant doux lentement oreille.,Maison & Électroménager,1619.13,93,44
245,Micro-ondes Jeu,Mêler fier hasard vide acte nouveau cinquante.,Maison & Électroménager,702.53,88,35
246,Micro-ondes Six,Fil âme endroit fidèle mouvement bande.,Maison & Électroménager,1928.3,135,5
247,Micro-ondes Route,Bureau noire déclarer avouer quant à foi même veille vague divers.,Maison & Électroménager,692.45,89,50
248,Cafetière Ceci,Rejeter blanc oeil rencontre quinze demi branche somme beaux jeter.,Maison & Électroménager,2600.7,167,34
249,Cafetière Apparence,Minute causer sortir dehors installer curieux.,Maison & Électroménager,1503.59,28,14
250,Cafetière Jambe,Hésiter accrocher durer île court livre tendre construire pied.,Maison & Électroménager,821.43,34,28
251,Cafetière Instant,Attacher miser veille fils vérité avoir durer pourquoi long calme.,Maison & Électroménager,2507.61,141,29
252,Cafetière Attitude,Pays entre exiger connaître silence politique horizon extraordinaire autre.,Maison & Électroménager,161.08,137,5
253,Cafetière Jouer,Fois frais intérieur parfois charge fauteuil secrétaire.,Maison & Électroménager,1287.84,164,20
254,Cafetière Tel,Aventure caractère plein double écraser approcher officier comment précis.,Maison & Électroménager,1409.84,51,30
255,Cafetière Il,Encore paysan mauvais vieil rapporter.,Maison & Électroménager,554.81,45,28
256,Cafetière Gauche,Certainement relation emmener reposer bureau hier froid.,Maison & Électroménager,1952.51,38,42
257,Cafetière Aucun,Naturellement exiger saint autant libre pénétrer bureau désirer travers placer.,Maison & Électroménager,1132.54,27,5
258,Cafetière Dangereux,Hauteur distance route passé travail.,Maison & Électroménager,881.45,132,34
259,Cafetière Camarade,Propre au oublier attendre l'un se terme marchand expérience.,Maison & Électroménager,1903.29,109,48
260,Cafetière Quart,Direction angoisse danger projet côte vivant vision réserver mais papa.,Maison & Électroménager,1004.52,28,18
261,Bouilloire électrique Donc,Le durer hauteur long trouver promettre principe réveiller.,Maison & Électroménager,1056.32,69,22
262,Bouilloire électrique Changer,Mettre arracher curieux tombe cerveau.,Maison & Électroménager,950.04,47,23
263,Bouilloire électrique Confiance,Parler aller gagner angoisse preuve approcher depuis chasse haïr sourire.,Maison & Électroménager,231.6,116,27
264,Bouilloire électrique Grand,Presque près donner poussière calme.,Maison & Électroménager,273.6,52,28
265,Bouilloire électrique Mon,Garde curiosité saison pauvre couper promettre cher autrement.,Maison & Électroménager,2135.1,85,11
266,Bouilloire électrique Joindre,Bien pourquoi continuer mais oh il déclarer désespoir suffire moyen.,Maison & Électroménager,862.59,172,46
267,Bouilloire électrique Maintenant,Troisième que événement frère calme appel.,Maison & Électroménager,1165.7,115,14
268,Bouilloire électrique Relever,Rose marchand examiner pur absolument île prononcer vouloir lutte centre.,Maison & Électroménager,2729.57,69,5
269,Bouilloire électrique Côte,Compagnie brusquement volonté son ce grand prêter observer point sorte.,Maison & Électroménager,2191.05,108,46
270,Bouilloire électrique Obtenir,Résistance goutte renverser moi pointe enfance propre.,Maison & Électroménager,2521.05,75,43
271,Bouilloire électrique Détail,Souvenir soir construire coucher chef rang cour pièce.,Maison & Électroménager,1279.35,39,34
272,Bouilloire électrique Durer,Vague groupe suivre chercher discussion reculer un or.,Maison & Électroménager,363.03,197,4
273,Bouilloire électrique Précipiter,Interrompre aller tel roman immense.,Maison & Électroménager,2296.05,79,46
274,Fer à repasser Drôle,Rompre représenter clef françois dangereux siècle manier ceci droite arrêter exprimer.,Maison & Électroménager,282.6,196,24
275,Fer à repasser Souhaiter,Tomber réunir effort hier voler.,Maison & Électroménager,1213.88,21,42
276,Fer à repasser Empire,Principe étrange de respecter changement empire cent certainement cri.,Maison & Électroménager,1797.01,72,48
277,Fer à repasser Garçon,Droite réel promener pourtant calme passer écraser là tout troubler verser.,Maison & Électroménager,1079.72,115,35
278,Fer à repasser Situation,Extraordinaire environ noire tombe seul garçon fin.,Maison & Électroménager,1330.1,196,9
279,Fer à repasser Sommeil,Étendre demain or école exécuter puissant poitrine venir.,Maison & Électroménager,2991.69,44,49
280,Fer à repasser Si,Cuisine mariage prononcer retomber prochain consentir.,Maison & Électroménager,2063.54,180,34
281,Fer à repasser Donner,Objet changement colon respecter rêve siège.,Maison & Électroménager,1536.34,103,42
282,Fer à repasser Secret,Vendre blond fonder face lisser.,Maison & Électroménager,2630.55,151,21
283,Fer à repasser Pauvre,Rouler gagner veiller demi engager genre fusil vague.,Maison & Électroménager,309.77,13,34
284,Fer à repasser Machine,Camarade eau auteur le valoir arracher souffrance pleurer entraîner transformer.,Maison & Électroménager,2235.47,176,1
285,Fer à repasser Mouvement,Milieu léger en installer militaire lueur selon fidèle rouge nord.,Maison & Électroménager,1957.91,36,14
286,Fer à repasser Savoir,Tout remonter lourd hasard simplement sec dix.,Maison & Électroménager,2186.47,142,22
287,Ventilateur Blanc,Importer déchirer vite paysage.,Maison & Électroménager,1944.71,99,25
288,Ventilateur Quart,Suffire rouge soudain visage prendre désirer anglais.,Maison & Électroménager,2951.26,140,15
289,Ventilateur Finir,Compagnie plutôt sourd million servir.,Maison & Électroménager,2289.57,134,43
290,Ventilateur Retenir,Devant demande tandis que plusieurs terminer loup avouer palais grâce.,Maison & Électroménager,268.58,56,30
291,Ventilateur Tantôt,Meilleur maître cinq salut ramener.,Maison & Électroménager,53.6,78,1
292,Ventilateur Gens,Il retrouver imposer veille prière essayer premier déclarer enfermer indiquer.,Maison & Électroménager,1402.91,26,26
293,Ventilateur Possible,Contraire prouver plein prêt train creuser deux.,Maison & Électroménager,1758.38,162,40
294,Ventilateur Tandis que,Étrange herbe matière vêtement chat odeur par devenir mieux ferme.,Maison & Électroménager,821.12,61,14
295,Ventilateur Cou,Rapporter homme verser cour oh plutôt.,Maison & Électroménager,509.08,172,22
296,Ventilateur Valoir,Meilleur plaindre grand honneur aimer.,Maison & Électroménager,1879.89,105,22
297,Ventilateur Bois,Aider étude fortune chien français choisir secret président rencontre fleur.,Maison & Électroménager,951.81,125,24
298,Ventilateur Derrière,Cri préférer poche bras soit prière dix toute amener.,Maison & Électroménager,934.47,156,2
299,Ventilateur Savoir,Après école colère court doucement premier oiseau phrase solitude.,Maison & Électroménager,1447.54,37,37
300,Lampe Planche,Carte eaux continuer dépasser inutile sol étranger.,Maison & Électroménager,624.16,185,19
301,Lampe Silence,Proposer sauver déjà voie te aventure machine.,Maison & Électroménager,75.88,134,31
302,Lampe Rideau,Sans un contre compagnon vague plaine président secrétaire.,Maison & Électroménager,2682.87,164,48
303,Lampe Menacer,Réel observer distance prévenir sembler nécessaire nerveux payer.,Maison & Électroménager,2595.28,154,50
304,Lampe Ignorer,Le paraître deviner cabinet hiver chute souvenir.,Maison & Électroménager,178.05,171,32
305,Lampe Pousser,Suivant plus subir tendre cinq.,Maison & Électroménager,2471.16,167,35
306,Lampe Le,Engager beaux erreur renverser lentement.,Maison & Électroménager,2120.3,109,49
307,Lampe Notre,Pont attirer après ferme sourire difficile madame service surprendre trou.,Maison & Électroménager,2200.99,122,10
308,Lampe As,Inquiétude épaule revoir devant intérieur nombre déclarer très compter haut tellement.,Maison & Électroménager,2164.22,177,45
309,Lampe Aujourd'hui,Fait vin toi passion réussir.,Maison & Électroménager,516.92,188,27
310,Lampe Politique,Contenter digne crier le mari.,Maison & Électroménager,665.37,185,17
311,Lampe Premier,Femme calmer cruel armée un vin couvrir.,Maison & Électroménager,2572.28,118,5
312,Lampe Beau,Lire sauver goût couvrir votre leur puisque personnage.,Maison & Électroménager,2733.35,30,1
313,Table Recevoir,Personnage rose attitude dans rapporter forcer.,Maison & Électroménager,2061.08,47,29
314,Table Très,Machine certes pièce été prière comment bord reprendre minute.,Maison & Électroménager,2652.11,41,45
315,Table Page,Doute plusieurs profiter vieux.,Maison & Électroménager,2247.22,80,5
316,Table Sérieux,Entendre vieux léger autant groupe plus.,Maison & Électroménager,1403.29,96,46
317,Table Animal,Rire pousser pointe réduire silencieux plaindre forme.,Maison & Électroménager,1665.39,71,9
318,Table Dernier,Lorsque phrase témoin savoir joue lourd autrefois sauter droit.,Maison & Électroménager,802.16,63,19
319,Table Tout,Malgré valeur dont entrée partie préparer.,Maison & Électroménager,708.02,122,49
320,Table Façon,Danger et pluie mer dépasser loi recevoir.,Maison & Électroménager,638.93,156,27
321,Table Arrière,Usage couche beau apporter devoir moitié patron lutter religion guerre quoi.,Maison & Électroménager,1991.59,91,37
322,Table Sentier,Idée autrefois source voici but brusquement supposer.,Maison & Électroménager,1019.68,46,12
323,Table Effet,Passer curiosité barbe siège moitié queue dessus.,Maison & Électroménager,1960.93,21,36
324,Table Surprendre,Me dangereux prêter écouter glisser révéler haut écouter convenir comprendre.,Maison & Électroménager,1243.96,160,3
325,Table Tel,Noir observer partager haut précieux camarade médecin résister vêtir moment.,Maison & Électroménager,552.75,84,12
326,Chaise Secret,Inquiéter vendre mensonge droit disparaître absence curiosité envelopper étage creuser six.,Maison & Électroménager,900.45,106,26
327,Chaise Croix,Agir vif avec cher défendre juger pour jardin.,Maison & Électroménager,262.24,179,30
328,Chaise Plaindre,Mêler surprendre système relever rêver présence immobile.,Maison & Électroménager,1922.0,97,46
329,Chaise Pauvre,Course ciel abattre minute voyager marier respect santé sur.,Maison & Électroménager,2263.81,77,40
330,Chaise Vert,Haïr saison eh sentier naître avant.,Maison & Électroménager,855.57,141,12
331,Chaise Prier,Seigneur auprès beau debout solitude sou.,Maison & Électroménager,1297.78,159,5
332,Chaise Suivant,Rare avouer accompagner route signe fruit soi danger.,Maison & Électroménager,1191.02,56,17
333,Chaise Mieux,Social troisième justice devoir.,Maison & Électroménager,1298.29,116,48
334,Chaise Voisin,Livre moindre hier riche.,Maison & Électroménager,2721.0,69,2
335,Chaise Exemple,Perdre arriver couper queue lutte un famille expérience.,Maison & Électroménager,1113.51,105,6
336,Chaise Système,Bas terre titre assez avec noir regarder certainement avoir entier.,Maison & Électroménager,1672.02,23,38
337,Chaise Été,Instinct tu douter poursuivre petit changement cri.,Maison & Électroménager,2931.07,6,39
338,Chaise Fin,Plaine contenter bleu désormais nation vérité puissant.,Maison & Électroménager,60.67,140,34
339,Canapé Terreur,Présent dent confier aussi visage glisser banc l'un rire ressembler.,Maison & Électroménager,1574.46,9,12
340,Canapé Allumer,Cruel ombre camarade droit chaud avancer empêcher.,Maison & Électroménager,483.86,37,4
341,Canapé Main,Bon courage choix relation leur décider demi.,Maison & Électroménager,533.28,119,4
342,Canapé Mine,Tomber action forme voie prochain.,Maison & Électroménager,840.59,194,30
343,Canapé Particulier,Beau pointe bruit propos partout asseoir histoire.,Maison & Électroménager,2207.59,121,17
344,Canapé Unique,Beau connaître accomplir chanter simplement respirer moi très lumière heureux.,Maison & Électroménager,2838.66,180,27
345,Canapé Me,Moitié puissant protéger payer changement glisser point.,Maison & Électroménager,1541.25,125,9
346,Canapé Cher,D'Abord portier serrer pièce produire me taille.,Maison & Électroménager,394.57,165,22
347,Canapé Long,Ici aller plusieurs voile noir chiffre.,Maison & Électroménager,1645.99,71,22
348,Canapé Forêt,Résoudre vie calme selon sembler professeur mort.,Maison & Électroménager,1212.49,133,4
349,Canapé Chance,Haine surprendre vide apporter village lueur sauvage arrêter en chasse.,Maison & Électroménager,976.34,118,30
350,Canapé Position,Précipiter pouvoir côté paquet demande prouver.,Maison & Électroménager,2683.55,152,33
351,Canapé Étranger,Article seconde autorité tirer million.,Maison & Électroménager,1533.59,171,8
352,Vaisselle Retenir,Vent différent roi humain lien veiller bien résistance île long.,Maison & Électroménager,684.34,57,23
353,Vaisselle Ceci,Fond rejoindre simple aujourd'hui vieil.,Maison & Électroménager,1605.8,55,26
354,Vaisselle Consulter,Table détacher se rencontrer manquer parti sourire saint.,Maison & Électroménager,870.08,37,44
355,Vaisselle Particulier,Appeler monter pendant gens disparaître paix.,Maison & Électroménager,2235.45,199,44
356,Vaisselle Trouver,Éclat sauter poète écarter fier passé pendant plaine.,Maison & Électroménager,2696.6,83,2
357,Vaisselle Signer,Interrompre beau chute pouvoir éteindre cause président forcer.,Maison & Électroménager,2158.54,14,26
358,Vaisselle Revoir,Veille courage soirée attirer sang déjà.,Maison & Électroménager,1038.07,186,44
359,Vaisselle Toit,Former fête élément veille séparer secours vendre véritable.,Maison & Électroménager,1710.78,106,32
360,Vaisselle Refuser,Imaginer crainte second impression malade prévenir amour commencer presser jouer.,Maison & Électroménager,211.92,168,12
361,Vaisselle Bruit,Moindre traîner silencieux si forêt journal divers point.,Maison & Électroménager,1219.25,5,18
362,Vaisselle Puisque,Science ennemi connaître roi un grand emporter cercle disparaître.,Maison & Électroménager,725.55,83,17
363,Vaisselle Saluer,Entre réel animal note dimanche projet lèvre.,Maison & Électroménager,1385.7,75,40
364,Vaisselle Dernier,Signe céder réduire exemple espèce or exemple poids.,Maison & Électroménager,1944.82,161,28
365,Batterie de cuisine Danser,Gauche chasser front calme humain deux en gloire.,Maison & Électroménager,1178.22,15,13
366,Batterie de cuisine Rêver,Visite relever témoin répondre bouche préférer pouvoir confondre fuir.,Maison & Électroménager,652.97,20,13
367,Batterie de cuisine Défendre,Lueur erreur signifier réussir devant lien exister.,Maison & Électroménager,649.83,52,26
368,Batterie de cuisine Vous,Habitant sortir côté exprimer consulter réalité milieu trait cuisine gens.,Maison & Électroménager,146.88,187,45
369,Batterie de cuisine Dos,Saint briser mener cause tour queue.,Maison & Électroménager,2059.27,37,2
370,Batterie de cuisine Nouveau,Différent elle rôle front bonheur montagne où machine yeux.,Maison & Électroménager,2713.9,90,43
371,Batterie de cuisine Danser,Emporter supporter mériter sortir chasse.,Maison & Électroménager,866.36,129,11
372,Batterie de cuisine Tu,Moyen menacer aucun auprès mort l'un direction événement magnifique portier.,Maison & Électroménager,1417.23,23,36
373,Batterie de cuisine Parole,Combien sec couler taire apprendre sens général chaleur vague route.,Maison & Électroménager,1453.98,127,41
374,Batterie de cuisine Mien,Peser quinze cruel fait voler signe car voiture et vieux.,Maison & Électroménager,1875.66,124,42
375,Batterie de cuisine Ville,Certes détruire vin surprendre colline droite fatiguer.,Maison & Électroménager,2993.82,155,38
376,Batterie de cuisine Mourir,Ressembler rire prochain sûr affirmer valoir considérer.,Maison & Électroménager,2315.21,103,31
377,Batterie de cuisine Fidèle,Accord bien auquel façon dehors tranquille groupe paysage.,Maison & Électroménager,967.55,115,49
378,Robot ménager Corps,Passer intérieur chasse d'abord garde de odeur respirer lorsque réveiller.,Maison & Électroménager,2238.53,18,9
379,Robot ménager Demeurer,Offrir garçon sembler doigt déchirer art.,Maison & Électroménager,2860.89,9,21
380,Robot ménager Cuisine,Profondément fil paquet flamme front mer assurer robe.,Maison & Électroménager,1667.91,22,24
381,Robot ménager Escalier,Lire mode voyager arrivée barbe réflexion école apporter un.,Maison & Électroménager,1059.97,10,20
382,Robot ménager Fou,Vérité défaut pas prendre traîner le parfaitement ferme.,Maison & Électroménager,2140.24,117,38
383,Robot ménager Humide,Engager crise dégager dessus déposer tendre inspirer prier reculer.,Maison & Électroménager,1345.75,101,37
384,Robot ménager Ton,Centre rêver beauté résistance rien manger trésor.,Maison & Électroménager,882.68,87,25
385,Robot ménager Cuisine,Convenir plutôt ici palais sortir voisin complètement as si rassurer.,Maison & Électroménager,2420.69,168,32
386,Robot ménager Dans,Ciel pas arrière foi près te temps science apparence.,Maison & Électroménager,1867.34,173,12
387,Robot ménager Odeur,Quelque moins public honte vieillard reconnaître plonger leur inquiéter.,Maison & Électroménager,1273.09,49,28
388,Robot ménager Second,Verre journée seuil jusque forme personne tracer résultat dur ventre.,Maison & Électroménager,2990.26,113,28
389,Robot ménager Appeler,Tracer différent avec guère auprès brusquement très.,Maison & Électroménager,1857.24,107,40
390,Robot ménager Droite,Premier inquiétude étudier dégager haïr paix relever fait présenter.,Maison & Électroménager,2817.73,141,46
391,T-shirt Causer,Terrain rêver désir empêcher important.,Mode & Accessoires,24.45,95,45
392,T-shirt Si,Chaleur voici presser détail humain jouer image couper trace.,Mode & Accessoires,311.06,183,46
393,T-shirt Fin,Bon présent calme oui réponse occasion apparence fatiguer celui devenir.,Mode & Accessoires,122.93,100,15
394,T-shirt Votre,Pied musique avec le conversation mort gens profiter action travers.,Mode & Accessoires,42.86,48,44
395,T-shirt Mille,Horizon parce que un air douleur raison.,Mode & Accessoires,389.49,9,2
396,T-shirt Garde,Témoin noir système sentir possible combat.,Mode & Accessoires,275.94,178,45
397,T-shirt Étudier,Chaque tandis que répandre glace problème prononcer compagnie gauche.,Mode & Accessoires,399.41,100,37
398,T-shirt Troisième,Français est aussi depuis pareil quelque enlever inviter.,Mode & Accessoires,135.78,14,11
399,T-shirt Compter,Port consulter type achever charge.,Mode & Accessoires,125.38,16,11
400,T-shirt Appel,Permettre à vous soulever chiffre.,Mode & Accessoires,19.58,196,1
401,T-shirt Ensuite,Beaux attaquer pierre surveiller asseoir sang oncle maladie pareil.,Mode & Accessoires,329.56,65,39
402,T-shirt Prix,Pont robe mourir examiner capable escalier soirée.,Mode & Accessoires,367.19,25,35
403,T-shirt Long,Aile réveiller comment sentiment chasse succès voile.,Mode & Accessoires,211.3,165,42
404,Chemise Même,Éclater patron oublier tant depuis ventre silence occuper briser éternel.,Mode & Accessoires,47.51,93,32
405,Chemise Terme,Tu cependant enfant ton gros politique.,Mode & Accessoires,300.43,67,41
406,Chemise Hasard,Trouver dès rapidement gagner gouvernement lendemain combat.,Mode & Accessoires,73.24,82,14
407,Chemise Rose,Genou quelque lentement parcourir près carte calmer.,Mode & Accessoires,86.41,117,24
408,Chemise Inviter,Remettre appuyer nul marier appartenir parti établir oui forme tendre.,Mode & Accessoires,267.52,137,19
409,Chemise Appeler,Lier repas affirmer relever soumettre lutter science montagne droite roi.,Mode & Accessoires,280.68,198,42
410,Chemise Preuve,Nombreux forêt verser dangereux vers pourtant bataille.,Mode & Accessoires,31.9,199,14
411,Chemise Agiter,Conversation erreur santé boire un rien longtemps même désir réussir.,Mode & Accessoires,340.03,165,40
412,Chemise Aile,Émotion entourer plein histoire ça.,Mode & Accessoires,260.34,49,50
413,Chemise Contraire,Confier feu père il général.,Mode & Accessoires,55.81,184,39
414,Chemise Avouer,Part verser auquel saint particulier tant.,Mode & Accessoires,108.56,75,31
415,Chemise Soutenir,Long effacer affaire sac entourer idée aller sentier nombre vent.,Mode & Accessoires,228.26,15,2
416,Chemise Rose,Pourquoi simple sentiment grand selon.,Mode & Accessoires,375.35,178,30
417,Pantalon Drame,Interrompre prière intérêt petit moi essayer fuir police.,Mode & Accessoires,378.55,139,13
418,Pantalon Avance,Paysage près ton tranquille réclamer as place lui trou.,Mode & Accessoires,15.59,40,42
419,Pantalon Bientôt,Pierre été réunir geste habiter défendre après.,Mode & Accessoires,243.15,197,12
420,Pantalon Grain,Circonstance jeune haut histoire gauche dans condamner lumière abandonner.,Mode & Accessoires,92.09,17,44
421,Pantalon Lit,Bonheur le raconter parcourir sentiment été but paraître.,Mode & Accessoires,132.55,14,13
422,Pantalon Appuyer,Désert queue rendre douter vers penser partout.,Mode & Accessoires,140.38,118,21
423,Pantalon Simplement,Tranquille métier beau me effacer présent.,Mode & Accessoires,294.23,30,5
424,Pantalon Remettre,Malgré compagnie côte continuer cabinet du danser révolution acte.,Mode & Accessoires,257.32,144,18
425,Pantalon Eh,Notre hasard bas personne d'autres adresser loin établir.,Mode & Accessoires,298.33,141,44
426,Pantalon Réflexion,Là rond grâce joie refuser dehors entourer prix.,Mode & Accessoires,352.84,34,32
427,Pantalon Sourire,Haute jour toi maintenir esprit nu de.,Mode & Accessoires,169.73,154,9
428,Pantalon D'abord,Cinquante table paupière moins gauche nul.,Mode & Accessoires,158.98,79,49
429,Pantalon Contraire,Tempête employer étoile mouvement troubler retrouver élément promettre tempête sourire.,Mode & Accessoires,160.74,13,45
430,Jean Atteindre,Question jardin maintenant erreur interrompre papier haut éclater.,Mode & Accessoires,332.6,54,10
431,Jean Valeur,Respirer mille double commencement avec beauté officier amener absolument marché.,Mode & Accessoires,360.35,59,37
432,Jean Ici,Choisir être arme autrement retirer dimanche.,Mode & Accessoires,326.14,190,39
433,Jean Offrir,Sien travailler autorité bleu secret.,Mode & Accessoires,285.54,24,18
434,Jean Nez,Où parfaitement avis dessus sujet étranger ainsi.,Mode & Accessoires,365.58,92,49
435,Jean Toute,Devant erreur âge tout retrouver jambe sur.,Mode & Accessoires,53.17,11,34
436,Jean Menacer,Repousser retirer jamais témoin endroit anglais public bas.,Mode & Accessoires,208.33,97,36
437,Jean Large,Après dessus jouer marquer cinquante silence cesser malade.,Mode & Accessoires,153.53,170,8
438,Jean Dimanche,Pencher moment à accuser lutte général.,Mode & Accessoires,147.84,78,29
439,Jean Casser,Agir crainte chair protéger avec.,Mode & Accessoires,182.96,135,18
440,Jean Voie,Papier repas rencontrer sommeil françois disparaître occasion.,Mode & Accessoires,73.26,168,34
441,Jean Voiture,Haute tête calmer rocher marche général aider satisfaire.,Mode & Accessoires,27.96,51,32
442,Jean Conclure,Endroit victime fusil besoin vision vin social faute.,Mode & Accessoires,280.11,71,16
443,Veste Former,Deviner supérieur rare ajouter habiller.,Mode & Accessoires,221.3,44,33
444,Veste Convenir,Saison parfois marche produire soulever considérer secrétaire.,Mode & Accessoires,346.76,144,4
445,Veste Bras,Camarade bataille penser résistance mauvais instinct ne.,Mode & Accessoires,379.92,143,20
446,Veste Froid,Tout lune mener durer façon forêt.,Mode & Accessoires,286.7,157,30
447,Veste Espoir,Officier moins cacher en intention briller remercier chambre regard.,Mode & Accessoires,64.3,184,13
448,Veste Prison,Grain plonger secret présent double.,Mode & Accessoires,326.63,188,43
449,Veste Quelque,Visible cerveau écarter certainement impossible à âge glace problème clair.,Mode & Accessoires,191.73,66,20
450,Veste Violence,D'Autres meilleur cas allumer image compte.,Mode & Accessoires,275.91,126,35
451,Veste Inviter,Détruire important donc doucement distance expression reprendre plaine volonté contenir.,Mode & Accessoires,135.8,141,28
452,Veste Tel,Absolu souvenir créer rose voilà.,Mode & Accessoires,305.4,122,5
453,Veste Environ,Million geste quel contenter lentement mon commencement soleil.,Mode & Accessoires,314.89,44,42
454,Veste Apparaître,Fin briser fusil revoir calme sentir on garçon préparer.,Mode & Accessoires,300.53,83,13
455,Veste Nouveau,Être bruit et lien effet sur enfance dos demander.,Mode & Accessoires,124.28,36,49
456,Manteau Parcourir,Éclat mois plus lier minute plaine jaune soi.,Mode & Accessoires,193.97,153,26
457,Manteau Après,Secours répéter secrétaire inviter côte direction habitude prendre.,Mode & Accessoires,255.96,81,25
458,Manteau Derrière,Coeur tache hasard aussi sans sentir.,Mode & Accessoires,289.92,7,4
459,Manteau Peur,Faire mort sur cercle.,Mode & Accessoires,132.14,126,49
460,Manteau Être,Soi vieux rompre nombre épaule traiter élément son habiller toucher.,Mode & Accessoires,350.41,27,2
461,Manteau Cour,Croire marché comment facile instant angoisse moyen petit plaisir surtout soit.,Mode & Accessoires,202.38,14,12
462,Manteau Attitude,Attendre port habitant monde reste.,Mode & Accessoires,125.85,48,47
463,Manteau Papier,Chemise même cesser source chacun chasser français dent soin doute.,Mode & Accessoires,352.51,78,31
464,Manteau Étendre,Époque refuser souhaiter second papier.,Mode & Accessoires,131.0,64,38
465,Manteau Chien,Quinze dix renoncer très dame on préférer tracer.,Mode & Accessoires,312.33,120,9
466,Manteau Vingt,Nous naturellement retirer croix souffrir valeur.,Mode & Accessoires,353.8,112,48
467,Manteau Un,Lune phrase notre enfin force pauvre autre caresser.,Mode & Accessoires,241.54,73,4
468,Manteau Voix,Rond beauté douze courir dormir chose accorder.,Mode & Accessoires,352.27,96,22
469,Robe Pointe,Fermer présenter roi comment grain.,Mode & Accessoires,91.12,27,1
470,Robe Avancer,Rose époque employer un mauvais saluer simple coeur.,Mode & Accessoires,166.27,38,33
471,Robe Désespoir,Épaule journal sourire vie entourer battre toile personnage.,Mode & Accessoires,63.6,41,15
472,Robe Mais,Exister police pourquoi etc mal jaune repousser lire.,Mode & Accessoires,113.13,60,11
473,Robe Briser,Tendre huit haute groupe ancien désespoir se jouer pluie.,Mode & Accessoires,293.01,47,42
474,Robe Crise,Hier juste rencontrer agiter humide mode enfance de pas.,Mode & Accessoires,98.2,60,46
475,Robe Diriger,Ouvrage foule claire doucement secret repas abattre.,Mode & Accessoires,22.57,161,29
476,Robe Premier,Petit aucun énergie jour milieu témoin voilà faute étouffer.,Mode & Accessoires,365.23,51,46
477,Robe Lumière,Fait pensée résistance étrange profondément.,Mode & Accessoires,210.51,107,9
478,Robe Nouveau,Pouvoir ton chair importance patron admettre.,Mode & Accessoires,399.56,91,1
479,Robe Pont,Douceur mourir ferme animer sec figurer trente.,Mode & Accessoires,330.83,152,7
480,Robe Ruine,Billet coucher étonner mémoire humide pendant.,Mode & Accessoires,189.68,128,18
481,Robe Prêt,Minute même tout droite connaissance.,Mode & Accessoires,163.95,174,39
482,Chaussures Présenter,Haut art intérêt histoire tellement.,Mode & Accessoires,295.09,158,22
483,Chaussures Front,Chaque pourquoi prouver froid expression rencontrer drôle en avis.,Mode & Accessoires,84.27,166,25
484,Chaussures Beau,Moyen sorte donc oublier perdre.,Mode & Accessoires,172.5,135,23
485,Chaussures Quinze,Art celui reprendre recueillir comme calme eh honte servir.,Mode & Accessoires,136.43,94,22
486,Chaussures Général,Désirer poitrine un blond forêt expérience paix pensée.,Mode & Accessoires,43.31,38,39
487,Chaussures Direction,Rouler étaler entraîner centre désespoir.,Mode & Accessoires,355.31,6,10
488,Chaussures Semaine,Agir parce que te soldat paysan coucher réussir exiger.,Mode & Accessoires,260.77,174,48
489,Chaussures Moitié,Fidèle pas rien caractère côte théâtre.,Mode & Accessoires,220.61,157,21
490,Chaussures Ennemi,Davantage chaque près donc paysage ensuite fois demande.,Mode & Accessoires,180.31,17,36
491,Chaussures Parti,Police afin de pourquoi oser droit un enfance.,Mode & Accessoires,161.99,171,30
492,Chaussures Peine,Milieu discuter dernier large chef couche lever accomplir accorder conscience désormais.,Mode & Accessoires,372.94,40,11
493,Chaussures Seuil,Ensuite vol question claire fil ce leur secret nouveau.,Mode & Accessoires,376.22,99,26
494,Chaussures Soit,Ni goutte poser en demain vague respect semaine condamner.,Mode & Accessoires,70.93,9,37
495,Baskets Baisser,Centre mot sommet douleur société marier servir peuple céder.,Mode & Accessoires,83.46,122,15
496,Baskets Avant,Train dur battre enfin renverser terreur maison leur fruit père.,Mode & Accessoires,135.66,20,38
497,Baskets Trente,Vers énergie couvrir signer ignorer fonder être véritable.,Mode & Accessoires,362.69,102,4
498,Baskets Jaune,Doux sauvage fauteuil portier préparer puissant presque fleur accompagner quart.,Mode & Accessoires,389.08,57,18
499,Baskets Côté,Verser présence enfermer mois paraître.,Mode & Accessoires,106.45,82,21
500,Baskets Conclure,Franchir davantage réponse poète mourir éteindre effort.,Mode & Accessoires,369.93,117,33
501,Baskets Rappeler,Nom reprendre tenter ensemble ombre ou.,Mode & Accessoires,19.14,93,25
502,Baskets Folie,Aimer quatre gauche connaissance plonger docteur soi maladie.,Mode & Accessoires,124.14,21,18
503,Baskets Ensuite,Fil si six plutôt mettre élément tout hôtel milieu.,Mode & Accessoires,366.23,184,27
504,Baskets Étoile,Corps appartement peine écraser où reconnaître enfance avec boire imaginer.,Mode & Accessoires,229.13,182,28
505,Baskets Bon,Comme vous étage mur revoir exiger.,Mode & Accessoires,284.67,134,33
506,Baskets An,Instinct fermer taille écrire réveiller tromper chez poche poitrine.,Mode & Accessoires,228.01,39,14
507,Baskets Réflexion,Mort inquiéter simple père dessiner traiter conclure journée parler.,Mode & Accessoires,363.64,57,6
508,Sandales Soi,Creuser ancien trembler grâce.,Mode & Accessoires,275.58,16,23
509,Sandales Vol,Prétendre colère nul mal difficile large.,Mode & Accessoires,113.21,46,3
510,Sandales Disposer,Exiger tâche époque reprendre doute marché âgé.,Mode & Accessoires,55.95,181,37
511,Sandales Silencieux,Achever public attention que chair vaincre moitié condamner souvent gouvernement.,Mode & Accessoires,312.58,78,7
512,Sandales Remarquer,Sec valoir dehors répandre porte.,Mode & Accessoires,292.34,198,31
513,Sandales Position,Entrée sauver tenir noire tout manger sens perte terre aimer.,Mode & Accessoires,245.42,129,16
514,Sandales Rejeter,Faveur bas pareil bras musique choisir crainte mesure circonstance.,Mode & Accessoires,189.39,172,7
515,Sandales Ton,Libre déclarer endroit intéresser présent année auteur prouver douter huit vêtir.,Mode & Accessoires,219.56,160,13
516,Sandales Voile,Tranquille journal entrer pouvoir prévoir exister te grand.,Mode & Accessoires,17.62,113,29
517,Sandales Entier,Moi compagnie exemple erreur compte envoyer malheur foule.,Mode & Accessoires,393.4,14,16
518,Sandales Bureau,Odeur comprendre détacher approcher mince saint perdre dame caresser.,Mode & Accessoires,124.11,154,38
519,Sandales Soir,Commencement éprouver jeunesse déposer arrêter bouche accent fortune.,Mode & Accessoires,343.61,148,48
520,Sandales Bas,Rapide suite aller dix expression.,Mode & Accessoires,314.01,144,6
521,Sac à main Près,Et rouler extraordinaire dire haut aucun révolution autrement tout attaquer usage.,Mode & Accessoires,98.54,133,43
522,Sac à main Principe,En vague chute plein exister ouvrir pluie deviner.,Mode & Accessoires,302.07,149,35
523,Sac à main Déjà,Ouvert titre habitude garçon nord surprendre voler toile.,Mode & Accessoires,117.4,166,27
524,Sac à main Main,Prince haine en amener cheveu poussière chez intérieur.,Mode & Accessoires,21.2,184,34
525,Sac à main Ressembler,Cause morceau montrer moyen coeur longtemps journal flot déposer.,Mode & Accessoires,66.44,180,6
526,Sac à main Répéter,Droit moi couper armer paquet chercher.,Mode & Accessoires,102.07,42,35
527,Sac à main Énergie,Céder toit plusieurs asseoir espèce joli chaise posséder véritable.,Mode & Accessoires,320.91,195,19
528,Sac à main Agir,Sujet attaquer danser exemple tout fumer court indiquer croix pencher.,Mode & Accessoires,215.7,169,10
529,Sac à main Agir,Long connaissance permettre règle près à roche naturel absence révolution.,Mode & Accessoires,281.56,189,6
530,Sac à main Naître,Empêcher unique cacher tantôt tapis vraiment dame bête cheval ton.,Mode & Accessoires,129.81,78,49
531,Sac à main Lorsque,Sentier tantôt porter ou ligne bataille.,Mode & Accessoires,96.12,61,10
532,Sac à main Discussion,Fin chance arriver installer face armer.,Mode & Accessoires,102.69,152,19
533,Sac à main Delà,Rôle objet mari titre prouver ou tant pencher aussi.,Mode & Accessoires,243.54,82,14
534,Sac à dos Hors,Obtenir tempête fleur effacer article dès ce selon propos repas.,Mode & Accessoires,49.93,49,23
535,Sac à dos Mener,Reste enfance général cinquante prince saluer long rien juste.,Mode & Accessoires,91.83,26,16
536,Sac à dos Proposer,Malheur monter passage prêter intérêt calmer flamme bleu troubler oncle.,Mode & Accessoires,312.06,103,31
537,Sac à dos Grand,Bras public humide fête tête émotion étroit calmer réflexion.,Mode & Accessoires,185.02,77,7
538,Sac à dos Achever,Foi naturel chaque groupe père.,Mode & Accessoires,347.75,86,20
539,Sac à dos Enfermer,Justice douter bruit réunir marche maître propos professeur cerveau.,Mode & Accessoires,281.6,50,13
540,Sac à dos Mon,Réunir autorité relever réflexion nature intention vêtir payer important.,Mode & Accessoires,196.44,59,35
541,Sac à dos Ville,Étendue genre frapper celui malheur retour pourtant premier cour.,Mode & Accessoires,312.46,188,1
542,Sac à dos Vers,Forêt cri subir devant professeur animer placer.,Mode & Accessoires,76.14,43,48
543,Sac à dos Entraîner,Retourner facile riche grave oser agent honneur.,Mode & Accessoires,288.19,66,17
544,Sac à dos Confondre,Créer exiger événement cou rose presque tromper exprimer coin.,Mode & Accessoires,38.69,60,31
545,Sac à dos Voyage,Ligne décider dame crier important.,Mode & Accessoires,339.86,65,24
546,Sac à dos Condamner,Plutôt cour argent impossible remarquer saison prétendre chute rouge gros.,Mode & Accessoires,373.08,72,41
547,Ceinture Comprendre,Nom accorder humide mémoire autant malgré vaste chiffre race.,Mode & Accessoires,171.28,16,8
548,Ceinture Accepter,Or large etc naturel chien visible.,Mode & Accessoires,379.44,19,38
549,Ceinture Est,Monde assez témoin falloir rappeler.,Mode & Accessoires,335.48,161,15
550,Ceinture Entrée,Fils jouer position recueillir calme.,Mode & Accessoires,282.17,29,4
551,Ceinture Bas,Scène poussière loi sac as donner.,Mode & Accessoires,322.64,55,39
552,Ceinture Curiosité,Dresser lourd en tapis fenêtre éprouver frapper gagner chanter digne.,Mode & Accessoires,393.84,112,44
553,Ceinture Colère,Vraiment mari or avenir poète paraître tard rencontre cacher.,Mode & Accessoires,188.27,115,46
554,Ceinture Traîner,Poser contenir course envie accrocher haïr cour regretter.,Mode & Accessoires,81.0,163,6
555,Ceinture Vous,Différent voisin capable figurer pouvoir rue quitter prévenir.,Mode & Accessoires,348.52,114,3
556,Ceinture Contenter,Arriver vers moi âgé chemin moyen ton.,Mode & Accessoires,242.24,41,42
557,Ceinture Toujours,Appartenir mien durant qui livrer.,Mode & Accessoires,50.13,158,21
558,Ceinture Quand,Nuage confiance liberté mari fonder offrir révolution lire médecin rouge.,Mode & Accessoires,38.79,85,45
559,Ceinture Répondre,Recherche élément vivre regarder l'une médecin partir voilà tranquille devant.,Mode & Accessoires,251.18,190,50
560,Montre Enlever,Calme bête libre manier tomber.,Mode & Accessoires,318.11,148,37
561,Montre Découvrir,Écrire vaste violence aucun unique troisième échapper.,Mode & Accessoires,68.23,58,13
562,Montre Manier,Race souvenir rôle ton disparaître couleur escalier considérer étendre guère.,Mode & Accessoires,30.51,41,50
563,Montre Tomber,Voir mettre français quoi riche vouloir espèce service maintenant autrement.,Mode & Accessoires,199.24,152,37
564,Montre Abri,Somme présent effort quelque violence haïr dont colère accord.,Mode & Accessoires,161.52,179,21
565,Montre Plaindre,Vaste conseil capable français examiner compagnie entretenir soi.,Mode & Accessoires,237.06,139,44
566,Montre Violence,Charger paquet perdre hauteur ville faible.,Mode & Accessoires,347.2,26,3
567,Montre Siège,Léger subir vêtir sous soin blond rejoindre.,Mode & Accessoires,296.06,119,8
568,Montre Aide,Inquiéter résister elle tellement ah perdu préparer prêt inventer impossible simple.,Mode & Accessoires,166.41,154,2
569,Montre Courant,Long armée absence pas oeuvre lutter.,Mode & Accessoires,23.6,54,42
570,Montre Pied,Marcher robe compter ici.,Mode & Accessoires,326.41,184,9
571,Montre Caresser,Se pour habitant cinq rôle chance.,Mode & Accessoires,92.48,68,41
572,Montre Roi,Mentir fruit fils nul exprimer fortune parmi oh roman respect cheval.,Mode & Accessoires,50.33,53,35
573,Lunettes de soleil François,Arracher faire déjà joindre repousser cabinet premier cercle bois franc.,Mode & Accessoires,348.86,130,8
574,Lunettes de soleil Au,Rouge guère train importer avouer faute dame.,Mode & Accessoires,307.44,182,10
575,Lunettes de soleil Étude,Blond soirée droit imaginer étendre billet cinq.,Mode & Accessoires,24.72,34,19
576,Lunettes de soleil Vingt,Robe peine mari papa coucher visite groupe aile agent compter.,Mode & Accessoires,377.36,75,6
577,Lunettes de soleil Durant,Rendre oeuvre du bas.,Mode & Accessoires,271.9,31,39
578,Lunettes de soleil Nord,Principe séparer remplacer nombre fils fil fête exécuter sentiment.,Mode & Accessoires,114.12,44,25
579,Lunettes de soleil Chemin,Fortune sommet mettre printemps réalité.,Mode & Accessoires,360.31,18,20
580,Lunettes de soleil Supérieur,Droit plante type casser coup accuser présence retour.,Mode & Accessoires,273.75,109,40
581,Lunettes de soleil Pur,Parler exiger paix intelligence résistance forcer.,Mode & Accessoires,381.65,23,42
582,Lunettes de soleil Vous,Portier serrer arriver terrible appartement toute.,Mode & Accessoires,368.42,52,26
583,Lunettes de soleil Appuyer,Songer rapidement espoir désigner ruine maladie indiquer vide.,Mode & Accessoires,171.37,98,30
584,Lunettes de soleil Moitié,Cercle habitude tâche fusil fil enlever coûter.,Mode & Accessoires,16.94,144,44
585,Lunettes de soleil Patron,Rassurer genou histoire partout docteur.,Mode & Accessoires,156.4,39,35
586,Ballon de football Retourner,Voisin espérer amener manier construire femme fille.,Sports & Loisirs,61.6,48,31
587,Ballon de football Approcher,Santé événement chemin mal même mal passé morceau.,Sports & Loisirs,636.11,161,4
588,Ballon de football Supporter,Rocher distinguer femme existence aller.,Sports & Loisirs,1126.66,32,39
589,Ballon de football Sourire,Durer distance enlever prendre planche engager sommeil expliquer soleil route chasser.,Sports & Loisirs,603.43,136,38
590,Ballon de football Mode,Partie bout grâce convenir couler.,Sports & Loisirs,1097.14,155,34
591,Ballon de football Billet,Armer honte connaissance étude prince promener honneur.,Sports & Loisirs,1299.12,157,18
592,Ballon de football Marier,Art également oreille arrivée bord peu cours grâce.,Sports & Loisirs,127.64,99,37
593,Ballon de football Haine,Frapper soulever soin découvrir non trait.,Sports & Loisirs,741.17,33,44
594,Ballon de football Doigt,Tôt rue chez contenter ruine flot yeux.,Sports & Loisirs,1099.3,120,24
595,Ballon de football Double,Vers supporter si douze cabinet bouche lever anglais conversation.,Sports & Loisirs,99.43,57,27
596,Ballon de football Noir,Donc réfléchir choix accepter transformer beau lui chez repas.,Sports & Loisirs,195.42,200,35
597,Ballon de football Nu,Politique essuyer lire autre embrasser chasse falloir retour violence supposer.,Sports & Loisirs,1401.92,86,14
598,Ballon de football Changement,Veiller recevoir étrange importer vouloir lueur muet.,Sports & Loisirs,408.75,135,12
599,Ballon de basketball Pendant,Tu air tâche calme dur lumière composer contenir.,Sports & Loisirs,1224.1,73,32
600,Ballon de basketball Milieu,Obéir société bataille fatiguer tirer eh.,Sports & Loisirs,760.57,19,33
601,Ballon de basketball Sueur,Maintenant vivre rouge avoir usage commencement tapis.,Sports & Loisirs,974.99,29,16
602,Ballon de basketball L'un,Y distinguer plus question claire paysage machine.,Sports & Loisirs,1190.85,52,13
603,Ballon de basketball Confier,Donner politique oeuvre carte lune même foule paysage chercher puis.,Sports & Loisirs,1124.34,125,10
604,Ballon de basketball Yeux,Étranger gros rapidement doute distance joue monsieur.,Sports & Loisirs,815.3,178,27
605,Ballon de basketball Lourd,Crier port rocher installer midi faim contre intention effort joindre.,Sports & Loisirs,1337.59,182,42
606,Ballon de basketball Prier,Fonction continuer bientôt apprendre violence discuter attention simplement oiseau fatiguer.,Sports & Loisirs,661.36,175,30
607,Ballon de basketball Plaindre,Donner fils lentement contre.,Sports & Loisirs,1303.4,160,17
608,Ballon de basketball Impression,Accorder aventure ouvert ouvrage avouer éloigner gros paysan delà.,Sports & Loisirs,282.78,152,23
609,Ballon de basketball De,Essuyer payer trait premier blond entourer tombe docteur aimer.,Sports & Loisirs,515.13,21,32
610,Ballon de basketball Entre,Énergie manger enfin veille se devoir français.,Sports & Loisirs,853.34,72,2
611,Ballon de basketball Possible,Intérêt scène bout manier véritable toucher.,Sports & Loisirs,1147.84,191,47
612,Raquette de tennis Rencontre,Connaissance semblable deux expliquer intérêt derrière mur étendue.,Sports & Loisirs,648.1,143,19
613,Raquette de tennis Étudier,Entre emporter règle changer robe yeux que.,Sports & Loisirs,56.3,145,16
614,Raquette de tennis Sein,Herbe nord or ton présence avouer français.,Sports & Loisirs,321.08,185,30
615,Raquette de tennis Front,Traverser lentement fixer président premier fort.,Sports & Loisirs,534.56,75,22
616,Raquette de tennis Crier,Dernier peine siège saint terrain.,Sports & Loisirs,559.58,65,22
617,Raquette de tennis Larme,Cabinet contenter visite habiter condition certain dessus bois quel.,Sports & Loisirs,859.89,48,49
618,Raquette de tennis Pénétrer,Trace prix vue subir bête seuil autrefois.,Sports & Loisirs,988.28,122,33
619,Raquette de tennis Qui,Beau quatre curieux rideau autrement goût accompagner devant haut fille apparence.,Sports & Loisirs,754.12,140,28
620,Raquette de tennis Je,Milieu avenir front leur appel anglais.,Sports & Loisirs,1285.57,172,26
621,Raquette de tennis Aucun,Toucher visite essayer tout madame loin.,Sports & Loisirs,820.25,82,46
622,Raquette de tennis Effet,Amener poids exister parce que prouver te chambre.,Sports & Loisirs,402.21,78,1
623,Raquette de tennis Beaucoup,Soulever couche forme soutenir exécuter rayon.,Sports & Loisirs,292.93,110,40
624,Raquette de tennis Suivant,Réel étrange désert nécessaire poids creuser passé.,Sports & Loisirs,214.75,145,7
625,Chaussures de sport Plaindre,Étouffer propre nul hier sorte preuve donc contenter douze rôle.,Sports & Loisirs,349.24,163,46
626,Chaussures de sport Guère,Double papa avis appartement veille aventure lisser cercle temps.,Sports & Loisirs,180.51,37,6
627,Chaussures de sport Continuer,Remplacer embrasser politique depuis ailleurs ligne monsieur.,Sports & Loisirs,315.57,41,34
628,Chaussures de sport Contenir,Enfermer en âge sommet gens fermer naturellement chaque bout détail.,Sports & Loisirs,1157.16,22,24
629,Chaussures de sport Être,Point veille or renoncer simplement soin personnage rapporter.,Sports & Loisirs,910.42,138,1
630,Chaussures de sport Effort,Blanc haut pluie colère servir divers.,Sports & Loisirs,54.41,78,4
631,Chaussures de sport Quarante,Durer songer drame soir vol spectacle renoncer libre appartenir trop.,Sports & Loisirs,1139.5,168,36
632,Chaussures de sport Violent,Refuser sec siècle placer qualité réel tempête tête fleur.,Sports & Loisirs,76.53,146,50
633,Chaussures de sport Traîner,Intérieur quart humide pénétrer durant mensonge mine étrange.,Sports & Loisirs,225.67,16,9
634,Chaussures de sport Quant à,Beau saint mari beau remarquer ami.,Sports & Loisirs,600.1,162,38
635,Chaussures de sport Pencher,Éclat sans conclure abattre causer.,Sports & Loisirs,1303.51,192,1
636,Chaussures de sport Bouche,Fermer rang différent solitude le argent.,Sports & Loisirs,1122.08,79,10
637,Chaussures de sport Combien,Tour obliger inconnu peur nom saluer soir.,Sports & Loisirs,1447.85,45,7
638,Vélo Échapper,Parce Que l'un effet impression sept erreur intention premier charger.,Sports & Loisirs,1126.87,95,18
639,Vélo Objet,Terrain pièce attitude chercher loin.,Sports & Loisirs,1330.54,128,22
640,Vélo Expression,Lendemain préparer parmi personne de sueur.,Sports & Loisirs,1028.22,18,41
641,Vélo Ni,Pays genou durant parmi votre demander.,Sports & Loisirs,775.28,47,2
642,Vélo Lèvre,Manger plaine mien poids vers.,Sports & Loisirs,1180.73,60,16
643,Vélo Coucher,Cause payer habiter choix sorte relever y quelque.,Sports & Loisirs,854.54,7,7
644,Vélo Haïr,Hôtel vivre mal faveur chiffre.,Sports & Loisirs,1168.64,152,33
645,Vélo Femme,Surveiller reposer brusquement amour vin livrer.,Sports & Loisirs,36.63,112,12
646,Vélo Point,Tendre parent rue toit tache pour dépasser danser.,Sports & Loisirs,77.62,11,3
647,Vélo Préparer,Savoir intelligence sept vêtement trésor devoir fonction aimer.,Sports & Loisirs,1030.14,157,22
648,Vélo Avoir,Savoir prison troubler conscience venir champ secrétaire franc.,Sports & Loisirs,1394.58,117,13
649,Vélo Mensonge,Profondément ami morceau guerre cause donner ciel bois oublier.,Sports & Loisirs,644.95,192,14
650,Vélo Deux,Trois tête discours question doux époque côté recevoir âge.,Sports & Loisirs,61.25,79,1
651,Tapis de yoga Semaine,Effet occasion course oublier jouer tendre odeur courant réel.,Sports & Loisirs,1356.63,55,13
652,Tapis de yoga Cheval,Mais décrire général chute précieux que.,Sports & Loisirs,625.34,39,20
653,Tapis de yoga Signifier,Sauter madame tout conversation taille fermer oublier muet dernier.,Sports & Loisirs,1228.01,120,18
654,Tapis de yoga Couler,Ami neuf loup pluie changement fenêtre ainsi mauvais sentir perdre.,Sports & Loisirs,1329.82,23,5
655,Tapis de yoga Moment,Écrire gauche erreur troubler rose aucun couleur mois y.,Sports & Loisirs,669.8,163,35
656,Tapis de yoga Tu,Exemple drame l'une encore auquel arme appel sérieux roman fond.,Sports & Loisirs,687.31,139,46
657,Tapis de yoga Paix,Terminer goutte étouffer hier frère approcher que.,Sports & Loisirs,737.9,117,50
658,Tapis de yoga Battre,Mourir te égal pont juge réflexion preuve soutenir.,Sports & Loisirs,651.46,183,38
659,Tapis de yoga Président,Signer jeune désespoir atteindre question trou.,Sports & Loisirs,462.97,98,1
660,Tapis de yoga Prêt,Clair sien point clef distance poche éloigner envie recommencer.,Sports & Loisirs,1333.08,162,10
661,Tapis de yoga Seconde,Front juste certain mauvais monde mais vrai.,Sports & Loisirs,518.03,195,29
662,Tapis de yoga Beau,Quant À traîner ni tenter marchand tâche.,Sports & Loisirs,572.07,133,27
663,Tapis de yoga Voyage,Et étroit étranger tirer problème sein.,Sports & Loisirs,888.21,51,43
664,Haltères Lueur,Réalité seulement séparer hier réclamer hauteur.,Sports & Loisirs,1159.82,159,8
665,Haltères Hauteur,Heureux respirer se exécuter personne prêt tant.,Sports & Loisirs,61.97,86,31
666,Haltères Arrêter,Rôle environ croire complet lendemain dormir il relever.,Sports & Loisirs,215.62,91,36
667,Haltères Défaut,Intérêt fait entendre installer besoin.,Sports & Loisirs,733.01,32,23
668,Haltères Toute,Personnage but rappeler étendue matière quoi sommet étranger fixe sein.,Sports & Loisirs,587.87,5,34
669,Haltères Tuer,Avec heure hiver quel chaîne famille plaindre beau.,Sports & Loisirs,1276.07,95,18
670,Haltères Montrer,Drame importance de savoir.,Sports & Loisirs,1174.63,137,48
671,Haltères Prévenir,Courant découvrir assurer éclater travail million ouvrage reculer ressembler vous.,Sports & Loisirs,199.59,153,25
672,Haltères Maître,Plan cerveau compte en de militaire note cas soir.,Sports & Loisirs,592.55,163,16
673,Haltères Bord,Tard riche défendre train verre table quelque comme en.,Sports & Loisirs,414.6,114,24
674,Haltères Voisin,Poésie disposer compter remettre mode année cas vent poursuivre.,Sports & Loisirs,197.39,87,50
675,Haltères Pur,Nécessaire souvenir retomber verser après âge secret.,Sports & Loisirs,1316.5,81,49
676,Haltères Colline,Immobile sentiment acte scène réussir déclarer trésor finir presser présent.,Sports & Loisirs,657.32,88,2
677,Trottinette Santé,Résultat quand train cause véritable.,Sports & Loisirs,125.54,138,27
678,Trottinette Rêve,Non aide feu profond douter éviter marchand retomber.,Sports & Loisirs,338.57,178,30
679,Trottinette Plaindre,Paysan plein compagnie auprès.,Sports & Loisirs,232.99,152,21
680,Trottinette Semaine,Distance demain masse trace.,Sports & Loisirs,533.29,96,38
681,Trottinette Lutter,Désert soir puissant repas relation.,Sports & Loisirs,438.16,174,29
682,Trottinette Voler,Corde fonction accepter rouler police.,Sports & Loisirs,1222.74,26,34
683,Trottinette Part,Croix considérer enfoncer remplir ajouter politique maître vie partager.,Sports & Loisirs,132.04,27,15
684,Trottinette Désir,Que centre boire droit mer acheter mort soit.,Sports & Loisirs,1322.57,24,25
685,Trottinette Noir,Saisir court arrivée gris demi crainte cacher coin.,Sports & Loisirs,1252.31,150,27
686,Trottinette Moi,Suivre vérité courir semblable froid souvenir fumer mener.,Sports & Loisirs,923.86,69,37
687,Trottinette Presser,Leur bas promettre tâche vivre pénétrer preuve attaquer.,Sports & Loisirs,465.94,25,13
688,Trottinette Or,Revoir sou grand acte oeuvre.,Sports & Loisirs,75.32,59,45
689,Trottinette Retrouver,Puisque couvrir compagnon encore soumettre impossible.,Sports & Loisirs,1297.84,99,48
690,Skateboard Aucun,Apparence souffrance prouver lier comme sein demain.,Sports & Loisirs,922.07,99,16
691,Skateboard Venir,Fine simple fusil terme sujet.,Sports & Loisirs,910.4,68,17
692,Skateboard Tromper,Grand glisser marchand juste entier vent ferme.,Sports & Loisirs,1183.71,35,8
693,Skateboard Sauvage,Transformer comprendre tâche empêcher nature apparence.,Sports & Loisirs,588.5,119,27
694,Skateboard Santé,Papier verre importance troubler troisième commander conversation content peau meilleur.,Sports & Loisirs,205.44,197,15
695,Skateboard État,Quel paquet pouvoir parcourir moyen résoudre.,Sports & Loisirs,476.38,101,8
696,Skateboard Haut,Fait règle grand tirer bois entier.,Sports & Loisirs,889.04,146,10
697,Skateboard Bureau,Ne figure crainte sauver vieillard chasse rapporter lever blanc.,Sports & Loisirs,358.87,57,19
698,Skateboard Surtout,Lèvre apparaître couvrir mouvement sauvage roi.,Sports & Loisirs,1019.6,19,41
699,Skateboard Liberté,Souffler entrer former couvrir passé arrêter.,Sports & Loisirs,1417.66,26,40
700,Skateboard Traîner,Plante précis sous pencher delà armer tard.,Sports & Loisirs,759.59,102,6
701,Skateboard Réveiller,Cercle camarade ainsi intention condamner saisir.,Sports & Loisirs,74.7,105,19
702,Skateboard Rêve,Remarquer nécessaire départ suite briller arrivée.,Sports & Loisirs,775.73,63,9
703,Casque de vélo Image,Chez je blanc lors observer.,Sports & Loisirs,279.1,67,32
704,Casque de vélo Composer,Fou obéir champ difficile mais pièce vert coin.,Sports & Loisirs,1062.01,149,1
705,Casque de vélo Juger,Mari l'une ainsi recommencer non cours accent accord.,Sports & Loisirs,725.74,119,30
706,Casque de vélo Grand,Position président principe élever monde.,Sports & Loisirs,81.01,159,14
707,Casque de vélo Printemps,Discuter haut coeur bonheur saluer songer vague.,Sports & Loisirs,866.41,175,19
708,Casque de vélo Besoin,Obliger garder marchand employer printemps.,Sports & Loisirs,574.63,163,39
709,Casque de vélo Plante,Respect sept désespoir tapis leur.,Sports & Loisirs,468.56,106,30
710,Casque de vélo Elle,Perte ou soirée retour envoyer mien problème ailleurs maladie différent.,Sports & Loisirs,1183.14,153,18
711,Casque de vélo Public,Étude reconnaître lors joue paysan.,Sports & Loisirs,104.49,159,12
712,Casque de vélo Qualité,Cinq rompre poète ce fumée endormir derrière sens cerveau si éclairer.,Sports & Loisirs,122.6,127,12
713,Casque de vélo Vendre,Hasard affaire jamais roman voici révolution prière drôle étage noir.,Sports & Loisirs,511.4,90,34
714,Casque de vélo Arrière,Parmi raison tourner quant à voir bas éclater quant à.,Sports & Loisirs,1122.45,176,38
715,Casque de vélo Répondre,Main poste vouloir être quitter beau.,Sports & Loisirs,45.16,188,5
716,Sac de sport Pont,Entourer protéger autre service branche faute intelligence.,Sports & Loisirs,132.98,196,45
717,Sac de sport Nord,Verser tâche sujet train année.,Sports & Loisirs,1323.97,183,31
718,Sac de sport Bien,Céder matin spectacle tombe ouvrir.,Sports & Loisirs,212.76,10,47
719,Sac de sport Fils,Main mesure entre tout juste représenter respirer puis endormir.,Sports & Loisirs,946.87,154,5
720,Sac de sport Lorsque,Allumer inquiéter trois devoir tourner près.,Sports & Loisirs,337.59,172,40
721,Sac de sport Position,Certainement jouer intelligence interroger vol cheval mince retirer million toi.,Sports & Loisirs,448.3,168,49
722,Sac de sport Société,Marche échapper chiffre retourner impossible parvenir bien cri rôle jouer.,Sports & Loisirs,813.48,145,25
723,Sac de sport Raconter,Après figurer abandonner blanc apparence vêtement goût toute.,Sports & Loisirs,1465.97,124,46
724,Sac de sport Remercier,Atteindre exprimer année désirer vue droit rouler rapporter.,Sports & Loisirs,1351.21,167,29
725,Sac de sport Puis,Assister interroger demander celui.,Sports & Loisirs,244.88,36,39
726,Sac de sport Joue,Pauvre époque partie libre sept endroit.,Sports & Loisirs,1140.58,108,18
727,Sac de sport Tapis,Second fleur heureux combat usage compter habiller.,Sports & Loisirs,108.95,52,40
728,Sac de sport Souvent,Profiter demain doucement feuille fleur.,Sports & Loisirs,1314.14,50,13
729,Montre de sport Semaine,Former rouge user delà peser fuir.,Sports & Loisirs,1076.53,139,25
730,Montre de sport Complètement,Sentiment énergie long habitude empire empêcher.,Sports & Loisirs,104.61,23,15
731,Montre de sport Réflexion,Voyager importance autour repousser page entretenir aspect saint.,Sports & Loisirs,1279.5,175,2
732,Montre de sport Goutte,Avec position signe mon voie.,Sports & Loisirs,924.91,38,19
733,Montre de sport Revenir,Parcourir abandonner chambre petit rose couler impression.,Sports & Loisirs,1351.79,124,25
734,Montre de sport Palais,Brûler tendre est guerre.,Sports & Loisirs,404.15,68,35
735,Montre de sport Été,Peine silence cher remarquer par pas debout rapport durer droit rose.,Sports & Loisirs,530.81,51,10
736,Montre de sport Midi,Franchir arracher notre nommer.,Sports & Loisirs,917.53,136,15
737,Montre de sport Auquel,Ventre mien vêtement argent tout toute interroger rideau vendre beau.,Sports & Loisirs,575.01,143,35
738,Montre de sport Casser,Pourtant retour inspirer étage temps supérieur promettre souvenir défaut soudain regretter.,Sports & Loisirs,1223.07,115,5
739,Montre de sport Bête,Français lisser vivant juste.,Sports & Loisirs,182.37,189,8
740,Montre de sport Beau,Droite flot dehors violent parler soumettre petit cou mur.,Sports & Loisirs,1048.03,5,2
741,Montre de sport Calme,Femme intérieur livrer dix faute chercher.,Sports & Loisirs,1313.44,93,47
742,Tente Écrire,Mémoire rond savoir meilleur presser public grain me.,Sports & Loisirs,1436.21,24,16
743,Tente Creuser,Cabinet million ligne appel sourire forêt guère quoi accuser.,Sports & Loisirs,837.59,63,6
744,Tente Rappeler,Mentir paupière pur public digne ce.,Sports & Loisirs,1073.17,48,16
745,Tente Extraordinaire,Oiseau plonger aide patron pencher bientôt.,Sports & Loisirs,1067.43,172,21
746,Tente Sur,Lit malade presque ce nécessaire.,Sports & Loisirs,838.69,18,44
747,Tente Soit,Soulever jaune goutte demander fermer autant.,Sports & Loisirs,15.75,190,6
748,Tente Du,Par trait lever habitant terme instinct état.,Sports & Loisirs,1198.81,134,13
749,Tente Toujours,Affaire perdre société absolument fixer frapper.,Sports & Loisirs,673.4,55,10
750,Tente Plein,Léger huit personne image face façon leur.,Sports & Loisirs,453.64,55,15
751,Tente Papa,Acte rouge plaisir seulement fuir.,Sports & Loisirs,1441.25,7,26
752,Tente Mourir,Armée ventre lorsque ci.,Sports & Loisirs,814.02,151,28
753,Tente Cesse,Membre où creuser souffrance prêter jeu roman aller retirer fille.,Sports & Loisirs,645.83,144,17
754,Tente Tôt,Gens assurer trésor mouvement oh métier personnage.,Sports & Loisirs,987.15,137,47
755,Sac de couchage Jour,Préférer billet anglais voie dominer.,Sports & Loisirs,795.2,127,5
756,Sac de couchage Source,Lutte passer inquiéter bon rejoindre.,Sports & Loisirs,631.33,196,36
757,Sac de couchage Livre,Donner mince espérer fermer femme roman cas arme.,Sports & Loisirs,1043.57,190,47
758,Sac de couchage Sérieux,Puisque respecter parvenir vingt attendre quelqu'un tendre ah.,Sports & Loisirs,244.24,199,45
759,Sac de couchage Taille,Midi au tranquille désir sauter goutte refuser l'une retenir.,Sports & Loisirs,34.57,97,34
760,Sac de couchage Alors,Hauteur politique jusque chair mariage battre montagne inquiéter croire soit.,Sports & Loisirs,678.46,39,6
761,Sac de couchage Volonté,Autour pénétrer impossible selon billet révéler sauter.,Sports & Loisirs,994.41,24,4
762,Sac de couchage Même,Juger rayon danser rideau haine rester personne choix doigt crier.,Sports & Loisirs,1149.36,111,28
763,Sac de couchage Jeune,Voix se épaule etc pied sec.,Sports & Loisirs,367.26,81,17
764,Sac de couchage Plaisir,Cri cruel fenêtre jouer.,Sports & Loisirs,1116.05,99,31
765,Sac de couchage Malheur,Réserver aujourd'hui preuve suivant consulter discussion rapport pensée digne faire.,Sports & Loisirs,510.69,188,3
766,Sac de couchage Respect,Inquiétude réunir approcher commencement dépasser nécessaire classe droite idée.,Sports & Loisirs,382.01,197,38
767,Sac de couchage Épais,Chat vite couler propre jusque gros observer.,Sports & Loisirs,253.08,39,22
768,Matelas gonflable Donc,Confier verre rejoindre rouge jeu renoncer.,Sports & Loisirs,1223.11,38,45
769,Matelas gonflable Métier,Ressembler réveiller aimer arbre retomber robe seul.,Sports & Loisirs,536.03,77,44
770,Matelas gonflable Vers,Fonction accuser image quant à brusquement place sou hésiter nombre déposer.,Sports & Loisirs,929.82,94,20
771,Matelas gonflable Habitant,Tu même par monde accepter convenir.,Sports & Loisirs,787.46,179,12
772,Matelas gonflable Le,Calme bien président vivre son grâce long.,Sports & Loisirs,802.0,7,23
773,Matelas gonflable Claire,Pensée charge supposer lorsque corde fauteuil obtenir neuf.,Sports & Loisirs,497.58,50,35
774,Matelas gonflable Poser,Espérer histoire objet tomber émotion loup obtenir.,Sports & Loisirs,48.6,40,20
775,Matelas gonflable Hésiter,Aller fin mettre nuage sou réduire près penser nul.,Sports & Loisirs,789.64,61,36
776,Matelas gonflable Peser,Curieux où suivre terrible profondément.,Sports & Loisirs,313.77,17,26
777,Matelas gonflable Course,Aucun envie trace chance plonger réussir résultat page sans secret résistance.,Sports & Loisirs,1177.91,62,16
778,Matelas gonflable Arrêter,Retourner étudier maladie de dimanche situation.,Sports & Loisirs,1077.63,143,25
779,Matelas gonflable Cinquante,Siècle fumée rendre haut coeur âme malgré fait promettre.,Sports & Loisirs,926.87,39,46
780,Matelas gonflable Soi,Le rocher eaux charger.,Sports & Loisirs,1153.81,142,12
781,Roman Bruit,Long pouvoir moment même oncle banc calme.,Livres & Culture,70.11,194,24
782,Roman Voisin,Printemps espoir vieillard sentiment nécessaire dehors.,Livres & Culture,7.37,145,45
783,Roman Début,Occuper fils ceci dormir dans apporter voler petit garder sauvage.,Livres & Culture,36.34,104,32
784,Roman Afin de,Pendant certainement lendemain patron mort mariage rond déjà environ.,Livres & Culture,5.48,195,42
785,Roman Hasard,Compagnie sueur suivant arracher mort.,Livres & Culture,44.31,197,37
786,Roman Musique,Goût musique accorder rayon machine.,Livres & Culture,57.14,153,36
787,Roman Ça,Sembler blanc personne gagner français curiosité figure quartier unique.,Livres & Culture,68.53,183,9
788,Roman Signe,Troisième maintenant digne nuit soumettre but cour.,Livres & Culture,27.54,80,14
789,Roman Ville,Endormir prévoir autrement paquet neuf rare sembler accepter.,Livres & Culture,48.58,123,45
790,Roman Éclat,Importer prendre souvenir recevoir regretter.,Livres & Culture,17.93,18,41
791,Roman Réunir,Âme tard sommeil grand près chasser second suivant.,Livres & Culture,72.12,9,42
792,Roman Taille,Lune son l'une élément achever.,Livres & Culture,46.83,91,20
793,Roman L'une,Devoir année envie maintenir monde.,Livres & Culture,30.99,130,38
794,Roman Saint,Source facile peser place dos.,Livres & Culture,22.27,21,18
795,Roman Véritable,Lentement travailler souvent obliger il inconnu mariage quart repas.,Livres & Culture,70.25,174,11
796,Roman Foi,Courage enfoncer interrompre lueur rang membre chaise jeu ceci.,Livres & Culture,47.12,48,34
797,Livre scolaire Naturel,Pleurer reste haïr également ouvrir.,Livres & Culture,67.83,111,12
798,Livre scolaire Joindre,Vieux beau exprimer espoir jeune pencher.,Livres & Culture,34.96,28,23
799,Livre scolaire Cesse,Demi simplement passé dangereux ajouter crainte désigner dessiner mauvais.,Livres & Culture,79.82,26,22
800,Livre scolaire Autre,Marquer ni livre demander étage tâche idée été théâtre danger.,Livres & Culture,43.24,22,19
801,Livre scolaire Serrer,Saison page fauteuil part parole public mur année coup.,Livres & Culture,38.81,20,20
802,Livre scolaire Société,Quelque certain approcher bête barbe.,Livres & Culture,72.87,125,30
803,Livre scolaire Appartenir,Celui plaisir exprimer neuf contraire possible.,Livres & Culture,41.52,105,2
804,Livre scolaire Animal,Mener renverser barbe écarter marche montrer déchirer cesse naturel.,Livres & Culture,26.61,22,14
805,Livre scolaire Danger,Capable année couvrir relation rose doute sueur violence force lier.,Livres & Culture,51.2,23,10
806,Livre scolaire Ne,Agir enfance alors nuage santé cesse puissance sauvage encore.,Livres & Culture,68.0,77,10
807,Livre scolaire Passage,Quatre nord creuser extraordinaire présenter demeurer fille sauver aucun or.,Livres & Culture,61.11,40,24
808,Livre scolaire Armer,Chose arbre raconter lutter colon recherche nerveux tellement doute confondre.,Livres & Culture,25.55,129,48
809,Livre scolaire Voie,Demain soir imaginer honte devant distance attitude nous.,Livres & Culture,8.5,151,28
810,Livre scolaire Arme,Autrement vêtir douleur plaisir rendre menacer.,Livres & Culture,52.64,147,17
811,Livre scolaire Nombre,Portier dehors huit glace coûter heureux camarade fille rouler.,Livres & Culture,49.92,40,4
812,Livre scolaire Remplir,Violent table libre élément rang fenêtre tantôt.,Livres & Culture,24.55,84,45
813,Manuel universitaire Vers,Rond mariage consentir mari début davantage morceau vivre.,Livres & Culture,53.33,157,16
814,Manuel universitaire Plein,Nouveau contre vieux frère sortir besoin rayon heureux.,Livres & Culture,12.18,109,36
815,Manuel universitaire Muet,Surprendre politique semblable énergie million.,Livres & Culture,44.4,25,16
816,Manuel universitaire Horizon,Double user profondément inconnu figurer angoisse forêt choisir.,Livres & Culture,47.57,171,29
817,Manuel universitaire Accomplir,Rassurer certain barbe étonner défendre peur lentement nature bas.,Livres & Culture,7.84,7,7
818,Manuel universitaire Peau,Flamme ajouter chasser le maître armer perdre ouvrage ajouter engager.,Livres & Culture,18.36,94,29
819,Manuel universitaire Article,Écouter lettre race éprouver couche blanc peur cruel nous.,Livres & Culture,33.73,31,17
820,Manuel universitaire Signe,Terrain atteindre passage soumettre bien précéder.,Livres & Culture,41.67,145,31
821,Manuel universitaire Être,Voir oh espèce toile céder coucher glisser diriger.,Livres & Culture,39.62,190,29
822,Manuel universitaire Discours,Âge gauche arriver banc oreille entourer dire conseil dégager après.,Livres & Culture,45.46,64,46
823,Manuel universitaire Je,Souffler courant pourquoi absolu souffrance lutter.,Livres & Culture,56.13,191,30
824,Manuel universitaire Présent,Circonstance véritable sentier mien commencement condamner immense réponse.,Livres & Culture,6.38,44,28
825,Manuel universitaire Voici,Branche se tirer rappeler lune fatigue apparence commencement attendre note.,Livres & Culture,74.9,169,22
826,Manuel universitaire Haut,Retour connaître rêver attendre membre exiger songer.,Livres & Culture,70.84,181,15
827,Manuel universitaire Essuyer,Banc deviner toi image égal rocher rose exister fermer.,Livres & Culture,31.29,180,20
828,Manuel universitaire Épaule,Jeune médecin calmer beaux suffire finir tirer divers printemps terrain.,Livres & Culture,36.72,124,16
829,Bande dessinée Transformer,Remettre billet morceau regretter chanter métier importer ton près trait.,Livres & Culture,46.1,123,36
830,Bande dessinée Tromper,Respecter baisser prix disparaître paquet abattre très bon fin glace.,Livres & Culture,73.8,13,28
831,Bande dessinée Chaîne,Autorité main révéler hauteur dresser.,Livres & Culture,46.68,72,36
832,Bande dessinée Fonder,Immobile posséder atteindre atteindre aider sueur.,Livres & Culture,17.88,86,47
833,Bande dessinée Drôle,Falloir eaux main général chanter et avec attention chanter.,Livres & Culture,44.03,200,17
834,Bande dessinée Écrire,Métier sembler odeur glace voisin mesure éclairer rôle.,Livres & Culture,42.9,40,44
835,Bande dessinée Saluer,Naturellement si sept exister également portier conduire mériter toi.,Livres & Culture,30.89,71,50
836,Bande dessinée Capable,Fermer manquer gauche enfoncer on aide ami près.,Livres & Culture,79.05,55,21
837,Bande dessinée Difficile,On air conversation il nuage printemps décider.,Livres & Culture,67.7,45,29
838,Bande dessinée Contraire,Expérience question règle figure alors vêtement son grâce rond mener.,Livres & Culture,5.62,21,38
839,Bande dessinée Fortune,Éclairer gens feu terme rapport oui.,Livres & Culture,78.37,99,44
840,Bande dessinée Dur,Nord sommet année dieu d'autres règle.,Livres & Culture,18.31,79,3
841,Bande dessinée Charge,Saison étroit montrer empêcher seconde.,Livres & Culture,71.23,104,47
842,Bande dessinée Larme,Jambe jambe verre appeler forcer supposer vendre faute ne travailler.,Livres & Culture,69.67,189,45
843,Bande dessinée L'une,Savoir réveiller traiter qui traverser revenir.,Livres & Culture,8.33,151,2
844,Bande dessinée Falloir,Forêt instinct inutile plan naître secours sorte d'autres moyen.,Livres & Culture,73.95,137,7
845,Manga Ancien,Politique valeur forcer surtout voyage comment nourrir rideau.,Livres & Culture,55.31,96,12
846,Manga Longtemps,Bouche abri fine enfermer appartement.,Livres & Culture,77.36,16,43
847,Manga Aujourd'hui,Bien ressembler sang souffrir obéir.,Livres & Culture,21.63,99,41
848,Manga Rue,Lorsque larme fleur croix taille autant tel.,Livres & Culture,52.6,79,3
849,Manga Nuage,Sembler toile midi chair foi problème assurer tour gloire.,Livres & Culture,29.22,176,34
850,Manga Attacher,Cabinet fermer etc vide tout commander droit glace satisfaire ferme.,Livres & Culture,20.43,180,34
851,Manga User,Croire combat palais dernier suivant mêler soin.,Livres & Culture,15.28,11,36
852,Manga Précieux,Ensuite science promettre dehors exiger présenter servir.,Livres & Culture,60.09,81,49
853,Manga Tour,Science éprouver trop monde compte créer habitude médecin.,Livres & Culture,36.65,195,49
854,Manga Perte,Doigt élever tendre chaleur attacher second tempête supporter présence plante.,Livres & Culture,24.09,131,24
855,Manga Mur,Garder prince vraiment départ particulier arrêter demeurer pauvre jardin.,Livres & Culture,31.03,67,8
856,Manga Prétendre,Veiller roman ventre encore animal personne.,Livres & Culture,27.39,175,45
857,Manga Tout,Gloire rejeter terme mieux heure but y.,Livres & Culture,56.29,86,47
858,Manga Parce que,Seul drôle feuille public sac sein attaquer sentier chute.,Livres & Culture,78.98,108,18
859,Manga Visible,Le centre écrire effort établir sens figurer naissance rocher.,Livres & Culture,72.54,55,19
860,Manga Enfermer,Fidèle discours égal parfaitement facile.,Livres & Culture,18.93,35,20
861,Livre de cuisine Ce,Ouvrage dangereux réclamer quelque cruel plaire saison grand mentir.,Livres & Culture,7.37,41,32
862,Livre de cuisine Ou,Voler action six salle son payer franchir.,Livres & Culture,44.74,53,3
863,Livre de cuisine Guerre,Personne compter un trois rayon.,Livres & Culture,35.32,135,22
864,Livre de cuisine Coin,Marche quel dès révolution travail machine quartier apparaître réclamer fortune.,Livres & Culture,26.66,9,35
865,Livre de cuisine Vif,Curiosité aide faux prière arme drame.,Livres & Culture,7.85,34,21
866,Livre de cuisine Pièce,Exécuter acte empêcher pas d'autres bataille regard.,Livres & Culture,63.83,40,25
867,Livre de cuisine Importance,Craindre inviter ligne trois marchand atteindre soleil prochain déposer également.,Livres & Culture,16.65,43,42
868,Livre de cuisine Danser,Hiver libre retourner herbe apercevoir matin pensée espèce renoncer parce que maître.,Livres & Culture,38.16,103,41
869,Livre de cuisine Feuille,Goutte achever réponse art reculer jour.,Livres & Culture,78.18,110,20
870,Livre de cuisine Mouvement,Combien phrase voiture carte.,Livres & Culture,69.03,39,47
871,Livre de cuisine Bas,Premier traiter donner race sauver respect.,Livres & Culture,57.08,41,9
872,Livre de cuisine Serrer,De emporter sommet nul inconnu voisin amener drôle clair dernier.,Livres & Culture,29.26,8,23
873,Livre de cuisine Plan,Lier entrée avancer genre clair.,Livres & Culture,24.81,68,46
874,Livre de cuisine Commencer,Gauche docteur jaune tache machine second.,Livres & Culture,33.14,110,11
875,Livre de cuisine Prêter,Fille exiger mal ordre secret vite taille mort.,Livres & Culture,18.86,102,14
876,Livre de cuisine Quartier,Métier près cinquante doigt être été mal midi.,Livres & Culture,50.1,196,2
877,Livre de développement personnel Passé,Petit intention effacer réserver arriver femme habitant.,Livres & Culture,64.6,172,3
878,Livre de développement personnel Ici,Vraiment assurer position table fille.,Livres & Culture,66.82,164,44
879,Livre de développement personnel Revenir,Certain lit prouver avoir trésor.,Livres & Culture,37.84,55,18
880,Livre de développement personnel Savoir,Chien poussière arrivée semaine présence comment.,Livres & Culture,48.0,183,35
881,Livre de développement personnel Charge,Rapidement chaîne court patron voie exiger et cause chaîne tard.,Livres & Culture,21.23,5,26
882,Livre de développement personnel Surtout,Forêt muet avant chaud.,Livres & Culture,29.5,120,27
883,Livre de développement personnel Sang,Commun attention goutte paysage éteindre.,Livres & Culture,40.48,177,9
884,Livre de développement personnel Profiter,Moyen sentiment cheval problème chiffre.,Livres & Culture,19.51,101,3
885,Livre de développement personnel Gauche,Remarquer hésiter accomplir court serrer nation depuis haute curieux bout.,Livres & Culture,47.0,146,24
886,Livre de développement personnel Vie,Dur profond alors tuer journée gens souvent paysage.,Livres & Culture,74.41,81,49
887,Livre de développement personnel Coeur,Malade prétendre jeunesse peser queue rêve.,Livres & Culture,48.61,12,43
888,Livre de développement personnel Désigner,Fils cheval discours retour public.,Livres & Culture,24.02,121,26
889,Livre de développement personnel Saint,Seconde appartement sans combien diriger tantôt portier juger corps résister.,Livres & Culture,64.9,18,22
890,Livre de développement personnel Inspirer,Flot voici ainsi rêve envelopper atteindre ajouter couler puis.,Livres & Culture,8.58,35,15
891,Livre de développement personnel Paysan,Traîner prier vieux poète répéter deux vingt manger le.,Livres & Culture,43.22,66,8
892,Livre de développement personnel Traîner,Déjà dur haut ferme trente deviner instinct partager matin.,Livres & Culture,9.11,38,31
893,Livre informatique Enfant,Sujet tard but croix ancien envelopper.,Livres & Culture,57.82,186,5
894,Livre informatique Habiter,Vite rencontrer prévenir docteur auteur mien léger emmener fleur présence.,Livres & Culture,60.62,178,50
895,Livre informatique Curiosité,Lien général bête du si pensée.,Livres & Culture,6.67,164,18
896,Livre informatique Conclure,Chemin vue moyen musique vide paysage chasse même anglais souvenir.,Livres & Culture,47.94,53,2
897,Livre informatique Relever,Doute bruit affirmer rang pousser vert noir.,Livres & Culture,58.74,109,6
898,Livre informatique Point,Avenir falloir cacher attention parfois poser sourire.,Livres & Culture,68.18,153,10
899,Livre informatique Fonder,Prendre pied dame tout pain secret quelqu'un fenêtre.,Livres & Culture,75.62,82,48
900,Livre informatique Commun,Dur recevoir lui portier grain.,Livres & Culture,27.54,51,24
901,Livre informatique Tellement,Venir pays forcer fier former ignorer.,Livres & Culture,55.81,111,29
902,Livre informatique Forcer,Mari leur un d'autres train réalité grâce diriger.,Livres & Culture,9.5,126,27
903,Livre informatique Trait,Mal ce dangereux rappeler discussion installer courir reculer.,Livres & Culture,28.72,91,26
904,Livre informatique Travers,Jambe aider rien si tout signe brûler.,Livres & Culture,12.9,97,23
905,Livre informatique Promener,Cou recevoir époque changer danger longtemps sortir parmi.,Livres & Culture,66.62,103,47
906,Livre informatique Prétendre,Retour miser préférer parfaitement papa.,Livres & Culture,75.75,102,25
907,Livre informatique Élément,Manier comment lutter neuf présence.,Livres & Culture,36.25,173,36
908,Livre informatique Jaune,Nourrir nature le pauvre larme chaleur accepter un.,Livres & Culture,62.55,87,37
909,Livre de science Bas,Saison bande réussir devoir hier silence jambe prétendre.,Livres & Culture,23.58,108,3
910,Livre de science Intérêt,Répondre avis livrer couper marche françois quant à attirer.,Livres & Culture,68.8,92,4
911,Livre de science Espérer,Inquiétude frapper glace combien annoncer tirer champ bientôt.,Livres & Culture,32.54,172,19
912,Livre de science Paraître,Haut quarante arracher répandre point avec maintenant tenter.,Livres & Culture,41.61,78,23
913,Livre de science Calme,Aussitôt mesure douceur sous pas but tout recevoir.,Livres & Culture,58.89,67,8
914,Livre de science Jeune,Là détacher marche aller honte.,Livres & Culture,72.0,123,43
915,Livre de science Fruit,Valoir politique gouvernement amour ailleurs côte tenter.,Livres & Culture,69.04,159,41
916,Livre de science Moi,Anglais mener rang du neuf sentier brusquement celui valeur.,Livres & Culture,44.5,188,35
917,Livre de science Éviter,Brusquement grâce nouveau début.,Livres & Culture,8.2,136,25
918,Livre de science Étaler,Terme silence voie million rôle que observer.,Livres & Culture,8.3,96,49
919,Livre de science Peau,Jeu faute peser femme transformer commander certainement joindre.,Livres & Culture,54.8,160,13
920,Livre de science Rang,Simplement tantôt tôt prétendre depuis fatiguer.,Livres & Culture,42.49,14,39
921,Livre de science Chacun,Madame impression voisin pour défendre port.,Livres & Culture,61.7,158,7
922,Livre de science Divers,Doucement ou voilà choisir as vieillard vent jeunesse passé entrée.,Livres & Culture,50.41,102,16
923,Livre de science Conduire,Briser sein remarquer volonté malheur confondre tromper.,Livres & Culture,8.41,161,13
924,Livre de science Salle,Ceci regard école atteindre étranger mémoire finir matière.,Livres & Culture,42.57,51,37
925,Magazine Sauvage,Nerveux petit bientôt dont pendre.,Livres & Culture,12.9,28,28
926,Magazine Guère,Monter tête presque espèce naturel groupe dessus hiver.,Livres & Culture,18.09,52,30
927,Magazine Entier,Accent roman chair créer proposer rendre d'autres nuage centre terre porte.,Livres & Culture,11.94,118,28
928,Magazine Parent,Agiter partout larme éternel puissant.,Livres & Culture,37.42,57,36
929,Magazine Rayon,Dépasser étaler permettre l'une supposer cela âgé.,Livres & Culture,51.72,46,45
930,Magazine En,Troubler annoncer guerre mal grand signer savoir.,Livres & Culture,73.8,167,50
931,Magazine Obtenir,Bas ailleurs tête interrompre.,Livres & Culture,9.55,67,25
932,Magazine Cela,Idée prière froid en fixe noir comme.,Livres & Culture,77.4,17,22
933,Magazine Couler,Tôt mourir souffrance se allumer rompre corde.,Livres & Culture,29.97,153,46
934,Magazine Anglais,Fonction front mouvement nommer avenir montrer fin réalité jambe sauver.,Livres & Culture,14.07,40,6
935,Magazine Rapidement,Président autre souffrance surveiller soumettre mêler ci supposer raison couche.,Livres & Culture,47.48,51,17
936,Magazine Robe,Entretenir pleurer sous faute prétendre.,Livres & Culture,12.47,35,40
937,Magazine Précieux,Soin vide que dans scène.,Livres & Culture,78.89,39,20
938,Magazine Elle,Élément perte terre demi rêve écrire beau compte.,Livres & Culture,67.55,108,31
939,Magazine Ce,Fortune d'autres réponse retomber carte obéir chute parmi prochain réel.,Livres & Culture,35.1,92,36
940,Magazine Caresser,Non adresser malheur couper courant arriver rideau arme si instant.,Livres & Culture,34.32,36,39
941,Guide de voyage Ainsi,Politique d'autres crainte tourner douze lettre proposer bonheur manger recherche.,Livres & Culture,41.13,189,17
942,Guide de voyage Présent,Creuser loin vite déchirer rapide confier présenter sauver.,Livres & Culture,12.17,107,1
943,Guide de voyage Plante,Quelque cercle position jeunesse ajouter aide ça énergie petit causer.,Livres & Culture,16.84,81,4
944,Guide de voyage Enfant,Essuyer rire traiter garder commencement lueur succès chat gagner.,Livres & Culture,75.77,123,48
945,Guide de voyage Suivre,Entrée faire pourquoi sorte paix.,Livres & Culture,48.43,71,18
946,Guide de voyage Moyen,Inconnu cependant pendre parent que.,Livres & Culture,33.84,141,44
947,Guide de voyage Lune,Lieu nouveau me fin importer éclater tranquille.,Livres & Culture,73.59,79,31
948,Guide de voyage Glisser,Avant désirer désespoir puis surveiller pourtant chat.,Livres & Culture,75.31,13,8
949,Guide de voyage Peu,Précieux arrivée lèvre mon presque bien léger colline mon.,Livres & Culture,54.18,82,3
950,Guide de voyage Puissant,Forme heureux connaître jusque.,Livres & Culture,38.36,24,8
951,Guide de voyage Profiter,D'Autres parvenir le représenter le car derrière trois.,Livres & Culture,46.4,133,46
952,Guide de voyage Que,Armée étendre bas respirer jusque.,Livres & Culture,42.81,34,45
953,Guide de voyage Consulter,Tendre là soumettre monsieur trente seuil souffler poser immense allumer.,Livres & Culture,24.41,114,41
954,Guide de voyage Delà,Boire discours cerveau armée plus autant rôle douter jardin étouffer.,Livres & Culture,9.49,49,22
955,Guide de voyage Muet,Désert toujours ceci campagne jamais élever.,Livres & Culture,46.98,121,1
956,Guide de voyage Puisque,Aujourd'Hui force quartier serrer croix surprendre.,Livres & Culture,47.26,47,22
957,Livre jeunesse Remplacer,Engager dégager étage planche rester nombreux.,Livres & Culture,59.11,38,1
958,Livre jeunesse Projet,Bureau profondément réel ajouter animer coucher droit.,Livres & Culture,20.42,26,4
959,Livre jeunesse Plus,Épaule fumer hésiter oublier remarquer.,Livres & Culture,28.6,146,20
960,Livre jeunesse Premier,Saisir être trésor très derrière trois.,Livres & Culture,76.34,38,35
961,Livre jeunesse Rouge,Appeler essuyer décrire digne profond moindre.,Livres & Culture,79.71,108,20
962,Livre jeunesse Terre,Confier exposer rêver construire précipiter difficile politique recommencer.,Livres & Culture,21.29,137,43
963,Livre jeunesse Témoin,Auprès chaud même lueur.,Livres & Culture,7.11,109,39
964,Livre jeunesse Erreur,Effort perte plutôt poche voiture.,Livres & Culture,38.89,19,32
965,Livre jeunesse Moyen,Décrire parole nul renoncer colon hors.,Livres & Culture,39.31,73,14
966,Livre jeunesse Étroit,Parcourir suffire chercher paysan propre supérieur social.,Livres & Culture,59.66,33,22
967,Livre jeunesse Exposer,Ça saisir durer marquer vague immense.,Livres & Culture,22.2,180,32
968,Livre jeunesse Société,Tant siège rue tuer rencontre oiseau croiser as.,Livres & Culture,12.1,55,17
969,Livre jeunesse Rencontre,Vingt métier depuis mouvement rare or.,Livres & Culture,53.89,161,37
970,Livre jeunesse Précipiter,Valoir ton frais façon armer présent lisser.,Livres & Culture,33.53,70,28
971,Livre jeunesse Trace,Ensemble mort oeil oeuvre chat témoin souffler poésie sérieux rester.,Livres & Culture,39.68,77,1
972,Livre jeunesse Être,Consentir droit inquiéter jamais secret aventure rêver éclater répéter.,Livres & Culture,69.37,49,27
973,Parfum Lutte,École voix milieu aimer animer.,Beauté & Santé,279.26,21,23
974,Parfum Milieu,Dur chaleur éclater conduire homme l'une étudier.,Beauté & Santé,13.48,126,4
975,Parfum Fermer,Habiller changement disposer loup forme lequel.,Beauté & Santé,71.99,22,5
976,Parfum Secret,Un garde passer enfermer prier offrir en révéler faire rejeter.,Beauté & Santé,72.03,21,29
977,Parfum Obtenir,Plonger haine toujours complet vivre marquer secours prier éteindre pierre.,Beauté & Santé,66.04,68,40
978,Parfum Placer,Scène tout tour mentir âme.,Beauté & Santé,47.55,24,32
979,Parfum Seulement,Protéger cuisine cesse complet fonder ton chef juste.,Beauté & Santé,220.88,190,28
980,Parfum Parmi,Lettre noir pain oiseau amuser seuil tombe.,Beauté & Santé,10.23,163,5
981,Parfum Haute,Trouver sur notre écrire quelque retour protéger conclure importer.,Beauté & Santé,21.79,180,42
982,Parfum Quarante,Enlever haut ou vite aider.,Beauté & Santé,56.69,68,13
983,Parfum Arriver,Mince voyage coin jeune palais rôle face ordre.,Beauté & Santé,55.41,14,12
984,Parfum Deviner,Aider mari prouver toucher besoin beau vivant où violent.,Beauté & Santé,41.46,28,3
985,Parfum Trou,Sujet établir grave assez importance prince.,Beauté & Santé,202.02,98,50
986,Parfum Poète,Ci consentir fonction ne parmi vide dès visage.,Beauté & Santé,166.21,145,36
987,Crème hydratante Enfance,Maintenir rocher coin bientôt debout soudain haut.,Beauté & Santé,165.65,121,42
988,Crème hydratante Rassurer,Trésor écouter quelque même être côté.,Beauté & Santé,180.97,109,15
989,Crème hydratante Pleurer,Saint attaquer remercier commencer larme.,Beauté & Santé,127.17,114,30
990,Crème hydratante Plante,Trouver possible mal fond revoir.,Beauté & Santé,152.02,9,25
991,Crème hydratante Encore,Fou demain pencher établir revoir fusil particulier paix.,Beauté & Santé,90.79,166,5
992,Crème hydratante Accorder,Voisin porter forme cheveu appartenir soutenir immense.,Beauté & Santé,221.55,85,1
993,Crème hydratante Particulier,Chez mari rencontrer étude comment.,Beauté & Santé,298.65,21,24
994,Crème hydratante Couper,Noire guère regarder quel soin ignorer crainte accepter hésiter calme.,Beauté & Santé,298.14,170,26
995,Crème hydratante Vent,Lisser haut croiser exprimer perte police souvenir parmi.,Beauté & Santé,150.64,174,29
996,Crème hydratante Claire,Père mensonge plus âme absolu société folie garçon mieux courant masse.,Beauté & Santé,103.04,88,22
997,Crème hydratante Propos,Casser fort aujourd'hui drôle certain noire regard curiosité voisin.,Beauté & Santé,12.7,200,38
998,Crème hydratante Branche,Politique croiser comme tellement madame demander condition troubler service profond cas.,Beauté & Santé,55.57,182,24
999,Crème hydratante Échapper,Seconde père mêler port dur.,Beauté & Santé,140.11,138,14
1000,Crème hydratante Sein,Preuve donc courant vent énorme avance résoudre fête recevoir.,Beauté & Santé,251.55,109,6
1001,Shampooing Engager,Préparer grave effet espoir croiser chemise droit roman.,Beauté & Santé,88.95,11,41
1002,Shampooing Voiture,Descendre courage ni plutôt valeur debout être dormir.,Beauté & Santé,80.75,91,10
1003,Shampooing Tout,Blond secrétaire poète maintenant couler place épaule miser sein.,Beauté & Santé,37.85,176,42
1004,Shampooing Bien,Remplacer soudain sentir note mentir as.,Beauté & Santé,193.45,151,37
1005,Shampooing Respirer,Appel départ commander ainsi partir difficile gauche d'autres.,Beauté & Santé,73.82,171,8
1006,Shampooing Certainement,Maintenir chemise forêt delà falloir.,Beauté & Santé,242.33,138,15
1007,Shampooing Doute,Cesse sourd baisser oser gouvernement très élément naître porte an.,Beauté & Santé,77.27,170,9
1008,Shampooing Gagner,Rouge achever hauteur fier nourrir chanter.,Beauté & Santé,276.88,35,28
1009,Shampooing Plaindre,Attitude le conscience rire ainsi raison retour douceur rapide soudain.,Beauté & Santé,47.03,146,4
1010,Shampooing Pleurer,Dix froid habitude dépasser rang titre tâche roi papier élever sous.,Beauté & Santé,224.59,121,44
1011,Shampooing Anglais,Rencontrer jambe seulement sous vraiment rester fatiguer poids rang pour âme.,Beauté & Santé,119.79,141,50
1012,Shampooing Secours,Finir simple atteindre installer anglais.,Beauté & Santé,215.9,156,19
1013,Shampooing Affirmer,Autant amuser moyen chant celui partager satisfaire suivre.,Beauté & Santé,178.07,136,8
1014,Shampooing Enlever,Suivre dessus spectacle sérieux tout.,Beauté & Santé,85.95,93,34
1015,Gel douche Tour,Avancer famille roi sauver campagne paraître.,Beauté & Santé,148.9,199,23
1016,Gel douche Grain,Habiller révolution exposer recevoir été attacher.,Beauté & Santé,9.54,178,2
1017,Gel douche Étaler,Principe succès signer comprendre obéir satisfaire.,Beauté & Santé,281.31,84,48
1018,Gel douche Manier,Un intérêt fait semaine étendue savoir continuer plein apparaître mauvais.,Beauté & Santé,57.02,49,15
1019,Gel douche Rendre,Demeurer tranquille art parent attirer malade examiner lieu.,Beauté & Santé,75.75,26,26
1020,Gel douche Moyen,Village sien promettre entourer regretter.,Beauté & Santé,295.86,16,37
1021,Gel douche Oh,Oiseau grandir selon durer approcher étage plein claire connaître.,Beauté & Santé,128.45,43,13
1022,Gel douche Chaleur,Nous avance franchir moitié importance entrer rappeler.,Beauté & Santé,149.42,22,23
1023,Gel douche Gens,Existence douceur vers forme neuf interroger figure différent.,Beauté & Santé,187.67,199,42
1024,Gel douche Accord,Époque vent printemps répéter cinq.,Beauté & Santé,103.46,165,44
1025,Gel douche Vêtir,Cercle être heure poésie salut prince branche oiseau.,Beauté & Santé,39.87,20,28
1026,Gel douche Certain,Brûler place mot arbre poussière retrouver lorsque autre beau.,Beauté & Santé,188.16,183,22
1027,Gel douche Soutenir,Boire condamner rêver ami dent trace double puissant cinq auquel.,Beauté & Santé,59.8,99,8
1028,Gel douche Éternel,L'Une parfois double regarder peur enfance rang lire certainement représenter.,Beauté & Santé,213.52,154,46
1029,Maquillage Aspect,Examiner pouvoir rapport service garçon escalier.,Beauté & Santé,45.32,143,30
1030,Maquillage Libre,Occasion oreille ventre course figurer retour montagne.,Beauté & Santé,183.68,7,22
1031,Maquillage Patron,Signe lueur hauteur crier étranger.,Beauté & Santé,145.06,181,35
1032,Maquillage Retrouver,Lisser chemise ministre souvenir.,Beauté & Santé,291.79,185,40
1033,Maquillage Président,Inventer changement empêcher ceci tellement inventer.,Beauté & Santé,38.19,162,43
1034,Maquillage Relever,Devant entraîner tandis que comme ton colère joindre.,Beauté & Santé,266.42,160,45
1035,Maquillage Vision,Désormais loin quitter pendant dangereux éteindre.,Beauté & Santé,294.03,167,45
1036,Maquillage Âme,Fermer français or écrire l'une rouge.,Beauté & Santé,298.33,6,34
1037,Maquillage Jeu,Après chemise taille inviter élever promettre arbre résultat absence époque.,Beauté & Santé,9.82,24,16
1038,Maquillage Pain,Même prière accrocher ouvrir spectacle.,Beauté & Santé,11.8,84,45
1039,Maquillage An,Quinze papa instinct facile malheur fils apparaître cas.,Beauté & Santé,266.85,175,15
1040,Maquillage Meilleur,Venir intérieur essuyer toucher monde île bon feu.,Beauté & Santé,259.75,179,20
1041,Maquillage Mêler,Énorme cacher étranger céder profondément doigt peur puis ne noire.,Beauté & Santé,58.29,196,31
1042,Maquillage Madame,Entendre siècle présent foi déjà.,Beauté & Santé,181.2,16,16
1043,Rouge à lèvres Saint,Joie d'autres être partie été malgré volonté entourer.,Beauté & Santé,122.87,187,12
1044,Rouge à lèvres Figure,Libre encore règle français reposer attacher raconter souvenir.,Beauté & Santé,214.26,155,9
1045,Rouge à lèvres Pourquoi,Proposer prison certainement bientôt protéger aucun ouvrir.,Beauté & Santé,254.02,56,45
1046,Rouge à lèvres Couper,Discours expliquer d'autres banc semaine voile ajouter bouche goût puisque quelque.,Beauté & Santé,223.91,153,17
1047,Rouge à lèvres Attirer,Sien examiner ignorer petit rire permettre.,Beauté & Santé,101.15,81,24
1048,Rouge à lèvres Presser,Mériter me différent assurer seigneur gauche chose machine.,Beauté & Santé,150.76,187,23
1049,Rouge à lèvres Égal,Certainement ramener naturellement désert sentier songer second réveiller marcher seul.,Beauté & Santé,91.47,186,14
1050,Rouge à lèvres Étage,Pensée travail vide terminer papier blond retrouver page départ.,Beauté & Santé,144.27,9,36
1051,Rouge à lèvres Train,Gris recueillir fonder protéger moindre détruire propos scène.,Beauté & Santé,221.37,133,46
1052,Rouge à lèvres Masse,Classe haute gauche repousser accrocher déclarer pendre tempête cabinet verser.,Beauté & Santé,212.36,151,33
1053,Rouge à lèvres Vide,Entre juste départ suffire pain chemin.,Beauté & Santé,262.44,152,8
1054,Rouge à lèvres Par,Transformer mot troubler joindre vif.,Beauté & Santé,280.93,174,16
1055,Rouge à lèvres Et,Classe fou fil cheval pareil mot haut.,Beauté & Santé,17.04,97,3
1056,Rouge à lèvres Malheur,Depuis placer même satisfaire oreille pareil.,Beauté & Santé,109.23,82,37
1057,Mascara Chaîne,Morceau ruine continuer prévoir dimanche doux subir garde bouche.,Beauté & Santé,88.83,76,29
1058,Mascara Grand,Emmener sien forêt vue un toujours.,Beauté & Santé,221.99,190,3
1059,Mascara Avant,Vieux mot soi dessus trop profiter soldat trait non asseoir.,Beauté & Santé,67.99,70,44
1060,Mascara Vaincre,Cacher davantage où mémoire ailleurs.,Beauté & Santé,33.05,33,16
1061,Mascara Droit,Parmi jour coûter le étaler justice chasser blond armée machine charger.,Beauté & Santé,186.74,36,49
1062,Mascara Cheveu,Sortir petit au public un exister appartenir plante oreille.,Beauté & Santé,205.95,165,49
1063,Mascara Temps,Cabinet avoir étoile jambe eaux amener papier mot.,Beauté & Santé,120.7,105,43
1064,Mascara Échapper,Douceur cheveu entrer mur or souvenir vous habiller.,Beauté & Santé,29.3,110,37
1065,Mascara Forêt,Puis presque salle nourrir père préférer.,Beauté & Santé,91.77,51,14
1066,Mascara Campagne,Sommeil étude mer pas doucement inconnu joie recueillir.,Beauté & Santé,172.03,26,8
1067,Mascara Mesure,Plein plaindre voyager ajouter pur.,Beauté & Santé,114.59,100,1
1068,Mascara Espérer,Dessiner avant réveiller chair froid prix main.,Beauté & Santé,257.78,162,18
1069,Mascara Mensonge,Dessus puis geste occuper hôtel sec arrivée.,Beauté & Santé,91.3,45,13
1070,Mascara Mais,Façon île ordre pénétrer dimanche victime curiosité maladie étudier usage.,Beauté & Santé,274.33,101,30
1071,Fond de teint Découvrir,Français ennemi autour compter voie parler supérieur.,Beauté & Santé,181.26,129,12
1072,Fond de teint Importance,Disposer dame sur présent contenter toit secret quart du.,Beauté & Santé,256.51,193,45
1073,Fond de teint Sein,Ouvrir animal étendre genou personnage.,Beauté & Santé,194.38,40,43
1074,Fond de teint Grave,Chant solitude mais promettre drôle siècle prier ramasser.,Beauté & Santé,195.54,99,44
1075,Fond de teint Fil,Inspirer sept mais palais importance cuisine souhaiter lourd été demi.,Beauté & Santé,67.05,126,36
1076,Fond de teint Soumettre,Complètement déposer énorme sac intention.,Beauté & Santé,156.76,91,32
1077,Fond de teint Sauvage,Vague attirer quartier aile remettre comment.,Beauté & Santé,243.0,12,10
1078,Fond de teint Vrai,Mal liberté pauvre étage nommer elle dès.,Beauté & Santé,101.46,8,30
1079,Fond de teint Créer,Conseil président chasse sorte ramener rien.,Beauté & Santé,292.0,193,32
1080,Fond de teint Planche,Gris main expérience centre rouge penser assister trois.,Beauté & Santé,50.78,13,34
1081,Fond de teint Fier,Groupe cours glace regretter on bien bord.,Beauté & Santé,277.1,14,21
1082,Fond de teint En,Valeur étranger officier hier.,Beauté & Santé,53.35,56,24
1083,Fond de teint Argent,Admettre environ claire colline absolu roche absolu inventer mer.,Beauté & Santé,232.14,175,29
1084,Fond de teint Soi,Ensuite près glace choisir ignorer fatigue voisin.,Beauté & Santé,96.22,141,26
1085,Brosse à cheveux Paysage,Hôtel côté forcer soutenir mari.,Beauté & Santé,142.78,75,47
1086,Brosse à cheveux Avoir,Fruit lit malgré paupière abattre étaler service tenir aider arrivée autre.,Beauté & Santé,144.68,138,48
1087,Brosse à cheveux De,Glace avis usage premier sang réalité lieu bleu.,Beauté & Santé,80.18,111,9
1088,Brosse à cheveux Tromper,Fin prendre caractère atteindre prochain étrange songer village accuser.,Beauté & Santé,13.85,130,4
1089,Brosse à cheveux Tu,Affirmer chaise trouver parti leur aussitôt.,Beauté & Santé,215.22,82,50
1090,Brosse à cheveux Sourd,Événement pays musique violent apporter étudier.,Beauté & Santé,260.26,167,14
1091,Brosse à cheveux Front,Tourner existence sein changement briser parti fusil.,Beauté & Santé,251.05,82,34
1092,Brosse à cheveux Couleur,Mort terminer vieux flamme toucher côte chambre.,Beauté & Santé,221.75,41,6
1093,Brosse à cheveux Avance,Roman troisième planche taille construire preuve table celui sur palais.,Beauté & Santé,259.23,34,22
1094,Brosse à cheveux Âgé,Semblable contenir champ ainsi puisque bord figure an.,Beauté & Santé,84.78,136,47
1095,Brosse à cheveux Pourquoi,Plein sourire étage revoir hors père discussion.,Beauté & Santé,101.82,47,7
1096,Brosse à cheveux Idée,Retomber brûler homme gauche mine sourire étranger.,Beauté & Santé,271.46,30,38
1097,Brosse à cheveux Soumettre,Situation face davantage aspect changer près.,Beauté & Santé,80.9,98,45
1098,Brosse à cheveux Songer,Fête guerre mériter ligne masse tourner.,Beauté & Santé,39.84,66,35
1099,Sèche-cheveux Rester,Poche autour produire épais dessus tard tour digne faible.,Beauté & Santé,116.36,89,15
1100,Sèche-cheveux Mois,Drôle apparence intérieur françois trente pur.,Beauté & Santé,184.61,77,31
1101,Sèche-cheveux Maintenant,Classe côte vers surprendre fidèle absolument enfant valoir dieu.,Beauté & Santé,195.48,52,2
1102,Sèche-cheveux Folie,Absence poser désir devenir prison selon vert lorsque former rompre.,Beauté & Santé,198.99,56,48
1103,Sèche-cheveux Chose,Attirer dehors dominer qualité nommer instant angoisse triste dans beaucoup.,Beauté & Santé,191.44,8,5
1104,Sèche-cheveux Autrement,Porte avant habiter journée sourd salut employer lune souvenir.,Beauté & Santé,84.59,143,29
1105,Sèche-cheveux Pointe,Contre apporter plan ensuite animal rouge considérer flot image monde.,Beauté & Santé,177.53,182,29
1106,Sèche-cheveux Courant,Aucun pencher lèvre livrer habitude vert rencontrer fond nécessaire.,Beauté & Santé,174.76,26,12
1107,Sèche-cheveux Vieux,Ci renoncer apparence aussi changement million an magnifique montagne matin voici.,Beauté & Santé,170.79,182,21
1108,Sèche-cheveux Manquer,Plonger autrefois sûr article certain ni frère puissant profondément hors établir.,Beauté & Santé,161.72,142,43
1109,Sèche-cheveux Monter,Sol mauvais social pendre froid docteur signifier histoire avouer.,Beauté & Santé,48.17,81,46
1110,Sèche-cheveux Hôtel,Pour souvenir bouche corde respirer.,Beauté & Santé,211.13,149,50
1111,Sèche-cheveux Lieu,Plan public gris saisir étoile demande dessus miser.,Beauté & Santé,109.82,108,21
1112,Sèche-cheveux Fatiguer,Douceur espace blanc inviter mariage ventre étaler naître relation habiter.,Beauté & Santé,105.07,94,20
1113,Rasoir électrique Possible,Cou demi heure essuyer ni.,Beauté & Santé,151.16,114,36
1114,Rasoir électrique Achever,Quitter fruit plaindre discours occasion titre présenter hésiter rire armer.,Beauté & Santé,62.93,132,39
1115,Rasoir électrique Droite,Empire juste presque chacun ignorer vers fin espèce détacher préparer.,Beauté & Santé,190.16,99,2
1116,Rasoir électrique Tirer,Certes champ secret flot fusil mesure état recommencer lever mort dessiner.,Beauté & Santé,247.53,65,21
1117,Rasoir électrique Exposer,Moyen autre sortir remplir absence choix rencontrer parler.,Beauté & Santé,7.8,197,21
1118,Rasoir électrique Rôle,Menacer curieux importance frapper presque docteur pensée rapport demi danser habitant.,Beauté & Santé,143.98,183,36
1119,Rasoir électrique Indiquer,Roi absolument mais particulier danser anglais animer.,Beauté & Santé,6.41,131,29
1120,Rasoir électrique Maladie,Franc inspirer table chez glisser armée fin parent aucun.,Beauté & Santé,230.41,78,47
1121,Rasoir électrique Chaîne,Réveiller ailleurs milieu oreille non fruit au content professeur.,Beauté & Santé,235.36,115,6
1122,Rasoir électrique Point,Droite autant assez parce que traverser couche tendre recevoir vivant voisin.,Beauté & Santé,5.22,139,7
1123,Rasoir électrique Sentiment,Parce Que un vent jaune marier rideau.,Beauté & Santé,126.6,78,33
1124,Rasoir électrique Portier,Sommet étrange moyen certain général tempête immobile étrange contenter.,Beauté & Santé,78.3,41,2
1125,Rasoir électrique Permettre,Léger remplir marchand et yeux en.,Beauté & Santé,158.82,163,11
1126,Rasoir électrique Paysage,Cependant repousser douceur répondre poitrine femme rond user.,Beauté & Santé,160.92,24,50
1127,Trousse de maquillage Autre,Sommeil plaisir désirer certain.,Beauté & Santé,41.88,156,46
1128,Trousse de maquillage Trouver,As portier cela genou pièce prendre suivant vivre offrir feu grandir.,Beauté & Santé,266.4,6,39
1129,Trousse de maquillage Fils,Taille patron rose race te que.,Beauté & Santé,50.47,86,26
1130,Trousse de maquillage Éclairer,Leur sommeil répandre étudier chance entre.,Beauté & Santé,135.07,181,17
1131,Trousse de maquillage Le,Vaste car coucher frère effacer témoin caractère paysage.,Beauté & Santé,175.62,111,7
1132,Trousse de maquillage Noire,Énorme paysage naturel étendue moi installer jeter jouer.,Beauté & Santé,45.91,71,44
1133,Trousse de maquillage Sauver,Dimanche conscience six admettre valeur.,Beauté & Santé,269.48,6,21
1134,Trousse de maquillage Faute,Huit quant à troisième haïr terrain famille circonstance poser autrement.,Beauté & Santé,215.86,60,22
1135,Trousse de maquillage Beau,Prouver emporter table lieu large chat mériter robe avec.,Beauté & Santé,254.2,60,45
1136,Trousse de maquillage Vendre,Remplir précipiter bientôt entourer qualité installer fait inquiétude peuple épais.,Beauté & Santé,23.95,74,27
1137,Trousse de maquillage Haine,Autant double sourire donc garçon.,Beauté & Santé,277.71,121,40
1138,Trousse de maquillage Courir,Remplir membre part acte propos lueur coin je marchand.,Beauté & Santé,251.74,190,28
1139,Trousse de maquillage Et,Feu bras bande horizon public arrêter partie rapporter.,Beauté & Santé,55.07,184,6
1140,Trousse de maquillage Défaut,Distinguer gloire fuir blanc or un rêve.,Beauté & Santé,241.32,164,47
1141,Balance connectée Faim,Sentier garder lors sable public exemple pouvoir chaque.,Beauté & Santé,6.3,84,6
1142,Balance connectée Direction,Encore assister tête imposer race.,Beauté & Santé,177.17,195,19
1143,Balance connectée Cinquante,Raison élever mieux suite croix attention accord lorsque forcer.,Beauté & Santé,291.71,22,19
1144,Balance connectée Tranquille,Colère absence observer dans le haute chair.,Beauté & Santé,241.39,166,6
1145,Balance connectée Déchirer,Triste tout fort demain imaginer atteindre sens fermer.,Beauté & Santé,154.23,25,47
1146,Balance connectée Respirer,Moyen repousser grâce couche principe unique un devant.,Beauté & Santé,105.83,127,39
1147,Balance connectée Vide,Mensonge rappeler papier sourire entretenir transformer considérer qui passion rue conscience.,Beauté & Santé,212.06,181,36
1148,Balance connectée Juste,Sauver mêler personne pays fidèle.,Beauté & Santé,99.28,90,25
1149,Balance connectée Aucun,Théâtre discussion nombre nerveux.,Beauté & Santé,140.6,95,8
1150,Balance connectée Bas,Préparer article auquel compagnie herbe contre or verre même résister foi.,Beauté & Santé,232.27,128,9
1151,Balance connectée Delà,Souhaiter détruire vif île brûler.,Beauté & Santé,20.67,23,43
1152,Balance connectée Honte,Imaginer vers étranger certes gros te coeur près profondément faire.,Beauté & Santé,254.11,69,13
1153,Balance connectée Moi,Relation debout violent appel pourquoi sorte paupière humide.,Beauté & Santé,272.82,191,38
1154,Balance connectée Banc,Dent glisser masse sentiment qui.,Beauté & Santé,247.62,56,42
1155,Brosse à dents électrique Grand,Forme lequel calme volonté ennemi ensuite fuir grâce réflexion parce que.,Beauté & Santé,172.17,31,36
1156,Brosse à dents électrique Personne,Haïr doux passion histoire porter douleur pencher jeter face.,Beauté & Santé,216.43,115,3
1157,Brosse à dents électrique Bout,Or trouver inviter oiseau rare supposer épaule tard bois figure.,Beauté & Santé,27.16,179,2
1158,Brosse à dents électrique Poitrine,Terme état hésiter oiseau lune voilà plutôt part corps front.,Beauté & Santé,262.35,164,27
1159,Brosse à dents électrique Vert,Vie ce sens passé pied guerre cabinet conscience nu danser.,Beauté & Santé,45.43,19,32
1160,Brosse à dents électrique Depuis,Agiter genou marche traiter souvenir épaule secret.,Beauté & Santé,122.43,63,10
1161,Brosse à dents électrique Présenter,Devant drôle très trembler tout coucher dame achever y remettre.,Beauté & Santé,251.02,72,19
1162,Brosse à dents électrique Rouge,Surtout de nerveux vivre relever intérieur.,Beauté & Santé,124.9,91,15
1163,Brosse à dents électrique Fleur,Tout étude court étrange détail.,Beauté & Santé,52.08,20,22
1164,Brosse à dents électrique Maître,Tomber accent musique dessiner miser.,Beauté & Santé,218.89,17,15
1165,Brosse à dents électrique Docteur,Là fier couvrir votre surtout événement oeil événement trois sombre.,Beauté & Santé,169.68,193,20
1166,Brosse à dents électrique Contenir,Poser inviter retirer connaître pauvre docteur point exister.,Beauté & Santé,216.1,58,41
1167,Brosse à dents électrique Oui,Terminer officier ça mettre trésor changement.,Beauté & Santé,70.52,154,20
1168,Brosse à dents électrique Espérer,Poche avenir pauvre mais troisième veiller folie le larme prix.,Beauté & Santé,188.82,89,4
1169,Café Pluie,Camarade l'un prétendre comment sortir éclairer crainte regard fille public.,Alimentation,2.66,40,12
1170,Café Le,Même lune souvent instinct quinze offrir lueur défaut fenêtre jambe.,Alimentation,28.04,139,31
1171,Café Pénétrer,Vrai place éviter principe situation cabinet sans semaine.,Alimentation,5.02,97,44
1172,Café Lèvre,Parcourir risquer abri ville poste après souvenir conscience moi confondre camarade.,Alimentation,34.84,151,31
1173,Café Pitié,Bleu sang coeur construire abandonner premier promener.,Alimentation,45.83,138,44
1174,Café Arriver,Troisième rapporter paraître loup trou ouvert paraître celui.,Alimentation,19.82,161,37
1175,Café Feuille,Monde pauvre déchirer pouvoir presque aimer lutte distance huit traîner vieux.,Alimentation,28.23,117,29
1176,Café Pencher,Sentir commencer table tout conseil queue paquet essuyer fuir.,Alimentation,26.28,89,37
1177,Café Faire,Angoisse mal employer exprimer centre charge somme chasser encore sein.,Alimentation,16.36,178,9
1178,Café François,Jeune prendre bleu droite maintenant mentir.,Alimentation,49.83,80,18
1179,Café Pas,Race décider empêcher passé monter tenir herbe.,Alimentation,38.13,68,19
1180,Café Branche,Ami traiter existence avec.,Alimentation,29.17,108,38
1181,Café Bas,Commun craindre question sans marquer queue.,Alimentation,34.88,83,6
1182,Café Autre,Inventer article fin choix magnifique mort.,Alimentation,19.17,169,15
1183,Café Examiner,Espèce bon regretter cela examiner.,Alimentation,29.09,154,9
1184,Café Doigt,Plante presque loi âge chacun extraordinaire compagnie fine désirer mémoire.,Alimentation,19.96,33,47
1185,Thé Couvrir,Craindre direction marchand prononcer tapis creuser beauté.,Alimentation,12.77,96,8
1186,Thé Forêt,Vieil rêver épais contraire confondre froid.,Alimentation,31.43,92,32
1187,Thé Décider,Société théâtre abri qualité défendre envelopper folie observer.,Alimentation,21.95,70,26
1188,Thé Grâce,Lequel certain avance personne déchirer masse honte tombe docteur coûter forêt.,Alimentation,37.38,44,37
1189,Thé Homme,Supérieur écarter trop dernier porter peser parvenir.,Alimentation,13.77,173,42
1190,Thé Grain,Montagne disparaître jeune esprit porter intelligence saint.,Alimentation,20.0,117,27
1191,Thé Nombreux,Enfermer elle lisser enfin visite commander près bruit.,Alimentation,8.41,59,39
1192,Thé Éloigner,Long magnifique prouver quoi marche prévoir cruel éclat choisir.,Alimentation,33.15,172,5
1193,Thé Manquer,Effacer semaine jeune demain chaque haut mouvement.,Alimentation,2.75,97,35
1194,Thé Jaune,Désert simplement quart à poids.,Alimentation,21.76,163,19
1195,Thé Somme,Vêtement vingt coûter pauvre soudain refuser rêve penser sein devant.,Alimentation,23.86,108,48
1196,Thé Semaine,Regretter monde bande après suivre couche deux facile inquiéter public.,Alimentation,6.15,157,26
1197,Thé Silence,Soi tuer ministre réduire pleurer chemise roche envelopper.,Alimentation,40.37,153,6
1198,Thé Sang,Quelqu'Un coup descendre vert angoisse.,Alimentation,43.81,11,28
1199,Thé Supposer,Époque surveiller avance l'un transformer quarante juge vue dont fonder.,Alimentation,36.06,58,34
1200,Thé Croire,Peur fine encore impossible second leur.,Alimentation,4.88,122,21
1201,Chocolat Devant,Oh nécessaire dehors nous gauche ce politique souvenir famille bientôt.,Alimentation,31.97,53,23
1202,Chocolat Tendre,Salle nouveau police émotion accent dos confiance second.,Alimentation,46.86,114,10
1203,Chocolat Bonheur,Grâce ci alors dire sac marcher calme dépasser livrer.,Alimentation,33.43,52,40
1204,Chocolat Consulter,Pièce étrange fusil vieux celui instinct.,Alimentation,26.38,90,44
1205,Chocolat Paysan,Répéter seul cerveau aimer perte répéter mener chance ouvrir large.,Alimentation,44.17,108,41
1206,Chocolat Rire,Présence paraître couvrir rêve été exiger dimanche.,Alimentation,26.1,10,44
1207,Chocolat Terre,François secrétaire demain le peine brusquement époque.,Alimentation,13.9,164,20
1208,Chocolat Usage,Nombreux de frère intelligence train nord détail demande.,Alimentation,22.36,49,32
1209,Chocolat Là,Foi nord couleur rejoindre d'abord magnifique rapidement gagner brusquement.,Alimentation,9.95,188,14
1210,Chocolat Spectacle,Risquer instant bout savoir ancien eaux projet tout ville petit.,Alimentation,48.77,21,43
1211,Chocolat Étranger,Dormir ramener françois étendue sou.,Alimentation,16.32,92,50
1212,Chocolat Sentier,Tantôt apparaître demain tout mode pleurer projet capable tirer.,Alimentation,21.98,161,21
1213,Chocolat Révéler,Semaine moyen ensemble joie.,Alimentation,12.77,132,42
1214,Chocolat Pauvre,Souhaiter liberté atteindre dessiner mince quinze juger permettre inquiétude étranger.,Alimentation,11.75,115,14
1215,Chocolat Votre,Peuple son arrêter plein genre souvenir.,Alimentation,17.19,57,10
1216,Chocolat Cas,Plein milieu course lendemain enfoncer demande.,Alimentation,30.09,148,18
1217,Biscuits Emmener,Atteindre raison étranger vague sous accomplir donc demeurer ainsi allumer.,Alimentation,32.6,26,24
1218,Biscuits Train,Tant plein mince avenir quant à certainement saint français.,Alimentation,3.22,168,43
1219,Biscuits Je,Sourire bête haut entrée poche dont vieillard même.,Alimentation,25.51,95,6
1220,Biscuits But,Apercevoir hésiter pareil ajouter oser métier étoile ministre.,Alimentation,33.66,35,29
1221,Biscuits Calme,Refuser classe ventre amener couler dos jambe juge or réussir.,Alimentation,40.35,92,39
1222,Biscuits Composer,Entier odeur port passage jeter.,Alimentation,42.59,116,19
1223,Biscuits Trente,Parmi tandis que beau plusieurs permettre si.,Alimentation,6.96,8,11
1224,Biscuits Seigneur,Passé je roman garder prévenir inviter.,Alimentation,36.74,107,40
1225,Biscuits Aujourd'hui,Différent voisin reposer habiller double quarante guère impression transformer.,Alimentation,19.16,82,31
1226,Biscuits Midi,Prendre emporter escalier type rapidement juger yeux impossible monde sentir.,Alimentation,9.04,40,31
1227,Biscuits Combat,Vrai odeur désormais ce plaindre dame jouer.,Alimentation,10.63,191,12
1228,Biscuits Société,Manquer queue tant soin agiter longtemps oeuvre.,Alimentation,3.36,96,15
1229,Biscuits Or,Abri tandis que guerre sec fumée.,Alimentation,6.89,134,17
1230,Biscuits Vendre,Autour histoire chef machine tomber pouvoir somme habiter plaindre.,Alimentation,30.98,186,35
1231,Biscuits Seul,Toujours d'autres vieux sûr saint vous discuter parole.,Alimentation,40.51,49,7
1232,Biscuits Dont,Paquet tomber vous ciel toi soi.,Alimentation,2.09,75,34
1233,Céréales Habiller,Rapidement avancer paysan été quartier.,Alimentation,6.23,157,36
1234,Céréales Devant,Indiquer prouver couleur échapper supérieur peur me note.,Alimentation,39.55,12,35
1235,Céréales Autre,Homme revoir éloigner horizon près l'un mari masse tache corde.,Alimentation,13.41,66,37
1236,Céréales Durer,Comprendre quant à métier tantôt oiseau autorité.,Alimentation,17.33,28,46
1237,Céréales Direction,Chaque soldat ennemi afin de foi.,Alimentation,42.74,15,50
1238,Céréales Briller,Long puissant colère éloigner résoudre causer.,Alimentation,21.95,34,39
1239,Céréales Air,Fenêtre important aujourd'hui blanc désir arrêter.,Alimentation,46.64,142,16
1240,Céréales Précieux,Profondément drôle apercevoir pitié bien arrêter art.,Alimentation,7.46,163,48
1241,Céréales Posséder,Nez diriger attendre véritable espoir haut rompre frais cinquante.,Alimentation,49.0,5,11
1242,Céréales Étendre,Soir vaincre chambre forcer franchir.,Alimentation,22.02,132,50
1243,Céréales Marier,Centre bas tirer vaincre relever cacher trait jamais angoisse.,Alimentation,9.3,157,18
1244,Céréales Plan,Depuis impossible abandonner celui frapper.,Alimentation,32.93,158,33
1245,Céréales Neuf,Sujet dormir chanter prince bien tout étrange mort remplacer parole.,Alimentation,36.0,40,11
1246,Céréales Ouvrage,Poste autorité d'autres mot protéger rendre silence.,Alimentation,19.6,108,2
1247,Céréales Bien,Asseoir suite fermer maintenir habitude vous tête.,Alimentation,6.72,66,28
1248,Céréales Eh,Y sérieux village tête terme situation révolution passé répéter.,Alimentation,36.37,88,1
1249,Pâtes Envie,Bon rapidement libre problème serrer.,Alimentation,31.02,7,33
1250,Pâtes Voix,Raconter grâce vague système cerveau tandis que instinct.,Alimentation,29.99,77,32
1251,Pâtes Accorder,Ruine grave immense plutôt perte étendre propos que an.,Alimentation,25.85,70,36
1252,Pâtes Camarade,Soldat troubler parfois poche causer fenêtre.,Alimentation,15.58,20,43
1253,Pâtes Morceau,Doux souffrance métier rond troisième ah armée suffire plein verser.,Alimentation,39.93,51,11
1254,Pâtes Tard,Signe angoisse demeurer extraordinaire parvenir fier céder.,Alimentation,24.42,49,7
1255,Pâtes Réserver,Aider croiser place habitude relever minute erreur saison beau rapporter.,Alimentation,34.56,155,32
1256,Pâtes Blanc,Frère rester vrai dresser chiffre.,Alimentation,22.14,85,34
1257,Pâtes Ce,Port pauvre ou remercier passer satisfaire perte.,Alimentation,17.47,147,46
1258,Pâtes Livrer,Machine hôtel vêtir nommer quoi groupe rapidement vent.,Alimentation,42.97,188,9
1259,Pâtes Moindre,Pour livrer comme résultat vieil ramener.,Alimentation,24.28,137,20
1260,Pâtes Justice,Trésor poitrine campagne ça découvrir donner vivant consentir noire envelopper dresser.,Alimentation,44.37,130,31
1261,Pâtes Éloigner,Scène jour bientôt courage impossible.,Alimentation,23.16,127,47
1262,Pâtes Il,Chacun enlever douleur cinquante voici bien étranger.,Alimentation,34.96,47,23
1263,Pâtes Fine,Dame auprès calme rapport lorsque accomplir village manquer.,Alimentation,27.96,187,37
1264,Pâtes Fruit,Personne installer durant matin pluie dès avant long système sentiment.,Alimentation,8.64,31,47
1265,Riz Police,Race accuser visible été occasion papa tôt gens.,Alimentation,38.74,42,40
1266,Riz Libre,Distance avec remonter sortir terminer.,Alimentation,37.29,120,7
1267,Riz Glace,Élément passé saluer âge combien.,Alimentation,31.24,39,30
1268,Riz Justice,Mur même contraire de partir prévenir résultat tellement public creuser.,Alimentation,45.66,32,22
1269,Riz Rapport,Me titre sommeil approcher dès doux on.,Alimentation,22.78,41,4
1270,Riz Étroit,Lumière seconde public marchand aussi route.,Alimentation,8.89,200,28
1271,Riz Traiter,Système rouler public énorme coûter emporter croix conduire bien rayon tard.,Alimentation,19.4,132,32
1272,Riz Sortir,Anglais entendre idée brûler exister précieux court être.,Alimentation,3.26,6,35
1273,Riz État,À fils abandonner résister son forcer prêter creuser nécessaire inquiétude.,Alimentation,35.21,145,30
1274,Riz Cours,Puis ressembler coûter lourd comment.,Alimentation,12.55,71,37
1275,Riz Quant à,Famille marche arracher blond immense inspirer sec grandir.,Alimentation,29.69,156,30
1276,Riz Grain,Remonter point loin ramener rouler.,Alimentation,35.14,11,28
1277,Riz Marche,Réveiller fatigue disparaître rôle curiosité portier peur inquiétude satisfaire fier.,Alimentation,27.45,137,5
1278,Riz Produire,Rideau tourner profond aucun causer goutte suffire été.,Alimentation,28.08,119,29
1279,Riz Mode,Tant douleur immense oublier comprendre beaux marchand.,Alimentation,22.56,85,42
1280,Riz Temps,Distinguer dire victime frapper fenêtre souhaiter briller tendre écraser.,Alimentation,26.73,30,25
1281,Huile d’olive Afin de,Parce Que flamme moyen pourquoi immense terreur maintenant.,Alimentation,43.01,75,46
1282,Huile d’olive Sentier,Prier éviter robe village forcer.,Alimentation,16.58,66,17
1283,Huile d’olive Rêve,Faire vingt secret nation vague précipiter transformer soutenir encore pauvre.,Alimentation,40.5,136,40
1284,Huile d’olive Général,Rentrer beauté tracer rond bleu dieu on partager.,Alimentation,8.36,10,24
1285,Huile d’olive Rare,Sombre payer entraîner créer entourer père livre tout.,Alimentation,32.96,47,46
1286,Huile d’olive En,Part hésiter choisir passé embrasser autrefois faute malade bouche porter.,Alimentation,41.46,141,35
1287,Huile d’olive Victime,Fait couleur temps grave jouer.,Alimentation,36.97,123,19
1288,Huile d’olive Expliquer,Jaune me quarante beau dire fatigue peu mériter chemise fine.,Alimentation,28.66,5,21
1289,Huile d’olive Réponse,Juge fou impression bonheur grandir cher.,Alimentation,2.14,183,10
1290,Huile d’olive Depuis,Acte éteindre subir capable ruine dehors ou l'un très savoir remplir.,Alimentation,34.69,32,41
1291,Huile d’olive Nord,Hors enlever rire ouvrir bientôt par finir intention.,Alimentation,6.47,91,42
1292,Huile d’olive Charge,Longtemps grand abattre jeune puis.,Alimentation,29.93,65,35
1293,Huile d’olive Impossible,Route léger rapporter je malade.,Alimentation,29.53,50,45
1294,Huile d’olive Somme,Trop forcer court surtout peau alors danger comme social dimanche éprouver.,Alimentation,29.78,82,6
1295,Huile d’olive Entendre,Rouler confondre côte caresser travailler.,Alimentation,14.36,91,34
1296,Huile d’olive Etc,Intention aussi éclater inventer exister léger remonter quartier difficile cri ou.,Alimentation,36.59,149,4
1297,Confiture Mur,Question dernier vérité affirmer baisser consulter.,Alimentation,10.15,55,46
1298,Confiture Élever,Ton pied lever près jour vérité relation note.,Alimentation,43.85,16,44
1299,Confiture Valoir,Précipiter delà examiner personne banc terminer âgé accuser certainement.,Alimentation,4.35,132,24
1300,Confiture Avouer,Violent cinq cri noire ouvert car cher jambe honte.,Alimentation,18.6,178,43
1301,Confiture Personnage,Vieillard rose elle sujet planche pied tendre vent.,Alimentation,4.0,160,31
1302,Confiture Nation,Exiger avec te voile est enfoncer tomber métier doigt.,Alimentation,24.03,96,5
1303,Confiture Inventer,Autrefois parfois assurer détail prétendre chair champ.,Alimentation,2.53,112,31
1304,Confiture Inutile,Discours donner cabinet taille serrer.,Alimentation,21.67,11,24
1305,Confiture Haut,Attirer pauvre interroger madame personnage prière plonger toucher manger.,Alimentation,49.25,106,32
1306,Confiture Mince,Beau fumer nombreux dans repas.,Alimentation,48.94,36,45
1307,Confiture Eh,Abandonner causer haïr blond davantage réussir prison.,Alimentation,42.98,19,1
1308,Confiture Espérer,Répandre en bois herbe.,Alimentation,45.85,190,43
1309,Confiture Mur,On jeunesse tomber salle bande mourir.,Alimentation,6.85,173,23
1310,Confiture Frère,Puisque dire imaginer écraser fois.,Alimentation,16.94,92,47
1311,Confiture Coûter,Retrouver chasse fille achever autre nom lit.,Alimentation,2.22,133,46
1312,Confiture Obéir,Naissance plaindre aimer te vif naturellement.,Alimentation,15.29,121,45
1313,Miel Prononcer,Prouver feuille peau vieux pencher juger.,Alimentation,13.33,68,44
1314,Miel Coûter,Marquer être époque aujourd'hui fille.,Alimentation,37.61,176,6
1315,Miel Attirer,Musique prison décrire d'abord.,Alimentation,10.41,48,3
1316,Miel Été,Contenir poitrine cour poche écraser effort presser.,Alimentation,37.89,187,42
1317,Miel Arracher,Minute haïr un quatre vert.,Alimentation,47.86,84,25
1318,Miel Milieu,Étaler détail petit haine.,Alimentation,33.21,164,19
1319,Miel Main,Juge certainement cent sourire fleur sembler.,Alimentation,22.43,11,25
1320,Miel Propre,Tranquille intérieur nation demi mouvement escalier source près pierre.,Alimentation,46.16,51,29
1321,Miel Examiner,Dépasser user moment convenir pendant attendre prince désert de aide.,Alimentation,7.72,169,9
1322,Miel Pauvre,Rejoindre couper marchand tendre trop.,Alimentation,49.1,155,21
1323,Miel Naître,Grandir pluie énorme compagnie.,Alimentation,28.07,11,19
1324,Miel Justice,Glace au travers tenter hasard rejeter attirer question allumer libre.,Alimentation,33.79,124,37
1325,Miel Étrange,Étage barbe certes quant à aimer essuyer.,Alimentation,23.82,74,27
1326,Miel Chemin,Droite bouche découvrir le million.,Alimentation,2.03,153,45
1327,Miel Étrange,Sourire confondre trembler beaucoup bien suite tout chair complet.,Alimentation,6.83,23,16
1328,Miel Taille,Naturel posséder voyage je pays fixer marier.,Alimentation,20.15,179,11
1329,Jus de fruits Tendre,Scène dessiner terme politique palais troisième fixe retour.,Alimentation,39.7,160,18
1330,Jus de fruits Appuyer,Soldat décider accorder encore mari revenir ou.,Alimentation,33.28,158,22
1331,Jus de fruits Minute,Figure naissance passion examiner rencontre.,Alimentation,8.46,45,27
1332,Jus de fruits Soi,Autant voisin tant se saisir retomber.,Alimentation,27.87,44,24
1333,Jus de fruits Officier,Désespoir étroit soldat dame désormais selon auquel durant de faim.,Alimentation,37.71,180,18
1334,Jus de fruits Joindre,Entretenir moment chaleur type certainement sourire.,Alimentation,41.62,118,47
1335,Jus de fruits Devenir,Aimer passé plus encore lier lequel terre haine apprendre présent depuis.,Alimentation,17.88,55,48
1336,Jus de fruits Marcher,Nature ombre sommet entrer lors renoncer fonction tôt as appuyer.,Alimentation,13.68,29,26
1337,Jus de fruits Fermer,Distinguer or large pencher prison eau exposer.,Alimentation,47.52,107,17
1338,Jus de fruits Arme,Franc feu nerveux geste mort.,Alimentation,28.54,171,16
1339,Jus de fruits Pointe,Partir système voisin genre sou frais maintenir dresser mieux étendre.,Alimentation,28.2,188,1
1340,Jus de fruits Tout,Arriver ombre police réduire existence exécuter témoin vif plusieurs.,Alimentation,3.13,15,44
1341,Jus de fruits Époque,Nommer partir mer immense désert amuser cela bruit.,Alimentation,41.4,21,8
1342,Jus de fruits Rêver,Revenir lier attaquer ligne proposer roman prince trait armer bruit.,Alimentation,18.78,71,27
1343,Jus de fruits Fumée,Grandir prouver haut selon tellement être.,Alimentation,37.35,110,3
1344,Jus de fruits Envelopper,Vite hôtel côté exemple certainement remplir fille.,Alimentation,6.26,132,50
1345,Eau minérale Longtemps,État pierre combat envie parfaitement rose épaule.,Alimentation,32.73,148,23
1346,Eau minérale Recherche,Haine puisque neuf poche nul faible action sueur pensée terme adresser.,Alimentation,35.27,170,36
1347,Eau minérale Aussi,Joindre partout franc douter longtemps lumière réclamer avis.,Alimentation,48.83,149,33
1348,Eau minérale Médecin,Si plante assurer barbe ton joli.,Alimentation,32.99,185,18
1349,Eau minérale Facile,Espoir donc arracher on nuage propre ancien milieu.,Alimentation,10.36,56,48
1350,Eau minérale Troubler,Poser masse système résultat arbre répondre flot répandre.,Alimentation,41.84,130,29
1351,Eau minérale Afin de,Route barbe nom attitude gauche.,Alimentation,43.97,193,43
1352,Eau minérale Interroger,Livre moitié terre chaîne doucement militaire.,Alimentation,19.99,74,36
1353,Eau minérale Société,Nez embrasser fils chambre étrange beaucoup prince.,Alimentation,2.89,25,8
1354,Eau minérale Creuser,Course instant façon mémoire trésor.,Alimentation,42.86,158,3
1355,Eau minérale Aujourd'hui,Nord promener monde secours servir pays devant.,Alimentation,12.26,51,35
1356,Eau minérale Froid,Jamais élever adresser naissance entretenir.,Alimentation,9.85,80,29
1357,Eau minérale Marché,De forme malade durant avec tomber nu ni.,Alimentation,5.02,170,32
1358,Eau minérale Car,Âme mot souffler pont user page construire auquel éteindre.,Alimentation,11.52,53,3
1359,Eau minérale Entrer,Chute poche leur profondément autant décider.,Alimentation,36.93,43,41
1360,Eau minérale Acheter,Jambe journée autant nu posséder lequel.,Alimentation,3.75,173,14
1361,Ordinateur de bureau Pièce,Quant À absolu oh marche circonstance conscience doute établir finir note.,Informatique & Bureau,852.51,46,46
1362,Ordinateur de bureau Soleil,Paquet pleurer autant espérer vision silencieux prier étage oser plaindre.,Informatique & Bureau,849.12,86,45
1363,Ordinateur de bureau Nourrir,Coeur autrefois intelligence sac.,Informatique & Bureau,1181.09,64,14
1364,Ordinateur de bureau Retourner,Rouler fruit solitude échapper tout nous retrouver tant question.,Informatique & Bureau,312.43,193,1
1365,Ordinateur de bureau Tapis,Demander blanc séparer fin instant.,Informatique & Bureau,1306.1,82,46
1366,Ordinateur de bureau Important,Blanc claire jardin mari préparer cacher tout fatiguer.,Informatique & Bureau,1756.89,80,13
1367,Ordinateur de bureau Relever,Étouffer gris toi nouveau peser vers secrétaire.,Informatique & Bureau,1941.09,28,14
1368,Ordinateur de bureau Amuser,Mari musique oser riche.,Informatique & Bureau,910.75,125,22
1369,Ordinateur de bureau Genou,Grand réclamer avoir consulter condition installer prendre marier ramener il.,Informatique & Bureau,1870.21,172,29
1370,Ordinateur de bureau Seul,Sommet paix centre on combat branche partout herbe inutile d'autres.,Informatique & Bureau,1431.62,148,13
1371,Ordinateur de bureau Vouloir,Courir appuyer perdre propre qualité printemps neuf prison placer.,Informatique & Bureau,187.3,99,35
1372,Ordinateur de bureau Parent,Traverser réserver prêt asseoir examiner malgré rose celui.,Informatique & Bureau,358.61,71,14
1373,Ordinateur de bureau Moyen,Volonté acte devant deviner engager.,Informatique & Bureau,1603.32,189,28
1374,Ordinateur de bureau Sourire,Prouver mois vendre projet anglais essuyer ensuite couleur effort.,Informatique & Bureau,1473.74,81,27
1375,Ordinateur de bureau Couvrir,Lendemain avance savoir amour crainte léger.,Informatique & Bureau,1186.58,101,30
1376,Ordinateur de bureau Contenir,Sec terre précieux gens épais bas faveur.,Informatique & Bureau,81.3,159,7
1377,Ordinateur de bureau Pitié,D'Abord réfléchir eau départ chambre geste histoire.,Informatique & Bureau,307.39,117,24
1378,Ordinateur de bureau Robe,Vif circonstance être préférer nécessaire.,Informatique & Bureau,1772.61,119,25
1379,Écran professionnel Léger,Disparaître quelque pour payer.,Informatique & Bureau,1378.67,153,14
1380,Écran professionnel Jusque,Heure doigt souvenir aussitôt idée manquer paupière froid vieil bois.,Informatique & Bureau,1138.8,57,34
1381,Écran professionnel Avant,Est y public corps hôtel.,Informatique & Bureau,873.94,179,45
1382,Écran professionnel Toujours,Douleur travers contenter trente particulier blond.,Informatique & Bureau,281.99,85,7
1383,Écran professionnel Année,Terreur grâce faute solitude ton sonner seuil obtenir.,Informatique & Bureau,625.87,64,44
1384,Écran professionnel Chef,Quand silencieux commencer caractère direction.,Informatique & Bureau,1189.34,110,49
1385,Écran professionnel Nerveux,Droite riche étonner animal échapper médecin même.,Informatique & Bureau,1958.33,125,46
1386,Écran professionnel Oui,Auquel complet ça ignorer bête ainsi avec cri premier quartier doigt.,Informatique & Bureau,413.88,46,36
1387,Écran professionnel Le,Phrase violence train sommeil juge parfois frapper fortune simple triste.,Informatique & Bureau,524.01,198,17
1388,Écran professionnel Bas,Entrée général à vouloir hier côte seulement armer cinquante point.,Informatique & Bureau,227.17,43,24
1389,Écran professionnel Lorsque,Loup rêver durant mince seconde mettre obtenir retenir lors digne.,Informatique & Bureau,611.36,5,39
1390,Écran professionnel Envie,Sec couvrir voyager sec distance poche jour.,Informatique & Bureau,654.06,95,18
1391,Écran professionnel Accuser,Marquer clef intérieur divers craindre trésor propos comment.,Informatique & Bureau,953.33,198,30
1392,Écran professionnel Terrible,Remercier remplir repas français demain.,Informatique & Bureau,492.86,185,2
1393,Écran professionnel Verser,Exécuter doute honte aujourd'hui faire.,Informatique & Bureau,697.33,160,14
1394,Écran professionnel Chaise,Compagnon comment gauche couleur avant connaître creuser être morceau.,Informatique & Bureau,845.77,164,24
1395,Écran professionnel Posséder,Figure général lier qui jouer vers fier souffler.,Informatique & Bureau,1286.04,157,27
1396,Écran professionnel Double,Lever précieux port jeune guerre image violence mari deux.,Informatique & Bureau,602.93,176,29
1397,Clavier ergonomique Trou,Travers inquiétude représenter professeur sentier seulement herbe commander remplacer aider.,Informatique & Bureau,1319.49,44,50
1398,Clavier ergonomique Inconnu,Rêve pourquoi deviner distinguer tout serrer verre éviter docteur inquiétude.,Informatique & Bureau,1712.18,140,19
1399,Clavier ergonomique Propre,Jardin douleur rideau pouvoir goutte désigner.,Informatique & Bureau,1033.44,146,5
1400,Clavier ergonomique Près,Cheval soutenir essuyer garde occuper recommencer.,Informatique & Bureau,642.63,41,45
1401,Clavier ergonomique Puissant,Situation après dominer riche chance pourquoi.,Informatique & Bureau,1944.23,52,27
1402,Clavier ergonomique Figure,Composer lettre juge nombreux situation presser nourrir remarquer entrée.,Informatique & Bureau,1430.91,67,18
1403,Clavier ergonomique Fumer,Aussitôt chiffre silence court cinquante emporter oeil jeu.,Informatique & Bureau,1055.99,122,11
1404,Clavier ergonomique Frère,Capable sonner bien tout général fixer règle million précieux.,Informatique & Bureau,1530.09,72,41
1405,Clavier ergonomique Fleur,Bonheur promettre vague marche montagne aussitôt musique.,Informatique & Bureau,671.04,186,42
1406,Clavier ergonomique Révéler,Tour résultat amuser madame ligne sauver aile point.,Informatique & Bureau,924.98,87,13
1407,Clavier ergonomique Suite,Fort ferme bien haute essayer.,Informatique & Bureau,239.58,186,11
1408,Clavier ergonomique Secrétaire,Comment ami conseil divers angoisse.,Informatique & Bureau,1524.35,35,3
1409,Clavier ergonomique Mentir,Visite secret bas présent embrasser blanc colline compagnon somme.,Informatique & Bureau,1346.54,135,49
1410,Clavier ergonomique Rire,Monsieur autorité mener demander exiger rouge simplement voilà je noir.,Informatique & Bureau,1506.35,25,1
1411,Clavier ergonomique Disparaître,Émotion passé plante vingt oreille chute compte.,Informatique & Bureau,1253.46,121,31
1412,Clavier ergonomique Grain,Connaissance nature morceau courir le ensuite passion.,Informatique & Bureau,1774.08,200,4
1413,Clavier ergonomique Journal,Combat fou propos folie fatiguer seigneur frère arme.,Informatique & Bureau,1199.2,174,20
1414,Clavier ergonomique Rose,Verre joie terminer alors envoyer impression.,Informatique & Bureau,222.18,164,40
1415,Souris ergonomique Quitter,Âge tracer marcher autrement chef désir professeur honte.,Informatique & Bureau,1081.47,92,41
1416,Souris ergonomique Lèvre,Sur ressembler comment hier coup éclat autre bataille.,Informatique & Bureau,919.44,96,37
1417,Souris ergonomique Façon,Vague colline honte tenir sentier.,Informatique & Bureau,1806.68,114,9
1418,Souris ergonomique Large,Eh lit campagne lourd classe ouvert éteindre lieu.,Informatique & Bureau,588.49,107,18
1419,Souris ergonomique Tard,Verre fin approcher amuser curiosité.,Informatique & Bureau,1683.97,145,14
1420,Souris ergonomique Sortir,Roman donner peuple quel science.,Informatique & Bureau,1677.03,186,16
1421,Souris ergonomique Droite,Égal amour lune user idée petit vol terme parent vraiment.,Informatique & Bureau,269.04,67,48
1422,Souris ergonomique Preuve,Depuis retomber donc sûr suivant penser.,Informatique & Bureau,383.33,190,4
1423,Souris ergonomique Rang,Été arrivée somme paupière éloigner ensemble chaleur sauver tout à.,Informatique & Bureau,1931.64,12,25
1424,Souris ergonomique De,Avenir supporter mari rêver casser défendre quel voler chaud avis.,Informatique & Bureau,1285.77,115,9
1425,Souris ergonomique Vent,Faute parfaitement tendre personne lisser.,Informatique & Bureau,1267.55,164,22
1426,Souris ergonomique Froid,Combien appeler même froid si pain.,Informatique & Bureau,1084.96,77,2
1427,Souris ergonomique Décrire,Mêler tâche supporter engager anglais vous jour pouvoir pousser d'abord.,Informatique & Bureau,1003.26,47,32
1428,Souris ergonomique Haut,Exposer corde précipiter apercevoir roman étouffer.,Informatique & Bureau,174.57,196,15
1429,Souris ergonomique Vaincre,Parfois condamner action jour mémoire blanc été cours asseoir droit.,Informatique & Bureau,1322.12,51,37
1430,Souris ergonomique Circonstance,Rayon cher pourtant voyage silencieux reprendre pousser.,Informatique & Bureau,454.03,90,34
1431,Souris ergonomique Existence,Blanc auteur prêter vivre tombe servir grâce.,Informatique & Bureau,326.81,88,23
1432,Souris ergonomique Vingt,Événement embrasser somme sept général coin cela encore importer obtenir.,Informatique & Bureau,197.77,147,3
1433,Webcam Cour,On exécuter nourrir bien ah parler faveur sommeil épaule chemin.,Informatique & Bureau,937.85,86,34
1434,Webcam Jaune,Effort profondément vent éteindre écrire.,Informatique & Bureau,935.48,95,11
1435,Webcam Or,Couleur noir taire hors lien monde auteur ton.,Informatique & Bureau,1130.23,126,46
1436,Webcam Soin,Supporter imaginer moyen trente le lisser.,Informatique & Bureau,158.29,188,37
1437,Webcam Emmener,Durant combien terrible moindre réduire.,Informatique & Bureau,325.31,134,11
1438,Webcam Hier,Oeil secrétaire fin situation moi terme appartement ordre.,Informatique & Bureau,538.03,77,2
1439,Webcam Partager,Voilà aujourd'hui dessus mort serrer.,Informatique & Bureau,1243.88,5,36
1440,Webcam Habitant,Vingt partout apporter passé ouvert révolution but seigneur.,Informatique & Bureau,494.96,151,22
1441,Webcam Calmer,Semaine soi tantôt rue blond paquet même entretenir.,Informatique & Bureau,246.4,100,25
1442,Webcam Taille,Centre mener ramasser trouver défendre puisque lisser forme écrire.,Informatique & Bureau,1371.0,162,13
1443,Webcam Sans,Fortune peu beaux inquiéter même source toute tant sourd instant.,Informatique & Bureau,112.88,144,2
1444,Webcam Pénétrer,Fait brûler passé auteur avant profondément madame.,Informatique & Bureau,1681.83,64,29
1445,Webcam Passage,Début en tant silence madame cour étranger.,Informatique & Bureau,857.65,156,15
1446,Webcam Finir,Terreur oreille chambre soudain attacher espèce cinq rejoindre dent remercier.,Informatique & Bureau,1931.16,133,32
1447,Webcam Éclairer,Tout note curieux compagnie important court classe mien battre.,Informatique & Bureau,889.93,41,28
1448,Webcam Essuyer,Enfoncer faim rapidement petit essayer enfin.,Informatique & Bureau,1783.58,157,16
1449,Webcam Coin,Chez pensée élément paix matin.,Informatique & Bureau,613.49,105,10
1450,Webcam De,Accent droite froid appuyer secret briller question.,Informatique & Bureau,955.92,159,1
1451,Microphone Surveiller,Salut tombe autre grave sang cause obliger école.,Informatique & Bureau,72.68,183,15
1452,Microphone Serrer,Rêver revoir voisin trouver situation refuser.,Informatique & Bureau,1406.01,115,13
1453,Microphone Temps,Protéger blanc large ensemble juger clef brûler gauche maison façon été.,Informatique & Bureau,1080.14,78,2
1454,Microphone Appartenir,Mauvais surtout jeunesse armer rire ligne geste endroit malheur front.,Informatique & Bureau,410.76,160,46
1455,Microphone Il,Leur servir bouche chair côté résister.,Informatique & Bureau,779.71,176,23
1456,Microphone Jambe,Tendre habiller froid servir pauvre sentir.,Informatique & Bureau,597.46,87,47
1457,Microphone Papier,Cas voisin allumer arme gauche.,Informatique & Bureau,539.36,114,39
1458,Microphone Descendre,Cabinet sueur foule parent immobile attendre geste par.,Informatique & Bureau,216.4,122,43
1459,Microphone Terre,Chaud poésie depuis davantage page long conduire rompre.,Informatique & Bureau,653.18,59,15
1460,Microphone Ceci,Jambe loi sein autour rocher renverser.,Informatique & Bureau,266.01,93,34
1461,Microphone Couvrir,Part pas secret existence vision désert rouge ordre devant écarter milieu.,Informatique & Bureau,583.37,167,35
1462,Microphone Creuser,Obéir faux changement revoir forme éviter.,Informatique & Bureau,687.77,132,23
1463,Microphone Propre,Deux flot vrai chasse réel.,Informatique & Bureau,1412.46,114,22
1464,Microphone Inventer,Position prouver sentier jeunesse absolument.,Informatique & Bureau,1724.04,181,37
1465,Microphone Champ,Question cheval pitié commander maladie lendemain mesure nul sac printemps ni.,Informatique & Bureau,1950.4,61,19
1466,Microphone Gouvernement,Raison dieu étude briser saint enfin certain colère mort noir.,Informatique & Bureau,1963.88,97,50
1467,Microphone Naturellement,Combat moins répondre fille parvenir mur nuit saisir endroit aimer jeu.,Informatique & Bureau,765.48,73,27
1468,Microphone Importance,Repousser indiquer intérieur certain autre juste adresser.,Informatique & Bureau,1882.33,166,33
1469,Chaise de bureau Émotion,Lequel heureux riche installer bon émotion.,Informatique & Bureau,587.04,105,35
1470,Chaise de bureau Agent,Devant sujet ton droite gros obtenir oreille détail habitude posséder.,Informatique & Bureau,1059.12,59,44
1471,Chaise de bureau Diriger,Atteindre madame et couche juste.,Informatique & Bureau,1112.25,34,27
1472,Chaise de bureau Leur,Noir plusieurs porte dessiner remercier douze souhaiter choisir proposer.,Informatique & Bureau,169.63,96,13
1473,Chaise de bureau Semaine,Elle est exprimer sauver chambre oh.,Informatique & Bureau,1456.65,6,27
1474,Chaise de bureau Réalité,Plutôt jeter pierre exprimer grâce.,Informatique & Bureau,1413.84,129,15
1475,Chaise de bureau Fin,Immobile endroit proposer accompagner consentir écraser folie soleil.,Informatique & Bureau,33.51,198,11
1476,Chaise de bureau Patron,Mine dresser étroit que papa tapis naturel temps secours.,Informatique & Bureau,745.08,53,5
1477,Chaise de bureau Attitude,Mesure certainement cri surprendre que envelopper.,Informatique & Bureau,499.58,23,23
1478,Chaise de bureau Maître,Médecin dos montrer échapper corps banc non voix pierre couler auteur.,Informatique & Bureau,18.51,50,41
1479,Chaise de bureau Ici,Armée jour seuil taille saluer choix côte.,Informatique & Bureau,606.54,199,32
1480,Chaise de bureau Derrière,Heure verre ci forêt.,Informatique & Bureau,1740.14,89,5
1481,Chaise de bureau Un,Vêtir obéir digne tellement extraordinaire songer connaître.,Informatique & Bureau,1510.05,126,18
1482,Chaise de bureau Disparaître,Occasion verre heureux part figurer dernier.,Informatique & Bureau,1432.97,164,3
1483,Chaise de bureau Aimer,Autre séparer autorité rare valeur douceur long violence.,Informatique & Bureau,1137.95,161,22
1484,Chaise de bureau Prouver,Trop chercher médecin présenter vouloir obéir depuis rapide général.,Informatique & Bureau,1499.86,135,22
1485,Chaise de bureau Autre,Autrefois refuser remettre debout envie matin tel descendre propre casser vide.,Informatique & Bureau,1162.66,180,28
1486,Chaise de bureau Appel,Bas aussitôt détruire vouloir haine mouvement.,Informatique & Bureau,334.93,118,21
1487,Bureau Poitrine,Usage est que établir nouveau beaux ordre lors sur premier avec.,Informatique & Bureau,450.32,198,12
1488,Bureau Soirée,Mer terrain auteur derrière mort direction considérer folie reculer lèvre.,Informatique & Bureau,351.05,96,24
1489,Bureau Soi,Debout secret prêt vieillard lier heure sourire noir assister monter.,Informatique & Bureau,1286.6,154,11
1490,Bureau Race,Effet enlever sang pain rappeler fusil papier condamner bon jeunesse.,Informatique & Bureau,195.81,114,14
1491,Bureau Saison,Ne toi haut fort note ramasser vendre.,Informatique & Bureau,129.83,154,11
1492,Bureau Reconnaître,Cinq avec détacher or vendre vieil lien garde chose aucun.,Informatique & Bureau,448.55,193,10
1493,Bureau Expérience,Mourir autant tôt jambe champ quoi exposer chose exprimer.,Informatique & Bureau,1455.49,134,40
1494,Bureau Trésor,Amener apporter simplement guère moi expérience si rapide.,Informatique & Bureau,1269.96,20,3
1495,Bureau Verser,Grain pont sur personne vite billet bien finir.,Informatique & Bureau,638.7,30,25
1496,Bureau Lors,Matière posséder aider fumer plaire.,Informatique & Bureau,378.8,148,21
1497,Bureau Supposer,Savoir nombre émotion force passé saint ferme réussir.,Informatique & Bureau,1410.13,6,34
1498,Bureau Mon,Coeur voici pain perdu toile air honte compagnie fleur acte.,Informatique & Bureau,661.53,128,50
1499,Bureau Signer,Votre lisser diriger vieux créer fermer solitude résistance recherche.,Informatique & Bureau,658.49,92,28
1500,Bureau Exécuter,Spectacle arracher long expliquer sens marche.,Informatique & Bureau,1717.11,76,3
